,ds,trend,yhat_lower,yhat_upper,trend_lower,trend_upper,All Saints' Day,All Saints' Day_lower,All Saints' Day_upper,Assumption Day,Assumption Day_lower,Assumption Day_upper,Christmas Day,Christmas Day_lower,Christmas Day_upper,Constitution Day,Constitution Day_lower,Constitution Day_upper,Epiphany,Epiphany_lower,Epiphany_upper,Good Friday,Good Friday_lower,Good Friday_upper,Immaculate Conception,Immaculate Conception_lower,Immaculate Conception_upper,Labor Day,Labor Day_lower,Labor Day_upper,National Day,National Day_lower,National Day_upper,New Year's Day,New Year's Day_lower,New Year's Day_upper,additive_terms,additive_terms_lower,additive_terms_upper,daily,daily_lower,daily_upper,day_of_week,day_of_week_lower,day_of_week_upper,extra_regressors_additive,extra_regressors_additive_lower,extra_regressors_additive_upper,fossil_fuels,fossil_fuels_lower,fossil_fuels_upper,holidays,holidays_lower,holidays_upper,hour_of_day,hour_of_day_lower,hour_of_day_upper,other_green_energy,other_green_energy_lower,other_green_energy_upper,solarpower,solarpower_lower,solarpower_upper,total_load_actual,total_load_actual_lower,total_load_actual_upper,weekly,weekly_lower,weekly_upper,windpower,windpower_lower,windpower_upper,yearly,yearly_lower,yearly_upper,multiplicative_terms,multiplicative_terms_lower,multiplicative_terms_upper,yhat
0,2018-03-14 18:00:00,56.736808120683676,44.11689061883357,64.25730166249933,56.736808120683676,56.736808120683676,0.0,0.0,0.0,0.0,0.0,0.0,0.0,0.0,0.0,0.0,0.0,0.0,0.0,0.0,0.0,0.0,0.0,0.0,0.0,0.0,0.0,0.0,0.0,0.0,0.0,0.0,0.0,0.0,0.0,0.0,-1.9240096925275283,-1.9240096925275283,-1.9240096925275283,6.165822943967651,6.165822943967651,6.165822943967651,-1.321241119323362,-1.321241119323362,-1.321241119323362,-3.4687439449209285,-3.4687439449209285,-3.4687439449209285,-2.150561889927539,-2.150561889927539,-2.150561889927539,0.0,0.0,0.0,0.6324840314203685,0.6324840314203685,0.6324840314203685,2.366953806978813,2.366953806978813,2.366953806978813,0.6842638197572206,0.6842638197572206,0.6842638197572206,0.8835789393869296,0.8835789393869296,0.8835789393869296,2.7921013715033984,2.7921013715033984,2.7921013715033984,-4.5642215332133595,-4.5642215332133595,-4.5642215332133595,-7.413190063077649,-7.413190063077649,-7.413190063077649,0.0,0.0,0.0,54.81279842815615
1,2018-03-14 19:00:00,56.73642668407429,46.98528120300994,65.682762670957,56.73642668407429,56.73642668407429,0.0,0.0,0.0,0.0,0.0,0.0,0.0,0.0,0.0,0.0,0.0,0.0,0.0,0.0,0.0,0.0,0.0,0.0,0.0,0.0,0.0,0.0,0.0,0.0,0.0,0.0,0.0,0.0,0.0,0.0,-0.7161309779739008,-0.7161309779739008,-0.7161309779739008,6.406183134006282,6.406183134006282,6.406183134006282,-1.321241119323362,-1.321241119323362,-1.321241119323362,-2.504405782161121,-2.504405782161121,-2.504405782161121,-2.1307039782139006,-2.1307039782139006,-2.1307039782139006,0.0,0.0,0.0,0.7378729896692888,0.7378729896692888,0.7378729896692888,2.540646484964716,2.540646484964716,2.540646484964716,0.6862128695646372,0.6862128695646372,0.6862128695646372,1.0476613741973266,1.0476613741973266,1.0476613741973266,2.7958622996693347,2.7958622996693347,2.7958622996693347,-4.064854403019827,-4.064854403019827,-4.064854403019827,-7.413770629488396,-7.413770629488396,-7.413770629488396,0.0,0.0,0.0,56.020295706100384
2,2018-03-14 20:00:00,56.7360452474649,43.68464277655409,62.899540546111105,56.7360452474649,56.7360452474649,0.0,0.0,0.0,0.0,0.0,0.0,0.0,0.0,0.0,0.0,0.0,0.0,0.0,0.0,0.0,0.0,0.0,0.0,0.0,0.0,0.0,0.0,0.0,0.0,0.0,0.0,0.0,0.0,0.0,0.0,-3.406055358613851,-3.406055358613851,-3.406055358613851,4.461464035244289,4.461464035244289,4.461464035244289,-1.321241119323362,-1.321241119323362,-1.321241119323362,-3.2498647878206817,-3.2498647878206817,-3.2498647878206817,-2.6920925093616135,-2.6920925093616135,-2.6920925093616135,0.0,0.0,0.0,0.8432619479182093,0.8432619479182093,0.8432619479182093,2.2325307779288535,2.2325307779288535,2.2325307779288535,0.6910854940831788,0.6910854940831788,0.6910854940831788,0.8864842776086989,0.8864842776086989,0.8864842776086989,2.7966964552805336,2.7966964552805336,2.7966964552805336,-3.889893656674647,-3.889893656674647,-3.889893656674647,-7.414351061317992,-7.414351061317992,-7.414351061317992,0.0,0.0,0.0,53.32998988885105
3,2018-03-14 21:00:00,56.7356638108555,39.349424155911045,58.992382696666226,56.7356638108555,56.7356638108555,0.0,0.0,0.0,0.0,0.0,0.0,0.0,0.0,0.0,0.0,0.0,0.0,0.0,0.0,0.0,0.0,0.0,0.0,0.0,0.0,0.0,0.0,0.0,0.0,0.0,0.0,0.0,0.0,0.0,0.0,-7.49279682395949,-7.49279682395949,-7.49279682395949,1.2926181628328977,1.2926181628328977,1.2926181628328977,-1.321241119323362,-1.321241119323362,-1.321241119323362,-4.164584159953087,-4.164584159953087,-4.164584159953087,-2.8869147242818998,-2.8869147242818998,-2.8869147242818998,0.0,0.0,0.0,0.9486509061671295,0.9486509061671295,0.9486509061671295,1.848393058209306,1.848393058209306,1.848393058209306,0.6910854940831788,0.6910854940831788,0.6910854940831788,0.5078218627047721,0.5078218627047721,0.5078218627047721,2.7941006545246747,2.7941006545246747,2.7941006545246747,-3.952379637512211,-3.952379637512211,-3.952379637512211,-7.414931481363976,-7.414931481363976,-7.414931481363976,0.0,0.0,0.0,49.24286698689601
4,2018-03-14 22:00:00,56.735282374246104,35.69586813266794,55.51212353994215,56.735282374246104,56.735282374246104,0.0,0.0,0.0,0.0,0.0,0.0,0.0,0.0,0.0,0.0,0.0,0.0,0.0,0.0,0.0,0.0,0.0,0.0,0.0,0.0,0.0,0.0,0.0,0.0,0.0,0.0,0.0,0.0,0.0,0.0,-11.359515577546311,-11.359515577546311,-11.359515577546311,-1.7998791859217156,-1.7998791859217156,-1.7998791859217156,-1.321241119323362,-1.321241119323362,-1.321241119323362,-4.931778950348246,-4.931778950348246,-4.931778950348246,-3.1295032673782344,-3.1295032673782344,-3.1295032673782344,0.0,0.0,0.0,1.0540398644160502,1.0540398644160502,1.0540398644160502,1.77136413145034,1.77136413145034,1.77136413145034,0.6910854940831788,0.6910854940831788,0.6910854940831788,0.1204434331355376,0.1204434331355376,0.1204434331355376,2.78765457106261,2.78765457106261,2.78765457106261,-4.117967486731756,-4.117967486731756,-4.117967486731756,-7.415512012338961,-7.415512012338961,-7.415512012338961,0.0,0.0,0.0,45.37576679669979
5,2018-03-14 23:00:00,56.734900937636716,31.38181466807845,52.62859225607398,56.734900937636716,56.734900937636716,0.0,0.0,0.0,0.0,0.0,0.0,0.0,0.0,0.0,0.0,0.0,0.0,0.0,0.0,0.0,0.0,0.0,0.0,0.0,0.0,0.0,0.0,0.0,0.0,0.0,0.0,0.0,0.0,0.0,0.0,-14.600586920850992,-14.600586920850992,-14.600586920850992,-4.112334938832648,-4.112334938832648,-4.112334938832648,-1.321241119323362,-1.321241119323362,-1.321241119323362,-5.849184973169435,-5.849184973169435,-5.849184973169435,-3.388729520288698,-3.388729520288698,-3.388729520288698,0.0,0.0,0.0,1.1594288226649705,1.1594288226649705,1.1594288226649705,1.2855280901274526,1.2855280901274526,1.2855280901274526,0.6910854940831788,0.6910854940831788,0.6910854940831788,-0.1583306867151794,-0.1583306867151794,-0.1583306867151794,2.7770257680128663,2.7770257680128663,2.7770257680128663,-4.116926053717797,-4.116926053717797,-4.116926053717797,-7.416092776861776,-7.416092776861776,-7.416092776861776,0.0,0.0,0.0,42.13431401678572
6,2018-03-15 00:00:00,56.73451950102732,29.293204123711956,49.683639061384795,56.73451950102732,56.73451950102732,0.0,0.0,0.0,0.0,0.0,0.0,0.0,0.0,0.0,0.0,0.0,0.0,0.0,0.0,0.0,0.0,0.0,0.0,0.0,0.0,0.0,0.0,0.0,0.0,0.0,0.0,0.0,0.0,0.0,0.0,-17.241302525683444,-17.241302525683444,-17.241302525683444,-5.749982239952099,-5.749982239952099,-5.749982239952099,-0.44057068309725167,-0.44057068309725167,-0.44057068309725167,-6.8366194922749015,-6.8366194922749015,-6.8366194922749015,-3.5062668896207727,-3.5062668896207727,-3.5062668896207727,0.0,0.0,0.0,0.00015028192684601893,0.00015028192684601893,0.00015028192684601893,1.119387267706154,1.119387267706154,1.119387267706154,0.688649181823908,0.688649181823908,0.688649181823908,-0.4055611344438301,-0.4055611344438301,-0.4055611344438301,2.761973104000578,2.761973104000578,2.761973104000578,-4.292407516569955,-4.292407516569955,-4.292407516569955,-7.41667389745702,-7.41667389745702,-7.41667389745702,0.0,0.0,0.0,39.49321697534388
7,2018-03-15 01:00:00,56.734138064417934,26.764054384535566,47.9589796293987,56.734138064417934,56.734138064417934,0.0,0.0,0.0,0.0,0.0,0.0,0.0,0.0,0.0,0.0,0.0,0.0,0.0,0.0,0.0,0.0,0.0,0.0,0.0,0.0,0.0,0.0,0.0,0.0,0.0,0.0,0.0,0.0,0.0,0.0,-19.217999776113103,-19.217999776113103,-19.217999776113103,-7.055321901614576,-7.055321901614576,-7.055321901614576,-0.44057068309725167,-0.44057068309725167,-0.44057068309725167,-7.487770857100408,-7.487770857100408,-7.487770857100408,-3.4134177348515995,-3.4134177348515995,-3.4134177348515995,0.0,0.0,0.0,-1.1591282588112786,-1.1591282588112786,-1.1591282588112786,1.2286374448740986,1.2286374448740986,1.2286374448740986,0.6789039327868249,0.6789039327868249,0.6789039327868249,-0.5407285364756665,-0.5407285364756665,-0.5407285364756665,2.7423484791443724,2.7423484791443724,2.7423484791443724,-3.841467021525535,-3.841467021525535,-3.841467021525535,-7.41725549654249,-7.41725549654249,-7.41725549654249,0.0,0.0,0.0,37.51613828830483
8,2018-03-15 02:00:00,56.733756627808546,27.436821899673095,47.068207926773916,56.733756627808546,56.733756627808546,0.0,0.0,0.0,0.0,0.0,0.0,0.0,0.0,0.0,0.0,0.0,0.0,0.0,0.0,0.0,0.0,0.0,0.0,0.0,0.0,0.0,0.0,0.0,0.0,0.0,0.0,0.0,0.0,0.0,0.0,-19.51291993136874,-19.51291993136874,-19.51291993136874,-7.936538106478166,-7.936538106478166,-7.936538106478166,-0.44057068309725167,-0.44057068309725167,-0.44057068309725167,-6.876641039370011,-6.876641039370011,-6.876641039370011,-3.4558170598617997,-3.4558170598617997,-3.4558170598617997,0.0,0.0,0.0,-1.053739300562358,-1.053739300562358,-1.053739300562358,1.3786676420909076,1.3786676420909076,1.3786676420909076,0.6779294078831166,0.6779294078831166,0.6779294078831166,-0.5899809368066121,-0.5899809368066121,-0.5899809368066121,2.7180969109050785,2.7180969109050785,2.7180969109050785,-3.3931301090160138,-3.3931301090160138,-3.3931301090160138,-7.4178376964256385,-7.4178376964256385,-7.4178376964256385,0.0,0.0,0.0,37.220836696439804
9,2018-03-15 03:00:00,56.73337519119915,27.444230043834107,46.946424060409754,56.73337519119915,56.73337519119915,0.0,0.0,0.0,0.0,0.0,0.0,0.0,0.0,0.0,0.0,0.0,0.0,0.0,0.0,0.0,0.0,0.0,0.0,0.0,0.0,0.0,0.0,0.0,0.0,0.0,0.0,0.0,0.0,0.0,0.0,-19.663213717258852,-19.663213717258852,-19.663213717258852,-7.810540879037126,-7.810540879037126,-7.810540879037126,-0.44057068309725167,-0.44057068309725167,-0.44057068309725167,-7.123507172913821,-7.123507172913821,-7.123507172913821,-3.510560492153451,-3.510560492153451,-3.510560492153451,0.0,0.0,0.0,-0.9483503423134377,-0.9483503423134377,-0.9483503423134377,1.2507895545302719,1.2507895545302719,1.2507895545302719,0.6798784576905332,0.6798784576905332,0.6798784576905332,-0.5834785131674143,-0.5834785131674143,-0.5834785131674143,2.689254953986333,2.689254953986333,2.689254953986333,-3.5712151544030712,-3.5712151544030712,-3.5712151544030712,-7.418420619294237,-7.418420619294237,-7.418420619294237,0.0,0.0,0.0,37.0701614739403
10,2018-03-15 04:00:00,56.73299375458976,28.495022100001343,48.69468021943837,56.73299375458976,56.73299375458976,0.0,0.0,0.0,0.0,0.0,0.0,0.0,0.0,0.0,0.0,0.0,0.0,0.0,0.0,0.0,0.0,0.0,0.0,0.0,0.0,0.0,0.0,0.0,0.0,0.0,0.0,0.0,0.0,0.0,0.0,-18.11782648725446,-18.11782648725446,-18.11782648725446,-6.201318003073146,-6.201318003073146,-6.201318003073146,-0.44057068309725167,-0.44057068309725167,-0.44057068309725167,-7.153451599367448,-7.153451599367448,-7.153451599367448,-3.469771268093005,-3.469771268093005,-3.469771268093005,0.0,0.0,0.0,-0.8429613840645173,-0.8429613840645173,-0.8429613840645173,1.2145406478201703,1.2145406478201703,1.2145406478201703,0.6910854940831788,0.6910854940831788,0.6910854940831788,-0.5163790351884575,-0.5163790351884575,-0.5163790351884575,2.6559475024004824,2.6559475024004824,2.6559475024004824,-3.789395370827565,-3.789395370827565,-3.789395370827565,-7.419004387214353,-7.419004387214353,-7.419004387214353,0.0,0.0,0.0,38.615167267335295
11,2018-03-15 05:00:00,56.73261231798037,32.159908585422684,52.149362556556795,56.73261231798037,56.73261231798037,0.0,0.0,0.0,0.0,0.0,0.0,0.0,0.0,0.0,0.0,0.0,0.0,0.0,0.0,0.0,0.0,0.0,0.0,0.0,0.0,0.0,0.0,0.0,0.0,0.0,0.0,0.0,0.0,0.0,0.0,-14.533899421292706,-14.533899421292706,-14.533899421292706,-3.3537567921672924,-3.3537567921672924,-3.3537567921672924,-0.44057068309725167,-0.44057068309725167,-0.44057068309725167,-6.378936542194841,-6.378936542194841,-6.378936542194841,-3.294270264569772,-3.294270264569772,-3.294270264569772,0.0,0.0,0.0,-0.7375724258155969,-0.7375724258155969,-0.7375724258155969,1.4577103970004344,1.4577103970004344,1.4577103970004344,0.691572756535033,0.691572756535033,0.691572756535033,-0.15445690241948704,-0.15445690241948704,-0.15445690241948704,2.6183830351872146,2.6183830351872146,2.6183830351872146,-3.901349419828201,-3.901349419828201,-3.901349419828201,-7.419589122117784,-7.419589122117784,-7.419589122117784,0.0,0.0,0.0,42.19871289668767
12,2018-03-15 06:00:00,56.732230881370974,37.40290281396578,56.5814844838227,56.732230881370974,56.732230881370974,0.0,0.0,0.0,0.0,0.0,0.0,0.0,0.0,0.0,0.0,0.0,0.0,0.0,0.0,0.0,0.0,0.0,0.0,0.0,0.0,0.0,0.0,0.0,0.0,0.0,0.0,0.0,0.0,0.0,0.0,-10.0118266256361,-10.0118266256361,-10.0118266256361,-0.21418784012596193,-0.21418784012596193,-0.21418784012596193,-0.44057068309725167,-0.44057068309725167,-0.44057068309725167,-4.954311229298093,-4.954311229298093,-4.954311229298093,-2.927167248025761,-2.927167248025761,-2.927167248025761,0.0,0.0,0.0,-0.6321834675666764,-0.6321834675666764,-0.6321834675666764,1.816675264837967,1.816675264837967,1.816675264837967,0.6818275074979497,0.6818275074979497,0.6818275074979497,0.32921273678552865,0.32921273678552865,0.32921273678552865,2.576847389589068,2.576847389589068,2.576847389589068,-3.782105339729849,-3.782105339729849,-3.782105339729849,-7.420174945801113,-7.420174945801113,-7.420174945801113,0.0,0.0,0.0,46.72040425573488
13,2018-03-15 07:00:00,56.73184944476158,40.81026684233262,60.33021547102497,56.73184944476158,56.73184944476158,0.0,0.0,0.0,0.0,0.0,0.0,0.0,0.0,0.0,0.0,0.0,0.0,0.0,0.0,0.0,0.0,0.0,0.0,0.0,0.0,0.0,0.0,0.0,0.0,0.0,0.0,0.0,0.0,0.0,0.0,-5.8582763266547895,-5.8582763266547895,-5.8582763266547895,2.222268817010626,2.222268817010626,2.222268817010626,-0.44057068309725167,-0.44057068309725167,-0.44057068309725167,-3.1914793307349454,-3.1914793307349454,-3.1914793307349454,-2.7055100172762336,-2.7055100172762336,-2.7055100172762336,0.0,0.0,0.0,-0.526794509317756,-0.526794509317756,-0.526794509317756,2.6634900021489485,2.6634900021489485,2.6634900021489485,0.5410086589120986,0.5410086589120986,0.5410086589120986,0.6820038065717957,0.6820038065717957,0.6820038065717957,2.531696166983075,2.531696166983075,2.531696166983075,-3.4051065886765466,-3.4051065886765466,-3.4051065886765466,-7.4207619799135465,-7.4207619799135465,-7.4207619799135465,0.0,0.0,0.0,50.87357311810679
14,2018-03-15 08:00:00,56.73146800815219,43.24914481204154,64.24514340214822,56.73146800815219,56.73146800815219,0.0,0.0,0.0,0.0,0.0,0.0,0.0,0.0,0.0,0.0,0.0,0.0,0.0,0.0,0.0,0.0,0.0,0.0,0.0,0.0,0.0,0.0,0.0,0.0,0.0,0.0,0.0,0.0,0.0,0.0,-3.389761589704378,-3.389761589704378,-3.389761589704378,3.5647703877170636,3.5647703877170636,3.5647703877170636,-0.44057068309725167,-0.44057068309725167,-0.44057068309725167,-2.0165275278534858,-2.0165275278534858,-2.0165275278534858,-2.5278622124866614,-2.5278622124866614,-2.5278622124866614,0.0,0.0,0.0,-0.4214055510688356,-0.4214055510688356,-0.4214055510688356,3.250017450999896,3.250017450999896,3.250017450999896,0.20918292919941797,0.20918292919941797,0.20918292919941797,0.8911881585391824,0.8911881585391824,0.8911881585391824,2.483345896385565,2.483345896385565,2.483345896385565,-2.9770776199392333,-2.9770776199392333,-2.9770776199392333,-7.42135034595352,-7.42135034595352,-7.42135034595352,0.0,0.0,0.0,53.341706418447814
15,2018-03-15 09:00:00,56.731086571542804,42.96853781469723,64.15557681589776,56.731086571542804,56.731086571542804,0.0,0.0,0.0,0.0,0.0,0.0,0.0,0.0,0.0,0.0,0.0,0.0,0.0,0.0,0.0,0.0,0.0,0.0,0.0,0.0,0.0,0.0,0.0,0.0,0.0,0.0,0.0,0.0,0.0,0.0,-2.925406759761766,-2.925406759761766,-2.925406759761766,4.072054893229488,4.072054893229488,4.072054893229488,-0.44057068309725167,-0.44057068309725167,-0.44057068309725167,-2.007785586180368,-2.007785586180368,-2.007785586180368,-2.4285726539184713,-2.4285726539184713,-2.4285726539184713,0.0,0.0,0.0,-0.31601659281991523,-0.31601659281991523,-0.31601659281991523,3.267134990279666,3.267134990279666,3.267134990279666,-0.09535610320942993,-0.09535610320942993,-0.09535610320942993,0.9634065657660182,0.9634065657660182,0.9634065657660182,2.4322640984510815,2.4322640984510815,2.4322640984510815,-2.957811109180984,-2.957811109180984,-2.957811109180984,-7.421940165261968,-7.421940165261968,-7.421940165261968,0.0,0.0,0.0,53.80567981178104
16,2018-03-15 10:00:00,56.73070513493341,43.128653988237524,62.21315496370565,56.73070513493341,56.73070513493341,0.0,0.0,0.0,0.0,0.0,0.0,0.0,0.0,0.0,0.0,0.0,0.0,0.0,0.0,0.0,0.0,0.0,0.0,0.0,0.0,0.0,0.0,0.0,0.0,0.0,0.0,0.0,0.0,0.0,0.0,-3.959065422366535,-3.959065422366535,-3.959065422366535,4.123857898474943,4.123857898474943,4.123857898474943,-0.44057068309725167,-0.44057068309725167,-0.44057068309725167,-3.039350170932733,-3.039350170932733,-3.039350170932733,-2.2960076757220227,-2.2960076757220227,-2.2960076757220227,0.0,0.0,0.0,-0.21062763457099484,-0.21062763457099484,-0.21062763457099484,2.618178868761322,2.618178868761322,2.618178868761322,-0.3355764919735291,-0.3355764919735291,-0.3355764919735291,0.9663119039877874,0.9663119039877874,0.9663119039877874,2.378958409105594,2.378958409105594,2.378958409105594,-3.341058458318044,-3.341058458318044,-3.341058458318044,-7.422531559014339,-7.422531559014339,-7.422531559014339,0.0,0.0,0.0,52.77163971256687
17,2018-03-15 11:00:00,56.730323698324014,41.54635006577173,61.621206348507286,56.730323698324014,56.730323698324014,0.0,0.0,0.0,0.0,0.0,0.0,0.0,0.0,0.0,0.0,0.0,0.0,0.0,0.0,0.0,0.0,0.0,0.0,0.0,0.0,0.0,0.0,0.0,0.0,0.0,0.0,0.0,0.0,0.0,0.0,-5.245410217382631,-5.245410217382631,-5.245410217382631,3.739958731939188,3.739958731939188,3.739958731939188,-0.44057068309725167,-0.44057068309725167,-0.44057068309725167,-3.8862092364847975,-3.8862092364847975,-3.8862092364847975,-2.395297234290213,-2.395297234290213,-2.395297234290213,0.0,0.0,0.0,-0.1052386763220744,-0.1052386763220744,-0.1052386763220744,2.1922542149176296,2.1922542149176296,2.1922542149176296,-0.5192744363225462,-0.5192744363225462,-0.5192744363225462,0.9062682474045561,0.9062682474045561,0.9062682474045561,2.32396493537701,2.32396493537701,2.32396493537701,-3.524350668774898,-3.524350668774898,-3.524350668774898,-7.4231246482140305,-7.4231246482140305,-7.4231246482140305,0.0,0.0,0.0,51.48491348094139
18,2018-03-15 12:00:00,56.729942261714626,39.9886888015117,60.90424688468826,56.729942261714626,56.729942261714626,0.0,0.0,0.0,0.0,0.0,0.0,0.0,0.0,0.0,0.0,0.0,0.0,0.0,0.0,0.0,0.0,0.0,0.0,0.0,0.0,0.0,0.0,0.0,0.0,0.0,0.0,0.0,0.0,0.0,0.0,-6.170832197167581,-6.170832197167581,-6.170832197167581,2.689749823984895,2.689749823984895,2.689749823984895,-0.44057068309725167,-0.44057068309725167,-0.44057068309725167,-3.7046984953951814,-3.7046984953951814,-3.7046984953951814,-2.525178710903737,-2.525178710903737,-2.525178710903737,0.0,0.0,0.0,0.00015028192684601893,0.00015028192684601893,0.00015028192684601893,2.256193258697947,2.256193258697947,2.256193258697947,-0.581156767708024,-0.581156767708024,-0.581156767708024,0.8592294380997205,0.8592294380997205,0.8592294380997205,2.2678360279280416,2.2678360279280416,2.2678360279280416,-3.2733653124106827,-3.2733653124106827,-3.2733653124106827,-7.423719553685335,-7.423719553685335,-7.423719553685335,0.0,0.0,0.0,50.55911006454704
19,2018-03-15 13:00:00,56.72956082510523,38.561731977321855,58.775642332142574,56.72956082510523,56.72956082510523,0.0,0.0,0.0,0.0,0.0,0.0,0.0,0.0,0.0,0.0,0.0,0.0,0.0,0.0,0.0,0.0,0.0,0.0,0.0,0.0,0.0,0.0,0.0,0.0,0.0,0.0,0.0,0.0,0.0,0.0,-8.190013469837082,-8.190013469837082,-8.190013469837082,1.068893244719007,1.068893244719007,1.068893244719007,-0.44057068309725167,-0.44057068309725167,-0.44057068309725167,-4.045717981750934,-4.045717981750934,-4.045717981750934,-2.7468359416532637,-2.7468359416532637,-2.7468359416532637,0.0,0.0,0.0,0.10553924017576644,0.10553924017576644,0.10553924017576644,2.005975110990719,2.005975110990719,2.005975110990719,-0.6854309324048136,-0.6854309324048136,-0.6854309324048136,0.6666470188281582,0.6666470188281582,0.6666470188281582,2.2111276632622046,2.2111276632622046,2.2111276632622046,-2.9510417945902483,-2.9510417945902483,-2.9510417945902483,-7.424316396067358,-7.424316396067358,-7.424316396067358,0.0,0.0,0.0,48.53954735526815
20,2018-03-15 14:00:00,56.72917938849584,36.58575237001676,57.920635174869865,56.72917938849584,56.72917938849584,0.0,0.0,0.0,0.0,0.0,0.0,0.0,0.0,0.0,0.0,0.0,0.0,0.0,0.0,0.0,0.0,0.0,0.0,0.0,0.0,0.0,0.0,0.0,0.0,0.0,0.0,0.0,0.0,0.0,0.0,-9.634301224432626,-9.634301224432626,-9.634301224432626,-0.33907571004880455,-0.33907571004880455,-0.33907571004880455,-0.44057068309725167,-0.44057068309725167,-0.44057068309725167,-4.024696853742386,-4.024696853742386,-4.024696853742386,-2.7119504210752514,-2.7119504210752514,-2.7119504210752514,0.0,0.0,0.0,0.21092819842468682,0.21092819842468682,0.21092819842468682,2.023092650270489,2.023092650270489,2.023092650270489,-0.752185888308833,-0.752185888308833,-0.752185888308833,0.5569359135965857,0.5569359135965857,0.5569359135965857,2.1543866351649714,2.1543866351649714,2.1543866351649714,-2.910946623552811,-2.910946623552811,-2.910946623552811,-7.424915295806406,-7.424915295806406,-7.424915295806406,0.0,0.0,0.0,47.09487816406321
21,2018-03-15 15:00:00,56.72879795188645,36.75277016964963,56.780756405585265,56.72879795188645,56.72879795188645,0.0,0.0,0.0,0.0,0.0,0.0,0.0,0.0,0.0,0.0,0.0,0.0,0.0,0.0,0.0,0.0,0.0,0.0,0.0,0.0,0.0,0.0,0.0,0.0,0.0,0.0,0.0,0.0,0.0,0.0,-9.46706347477518,-9.46706347477518,-9.46706347477518,-0.4455348649918566,-0.4455348649918566,-0.4455348649918566,-0.44057068309725167,-0.44057068309725167,-0.44057068309725167,-3.6941499947966965,-3.6941499947966965,-3.6941499947966965,-2.7640103517839782,-2.7640103517839782,-2.7640103517839782,0.0,0.0,0.0,0.3163171566736072,0.3163171566736072,0.3163171566736072,2.029134134722173,2.029134134722173,2.029134134722173,-0.4237709957591314,-0.4237709957591314,-0.4237709957591314,0.4892830378611016,0.4892830378611016,0.4892830378611016,2.0981377581650063,2.0981377581650063,2.0981377581650063,-2.9005322934132174,-2.9005322934132174,-2.9005322934132174,-7.425516373151632,-7.425516373151632,-7.425516373151632,0.0,0.0,0.0,47.26173447711127
22,2018-03-15 16:00:00,56.72841651527706,39.738686850133575,59.56586494930195,56.72841651527706,56.72841651527706,0.0,0.0,0.0,0.0,0.0,0.0,0.0,0.0,0.0,0.0,0.0,0.0,0.0,0.0,0.0,0.0,0.0,0.0,0.0,0.0,0.0,0.0,0.0,0.0,0.0,0.0,0.0,0.0,0.0,0.0,-6.715648519152208,-6.715648519152208,-6.715648519152208,1.235315996317088,1.235315996317088,1.235315996317088,-0.44057068309725167,-0.44057068309725167,-0.44057068309725167,-2.5677160541188426,-2.5677160541188426,-2.5677160541188426,-2.5557706289490714,-2.5557706289490714,-2.5557706289490714,0.0,0.0,0.0,0.4217061149225277,0.4217061149225277,0.4217061149225277,2.280359196504682,2.280359196504682,2.280359196504682,-0.13092626219478337,-0.13092626219478337,-0.13092626219478337,0.47683158833923334,0.47683158833923334,0.47683158833923334,2.042871286792103,2.042871286792103,2.042871286792103,-2.6193453796441792,-2.6193453796441792,-2.6193453796441792,-7.426119748142555,-7.426119748142555,-7.426119748142555,0.0,0.0,0.0,50.01276799612485
23,2018-03-15 17:00:00,56.728035078667666,44.20234777705031,63.72601156977185,56.728035078667666,56.728035078667666,0.0,0.0,0.0,0.0,0.0,0.0,0.0,0.0,0.0,0.0,0.0,0.0,0.0,0.0,0.0,0.0,0.0,0.0,0.0,0.0,0.0,0.0,0.0,0.0,0.0,0.0,0.0,0.0,0.0,0.0,-2.6058598898303607,-2.6058598898303607,-2.6058598898303607,3.9755123927939087,3.9755123927939087,3.9755123927939087,-0.44057068309725167,-0.44057068309725167,-0.44057068309725167,-1.1436774939539256,-1.1436774939539256,-1.1436774939539256,-2.0947450570027186,-2.0947450570027186,-2.0947450570027186,0.0,0.0,0.0,0.5270950731714481,0.5270950731714481,0.5270950731714481,2.451534589302383,2.451534589302383,2.451534589302383,0.2793487222664165,0.2793487222664165,0.2793487222664165,0.47129761077395854,0.47129761077395854,0.47129761077395854,1.989030751939278,1.989030751939278,1.989030751939278,-2.3376377493681617,-2.3376377493681617,-2.3376377493681617,-7.426725540609622,-7.426725540609622,-7.426725540609622,0.0,0.0,0.0,54.1221751888373
24,2018-03-15 18:00:00,56.73813942689285,48.307494587077116,68.26641086042687,56.73813942689285,56.73813942689285,0.0,0.0,0.0,0.0,0.0,0.0,0.0,0.0,0.0,0.0,0.0,0.0,0.0,0.0,0.0,0.0,0.0,0.0,0.0,0.0,0.0,0.0,0.0,0.0,0.0,0.0,0.0,0.0,0.0,0.0,2.058496783392153,2.058496783392153,2.058496783392153,6.191870511994697,6.191870511994697,6.191870511994697,-0.5041137517663086,-0.5041137517663086,-0.5041137517663086,1.355497356719896,1.355497356719896,1.355497356719896,-1.5982508538331317,-1.5982508538331317,-1.5982508538331317,0.0,0.0,0.0,0.6671134896711101,0.6671134896711101,0.6671134896711101,3.317756769679443,3.317756769679443,3.317756769679443,0.5726693360061471,0.5726693360061471,0.5726693360061471,0.7865268248466561,0.7865268248466561,0.7865268248466561,1.9621525183804918,1.9621525183804918,1.9621525183804918,-1.88620445788402,-1.88620445788402,-1.88620445788402,-7.451023603702931,-7.451023603702931,-7.451023603702931,0.0,0.0,0.0,58.796636210285
25,2018-03-15 19:00:00,56.7377827069296,49.97862996022572,69.43148395633423,56.7377827069296,56.7377827069296,0.0,0.0,0.0,0.0,0.0,0.0,0.0,0.0,0.0,0.0,0.0,0.0,0.0,0.0,0.0,0.0,0.0,0.0,0.0,0.0,0.0,0.0,0.0,0.0,0.0,0.0,0.0,0.0,0.0,0.0,2.8297398794037427,2.8297398794037427,2.8297398794037427,6.44237414335071,6.44237414335071,6.44237414335071,-0.5041137517663086,-0.5041137517663086,-0.5041137517663086,1.931968380629734,1.931968380629734,1.931968380629734,-1.5977093516876566,-1.5977093516876566,-1.5977093516876566,0.0,0.0,0.0,0.7782726755130973,0.7782726755130973,0.7782726755130973,3.5621995509011097,3.5621995509011097,3.5621995509011097,0.6421800422096856,0.6421800422096856,0.6421800422096856,1.024660860884817,1.024660860884817,1.024660860884817,1.9070314131653543,1.9070314131653543,1.9070314131653543,-1.97352164542501,-1.97352164542501,-1.97352164542501,-7.451634057742055,-7.451634057742055,-7.451634057742055,0.0,0.0,0.0,59.56752258633334
26,2018-03-15 20:00:00,56.73742598696635,45.991755424283944,66.40827589250398,56.73742598696635,56.73742598696635,0.0,0.0,0.0,0.0,0.0,0.0,0.0,0.0,0.0,0.0,0.0,0.0,0.0,0.0,0.0,0.0,0.0,0.0,0.0,0.0,0.0,0.0,0.0,0.0,0.0,0.0,0.0,0.0,0.0,0.0,-0.6728236674682292,-0.6728236674682292,-0.6728236674682292,4.489132510348113,4.489132510348113,4.489132510348113,-0.5041137517663086,-0.5041137517663086,-0.5041137517663086,0.43620255503891914,0.43620255503891914,0.43620255503891914,-2.286500080732373,-2.286500080732373,-2.286500080732373,0.0,0.0,0.0,0.8894318613550845,0.8894318613550845,0.8894318613550845,2.7558193415836576,2.7558193415836576,2.7558193415836576,0.6740787909469258,0.6740787909469258,0.6740787909469258,0.8935566169271448,0.8935566169271448,0.8935566169271448,1.854086604025317,1.854086604025317,1.854086604025317,-1.986070223275212,-1.986070223275212,-1.986070223275212,-7.452245336880579,-7.452245336880579,-7.452245336880579,0.0,0.0,0.0,56.06460231949812
27,2018-03-15 21:00:00,56.73706926700309,41.965158942095776,61.461962639754546,56.73706926700309,56.73706926700309,0.0,0.0,0.0,0.0,0.0,0.0,0.0,0.0,0.0,0.0,0.0,0.0,0.0,0.0,0.0,0.0,0.0,0.0,0.0,0.0,0.0,0.0,0.0,0.0,0.0,0.0,0.0,0.0,0.0,0.0,-4.827056507171215,-4.827056507171215,-4.827056507171215,1.3000771005575764,1.3000771005575764,1.3000771005575764,-0.5041137517663086,-0.5041137517663086,-0.5041137517663086,-0.4777656915847202,-0.4777656915847202,-0.4777656915847202,-2.5789112392890927,-2.5789112392890927,-2.5789112392890927,0.0,0.0,0.0,1.0005910471970716,1.0005910471970716,1.0005910471970716,2.302054868396311,2.302054868396311,2.302054868396311,0.6740787909469258,0.6740787909469258,0.6740787909469258,0.5398362065147978,0.5398362065147978,0.5398362065147978,1.8034896457894936,1.8034896457894936,1.8034896457894936,-1.9113016135844247,-1.9113016135844247,-1.9113016135844247,-7.452857561933565,-7.452857561933565,-7.452857561933565,0.0,0.0,0.0,51.91001275983188
28,2018-03-15 22:00:00,56.73671254703984,37.992503096196344,57.54683169863041,56.73671254703984,56.73671254703984,0.0,0.0,0.0,0.0,0.0,0.0,0.0,0.0,0.0,0.0,0.0,0.0,0.0,0.0,0.0,0.0,0.0,0.0,0.0,0.0,0.0,0.0,0.0,0.0,0.0,0.0,0.0,0.0,0.0,0.0,-8.636010570096483,-8.636010570096483,-8.636010570096483,-1.8104572808884585,-1.8104572808884585,-1.8104572808884585,-0.5041137517663086,-0.5041137517663086,-0.5041137517663086,-1.1274028542760222,-1.1274028542760222,-1.1274028542760222,-2.647682011764469,-2.647682011764469,-2.647682011764469,0.0,0.0,0.0,1.1117502330390587,1.1117502330390587,1.1117502330390587,1.837051646647049,1.837051646647049,1.837051646647049,0.6745548916743473,0.6745548916743473,0.6745548916743473,0.09953478543571384,0.09953478543571384,0.09953478543571384,1.75532041860523,1.75532041860523,1.75532041860523,-1.6984986475414134,-1.6984986475414134,-1.6984986475414134,-7.453470853537231,-7.453470853537231,-7.453470853537231,0.0,0.0,0.0,48.10070197694336
29,2018-03-15 23:00:00,56.736355827076586,34.60268116025762,54.828936513071696,56.736355827076586,56.736355827076586,0.0,0.0,0.0,0.0,0.0,0.0,0.0,0.0,0.0,0.0,0.0,0.0,0.0,0.0,0.0,0.0,0.0,0.0,0.0,0.0,0.0,0.0,0.0,0.0,0.0,0.0,0.0,0.0,0.0,0.0,-11.633896228614537,-11.633896228614537,-11.633896228614537,-4.127922547663214,-4.127922547663214,-4.127922547663214,-0.5041137517663086,-0.5041137517663086,-0.5041137517663086,-1.761449084468301,-1.761449084468301,-1.761449084468301,-2.733780852895059,-2.733780852895059,-2.733780852895059,0.0,0.0,0.0,1.222909418881046,1.222909418881046,1.222909418881046,1.5373516849959634,1.5373516849959634,1.5373516849959634,0.6745548916743473,0.6745548916743473,0.6745548916743473,-0.17935178661141346,-0.17935178661141346,-0.17935178661141346,1.7095607356518656,1.7095607356518656,1.7095607356518656,-1.779018688746877,-1.779018688746877,-1.779018688746877,-7.4540853321348886,-7.4540853321348886,-7.4540853321348886,0.0,0.0,0.0,45.10245959846205
30,2018-03-16 00:00:00,56.735999107113344,32.707035911030495,52.73168521422293,56.735999107113344,56.735999107113344,0.0,0.0,0.0,0.0,0.0,0.0,0.0,0.0,0.0,0.0,0.0,0.0,0.0,0.0,0.0,0.0,0.0,0.0,0.0,0.0,0.0,0.0,0.0,0.0,0.0,0.0,0.0,0.0,0.0,0.0,-13.997014238734353,-13.997014238734353,-13.997014238734353,-5.7567274399643455,-5.7567274399643455,-5.7567274399643455,0.5048684668719684,0.5048684668719684,0.5048684668719684,-2.451675140677717,-2.451675140677717,-2.451675140677717,-2.869697891409386,-2.869697891409386,-2.869697891409386,0.0,0.0,0.0,0.000158374619187142,0.000158374619187142,0.000158374619187142,1.3444198346830771,1.3444198346830771,1.3444198346830771,0.6750309924017688,0.6750309924017688,0.6750309924017688,-0.4586734391141525,-0.4586734391141525,-0.4586734391141525,1.6660894598845648,1.6660894598845648,1.6660894598845648,-1.6477814787301799,-1.6477814787301799,-1.6477814787301799,-7.454701117976857,-7.454701117976857,-7.454701117976857,0.0,0.0,0.0,42.73898486837899
31,2018-03-16 01:00:00,56.73564238715009,29.43925002063841,50.364291576846014,56.73564238715009,56.73564238715009,0.0,0.0,0.0,0.0,0.0,0.0,0.0,0.0,0.0,0.0,0.0,0.0,0.0,0.0,0.0,0.0,0.0,0.0,0.0,0.0,0.0,0.0,0.0,0.0,0.0,0.0,0.0,0.0,0.0,0.0,-16.631465682969775,-16.631465682969775,-16.631465682969775,-7.047240396946631,-7.047240396946631,-7.047240396946631,0.5048684668719684,0.5048684668719684,0.5048684668719684,-3.753586186795757,-3.753586186795757,-3.753586186795757,-2.9438836853395167,-2.9438836853395167,-2.9438836853395167,0.0,0.0,0.0,-1.2225926696426717,-1.2225926696426717,-1.2225926696426717,1.2826067175925406,1.2826067175925406,1.2826067175925406,0.6745548916743473,0.6745548916743473,0.6745548916743473,-0.6408271231969355,-0.6408271231969355,-0.6408271231969355,1.6246792318792669,1.6246792318792669,1.6246792318792669,-1.4083127847554895,-1.4083127847554895,-1.4083127847554895,-7.455318331106655,-7.455318331106655,-7.455318331106655,0.0,0.0,0.0,40.10417670418031
32,2018-03-16 02:00:00,56.73528566718684,30.32759414192504,48.89485220416684,56.73528566718684,56.73528566718684,0.0,0.0,0.0,0.0,0.0,0.0,0.0,0.0,0.0,0.0,0.0,0.0,0.0,0.0,0.0,0.0,0.0,0.0,0.0,0.0,0.0,0.0,0.0,0.0,0.0,0.0,0.0,0.0,0.0,0.0,-17.185747927008343,-17.185747927008343,-17.185747927008343,-7.916496077867042,-7.916496077867042,-7.916496077867042,0.5048684668719684,0.5048684668719684,0.5048684668719684,-3.3983096465703686,-3.3983096465703686,-3.3983096465703686,-2.923848105956927,-2.923848105956927,-2.923848105956927,0.0,0.0,0.0,-1.1114334838006843,-1.1114334838006843,-1.1114334838006843,1.367833894187068,1.367833894187068,1.367833894187068,0.6745548916743473,0.6745548916743473,0.6745548916743473,-0.7053640574460107,-0.7053640574460107,-0.7053640574460107,1.5849948887888636,1.5849948887888636,1.5849948887888636,-1.2049212521001302,-1.2049212521001302,-1.2049212521001302,-7.455937091359796,-7.455937091359796,-7.455937091359796,0.0,0.0,0.0,39.54953774017849
33,2018-03-16 03:00:00,56.734928947223594,29.161174871165176,50.07325337546264,56.734928947223594,56.734928947223594,0.0,0.0,0.0,0.0,0.0,0.0,0.0,0.0,0.0,0.0,0.0,0.0,0.0,0.0,0.0,0.0,0.0,0.0,0.0,0.0,0.0,0.0,0.0,0.0,0.0,0.0,0.0,0.0,0.0,0.0,-17.123758900200183,-17.123758900200183,-17.123758900200183,-7.784474200200343,-7.784474200200343,-7.784474200200343,0.5048684668719684,0.5048684668719684,0.5048684668719684,-3.4293208131071484,-3.4293208131071484,-3.4293208131071484,-2.947132698212369,-2.947132698212369,-2.947132698212369,0.0,0.0,0.0,-1.0002742979586974,-1.0002742979586974,-1.0002742979586974,1.250295315477033,1.250295315477033,1.250295315477033,0.6745548916743473,0.6745548916743473,0.6745548916743473,-0.6978226628820738,-0.6978226628820738,-0.6978226628820738,1.546593631459028,1.546593631459028,1.546593631459028,-1.2138098280773566,-1.2138098280773566,-1.2138098280773566,-7.456557518351723,-7.456557518351723,-7.456557518351723,0.0,0.0,0.0,39.61117004702341
34,2018-03-16 04:00:00,56.73457222726034,31.66267779199044,51.91113535756078,56.73457222726034,56.73457222726034,0.0,0.0,0.0,0.0,0.0,0.0,0.0,0.0,0.0,0.0,0.0,0.0,0.0,0.0,0.0,0.0,0.0,0.0,0.0,0.0,0.0,0.0,0.0,0.0,0.0,0.0,0.0,0.0,0.0,0.0,-15.01517764894931,-15.01517764894931,-15.01517764894931,-6.172294094160297,-6.172294094160297,-6.172294094160297,0.5048684668719684,0.5048684668719684,0.5048684668719684,-2.8946307959354294,-2.8946307959354294,-2.8946307959354294,-2.847496303444894,-2.847496303444894,-2.847496303444894,0.0,0.0,0.0,-0.8891151121167101,-0.8891151121167101,-0.8891151121167101,1.338800460402119,1.338800460402119,1.338800460402119,0.6745548916743473,0.6745548916743473,0.6745548916743473,-0.6093563035743528,-0.6093563035743528,-0.6093563035743528,1.5089269726206183,1.5089269726206183,1.5089269726206183,-1.0668868957479067,-1.0668868957479067,-1.0668868957479067,-7.457179731474205,-7.457179731474205,-7.457179731474205,0.0,0.0,0.0,41.719394578311025
35,2018-03-16 05:00:00,56.73421550729709,36.7119042582627,56.59104069179125,56.73421550729709,56.73421550729709,0.0,0.0,0.0,0.0,0.0,0.0,0.0,0.0,0.0,0.0,0.0,0.0,0.0,0.0,0.0,0.0,0.0,0.0,0.0,0.0,0.0,0.0,0.0,0.0,0.0,0.0,0.0,0.0,0.0,0.0,-10.58188939956195,-10.58188939956195,-10.58188939956195,-3.321461670181892,-3.321461670181892,-3.321461670181892,0.5048684668719684,0.5048684668719684,0.5048684668719684,-1.2739683537523863,-1.2739683537523863,-1.2739683537523863,-2.419709608519323,-2.419709608519323,-2.419709608519323,0.0,0.0,0.0,-0.777955926274723,-0.777955926274723,-0.777955926274723,1.83377367831649,1.83377367831649,1.83377367831649,0.6745548916743473,0.6745548916743473,0.6745548916743473,-0.1977701925656439,-0.1977701925656439,-0.1977701925656439,1.4713444742607336,1.4713444742607336,1.4713444742607336,-0.8917296632555021,-0.8917296632555021,-0.8917296632555021,-7.457803849888404,-7.457803849888404,-7.457803849888404,0.0,0.0,0.0,46.152326107735135
36,2018-03-16 06:00:00,56.73385878733384,41.300148002237876,60.722739140867056,56.73385878733384,56.73385878733384,0.0,0.0,0.0,0.0,0.0,0.0,0.0,0.0,0.0,0.0,0.0,0.0,0.0,0.0,0.0,0.0,0.0,0.0,0.0,0.0,0.0,0.0,0.0,0.0,0.0,0.0,0.0,0.0,0.0,0.0,-5.259765439067132,-5.259765439067132,-5.259765439067132,-0.17929384008273788,-0.17929384008273788,-0.17929384008273788,0.5048684668719684,0.5048684668719684,0.5048684668719684,0.9448591361751084,0.9448591361751084,0.9448591361751084,-1.9513102526830968,-1.9513102526830968,-1.9513102526830968,0.0,0.0,0.0,-0.6667967404327358,-0.6667967404327358,-0.6667967404327358,2.8410465181781857,2.8410465181781857,2.8410465181781857,0.6497976538484295,0.6497976538484295,0.6497976538484295,0.3298373732728631,0.3298373732728631,0.3298373732728631,1.4330992573550319,1.4330992573550319,1.4330992573550319,-0.7625838828805053,-0.7625838828805053,-0.7625838828805053,-7.458429992514533,-7.458429992514533,-7.458429992514533,0.0,0.0,0.0,51.474093348266706
37,2018-03-16 07:00:00,56.73350206737059,46.63239786771729,65.4924283839776,56.73350206737059,56.73350206737059,0.0,0.0,0.0,0.0,0.0,0.0,0.0,0.0,0.0,0.0,0.0,0.0,0.0,0.0,0.0,0.0,0.0,0.0,0.0,0.0,0.0,0.0,0.0,0.0,0.0,0.0,0.0,0.0,0.0,0.0,-0.8632649211729188,-0.8632649211729188,-0.8632649211729188,2.2543104197128714,2.2543104197128714,2.2543104197128714,0.5048684668719684,0.5048684668719684,0.5048684668719684,2.948127694929194,2.948127694929194,2.948127694929194,-1.1742546739258886,-1.1742546739258886,-1.1742546739258886,0.0,0.0,0.0,-0.5556375545907487,-0.5556375545907487,-0.5556375545907487,3.6310368858428435,3.6310368858428435,3.6310368858428435,0.37842023921817675,0.37842023921817675,0.37842023921817675,0.7045866723731111,0.7045866723731111,0.7045866723731111,1.3933552422140212,1.3933552422140212,1.3933552422140212,-0.5408923408602679,-0.5408923408602679,-0.5408923408602679,-7.459058278029005,-7.459058278029005,-7.459058278029005,0.0,0.0,0.0,55.87023714619767
38,2018-03-16 08:00:00,56.73314534740733,46.86424949581211,67.46100393583907,56.73314534740733,56.73314534740733,0.0,0.0,0.0,0.0,0.0,0.0,0.0,0.0,0.0,0.0,0.0,0.0,0.0,0.0,0.0,0.0,0.0,0.0,0.0,0.0,0.0,0.0,0.0,0.0,0.0,0.0,0.0,0.0,0.0,0.0,0.5603454947660599,0.5603454947660599,0.5603454947660599,3.5849783612920336,3.5849783612920336,3.5849783612920336,0.5048684668719684,0.5048684668719684,0.5048684668719684,3.083859905488781,3.083859905488781,3.083859905488781,-0.8000766914023829,-0.8000766914023829,-0.8000766914023829,0.0,0.0,0.0,-0.44447836874876145,-0.44447836874876145,-0.44447836874876145,3.5359758042566396,3.5359758042566396,3.5359758042566396,-0.0038886449012847115,-0.0038886449012847115,-0.0038886449012847115,0.8747031305173026,0.8747031305173026,0.8747031305173026,1.3511960528379323,1.3511960528379323,1.3511960528379323,-0.5832437911047001,-0.5832437911047001,-0.5832437911047001,-7.459688824852687,-7.459688824852687,-7.459688824852687,0.0,0.0,0.0,57.29349084217339
39,2018-03-16 09:00:00,56.73278862744408,47.16518435742324,66.55792088148952,56.73278862744408,56.73278862744408,0.0,0.0,0.0,0.0,0.0,0.0,0.0,0.0,0.0,0.0,0.0,0.0,0.0,0.0,0.0,0.0,0.0,0.0,0.0,0.0,0.0,0.0,0.0,0.0,0.0,0.0,0.0,0.0,0.0,0.0,0.2646235558070446,0.2646235558070446,0.2646235558070446,4.073220467475867,4.073220467475867,4.073220467475867,0.5048684668719684,0.5048684668719684,0.5048684668719684,2.346089344528309,2.346089344528309,2.346089344528309,-0.8580174209682514,-0.8580174209682514,-0.8580174209682514,0.0,0.0,0.0,-0.3333191829067743,-0.3333191829067743,-0.3333191829067743,3.3992376967533318,3.3992376967533318,3.3992376967533318,-0.3828648239287957,-0.3828648239287957,-0.3828648239287957,0.9079142719623323,0.9079142719623323,0.9079142719623323,1.3056354949512168,1.3056354949512168,1.3056354949512168,-0.8917296632555021,-0.8917296632555021,-0.8917296632555021,-7.460321751148348,-7.460321751148348,-7.460321751148348,0.0,0.0,0.0,56.99741218325112
40,2018-03-16 10:00:00,56.73243190748083,45.77001421911261,65.2198885832265,56.73243190748083,56.73243190748083,0.0,0.0,0.0,0.0,0.0,0.0,0.0,0.0,0.0,0.0,0.0,0.0,0.0,0.0,0.0,0.0,0.0,0.0,0.0,0.0,0.0,0.0,0.0,0.0,0.0,0.0,0.0,0.0,0.0,0.0,-1.044491227739414,-1.044491227739414,-1.044491227739414,4.104794653884817,4.104794653884817,4.104794653884817,0.5048684668719684,0.5048684668719684,0.5048684668719684,1.0560417988588768,1.0560417988588768,1.0560417988588768,-1.2473574635650686,-1.2473574635650686,-1.2473574635650686,0.0,0.0,0.0,-0.22215999706478715,-0.22215999706478715,-0.22215999706478715,3.024144463499395,3.024144463499395,3.024144463499395,-0.7723152189595796,-0.7723152189595796,-0.7723152189595796,0.8958770460237409,0.8958770460237409,0.8958770460237409,1.2556294943281625,1.2556294943281625,1.2556294943281625,-1.127015497946792,-1.127015497946792,-1.127015497946792,-7.460957174811271,-7.460957174811271,-7.460957174811271,0.0,0.0,0.0,55.687940679741416
41,2018-03-16 11:00:00,56.73207518751758,43.879900446410566,64.25154838584167,56.73207518751758,56.73207518751758,0.0,0.0,0.0,0.0,0.0,0.0,0.0,0.0,0.0,0.0,0.0,0.0,0.0,0.0,0.0,0.0,0.0,0.0,0.0,0.0,0.0,0.0,0.0,0.0,0.0,0.0,0.0,0.0,0.0,0.0,-2.377884486217644,-2.377884486217644,-2.377884486217644,3.704945856739824,3.704945856739824,3.704945856739824,0.5048684668719684,0.5048684668719684,0.5048684668719684,0.17867551015052258,0.17867551015052258,0.17867551015052258,-1.470456347500936,-1.470456347500936,-1.470456347500936,0.0,0.0,0.0,-0.11100081122280002,-0.11100081122280002,-0.11100081122280002,2.7324052820796667,2.7324052820796667,2.7324052820796667,-0.919430343732822,-0.919430343732822,-0.919430343732822,0.8689020577758126,0.8689020577758126,0.8689020577758126,1.200089360353291,1.200089360353291,1.200089360353291,-1.4266127941203675,-1.4266127941203675,-1.4266127941203675,-7.461595213461282,-7.461595213461282,-7.461595213461282,0.0,0.0,0.0,54.354190701299935
42,2018-03-16 12:00:00,56.73171846755433,42.42381821425585,61.50394482694097,56.73171846755433,56.73171846755433,0.0,0.0,0.0,0.0,0.0,0.0,0.0,0.0,0.0,0.0,0.0,0.0,0.0,0.0,0.0,0.0,0.0,0.0,0.0,0.0,0.0,0.0,0.0,0.0,0.0,0.0,0.0,0.0,0.0,0.0,-4.474012139665386,-4.474012139665386,-4.474012139665386,2.6445610720401698,2.6445610720401698,2.6445610720401698,0.5048684668719684,0.5048684668719684,0.5048684668719684,-0.7942334469790475,-0.7942334469790475,-0.7942334469790475,-1.798606647659032,-1.798606647659032,-1.798606647659032,0.0,0.0,0.0,0.000158374619187142,0.000158374619187142,0.000158374619187142,2.334834551701899,2.334834551701899,2.334834551701899,-0.9484724881055331,-0.9484724881055331,-0.9484724881055331,0.8235086635736543,0.8235086635736543,0.8235086635736543,1.137896219712309,1.137896219712309,1.137896219712309,-1.7105243679811906,-1.7105243679811906,-1.7105243679811906,-7.462235984438818,-7.462235984438818,-7.462235984438818,0.0,0.0,0.0,52.25770632788895
43,2018-03-16 13:00:00,56.73136174759107,39.35589289410392,59.860985919948575,56.73136174759107,56.73136174759107,0.0,0.0,0.0,0.0,0.0,0.0,0.0,0.0,0.0,0.0,0.0,0.0,0.0,0.0,0.0,0.0,0.0,0.0,0.0,0.0,0.0,0.0,0.0,0.0,0.0,0.0,0.0,0.0,0.0,0.0,-7.367799812310873,-7.367799812310873,-7.367799812310873,1.0181629643556345,1.0181629643556345,1.0181629643556345,0.5048684668719684,0.5048684668719684,0.5048684668719684,-1.9909996189309043,-1.9909996189309043,-1.9909996189309043,-2.036867591668211,-2.036867591668211,-2.036867591668211,0.0,0.0,0.0,0.1113175604611743,0.1113175604611743,0.1113175604611743,1.7850724345481888,1.7850724345481888,1.7850724345481888,-0.9475202866506901,-0.9475202866506901,-0.9475202866506901,0.6649943509124425,0.6649943509124425,0.6649943509124425,1.0679164470567202,1.0679164470567202,1.0679164470567202,-2.072864553405777,-2.072864553405777,-2.072864553405777,-7.462879604792325,-7.462879604792325,-7.462879604792325,0.0,0.0,0.0,49.3635619352802
44,2018-03-16 14:00:00,56.73100502762783,36.107972026991725,56.652003205835605,56.73100502762783,56.73100502762783,0.0,0.0,0.0,0.0,0.0,0.0,0.0,0.0,0.0,0.0,0.0,0.0,0.0,0.0,0.0,0.0,0.0,0.0,0.0,0.0,0.0,0.0,0.0,0.0,0.0,0.0,0.0,0.0,0.0,0.0,-9.67423419322094,-9.67423419322094,-9.67423419322094,-0.39041796715173366,-0.39041796715173366,-0.39041796715173366,0.5048684668719684,0.5048684668719684,0.5048684668719684,-2.8093079379189594,-2.8093079379189594,-2.8093079379189594,-2.2383063897850626,-2.2383063897850626,-2.2383063897850626,0.0,0.0,0.0,0.22247674630316144,0.22247674630316144,0.22247674630316144,1.5237715304836486,1.5237715304836486,1.5237715304836486,-0.8799139833568377,-0.8799139833568377,-0.8799139833568377,0.5473776010787347,0.5473776010787347,0.5473776010787347,0.989017903128197,0.989017903128197,0.989017903128197,-2.4895819095145724,-2.4895819095145724,-2.4895819095145724,-7.463526191278443,-7.463526191278443,-7.463526191278443,0.0,0.0,0.0,47.05677083440689
45,2018-03-16 15:00:00,56.73064830766457,37.06312446384224,56.21588944955683,56.73064830766457,56.73064830766457,0.0,0.0,0.0,0.0,0.0,0.0,0.0,0.0,0.0,0.0,0.0,0.0,0.0,0.0,0.0,0.0,0.0,0.0,0.0,0.0,0.0,0.0,0.0,0.0,0.0,0.0,0.0,0.0,0.0,0.0,-9.915187241842519,-9.915187241842519,-9.915187241842519,-0.48923367185171296,-0.48923367185171296,-0.48923367185171296,0.5048684668719684,0.5048684668719684,0.5048684668719684,-2.8618644870756427,-2.8618644870756427,-2.8618644870756427,-2.278919050695718,-2.278919050695718,-2.278919050695718,0.0,0.0,0.0,0.33363593214514864,0.33363593214514864,0.33363593214514864,1.5186204373927705,1.5186204373927705,1.5186204373927705,-0.7285139520368018,-0.7285139520368018,-0.7285139520368018,0.4829856936481967,0.4829856936481967,0.4829856936481967,0.9000867774333772,0.9000867774333772,0.9000867774333772,-2.694542014401207,-2.694542014401207,-2.694542014401207,-7.464175860348541,-7.464175860348541,-7.464175860348541,0.0,0.0,0.0,46.815461065822056
46,2018-03-16 16:00:00,56.73029158770132,39.096590491763415,59.77126876220078,56.73029158770132,56.73029158770132,0.0,0.0,0.0,0.0,0.0,0.0,0.0,0.0,0.0,0.0,0.0,0.0,0.0,0.0,0.0,0.0,0.0,0.0,0.0,0.0,0.0,0.0,0.0,0.0,0.0,0.0,0.0,0.0,0.0,0.0,-7.475695309041605,-7.475695309041605,-7.475695309041605,1.2103495906142123,1.2103495906142123,1.2103495906142123,0.5048684668719684,0.5048684668719684,0.5048684668719684,-2.0212609924937652,-2.0212609924937652,-2.0212609924937652,-2.1787411537827674,-2.1787411537827674,-2.1787411537827674,0.0,0.0,0.0,0.44479511798713584,0.44479511798713584,0.44479511798713584,1.7138936936560558,1.7138936936560558,1.7138936936560558,-0.4228572850322013,-0.4228572850322013,-0.4228572850322013,0.4403478089982458,0.4403478089982458,0.4403478089982458,0.8000448209817621,0.8000448209817621,0.8000448209817621,-2.523567641192203,-2.523567641192203,-2.523567641192203,-7.464828728143812,-7.464828728143812,-7.464828728143812,0.0,0.0,0.0,49.25459627865972
47,2018-03-16 17:00:00,56.72993486773807,44.525396971664144,64.26436320065933,56.72993486773807,56.72993486773807,0.0,0.0,0.0,0.0,0.0,0.0,0.0,0.0,0.0,0.0,0.0,0.0,0.0,0.0,0.0,0.0,0.0,0.0,0.0,0.0,0.0,0.0,0.0,0.0,0.0,0.0,0.0,0.0,0.0,0.0,-3.4152855038273833,-3.4152855038273833,-3.4152855038273833,3.97724153444821,3.97724153444821,3.97724153444821,0.5048684668719684,0.5048684668719684,0.5048684668719684,-0.6149088743874412,-0.6149088743874412,-0.6149088743874412,-1.9199031282455232,-1.9199031282455232,-1.9199031282455232,0.0,0.0,0.0,0.5559543038291229,0.5559543038291229,0.5559543038291229,1.9892430334229905,1.9892430334229905,1.9892430334229905,0.13798937187032118,0.13798937187032118,0.13798937187032118,0.4261351807815956,0.4261351807815956,0.4261351807815956,0.6878667466017806,0.6878667466017806,0.6878667466017806,-2.309196102917917,-2.309196102917917,-2.309196102917917,-7.465484910489932,-7.465484910489932,-7.465484910489932,0.0,0.0,0.0,53.31464936391069
48,2018-03-16 18:00:00,56.7992550896832,48.40057385955695,68.37059670783076,56.7992550896832,56.7992550896832,0.0,0.0,0.0,0.0,0.0,0.0,0.0,0.0,0.0,0.0,0.0,0.0,0.0,0.0,0.0,0.0,0.0,0.0,0.0,0.0,0.0,0.0,0.0,0.0,0.0,0.0,0.0,0.0,0.0,0.0,1.5181608323325941,1.5181608323325941,1.5181608323325941,6.1116931520219815,6.1116931520219815,6.1116931520219815,0.49227970239860563,0.49227970239860563,0.49227970239860563,2.2071303700843994,2.2071303700843994,2.2071303700843994,-1.215072359547174,-1.215072359547174,-1.215072359547174,0.0,0.0,0.0,0.724441785740318,0.724441785740318,0.724441785740318,2.8192317845241517,2.8192317845241517,2.8192317845241517,0.5130553702933288,0.5130553702933288,0.5130553702933288,0.7455224838218598,0.7455224838218598,0.7455224838218598,0.5918372800044851,0.5918372800044851,0.5918372800044851,-1.87232839714669,-1.87232839714669,-1.87232839714669,-7.392499969778272,-7.392499969778272,-7.392499969778272,0.0,0.0,0.0,58.3174159220158
49,2018-03-16 19:00:00,56.798902976736784,48.76052347647238,68.71610707233938,56.798902976736784,56.798902976736784,0.0,0.0,0.0,0.0,0.0,0.0,0.0,0.0,0.0,0.0,0.0,0.0,0.0,0.0,0.0,0.0,0.0,0.0,0.0,0.0,0.0,0.0,0.0,0.0,0.0,0.0,0.0,0.0,0.0,0.0,2.1631517196226335,2.1631517196226335,2.1631517196226335,6.347345702651702,6.347345702651702,6.347345702651702,0.49227970239860563,0.49227970239860563,0.49227970239860563,2.756370719652072,2.756370719652072,2.756370719652072,-1.0979037662452993,-1.0979037662452993,-1.0979037662452993,0.0,0.0,0.0,0.845153443754225,0.845153443754225,0.845153443754225,2.8601328859446538,2.8601328859446538,2.8601328859446538,0.6095878549197457,0.6095878549197457,0.6095878549197457,0.9629678182419731,0.9629678182419731,0.9629678182419731,0.4525192201024214,0.4525192201024214,0.4525192201024214,-1.9158472193618319,-1.9158472193618319,-1.9158472193618319,-7.393083922783562,-7.393083922783562,-7.393083922783562,0.0,0.0,0.0,58.96205469635942
50,2018-03-16 20:00:00,56.79855086379036,46.117572865057575,66.41623627544581,56.79855086379036,56.79855086379036,0.0,0.0,0.0,0.0,0.0,0.0,0.0,0.0,0.0,0.0,0.0,0.0,0.0,0.0,0.0,0.0,0.0,0.0,0.0,0.0,0.0,0.0,0.0,0.0,0.0,0.0,0.0,0.0,0.0,0.0,-0.8107680498907675,-0.8107680498907675,-0.8107680498907675,4.374609657896234,4.374609657896234,4.374609657896234,0.49227970239860563,0.49227970239860563,0.49227970239860563,1.9098749915975692,1.9098749915975692,1.9098749915975692,-1.3823806661989504,-1.3823806661989504,-1.3823806661989504,0.0,0.0,0.0,0.9658651017681321,0.9658651017681321,0.9658651017681321,2.644560021987183,2.644560021987183,2.644560021987183,0.6473406583132453,0.6473406583132453,0.6473406583132453,0.8391124457457202,0.8391124457457202,0.8391124457457202,0.29841947524399165,0.29841947524399165,0.29841947524399165,-2.2969022724163666,-2.2969022724163666,-2.2969022724163666,-7.393672174628562,-7.393672174628562,-7.393672174628562,0.0,0.0,0.0,55.98778281389959
51,2018-03-16 21:00:00,56.79819875084394,42.049563918583836,61.40497690288196,56.79819875084394,56.79819875084394,0.0,0.0,0.0,0.0,0.0,0.0,0.0,0.0,0.0,0.0,0.0,0.0,0.0,0.0,0.0,0.0,0.0,0.0,0.0,0.0,0.0,0.0,0.0,0.0,0.0,0.0,0.0,0.0,0.0,0.0,-5.141390127597956,-5.141390127597956,-5.141390127597956,1.1758318091633708,1.1758318091633708,1.1758318091633708,0.49227970239860563,0.49227970239860563,0.49227970239860563,0.9481306124350312,0.9481306124350312,0.9481306124350312,-1.8600274091638005,-1.8600274091638005,-1.8600274091638005,0.0,0.0,0.0,1.086576759782039,1.086576759782039,1.086576759782039,2.4270624003158066,2.4270624003158066,2.4270624003158066,0.6540310285348782,0.6540310285348782,0.6540310285348782,0.5040200281775367,0.5040200281775367,0.5040200281775367,0.1289122921216432,0.1289122921216432,0.1289122921216432,-2.3558118976100344,-2.3558118976100344,-2.3558118976100344,-7.3942648413180025,-7.3942648413180025,-7.3942648413180025,0.0,0.0,0.0,51.65680862324598
52,2018-03-16 22:00:00,56.79784663789752,37.55125055526886,57.0524578583224,56.79784663789752,56.79784663789752,0.0,0.0,0.0,0.0,0.0,0.0,0.0,0.0,0.0,0.0,0.0,0.0,0.0,0.0,0.0,0.0,0.0,0.0,0.0,0.0,0.0,0.0,0.0,0.0,0.0,0.0,0.0,0.0,0.0,0.0,-9.618922779622826,-9.618922779622826,-9.618922779622826,-1.913419046254717,-1.913419046254717,-1.913419046254717,0.49227970239860563,0.49227970239860563,0.49227970239860563,-0.25414873018248485,-0.25414873018248485,-0.25414873018248485,-2.279089855477713,-2.279089855477713,-2.279089855477713,0.0,0.0,0.0,1.207288417795946,1.207288417795946,1.207288417795946,1.897272839563183,1.897272839563183,1.897272839563183,0.6712348376762197,0.6712348376762197,0.6712348376762197,0.12966018048209516,0.12966018048209516,0.12966018048209516,-0.05649296469296567,-0.05649296469296567,-0.05649296469296567,-2.3727948526208213,-2.3727948526208213,-2.3727948526208213,-7.394862038492657,-7.394862038492657,-7.394862038492657,0.0,0.0,0.0,47.17892385827469
53,2018-03-16 23:00:00,56.7974945249511,34.35419014330001,54.38883792380097,56.7974945249511,56.7974945249511,0.0,0.0,0.0,0.0,0.0,0.0,0.0,0.0,0.0,0.0,0.0,0.0,0.0,0.0,0.0,0.0,0.0,0.0,0.0,0.0,0.0,0.0,0.0,0.0,0.0,0.0,0.0,0.0,0.0,0.0,-12.42152799046311,-12.42152799046311,-12.42152799046311,-4.169118067520899,-4.169118067520899,-4.169118067520899,0.49227970239860563,0.49227970239860563,0.49227970239860563,-0.598807576392876,-0.598807576392876,-0.598807576392876,-2.446925948585804,-2.446925948585804,-2.446925948585804,0.0,0.0,0.0,1.3280000758098531,1.3280000758098531,1.3280000758098531,1.7553219581626165,1.7553219581626165,1.7553219581626165,0.6769694407233336,0.6769694407233336,0.6769694407233336,-0.16911374439921706,-0.16911374439921706,-0.16911374439921706,-0.2581384651281986,-0.2581384651281986,-0.2581384651281986,-2.2353390605022634,-2.2353390605022634,-2.2353390605022634,-7.395463881421136,-7.395463881421136,-7.395463881421136,0.0,0.0,0.0,44.375966534487986
54,2018-03-17 00:00:00,56.797142412004675,32.07800919846689,51.14067168106535,56.797142412004675,56.797142412004675,0.0,0.0,0.0,0.0,0.0,0.0,0.0,0.0,0.0,0.0,0.0,0.0,0.0,0.0,0.0,0.0,0.0,0.0,0.0,0.0,0.0,0.0,0.0,0.0,0.0,0.0,0.0,0.0,0.0,0.0,-15.218307413128905,-15.218307413128905,-15.218307413128905,-5.710673200022955,-5.710673200022955,-5.710673200022955,1.4765238576354367,1.4765238576354367,1.4765238576354367,-1.6353577664213814,-1.6353577664213814,-1.6353577664213814,-2.58309485431501,-2.58309485431501,-2.58309485431501,0.0,0.0,0.0,0.000171837656876012,0.000171837656876012,0.000171837656876012,1.6128898873335733,1.6128898873335733,1.6128898873335733,0.6769694407233336,0.6769694407233336,0.6769694407233336,-0.46990536331868876,-0.46990536331868876,-0.46990536331868876,-0.476205961692374,-0.476205961692374,-0.476205961692374,-2.348912572136902,-2.348912572136902,-2.348912572136902,-7.396070484992195,-7.396070484992195,-7.396070484992195,0.0,0.0,0.0,41.57883499887577
55,2018-03-17 01:00:00,56.79679029905825,28.68725044655773,48.59418528175749,56.79679029905825,56.79679029905825,0.0,0.0,0.0,0.0,0.0,0.0,0.0,0.0,0.0,0.0,0.0,0.0,0.0,0.0,0.0,0.0,0.0,0.0,0.0,0.0,0.0,0.0,0.0,0.0,0.0,0.0,0.0,0.0,0.0,0.0,-18.499422735700804,-18.499422735700804,-18.499422735700804,-6.921780740097495,-6.921780740097495,-6.921780740097495,1.4765238576354367,1.4765238576354367,1.4765238576354367,-3.470253616131426,-3.470253616131426,-3.470253616131426,-2.7282361298015663,-2.7282361298015663,-2.7282361298015663,0.0,0.0,0.0,-1.327656400496101,-1.327656400496101,-1.327656400496101,1.5859432793388892,1.5859432793388892,1.5859432793388892,0.6769694407233336,0.6769694407233336,0.6769694407233336,-0.6552228003619547,-0.6552228003619547,-0.6552228003619547,-0.7107064157650086,-0.7107064157650086,-0.7107064157650086,-2.4985748631694635,-2.4985748631694635,-2.4985748631694635,-7.396681963706876,-7.396681963706876,-7.396681963706876,0.0,0.0,0.0,38.29736756335745
56,2018-03-17 02:00:00,56.79643818611183,27.760101265329894,47.233616116413565,56.79643818611183,56.79643818611183,0.0,0.0,0.0,0.0,0.0,0.0,0.0,0.0,0.0,0.0,0.0,0.0,0.0,0.0,0.0,0.0,0.0,0.0,0.0,0.0,0.0,0.0,0.0,0.0,0.0,0.0,0.0,0.0,0.0,0.0,-19.727619821125263,-19.727619821125263,-19.727619821125263,-7.749579424830051,-7.749579424830051,-7.749579424830051,1.4765238576354367,1.4765238576354367,1.4765238576354367,-3.619270596258446,-3.619270596258446,-3.619270596258446,-2.7060690986363474,-2.7060690986363474,-2.7060690986363474,0.0,0.0,0.0,-1.206944742482194,-1.206944742482194,-1.206944742482194,1.2823127499702196,1.2823127499702196,1.2823127499702196,0.6774473243105932,0.6774473243105932,0.6774473243105932,-0.7623157916181132,-0.7623157916181132,-0.7623157916181132,-0.9614713683637944,-0.9614713683637944,-0.9614713683637944,-2.3802248954380407,-2.3802248954380407,-2.3802248954380407,-7.397298431672977,-7.397298431672977,-7.397298431672977,0.0,0.0,0.0,37.06881836498657
57,2018-03-17 03:00:00,56.796086073165405,27.243205035241566,47.08428015246035,56.796086073165405,56.796086073165405,0.0,0.0,0.0,0.0,0.0,0.0,0.0,0.0,0.0,0.0,0.0,0.0,0.0,0.0,0.0,0.0,0.0,0.0,0.0,0.0,0.0,0.0,0.0,0.0,0.0,0.0,0.0,0.0,0.0,0.0,-19.453102445155146,-19.453102445155146,-19.453102445155146,-7.62151383306951,-7.62151383306951,-7.62151383306951,1.4765238576354367,1.4765238576354367,1.4765238576354367,-3.205522408050015,-3.205522408050015,-3.205522408050015,-2.7050135257237176,-2.7050135257237176,-2.7050135257237176,0.0,0.0,0.0,-1.086233084468287,-1.086233084468287,-1.086233084468287,1.1663460977073836,1.1663460977073836,1.1663460977073836,0.6774473243105932,0.6774473243105932,0.6774473243105932,-0.8357288131603787,-0.8357288131603787,-0.8357288131603787,-1.228146201439669,-1.228146201439669,-1.228146201439669,-1.898864264351045,-1.898864264351045,-1.898864264351045,-7.397920002595955,-7.397920002595955,-7.397920002595955,0.0,0.0,0.0,37.34298362801026
58,2018-03-17 04:00:00,56.79573396021898,29.602007687154675,49.29109306120932,56.79573396021898,56.79573396021898,0.0,0.0,0.0,0.0,0.0,0.0,0.0,0.0,0.0,0.0,0.0,0.0,0.0,0.0,0.0,0.0,0.0,0.0,0.0,0.0,0.0,0.0,0.0,0.0,0.0,0.0,0.0,0.0,0.0,0.0,-17.49852537053027,-17.49852537053027,-17.49852537053027,-6.042072153739559,-6.042072153739559,-6.042072153739559,1.4765238576354367,1.4765238576354367,1.4765238576354367,-2.547721012648113,-2.547721012648113,-2.547721012648113,-2.5730669116450295,-2.5730669116450295,-2.5730669116450295,0.0,0.0,0.0,-0.9655214264543801,-0.9655214264543801,-0.9655214264543801,1.2428552168351468,1.2428552168351468,1.2428552168351468,0.6774473243105932,0.6774473243105932,0.6774473243105932,-0.8239330633988308,-0.8239330633988308,-0.8239330633988308,-1.5101854143686593,-1.5101854143686593,-1.5101854143686593,-1.5820260099310488,-1.5820260099310488,-1.5820260099310488,-7.3985467897739365,-7.3985467897739365,-7.3985467897739365,0.0,0.0,0.0,39.29720858968871
59,2018-03-17 05:00:00,56.795381847272566,31.326163763842203,51.097148609824494,56.795381847272566,56.795381847272566,0.0,0.0,0.0,0.0,0.0,0.0,0.0,0.0,0.0,0.0,0.0,0.0,0.0,0.0,0.0,0.0,0.0,0.0,0.0,0.0,0.0,0.0,0.0,0.0,0.0,0.0,0.0,0.0,0.0,0.0,-14.891191881126739,-14.891191881126739,-14.891191881126739,-3.2283553882771807,-3.2283553882771807,-3.2283553882771807,1.4765238576354367,1.4765238576354367,1.4765238576354367,-2.456807568825506,-2.456807568825506,-2.456807568825506,-2.6844298539274423,-2.6844298539274423,-2.6844298539274423,0.0,0.0,0.0,-0.8448097684404732,-0.8448097684404732,-0.8448097684404732,1.2394868908358112,1.2394868908358112,1.2394868908358112,0.6774473243105932,0.6774473243105932,0.6774473243105932,-0.7177713155448995,-0.7177713155448995,-0.7177713155448995,-1.8068500179360052,-1.8068500179360052,-1.8068500179360052,-1.6032547036945326,-1.6032547036945326,-1.6032547036945326,-7.399178906088047,-7.399178906088047,-7.399178906088047,0.0,0.0,0.0,41.90418996614583
60,2018-03-17 06:00:00,56.79502973432614,34.9116146955007,54.50665116025762,56.79502973432614,56.79502973432614,0.0,0.0,0.0,0.0,0.0,0.0,0.0,0.0,0.0,0.0,0.0,0.0,0.0,0.0,0.0,0.0,0.0,0.0,0.0,0.0,0.0,0.0,0.0,0.0,0.0,0.0,0.0,0.0,0.0,0.0,-11.448292051725103,-11.448292051725103,-11.448292051725103,-0.11418134403914217,-0.11418134403914217,-0.11418134403914217,1.4765238576354367,1.4765238576354367,1.4765238576354367,-1.8170871212494155,-1.8170871212494155,-1.8170871212494155,-2.653818239461187,-2.653818239461187,-2.653818239461187,0.0,0.0,0.0,-0.724098110426566,-0.724098110426566,-0.724098110426566,1.556590724201823,1.556590724201823,1.556590724201823,0.6568983300584351,0.6568983300584351,0.6568983300584351,-0.59810653835867,-0.59810653835867,-0.59810653835867,-2.117207122438231,-2.117207122438231,-2.117207122438231,-1.5310771448986875,-1.5310771448986875,-1.5310771448986875,-7.399816463998314,-7.399816463998314,-7.399816463998314,0.0,0.0,0.0,45.34673768260104
61,2018-03-17 07:00:00,56.79467762137972,37.897905970498414,58.45444361004595,56.79467762137972,56.79467762137972,0.0,0.0,0.0,0.0,0.0,0.0,0.0,0.0,0.0,0.0,0.0,0.0,0.0,0.0,0.0,0.0,0.0,0.0,0.0,0.0,0.0,0.0,0.0,0.0,0.0,0.0,0.0,0.0,0.0,0.0,-8.658074497689238,-8.658074497689238,-8.658074497689238,2.2979776162401317,2.2979776162401317,2.2979776162401317,1.4765238576354367,1.4765238576354367,1.4765238576354367,-1.115460767598826,-1.115460767598826,-1.115460767598826,-2.7097636038305506,-2.7097636038305506,-2.7097636038305506,0.0,0.0,0.0,-0.603386452412659,-0.603386452412659,-0.603386452412659,1.8549281698572513,1.8549281698572513,1.8549281698572513,0.46574489515463946,0.46574489515463946,0.46574489515463946,-0.30088468581440364,-0.30088468581440364,-0.30088468581440364,-2.4401317707971923,-2.4401317707971923,-2.4401317707971923,-1.2986229481885398,-1.2986229481885398,-1.2986229481885398,-7.40045957553335,-7.40045957553335,-7.40045957553335,0.0,0.0,0.0,48.13660312369048
62,2018-03-17 08:00:00,56.7943255084333,39.77337853453606,59.45699823536531,56.7943255084333,56.7943255084333,0.0,0.0,0.0,0.0,0.0,0.0,0.0,0.0,0.0,0.0,0.0,0.0,0.0,0.0,0.0,0.0,0.0,0.0,0.0,0.0,0.0,0.0,0.0,0.0,0.0,0.0,0.0,0.0,0.0,0.0,-6.727380283226356,-6.727380283226356,-6.727380283226356,3.6053448798837673,3.6053448798837673,3.6053448798837673,1.4765238576354367,1.4765238576354367,1.4765238576354367,-0.1573057694423708,-0.1573057694423708,-0.1573057694423708,-2.4828154276152072,-2.4828154276152072,-2.4828154276152072,0.0,0.0,0.0,-0.48267479439875205,-0.48267479439875205,-0.48267479439875205,2.3630642063284326,2.3630642063284326,2.3630642063284326,0.20051950422562287,0.20051950422562287,0.20051950422562287,0.1447152821514392,0.1447152821514392,0.1447152821514392,-2.7743110413829877,-2.7743110413829877,-2.7743110413829877,-1.3766383977693426,-1.3766383977693426,-1.3766383977693426,-7.401108352284766,-7.401108352284766,-7.401108352284766,0.0,0.0,0.0,50.06694522520695
63,2018-03-17 09:00:00,56.79397339548688,40.66779398849552,60.923482759155306,56.79397339548688,56.79397339548688,0.0,0.0,0.0,0.0,0.0,0.0,0.0,0.0,0.0,0.0,0.0,0.0,0.0,0.0,0.0,0.0,0.0,0.0,0.0,0.0,0.0,0.0,0.0,0.0,0.0,0.0,0.0,0.0,0.0,0.0,-5.749920111790752,-5.749920111790752,-5.749920111790752,4.067348222819162,4.067348222819162,4.067348222819162,1.4765238576354367,1.4765238576354367,1.4765238576354367,0.7027449880705015,0.7027449880705015,0.7027449880705015,-2.319729412613949,-2.319729412613949,-2.319729412613949,0.0,0.0,0.0,-0.361963136384845,-0.361963136384845,-0.361963136384845,2.8490655290896942,2.8490655290896942,2.8490655290896942,0.15225326191241448,0.15225326191241448,0.15225326191241448,0.4015832539325155,0.4015832539325155,0.4015832539325155,-3.1182504172783863,-3.1182504172783863,-3.1182504172783863,-1.494988365500765,-1.494988365500765,-1.494988365500765,-7.4017629054020295,-7.4017629054020295,-7.4017629054020295,0.0,0.0,0.0,51.04405328369613
64,2018-03-17 10:00:00,56.793621282540464,41.524470638013696,61.02611215302913,56.793621282540464,56.793621282540464,0.0,0.0,0.0,0.0,0.0,0.0,0.0,0.0,0.0,0.0,0.0,0.0,0.0,0.0,0.0,0.0,0.0,0.0,0.0,0.0,0.0,0.0,0.0,0.0,0.0,0.0,0.0,0.0,0.0,0.0,-6.041388067040296,-6.041388067040296,-6.041388067040296,4.078408256845716,4.078408256845716,4.078408256845716,1.4765238576354367,1.4765238576354367,1.4765238576354367,0.7529094126323398,0.7529094126323398,0.7529094126323398,-2.378841495721201,-2.378841495721201,-2.378841495721201,0.0,0.0,0.0,-0.24125147837093802,-0.24125147837093802,-0.24125147837093802,2.7456098019672477,2.7456098019672477,2.7456098019672477,0.13887252146914875,0.13887252146914875,0.13887252146914875,0.47142650909957545,0.47142650909957545,0.47142650909957545,-3.4702823909369687,-3.4702823909369687,-3.4702823909369687,-1.4594303034469296,-1.4594303034469296,-1.4594303034469296,-7.402423345581385,-7.402423345581385,-7.402423345581385,0.0,0.0,0.0,50.75223321550017
65,2018-03-17 11:00:00,56.79326916959403,39.20764699333259,59.646572596753074,56.79326916959403,56.79326916959403,0.0,0.0,0.0,0.0,0.0,0.0,0.0,0.0,0.0,0.0,0.0,0.0,0.0,0.0,0.0,0.0,0.0,0.0,0.0,0.0,0.0,0.0,0.0,0.0,0.0,0.0,0.0,0.0,0.0,0.0,-7.067893313896399,-7.067893313896399,-7.067893313896399,3.6724822367751986,3.6724822367751986,3.6724822367751986,1.4765238576354367,1.4765238576354367,1.4765238576354367,0.49129147906800874,0.49129147906800874,0.49129147906800874,-2.3403130844102242,-2.3403130844102242,-2.3403130844102242,0.0,0.0,0.0,-0.120539820357031,-0.120539820357031,-0.120539820357031,2.5391795371508303,2.5391795371508303,2.5391795371508303,0.04186215325547247,0.04186215325547247,0.04186215325547247,0.3900979186383767,0.3900979186383767,0.3900979186383767,-3.828577246679272,-3.828577246679272,-3.828577246679272,-1.4955190828448521,-1.4955190828448521,-1.4955190828448521,-7.403089783060336,-7.403089783060336,-7.403089783060336,0.0,0.0,0.0,49.725375855697635
66,2018-03-17 12:00:00,56.79291705664762,37.98199236296108,57.09234819456555,56.79291705664762,56.79291705664762,0.0,0.0,0.0,0.0,0.0,0.0,0.0,0.0,0.0,0.0,0.0,0.0,0.0,0.0,0.0,0.0,0.0,0.0,0.0,0.0,0.0,0.0,0.0,0.0,0.0,0.0,0.0,0.0,0.0,0.0,-9.242133892355168,-9.242133892355168,-9.242133892355168,2.6186688480519686,2.6186688480519686,2.6186688480519686,1.4765238576354367,1.4765238576354367,1.4765238576354367,-0.26588447722179004,-0.26588447722179004,-0.26588447722179004,-2.4880932921783545,-2.4880932921783545,-2.4880932921783545,0.0,0.0,0.0,0.000171837656876012,0.000171837656876012,0.000171837656876012,2.0984100206663587,2.0984100206663587,2.0984100206663587,0.0031535826874538354,0.0031535826874538354,0.0031535826874538354,0.42393309558597464,0.42393309558597464,0.42393309558597464,-4.191155935574409,-4.191155935574409,-4.191155935574409,-1.7799835792755354,-1.7799835792755354,-1.7799835792755354,-7.40376232761094,-7.40376232761094,-7.40376232761094,0.0,0.0,0.0,47.55078316429245
67,2018-03-17 13:00:00,56.792564943701194,34.73496035468017,54.970794038318054,56.792564943701194,56.792564943701194,0.0,0.0,0.0,0.0,0.0,0.0,0.0,0.0,0.0,0.0,0.0,0.0,0.0,0.0,0.0,0.0,0.0,0.0,0.0,0.0,0.0,0.0,0.0,0.0,0.0,0.0,0.0,0.0,0.0,0.0,-12.057069682349468,-12.057069682349468,-12.057069682349468,0.9994183962146976,0.9994183962146976,0.9994183962146976,1.4765238576354367,1.4765238576354367,1.4765238576354367,-1.0961420589698618,-1.0961420589698618,-1.0961420589698618,-2.606317458392859,-2.606317458392859,-2.606317458392859,0.0,0.0,0.0,0.120883495670783,0.120883495670783,0.120883495670783,1.6898801958898126,1.6898801958898126,1.6898801958898126,0.009843952909086686,0.009843952909086686,0.009843952909086686,0.3135807524220198,0.3135807524220198,0.3135807524220198,-4.555904931061201,-4.555904931061201,-4.555904931061201,-2.1005368551041417,-2.1005368551041417,-2.1005368551041417,-7.404441088533106,-7.404441088533106,-7.404441088533106,0.0,0.0,0.0,44.73549526135173
68,2018-03-17 14:00:00,56.79221283075477,31.77617663352045,53.309392846416344,56.79221283075477,56.79221283075477,0.0,0.0,0.0,0.0,0.0,0.0,0.0,0.0,0.0,0.0,0.0,0.0,0.0,0.0,0.0,0.0,0.0,0.0,0.0,0.0,0.0,0.0,0.0,0.0,0.0,0.0,0.0,0.0,0.0,0.0,-14.606472855755216,-14.606472855755216,-14.606472855755216,-0.41292159379714877,-0.41292159379714877,-0.41292159379714877,1.4765238576354367,1.4765238576354367,1.4765238576354367,-1.8678321579604598,-1.8678321579604598,-1.8678321579604598,-2.804237379510891,-2.804237379510891,-2.804237379510891,0.0,0.0,0.0,0.24159515368469006,0.24159515368469006,0.24159515368469006,1.3381307236734932,1.3381307236734932,1.3381307236734932,0.11832352721699076,0.11832352721699076,0.11832352721699076,0.13462681196064166,0.13462681196064166,0.13462681196064166,-4.920592929350362,-4.920592929350362,-4.920592929350362,-2.3727948526208213,-2.3727948526208213,-2.3727948526208213,-7.405126174647244,-7.405126174647244,-7.405126174647244,0.0,0.0,0.0,42.18573997499956
69,2018-03-17 15:00:00,56.79186071780835,31.621159171726894,50.96412164849785,56.79186071780835,56.79186071780835,0.0,0.0,0.0,0.0,0.0,0.0,0.0,0.0,0.0,0.0,0.0,0.0,0.0,0.0,0.0,0.0,0.0,0.0,0.0,0.0,0.0,0.0,0.0,0.0,0.0,0.0,0.0,0.0,0.0,0.0,-15.494243317278269,-15.494243317278269,-15.494243317278269,-0.5271736549548184,-0.5271736549548184,-0.5271736549548184,1.4765238576354367,1.4765238576354367,1.4765238576354367,-2.27836273355638,-2.27836273355638,-2.27836273355638,-2.9768235507258147,-2.9768235507258147,-2.9768235507258147,0.0,0.0,0.0,0.362306811698597,0.362306811698597,0.362306811698597,1.305891031965568,1.305891031965568,1.305891031965568,0.20434257292369878,0.20434257292369878,0.20434257292369878,0.009840196062161114,0.009840196062161114,0.009840196062161114,-5.282889234482098,-5.282889234482098,-5.282889234482098,-2.6604436531160274,-2.6604436531160274,-2.6604436531160274,-7.405817694284972,-7.405817694284972,-7.405817694284972,0.0,0.0,0.0,41.29761740053008
70,2018-03-17 16:00:00,56.791508604861924,33.400949563244176,54.3467764555549,56.791508604861924,56.791508604861924,0.0,0.0,0.0,0.0,0.0,0.0,0.0,0.0,0.0,0.0,0.0,0.0,0.0,0.0,0.0,0.0,0.0,0.0,0.0,0.0,0.0,0.0,0.0,0.0,0.0,0.0,0.0,0.0,0.0,0.0,-13.170946114757756,-13.170946114757756,-13.170946114757756,1.1541219681007278,1.1541219681007278,1.1541219681007278,1.4765238576354367,1.4765238576354367,1.4765238576354367,-1.2781686822502956,-1.2781686822502956,-1.2781686822502956,-2.727708343345252,-2.727708343345252,-2.727708343345252,0.0,0.0,0.0,0.483018469712504,0.483018469712504,0.483018469712504,1.6023037199070902,1.6023037199070902,1.6023037199070902,0.2946625709157423,0.2946625709157423,0.2946625709157423,-0.0018003464656822198,-0.0018003464656822198,-0.0018003464656822198,-5.640383645322941,-5.640383645322941,-5.640383645322941,-2.405168610610134,-2.405168610610134,-2.405168610610134,-7.4065157552852465,-7.4065157552852465,-7.4065157552852465,0.0,0.0,0.0,43.62056249010417
71,2018-03-17 17:00:00,56.79115649191551,38.1665158105058,57.074866366506775,56.79115649191551,56.79115649191551,0.0,0.0,0.0,0.0,0.0,0.0,0.0,0.0,0.0,0.0,0.0,0.0,0.0,0.0,0.0,0.0,0.0,0.0,0.0,0.0,0.0,0.0,0.0,0.0,0.0,0.0,0.0,0.0,0.0,0.0,-9.256032874464994,-9.256032874464994,-9.256032874464994,3.907537699770682,3.907537699770682,3.907537699770682,1.4765238576354367,1.4765238576354367,1.4765238576354367,0.2342575344412713,0.2342575344412713,0.2342575344412713,-2.2796176419340277,-2.2796176419340277,-2.2796176419340277,0.0,0.0,0.0,0.603730127726411,0.603730127726411,0.603730127726411,1.929031341842632,1.929031341842632,1.929031341842632,0.4160450020796525,0.4160450020796525,0.4160450020796525,0.05640236617353444,0.05640236617353444,0.05640236617353444,-5.9906076436910904,-5.9906076436910904,-5.9906076436910904,-1.9678575190823673,-1.9678575190823673,-1.9678575190823673,-7.4072204649858575,-7.4072204649858575,-7.4072204649858575,0.0,0.0,0.0,47.535123617450516
72,2018-03-17 18:00:00,56.74560802487094,41.44488466664018,62.67937250124133,56.74560802487094,56.74560802487094,0.0,0.0,0.0,0.0,0.0,0.0,0.0,0.0,0.0,0.0,0.0,0.0,0.0,0.0,0.0,0.0,0.0,0.0,0.0,0.0,0.0,0.0,0.0,0.0,0.0,0.0,0.0,0.0,0.0,0.0,-4.7522713668856635,-4.7522713668856635,-4.7522713668856635,6.087681407968144,6.087681407968144,6.087681407968144,1.4845231938236922,1.4845231938236922,1.4845231938236922,2.814102445041664,2.814102445041664,2.814102445041664,-1.5772288047644913,-1.5772288047644913,-1.5772288047644913,0.0,0.0,0.0,0.7372143765358133,0.7372143765358133,0.7372143765358133,2.7820632134243732,2.7820632134243732,2.7820632134243732,0.5749572964143812,0.5749572964143812,0.5749572964143812,0.2807763825153545,0.2807763825153545,0.2807763825153545,-6.328682770014296,-6.328682770014296,-6.328682770014296,-1.4682032129074594,-1.4682032129074594,-1.4682032129074594,-7.3253724498811765,-7.3253724498811765,-7.3253724498811765,0.0,0.0,0.0,51.993336657985274
73,2018-03-17 19:00:00,56.74524164751478,43.87486659695001,64.28122303938918,56.74524164751478,56.74524164751478,0.0,0.0,0.0,0.0,0.0,0.0,0.0,0.0,0.0,0.0,0.0,0.0,0.0,0.0,0.0,0.0,0.0,0.0,0.0,0.0,0.0,0.0,0.0,0.0,0.0,0.0,0.0,0.0,0.0,0.0,-3.0718068311379474,-3.0718068311379474,-3.0718068311379474,6.321288565702687,6.321288565702687,6.321288565702687,1.4845231938236922,1.4845231938236922,1.4845231938236922,4.591665324457548,4.591665324457548,4.591665324457548,-1.1563666258968872,-1.1563666258968872,-1.1563666258968872,0.0,0.0,0.0,0.8600543196049141,0.8600543196049141,0.8600543196049141,3.3416169045659383,3.3416169045659383,3.3416169045659383,0.6669265768455307,0.6669265768455307,0.6669265768455307,0.48253209397766433,0.48253209397766433,0.48253209397766433,-6.658706868639815,-6.658706868639815,-6.658706868639815,-1.087621138463305,-1.087621138463305,-1.087621138463305,-7.326053852658367,-7.326053852658367,-7.326053852658367,0.0,0.0,0.0,53.67343481637683
74,2018-03-17 20:00:00,56.744875270158616,41.94362080932307,61.84424823517697,56.744875270158616,56.744875270158616,0.0,0.0,0.0,0.0,0.0,0.0,0.0,0.0,0.0,0.0,0.0,0.0,0.0,0.0,0.0,0.0,0.0,0.0,0.0,0.0,0.0,0.0,0.0,0.0,0.0,0.0,0.0,0.0,0.0,0.0,-5.236806162571807,-5.236806162571807,-5.236806162571807,4.349242656889806,4.349242656889806,4.349242656889806,1.4845231938236922,1.4845231938236922,1.4845231938236922,4.71468463191085,4.71468463191085,4.71468463191085,-1.1340199615322355,-1.1340199615322355,-1.1340199615322355,0.0,0.0,0.0,0.9828942626740148,0.9828942626740148,0.9828942626740148,3.040433645544011,3.040433645544011,3.040433645544011,0.6711931929480066,0.6711931929480066,0.6711931929480066,0.4417023614133867,0.4417023614133867,0.4417023614133867,-6.973989531165313,-6.973989531165313,-6.973989531165313,-0.7720420629600254,-0.7720420629600254,-0.7720420629600254,-7.326743920207152,-7.326743920207152,-7.326743920207152,0.0,0.0,0.0,51.508069107586806
75,2018-03-17 21:00:00,56.74450889280246,37.37260011756145,57.48076124163426,56.74450889280246,56.74450889280246,0.0,0.0,0.0,0.0,0.0,0.0,0.0,0.0,0.0,0.0,0.0,0.0,0.0,0.0,0.0,0.0,0.0,0.0,0.0,0.0,0.0,0.0,0.0,0.0,0.0,0.0,0.0,0.0,0.0,0.0,-9.40431232971196,-9.40431232971196,-9.40431232971196,1.15253172295071,1.15253172295071,1.15253172295071,1.4845231938236922,1.4845231938236922,1.4845231938236922,4.042642157908917,4.042642157908917,4.042642157908917,-1.7932465602894565,-1.7932465602894565,-1.7932465602894565,0.0,0.0,0.0,1.1057342057431157,1.1057342057431157,1.1057342057431157,2.833339040993396,2.833339040993396,2.833339040993396,0.6711931929480066,0.6711931929480066,0.6711931929480066,0.2384510553516527,0.2384510553516527,0.2384510553516527,-7.272043450995233,-7.272043450995233,-7.272043450995233,-0.4973519706614898,-0.4973519706614898,-0.4973519706614898,-7.327442759576357,-7.327442759576357,-7.327442759576357,0.0,0.0,0.0,47.3401965630905
76,2018-03-17 22:00:00,56.7441425154463,34.28624032954827,53.510247186342795,56.7441425154463,56.7441425154463,0.0,0.0,0.0,0.0,0.0,0.0,0.0,0.0,0.0,0.0,0.0,0.0,0.0,0.0,0.0,0.0,0.0,0.0,0.0,0.0,0.0,0.0,0.0,0.0,0.0,0.0,0.0,0.0,0.0,0.0,-13.209929260528812,-13.209929260528812,-13.209929260528812,-1.9326454738088883,-1.9326454738088883,-1.9326454738088883,1.4845231938236922,1.4845231938236922,1.4845231938236922,3.601306423183833,3.601306423183833,3.601306423183833,-2.0747081185966154,-2.0747081185966154,-2.0747081185966154,0.0,0.0,0.0,1.2285741488122164,1.2285741488122164,1.2285741488122164,2.6317204956977256,2.6317204956977256,2.6317204956977256,0.6711931929480066,0.6711931929480066,0.6711931929480066,-0.07696984566688814,-0.07696984566688814,-0.07696984566688814,-7.550439732684548,-7.550439732684548,-7.550439732684548,-0.26302664383430396,-0.26302664383430396,-0.26302664383430396,-7.328150477219211,-7.328150477219211,-7.328150477219211,0.0,0.0,0.0,43.53421325491749
77,2018-03-17 23:00:00,56.74377613809014,31.223979450972074,51.05710068139051,56.74377613809014,56.74377613809014,0.0,0.0,0.0,0.0,0.0,0.0,0.0,0.0,0.0,0.0,0.0,0.0,0.0,0.0,0.0,0.0,0.0,0.0,0.0,0.0,0.0,0.0,0.0,0.0,0.0,0.0,0.0,0.0,0.0,0.0,-16.11766107405822,-16.11766107405822,-16.11766107405822,-4.180420074558057,-4.180420074558057,-4.180420074558057,1.4845231938236922,1.4845231938236922,1.4845231938236922,3.198458184246643,3.198458184246643,3.198458184246643,-2.1002471635847884,-2.1002471635847884,-2.1002471635847884,0.0,0.0,0.0,1.351414091881317,1.351414091881317,1.351414091881317,2.3778304756957693,2.3778304756957693,2.3778304756957693,0.6716672614038374,0.6716672614038374,0.6716672614038374,-0.40285990888139755,-0.40285990888139755,-0.40285990888139755,-7.806832004760704,-7.806832004760704,-7.806832004760704,-0.18386976609178698,-0.18386976609178698,-0.18386976609178698,-7.3288671789860995,-7.3288671789860995,-7.3288671789860995,0.0,0.0,0.0,40.62611506403192
78,2018-03-18 00:00:00,56.74340976073398,28.269291260282287,47.29391688188357,56.74340976073398,56.74340976073398,0.0,0.0,0.0,0.0,0.0,0.0,0.0,0.0,0.0,0.0,0.0,0.0,0.0,0.0,0.0,0.0,0.0,0.0,0.0,0.0,0.0,0.0,0.0,0.0,0.0,0.0,0.0,0.0,0.0,0.0,-18.826662383879047,-18.826662383879047,-18.826662383879047,-5.709842751971371,-5.709842751971371,-5.709842751971371,2.4748039353000957,2.4748039353000957,2.4748039353000957,2.251753422668066,2.251753422668066,2.251753422668066,-2.083221133592673,-2.083221133592673,-2.083221133592673,0.0,0.0,0.0,0.00017471812120911808,0.00017471812120911808,0.00017471812120911808,2.052253861810909,2.052253861810909,2.052253861810909,0.6716672614038374,0.6716672614038374,0.6716672614038374,-0.6889671557512261,-0.6889671557512261,-0.6889671557512261,-8.038980084458942,-8.038980084458942,-8.038980084458942,-0.1749580646240864,-0.1749580646240864,-0.1749580646240864,-7.329592970116803,-7.329592970116803,-7.329592970116803,0.0,0.0,0.0,37.916747376854936
79,2018-03-18 01:00:00,56.743043383377824,24.004296945048655,44.6238749459488,56.743043383377824,56.743043383377824,0.0,0.0,0.0,0.0,0.0,0.0,0.0,0.0,0.0,0.0,0.0,0.0,0.0,0.0,0.0,0.0,0.0,0.0,0.0,0.0,0.0,0.0,0.0,0.0,0.0,0.0,0.0,0.0,0.0,0.0,-22.520850575770883,-22.520850575770883,-22.520850575770883,-6.907582043568,-6.907582043568,-6.907582043568,2.4748039353000957,2.4748039353000957,2.4748039353000957,-0.03816764833386266,-0.03816764833386266,-0.03816764833386266,-2.417889035625193,-2.417889035625193,-2.417889035625193,0.0,0.0,0.0,-1.3510646556388985,-1.3510646556388985,-1.3510646556388985,1.7694900748283389,1.7694900748283389,1.7694900748283389,0.6716672614038374,0.6716672614038374,0.6716672614038374,-0.9095673591662796,-0.9095673591662796,-0.9095673591662796,-8.244772928636557,-8.244772928636557,-8.244772928636557,-0.2756078694357636,-0.2756078694357636,-0.2756078694357636,-7.330327955232459,-7.330327955232459,-7.330327955232459,0.0,0.0,0.0,34.222192807606945
80,2018-03-18 02:00:00,56.742677006021665,22.471369486632202,43.173269867852504,56.742677006021665,56.742677006021665,0.0,0.0,0.0,0.0,0.0,0.0,0.0,0.0,0.0,0.0,0.0,0.0,0.0,0.0,0.0,0.0,0.0,0.0,0.0,0.0,0.0,0.0,0.0,0.0,0.0,0.0,0.0,0.0,0.0,0.0,-24.04289618303817,-24.04289618303817,-24.04289618303817,-7.725901568117104,-7.725901568117104,-7.725901568117104,2.4748039353000957,2.4748039353000957,2.4748039353000957,-0.5636717656136297,-0.5636717656136297,-0.5636717656136297,-2.472159506225061,-2.472159506225061,-2.472159506225061,0.0,0.0,0.0,-1.228224712569798,-1.228224712569798,-1.228224712569798,1.4757741693358806,1.4757741693358806,1.4757741693358806,0.6716672614038374,0.6716672614038374,0.6716672614038374,-1.025924619001474,-1.025924619001474,-1.025924619001474,-8.422250610977603,-8.422250610977603,-8.422250610977603,-0.45960829385711094,-0.45960829385711094,-0.45960829385711094,-7.331072238329832,-7.331072238329832,-7.331072238329832,0.0,0.0,0.0,32.6997808229835
81,2018-03-18 03:00:00,56.7423106286655,21.736572884765913,41.0306764058227,56.7423106286655,56.7423106286655,0.0,0.0,0.0,0.0,0.0,0.0,0.0,0.0,0.0,0.0,0.0,0.0,0.0,0.0,0.0,0.0,0.0,0.0,0.0,0.0,0.0,0.0,0.0,0.0,0.0,0.0,0.0,0.0,0.0,0.0,-24.65760784474589,-24.65760784474589,-24.65760784474589,-7.596012404052942,-7.596012404052942,-7.596012404052942,2.4748039353000957,2.4748039353000957,2.4748039353000957,-1.160144442854512,-1.160144442854512,-1.160144442854512,-2.679664246753968,-2.679664246753968,-2.679664246753968,0.0,0.0,0.0,-1.1053847695006973,-1.1053847695006973,-1.1053847695006973,1.3119902152561875,1.3119902152561875,1.3119902152561875,0.6711931929480066,0.6711931929480066,0.6711931929480066,-1.0820094164798773,-1.0820094164798773,-1.0820094164798773,-8.56962507506331,-8.56962507506331,-8.56962507506331,-0.7510733536242594,-0.7510733536242594,-0.7510733536242594,-7.331825922775128,-7.331825922775128,-7.331825922775128,0.0,0.0,0.0,32.08470278391961
82,2018-03-18 04:00:00,56.74194425130934,24.04687182036555,43.71229577836326,56.74194425130934,56.74194425130934,0.0,0.0,0.0,0.0,0.0,0.0,0.0,0.0,0.0,0.0,0.0,0.0,0.0,0.0,0.0,0.0,0.0,0.0,0.0,0.0,0.0,0.0,0.0,0.0,0.0,0.0,0.0,0.0,0.0,0.0,-22.923731440598406,-22.923731440598406,-22.923731440598406,-6.0219775047131545,-6.0219775047131545,-6.0219775047131545,2.4748039353000957,2.4748039353000957,2.4748039353000957,-0.883865400450357,-0.883865400450357,-0.883865400450357,-2.605175365538463,-2.605175365538463,-2.605175365538463,0.0,0.0,0.0,-0.9825448264315965,-0.9825448264315965,-0.9825448264315965,1.4469004023552658,1.4469004023552658,1.4469004023552658,0.6711931929480066,0.6711931929480066,0.6711931929480066,-1.0692968623847725,-1.0692968623847725,-1.0692968623847725,-8.685299424139131,-8.685299424139131,-8.685299424139131,-0.8197458766988933,-0.8197458766988933,-0.8197458766988933,-7.332589111295759,-7.332589111295759,-7.332589111295759,0.0,0.0,0.0,33.81821281071093
83,2018-03-18 05:00:00,56.74157787395318,26.585118503982795,46.17635920588698,56.74157787395318,56.74157787395318,0.0,0.0,0.0,0.0,0.0,0.0,0.0,0.0,0.0,0.0,0.0,0.0,0.0,0.0,0.0,0.0,0.0,0.0,0.0,0.0,0.0,0.0,0.0,0.0,0.0,0.0,0.0,0.0,0.0,0.0,-20.047479674187752,-20.047479674187752,-20.047479674187752,-3.2166527226716113,-3.2166527226716113,-3.2166527226716113,2.4748039353000957,2.4748039353000957,2.4748039353000957,-0.7295795212217744,-0.7295795212217744,-0.7295795212217744,-2.6009188580404343,-2.6009188580404343,-2.6009188580404343,0.0,0.0,0.0,-0.8597048833624958,-0.8597048833624958,-0.8597048833624958,1.4235026946295954,1.4235026946295954,1.4235026946295954,0.6711931929480066,0.6711931929480066,0.6711931929480066,-0.9919746215945472,-0.9919746215945472,-0.9919746215945472,-8.76788552432197,-8.76788552432197,-8.76788552432197,-0.8464809811019951,-0.8464809811019951,-0.8464809811019951,-7.333361905972395,-7.333361905972395,-7.333361905972395,0.0,0.0,0.0,36.694098199765435
84,2018-03-18 06:00:00,56.74121149659702,29.943640105495675,49.68837441143761,56.74121149659702,56.74121149659702,0.0,0.0,0.0,0.0,0.0,0.0,0.0,0.0,0.0,0.0,0.0,0.0,0.0,0.0,0.0,0.0,0.0,0.0,0.0,0.0,0.0,0.0,0.0,0.0,0.0,0.0,0.0,0.0,0.0,0.0,-16.80095754556833,-16.80095754556833,-16.80095754556833,-0.1090257919777713,-0.1090257919777713,-0.1090257919777713,2.4748039353000957,2.4748039353000957,2.4748039353000957,-0.5415676304535175,-0.5415676304535175,-0.5415676304535175,-2.551969021813102,-2.551969021813102,-2.551969021813102,0.0,0.0,0.0,-0.7368649402933951,-0.7368649402933951,-0.7368649402933951,1.4464025787866346,1.4464025787866346,1.4464025787866346,0.6498601124356266,0.6498601124356266,0.6498601124356266,-0.9762708783005942,-0.9762708783005942,-0.9762708783005942,-8.816219714904696,-8.816219714904696,-8.816219714904696,-0.8475294165687834,-0.8475294165687834,-0.8475294165687834,-7.334144408232349,-7.334144408232349,-7.334144408232349,0.0,0.0,0.0,39.94025395102869
85,2018-03-18 07:00:00,56.740845119240866,32.209210696371926,53.08241206038125,56.740845119240866,56.740845119240866,0.0,0.0,0.0,0.0,0.0,0.0,0.0,0.0,0.0,0.0,0.0,0.0,0.0,0.0,0.0,0.0,0.0,0.0,0.0,0.0,0.0,0.0,0.0,0.0,0.0,0.0,0.0,0.0,0.0,0.0,-14.014629952901323,-14.014629952901323,-14.014629952901323,2.3006092249321144,2.3006092249321144,2.3006092249321144,2.4748039353000957,2.4748039353000957,2.4748039353000957,-0.1509260189704044,-0.1509260189704044,-0.1509260189704044,-2.522705532764154,-2.522705532764154,-2.522705532764154,0.0,0.0,0.0,-0.6140249972242945,-0.6140249972242945,-0.6140249972242945,1.6430428883959924,1.6430428883959924,1.6430428883959924,0.41045554224113995,0.41045554224113995,0.41045554224113995,-0.7851338884941953,-0.7851338884941953,-0.7851338884941953,-8.829376440017393,-8.829376440017393,-8.829376440017393,-0.7573639664249893,-0.7573639664249893,-0.7573639664249893,-7.334936718845645,-7.334936718845645,-7.334936718845645,0.0,0.0,0.0,42.72621516633954
86,2018-03-18 08:00:00,56.74047874188471,34.93067440748916,55.22665677225212,56.74047874188471,56.74047874188471,0.0,0.0,0.0,0.0,0.0,0.0,0.0,0.0,0.0,0.0,0.0,0.0,0.0,0.0,0.0,0.0,0.0,0.0,0.0,0.0,0.0,0.0,0.0,0.0,0.0,0.0,0.0,0.0,0.0,0.0,-12.352586710836677,-12.352586710836677,-12.352586710836677,3.6084227291235407,3.6084227291235407,3.6084227291235407,2.4748039353000957,2.4748039353000957,2.4748039353000957,0.18140913614980508,0.18140913614980508,0.18140913614980508,-2.7190369411107356,-2.7190369411107356,-2.7190369411107356,0.0,0.0,0.0,-0.4911850541551937,-0.4911850541551937,-0.4911850541551937,1.953186971653283,1.953186971653283,1.953186971653283,0.07149659632221328,0.07149659632221328,0.07149659632221328,-0.41706805757592647,-0.41706805757592647,-0.41706805757592647,-8.806679638196846,-8.806679638196846,-8.806679638196846,-0.6907883142839318,-0.6907883142839318,-0.6907883142839318,-7.335738937913177,-7.335738937913177,-7.335738937913177,0.0,0.0,0.0,44.38789203104803
87,2018-03-18 09:00:00,56.74011236452855,35.01179457609895,54.89321860973682,56.74011236452855,56.74011236452855,0.0,0.0,0.0,0.0,0.0,0.0,0.0,0.0,0.0,0.0,0.0,0.0,0.0,0.0,0.0,0.0,0.0,0.0,0.0,0.0,0.0,0.0,0.0,0.0,0.0,0.0,0.0,0.0,0.0,0.0,-11.989995758364962,-11.989995758364962,-11.989995758364962,4.07166130117734,4.07166130117734,4.07166130117734,2.4748039353000957,2.4748039353000957,2.4748039353000957,0.022605856110190156,0.022605856110190156,0.022605856110190156,-2.6174128245952963,-2.6174128245952963,-2.6174128245952963,0.0,0.0,0.0,-0.36834511108609297,-0.36834511108609297,-0.36834511108609297,1.889465554868479,1.889465554868479,1.889465554868479,-0.23522569460022805,-0.23522569460022805,-0.23522569460022805,-0.14681411345999318,-0.14681411345999318,-0.14681411345999318,-8.747711750787383,-8.747711750787383,-8.747711750787383,-0.973865890316774,-0.973865890316774,-0.973865890316774,-7.336551164865108,-7.336551164865108,-7.336551164865108,0.0,0.0,0.0,44.75011660616359
88,2018-03-18 10:00:00,56.739745987172384,34.62474200429404,54.811916419927,56.739745987172384,56.739745987172384,0.0,0.0,0.0,0.0,0.0,0.0,0.0,0.0,0.0,0.0,0.0,0.0,0.0,0.0,0.0,0.0,0.0,0.0,0.0,0.0,0.0,0.0,0.0,0.0,0.0,0.0,0.0,0.0,0.0,0.0,-12.076315777481742,-12.076315777481742,-12.076315777481742,4.08380192013156,4.08380192013156,4.08380192013156,2.4748039353000957,2.4748039353000957,2.4748039353000957,-0.1704239627163331,-0.1704239627163331,-0.1704239627163331,-2.549840768064088,-2.549840768064088,-2.549840768064088,0.0,0.0,0.0,-0.24550516801699226,-0.24550516801699226,-0.24550516801699226,2.0203931534185067,2.0203931534185067,2.0203931534185067,-0.4765265386180374,-0.4765265386180374,-0.4765265386180374,-0.025670950906641808,-0.025670950906641808,-0.025670950906641808,-8.652320236449297,-8.652320236449297,-8.652320236449297,-1.368077625829176,-1.368077625829176,-1.368077625829176,-7.337373498447673,-7.337373498447673,-7.337373498447673,0.0,0.0,0.0,44.663430209690645
89,2018-03-18 11:00:00,56.739379609816226,33.7996202328926,54.56589006266057,56.739379609816226,56.739379609816226,0.0,0.0,0.0,0.0,0.0,0.0,0.0,0.0,0.0,0.0,0.0,0.0,0.0,0.0,0.0,0.0,0.0,0.0,0.0,0.0,0.0,0.0,0.0,0.0,0.0,0.0,0.0,0.0,0.0,0.0,-12.82331036199954,-12.82331036199954,-12.82331036199954,3.6793833399545433,3.6793833399545433,3.6793833399545433,2.4748039353000957,2.4748039353000957,2.4748039353000957,-0.6438661587914715,-0.6438661587914715,-0.6438661587914715,-2.5514369583758487,-2.5514369583758487,-2.5514369583758487,0.0,0.0,0.0,-0.12266522494789157,-0.12266522494789157,-0.12266522494789157,1.893448143417529,1.893448143417529,1.893448143417529,-0.5831919411799374,-0.5831919411799374,-0.5831919411799374,-0.0501987023371969,-0.0501987023371969,-0.0501987023371969,-8.520621506439992,-8.520621506439992,-8.520621506439992,-1.704625410668222,-1.704625410668222,-1.704625410668222,-7.33820603672262,-7.33820603672262,-7.33820603672262,0.0,0.0,0.0,43.91606924781669
90,2018-03-18 12:00:00,56.73901323246007,32.55037751426039,52.473139995346564,56.73901323246007,56.73901323246007,0.0,0.0,0.0,0.0,0.0,0.0,0.0,0.0,0.0,0.0,0.0,0.0,0.0,0.0,0.0,0.0,0.0,0.0,0.0,0.0,0.0,0.0,0.0,0.0,0.0,0.0,0.0,0.0,0.0,0.0,-13.813551861666252,-13.813551861666252,-13.813551861666252,2.627855168017062,2.627855168017062,2.627855168017062,2.4748039353000957,2.4748039353000957,2.4748039353000957,-0.7493559286234484,-0.7493559286234484,-0.7493559286234484,-2.5955982236678983,-2.5955982236678983,-2.5955982236678983,0.0,0.0,0.0,0.00017471812120911808,0.00017471812120911808,0.00017471812120911808,1.9228197339667747,1.9228197339667747,1.9228197339667747,-0.6287025129396814,-0.6287025129396814,-0.6287025129396814,-0.012210599511824986,-0.012210599511824986,-0.012210599511824986,-8.353002224004818,-8.353002224004818,-8.353002224004818,-1.9106429798921236,-1.9106429798921236,-1.9106429798921236,-7.339048877055049,-7.339048877055049,-7.339048877055049,0.0,0.0,0.0,42.92546137079381
91,2018-03-18 13:00:00,56.73864685510391,30.61045051510899,51.387978499421266,56.73864685510391,56.73864685510391,0.0,0.0,0.0,0.0,0.0,0.0,0.0,0.0,0.0,0.0,0.0,0.0,0.0,0.0,0.0,0.0,0.0,0.0,0.0,0.0,0.0,0.0,0.0,0.0,0.0,0.0,0.0,0.0,0.0,0.0,-15.8443714193873,-15.8443714193873,-15.8443714193873,1.0102056083932325,1.0102056083932325,1.0102056083932325,2.4748039353000957,2.4748039353000957,2.4748039353000957,-1.3645569707006326,-1.3645569707006326,-1.3645569707006326,-2.781820426706661,-2.781820426706661,-2.781820426706661,0.0,0.0,0.0,0.12301466119030982,0.12301466119030982,0.12301466119030982,1.5922648843956013,1.5922648843956013,1.5922648843956013,-0.6614132363919973,-0.6614132363919973,-0.6614132363919973,-0.07442733484786718,-0.07442733484786718,-0.07442733484786718,-8.150117940969889,-8.150117940969889,-8.150117940969889,-2.036979453640114,-2.036979453640114,-2.036979453640114,-7.33990211611001,-7.33990211611001,-7.33990211611001,0.0,0.0,0.0,40.89427543571661
92,2018-03-18 14:00:00,56.73828047774775,29.31198830432912,49.00224187904511,56.73828047774775,56.73828047774775,0.0,0.0,0.0,0.0,0.0,0.0,0.0,0.0,0.0,0.0,0.0,0.0,0.0,0.0,0.0,0.0,0.0,0.0,0.0,0.0,0.0,0.0,0.0,0.0,0.0,0.0,0.0,0.0,0.0,0.0,-17.52631730875787,-17.52631730875787,-17.52631730875787,-0.40391049415636077,-0.40391049415636077,-0.40391049415636077,2.4748039353000957,2.4748039353000957,2.4748039353000957,-1.8687518909587795,-1.8687518909587795,-1.8687518909587795,-2.8637581960437166,-2.8637581960437166,-2.8637581960437166,0.0,0.0,0.0,0.2458546042594105,0.2458546042594105,0.2458546042594105,1.3289162165896513,1.3289162165896513,1.3289162165896513,-0.5907770364732281,-0.5907770364732281,-0.5907770364732281,-0.25644119759777906,-0.25644119759777906,-0.25644119759777906,-7.912889073797442,-7.912889073797442,-7.912889073797442,-2.207350216993213,-2.207350216993213,-2.207350216993213,-7.340765849845288,-7.340765849845288,-7.340765849845288,0.0,0.0,0.0,39.21196316898988
93,2018-03-18 15:00:00,56.73791410039159,29.86995961619024,50.04870824702302,56.73791410039159,56.73791410039159,0.0,0.0,0.0,0.0,0.0,0.0,0.0,0.0,0.0,0.0,0.0,0.0,0.0,0.0,0.0,0.0,0.0,0.0,0.0,0.0,0.0,0.0,0.0,0.0,0.0,0.0,0.0,0.0,0.0,0.0,-17.469276926006646,-17.469276926006646,-17.469276926006646,-0.5248486519448748,-0.5248486519448748,-0.5248486519448748,2.4748039353000957,2.4748039353000957,2.4748039353000957,-1.9602938488628294,-1.9602938488628294,-1.9602938488628294,-3.0249734175315606,-3.0249734175315606,-3.0249734175315606,0.0,0.0,0.0,0.36869454732851126,0.36869454732851126,0.36869454732851126,1.45237646161021,1.45237646161021,1.45237646161021,-0.40446813333177606,-0.40446813333177606,-0.40446813333177606,-0.39239074668542895,-0.39239074668542895,-0.39239074668542895,-7.642494251697203,-7.642494251697203,-7.642494251697203,-2.434336495552881,-2.434336495552881,-2.434336495552881,-7.341640173501742,-7.341640173501742,-7.341640173501742,0.0,0.0,0.0,39.26863717438495
94,2018-03-18 16:00:00,56.73754772303543,31.235398300447674,51.084317728627724,56.73754772303543,56.73754772303543,0.0,0.0,0.0,0.0,0.0,0.0,0.0,0.0,0.0,0.0,0.0,0.0,0.0,0.0,0.0,0.0,0.0,0.0,0.0,0.0,0.0,0.0,0.0,0.0,0.0,0.0,0.0,0.0,0.0,0.0,-15.401366548233081,-15.401366548233081,-15.401366548233081,1.1462997029376967,1.1462997029376967,1.1462997029376967,2.4748039353000957,2.4748039353000957,2.4748039353000957,-1.8647799705515162,-1.8647799705515162,-1.8647799705515162,-3.0856286493784713,-3.0856286493784713,-3.0856286493784713,0.0,0.0,0.0,0.49153449039761193,0.49153449039761193,0.49153449039761193,1.3319031580014389,1.3319031580014389,1.3319031580014389,-0.19255953357546804,-0.19255953357546804,-0.19255953357546804,-0.4489242225436596,-0.4489242225436596,-0.4489242225436596,-7.340361099018142,-7.340361099018142,-7.340361099018142,-2.4359091487530637,-2.4359091487530637,-2.4359091487530637,-7.342525181601122,-7.342525181601122,-7.342525181601122,0.0,0.0,0.0,41.33618117480235
95,2018-03-18 17:00:00,56.73718134567927,35.764605044853155,55.887608559825445,56.73718134567927,56.73718134567927,0.0,0.0,0.0,0.0,0.0,0.0,0.0,0.0,0.0,0.0,0.0,0.0,0.0,0.0,0.0,0.0,0.0,0.0,0.0,0.0,0.0,0.0,0.0,0.0,0.0,0.0,0.0,0.0,0.0,0.0,-10.750464766097355,-10.750464766097355,-10.750464766097355,3.8898361336045553,3.8898361336045553,3.8898361336045553,2.4748039353000957,2.4748039353000957,2.4748039353000957,-0.2887253893785553,-0.2887253893785553,-0.2887253893785553,-2.897278192590694,-2.897278192590694,-2.897278192590694,0.0,0.0,0.0,0.6143744334667127,0.6143744334667127,0.6143744334667127,1.5763345301994,1.5763345301994,1.5763345301994,0.2137171330714133,0.2137171330714133,0.2137171330714133,-0.39568105480416194,-0.39568105480416194,-0.39568105480416194,-7.008154542389043,-7.008154542389043,-7.008154542389043,-1.8749961740213212,-1.8749961740213212,-1.8749961740213212,-7.343420967934314,-7.343420967934314,-7.343420967934314,0.0,0.0,0.0,45.98671657958191
96,2018-03-18 18:00:00,56.86588041409778,41.583855683280106,60.90782908602677,56.86588041409778,56.86588041409778,0.0,0.0,0.0,0.0,0.0,0.0,0.0,0.0,0.0,0.0,0.0,0.0,0.0,0.0,0.0,0.0,0.0,0.0,0.0,0.0,0.0,0.0,0.0,0.0,0.0,0.0,0.0,0.0,0.0,0.0,-5.790454142171653,-5.790454142171653,-5.790454142171653,6.163957647976767,6.163957647976767,6.163957647976767,2.4408302095776917,2.4408302095776917,2.4408302095776917,1.8735830043222554,1.8735830043222554,1.8735830043222554,-2.5893812842982893,-2.5893812842982893,-2.5893812842982893,0.0,0.0,0.0,0.653297468303549,0.653297468303549,0.653297468303549,2.3652637984272253,2.3652637984272253,2.3652637984272253,0.5498177013702347,0.5498177013702347,0.5498177013702347,-0.032355847058030573,-0.032355847058030573,-0.032355847058030573,-6.619008227089084,-6.619008227089084,-6.619008227089084,-1.5138890420001256,-1.5138890420001256,-1.5138890420001256,-7.208986567381591,-7.208986567381591,-7.208986567381591,0.0,0.0,0.0,51.075426271926126
97,2018-03-18 19:00:00,56.86553895544917,43.08443788793605,62.63407150907014,56.86553895544917,56.86553895544917,0.0,0.0,0.0,0.0,0.0,0.0,0.0,0.0,0.0,0.0,0.0,0.0,0.0,0.0,0.0,0.0,0.0,0.0,0.0,0.0,0.0,0.0,0.0,0.0,0.0,0.0,0.0,0.0,0.0,0.0,-3.6708678922908864,-3.6708678922908864,-3.6708678922908864,6.40735452776347,6.40735452776347,6.40735452776347,2.4408302095776917,2.4408302095776917,2.4408302095776917,3.3667813926386905,3.3667813926386905,3.3667813926386905,-2.057162395814569,-2.057162395814569,-2.057162395814569,0.0,0.0,0.0,0.7621545966843399,0.7621545966843399,0.7621545966843399,2.6618641135712324,2.6618641135712324,2.6618641135712324,0.6103399318022753,0.6103399318022753,0.6103399318022753,0.33975011431296825,0.33975011431296825,0.33975011431296825,-6.2351626209930355,-6.2351626209930355,-6.2351626209930355,-1.3909951774952483,-1.3909951774952483,-1.3909951774952483,-7.2098411917000105,-7.2098411917000105,-7.2098411917000105,0.0,0.0,0.0,53.19467106315828
98,2018-03-18 20:00:00,56.86519749680055,42.47481280798289,63.359559301853295,56.86519749680055,56.86519749680055,0.0,0.0,0.0,0.0,0.0,0.0,0.0,0.0,0.0,0.0,0.0,0.0,0.0,0.0,0.0,0.0,0.0,0.0,0.0,0.0,0.0,0.0,0.0,0.0,0.0,0.0,0.0,0.0,0.0,0.0,-4.572589769762221,-4.572589769762221,-4.572589769762221,4.464722414807331,4.464722414807331,4.464722414807331,2.4408302095776917,2.4408302095776917,2.4408302095776917,4.000962764376842,4.000962764376842,4.000962764376842,-1.7729212459530228,-1.7729212459530228,-1.7729212459530228,0.0,0.0,0.0,0.8710117250651311,0.8710117250651311,0.8710117250651311,2.9042144565436003,2.9042144565436003,2.9042144565436003,0.6708621622343159,0.6708621622343159,0.6708621622343159,0.37913618664761356,0.37913618664761356,0.37913618664761356,-5.827565924485353,-5.827565924485353,-5.827565924485353,-1.4921707297384879,-1.4921707297384879,-1.4921707297384879,-7.210709024461041,-7.210709024461041,-7.210709024461041,0.0,0.0,0.0,52.29260772703833
99,2018-03-18 21:00:00,56.86485603815194,39.07059920759139,58.29918770765001,56.86485603815194,56.86485603815194,0.0,0.0,0.0,0.0,0.0,0.0,0.0,0.0,0.0,0.0,0.0,0.0,0.0,0.0,0.0,0.0,0.0,0.0,0.0,0.0,0.0,0.0,0.0,0.0,0.0,0.0,0.0,0.0,0.0,0.0,-8.255568491387216,-8.255568491387216,-8.255568491387216,1.2957462314656674,1.2957462314656674,1.2957462314656674,2.4408302095776917,2.4408302095776917,2.4408302095776917,3.0589299253192133,3.0589299253192133,3.0589299253192133,-2.2160814627165215,-2.2160814627165215,-2.2160814627165215,0.0,0.0,0.0,0.9798688534459222,0.9798688534459222,0.9798688534459222,2.505705315170627,2.505705315170627,2.505705315170627,0.6944805936224292,0.6944805936224292,0.6944805936224292,0.22628410087236567,0.22628410087236567,0.22628410087236567,-5.3986544890181705,-5.3986544890181705,-5.3986544890181705,-1.5721576846533005,-1.5721576846533005,-1.5721576846533005,-7.2115901591539275,-7.2115901591539275,-7.2115901591539275,0.0,0.0,0.0,48.609287546764726
100,2018-03-18 22:00:00,56.86451457950332,35.58855877648239,56.617217283327285,56.86451457950332,56.86451457950332,0.0,0.0,0.0,0.0,0.0,0.0,0.0,0.0,0.0,0.0,0.0,0.0,0.0,0.0,0.0,0.0,0.0,0.0,0.0,0.0,0.0,0.0,0.0,0.0,0.0,0.0,0.0,0.0,0.0,0.0,-11.619902594383717,-11.619902594383717,-11.619902594383717,-1.7986626192441497,-1.7986626192441497,-1.7986626192441497,2.4408302095776917,2.4408302095776917,2.4408302095776917,2.342256252518914,2.342256252518914,2.342256252518914,-2.4117972263172485,-2.4117972263172485,-2.4117972263172485,0.0,0.0,0.0,1.0887259818267134,1.0887259818267134,1.0887259818267134,2.2091050000266197,2.2091050000266197,2.2091050000266197,0.6959567455841864,0.6959567455841864,0.6959567455841864,-0.09463418526227113,-0.09463418526227113,-0.09463418526227113,-4.951011539220437,-4.951011539220437,-4.951011539220437,-1.5859302729167781,-1.5859302729167781,-1.5859302729167781,-7.212484688438047,-7.212484688438047,-7.212484688438047,0.0,0.0,0.0,45.244611985119604
101,2018-03-18 23:00:00,56.86417312085471,32.591410188703975,52.39718358580076,56.86417312085471,56.86417312085471,0.0,0.0,0.0,0.0,0.0,0.0,0.0,0.0,0.0,0.0,0.0,0.0,0.0,0.0,0.0,0.0,0.0,0.0,0.0,0.0,0.0,0.0,0.0,0.0,0.0,0.0,0.0,0.0,0.0,0.0,-14.509818479283549,-14.509818479283549,-14.509818479283549,-4.113027187559133,-4.113027187559133,-4.113027187559133,2.4408302095776917,2.4408302095776917,2.4408302095776917,1.3039455417666326,1.3039455417666326,1.3039455417666326,-2.584048429704264,-2.584048429704264,-2.584048429704264,0.0,0.0,0.0,1.1975831102075045,1.1975831102075045,1.1975831102075045,1.5702735520241435,1.5702735520241435,1.5702735520241435,0.6969408468920245,0.6969408468920245,0.6969408468920245,-0.44441663271074544,-0.44441663271074544,-0.44441663271074544,-4.487344129350377,-4.487344129350377,-4.487344129350377,-1.5732171145197216,-1.5732171145197216,-1.5732171145197216,-7.213392704140674,-7.213392704140674,-7.213392704140674,0.0,0.0,0.0,42.35435464157116
102,2018-03-19 00:00:00,56.86383166220609,29.614303639156415,48.85212617639587,56.86383166220609,56.86383166220609,0.0,0.0,0.0,0.0,0.0,0.0,0.0,0.0,0.0,0.0,0.0,0.0,0.0,0.0,0.0,0.0,0.0,0.0,0.0,0.0,0.0,0.0,0.0,0.0,0.0,0.0,0.0,0.0,0.0,0.0,-17.444447617826654,-17.444447617826654,-17.444447617826654,-5.750674863977999,-5.750674863977999,-5.750674863977999,2.2453429346261116,2.2453429346261116,2.2453429346261116,-0.4689995176719403,-0.4689995176719403,-0.4689995176719403,-2.5563175858153326,-2.5563175858153326,-2.5563175858153326,0.0,0.0,0.0,0.00015469801880251175,0.00015469801880251175,0.00015469801880251175,1.4739418257380559,1.4739418257380559,1.4739418257380559,0.6964487962381055,0.6964487962381055,0.6964487962381055,-0.6700689677110416,-0.6700689677110416,-0.6700689677110416,-4.010458938930486,-4.010458938930486,-4.010458938930486,-1.658501218766641,-1.658501218766641,-1.658501218766641,-7.214314297246225,-7.214314297246225,-7.214314297246225,0.0,0.0,0.0,39.419384044379434
103,2018-03-19 01:00:00,56.86349020355748,27.270016504166957,46.85994446443024,56.86349020355748,56.86349020355748,0.0,0.0,0.0,0.0,0.0,0.0,0.0,0.0,0.0,0.0,0.0,0.0,0.0,0.0,0.0,0.0,0.0,0.0,0.0,0.0,0.0,0.0,0.0,0.0,0.0,0.0,0.0,0.0,0.0,0.0,-20.411671192857142,-20.411671192857142,-20.411671192857142,-7.053358122750776,-7.053358122750776,-7.053358122750776,2.0498556596745314,2.0498556596745314,2.0498556596745314,-2.619826345301531,-2.619826345301531,-2.619826345301531,-2.6720405305056807,-2.6720405305056807,-2.6720405305056807,0.0,0.0,0.0,-1.1972737141698993,-1.1972737141698993,-1.1972737141698993,1.1955938376798338,1.1955938376798338,1.1955938376798338,0.6964487962381055,0.6964487962381055,0.6964487962381055,-0.8098397587036638,-0.8098397587036638,-0.8098397587036638,-3.523237166912853,-3.523237166912853,-3.523237166912853,-1.8825706355147582,-1.8825706355147582,-1.8825706355147582,-7.215249557891983,-7.215249557891983,-7.215249557891983,0.0,0.0,0.0,36.45181901070034
104,2018-03-19 02:00:00,56.86314874490886,25.66567254323242,45.39702173478953,56.86314874490886,56.86314874490886,0.0,0.0,0.0,0.0,0.0,0.0,0.0,0.0,0.0,0.0,0.0,0.0,0.0,0.0,0.0,0.0,0.0,0.0,0.0,0.0,0.0,0.0,0.0,0.0,0.0,0.0,0.0,0.0,0.0,0.0,-21.437458821585412,-21.437458821585412,-21.437458821585412,-7.930235914645516,-7.930235914645516,-7.930235914645516,1.854368384722952,1.854368384722952,1.854368384722952,-3.2624155404462982,-3.2624155404462982,-3.2624155404462982,-2.7269689328241404,-2.7269689328241404,-2.7269689328241404,0.0,0.0,0.0,-1.0884165857891082,-1.0884165857891082,-1.0884165857891082,1.0292948575649035,1.0292948575649035,1.0292948575649035,0.6969408468920245,0.6969408468920245,0.6969408468920245,-0.872260284894672,-0.872260284894672,-0.872260284894672,-3.02860879113208,-3.02860879113208,-3.02860879113208,-2.155373826118258,-2.155373826118258,-2.155373826118258,-7.216198575361518,-7.216198575361518,-7.216198575361518,0.0,0.0,0.0,35.425689923323446
105,2018-03-19 03:00:00,56.86280728626025,26.31866323192212,45.649661092285314,56.86280728626025,56.86280728626025,0.0,0.0,0.0,0.0,0.0,0.0,0.0,0.0,0.0,0.0,0.0,0.0,0.0,0.0,0.0,0.0,0.0,0.0,0.0,0.0,0.0,0.0,0.0,0.0,0.0,0.0,0.0,0.0,0.0,0.0,-21.01756599388812,-21.01756599388812,-21.01756599388812,-7.800480272453135,-7.800480272453135,-7.800480272453135,1.6588811097713716,1.6588811097713716,1.6588811097713716,-3.4703978147639676,-3.4703978147639676,-3.4703978147639676,-2.691772092503574,-2.691772092503574,-2.691772092503574,0.0,0.0,0.0,-0.9795594574083172,-0.9795594574083172,-0.9795594574083172,0.997860294250496,0.997860294250496,0.997860294250496,0.6964487962381055,0.6964487962381055,0.6964487962381055,-0.866572765423965,-0.866572765423965,-0.866572765423965,-2.5295264685923335,-2.5295264685923335,-2.5295264685923335,-2.285683699688085,-2.285683699688085,-2.285683699688085,-7.217161438078685,-7.217161438078685,-7.217161438078685,0.0,0.0,0.0,35.84524129237213
106,2018-03-19 04:00:00,56.86246582761163,28.399914647001875,48.59330637652708,56.86246582761163,56.86246582761163,0.0,0.0,0.0,0.0,0.0,0.0,0.0,0.0,0.0,0.0,0.0,0.0,0.0,0.0,0.0,0.0,0.0,0.0,0.0,0.0,0.0,0.0,0.0,0.0,0.0,0.0,0.0,0.0,0.0,0.0,-18.489090657167168,-18.489090657167168,-18.489090657167168,-6.1904611026634715,-6.1904611026634715,-6.1904611026634715,1.4633938348197915,1.4633938348197915,1.4633938348197915,-3.0515519659914268,-3.0515519659914268,-3.0515519659914268,-2.5099217508473126,-2.5099217508473126,-2.5099217508473126,0.0,0.0,0.0,-0.8707023290275261,-0.8707023290275261,-0.8707023290275261,1.1322177019653026,1.1322177019653026,1.1322177019653026,0.6964487962381055,0.6964487962381055,0.6964487962381055,-0.7504051802347766,-0.7504051802347766,-0.7504051802347766,-2.0289393549129,-2.0289393549129,-2.0289393549129,-2.212583038905011,-2.212583038905011,-2.212583038905011,-7.218138233599369,-7.218138233599369,-7.218138233599369,0.0,0.0,0.0,38.37337517044446
107,2018-03-19 05:00:00,56.86212436896301,31.545416462030552,52.12079790738314,56.86212436896301,56.86212436896301,0.0,0.0,0.0,0.0,0.0,0.0,0.0,0.0,0.0,0.0,0.0,0.0,0.0,0.0,0.0,0.0,0.0,0.0,0.0,0.0,0.0,0.0,0.0,0.0,0.0,0.0,0.0,0.0,0.0,0.0,-14.654834397029068,-14.654834397029068,-14.654834397029068,-3.3462825085283674,-3.3462825085283674,-3.3462825085283674,1.2679065598682115,1.2679065598682115,1.2679065598682115,-2.5596557194848035,-2.5596557194848035,-2.5596557194848035,-2.4261959337211163,-2.4261959337211163,-2.4261959337211163,0.0,0.0,0.0,-0.761845200646735,-0.761845200646735,-0.761845200646735,1.221958310137079,1.221958310137079,1.221958310137079,0.6964487962381055,0.6964487962381055,0.6964487962381055,-0.361236660451657,-0.361236660451657,-0.361236660451657,-1.5297671204122165,-1.5297671204122165,-1.5297671204122165,-2.196691590908691,-2.196691590908691,-2.196691590908691,-7.219129048603681,-7.219129048603681,-7.219129048603681,0.0,0.0,0.0,42.20728997193394
108,2018-03-19 06:00:00,56.8617829103144,36.227064228293806,56.522927643242134,56.8617829103144,56.8617829103144,0.0,0.0,0.0,0.0,0.0,0.0,0.0,0.0,0.0,0.0,0.0,0.0,0.0,0.0,0.0,0.0,0.0,0.0,0.0,0.0,0.0,0.0,0.0,0.0,0.0,0.0,0.0,0.0,0.0,0.0,-10.251492231431234,-10.251492231431234,-10.251492231431234,-0.21356296009156697,-0.21356296009156697,-0.21356296009156697,1.0724192849166312,1.0724192849166312,1.0724192849166312,-1.782920864108391,-1.782920864108391,-1.782920864108391,-2.352069254864165,-2.352069254864165,-2.352069254864165,0.0,0.0,0.0,-0.652988072265944,-0.652988072265944,-0.652988072265944,1.5591193521383857,1.5591193521383857,1.5591193521383857,0.6703701115803968,0.6703701115803968,0.6703701115803968,0.12433531435994451,0.12433531435994451,0.12433531435994451,-1.0348744383396171,-1.0348744383396171,-1.0348744383396171,-2.20410759997364,-2.20410759997364,-2.20410759997364,-7.220133968891659,-7.220133968891659,-7.220133968891659,0.0,0.0,0.0,46.61029067888317
109,2018-03-19 07:00:00,56.86144145166578,41.3105168357701,60.610846470651246,56.86144145166578,56.86144145166578,0.0,0.0,0.0,0.0,0.0,0.0,0.0,0.0,0.0,0.0,0.0,0.0,0.0,0.0,0.0,0.0,0.0,0.0,0.0,0.0,0.0,0.0,0.0,0.0,0.0,0.0,0.0,0.0,0.0,0.0,-6.180832736559589,-6.180832736559589,-6.180832736559589,2.2150593636206724,2.2150593636206724,2.2150593636206724,0.8769320099650519,0.8769320099650519,0.8769320099650519,-0.6276928061383024,-0.6276928061383024,-0.6276928061383024,-2.101425088944979,-2.101425088944979,-2.101425088944979,0.0,0.0,0.0,-0.5441309438851528,-0.5441309438851528,-0.5441309438851528,2.4580464611132995,2.4580464611132995,2.4580464611132995,0.4179481261199349,0.4179481261199349,0.4179481261199349,0.535258596118518,0.535258596118518,0.535258596118518,-0.5470462146635918,-0.5470462146635918,-0.5470462146635918,-2.270321966624975,-2.270321966624975,-2.270321966624975,-7.221153079378367,-7.221153079378367,-7.221153079378367,0.0,0.0,0.0,50.680608715106196
110,2018-03-19 08:00:00,56.86109999301717,41.81346516569853,62.020887155694936,56.86109999301717,56.86109999301717,0.0,0.0,0.0,0.0,0.0,0.0,0.0,0.0,0.0,0.0,0.0,0.0,0.0,0.0,0.0,0.0,0.0,0.0,0.0,0.0,0.0,0.0,0.0,0.0,0.0,0.0,0.0,0.0,0.0,0.0,-5.033381595591835,-5.033381595591835,-5.033381595591835,3.5519182741793376,3.5519182741793376,3.5519182741793376,0.6814447350134717,0.6814447350134717,0.6814447350134717,-1.294149587736846,-1.294149587736846,-1.294149587736846,-1.9115754653976798,-1.9115754653976798,-1.9115754653976798,0.0,0.0,0.0,-0.43527381550436184,-0.43527381550436184,-0.43527381550436184,2.29833859911268,2.29833859911268,2.29833859911268,0.05333859156593436,0.05333859156593436,0.05333859156593436,0.7788266174515409,0.7788266174515409,0.7788266174515409,-0.06896381795162626,-0.06896381795162626,-0.06896381795162626,-2.7592488499784316,-2.7592488499784316,-2.7592488499784316,-7.222186464082701,-7.222186464082701,-7.222186464082701,0.0,0.0,0.0,51.827718397425336
111,2018-03-19 09:00:00,56.86075853436855,41.92540351019571,61.5222830426565,56.86075853436855,56.86075853436855,0.0,0.0,0.0,0.0,0.0,0.0,0.0,0.0,0.0,0.0,0.0,0.0,0.0,0.0,0.0,0.0,0.0,0.0,0.0,0.0,0.0,0.0,0.0,0.0,0.0,0.0,0.0,0.0,0.0,0.0,-5.099232663829107,-5.099232663829107,-5.099232663829107,4.058090120586332,4.058090120586332,4.058090120586332,0.4859574600618915,0.4859574600618915,0.4859574600618915,-2.330906021080486,-2.330906021080486,-2.330906021080486,-2.176085053261332,-2.176085053261332,-2.176085053261332,0.0,0.0,0.0,-0.3264166871235707,-0.3264166871235707,-0.3264166871235707,2.2785652447697466,2.2785652447697466,2.2785652447697466,-0.1287201503841064,-0.1287201503841064,-0.1287201503841064,0.911630197092547,0.911630197092547,0.911630197092547,0.39681744279116166,0.39681744279116166,0.39681744279116166,-3.375837032235662,-3.375837032235662,-3.375837032235662,-7.223234206126114,-7.223234206126114,-7.223234206126114,0.0,0.0,0.0,51.761525870539444
112,2018-03-19 10:00:00,56.860417075719944,41.92755287113488,61.50972459379582,56.860417075719944,56.860417075719944,0.0,0.0,0.0,0.0,0.0,0.0,0.0,0.0,0.0,0.0,0.0,0.0,0.0,0.0,0.0,0.0,0.0,0.0,0.0,0.0,0.0,0.0,0.0,0.0,0.0,0.0,0.0,0.0,0.0,0.0,-5.295265843739628,-5.295265843739628,-5.295265843739628,4.11358333868623,4.11358333868623,4.11358333868623,0.2904701851103113,0.2904701851103113,0.2904701851103113,-3.0324421553565144,-3.0324421553565144,-3.0324421553565144,-2.355802253079983,-2.355802253079983,-2.355802253079983,0.0,0.0,0.0,-0.21755955874277963,-0.21755955874277963,-0.21755955874277963,2.3145628898556,2.3145628898556,2.3145628898556,-0.15381473373397692,-0.15381473373397692,-0.15381473373397692,0.9761835430850703,0.9761835430850703,0.9761835430850703,0.847889360651514,0.847889360651514,0.847889360651514,-3.8864822278507565,-3.8864822278507565,-3.8864822278507565,-7.224296387720858,-7.224296387720858,-7.224296387720858,0.0,0.0,0.0,51.565151231980316
113,2018-03-19 11:00:00,56.860075617071324,41.43351995390493,60.931815037339184,56.860075617071324,56.860075617071324,0.0,0.0,0.0,0.0,0.0,0.0,0.0,0.0,0.0,0.0,0.0,0.0,0.0,0.0,0.0,0.0,0.0,0.0,0.0,0.0,0.0,0.0,0.0,0.0,0.0,0.0,0.0,0.0,0.0,0.0,-5.3184423498577456,-5.3184423498577456,-5.3184423498577456,3.736174704281965,3.736174704281965,3.736174704281965,0.09498291015873153,0.09498291015873153,0.09498291015873153,-3.111254143227904,-3.111254143227904,-3.111254143227904,-2.391532378859952,-2.391532378859952,-2.391532378859952,0.0,0.0,0.0,-0.10870243036198857,-0.10870243036198857,-0.10870243036198857,2.416471716084567,2.416471716084567,2.416471716084567,-0.1577511389653291,-0.1577511389653291,-0.1577511389653291,0.9646663161568889,0.9646663161568889,0.9646663161568889,1.2820101792568437,1.2820101792568437,1.2820101792568437,-3.9293891374408214,-3.9293891374408214,-3.9293891374408214,-7.22537309016865,-7.22537309016865,-7.22537309016865,0.0,0.0,0.0,51.54163326721358
114,2018-03-19 12:00:00,56.85973415842271,40.00249827114703,60.32583660949397,56.85973415842271,56.85973415842271,0.0,0.0,0.0,0.0,0.0,0.0,0.0,0.0,0.0,0.0,0.0,0.0,0.0,0.0,0.0,0.0,0.0,0.0,0.0,0.0,0.0,0.0,0.0,0.0,0.0,0.0,0.0,0.0,0.0,0.0,-6.777137785224586,-6.777137785224586,-6.777137785224586,2.692005232071522,2.692005232071522,2.692005232071522,-0.10050436479284866,-0.10050436479284866,-0.10050436479284866,-3.939800677424743,-3.939800677424743,-3.939800677424743,-2.4875237615524064,-2.4875237615524064,-2.4875237615524064,0.0,0.0,0.0,0.00015469801880251175,0.00015469801880251175,0.00015469801880251175,2.194908745626565,2.194908745626565,2.194908745626565,-0.1252757958066732,-0.1252757958066732,-0.1252757958066732,0.9575569168185053,0.9575569168185053,0.9575569168185053,1.6971220539787866,1.6971220539787866,1.6971220539787866,-4.379117115736687,-4.379117115736687,-4.379117115736687,-7.2264643938501525,-7.2264643938501525,-7.2264643938501525,0.0,0.0,0.0,50.08259637319812
115,2018-03-19 13:00:00,56.85939269977409,38.140906913289896,57.215209523546605,56.85939269977409,56.85939269977409,0.0,0.0,0.0,0.0,0.0,0.0,0.0,0.0,0.0,0.0,0.0,0.0,0.0,0.0,0.0,0.0,0.0,0.0,0.0,0.0,0.0,0.0,0.0,0.0,0.0,0.0,0.0,0.0,0.0,0.0,-8.915815868506236,-8.915815868506236,-8.915815868506236,1.0739945687014318,1.0739945687014318,1.0739945687014318,-0.2959916397444284,-0.2959916397444284,-0.2959916397444284,-4.8536065127422825,-4.8536065127422825,-4.8536065127422825,-2.616045557268415,-2.616045557268415,-2.616045557268415,0.0,0.0,0.0,0.1090118263995936,0.1090118263995936,0.1090118263995936,1.7664860681963326,1.7664860681963326,1.7664860681963326,-0.02588156371502932,-0.02588156371502932,-0.02588156371502932,0.7971688677445706,0.7971688677445706,0.7971688677445706,2.091366453756901,2.091366453756901,2.091366453756901,-4.588354514354906,-4.588354514354906,-4.588354514354906,-7.227570378222286,-7.227570378222286,-7.227570378222286,0.0,0.0,0.0,47.943576831267855
116,2018-03-19 14:00:00,56.859051241125485,36.23540612190178,56.075406904102344,56.859051241125485,56.859051241125485,0.0,0.0,0.0,0.0,0.0,0.0,0.0,0.0,0.0,0.0,0.0,0.0,0.0,0.0,0.0,0.0,0.0,0.0,0.0,0.0,0.0,0.0,0.0,0.0,0.0,0.0,0.0,0.0,0.0,0.0,-10.33000987165755,-10.33000987165755,-10.33000987165755,-0.3350794927724467,-0.3350794927724467,-0.3350794927724467,-0.4914789146960086,-0.4914789146960086,-0.4914789146960086,-5.229336613918605,-5.229336613918605,-5.229336613918605,-2.584581715163666,-2.584581715163666,-2.584581715163666,0.0,0.0,0.0,0.21786895478038465,0.21786895478038465,0.21786895478038465,1.5641894429955483,1.5641894429955483,1.5641894429955483,0.05432269287377242,0.05432269287377242,0.05432269287377242,0.6723278153625541,0.6723278153625541,0.6723278153625541,2.4630973568436016,2.4630973568436016,2.4630973568436016,-4.66198489007119,-4.66198489007119,-4.66198489007119,-7.228691121810098,-7.228691121810098,-7.228691121810098,0.0,0.0,0.0,46.52904136946793
117,2018-03-19 15:00:00,56.858709782476865,37.1556770353164,57.33094561958081,56.858709782476865,56.858709782476865,0.0,0.0,0.0,0.0,0.0,0.0,0.0,0.0,0.0,0.0,0.0,0.0,0.0,0.0,0.0,0.0,0.0,0.0,0.0,0.0,0.0,0.0,0.0,0.0,0.0,0.0,0.0,0.0,0.0,0.0,-10.12090748866999,-10.12090748866999,-10.12090748866999,-0.4450811355595182,-0.4450811355595182,-0.4450811355595182,-0.6869661896475888,-0.6869661896475888,-0.6869661896475888,-5.256891770441183,-5.256891770441183,-5.256891770441183,-2.5824485733260563,-2.5824485733260563,-2.5824485733260563,0.0,0.0,0.0,0.3267260831611757,0.3267260831611757,0.3267260831611757,1.5155165707667884,1.5155165707667884,1.5155165707667884,0.03562476802484931,0.03562476802484931,0.03562476802484931,0.6409042702868987,0.6409042702868987,0.6409042702868987,2.810892119528652,2.810892119528652,2.810892119528652,-4.506248699707251,-4.506248699707251,-4.506248699707251,-7.229826702197942,-7.229826702197942,-7.229826702197942,0.0,0.0,0.0,46.73780229380687
118,2018-03-19 16:00:00,56.85836832382825,39.4506396893369,58.68662467091758,56.85836832382825,56.85836832382825,0.0,0.0,0.0,0.0,0.0,0.0,0.0,0.0,0.0,0.0,0.0,0.0,0.0,0.0,0.0,0.0,0.0,0.0,0.0,0.0,0.0,0.0,0.0,0.0,0.0,0.0,0.0,0.0,0.0,0.0,-7.6222936772941585,-7.6222936772941585,-7.6222936772941585,1.2324900458097483,1.2324900458097483,1.2324900458097483,-0.8824534645991686,-0.8824534645991686,-0.8824534645991686,-4.757366450581022,-4.757366450581022,-4.757366450581022,-2.5979138516487295,-2.5979138516487295,-2.5979138516487295,0.0,0.0,0.0,0.43558321154196683,0.43558321154196683,0.43558321154196683,1.7507687865391288,1.7507687865391288,1.7507687865391288,0.19554123054853378,0.19554123054853378,0.19554123054853378,0.6254057797292224,0.6254057797292224,0.6254057797292224,3.1335599235060534,3.1335599235060534,3.1335599235060534,-4.284298142691975,-4.284298142691975,-4.284298142691975,-7.230977196028939,-7.230977196028939,-7.230977196028939,0.0,0.0,0.0,49.23607464653409
119,2018-03-19 17:00:00,56.85802686517963,42.52449678568676,62.33211062836878,56.85802686517963,56.85802686517963,0.0,0.0,0.0,0.0,0.0,0.0,0.0,0.0,0.0,0.0,0.0,0.0,0.0,0.0,0.0,0.0,0.0,0.0,0.0,0.0,0.0,0.0,0.0,0.0,0.0,0.0,0.0,0.0,0.0,0.0,-4.595052118232561,-4.595052118232561,-4.595052118232561,3.9718097102803402,3.9718097102803402,3.9718097102803402,-1.0779407395507488,-1.0779407395507488,-1.0779407395507488,-4.764866886322823,-4.764866886322823,-4.764866886322823,-2.721102792770713,-2.721102792770713,-2.721102792770713,0.0,0.0,0.0,0.5444403399227579,0.5444403399227579,0.5444403399227579,1.783724377110685,1.783724377110685,1.783724377110685,0.39285354277006446,0.39285354277006446,0.39285354277006446,0.644601157942858,0.644601157942858,0.644601157942858,3.430147736803839,3.430147736803839,3.430147736803839,-4.331442771747726,-4.331442771747726,-4.331442771747726,-7.232142678993918,-7.232142678993918,-7.232142678993918,0.0,0.0,0.0,52.26297474694707
120,2018-03-19 18:00:00,57.05687437923462,45.70730179619585,65.57314704885917,57.05687437923462,57.05687437923462,0.0,0.0,0.0,0.0,0.0,0.0,0.0,0.0,0.0,0.0,0.0,0.0,0.0,0.0,0.0,0.0,0.0,0.0,0.0,0.0,0.0,0.0,0.0,0.0,0.0,0.0,0.0,0.0,0.0,0.0,-0.770102657441935,-0.770102657441935,-0.770102657441935,6.137799120004018,6.137799120004018,6.137799120004018,-1.2418839170979452,-1.2418839170979452,-1.2418839170979452,-3.4856489566163464,-3.4856489566163464,-3.4856489566163464,-2.6167502063876316,-2.6167502063876316,-2.6167502063876316,0.0,0.0,0.0,0.6497867548266604,0.6497867548266604,0.6497867548266604,2.6372628413389103,2.6372628413389103,2.6372628413389103,0.580302369564736,0.580302369564736,0.580302369564736,0.8844716130796543,0.8844716130796543,0.8844716130796543,3.684769253868949,3.684769253868949,3.684769253868949,-4.37883841194073,-4.37883841194073,-4.37883841194073,-7.107022074698557,-7.107022074698557,-7.107022074698557,0.0,0.0,0.0,56.28677172179269
121,2018-03-19 19:00:00,57.05656688627983,48.87281622038042,68.01128973946683,57.05656688627983,57.05656688627983,0.0,0.0,0.0,0.0,0.0,0.0,0.0,0.0,0.0,0.0,0.0,0.0,0.0,0.0,0.0,0.0,0.0,0.0,0.0,0.0,0.0,0.0,0.0,0.0,0.0,0.0,0.0,0.0,0.0,0.0,1.1745364153768958,1.1745364153768958,1.1745364153768958,6.382967019853817,6.382967019853817,6.382967019853817,-1.4323952046776742,-1.4323952046776742,-1.4323952046776742,-2.021362041662772,-2.021362041662772,-2.021362041662772,-2.163155472108159,-2.163155472108159,-2.163155472108159,0.0,0.0,0.0,0.7580589246906296,0.7580589246906296,0.7580589246906296,3.2791811953425523,3.2791811953425523,3.2791811953425523,0.6403473951331166,0.6403473951331166,0.6403473951331166,1.119154409826865,1.119154409826865,1.119154409826865,3.9209735983601997,3.9209735983601997,3.9209735983601997,-4.222553289870103,-4.222553289870103,-4.222553289870103,-7.108042161174349,-7.108042161174349,-7.108042161174349,0.0,0.0,0.0,58.23110330165673
122,2018-03-19 20:00:00,57.056259393325035,45.48261533259366,66.71465971407399,57.056259393325035,57.056259393325035,0.0,0.0,0.0,0.0,0.0,0.0,0.0,0.0,0.0,0.0,0.0,0.0,0.0,0.0,0.0,0.0,0.0,0.0,0.0,0.0,0.0,0.0,0.0,0.0,0.0,0.0,0.0,0.0,0.0,0.0,-1.260648546552429,-1.260648546552429,-1.260648546552429,4.445333533126219,4.445333533126219,4.445333533126219,-1.622906492257403,-1.622906492257403,-1.622906492257403,-2.7267709628563583,-2.7267709628563583,-2.7267709628563583,-2.5450164374706636,-2.5450164374706636,-2.5450164374706636,0.0,0.0,0.0,0.866331094554599,0.866331094554599,0.866331094554599,3.13429841825418,3.13429841825418,3.13429841825418,0.6623150874142314,0.6623150874142314,0.6623150874142314,0.9803756405965434,0.9803756405965434,0.9803756405965434,4.1298687960204665,4.1298687960204665,4.1298687960204665,-4.202168273947846,-4.202168273947846,-4.202168273947846,-7.109079912842757,-7.109079912842757,-7.109079912842757,0.0,0.0,0.0,55.795610846772604
123,2018-03-19 21:00:00,57.055951900370246,41.845639862967566,62.18353373721557,57.055951900370246,57.055951900370246,0.0,0.0,0.0,0.0,0.0,0.0,0.0,0.0,0.0,0.0,0.0,0.0,0.0,0.0,0.0,0.0,0.0,0.0,0.0,0.0,0.0,0.0,0.0,0.0,0.0,0.0,0.0,0.0,0.0,0.0,-5.200020274981259,-5.200020274981259,-5.200020274981259,1.2844031504882303,1.2844031504882303,1.2844031504882303,-1.813417779837132,-1.813417779837132,-1.813417779837132,-3.685787086693571,-3.685787086693571,-3.685787086693571,-2.6426390853952593,-2.6426390853952593,-2.6426390853952593,0.0,0.0,0.0,0.9746032644185685,0.9746032644185685,0.9746032644185685,2.583640745904068,2.583640745904068,2.583640745904068,0.67500753184332,0.67500753184332,0.67500753184332,0.6393522015732527,0.6393522015732527,0.6393522015732527,4.311499066125141,4.311499066125141,4.311499066125141,-4.102333965200389,-4.102333965200389,-4.102333965200389,-7.11013540490106,-7.11013540490106,-7.11013540490106,0.0,0.0,0.0,51.85593162538899
124,2018-03-19 22:00:00,57.05564440741545,36.69413085800973,57.061096042115565,57.05564440741545,57.05564440741545,0.0,0.0,0.0,0.0,0.0,0.0,0.0,0.0,0.0,0.0,0.0,0.0,0.0,0.0,0.0,0.0,0.0,0.0,0.0,0.0,0.0,0.0,0.0,0.0,0.0,0.0,0.0,0.0,0.0,0.0,-9.685291956082601,-9.685291956082601,-9.685291956082601,-1.7990758853635858,-1.7990758853635858,-1.7990758853635858,-2.003929067416861,-2.003929067416861,-2.003929067416861,-5.241143766482213,-5.241143766482213,-5.241143766482213,-2.791500139689117,-2.791500139689117,-2.791500139689117,0.0,0.0,0.0,1.082875434282538,1.082875434282538,1.082875434282538,1.5849292184301287,1.5849292184301287,1.5849292184301287,0.6901408309703102,0.6901408309703102,0.6901408309703102,0.21765655116810842,0.21765655116810842,0.21765655116810842,4.4661364072441225,4.4661364072441225,4.4661364072441225,-4.02131659422732,-4.02131659422732,-4.02131659422732,-7.111208711480924,-7.111208711480924,-7.111208711480924,0.0,0.0,0.0,47.37035245133285
125,2018-03-19 23:00:00,57.05533691446066,33.77618184017754,53.776678286017535,57.05533691446066,57.05533691446066,0.0,0.0,0.0,0.0,0.0,0.0,0.0,0.0,0.0,0.0,0.0,0.0,0.0,0.0,0.0,0.0,0.0,0.0,0.0,0.0,0.0,0.0,0.0,0.0,0.0,0.0,0.0,0.0,0.0,0.0,-13.04050011163457,-13.04050011163457,-13.04050011163457,-4.100707741645476,-4.100707741645476,-4.100707741645476,-2.1944403549965896,-2.1944403549965896,-2.1944403549965896,-6.421764013968786,-6.421764013968786,-6.421764013968786,-3.110796314116522,-3.110796314116522,-3.110796314116522,0.0,0.0,0.0,1.1911476041465074,1.1911476041465074,1.1911476041465074,1.2456663453904526,1.2456663453904526,1.2456663453904526,0.6901408309703102,0.6901408309703102,0.6901408309703102,-0.10037812831804556,-0.10037812831804556,-0.10037812831804556,4.594271549619015,4.594271549619015,4.594271549619015,-4.1431039970449,-4.1431039970449,-4.1431039970449,-7.1122999056393255,-7.1122999056393255,-7.1122999056393255,0.0,0.0,0.0,44.01483680282609
126,2018-03-20 00:00:00,57.055029421505864,31.018555424982644,50.8194765531594,57.055029421505864,57.055029421505864,0.0,0.0,0.0,0.0,0.0,0.0,0.0,0.0,0.0,0.0,0.0,0.0,0.0,0.0,0.0,0.0,0.0,0.0,0.0,0.0,0.0,0.0,0.0,0.0,0.0,0.0,0.0,0.0,0.0,0.0,-16.326606601537833,-16.326606601537833,-16.326606601537833,-5.726422511990225,-5.726422511990225,-5.726422511990225,-2.384951642576318,-2.384951642576318,-2.384951642576318,-8.183377817814378,-8.183377817814378,-8.183377817814378,-3.1080995558865605,-3.1080995558865605,-3.1080995558865605,0.0,0.0,0.0,0.00015373564284395665,0.00015373564284395665,0.00015373564284395665,1.0770661030135924,1.0770661030135924,1.0770661030135924,0.6901408309703102,0.6901408309703102,0.6901408309703102,-0.35692140192572364,-0.35692140192572364,-0.35692140192572364,4.696602787623063,4.696602787623063,4.696602787623063,-4.100765887052522,-4.100765887052522,-4.100765887052522,-7.113409059356297,-7.113409059356297,-7.113409059356297,0.0,0.0,0.0,40.72842281996803
127,2018-03-20 01:00:00,57.05472192855107,28.39763514450568,48.46142248174291,57.05472192855107,57.05472192855107,0.0,0.0,0.0,0.0,0.0,0.0,0.0,0.0,0.0,0.0,0.0,0.0,0.0,0.0,0.0,0.0,0.0,0.0,0.0,0.0,0.0,0.0,0.0,0.0,0.0,0.0,0.0,0.0,0.0,0.0,-18.6587115576808,-18.6587115576808,-18.6587115576808,-7.021248063193539,-7.021248063193539,-7.021248063193539,-2.384951642576318,-2.384951642576318,-2.384951642576318,-9.296950099849058,-9.296950099849058,-9.296950099849058,-3.1296736217262504,-3.1296736217262504,-3.1296736217262504,0.0,0.0,0.0,-1.1908401328608194,-1.1908401328608194,-1.1908401328608194,1.047161472867238,1.047161472867238,1.047161472867238,0.6896526600307299,0.6896526600307299,0.6896526600307299,-0.5113550932948316,-0.5113550932948316,-0.5113550932948316,4.774022848885384,4.774022848885384,4.774022848885384,-3.8169437422888066,-3.8169437422888066,-3.8169437422888066,-7.114536243523583,-7.114536243523583,-7.114536243523583,0.0,0.0,0.0,38.39601037087027
128,2018-03-20 02:00:00,57.05441443559628,28.29162295690933,46.72104472795777,57.05441443559628,57.05441443559628,0.0,0.0,0.0,0.0,0.0,0.0,0.0,0.0,0.0,0.0,0.0,0.0,0.0,0.0,0.0,0.0,0.0,0.0,0.0,0.0,0.0,0.0,0.0,0.0,0.0,0.0,0.0,0.0,0.0,0.0,-19.547489130964294,-19.547489130964294,-19.547489130964294,-7.896333325816997,-7.896333325816997,-7.896333325816997,-2.384951642576318,-2.384951642576318,-2.384951642576318,-9.363078254797701,-9.363078254797701,-9.363078254797701,-3.190081006077381,-3.190081006077381,-3.190081006077381,0.0,0.0,0.0,-1.0825679629968499,-1.0825679629968499,-1.0825679629968499,0.937339296640109,0.937339296640109,0.937339296640109,0.6901408309703102,0.6901408309703102,0.6901408309703102,-0.5729875345078912,-0.5729875345078912,-0.5729875345078912,4.827603977593128,4.827603977593128,4.827603977593128,-3.7599702362496816,-3.7599702362496816,-3.7599702362496816,-7.115681527942724,-7.115681527942724,-7.115681527942724,0.0,0.0,0.0,37.506925304631984
129,2018-03-20 03:00:00,57.05410694264148,26.98427224809584,47.91251005865805,57.05410694264148,57.05410694264148,0.0,0.0,0.0,0.0,0.0,0.0,0.0,0.0,0.0,0.0,0.0,0.0,0.0,0.0,0.0,0.0,0.0,0.0,0.0,0.0,0.0,0.0,0.0,0.0,0.0,0.0,0.0,0.0,0.0,0.0,-19.08088798641861,-19.08088798641861,-19.08088798641861,-7.770148960819679,-7.770148960819679,-7.770148960819679,-2.384951642576318,-2.384951642576318,-2.384951642576318,-9.052475472470283,-9.052475472470283,-9.052475472470283,-3.176057863281583,-3.176057863281583,-3.176057863281583,0.0,0.0,0.0,-0.9742957931328806,-0.9742957931328806,-0.9742957931328806,1.0069449012911065,1.0069449012911065,1.0069449012911065,0.6901408309703102,0.6901408309703102,0.6901408309703102,-0.5865269266279226,-0.5865269266279226,-0.5865269266279226,4.858581428192074,4.858581428192074,4.858581428192074,-3.6277289791129963,-3.6277289791129963,-3.6277289791129963,-7.1168449813207175,-7.1168449813207175,-7.1168449813207175,0.0,0.0,0.0,37.97321895622287
130,2018-03-20 04:00:00,57.053799449686686,30.302623639941817,49.77768059865938,57.053799449686686,57.053799449686686,0.0,0.0,0.0,0.0,0.0,0.0,0.0,0.0,0.0,0.0,0.0,0.0,0.0,0.0,0.0,0.0,0.0,0.0,0.0,0.0,0.0,0.0,0.0,0.0,0.0,0.0,0.0,0.0,0.0,0.0,-16.85573982648592,-16.85573982648592,-16.85573982648592,-6.166219180967221,-6.166219180967221,-6.166219180967221,-2.384951642576318,-2.384951642576318,-2.384951642576318,-8.439829556543776,-8.439829556543776,-8.439829556543776,-3.001307929980097,-3.001307929980097,-3.001307929980097,0.0,0.0,0.0,-0.8660236232689112,-0.8660236232689112,-0.8660236232689112,1.1250166306620573,1.1250166306620573,1.1250166306620573,0.6901408309703102,0.6901408309703102,0.6901408309703102,-0.4941487824756251,-0.4941487824756251,-0.4941487824756251,4.868335582282787,4.868335582282787,4.868335582282787,-3.508555039875193,-3.508555039875193,-3.508555039875193,-7.118026671257709,-7.118026671257709,-7.118026671257709,0.0,0.0,0.0,40.19805962320076
131,2018-03-20 05:00:00,57.0534919567319,34.52340890644864,53.270941542198734,57.0534919567319,57.0534919567319,0.0,0.0,0.0,0.0,0.0,0.0,0.0,0.0,0.0,0.0,0.0,0.0,0.0,0.0,0.0,0.0,0.0,0.0,0.0,0.0,0.0,0.0,0.0,0.0,0.0,0.0,0.0,0.0,0.0,0.0,-13.26815985162203,-13.26815985162203,-13.26815985162203,-3.327839353879052,-3.327839353879052,-3.327839353879052,-2.384951642576318,-2.384951642576318,-2.384951642576318,-7.679466748452794,-7.679466748452794,-7.679466748452794,-2.990520897060253,-2.990520897060253,-2.990520897060253,0.0,0.0,0.0,-0.7577514534049418,-0.7577514534049418,-0.7577514534049418,1.3322866534005826,1.3322866534005826,1.3322866534005826,0.6901408309703102,0.6901408309703102,0.6901408309703102,-0.08415906484092461,-0.08415906484092461,-0.08415906484092461,4.85837291495737,4.85837291495737,4.85837291495737,-3.4845111749412503,-3.4845111749412503,-3.4845111749412503,-7.119226664247553,-7.119226664247553,-7.119226664247553,0.0,0.0,0.0,43.785332105109866
132,2018-03-20 06:00:00,57.05318446377711,38.569741420472056,58.3950678513074,57.05318446377711,57.05318446377711,0.0,0.0,0.0,0.0,0.0,0.0,0.0,0.0,0.0,0.0,0.0,0.0,0.0,0.0,0.0,0.0,0.0,0.0,0.0,0.0,0.0,0.0,0.0,0.0,0.0,0.0,0.0,0.0,0.0,0.0,-8.687748963481498,-8.687748963481498,-8.687748963481498,-0.19980158404840148,-0.19980158404840148,-0.19980158404840148,-2.384951642576318,-2.384951642576318,-2.384951642576318,-6.197808401771183,-6.197808401771183,-6.197808401771183,-2.896673710657603,-2.896673710657603,-2.896673710657603,0.0,0.0,0.0,-0.6494792835409724,-0.6494792835409724,-0.6494792835409724,2.3093431038719894,2.3093431038719894,2.3093431038719894,0.6618269164746511,0.6618269164746511,0.6618269164746511,0.4787129554824637,0.4787129554824637,0.4787129554824637,4.8303060480056565,4.8303060480056565,4.8303060480056565,-3.7165867408253934,-3.7165867408253934,-3.7165867408253934,-7.1204450256675695,-7.1204450256675695,-7.1204450256675695,0.0,0.0,0.0,48.36543550029561
133,2018-03-20 07:00:00,57.05287697082231,42.401548473647914,61.4237747818301,57.05287697082231,57.05287697082231,0.0,0.0,0.0,0.0,0.0,0.0,0.0,0.0,0.0,0.0,0.0,0.0,0.0,0.0,0.0,0.0,0.0,0.0,0.0,0.0,0.0,0.0,0.0,0.0,0.0,0.0,0.0,0.0,0.0,0.0,-5.267022263535452,-5.267022263535452,-5.267022263535452,2.2240934731752082,2.2240934731752082,2.2240934731752082,-2.384951642576318,-2.384951642576318,-2.384951642576318,-5.155267051854506,-5.155267051854506,-5.155267051854506,-2.5487918989926097,-2.5487918989926097,-2.5487918989926097,0.0,0.0,0.0,-0.541207113677003,-0.541207113677003,-0.541207113677003,2.847626446506369,2.847626446506369,2.847626446506369,0.3201072587684201,0.3201072587684201,0.3201072587684201,0.9699390258373525,0.9699390258373525,0.9699390258373525,4.78583313492022,4.78583313492022,4.78583313492022,-3.817989127720717,-3.817989127720717,-3.817989127720717,-7.121681819776375,-7.121681819776375,-7.121681819776375,0.0,0.0,0.0,51.78585470728686
134,2018-03-20 08:00:00,57.052569477867515,42.559728871515674,62.91667578489855,57.052569477867515,57.052569477867515,0.0,0.0,0.0,0.0,0.0,0.0,0.0,0.0,0.0,0.0,0.0,0.0,0.0,0.0,0.0,0.0,0.0,0.0,0.0,0.0,0.0,0.0,0.0,0.0,0.0,0.0,0.0,0.0,0.0,0.0,-4.233470411619962,-4.233470411619962,-4.233470411619962,3.5548664999190502,3.5548664999190502,3.5548664999190502,-2.384951642576318,-2.384951642576318,-2.384951642576318,-5.392116629550652,-5.392116629550652,-5.392116629550652,-2.3152526362779704,-2.3152526362779704,-2.3152526362779704,0.0,0.0,0.0,-0.4329349438130336,-0.4329349438130336,-0.4329349438130336,2.8151438310025703,2.8151438310025703,2.8151438310025703,-0.30182251825692025,-0.30182251825692025,-0.30182251825692025,1.198839373866633,1.198839373866633,1.198839373866633,4.726716827717487,4.726716827717487,4.726716827717487,-3.9711380934956138,-3.9711380934956138,-3.9711380934956138,-7.1229371097058465,-7.1229371097058465,-7.1229371097058465,0.0,0.0,0.0,52.81909906624755
135,2018-03-20 09:00:00,57.052261984912725,40.89440681008469,61.29686037173849,57.052261984912725,57.052261984912725,0.0,0.0,0.0,0.0,0.0,0.0,0.0,0.0,0.0,0.0,0.0,0.0,0.0,0.0,0.0,0.0,0.0,0.0,0.0,0.0,0.0,0.0,0.0,0.0,0.0,0.0,0.0,0.0,0.0,0.0,-5.362920233461272,-5.362920233461272,-5.362920233461272,4.053985233513287,4.053985233513287,4.053985233513287,-2.384951642576318,-2.384951642576318,-2.384951642576318,-6.947457586846477,-6.947457586846477,-6.947457586846477,-2.3314331856577373,-2.3314331856577373,-2.3314331856577373,0.0,0.0,0.0,-0.32466277394906423,-0.32466277394906423,-0.32466277394906423,2.2361283197205704,2.2361283197205704,2.2361283197205704,-1.0287090472920315,-1.0287090472920315,-1.0287090472920315,1.2759857018838954,1.2759857018838954,1.2759857018838954,4.654763077327558,4.654763077327558,4.654763077327558,-4.3898149589757915,-4.3898149589757915,-4.3898149589757915,-7.12421095745564,-7.12421095745564,-7.12421095745564,0.0,0.0,0.0,51.68934175145145
136,2018-03-20 10:00:00,57.05195449195793,41.36909976077289,61.78252490722949,57.05195449195793,57.05195449195793,0.0,0.0,0.0,0.0,0.0,0.0,0.0,0.0,0.0,0.0,0.0,0.0,0.0,0.0,0.0,0.0,0.0,0.0,0.0,0.0,0.0,0.0,0.0,0.0,0.0,0.0,0.0,0.0,0.0,0.0,-5.568165273231029,-5.568165273231029,-5.568165273231029,4.103600221838231,4.103600221838231,4.103600221838231,-2.384951642576318,-2.384951642576318,-2.384951642576318,-7.118062089089826,-7.118062089089826,-7.118062089089826,-2.3869864051949383,-2.3869864051949383,-2.3869864051949383,0.0,0.0,0.0,-0.21639060408509483,-0.21639060408509483,-0.21639060408509483,2.4975360349654268,2.4975360349654268,2.4975360349654268,-1.2518031666802423,-1.2518031666802423,-1.2518031666802423,1.2809219385943234,1.2809219385943234,1.2809219385943234,4.571800017909208,4.571800017909208,4.571800017909208,-4.656388244112983,-4.656388244112983,-4.656388244112983,-7.125503423888641,-7.125503423888641,-7.125503423888641,0.0,0.0,0.0,51.4837892187269
137,2018-03-20 11:00:00,57.05164699900314,41.17133230177049,62.05148733679866,57.05164699900314,57.05164699900314,0.0,0.0,0.0,0.0,0.0,0.0,0.0,0.0,0.0,0.0,0.0,0.0,0.0,0.0,0.0,0.0,0.0,0.0,0.0,0.0,0.0,0.0,0.0,0.0,0.0,0.0,0.0,0.0,0.0,0.0,-5.624400337276261,-5.624400337276261,-5.624400337276261,3.7235411047385254,3.7235411047385254,3.7235411047385254,-2.384951642576318,-2.384951642576318,-2.384951642576318,-6.70078405463325,-6.70078405463325,-6.70078405463325,-2.23327118608715,-2.23327118608715,-2.23327118608715,0.0,0.0,0.0,-0.10811843422112544,-0.10811843422112544,-0.10811843422112544,2.64190321498231,2.64190321498231,2.64190321498231,-1.1073045685644647,-1.1073045685644647,-1.1073045685644647,1.250317270989669,1.250317270989669,1.250317270989669,4.479657181343324,4.479657181343324,4.479657181343324,-4.759358709156172,-4.759358709156172,-4.759358709156172,-7.12681456872486,-7.12681456872486,-7.12681456872486,0.0,0.0,0.0,51.427246661726876
138,2018-03-20 12:00:00,57.05133950604834,40.58223101054198,59.48451564709431,57.05133950604834,57.05133950604834,0.0,0.0,0.0,0.0,0.0,0.0,0.0,0.0,0.0,0.0,0.0,0.0,0.0,0.0,0.0,0.0,0.0,0.0,0.0,0.0,0.0,0.0,0.0,0.0,0.0,0.0,0.0,0.0,0.0,0.0,-6.508028568452971,-6.508028568452971,-6.508028568452971,2.679930448037063,2.679930448037063,2.679930448037063,-2.384951642576318,-2.384951642576318,-2.384951642576318,-6.439959846286491,-6.439959846286491,-6.439959846286491,-2.241361460777034,-2.241361460777034,-2.241361460777034,0.0,0.0,0.0,0.00015373564284395665,0.00015373564284395665,0.00015373564284395665,2.7573969589958165,2.7573969589958165,2.7573969589958165,-0.8900685004512178,-0.8900685004512178,-0.8900685004512178,1.2041987165808123,1.2041987165808123,1.2041987165808123,4.380145280332686,4.380145280332686,4.380145280332686,-4.885327653701394,-4.885327653701394,-4.885327653701394,-7.128144450536229,-7.128144450536229,-7.128144450536229,0.0,0.0,0.0,50.54331093759537
139,2018-03-20 13:00:00,57.051032013093554,37.957730704908364,58.32818632102733,57.051032013093554,57.051032013093554,0.0,0.0,0.0,0.0,0.0,0.0,0.0,0.0,0.0,0.0,0.0,0.0,0.0,0.0,0.0,0.0,0.0,0.0,0.0,0.0,0.0,0.0,0.0,0.0,0.0,0.0,0.0,0.0,0.0,0.0,-8.485947702332272,-8.485947702332272,-8.485947702332272,1.0633712025375623,1.0633712025375623,1.0633712025375623,-2.384951642576318,-2.384951642576318,-2.384951642576318,-6.694862567250739,-6.694862567250739,-6.694862567250739,-2.349231789975481,-2.349231789975481,-2.349231789975481,0.0,0.0,0.0,0.10842590550681334,0.10842590550681334,0.10842590550681334,2.5377526065415585,2.5377526065415585,2.5377526065415585,-0.7411763638792173,-0.7411763638792173,-0.7411763638792173,1.075574491440514,1.075574491440514,1.075574491440514,4.275036789121165,4.275036789121165,4.275036789121165,-4.941255774308609,-4.941255774308609,-4.941255774308609,-7.12949312674026,-7.12949312674026,-7.12949312674026,0.0,0.0,0.0,48.56508431076128
140,2018-03-20 14:00:00,57.05072452013876,37.09298567476457,57.32965885717374,57.05072452013876,57.05072452013876,0.0,0.0,0.0,0.0,0.0,0.0,0.0,0.0,0.0,0.0,0.0,0.0,0.0,0.0,0.0,0.0,0.0,0.0,0.0,0.0,0.0,0.0,0.0,0.0,0.0,0.0,0.0,0.0,0.0,0.0,-10.014867465691,-10.014867465691,-10.014867465691,-0.34618854666608057,-0.34618854666608057,-0.34618854666608057,-2.384951642576318,-2.384951642576318,-2.384951642576318,-6.703865802564788,-6.703865802564788,-6.703865802564788,-2.2715651529525993,-2.2715651529525993,-2.2715651529525993,0.0,0.0,0.0,0.21669807537078276,0.21669807537078276,0.21669807537078276,2.2216916017188817,2.2216916017188817,2.2216916017188817,-0.655258278513079,-0.655258278513079,-0.655258278513079,0.9748752625477807,0.9748752625477807,0.9748752625477807,4.166047537136658,4.166047537136658,4.166047537136658,-4.805355668160237,-4.805355668160237,-4.805355668160237,-7.130860653596788,-7.130860653596788,-7.130860653596788,0.0,0.0,0.0,47.03585705444776
141,2018-03-20 15:00:00,57.05041702718396,35.53647410741721,56.373664298946224,57.05041702718396,57.05041702718396,0.0,0.0,0.0,0.0,0.0,0.0,0.0,0.0,0.0,0.0,0.0,0.0,0.0,0.0,0.0,0.0,0.0,0.0,0.0,0.0,0.0,0.0,0.0,0.0,0.0,0.0,0.0,0.0,0.0,0.0,-10.59966959862349,-10.59966959862349,-10.59966959862349,-0.45974489521493556,-0.45974489521493556,-0.45974489521493556,-2.384951642576318,-2.384951642576318,-2.384951642576318,-7.062497133162228,-7.062497133162228,-7.062497133162228,-2.3675697459392175,-2.3675697459392175,-2.3675697459392175,0.0,0.0,0.0,0.3249702452347521,0.3249702452347521,0.3249702452347521,1.9118177617540713,1.9118177617540713,1.9118177617540713,-0.6040003298571445,-0.6040003298571445,-0.6040003298571445,0.8997034292146897,0.8997034292146897,0.8997034292146897,4.054819515951549,4.054819515951549,4.054819515951549,-4.842466850993061,-4.842466850993061,-4.842466850993061,-7.132247086197878,-7.132247086197878,-7.132247086197878,0.0,0.0,0.0,46.45074742856047
142,2018-03-20 16:00:00,57.05010953422917,38.87346721006738,58.60313507338553,57.05010953422917,57.05010953422917,0.0,0.0,0.0,0.0,0.0,0.0,0.0,0.0,0.0,0.0,0.0,0.0,0.0,0.0,0.0,0.0,0.0,0.0,0.0,0.0,0.0,0.0,0.0,0.0,0.0,0.0,0.0,0.0,0.0,0.0,-8.496408188804134,-8.496408188804134,-8.496408188804134,1.2125112120430421,1.2125112120430421,1.2125112120430421,-2.384951642576318,-2.384951642576318,-2.384951642576318,-6.518172004552151,-6.518172004552151,-6.518172004552151,-2.2499910871129094,-2.2499910871129094,-2.2499910871129094,0.0,0.0,0.0,0.4332424150987216,0.4332424150987216,0.4332424150987216,1.921098509040871,1.921098509040871,1.921098509040871,-0.436069526641511,-0.436069526641511,-0.436069526641511,0.8517514154562452,0.8517514154562452,0.8517514154562452,3.9429050821735476,3.9429050821735476,3.9429050821735476,-4.653252087817251,-4.653252087817251,-4.653252087817251,-7.133652478468572,-7.133652478468572,-7.133652478468572,0.0,0.0,0.0,48.55370134542504
143,2018-03-20 17:00:00,57.049802041274376,42.229037769457406,61.78472075679563,57.049802041274376,57.049802041274376,0.0,0.0,0.0,0.0,0.0,0.0,0.0,0.0,0.0,0.0,0.0,0.0,0.0,0.0,0.0,0.0,0.0,0.0,0.0,0.0,0.0,0.0,0.0,0.0,0.0,0.0,0.0,0.0,0.0,0.0,-4.83155260709525,-4.83155260709525,-4.83155260709525,3.947327830124244,3.947327830124244,3.947327830124244,-2.384951642576318,-2.384951642576318,-2.384951642576318,-5.475556272649747,-5.475556272649747,-5.475556272649747,-2.1464355710823995,-2.1464355710823995,-2.1464355710823995,0.0,0.0,0.0,0.541514584962691,0.541514584962691,0.541514584962691,2.228394363648237,2.228394363648237,2.228394363648237,-0.08165742450619144,-0.08165742450619144,-0.08165742450619144,0.8284805852499412,0.8284805852499412,0.8284805852499412,3.831752718588547,3.831752718588547,3.831752718588547,-4.460901168345709,-4.460901168345709,-4.460901168345709,-7.135076883158293,-7.135076883158293,-7.135076883158293,0.0,0.0,0.0,52.21824943417913
144,2018-03-20 18:00:00,57.03500527093861,45.00203889984854,65.11068482582614,57.03500527093861,57.03500527093861,0.0,0.0,0.0,0.0,0.0,0.0,0.0,0.0,0.0,0.0,0.0,0.0,0.0,0.0,0.0,0.0,0.0,0.0,0.0,0.0,0.0,0.0,0.0,0.0,0.0,0.0,0.0,0.0,0.0,0.0,-1.104027257610598,-1.104027257610598,-1.104027257610598,6.159022847950204,6.159022847950204,6.159022847950204,-2.2443711510014905,-2.2443711510014905,-2.2443711510014905,-3.6865099551969203,-3.6865099551969203,-3.6865099551969203,-1.967721045612931,-1.967721045612931,-1.967721045612931,0.0,0.0,0.0,0.6356828228198921,0.6356828228198921,0.6356828228198921,2.7639002066963614,2.7639002066963614,2.7639002066963614,0.3902296650716625,0.3902296650716625,0.3902296650716625,1.0807825397879383,1.0807825397879383,1.0807825397879383,3.5718832731735,3.5718832731735,3.5718832731735,-4.345012992958353,-4.345012992958353,-4.345012992958353,-7.148423423537381,-7.148423423537381,-7.148423423537381,0.0,0.0,0.0,55.930978013328016
145,2018-03-20 19:00:00,57.03470025887925,48.13232429545728,67.51281679782724,57.03470025887925,57.03470025887925,0.0,0.0,0.0,0.0,0.0,0.0,0.0,0.0,0.0,0.0,0.0,0.0,0.0,0.0,0.0,0.0,0.0,0.0,0.0,0.0,0.0,0.0,0.0,0.0,0.0,0.0,0.0,0.0,0.0,0.0,0.9246603051872115,0.9246603051872115,0.9246603051872115,6.402134867593898,6.402134867593898,6.402134867593898,-2.2443711510014905,-2.2443711510014905,-2.2443711510014905,-1.7970640017220907,-1.7970640017220907,-1.7970640017220907,-1.427481145084744,-1.427481145084744,-1.427481145084744,0.0,0.0,0.0,0.7416049148322249,0.7416049148322249,0.7416049148322249,3.6852784150636118,3.6852784150636118,3.6852784150636118,0.5523266033543016,0.5523266033543016,0.5523266033543016,1.3397950481110255,1.3397950481110255,1.3397950481110255,3.469471205939082,3.469471205939082,3.469471205939082,-4.44421668699702,-4.44421668699702,-4.44421668699702,-7.149881766623678,-7.149881766623678,-7.149881766623678,0.0,0.0,0.0,57.95936056406646
146,2018-03-20 20:00:00,57.03439524681987,45.40949064307203,65.7701276312284,57.03439524681987,57.03439524681987,0.0,0.0,0.0,0.0,0.0,0.0,0.0,0.0,0.0,0.0,0.0,0.0,0.0,0.0,0.0,0.0,0.0,0.0,0.0,0.0,0.0,0.0,0.0,0.0,0.0,0.0,0.0,0.0,0.0,0.0,-1.609817637902687,-1.609817637902687,-1.609817637902687,4.456990081459992,4.456990081459992,4.456990081459992,-2.2443711510014905,-2.2443711510014905,-2.2443711510014905,-2.287210932459106,-2.287210932459106,-2.287210932459106,-1.6815192819627816,-1.6815192819627816,-1.6815192819627816,0.0,0.0,0.0,0.8475270068445578,0.8475270068445578,0.8475270068445578,3.355638727825,3.355638727825,3.355638727825,0.565876502220033,0.565876502220033,0.565876502220033,1.2286738154170913,1.2286738154170913,1.2286738154170913,3.371762360636274,3.371762360636274,3.371762360636274,-4.359036551801516,-4.359036551801516,-4.359036551801516,-7.151359147539847,-7.151359147539847,-7.151359147539847,0.0,0.0,0.0,55.42457760891718
147,2018-03-20 21:00:00,57.034090234760505,41.16107416569779,60.357029567272406,57.034090234760505,57.034090234760505,0.0,0.0,0.0,0.0,0.0,0.0,0.0,0.0,0.0,0.0,0.0,0.0,0.0,0.0,0.0,0.0,0.0,0.0,0.0,0.0,0.0,0.0,0.0,0.0,0.0,0.0,0.0,0.0,0.0,0.0,-6.229596946027798,-6.229596946027798,-6.229596946027798,1.2828849173785124,1.2828849173785124,1.2828849173785124,-2.2443711510014905,-2.2443711510014905,-2.2443711510014905,-3.639265227938977,-3.639265227938977,-3.639265227938977,-1.8341602225761946,-1.8341602225761946,-1.8341602225761946,0.0,0.0,0.0,0.9534490988568907,0.9534490988568907,0.9534490988568907,2.333453275653893,2.333453275653893,2.333453275653893,0.580430097298041,0.580430097298041,0.580430097298041,0.8447513082993635,0.8447513082993635,0.8447513082993635,3.2796389799004464,3.2796389799004464,3.2796389799004464,-4.27281763446948,-4.27281763446948,-4.27281763446948,-7.1528556153677805,-7.1528556153677805,-7.1528556153677805,0.0,0.0,0.0,50.80449328873271
148,2018-03-20 22:00:00,57.033785222701134,36.458091935354624,56.633081089817466,57.033785222701134,57.033785222701134,0.0,0.0,0.0,0.0,0.0,0.0,0.0,0.0,0.0,0.0,0.0,0.0,0.0,0.0,0.0,0.0,0.0,0.0,0.0,0.0,0.0,0.0,0.0,0.0,0.0,0.0,0.0,0.0,0.0,0.0,-10.578646940828909,-10.578646940828909,-10.578646940828909,-1.8167241269723624,-1.8167241269723624,-1.8167241269723624,-2.2443711510014905,-2.2443711510014905,-2.2443711510014905,-4.8013868679802885,-4.8013868679802885,-4.8013868679802885,-2.296989360364722,-2.296989360364722,-2.296989360364722,0.0,0.0,0.0,1.0593711908692236,1.0593711908692236,1.0593711908692236,1.7618762032860251,1.7618762032860251,1.7618762032860251,0.630614907911861,0.630614907911861,0.630614907911861,0.3848554036463668,0.3848554036463668,0.3848554036463668,3.1938352721083025,3.1938352721083025,3.1938352721083025,-4.096744062327553,-4.096744062327553,-4.096744062327553,-7.15437121798456,-7.15437121798456,-7.15437121798456,0.0,0.0,0.0,46.45513828187222
149,2018-03-20 23:00:00,57.03348021064177,33.561815599356486,54.17381279136194,57.03348021064177,57.03348021064177,0.0,0.0,0.0,0.0,0.0,0.0,0.0,0.0,0.0,0.0,0.0,0.0,0.0,0.0,0.0,0.0,0.0,0.0,0.0,0.0,0.0,0.0,0.0,0.0,0.0,0.0,0.0,0.0,0.0,0.0,-13.607921945952334,-13.607921945952334,-13.607921945952334,-4.134150491298446,-4.134150491298446,-4.134150491298446,-2.2443711510014905,-2.2443711510014905,-2.2443711510014905,-5.4328005563557555,-5.4328005563557555,-5.4328005563557555,-2.6082678499727896,-2.6082678499727896,-2.6082678499727896,0.0,0.0,0.0,1.1652932828815565,1.1652932828815565,1.1652932828815565,1.3016911353214191,1.3016911353214191,1.3016911353214191,0.6471758954144217,0.6471758954144217,0.6471758954144217,0.030538188450745272,0.030538188450745272,0.030538188450745272,3.1149351037602155,3.1149351037602155,3.1149351037602155,-3.7248600574496176,-3.7248600574496176,-3.7248600574496176,-7.155906002058347,-7.155906002058347,-7.155906002058347,0.0,0.0,0.0,43.425558264689435
150,2018-03-21 00:00:00,57.0331751985824,31.387877639497592,51.72899674579462,57.0331751985824,57.0331751985824,0.0,0.0,0.0,0.0,0.0,0.0,0.0,0.0,0.0,0.0,0.0,0.0,0.0,0.0,0.0,0.0,0.0,0.0,0.0,0.0,0.0,0.0,0.0,0.0,0.0,0.0,0.0,0.0,0.0,0.0,-15.562184849810254,-15.562184849810254,-15.562184849810254,-5.773616720002307,-5.773616720002307,-5.773616720002307,-1.3472526939862075,-1.3472526939862075,-1.3472526939862075,-5.674479822683834,-5.674479822683834,-5.674479822683834,-2.7603636443697255,-2.7603636443697255,-2.7603636443697255,0.0,0.0,0.0,0.0001502707458944678,0.0001502707458944678,0.0001502707458944678,1.3747763870792151,1.3747763870792151,1.3747763870792151,0.6863200476932014,0.6863200476932014,0.6863200476932014,-0.24604823745167423,-0.24604823745167423,-0.24604823745167423,3.0433717059174787,3.0433717059174787,3.0433717059174787,-3.382061952394538,-3.382061952394538,-3.382061952394538,-7.15746001304159,-7.15746001304159,-7.15746001304159,0.0,0.0,0.0,41.47099034877215
151,2018-03-21 01:00:00,57.03287018652303,29.040111809378047,48.75097432050327,57.03287018652303,57.03287018652303,0.0,0.0,0.0,0.0,0.0,0.0,0.0,0.0,0.0,0.0,0.0,0.0,0.0,0.0,0.0,0.0,0.0,0.0,0.0,0.0,0.0,0.0,0.0,0.0,0.0,0.0,0.0,0.0,0.0,0.0,-18.663951371398888,-18.663951371398888,-18.663951371398888,-7.08002851905551,-7.08002851905551,-7.08002851905551,-1.3472526939862075,-1.3472526939862075,-1.3472526939862075,-7.404318910184093,-7.404318910184093,-7.404318910184093,-2.938081310941057,-2.938081310941057,-2.938081310941057,0.0,0.0,0.0,-1.1649927413897676,-1.1649927413897676,-1.1649927413897676,1.0375761565553143,1.0375761565553143,1.0375761565553143,0.7114124530001115,0.7114124530001115,0.7114124530001115,-0.39934687233600646,-0.39934687233600646,-0.39934687233600646,2.9794293530107048,2.9794293530107048,2.9794293530107048,-3.303633901086482,-3.303633901086482,-3.303633901086482,-7.159033295169988,-7.159033295169988,-7.159033295169988,0.0,0.0,0.0,38.36891881512414
152,2018-03-21 02:00:00,57.032565174463656,27.219867608291693,47.45489721483639,57.032565174463656,57.032565174463656,0.0,0.0,0.0,0.0,0.0,0.0,0.0,0.0,0.0,0.0,0.0,0.0,0.0,0.0,0.0,0.0,0.0,0.0,0.0,0.0,0.0,0.0,0.0,0.0,0.0,0.0,0.0,0.0,0.0,0.0,-19.38367830840842,-19.38367830840842,-19.38367830840842,-7.96408632978471,-7.96408632978471,-7.96408632978471,-1.3472526939862075,-1.3472526939862075,-1.3472526939862075,-7.18221303457311,-7.18221303457311,-7.18221303457311,-2.847587039005962,-2.847587039005962,-2.847587039005962,0.0,0.0,0.0,-1.0590706493774347,-1.0590706493774347,-1.0590706493774347,1.0164066353565044,1.0164066353565044,1.0164066353565044,0.7114124530001115,0.7114124530001115,0.7114124530001115,-0.46883143876506006,-0.46883143876506006,-0.46883143876506006,2.9232469474022635,2.9232469474022635,2.9232469474022635,-3.1872903017950613,-3.1872903017950613,-3.1872903017950613,-7.160625891452863,-7.160625891452863,-7.160625891452863,0.0,0.0,0.0,37.648886866055236
153,2018-03-21 03:00:00,57.032260162404285,28.01520200197464,47.70720364078849,57.032260162404285,57.032260162404285,0.0,0.0,0.0,0.0,0.0,0.0,0.0,0.0,0.0,0.0,0.0,0.0,0.0,0.0,0.0,0.0,0.0,0.0,0.0,0.0,0.0,0.0,0.0,0.0,0.0,0.0,0.0,0.0,0.0,0.0,-19.15818628339227,-19.15818628339227,-19.15818628339227,-7.841889258526312,-7.841889258526312,-7.841889258526312,-1.3472526939862075,-1.3472526939862075,-1.3472526939862075,-7.028882600637898,-7.028882600637898,-7.028882600637898,-2.863941425500256,-2.863941425500256,-2.863941425500256,0.0,0.0,0.0,-0.9531485573651017,-0.9531485573651017,-0.9531485573651017,1.1126775531891877,1.1126775531891877,1.1126775531891877,0.7114124530001115,0.7114124530001115,0.7114124530001115,-0.48316094079128513,-0.48316094079128513,-0.48316094079128513,2.8748234194446796,2.8748234194446796,2.8748234194446796,-3.2054689891843458,-3.2054689891843458,-3.2054689891843458,-7.16223784367274,-7.16223784367274,-7.16223784367274,0.0,0.0,0.0,37.874073879012016
154,2018-03-21 04:00:00,57.03195515034492,29.525307134266686,49.93612148572979,57.03195515034492,57.03195515034492,0.0,0.0,0.0,0.0,0.0,0.0,0.0,0.0,0.0,0.0,0.0,0.0,0.0,0.0,0.0,0.0,0.0,0.0,0.0,0.0,0.0,0.0,0.0,0.0,0.0,0.0,0.0,0.0,0.0,0.0,-17.612359027839794,-17.612359027839794,-17.612359027839794,-6.233363905284792,-6.233363905284792,-6.233363905284792,-1.3472526939862075,-1.3472526939862075,-1.3472526939862075,-7.049150760508537,-7.049150760508537,-7.049150760508537,-2.874299203613309,-2.874299203613309,-2.874299203613309,0.0,0.0,0.0,-0.847226465352769,-0.847226465352769,-0.847226465352769,1.1227582775695732,1.1227582775695732,1.1227582775695732,0.7114124530001115,0.7114124530001115,0.7114124530001115,-0.3769063314270125,-0.3769063314270125,-0.3769063314270125,2.834024830329965,2.834024830329965,2.834024830329965,-3.4376367966989223,-3.4376367966989223,-3.4376367966989223,-7.163869192376434,-7.163869192376434,-7.163869192376434,0.0,0.0,0.0,39.419596122505126
155,2018-03-21 05:00:00,57.03165013828555,32.7903166872141,53.46165922888375,57.03165013828555,57.03165013828555,0.0,0.0,0.0,0.0,0.0,0.0,0.0,0.0,0.0,0.0,0.0,0.0,0.0,0.0,0.0,0.0,0.0,0.0,0.0,0.0,0.0,0.0,0.0,0.0,0.0,0.0,0.0,0.0,0.0,0.0,-13.944606728563995,-13.944606728563995,-13.944606728563995,-3.3796912660257576,-3.3796912660257576,-3.3796912660257576,-1.3472526939862075,-1.3472526939862075,-1.3472526939862075,-6.199988530064208,-6.199988530064208,-6.199988530064208,-2.68240773541359,-2.68240773541359,-2.68240773541359,0.0,0.0,0.0,-0.7413043733404361,-0.7413043733404361,-0.7413043733404361,1.2865700487508405,1.2865700487508405,1.2865700487508405,0.7114124530001115,0.7114124530001115,0.7114124530001115,-0.013261421516206793,-0.013261421516206793,-0.013261421516206793,2.8005930443993563,2.8005930443993563,2.8005930443993563,-3.4137448075587193,-3.4137448075587193,-3.4137448075587193,-7.165519976873385,-7.165519976873385,-7.165519976873385,0.0,0.0,0.0,43.08704340972155
156,2018-03-21 06:00:00,57.03134512622618,38.78261276644027,58.393385315211525,57.03134512622618,57.03134512622618,0.0,0.0,0.0,0.0,0.0,0.0,0.0,0.0,0.0,0.0,0.0,0.0,0.0,0.0,0.0,0.0,0.0,0.0,0.0,0.0,0.0,0.0,0.0,0.0,0.0,0.0,0.0,0.0,0.0,0.0,-9.108212423674594,-9.108212423674594,-9.108212423674594,-0.2274002560053485,-0.2274002560053485,-0.2274002560053485,-1.3472526939862075,-1.3472526939862075,-1.3472526939862075,-4.4877777511770125,-4.4877777511770125,-4.4877777511770125,-2.4103797733918286,-2.4103797733918286,-2.4103797733918286,0.0,0.0,0.0,-0.635382281328103,-0.635382281328103,-0.635382281328103,2.0396001599656506,2.0396001599656506,2.0396001599656506,0.6602239461740149,0.6602239461740149,0.6602239461740149,0.4981395800423724,0.4981395800423724,0.4981395800423724,2.774155818740266,2.774155818740266,2.774155818740266,-3.292726688652911,-3.292726688652911,-3.292726688652911,-7.1671902352325,-7.1671902352325,-7.1671902352325,0.0,0.0,0.0,47.923132702551584
157,2018-03-21 07:00:00,57.03104011416681,42.65515585137519,61.184550716924655,57.03104011416681,57.03104011416681,0.0,0.0,0.0,0.0,0.0,0.0,0.0,0.0,0.0,0.0,0.0,0.0,0.0,0.0,0.0,0.0,0.0,0.0,0.0,0.0,0.0,0.0,0.0,0.0,0.0,0.0,0.0,0.0,0.0,0.0,-5.415371462196044,-5.415371462196044,-5.415371462196044,2.2243070167093513,2.2243070167093513,2.2243070167093513,-1.3472526939862075,-1.3472526939862075,-1.3472526939862075,-3.2250366162065087,-3.2250366162065087,-3.2250366162065087,-2.106733330814432,-2.106733330814432,-2.106733330814432,0.0,0.0,0.0,-0.5294601893157702,-0.5294601893157702,-0.5294601893157702,2.744746830373628,2.744746830373628,2.744746830373628,0.16239062488491898,0.16239062488491898,0.16239062488491898,0.9388393593394826,0.9388393593394826,0.9388393593394826,2.7542381415736155,2.7542381415736155,2.7542381415736155,-3.087567216688129,-3.087567216688129,-3.087567216688129,-7.168880004272502,-7.168880004272502,-7.168880004272502,0.0,0.0,0.0,51.615668651970765
158,2018-03-21 08:00:00,57.030735102107435,42.17184232896044,61.68327038932047,57.030735102107435,57.030735102107435,0.0,0.0,0.0,0.0,0.0,0.0,0.0,0.0,0.0,0.0,0.0,0.0,0.0,0.0,0.0,0.0,0.0,0.0,0.0,0.0,0.0,0.0,0.0,0.0,0.0,0.0,0.0,0.0,0.0,0.0,-5.002090445047462,-5.002090445047462,-5.002090445047462,3.5801111364883216,3.5801111364883216,3.5801111364883216,-1.3472526939862075,-1.3472526939862075,-1.3472526939862075,-4.151886898204663,-4.151886898204663,-4.151886898204663,-2.0598507561974553,-2.0598507561974553,-2.0598507561974553,0.0,0.0,0.0,-0.4235380973034373,-0.4235380973034373,-0.4235380973034373,2.45492600443754,2.45492600443754,2.45492600443754,-0.8026632832188426,-0.8026632832188426,-0.8026632832188426,1.1343153964142134,1.1343153964142134,1.1343153964142134,2.7402746362305623,2.7402746362305623,2.7402746362305623,-3.1078234683504746,-3.1078234683504746,-3.1078234683504746,-7.1705893195616826,-7.1705893195616826,-7.1705893195616826,0.0,0.0,0.0,52.02864465705997
159,2018-03-21 09:00:00,57.03043009004807,41.55728703686539,61.02335801020458,57.03043009004807,57.03043009004807,0.0,0.0,0.0,0.0,0.0,0.0,0.0,0.0,0.0,0.0,0.0,0.0,0.0,0.0,0.0,0.0,0.0,0.0,0.0,0.0,0.0,0.0,0.0,0.0,0.0,0.0,0.0,0.0,0.0,0.0,-5.79012509845168,-5.79012509845168,-5.79012509845168,4.09726881076846,4.09726881076846,4.09726881076846,-1.3472526939862075,-1.3472526939862075,-1.3472526939862075,-5.446698530123025,-5.446698530123025,-5.446698530123025,-2.1230877173087266,-2.1230877173087266,-2.1230877173087266,0.0,0.0,0.0,-0.3176160052911043,-0.3176160052911043,-0.3176160052911043,2.157544635216163,2.157544635216163,2.157544635216163,-1.6191701519056965,-1.6191701519056965,-1.6191701519056965,1.2031240429363692,1.2031240429363692,1.2031240429363692,2.7316228363140507,2.7316228363140507,2.7316228363140507,-3.4002406397838225,-3.4002406397838225,-3.4002406397838225,-7.172318215411166,-7.172318215411166,-7.172318215411166,0.0,0.0,0.0,51.24030499159639
160,2018-03-21 10:00:00,57.0301250779887,41.13374693604086,61.086369461392685,57.0301250779887,57.0301250779887,0.0,0.0,0.0,0.0,0.0,0.0,0.0,0.0,0.0,0.0,0.0,0.0,0.0,0.0,0.0,0.0,0.0,0.0,0.0,0.0,0.0,0.0,0.0,0.0,0.0,0.0,0.0,0.0,0.0,0.0,-6.001024502984063,-6.001024502984063,-6.001024502984063,4.156962297786862,4.156962297786862,4.156962297786862,-1.3472526939862075,-1.3472526939862075,-1.3472526939862075,-5.711497204159774,-5.711497204159774,-5.711497204159774,-2.2370232765523097,-2.2370232765523097,-2.2370232765523097,0.0,0.0,0.0,-0.2116939132787714,-0.2116939132787714,-0.2116939132787714,2.2185330177174962,2.2185330177174962,2.2185330177174962,-1.894182914069431,-1.894182914069431,-1.894182914069431,1.1790612942508216,1.1790612942508216,1.1790612942508216,2.7275771282600187,2.7275771282600187,2.7275771282600187,-3.4189387182413724,-3.4189387182413724,-3.4189387182413724,-7.174066724871171,-7.174066724871171,-7.174066724871171,0.0,0.0,0.0,51.029100575004634
161,2018-03-21 11:00:00,57.029820065929336,40.49948934678619,60.16922218127051,57.029820065929336,57.029820065929336,0.0,0.0,0.0,0.0,0.0,0.0,0.0,0.0,0.0,0.0,0.0,0.0,0.0,0.0,0.0,0.0,0.0,0.0,0.0,0.0,0.0,0.0,0.0,0.0,0.0,0.0,0.0,0.0,0.0,0.0,-6.487014073144244,-6.487014073144244,-6.487014073144244,3.7801199991480776,3.7801199991480776,3.7801199991480776,-1.3472526939862075,-1.3472526939862075,-1.3472526939862075,-5.8186823439964535,-5.8186823439964535,-5.8186823439964535,-2.273002926839757,-2.273002926839757,-2.273002926839757,0.0,0.0,0.0,-0.10577182126643846,-0.10577182126643846,-0.10577182126643846,2.1162136652565815,2.1162136652565815,2.1162136652565815,-2.043733649698615,-2.043733649698615,-2.043733649698615,1.1021416088458966,1.1021416088458966,1.1021416088458966,2.727383151432254,2.727383151432254,2.727383151432254,-3.267276526307913,-3.267276526307913,-3.267276526307913,-7.175834879728122,-7.175834879728122,-7.175834879728122,0.0,0.0,0.0,50.54280599278509
162,2018-03-21 12:00:00,57.029515053869964,39.728142346364095,59.796310090891645,57.029515053869964,57.029515053869964,0.0,0.0,0.0,0.0,0.0,0.0,0.0,0.0,0.0,0.0,0.0,0.0,0.0,0.0,0.0,0.0,0.0,0.0,0.0,0.0,0.0,0.0,0.0,0.0,0.0,0.0,0.0,0.0,0.0,0.0,-7.555895162258875,-7.555895162258875,-7.555895162258875,2.734251792002695,2.734251792002695,2.734251792002695,-1.3472526939862075,-1.3472526939862075,-1.3472526939862075,-5.84277668614347,-5.84277668614347,-5.84277668614347,-2.347687958497034,-2.347687958497034,-2.347687958497034,0.0,0.0,0.0,0.0001502707458944678,0.0001502707458944678,0.0001502707458944678,2.0693382968877883,2.0693382968877883,2.0693382968877883,-2.021652333028534,-2.021652333028534,-2.021652333028534,1.045634704629273,1.045634704629273,1.045634704629273,2.730252442381594,2.730252442381594,2.730252442381594,-3.241306972894649,-3.241306972894649,-3.241306972894649,-7.177622710499695,-7.177622710499695,-7.177622710499695,0.0,0.0,0.0,49.47361989161109
163,2018-03-21 13:00:00,57.02921004181059,37.39791908628534,57.22388037004994,57.02921004181059,57.02921004181059,0.0,0.0,0.0,0.0,0.0,0.0,0.0,0.0,0.0,0.0,0.0,0.0,0.0,0.0,0.0,0.0,0.0,0.0,0.0,0.0,0.0,0.0,0.0,0.0,0.0,0.0,0.0,0.0,0.0,0.0,-9.579697235036395,-9.579697235036395,-9.579697235036395,1.1110847538907946,1.1110847538907946,1.1110847538907946,-1.3472526939862075,-1.3472526939862075,-1.3472526939862075,-6.246728851805882,-6.246728851805882,-6.246728851805882,-2.5613852753558124,-2.5613852753558124,-2.5613852753558124,0.0,0.0,0.0,0.1060723627582274,0.1060723627582274,0.1060723627582274,1.8561309762426312,1.8561309762426312,1.8561309762426312,-1.9458732690016656,-1.9458732690016656,-1.9458732690016656,0.8759788079980236,0.8759788079980236,0.8759788079980236,2.7353771093063766,2.7353771093063766,2.7353771093063766,-3.2303997604610784,-3.2303997604610784,-3.2303997604610784,-7.179430246427685,-7.179430246427685,-7.179430246427685,0.0,0.0,0.0,47.449512806774194
164,2018-03-21 14:00:00,57.02890502975122,35.92677529427586,55.53821818344858,57.02890502975122,57.02890502975122,0.0,0.0,0.0,0.0,0.0,0.0,0.0,0.0,0.0,0.0,0.0,0.0,0.0,0.0,0.0,0.0,0.0,0.0,0.0,0.0,0.0,0.0,0.0,0.0,0.0,0.0,0.0,0.0,0.0,0.0,-11.411117903263333,-11.411117903263333,-11.411117903263333,-0.3077744329694962,-0.3077744329694962,-0.3077744329694962,-1.3472526939862075,-1.3472526939862075,-1.3472526939862075,-6.664030279975948,-6.664030279975948,-6.664030279975948,-2.602271241591548,-2.602271241591548,-2.602271241591548,0.0,0.0,0.0,0.21199445477056034,0.21199445477056034,0.21199445477056034,1.6146976273323943,1.6146976273323943,1.6146976273323943,-1.82743711595305,-1.82743711595305,-1.82743711595305,0.7825666768648019,0.7825666768648019,0.7825666768648019,2.7419443251593654,2.7419443251593654,2.7419443251593654,-3.496327987412898,-3.496327987412898,-3.496327987412898,-7.181257515477254,-7.181257515477254,-7.181257515477254,0.0,0.0,0.0,45.61778712648789
165,2018-03-21 15:00:00,57.02860001769185,35.44495558346913,56.22032630672889,57.02860001769185,57.02860001769185,0.0,0.0,0.0,0.0,0.0,0.0,0.0,0.0,0.0,0.0,0.0,0.0,0.0,0.0,0.0,0.0,0.0,0.0,0.0,0.0,0.0,0.0,0.0,0.0,0.0,0.0,0.0,0.0,0.0,0.0,-11.839183909419175,-11.839183909419175,-11.839183909419175,-0.43052213348151147,-0.43052213348151147,-0.43052213348151147,-1.3472526939862075,-1.3472526939862075,-1.3472526939862075,-6.974707664455917,-6.974707664455917,-6.974707664455917,-2.5711979072523894,-2.5711979072523894,-2.5711979072523894,0.0,0.0,0.0,0.3179165467828933,0.3179165467828933,0.3179165467828933,1.3914095823068515,1.3914095823068515,1.3914095823068515,-1.5805278477330549,-1.5805278477330549,-1.5805278477330549,0.7345763634750858,0.7345763634750858,0.7345763634750858,2.7491504328509984,2.7491504328509984,2.7491504328509984,-3.9196317080490957,-3.9196317080490957,-3.9196317080490957,-7.1831045443327435,-7.1831045443327435,-7.1831045443327435,0.0,0.0,0.0,45.189416108272674
166,2018-03-21 16:00:00,57.028295005632486,37.51354329554718,57.02852704279435,57.028295005632486,57.028295005632486,0.0,0.0,0.0,0.0,0.0,0.0,0.0,0.0,0.0,0.0,0.0,0.0,0.0,0.0,0.0,0.0,0.0,0.0,0.0,0.0,0.0,0.0,0.0,0.0,0.0,0.0,0.0,0.0,0.0,0.0,-9.439777011747605,-9.439777011747605,-9.439777011747605,1.235627615503593,1.235627615503593,1.235627615503593,-1.3472526939862075,-1.3472526939862075,-1.3472526939862075,-6.246647732694383,-6.246647732694383,-6.246647732694383,-2.3722195382384754,-2.3722195382384754,-2.3722195382384754,0.0,0.0,0.0,0.42383863879522615,0.42383863879522615,0.42383863879522615,1.5285074338800968,1.5285074338800968,1.5285074338800968,-1.1534551094094454,-1.1534551094094454,-1.1534551094094454,0.6886138098060621,0.6886138098060621,0.6886138098060621,2.7562144638356254,2.7562144638356254,2.7562144638356254,-4.014680273541639,-4.014680273541639,-4.014680273541639,-7.184971358392441,-7.184971358392441,-7.184971358392441,0.0,0.0,0.0,47.58851799388488
167,2018-03-21 17:00:00,57.027989993573115,42.482038752808094,62.06590650136163,57.027989993573115,57.027989993573115,0.0,0.0,0.0,0.0,0.0,0.0,0.0,0.0,0.0,0.0,0.0,0.0,0.0,0.0,0.0,0.0,0.0,0.0,0.0,0.0,0.0,0.0,0.0,0.0,0.0,0.0,0.0,0.0,0.0,0.0,-4.70249175994003,-4.70249175994003,-4.70249175994003,3.968481302882158,3.968481302882158,3.968481302882158,-1.3472526939862075,-1.3472526939862075,-1.3472526939862075,-4.246505963001899,-4.246505963001899,-4.246505963001899,-1.9257447869442426,-1.9257447869442426,-1.9257447869442426,0.0,0.0,0.0,0.529760730807559,0.529760730807559,0.529760730807559,1.996253045129992,1.996253045129992,1.996253045129992,-0.43581231763181727,-0.43581231763181727,-0.43581231763181727,0.6704991563012116,0.6704991563012116,0.6704991563012116,2.762390881942391,2.762390881942391,2.762390881942391,-3.734209096678393,-3.734209096678393,-3.734209096678393,-7.186857981762681,-7.186857981762681,-7.186857981762681,0.0,0.0,0.0,52.325498233633084
168,2018-03-21 18:00:00,56.926500343509204,47.139888313439606,67.0555121750121,56.926500343509204,56.926500343509204,0.0,0.0,0.0,0.0,0.0,0.0,0.0,0.0,0.0,0.0,0.0,0.0,0.0,0.0,0.0,0.0,0.0,0.0,0.0,0.0,0.0,0.0,0.0,0.0,0.0,0.0,0.0,0.0,0.0,0.0,0.23717891520948634,0.23717891520948634,0.23717891520948634,6.1302947199775435,6.1302947199775435,6.1302947199775435,-1.478571296445703,-1.478571296445703,-1.478571296445703,-1.6303705620647857,-1.6303705620647857,-1.6303705620647857,-1.2139050183792546,-1.2139050183792546,-1.2139050183792546,0.0,0.0,0.0,0.6473748352142401,0.6473748352142401,0.6473748352142401,2.5701496127999506,2.5701496127999506,2.5701496127999506,0.24799126451441889,0.24799126451441889,0.24799126451441889,1.1407082271565387,1.1407082271565387,1.1407082271565387,2.8722188122848684,2.8722188122848684,2.8722188122848684,-3.5441181869249765,-3.5441181869249765,-3.5441181869249765,-7.134964054988139,-7.134964054988139,-7.134964054988139,0.0,0.0,0.0,57.16367925871869
169,2018-03-21 19:00:00,56.926166570512436,49.325543297392436,69.7192971599298,56.926166570512436,56.926166570512436,0.0,0.0,0.0,0.0,0.0,0.0,0.0,0.0,0.0,0.0,0.0,0.0,0.0,0.0,0.0,0.0,0.0,0.0,0.0,0.0,0.0,0.0,0.0,0.0,0.0,0.0,0.0,0.0,0.0,0.0,2.4965276238516223,2.4965276238516223,2.4965276238516223,6.371575404407764,6.371575404407764,6.371575404407764,-1.478571296445703,-1.478571296445703,-1.478571296445703,0.3911344739186097,0.3911344739186097,0.3911344739186097,-0.5329073499951635,-0.5329073499951635,-0.5329073499951635,0.0,0.0,0.0,0.755245156995306,0.755245156995306,0.755245156995306,3.1955352937964547,3.1955352937964547,3.1955352937964547,0.4038486289049901,0.4038486289049901,0.4038486289049901,1.5216789239217166,1.5216789239217166,1.5216789239217166,2.8707462800531522,2.8707462800531522,2.8707462800531522,-3.4736948832589913,-3.4736948832589913,-3.4736948832589913,-7.136928534527905,-7.136928534527905,-7.136928534527905,0.0,0.0,0.0,59.422694194364055
170,2018-03-21 20:00:00,56.92583279751567,46.632206421236106,67.08282757713415,56.92583279751567,56.92583279751567,0.0,0.0,0.0,0.0,0.0,0.0,0.0,0.0,0.0,0.0,0.0,0.0,0.0,0.0,0.0,0.0,0.0,0.0,0.0,0.0,0.0,0.0,0.0,0.0,0.0,0.0,0.0,0.0,0.0,0.0,0.1428075646038985,0.1428075646038985,0.1428075646038985,4.439024421745684,4.439024421745684,4.439024421745684,-1.478571296445703,-1.478571296445703,-1.478571296445703,-0.023917790556816153,-0.023917790556816153,-0.023917790556816153,-0.831004442570841,-0.831004442570841,-0.831004442570841,0.0,0.0,0.0,0.863115478776372,0.863115478776372,0.863115478776372,3.036634193477898,3.036634193477898,3.036634193477898,0.4235838146557443,0.4235838146557443,0.4235838146557443,1.3811859327939675,1.3811859327939675,1.3811859327939675,2.8666141165055254,2.8666141165055254,2.8666141165055254,-3.418861471244254,-3.418861471244254,-3.418861471244254,-7.138913183090494,-7.138913183090494,-7.138913183090494,0.0,0.0,0.0,57.06864036211957
171,2018-03-21 21:00:00,56.92549902451889,43.374635889391385,63.223360354291124,56.92549902451889,56.92549902451889,0.0,0.0,0.0,0.0,0.0,0.0,0.0,0.0,0.0,0.0,0.0,0.0,0.0,0.0,0.0,0.0,0.0,0.0,0.0,0.0,0.0,0.0,0.0,0.0,0.0,0.0,0.0,0.0,0.0,0.0,-3.9707217830374617,-3.9707217830374617,-3.9707217830374617,1.2882490835416993,1.2882490835416993,1.2882490835416993,-1.478571296445703,-1.478571296445703,-1.478571296445703,-0.9773593140258103,-0.9773593140258103,-0.9773593140258103,-1.460092100006409,-1.460092100006409,-1.460092100006409,0.0,0.0,0.0,0.9709858005574378,0.9709858005574378,0.9709858005574378,2.798027074993121,2.798027074993121,2.798027074993121,0.4291501490982647,0.4291501490982647,0.4291501490982647,0.9744956953189041,0.9744956953189041,0.9744956953189041,2.8593064653572426,2.8593064653572426,2.8593064653572426,-3.211354637541426,-3.211354637541426,-3.211354637541426,-7.140918017910593,-7.140918017910593,-7.140918017910593,0.0,0.0,0.0,52.95477724148143
172,2018-03-21 22:00:00,56.92516525152212,38.58269830993871,58.181053523698004,56.92516525152212,56.92516525152212,0.0,0.0,0.0,0.0,0.0,0.0,0.0,0.0,0.0,0.0,0.0,0.0,0.0,0.0,0.0,0.0,0.0,0.0,0.0,0.0,0.0,0.0,0.0,0.0,0.0,0.0,0.0,0.0,0.0,0.0,-8.78400509451592,-8.78400509451592,-8.78400509451592,-1.785982435798668,-1.785982435798668,-1.785982435798668,-1.478571296445703,-1.478571296445703,-1.478571296445703,-2.703467333017444,-2.703467333017444,-2.703467333017444,-1.7854290993174502,-1.7854290993174502,-1.7854290993174502,0.0,0.0,0.0,1.0788561223385038,1.0788561223385038,1.0788561223385038,1.6663038042355582,1.6663038042355582,1.6663038042355582,0.46001800373405966,0.46001800373405966,0.46001800373405966,0.4102732709957929,0.4102732709957929,0.4102732709957929,2.8483877292225,2.8483877292225,2.8483877292225,-3.0549181385582056,-3.0549181385582056,-3.0549181385582056,-7.1429430549223065,-7.1429430549223065,-7.1429430549223065,0.0,0.0,0.0,48.1411601570062
173,2018-03-21 23:00:00,56.92483147852534,35.698986307580846,55.166891243694465,56.92483147852534,56.92483147852534,0.0,0.0,0.0,0.0,0.0,0.0,0.0,0.0,0.0,0.0,0.0,0.0,0.0,0.0,0.0,0.0,0.0,0.0,0.0,0.0,0.0,0.0,0.0,0.0,0.0,0.0,0.0,0.0,0.0,0.0,-11.483869705682698,-11.483869705682698,-11.483869705682698,-4.08249433629604,-4.08249433629604,-4.08249433629604,-1.478571296445703,-1.478571296445703,-1.478571296445703,-3.0898950744932345,-3.0898950744932345,-3.0898950744932345,-2.133894321328328,-2.133894321328328,-2.133894321328328,0.0,0.0,0.0,1.1867264441195697,1.1867264441195697,1.1867264441195697,1.5579853692917192,1.5579853692917192,1.5579853692917192,0.47165670302296603,0.47165670302296603,0.47165670302296603,0.006315734721155153,0.006315734721155153,0.006315734721155153,2.8335080138661857,2.8335080138661857,2.8335080138661857,-2.700113707874613,-2.700113707874613,-2.700113707874613,-7.1449883087596096,-7.1449883087596096,-7.1449883087596096,0.0,0.0,0.0,45.44096177284264
174,2018-03-22 00:00:00,56.92449770552857,33.96385377901327,53.11254372358305,56.92449770552857,56.92449770552857,0.0,0.0,0.0,0.0,0.0,0.0,0.0,0.0,0.0,0.0,0.0,0.0,0.0,0.0,0.0,0.0,0.0,0.0,0.0,0.0,0.0,0.0,0.0,0.0,0.0,0.0,0.0,0.0,0.0,0.0,-13.605583283161309,-13.605583283161309,-13.605583283161309,-5.706177567946579,-5.706177567946579,-5.706177567946579,-0.49303172222042674,-0.49303172222042674,-0.49303172222042674,-3.566758882463813,-3.566758882463813,-3.566758882463813,-2.236172461712052,-2.236172461712052,-2.236172461712052,0.0,0.0,0.0,0.00015290452784437808,0.00015290452784437808,0.00015290452784437808,1.3444141154873575,1.3444141154873575,1.3444141154873575,0.472668763830697,0.472668763830697,0.472668763830697,-0.31485702989353903,-0.31485702989353903,-0.31485702989353903,2.814406959999775,2.814406959999775,2.814406959999775,-2.339933452483694,-2.339933452483694,-2.339933452483694,-7.147053792750691,-7.147053792750691,-7.147053792750691,0.0,0.0,0.0,43.318914422367264
175,2018-03-22 01:00:00,56.9241639325318,30.802138036007722,51.253171324372225,56.9241639325318,56.9241639325318,0.0,0.0,0.0,0.0,0.0,0.0,0.0,0.0,0.0,0.0,0.0,0.0,0.0,0.0,0.0,0.0,0.0,0.0,0.0,0.0,0.0,0.0,0.0,0.0,0.0,0.0,0.0,0.0,0.0,0.0,-15.902268051992916,-15.902268051992916,-15.902268051992916,-6.9994513968405165,-6.9994513968405165,-6.9994513968405165,-0.49303172222042674,-0.49303172222042674,-0.49303172222042674,-4.544593058487122,-4.544593058487122,-4.544593058487122,-2.286540591147253,-2.286540591147253,-2.286540591147253,0.0,0.0,0.0,-1.1864206350638808,-1.1864206350638808,-1.1864206350638808,1.3924421007926444,1.3924421007926444,1.3924421007926444,0.5010064664471644,0.5010064664471644,0.5010064664471644,-0.5003592172635876,-0.5003592172635876,-0.5003592172635876,2.790915922248411,2.790915922248411,2.790915922248411,-1.9716894600317831,-1.9716894600317831,-1.9716894600317831,-7.149139518913689,-7.149139518913689,-7.149139518913689,0.0,0.0,0.0,41.02189588053888
176,2018-03-22 02:00:00,56.92383015953503,29.97539046935039,50.93872943842829,56.92383015953503,56.92383015953503,0.0,0.0,0.0,0.0,0.0,0.0,0.0,0.0,0.0,0.0,0.0,0.0,0.0,0.0,0.0,0.0,0.0,0.0,0.0,0.0,0.0,0.0,0.0,0.0,0.0,0.0,0.0,0.0,0.0,0.0,-16.65831052342879,-16.65831052342879,-16.65831052342879,-7.873010534389085,-7.873010534389085,-7.873010534389085,-0.49303172222042674,-0.49303172222042674,-0.49303172222042674,-4.397012970103896,-4.397012970103896,-4.397012970103896,-2.3220038659536697,-2.3220038659536697,-2.3220038659536697,0.0,0.0,0.0,-1.0785503132828151,-1.0785503132828151,-1.0785503132828151,1.3163126347236258,1.3163126347236258,1.3163126347236258,0.5895617871236254,0.5895617871236254,0.5895617871236254,-0.5693197357919677,-0.5693197357919677,-0.5693197357919677,2.7629584790184443,2.7629584790184443,2.7629584790184443,-1.8399817547022679,-1.8399817547022679,-1.8399817547022679,-7.151245497954252,-7.151245497954252,-7.151245497954252,0.0,0.0,0.0,40.26551963610624
177,2018-03-22 03:00:00,56.92349638653826,30.627137149157207,50.356507681457025,56.92349638653826,56.92349638653826,0.0,0.0,0.0,0.0,0.0,0.0,0.0,0.0,0.0,0.0,0.0,0.0,0.0,0.0,0.0,0.0,0.0,0.0,0.0,0.0,0.0,0.0,0.0,0.0,0.0,0.0,0.0,0.0,0.0,0.0,-16.172327770353647,-16.172327770353647,-16.172327770353647,-7.747923416558958,-7.747923416558958,-7.747923416558958,-0.49303172222042674,-0.49303172222042674,-0.49303172222042674,-4.0015818958324,-4.0015818958324,-4.0015818958324,-2.254675039871922,-2.254675039871922,-2.254675039871922,0.0,0.0,0.0,-0.9706799915017491,-0.9706799915017491,-0.9706799915017491,1.3760921483482915,1.3760921483482915,1.3760921483482915,0.6259959762019408,0.6259959762019408,0.6259959762019408,-0.5850729544767727,-0.5850729544767727,-0.5850729544767727,2.73054928129886,2.73054928129886,2.73054928129886,-1.7002103123117618,-1.7002103123117618,-1.7002103123117618,-7.153371739261148,-7.153371739261148,-7.153371739261148,0.0,0.0,0.0,40.751168616184614
178,2018-03-22 04:00:00,56.923162613541486,33.49989250366628,53.31823686013487,56.923162613541486,56.923162613541486,0.0,0.0,0.0,0.0,0.0,0.0,0.0,0.0,0.0,0.0,0.0,0.0,0.0,0.0,0.0,0.0,0.0,0.0,0.0,0.0,0.0,0.0,0.0,0.0,0.0,0.0,0.0,0.0,0.0,0.0,-13.967864536040587,-13.967864536040587,-13.967864536040587,-6.15066534955456,-6.15066534955456,-6.15066534955456,-0.49303172222042674,-0.49303172222042674,-0.49303172222042674,-3.3554722082106903,-3.3554722082106903,-3.3554722082106903,-2.1400618473816184,-2.1400618473816184,-2.1400618473816184,0.0,0.0,0.0,-0.8628096697206832,-0.8628096697206832,-0.8628096697206832,1.5303948245418735,1.5303948245418735,1.5303948245418735,0.6857075638580689,0.6857075638580689,0.6857075638580689,-0.45663599805678234,-0.45663599805678234,-0.45663599805678234,2.693791272630303,2.693791272630303,2.693791272630303,-1.6190353592311217,-1.6190353592311217,-1.6190353592311217,-7.15551825090564,-7.15551825090564,-7.15551825090564,0.0,0.0,0.0,42.9552980775009
179,2018-03-22 05:00:00,56.92282884054471,36.143919940156835,56.381712234029294,56.92282884054471,56.92282884054471,0.0,0.0,0.0,0.0,0.0,0.0,0.0,0.0,0.0,0.0,0.0,0.0,0.0,0.0,0.0,0.0,0.0,0.0,0.0,0.0,0.0,0.0,0.0,0.0,0.0,0.0,0.0,0.0,0.0,0.0,-10.21022419968179,-10.21022419968179,-10.21022419968179,-3.324439909486859,-3.324439909486859,-3.324439909486859,-0.49303172222042674,-0.49303172222042674,-0.49303172222042674,-2.3809705864272646,-2.3809705864272646,-2.3809705864272646,-1.957091907800685,-1.957091907800685,-1.957091907800685,0.0,0.0,0.0,-0.7549393479396173,-0.7549393479396173,-0.7549393479396173,1.8165189923180518,1.8165189923180518,1.8165189923180518,0.6983583239547061,0.6983583239547061,0.6983583239547061,-0.023904725612960212,-0.023904725612960212,-0.023904725612960212,2.6528713358674145,2.6528713358674145,2.6528713358674145,-1.6668801991263336,-1.6668801991263336,-1.6668801991263336,-7.157685039635081,-7.157685039635081,-7.157685039635081,0.0,0.0,0.0,46.71260464086292
180,2018-03-22 06:00:00,56.922495067547935,41.65920398740829,61.831133406845176,56.922495067547935,56.922495067547935,0.0,0.0,0.0,0.0,0.0,0.0,0.0,0.0,0.0,0.0,0.0,0.0,0.0,0.0,0.0,0.0,0.0,0.0,0.0,0.0,0.0,0.0,0.0,0.0,0.0,0.0,0.0,0.0,0.0,0.0,-5.108460106742656,-5.108460106742656,-5.108460106742656,-0.21030540811859347,-0.21030540811859347,-0.21030540811859347,-0.49303172222042674,-0.49303172222042674,-0.49303172222042674,-0.3463370330936322,-0.3463370330936322,-0.3463370330936322,-1.206195610812642,-1.206195610812642,-1.206195610812642,0.0,0.0,0.0,-0.6470690261585513,-0.6470690261585513,-0.6470690261585513,2.316214413898592,2.316214413898592,2.316214413898592,0.6249839153942098,0.6249839153942098,0.6249839153942098,0.5837194236580828,0.5837194236580828,0.5837194236580828,2.6080544453430297,2.6080544453430297,2.6080544453430297,-1.5249584268528966,-1.5249584268528966,-1.5249584268528966,-7.15987211087346,-7.15987211087346,-7.15987211087346,0.0,0.0,0.0,51.81403496080528
181,2018-03-22 07:00:00,56.92216129455116,46.02842924452065,65.8410369224726,56.92216129455116,56.92216129455116,0.0,0.0,0.0,0.0,0.0,0.0,0.0,0.0,0.0,0.0,0.0,0.0,0.0,0.0,0.0,0.0,0.0,0.0,0.0,0.0,0.0,0.0,0.0,0.0,0.0,0.0,0.0,0.0,0.0,0.0,-1.4052760839104137,-1.4052760839104137,-1.4052760839104137,2.202557739259385,2.202557739259385,2.202557739259385,-0.49303172222042674,-0.49303172222042674,-0.49303172222042674,0.9945692210423055,0.9945692210423055,0.9945692210423055,-0.6804140147696798,-0.6804140147696798,-0.6804140147696798,0.0,0.0,0.0,-0.5391987043774853,-0.5391987043774853,-0.5391987043774853,2.9451766469922984,2.9451766469922984,2.9451766469922984,0.051145437410742775,0.051145437410742775,0.051145437410742775,1.0783383409350666,1.0783383409350666,1.0783383409350666,2.559676424501456,2.559676424501456,2.559676424501456,-1.3674467629282108,-1.3674467629282108,-1.3674467629282108,-7.162079468713559,-7.162079468713559,-7.162079468713559,0.0,0.0,0.0,55.516885210640744
182,2018-03-22 08:00:00,56.92182752155439,45.41393936938549,66.08936154963666,56.92182752155439,56.92182752155439,0.0,0.0,0.0,0.0,0.0,0.0,0.0,0.0,0.0,0.0,0.0,0.0,0.0,0.0,0.0,0.0,0.0,0.0,0.0,0.0,0.0,0.0,0.0,0.0,0.0,0.0,0.0,0.0,0.0,0.0,-1.1131778533144807,-1.1131778533144807,-1.1131778533144807,3.527387151506046,3.527387151506046,3.527387151506046,-0.49303172222042674,-0.49303172222042674,-0.49303172222042674,0.015606681637633402,0.015606681637633402,0.015606681637633402,-0.6768162912385941,-0.6768162912385941,-0.6768162912385941,0.0,0.0,0.0,-0.4313283825964194,-0.4313283825964194,-0.4313283825964194,2.672336815577157,2.672336815577157,2.672336815577157,-1.034289778880736,-1.034289778880736,-1.034289778880736,1.2848984022613337,1.2848984022613337,1.2848984022613337,2.5081354294605904,2.5081354294605904,2.5081354294605904,-1.3061623612646813,-1.3061623612646813,-1.3061623612646813,-7.164307115918751,-7.164307115918751,-7.164307115918751,0.0,0.0,0.0,55.80864966823991
183,2018-03-22 09:00:00,56.92149374855762,45.353655890713156,66.25856922402414,56.92149374855762,56.92149374855762,0.0,0.0,0.0,0.0,0.0,0.0,0.0,0.0,0.0,0.0,0.0,0.0,0.0,0.0,0.0,0.0,0.0,0.0,0.0,0.0,0.0,0.0,0.0,0.0,0.0,0.0,0.0,0.0,0.0,0.0,-1.2597961396726631,-1.2597961396726631,-1.2597961396726631,4.024838084553803,4.024838084553803,4.024838084553803,-0.49303172222042674,-0.49303172222042674,-0.49303172222042674,-0.5719614675902579,-0.5719614675902579,-0.5719614675902579,-0.9276290174057158,-0.9276290174057158,-0.9276290174057158,0.0,0.0,0.0,-0.3234580608153535,-0.3234580608153535,-0.3234580608153535,2.778100570451566,2.778100570451566,2.778100570451566,-1.8464685770848492,-1.8464685770848492,-1.8464685770848492,1.3381057021049094,1.3381057021049094,1.3381057021049094,2.453882297279347,2.453882297279347,2.453882297279347,-1.0975803626203877,-1.0975803626203877,-1.0975803626203877,-7.166555053915555,-7.166555053915555,-7.166555053915555,0.0,0.0,0.0,55.66169760888496
184,2018-03-22 10:00:00,56.92115997556085,46.23613404127787,65.23733854793635,56.92115997556085,56.92115997556085,0.0,0.0,0.0,0.0,0.0,0.0,0.0,0.0,0.0,0.0,0.0,0.0,0.0,0.0,0.0,0.0,0.0,0.0,0.0,0.0,0.0,0.0,0.0,0.0,0.0,0.0,0.0,0.0,0.0,0.0,-1.1371740747958923,-1.1371740747958923,-1.1371740747958923,4.075531846415124,4.075531846415124,4.075531846415124,-0.49303172222042674,-0.49303172222042674,-0.49303172222042674,-0.4412925529649823,-0.4412925529649823,-0.4412925529649823,-0.7862898786844894,-0.7862898786844894,-0.7862898786844894,0.0,0.0,0.0,-0.21558773903428752,-0.21558773903428752,-0.21558773903428752,2.6978836162714583,2.6978836162714583,2.6978836162714583,-2.0918933229596126,-2.0918933229596126,-2.0918933229596126,1.2979189197457135,1.2979189197457135,1.2979189197457135,2.3974099145497876,2.3974099145497876,2.3974099145497876,-0.8502924260833383,-0.8502924260833383,-0.8502924260833383,-7.168823282795821,-7.168823282795821,-7.168823282795821,0.0,0.0,0.0,55.783985900764954
185,2018-03-22 11:00:00,56.92082620256408,45.568895784015794,64.77272862189533,56.92082620256408,56.92082620256408,0.0,0.0,0.0,0.0,0.0,0.0,0.0,0.0,0.0,0.0,0.0,0.0,0.0,0.0,0.0,0.0,0.0,0.0,0.0,0.0,0.0,0.0,0.0,0.0,0.0,0.0,0.0,0.0,0.0,0.0,-1.7794300377988066,-1.7794300377988066,-1.7794300377988066,3.6994564247640773,3.6994564247640773,3.6994564247640773,-0.49303172222042674,-0.49303172222042674,-0.49303172222042674,-0.6470164373676739,-0.6470164373676739,-0.6470164373676739,-0.6727046072030675,-0.6727046072030675,-0.6727046072030675,0.0,0.0,0.0,-0.10771741725322156,-0.10771741725322156,-0.10771741725322156,2.3264331341763125,2.3264331341763125,2.3264331341763125,-2.2057501638293484,-2.2057501638293484,-2.2057501638293484,1.1786445497036198,1.1786445497036198,1.1786445497036198,2.339241776114391,2.339241776114391,2.339241776114391,-0.6728902107415421,-0.6728902107415421,-0.6728902107415421,-7.171111801309601,-7.171111801309601,-7.171111801309601,0.0,0.0,0.0,55.141396164765276
186,2018-03-22 12:00:00,56.920492429567304,44.28135166281266,64.72482314430708,56.920492429567304,56.920492429567304,0.0,0.0,0.0,0.0,0.0,0.0,0.0,0.0,0.0,0.0,0.0,0.0,0.0,0.0,0.0,0.0,0.0,0.0,0.0,0.0,0.0,0.0,0.0,0.0,0.0,0.0,0.0,0.0,0.0,0.0,-3.0824885331067144,-3.0824885331067144,-3.0824885331067144,2.6641963199684855,2.6641963199684855,2.6641963199684855,-0.49303172222042674,-0.49303172222042674,-0.49303172222042674,-0.8531841622328071,-0.8531841622328071,-0.8531841622328071,-0.827920679544196,-0.827920679544196,-0.827920679544196,0.0,0.0,0.0,0.00015290452784437808,0.00015290452784437808,0.00015290452784437808,2.1828601142743373,2.1828601142743373,2.1828601142743373,-2.2001838293868277,-2.2001838293868277,-2.2001838293868277,1.1164354106115844,1.1164354106115844,1.1164354106115844,2.279919916021094,2.279919916021094,2.279919916021094,-0.631496360495123,-0.631496360495123,-0.631496360495123,-7.173420606863486,-7.173420606863486,-7.173420606863486,0.0,0.0,0.0,53.83800389646059
187,2018-03-22 13:00:00,56.92015865657053,41.910882477291786,61.11464509600443,56.92015865657053,56.92015865657053,0.0,0.0,0.0,0.0,0.0,0.0,0.0,0.0,0.0,0.0,0.0,0.0,0.0,0.0,0.0,0.0,0.0,0.0,0.0,0.0,0.0,0.0,0.0,0.0,0.0,0.0,0.0,0.0,0.0,0.0,-5.594170763593038,-5.594170763593038,-5.594170763593038,1.0601991676177207,1.0601991676177207,1.0601991676177207,-0.49303172222042674,-0.49303172222042674,-0.49303172222042674,-1.698612638000936,-1.698612638000936,-1.698612638000936,-1.2087654133348462,-1.2087654133348462,-1.2087654133348462,0.0,0.0,0.0,0.10802322630891033,0.10802322630891033,0.10802322630891033,1.9125749629286262,1.9125749629286262,1.9125749629286262,-2.149074758596413,-2.149074758596413,-2.149074758596413,0.9298079933354783,0.9298079933354783,0.9298079933354783,2.219992402309791,2.219992402309791,2.219992402309791,-0.7981469264222648,-0.7981469264222648,-0.7981469264222648,-7.175749695519613,-7.175749695519613,-7.175749695519613,0.0,0.0,0.0,51.325987892977494
188,2018-03-22 14:00:00,56.91982488357375,39.69781157150749,59.66167887343262,56.91982488357375,56.91982488357375,0.0,0.0,0.0,0.0,0.0,0.0,0.0,0.0,0.0,0.0,0.0,0.0,0.0,0.0,0.0,0.0,0.0,0.0,0.0,0.0,0.0,0.0,0.0,0.0,0.0,0.0,0.0,0.0,0.0,0.0,-7.589174276676548,-7.589174276676548,-7.589174276676548,-0.336528188194874,-0.336528188194874,-0.336528188194874,-0.49303172222042674,-0.49303172222042674,-0.49303172222042674,-2.234547620467557,-2.234547620467557,-2.234547620467557,-1.2760942394165942,-1.2760942394165942,-1.2760942394165942,0.0,0.0,0.0,0.21589354808997627,0.21589354808997627,0.21589354808997627,1.6647709961939001,1.6647709961939001,1.6647709961939001,-2.0296515832841573,-2.0296515832841573,-2.0296515832841573,0.8214644280950859,0.8214644280950859,0.8214644280950859,2.1600005939766938,2.1600005939766938,2.1600005939766938,-1.1378990479253412,-1.1378990479253412,-1.1378990479253412,-7.178099061990811,-7.178099061990811,-7.178099061990811,0.0,0.0,0.0,49.33065060689721
189,2018-03-22 15:00:00,56.919491110576985,38.93876353528493,58.67721515090636,56.919491110576985,56.919491110576985,0.0,0.0,0.0,0.0,0.0,0.0,0.0,0.0,0.0,0.0,0.0,0.0,0.0,0.0,0.0,0.0,0.0,0.0,0.0,0.0,0.0,0.0,0.0,0.0,0.0,0.0,0.0,0.0,0.0,0.0,-8.193760408552748,-8.193760408552748,-8.193760408552748,-0.44317181546373535,-0.44317181546373535,-0.44317181546373535,-0.49303172222042674,-0.49303172222042674,-0.49303172222042674,-2.6705862565265237,-2.6705862565265237,-2.6705862565265237,-1.4318242722621635,-1.4318242722621635,-1.4318242722621635,0.0,0.0,0.0,0.3237638698710422,0.3237638698710422,0.3237638698710422,1.4491559983339943,1.4491559983339943,1.4491559983339943,-1.7477926483310784,-1.7477926483310784,-1.7477926483310784,0.7245339090447054,0.7245339090447054,0.7245339090447054,2.1004663630786093,2.1004663630786093,2.1004663630786093,-1.495391390962597,-1.495391390962597,-1.495391390962597,-7.180468699641099,-7.180468699641099,-7.180468699641099,0.0,0.0,0.0,48.72573070202424
190,2018-03-22 16:00:00,56.91915733758021,40.594276768463104,60.66030826655902,56.91915733758021,56.91915733758021,0.0,0.0,0.0,0.0,0.0,0.0,0.0,0.0,0.0,0.0,0.0,0.0,0.0,0.0,0.0,0.0,0.0,0.0,0.0,0.0,0.0,0.0,0.0,0.0,0.0,0.0,0.0,0.0,0.0,0.0,-6.520389848000296,-6.520389848000296,-6.520389848000296,1.226235024563073,1.226235024563073,1.226235024563073,-0.49303172222042674,-0.49303172222042674,-0.49303172222042674,-2.6056457579403243,-2.6056457579403243,-2.6056457579403243,-1.395847036951306,-1.395847036951306,-1.395847036951306,0.0,0.0,0.0,0.43163419165210815,0.43163419165210815,0.43163419165210815,1.4481341263062222,1.4481341263062222,1.4481341263062222,-1.3060281057565046,-1.3060281057565046,-1.3060281057565046,0.6822574140028312,0.6822574140028312,0.6822574140028312,2.041879485854633,2.041879485854633,2.041879485854633,-1.972764624973249,-1.972764624973249,-1.972764624973249,-7.182858600477679,-7.182858600477679,-7.182858600477679,0.0,0.0,0.0,50.39876748957991
191,2018-03-22 17:00:00,56.91882356458344,44.217803257879225,63.39858698684793,56.91882356458344,56.91882356458344,0.0,0.0,0.0,0.0,0.0,0.0,0.0,0.0,0.0,0.0,0.0,0.0,0.0,0.0,0.0,0.0,0.0,0.0,0.0,0.0,0.0,0.0,0.0,0.0,0.0,0.0,0.0,0.0,0.0,0.0,-2.934760375608078,-2.934760375608078,-2.934760375608078,3.9506049705588366,3.9506049705588366,3.9506049705588366,-0.49303172222042674,-0.49303172222042674,-0.49303172222042674,-1.6847819966229665,-1.6847819966229665,-1.6847819966229665,-1.247312451167908,-1.247312451167908,-1.247312451167908,0.0,0.0,0.0,0.5395045134331741,0.5395045134331741,0.5395045134331741,1.5789337458610466,1.5789337458610466,1.5789337458610466,-0.5267412838036482,-0.5267412838036482,-0.5267412838036482,0.6349977579484167,0.6349977579484167,0.6349977579484167,1.9846854056107863,1.9846854056107863,1.9846854056107863,-2.171132556673621,-2.171132556673621,-2.171132556673621,-7.185268755154735,-7.185268755154735,-7.185268755154735,0.0,0.0,0.0,53.98406318897536
192,2018-03-22 18:00:00,57.30664907852293,48.536208404281304,69.5132769855097,57.30664907852293,57.30664907852293,0.0,0.0,0.0,0.0,0.0,0.0,0.0,0.0,0.0,0.0,0.0,0.0,0.0,0.0,0.0,0.0,0.0,0.0,0.0,0.0,0.0,0.0,0.0,0.0,0.0,0.0,0.0,0.0,0.0,0.0,1.0765664522371305,1.0765664522371305,1.0765664522371305,6.108307119985781,6.108307119985781,6.108307119985781,-0.4817506245590703,-0.4817506245590703,-0.4817506245590703,0.2771353480136229,0.2771353480136229,0.2771353480136229,-0.695755480724697,-0.695755480724697,-0.695755480724697,0.0,0.0,0.0,0.7337591055716303,0.7337591055716303,0.7337591055716303,2.047623321741041,2.047623321741041,2.047623321741041,0.20916171599793185,0.20916171599793185,0.20916171599793185,0.790961670749122,0.790961670749122,0.790961670749122,1.9429081819280334,1.9429081819280334,1.9429081819280334,-2.326864360762335,-2.326864360762335,-2.326864360762335,-7.2517841976903075,-7.2517841976903075,-7.2517841976903075,0.0,0.0,0.0,58.38321553076006
193,2018-03-22 19:00:00,57.30639748336291,48.723864763670896,69.21355293930505,57.30639748336291,57.30639748336291,0.0,0.0,0.0,0.0,0.0,0.0,0.0,0.0,0.0,0.0,0.0,0.0,0.0,0.0,0.0,0.0,0.0,0.0,0.0,0.0,0.0,0.0,0.0,0.0,0.0,0.0,0.0,0.0,0.0,0.0,1.8630786002576252,1.8630786002576252,1.8630786002576252,6.36646057382849,6.36646057382849,6.36646057382849,-0.4817506245590703,-0.4817506245590703,-0.4817506245590703,0.8629639515178493,0.8629639515178493,0.8629639515178493,-0.13676936669010667,-0.13676936669010667,-0.13676936669010667,0.0,0.0,0.0,0.8560234297445383,0.8560234297445383,0.8560234297445383,2.272104044687688,2.272104044687688,2.272104044687688,0.3479133801143624,0.3479133801143624,0.3479133801143624,1.0924162045444976,1.0924162045444976,1.0924162045444976,1.887886549389374,1.887886549389374,1.887886549389374,-3.0869731163240597,-3.0869731163240597,-3.0869731163240597,-7.254232474478087,-7.254232474478087,-7.254232474478087,0.0,0.0,0.0,59.16947608362053
194,2018-03-22 20:00:00,57.3061458882029,46.4724370511003,66.9034315040846,57.3061458882029,57.3061458882029,0.0,0.0,0.0,0.0,0.0,0.0,0.0,0.0,0.0,0.0,0.0,0.0,0.0,0.0,0.0,0.0,0.0,0.0,0.0,0.0,0.0,0.0,0.0,0.0,0.0,0.0,0.0,0.0,0.0,0.0,-0.9948343412580383,-0.9948343412580383,-0.9948343412580383,4.395073338357259,4.395073338357259,4.395073338357259,-0.4817506245590703,-0.4817506245590703,-0.4817506245590703,0.03159424730702719,0.03159424730702719,0.03159424730702719,-0.49165388421565687,-0.49165388421565687,-0.49165388421565687,0.0,0.0,0.0,0.9782877539174463,0.9782877539174463,0.9782877539174463,2.003324465106337,2.003324465106337,2.003324465106337,0.3649766915591014,0.3649766915591014,0.3649766915591014,1.0009281114800752,1.0009281114800752,1.0009281114800752,1.8352030707348812,1.8352030707348812,1.8352030707348812,-3.342518265981205,-3.342518265981205,-3.342518265981205,-7.256704997657205,-7.256704997657205,-7.256704997657205,0.0,0.0,0.0,56.31131154694486
195,2018-03-22 21:00:00,57.30589429304288,41.88499117230341,61.78571312951444,57.30589429304288,57.30589429304288,0.0,0.0,0.0,0.0,0.0,0.0,0.0,0.0,0.0,0.0,0.0,0.0,0.0,0.0,0.0,0.0,0.0,0.0,0.0,0.0,0.0,0.0,0.0,0.0,0.0,0.0,0.0,0.0,0.0,0.0,-5.803849047280472,-5.803849047280472,-5.803849047280472,1.1797733736604719,1.1797733736604719,1.1797733736604719,-0.4817506245590703,-0.4817506245590703,-0.4817506245590703,-1.509461573450983,-1.509461573450983,-1.509461573450983,-1.554587479518355,-1.554587479518355,-1.554587479518355,0.0,0.0,0.0,1.1005520780903542,1.1005520780903542,1.1005520780903542,1.7698844228403119,1.7698844228403119,1.7698844228403119,0.36767089862932345,0.36767089862932345,0.36767089862932345,0.696052277805559,0.696052277805559,0.696052277805559,1.785040900207514,1.785040900207514,1.785040900207514,-3.4072831467391063,-3.4072831467391063,-3.4072831467391063,-7.259201747697474,-7.259201747697474,-7.259201747697474,0.0,0.0,0.0,51.50204524576241
196,2018-03-22 22:00:00,57.305642697882874,37.42415039932117,57.254826732839035,57.305642697882874,57.305642697882874,0.0,0.0,0.0,0.0,0.0,0.0,0.0,0.0,0.0,0.0,0.0,0.0,0.0,0.0,0.0,0.0,0.0,0.0,0.0,0.0,0.0,0.0,0.0,0.0,0.0,0.0,0.0,0.0,0.0,0.0,-10.028445315040429,-10.028445315040429,-10.028445315040429,-1.9268406342698599,-1.9268406342698599,-1.9268406342698599,-0.4817506245590703,-0.4817506245590703,-0.4817506245590703,-2.5773712588640763,-2.5773712588640763,-2.5773712588640763,-2.0270024107639983,-2.0270024107639983,-2.0270024107639983,0.0,0.0,0.0,1.2228164022632622,1.2228164022632622,1.2228164022632622,1.4503353671158168,1.4503353671158168,1.4503353671158168,0.36767089862932345,0.36767089862932345,0.36767089862932345,0.2903114551015686,0.2903114551015686,0.2903114551015686,1.737489281638028,1.737489281638028,1.737489281638028,-3.3997523466509785,-3.3997523466509785,-3.3997523466509785,-7.261722703544522,-7.261722703544522,-7.261722703544522,0.0,0.0,0.0,47.277197382842445
197,2018-03-22 23:00:00,57.30539110272286,33.86283956145706,53.90418338614859,57.30539110272286,57.30539110272286,0.0,0.0,0.0,0.0,0.0,0.0,0.0,0.0,0.0,0.0,0.0,0.0,0.0,0.0,0.0,0.0,0.0,0.0,0.0,0.0,0.0,0.0,0.0,0.0,0.0,0.0,0.0,0.0,0.0,0.0,-13.265521957040457,-13.265521957040457,-13.265521957040457,-4.185513458968829,-4.185513458968829,-4.185513458968829,-0.4817506245590703,-0.4817506245590703,-0.4817506245590703,-3.508277817356935,-3.508277817356935,-3.508277817356935,-2.4931108320051494,-2.4931108320051494,-2.4931108320051494,0.0,0.0,0.0,1.3450807264361702,1.3450807264361702,1.3450807264361702,1.089473894529744,1.089473894529744,1.089473894529744,0.3685689676527307,0.3685689676527307,0.3685689676527307,-0.032177737210004026,-0.032177737210004026,-0.032177737210004026,1.6925371619045204,1.6925371619045204,1.6925371619045204,-3.3043622122013563,-3.3043622122013563,-3.3043622122013563,-7.264267842619212,-7.264267842619212,-7.264267842619212,0.0,0.0,0.0,44.0398691456824
198,2018-03-23 00:00:00,57.305139507562835,30.8839612138685,52.54211502937765,57.305139507562835,57.305139507562835,0.0,0.0,0.0,0.0,0.0,0.0,0.0,0.0,0.0,0.0,0.0,0.0,0.0,0.0,0.0,0.0,0.0,0.0,0.0,0.0,0.0,0.0,0.0,0.0,0.0,0.0,0.0,0.0,0.0,0.0,-15.710038745591527,-15.710038745591527,-15.710038745591527,-5.715083567958792,-5.715083567958792,-5.715083567958792,0.48246756617311193,0.48246756617311193,0.48246756617311193,-4.37818637818462,-4.37818637818462,-4.37818637818462,-2.6261208611908153,-2.6261208611908153,-2.6261208611908153,0.0,0.0,0.0,0.00017316053418255873,0.00017316053418255873,0.00017316053418255873,0.938160946024687,0.938160946024687,0.938160946024687,0.3717122092346563,0.3717122092346563,0.3717122092346563,-0.2904225206799392,-0.2904225206799392,-0.2904225206799392,1.650068341371645,1.650068341371645,1.650068341371645,-3.2541568782805026,-3.2541568782805026,-3.2541568782805026,-7.26683714081976,-7.26683714081976,-7.26683714081976,0.0,0.0,0.0,41.59510076197131
199,2018-03-23 01:00:00,57.304887912402826,28.71213185725195,48.446526387555366,57.304887912402826,57.304887912402826,0.0,0.0,0.0,0.0,0.0,0.0,0.0,0.0,0.0,0.0,0.0,0.0,0.0,0.0,0.0,0.0,0.0,0.0,0.0,0.0,0.0,0.0,0.0,0.0,0.0,0.0,0.0,0.0,0.0,0.0,-18.752387678011104,-18.752387678011104,-18.752387678011104,-6.911850598319878,-6.911850598319878,-6.911850598319878,0.48246756617311193,0.48246756617311193,0.48246756617311193,-6.1809647691629666,-6.1809647691629666,-6.1809647691629666,-2.7533976994633074,-2.7533976994633074,-2.7533976994633074,0.0,0.0,0.0,-1.344734405367805,-1.344734405367805,-1.344734405367805,0.5529102152914176,0.5529102152914176,0.5529102152914176,0.4125743497996893,0.4125743497996893,0.4125743497996893,-0.4372849858623018,-0.4372849858623018,-0.4372849858623018,1.6098582619861446,1.6098582619861446,1.6098582619861446,-3.0934998097337707,-3.0934998097337707,-3.0934998097337707,-7.269430572514402,-7.269430572514402,-7.269430572514402,0.0,0.0,0.0,38.55250023439172
200,2018-03-23 02:00:00,57.30463631724281,27.800912261184926,48.3406716012781,57.30463631724281,57.30463631724281,0.0,0.0,0.0,0.0,0.0,0.0,0.0,0.0,0.0,0.0,0.0,0.0,0.0,0.0,0.0,0.0,0.0,0.0,0.0,0.0,0.0,0.0,0.0,0.0,0.0,0.0,0.0,0.0,0.0,0.0,-19.421686728153134,-19.421686728153134,-19.421686728153134,-7.735243520499315,-7.735243520499315,-7.735243520499315,0.48246756617311193,0.48246756617311193,0.48246756617311193,-5.985967608370958,-5.985967608370958,-5.985967608370958,-2.7648640812896574,-2.7648640812896574,-2.7648640812896574,0.0,0.0,0.0,-1.2224700811948972,-1.2224700811948972,-1.2224700811948972,0.49616785960202126,0.49616785960202126,0.49616785960202126,0.46960173278605394,0.46960173278605394,0.46960173278605394,-0.4959539430490436,-0.4959539430490436,-0.4959539430490436,1.5715725112603098,1.5715725112603098,1.5715725112603098,-2.9509166613985465,-2.9509166613985465,-2.9509166613985465,-7.272048110543169,-7.272048110543169,-7.272048110543169,0.0,0.0,0.0,37.88294958908968
201,2018-03-23 03:00:00,57.304384722082794,28.877979501388005,48.72824525582843,57.304384722082794,57.304384722082794,0.0,0.0,0.0,0.0,0.0,0.0,0.0,0.0,0.0,0.0,0.0,0.0,0.0,0.0,0.0,0.0,0.0,0.0,0.0,0.0,0.0,0.0,0.0,0.0,0.0,0.0,0.0,0.0,0.0,0.0,-18.45851091155095,-18.45851091155095,-18.45851091155095,-7.612835455036632,-7.612835455036632,-7.612835455036632,0.48246756617311193,0.48246756617311193,0.48246756617311193,-5.105752827541613,-5.105752827541613,-5.105752827541613,-2.6897592803270616,-2.6897592803270616,-2.6897592803270616,0.0,0.0,0.0,-1.1002057570219892,-1.1002057570219892,-1.1002057570219892,0.7525039401286799,0.7525039401286799,0.7525039401286799,0.5697364288959699,0.5697364288959699,0.5697364288959699,-0.5049506945830796,-0.5049506945830796,-0.5049506945830796,1.5347670972419818,1.5347670972419818,1.5347670972419818,-2.615545030807244,-2.615545030807244,-2.615545030807244,-7.2746897262146835,-7.2746897262146835,-7.2746897262146835,0.0,0.0,0.0,38.84587381053184
202,2018-03-23 04:00:00,57.30413312692278,31.151737118320725,51.07418194532686,57.30413312692278,57.30413312692278,0.0,0.0,0.0,0.0,0.0,0.0,0.0,0.0,0.0,0.0,0.0,0.0,0.0,0.0,0.0,0.0,0.0,0.0,0.0,0.0,0.0,0.0,0.0,0.0,0.0,0.0,0.0,0.0,0.0,0.0,-16.034075183273806,-16.034075183273806,-16.034075183273806,-6.038199386193702,-6.038199386193702,-6.038199386193702,0.48246756617311193,0.48246756617311193,0.48246756617311193,-4.21741093277699,-4.21741093277699,-4.21741093277699,-2.622107627551593,-2.622107627551593,-2.622107627551593,0.0,0.0,0.0,-0.9779414328490812,-0.9779414328490812,-0.9779414328490812,0.9754914431887637,0.9754914431887637,0.9754914431887637,0.6290089844408528,0.6290089844408528,0.6290089844408528,-0.4161236125357663,-0.4161236125357663,-0.4161236125357663,1.4988905250043567,1.4988905250043567,1.4988905250043567,-2.2882062536432777,-2.2882062536432777,-2.2882062536432777,-7.2773553893074725,-7.2773553893074725,-7.2773553893074725,0.0,0.0,0.0,41.27005794364897
203,2018-03-23 05:00:00,57.30388153176277,35.10913836444805,55.862783257550106,57.30388153176277,57.30388153176277,0.0,0.0,0.0,0.0,0.0,0.0,0.0,0.0,0.0,0.0,0.0,0.0,0.0,0.0,0.0,0.0,0.0,0.0,0.0,0.0,0.0,0.0,0.0,0.0,0.0,0.0,0.0,0.0,0.0,0.0,-11.796621665970093,-11.796621665970093,-11.796621665970093,-3.2186615933969973,-3.2186615933969973,-3.2186615933969973,0.48246756617311193,0.48246756617311193,0.48246756617311193,-2.7612026847842333,-2.7612026847842333,-2.7612026847842333,-2.450111900156334,-2.450111900156334,-2.450111900156334,0.0,0.0,0.0,-0.8556771086761732,-0.8556771086761732,-0.8556771086761732,1.617078254448692,1.617078254448692,1.617078254448692,0.6334993295578893,0.6334993295578893,0.6334993295578893,-0.084004094638465,-0.084004094638465,-0.084004094638465,1.4632876802760904,1.4632876802760904,1.4632876802760904,-2.104454731492954,-2.104454731492954,-2.104454731492954,-7.280045068064955,-7.280045068064955,-7.280045068064955,0.0,0.0,0.0,45.507259865792676
204,2018-03-23 06:00:00,57.303629936602746,39.99600233430284,60.39529579829114,57.303629936602746,57.303629936602746,0.0,0.0,0.0,0.0,0.0,0.0,0.0,0.0,0.0,0.0,0.0,0.0,0.0,0.0,0.0,0.0,0.0,0.0,0.0,0.0,0.0,0.0,0.0,0.0,0.0,0.0,0.0,0.0,0.0,0.0,-6.7856331049772525,-6.7856331049772525,-6.7856331049772525,-0.08992548805747311,-0.08992548805747311,-0.08992548805747311,0.48246756617311193,0.48246756617311193,0.48246756617311193,-0.8401543883752852,-0.8401543883752852,-0.8401543883752852,-1.9077520397699526,-1.9077520397699526,-1.9077520397699526,0.0,0.0,0.0,-0.7334127845032653,-0.7334127845032653,-0.7334127845032653,2.260656025557371,2.260656025557371,2.260656025557371,0.5989236721567077,0.5989236721567077,0.5989236721567077,0.3686212078907835,0.3686212078907835,0.3686212078907835,1.4272055006529705,1.4272055006529705,1.4272055006529705,-1.9096580358800415,-1.9096580358800415,-1.9096580358800415,-7.282758729197464,-7.282758729197464,-7.282758729197464,0.0,0.0,0.0,50.517996831625496
205,2018-03-23 07:00:00,57.30337834144274,44.27364013321285,64.61637705105682,57.30337834144274,57.30337834144274,0.0,0.0,0.0,0.0,0.0,0.0,0.0,0.0,0.0,0.0,0.0,0.0,0.0,0.0,0.0,0.0,0.0,0.0,0.0,0.0,0.0,0.0,0.0,0.0,0.0,0.0,0.0,0.0,0.0,0.0,-2.79074580818746,-2.79074580818746,-2.79074580818746,2.3336786237545586,2.3336786237545586,2.3336786237545586,0.48246756617311193,0.48246756617311193,0.48246756617311193,0.7712715161821316,0.7712715161821316,0.7712715161821316,-1.00362783276221,-1.00362783276221,-1.00362783276221,0.0,0.0,0.0,-0.6111484603303572,-0.6111484603303572,-0.6111484603303572,2.607083039240001,2.607083039240001,2.607083039240001,0.36587476058250873,0.36587476058250873,0.36587476058250873,0.7504129314407906,0.7504129314407906,0.7504129314407906,1.3898003897554174,1.3898003897554174,1.3898003897554174,-1.8197904881617133,-1.8197904881617133,-1.8197904881617133,-7.285496337879567,-7.285496337879567,-7.285496337879567,0.0,0.0,0.0,54.51263253325528
206,2018-03-23 08:00:00,57.30312674628272,46.15750355789975,66.7351701054974,57.30312674628272,57.30312674628272,0.0,0.0,0.0,0.0,0.0,0.0,0.0,0.0,0.0,0.0,0.0,0.0,0.0,0.0,0.0,0.0,0.0,0.0,0.0,0.0,0.0,0.0,0.0,0.0,0.0,0.0,0.0,0.0,0.0,0.0,-1.0517242169201446,-1.0517242169201446,-1.0517242169201446,3.6393378394708846,3.6393378394708846,3.6393378394708846,0.48246756617311193,0.48246756617311193,0.48246756617311193,1.2470484966977913,1.2470484966977913,1.2470484966977913,-0.8436718062846192,-0.8436718062846192,-0.8436718062846192,0.0,0.0,0.0,-0.4888841361574493,-0.4888841361574493,-0.4888841361574493,3.001790829254836,3.001790829254836,3.001790829254836,0.07624750053364884,0.07624750053364884,0.07624750053364884,0.9478346059482288,0.9478346059482288,0.9478346059482288,1.3501473046587325,1.3501473046587325,1.3501473046587325,-1.9287360627699657,-1.9287360627699657,-1.9287360627699657,-7.288257857747553,-7.288257857747553,-7.288257857747553,0.0,0.0,0.0,56.25140252936258
207,2018-03-23 09:00:00,57.30287515112271,45.791030459428924,66.35411306344939,57.30287515112271,57.30287515112271,0.0,0.0,0.0,0.0,0.0,0.0,0.0,0.0,0.0,0.0,0.0,0.0,0.0,0.0,0.0,0.0,0.0,0.0,0.0,0.0,0.0,0.0,0.0,0.0,0.0,0.0,0.0,0.0,0.0,0.0,-1.289060408581774,-1.289060408581774,-1.289060408581774,4.0879019543625015,4.0879019543625015,4.0879019543625015,0.48246756617311193,0.48246756617311193,0.48246756617311193,0.6068304645845876,0.6068304645845876,0.6068304645845876,-0.9038703108729599,-0.9038703108729599,-0.9038703108729599,0.0,0.0,0.0,-0.3666198119845413,-0.3666198119845413,-0.3666198119845413,2.8649123396532232,2.8649123396532232,2.8649123396532232,-0.26771293543135377,-0.26771293543135377,-0.26771293543135377,1.0231032032893188,1.0231032032893188,1.0231032032893188,1.3072504233733693,1.3072504233733693,1.3072504233733693,-2.225449586242211,-2.225449586242211,-2.225449586242211,-7.2910432509022325,-7.2910432509022325,-7.2910432509022325,0.0,0.0,0.0,56.01381474254094
208,2018-03-23 10:00:00,57.3026235559627,45.27606510992281,64.68838560105064,57.3026235559627,57.3026235559627,0.0,0.0,0.0,0.0,0.0,0.0,0.0,0.0,0.0,0.0,0.0,0.0,0.0,0.0,0.0,0.0,0.0,0.0,0.0,0.0,0.0,0.0,0.0,0.0,0.0,0.0,0.0,0.0,0.0,0.0,-2.3732015910811737,-2.3732015910811737,-2.3732015910811737,4.084407232522983,4.084407232522983,4.084407232522983,0.48246756617311193,0.48246756617311193,0.48246756617311193,-0.4238116213309264,-0.4238116213309264,-0.4238116213309264,-1.140651095587099,-1.140651095587099,-1.140651095587099,0.0,0.0,0.0,-0.24435548781163338,-0.24435548781163338,-0.24435548781163338,2.584684740941555,2.584684740941555,2.584684740941555,-0.44104025694896604,-0.44104025694896604,-0.44104025694896604,1.0174010368240847,1.0174010368240847,1.0174010368240847,1.2600552756320198,1.2600552756320198,1.2600552756320198,-2.6823181249219794,-2.6823181249219794,-2.6823181249219794,-7.29385247790525,-7.29385247790525,-7.29385247790525,0.0,0.0,0.0,54.92942196488152
209,2018-03-23 11:00:00,57.30237196080268,43.257787712993284,63.07977485780488,57.30237196080268,57.30237196080268,0.0,0.0,0.0,0.0,0.0,0.0,0.0,0.0,0.0,0.0,0.0,0.0,0.0,0.0,0.0,0.0,0.0,0.0,0.0,0.0,0.0,0.0,0.0,0.0,0.0,0.0,0.0,0.0,0.0,0.0,-4.056822061644317,-4.056822061644317,-4.056822061644317,3.67114341351539,3.67114341351539,3.67114341351539,0.48246756617311193,0.48246756617311193,0.48246756617311193,-1.638742176421575,-1.638742176421575,-1.638742176421575,-1.7976747742369867,-1.7976747742369867,-1.7976747742369867,0.0,0.0,0.0,-0.12209116363872541,-0.12209116363872541,-0.12209116363872541,2.35124469867553,2.35124469867553,2.35124469867553,-0.389850322614749,-0.389850322614749,-0.389850322614749,0.9899039229806227,0.9899039229806227,0.9899039229806227,1.2074621990399335,1.2074621990399335,1.2074621990399335,-3.152742103760378,-3.152742103760378,-3.152742103760378,-7.296685497778066,-7.296685497778066,-7.296685497778066,0.0,0.0,0.0,53.24554989915836
210,2018-03-23 12:00:00,57.302120365642665,41.255877568964806,61.31712299227474,57.302120365642665,57.302120365642665,0.0,0.0,0.0,0.0,0.0,0.0,0.0,0.0,0.0,0.0,0.0,0.0,0.0,0.0,0.0,0.0,0.0,0.0,0.0,0.0,0.0,0.0,0.0,0.0,0.0,0.0,0.0,0.0,0.0,0.0,-5.860524583571302,-5.860524583571302,-5.860524583571302,2.614795760022349,2.614795760022349,2.614795760022349,0.48246756617311193,0.48246756617311193,0.48246756617311193,-2.3241190379404073,-2.3241190379404073,-2.3241190379404073,-2.1949849045200343,-2.1949849045200343,-2.1949849045200343,0.0,0.0,0.0,0.00017316053418255873,0.00017316053418255873,0.00017316053418255873,2.2118775092629774,2.2118775092629774,2.2118775092629774,-0.24750638240468914,-0.24750638240468914,-0.24750638240468914,0.9245190808459384,0.9245190808459384,0.9245190808459384,1.1483409623484118,1.1483409623484118,1.1483409623484118,-3.5006650678318945,-3.5006650678318945,-3.5006650678318945,-7.299542268001655,-7.299542268001655,-7.299542268001655,0.0,0.0,0.0,51.44159578207136
211,2018-03-23 13:00:00,57.30186877048265,38.633104164850664,59.25363337358851,57.30186877048265,57.30186877048265,0.0,0.0,0.0,0.0,0.0,0.0,0.0,0.0,0.0,0.0,0.0,0.0,0.0,0.0,0.0,0.0,0.0,0.0,0.0,0.0,0.0,0.0,0.0,0.0,0.0,0.0,0.0,0.0,0.0,0.0,-8.283013229741798,-8.283013229741798,-8.283013229741798,0.9882681721284639,0.9882681721284639,0.9882681721284639,0.48246756617311193,0.48246756617311193,0.48246756617311193,-3.0504050371075704,-3.0504050371075704,-3.0504050371075704,-2.247156941829929,-2.247156941829929,-2.247156941829929,0.0,0.0,0.0,0.12243748470709052,0.12243748470709052,0.12243748470709052,1.77237312265125,1.77237312265125,1.77237312265125,-0.05352347334870856,-0.05352347334870856,-0.05352347334870856,0.7943829706282625,0.7943829706282625,0.7943829706282625,1.0815463797535516,1.0815463797535516,1.0815463797535516,-3.9213857660886475,-3.9213857660886475,-3.9213857660886475,-7.302422744516244,-7.302422744516244,-7.302422744516244,0.0,0.0,0.0,49.01885554074085
212,2018-03-23 14:00:00,57.30161717532263,36.27396804450763,56.59459435757068,57.30161717532263,57.30161717532263,0.0,0.0,0.0,0.0,0.0,0.0,0.0,0.0,0.0,0.0,0.0,0.0,0.0,0.0,0.0,0.0,0.0,0.0,0.0,0.0,0.0,0.0,0.0,0.0,0.0,0.0,0.0,0.0,0.0,0.0,-10.534220153406894,-10.534220153406894,-10.534220153406894,-0.4407047097348005,-0.4407047097348005,-0.4407047097348005,0.48246756617311193,0.48246756617311193,0.48246756617311193,-3.794123286002352,-3.794123286002352,-3.794123286002352,-2.3927799910245815,-2.3927799910245815,-2.3927799910245815,0.0,0.0,0.0,0.24470180887999848,0.24470180887999848,0.24470180887999848,1.289565359329194,1.289565359329194,1.289565359329194,0.09555598453690616,0.09555598453690616,0.09555598453690616,0.6964324222365746,0.6964324222365746,0.6964324222365746,1.0059347240509648,1.0059347240509648,1.0059347240509648,-4.210066436133555,-4.210066436133555,-4.210066436133555,-7.305326881720706,-7.305326881720706,-7.305326881720706,0.0,0.0,0.0,46.76739702191574
213,2018-03-23 15:00:00,57.30136558016262,35.953098358537055,56.63497848892159,57.30136558016262,57.30136558016262,0.0,0.0,0.0,0.0,0.0,0.0,0.0,0.0,0.0,0.0,0.0,0.0,0.0,0.0,0.0,0.0,0.0,0.0,0.0,0.0,0.0,0.0,0.0,0.0,0.0,0.0,0.0,0.0,0.0,0.0,-10.920117499190885,-10.920117499190885,-10.920117499190885,-0.5729336970074437,-0.5729336970074437,-0.5729336970074437,0.48246756617311193,0.48246756617311193,0.48246756617311193,-3.959309902489347,-3.959309902489347,-3.959309902489347,-2.5320965302147407,-2.5320965302147407,-2.5320965302147407,0.0,0.0,0.0,0.36696613305290643,0.36696613305290643,0.36696613305290643,1.1462162502191402,1.1462162502191402,1.1462162502191402,0.2343076486533367,0.2343076486533367,0.2343076486533367,0.6487876535492852,0.6487876535492852,0.6487876535492852,0.9203807327772633,0.9203807327772633,0.9203807327772633,-4.305958623922386,-4.305958623922386,-4.305958623922386,-7.308254632471359,-7.308254632471359,-7.308254632471359,0.0,0.0,0.0,46.38124808097173
214,2018-03-23 16:00:00,57.30111398500261,38.56272749250414,58.7629499898295,57.30111398500261,57.30111398500261,0.0,0.0,0.0,0.0,0.0,0.0,0.0,0.0,0.0,0.0,0.0,0.0,0.0,0.0,0.0,0.0,0.0,0.0,0.0,0.0,0.0,0.0,0.0,0.0,0.0,0.0,0.0,0.0,0.0,0.0,-8.927803919711256,-8.927803919711256,-8.927803919711256,1.1040760164730479,1.1040760164730479,1.1040760164730479,0.48246756617311193,0.48246756617311193,0.48246756617311193,-3.54446897910895,-3.54446897910895,-3.54446897910895,-2.5332431683973757,-2.5332431683973757,-2.5332431683973757,0.0,0.0,0.0,0.48923045722581443,0.48923045722581443,0.48923045722581443,1.324407156682332,1.324407156682332,1.324407156682332,0.4390673859902051,0.4390673859902051,0.4390673859902051,0.6368764613774629,0.6368764613774629,0.6368764613774629,0.8237949910063997,0.8237949910063997,0.8237949910063997,-4.383274838160501,-4.383274838160501,-4.383274838160501,-7.311205948081755,-7.311205948081755,-7.311205948081755,0.0,0.0,0.0,48.37331006529135
215,2018-03-23 17:00:00,57.30086238984259,40.9100794445746,61.10946609336301,57.30086238984259,57.30086238984259,0.0,0.0,0.0,0.0,0.0,0.0,0.0,0.0,0.0,0.0,0.0,0.0,0.0,0.0,0.0,0.0,0.0,0.0,0.0,0.0,0.0,0.0,0.0,0.0,0.0,0.0,0.0,0.0,0.0,0.0,-5.91032444644031,-5.91032444644031,-5.91032444644031,3.8745686912771595,3.8745686912771595,3.8745686912771595,0.48246756617311193,0.48246756617311193,0.48246756617311193,-3.18585382489098,-3.18585382489098,-3.18585382489098,-2.7029456194273647,-2.7029456194273647,-2.7029456194273647,0.0,0.0,0.0,0.6114947813987224,0.6114947813987224,0.6114947813987224,1.5643178184567972,1.5643178184567972,1.5643178184567972,0.5818603607119687,0.5818603607119687,0.5818603607119687,0.6240782655332708,0.6240782655332708,0.6240782655332708,0.7151414654954334,0.7151414654954334,0.7151414654954334,-4.347126997737486,-4.347126997737486,-4.347126997737486,-7.314180778321922,-7.314180778321922,-7.314180778321922,0.0,0.0,0.0,51.39053794340228
216,2018-03-23 18:00:00,57.21634266701628,46.26286044765774,64.7615475832339,57.21634266701628,57.21634266701628,0.0,0.0,0.0,0.0,0.0,0.0,0.0,0.0,0.0,0.0,0.0,0.0,0.0,0.0,0.0,0.0,0.0,0.0,0.0,0.0,0.0,0.0,0.0,0.0,0.0,0.0,0.0,0.0,0.0,0.0,-2.0412276120984023,-2.0412276120984023,-2.0412276120984023,6.048890959930955,6.048890959930955,6.048890959930955,0.5368355681666946,0.5368355681666946,0.5368355681666946,-1.672223848432202,-1.672223848432202,-1.672223848432202,-2.338080208649836,-2.338080208649836,-2.338080208649836,0.0,0.0,0.0,0.7670434121093035,0.7670434121093035,0.7670434121093035,2.3875375097461764,2.3875375097461764,2.3875375097461764,0.6226041599167643,0.6226041599167643,0.6226041599167643,0.8586403620269308,0.8586403620269308,0.8586403620269308,0.5150561136027809,0.5150561136027809,0.5150561136027809,-4.506804651748236,-4.506804651748236,-4.506804651748236,-6.932950837199936,-6.932950837199936,-6.932950837199936,0.0,0.0,0.0,55.175115054917875
217,2018-03-23 19:00:00,57.21606464624077,46.161759540476744,65.74759743047241,57.21606464624077,57.21606464624077,0.0,0.0,0.0,0.0,0.0,0.0,0.0,0.0,0.0,0.0,0.0,0.0,0.0,0.0,0.0,0.0,0.0,0.0,0.0,0.0,0.0,0.0,0.0,0.0,0.0,0.0,0.0,0.0,0.0,0.0,-0.9355595211397684,-0.9355595211397684,-0.9355595211397684,6.30567881924145,6.30567881924145,6.30567881924145,0.5368355681666946,0.5368355681666946,0.5368355681666946,-0.6797117696362014,-0.6797117696362014,-0.6797117696362014,-1.949581158665847,-1.949581158665847,-1.949581158665847,0.0,0.0,0.0,0.894853837181477,0.894853837181477,0.894853837181477,2.7763509828701673,2.7763509828701673,2.7763509828701673,0.6279471698972494,0.6279471698972494,0.6279471698972494,1.0290600056678976,1.0290600056678976,1.0290600056678976,0.3742800640496063,0.3742800640496063,0.3742800640496063,-4.595178174753841,-4.595178174753841,-4.595178174753841,-6.9358066347946234,-6.9358066347946234,-6.9358066347946234,0.0,0.0,0.0,56.280505125101
218,2018-03-23 20:00:00,57.21578662546525,45.064112993942224,63.859629793587175,57.21578662546525,57.21578662546525,0.0,0.0,0.0,0.0,0.0,0.0,0.0,0.0,0.0,0.0,0.0,0.0,0.0,0.0,0.0,0.0,0.0,0.0,0.0,0.0,0.0,0.0,0.0,0.0,0.0,0.0,0.0,0.0,0.0,0.0,-3.0534330750178733,-3.0534330750178733,-3.0534330750178733,4.346369372770319,4.346369372770319,4.346369372770319,0.5368355681666946,0.5368355681666946,0.5368355681666946,-0.6800886566531034,-0.6800886566531034,-0.6800886566531034,-2.1185421188877824,-2.1185421188877824,-2.1185421188877824,0.0,0.0,0.0,1.0226642622536508,1.0226642622536508,1.0226642622536508,2.7070360461572553,2.7070360461572553,2.7070360461572553,0.6323996782143203,0.6323996782143203,0.6323996782143203,0.9202898644500457,0.9202898644500457,0.9202898644500457,0.2189744739470376,0.2189744739470376,0.2189744739470376,-4.380771957007287,-4.380771957007287,-4.380771957007287,-6.938688265082127,-6.938688265082127,-6.938688265082127,0.0,0.0,0.0,54.16235355044738
219,2018-03-23 21:00:00,57.21550860468974,39.91552808202344,59.9521329173301,57.21550860468974,57.21550860468974,0.0,0.0,0.0,0.0,0.0,0.0,0.0,0.0,0.0,0.0,0.0,0.0,0.0,0.0,0.0,0.0,0.0,0.0,0.0,0.0,0.0,0.0,0.0,0.0,0.0,0.0,0.0,0.0,0.0,0.0,-7.360718074392901,-7.360718074392901,-7.360718074392901,1.1498256303157277,1.1498256303157277,1.1498256303157277,0.5368355681666946,0.5368355681666946,0.5368355681666946,-1.6174211480289835,-1.6174211480289835,-1.6174211480289835,-2.5070411688717704,-2.5070411688717704,-2.5070411688717704,0.0,0.0,0.0,1.1504746873258245,1.1504746873258245,1.1504746873258245,2.096739689317787,2.096739689317787,2.096739689317787,0.6323996782143203,0.6323996782143203,0.6323996782143203,0.6304979358624109,0.6304979358624109,0.6304979358624109,0.04847312227150908,0.04847312227150908,0.04847312227150908,-4.1573275380442505,-4.1573275380442505,-4.1573275380442505,-6.941595678951154,-6.941595678951154,-6.941595678951154,0.0,0.0,0.0,49.85479053029684
220,2018-03-23 22:00:00,57.21523058391422,35.699915173998065,55.260904167294036,57.21523058391422,57.21523058391422,0.0,0.0,0.0,0.0,0.0,0.0,0.0,0.0,0.0,0.0,0.0,0.0,0.0,0.0,0.0,0.0,0.0,0.0,0.0,0.0,0.0,0.0,0.0,0.0,0.0,0.0,0.0,0.0,0.0,0.0,-11.85662958021816,-11.85662958021816,-11.85662958021816,-1.9367652783053089,-1.9367652783053089,-1.9367652783053089,0.5368355681666946,0.5368355681666946,0.5368355681666946,-2.8375771158762784,-2.8375771158762784,-2.8375771158762784,-2.774377425012398,-2.774377425012398,-2.774377425012398,0.0,0.0,0.0,1.2782851123979981,1.2782851123979981,1.2782851123979981,1.3266940642727805,1.3266940642727805,1.3266940642727805,0.6323996782143203,0.6323996782143203,0.6323996782143203,0.265182094539878,0.265182094539878,0.265182094539878,-0.13775836037394615,-0.13775836037394615,-0.13775836037394615,-4.102596208455552,-4.102596208455552,-4.102596208455552,-6.944528825662626,-6.944528825662626,-6.944528825662626,0.0,0.0,0.0,45.35860100369606
221,2018-03-23 23:00:00,57.2149525631387,32.72873954590851,52.988521532699224,57.2149525631387,57.2149525631387,0.0,0.0,0.0,0.0,0.0,0.0,0.0,0.0,0.0,0.0,0.0,0.0,0.0,0.0,0.0,0.0,0.0,0.0,0.0,0.0,0.0,0.0,0.0,0.0,0.0,0.0,0.0,0.0,0.0,0.0,-14.33882287584798,-14.33882287584798,-14.33882287584798,-4.174404867093043,-4.174404867093043,-4.174404867093043,0.5368355681666946,0.5368355681666946,0.5368355681666946,-2.876821840309014,-2.876821840309014,-2.876821840309014,-2.990024966348289,-2.990024966348289,-2.990024966348289,0.0,0.0,0.0,1.4060955374701718,1.4060955374701718,1.4060955374701718,1.4810281030476236,1.4810281030476236,1.4810281030476236,0.6319544273826132,0.6319544273826132,0.6319544273826132,-0.02238469277133839,-0.02238469277133839,-0.02238469277133839,-0.3401085155964281,-0.3401085155964281,-0.3401085155964281,-3.92032581725649,-3.92032581725649,-3.92032581725649,-6.947487652849496,-6.947487652849496,-6.947487652849496,0.0,0.0,0.0,42.87612968729072
222,2018-03-24 00:00:00,57.214674542363184,29.917681551597937,50.28488133336482,57.214674542363184,57.214674542363184,0.0,0.0,0.0,0.0,0.0,0.0,0.0,0.0,0.0,0.0,0.0,0.0,0.0,0.0,0.0,0.0,0.0,0.0,0.0,0.0,0.0,0.0,0.0,0.0,0.0,0.0,0.0,0.0,0.0,0.0,-17.07723517852723,-17.07723517852723,-17.07723517852723,-5.679713024016023,-5.679713024016023,-5.679713024016023,1.6101649645005436,1.6101649645005436,1.6101649645005436,-3.8882426146935636,-3.8882426146935636,-3.8882426146935636,-3.0066987453175584,-3.0066987453175584,-3.0066987453175584,0.0,0.0,0.0,0.00018086167626153417,0.00018086167626153417,0.00018086167626153417,1.022358170267651,1.022358170267651,1.022358170267651,0.635961684867977,0.635961684867977,0.635961684867977,-0.2675429051672912,-0.2675429051672912,-0.2675429051672912,-0.5588074333013708,-0.5588074333013708,-0.5588074333013708,-3.882666645521147,-3.882666645521147,-3.882666645521147,-6.950472106516268,-6.950472106516268,-6.950472106516268,0.0,0.0,0.0,40.13743936383595
223,2018-03-24 01:00:00,57.21439652158767,27.63718688069891,47.10357036985838,57.21439652158767,57.21439652158767,0.0,0.0,0.0,0.0,0.0,0.0,0.0,0.0,0.0,0.0,0.0,0.0,0.0,0.0,0.0,0.0,0.0,0.0,0.0,0.0,0.0,0.0,0.0,0.0,0.0,0.0,0.0,0.0,0.0,0.0,-20.30236082715594,-20.30236082715594,-20.30236082715594,-6.850187787956974,-6.850187787956974,-6.850187787956974,1.6101649645005436,1.6101649645005436,1.6101649645005436,-5.704775236953682,-5.704775236953682,-5.704775236953682,-2.9855786252898167,-2.9855786252898167,-2.9855786252898167,0.0,0.0,0.0,-1.4057338141176488,-1.4057338141176488,-1.4057338141176488,0.82145315838882,0.82145315838882,0.82145315838882,0.63551643403627,0.63551643403627,0.63551643403627,-0.4708161053012553,-0.4708161053012553,-0.4708161053012553,-0.7939156712065577,-0.7939156712065577,-0.7939156712065577,-3.909781249170594,-3.909781249170594,-3.909781249170594,-6.953482131038728,-6.953482131038728,-6.953482131038728,0.0,0.0,0.0,36.91203569443174
224,2018-03-24 02:00:00,57.214118500812155,25.46322215684107,45.09062407371701,57.214118500812155,57.214118500812155,0.0,0.0,0.0,0.0,0.0,0.0,0.0,0.0,0.0,0.0,0.0,0.0,0.0,0.0,0.0,0.0,0.0,0.0,0.0,0.0,0.0,0.0,0.0,0.0,0.0,0.0,0.0,0.0,0.0,0.0,-21.754437912726768,-21.754437912726768,-21.754437912726768,-7.65247233318705,-7.65247233318705,-7.65247233318705,1.6101649645005436,1.6101649645005436,1.6101649645005436,-6.100133017295299,-6.100133017295299,-6.100133017295299,-2.9533426526158952,-2.9533426526158952,-2.9533426526158952,0.0,0.0,0.0,-1.277923389045475,-1.277923389045475,-1.277923389045475,0.730477303953123,0.730477303953123,0.730477303953123,0.631063925719199,0.631063925719199,0.631063925719199,-0.5451620020662853,-0.5451620020662853,-0.5451620020662853,-1.045314893081191,-1.045314893081191,-1.045314893081191,-4.295411167740509,-4.295411167740509,-4.295411167740509,-6.9565176691632296,-6.9565176691632296,-6.9565176691632296,0.0,0.0,0.0,35.45968058808539
225,2018-03-24 03:00:00,57.213840480036644,25.11769152484358,45.12517525601727,57.213840480036644,57.213840480036644,0.0,0.0,0.0,0.0,0.0,0.0,0.0,0.0,0.0,0.0,0.0,0.0,0.0,0.0,0.0,0.0,0.0,0.0,0.0,0.0,0.0,0.0,0.0,0.0,0.0,0.0,0.0,0.0,0.0,0.0,-21.756555815700313,-21.756555815700313,-21.756555815700313,-7.523461327682056,-7.523461327682056,-7.523461327682056,1.6101649645005436,1.6101649645005436,1.6101649645005436,-5.960815444607985,-5.960815444607985,-5.960815444607985,-2.836070407198697,-2.836070407198697,-2.836070407198697,0.0,0.0,0.0,-1.1501129639733014,-1.1501129639733014,-1.1501129639733014,0.6546640919233755,0.6546640919233755,0.6546640919233755,0.6292829223923706,0.6292829223923706,0.6292829223923706,-0.5924135315243414,-0.5924135315243414,-0.5924135315243414,-1.3127003814012113,-1.3127003814012113,-1.3127003814012113,-4.276330520727935,-4.276330520727935,-4.276330520727935,-6.959578662009059,-6.959578662009059,-6.959578662009059,0.0,0.0,0.0,35.45728466433633
226,2018-03-24 04:00:00,57.21356245926113,26.3067312305454,46.15762256070049,57.21356245926113,57.21356245926113,0.0,0.0,0.0,0.0,0.0,0.0,0.0,0.0,0.0,0.0,0.0,0.0,0.0,0.0,0.0,0.0,0.0,0.0,0.0,0.0,0.0,0.0,0.0,0.0,0.0,0.0,0.0,0.0,0.0,0.0,-20.730960629399892,-20.730960629399892,-20.730960629399892,-5.961030092640197,-5.961030092640197,-5.961030092640197,1.6101649645005436,1.6101649645005436,1.6101649645005436,-6.211689928835527,-6.211689928835527,-6.211689928835527,-3.010033501111413,-3.010033501111413,-3.010033501111413,0.0,0.0,0.0,-1.0223025389011278,-1.0223025389011278,-1.0223025389011278,0.59022286169809,0.59022286169809,0.59022286169809,0.6292829223923706,0.6292829223923706,0.6292829223923706,-0.6031465659164759,-0.6031465659164759,-0.6031465659164759,-1.595575558858538,-1.595575558858538,-1.595575558858538,-4.405878071497516,-4.405878071497516,-4.405878071497516,-6.962665049065629,-6.962665049065629,-6.962665049065629,0.0,0.0,0.0,36.48260182986124
227,2018-03-24 05:00:00,57.21328443848561,29.476264757060832,49.573708146837355,57.21328443848561,57.21328443848561,0.0,0.0,0.0,0.0,0.0,0.0,0.0,0.0,0.0,0.0,0.0,0.0,0.0,0.0,0.0,0.0,0.0,0.0,0.0,0.0,0.0,0.0,0.0,0.0,0.0,0.0,0.0,0.0,0.0,0.0,-18.16952061501095,-18.16952061501095,-18.16952061501095,-3.16801013327926,-3.16801013327926,-3.16801013327926,1.6101649645005436,1.6101649645005436,1.6101649645005436,-6.142485082688966,-6.142485082688966,-6.142485082688966,-3.0033639895237045,-3.0033639895237045,-3.0033639895237045,0.0,0.0,0.0,-0.8944921138289541,-0.8944921138289541,-0.8944921138289541,0.5068283284653677,0.5068283284653677,0.5068283284653677,0.6292829223923706,0.6292829223923706,0.6292829223923706,-0.5438530954330981,-0.5438530954330981,-0.5438530954330981,-1.8932486308469139,-1.8932486308469139,-1.8932486308469139,-4.447052099261491,-4.447052099261491,-4.447052099261491,-6.965776768195812,-6.965776768195812,-6.965776768195812,0.0,0.0,0.0,39.04376382347466
228,2018-03-24 06:00:00,57.21300641771009,32.68744777542043,51.72640420758524,57.21300641771009,57.21300641771009,0.0,0.0,0.0,0.0,0.0,0.0,0.0,0.0,0.0,0.0,0.0,0.0,0.0,0.0,0.0,0.0,0.0,0.0,0.0,0.0,0.0,0.0,0.0,0.0,0.0,0.0,0.0,0.0,0.0,0.0,-15.267675660629715,-15.267675660629715,-15.267675660629715,-0.06983121601417099,-0.06983121601417099,-0.06983121601417099,1.6101649645005436,1.6101649645005436,1.6101649645005436,-6.024099253348853,-6.024099253348853,-6.024099253348853,-2.9338899104850804,-2.9338899104850804,-2.9338899104850804,0.0,0.0,0.0,-0.7666816887567804,-0.7666816887567804,-0.7666816887567804,0.5306553379604313,0.5306553379604313,0.5306553379604313,0.5990058658362885,0.5990058658362885,0.5990058658362885,-0.4400567994213573,-0.4400567994213573,-0.4400567994213573,-2.2048314356333667,-2.2048314356333667,-2.2048314356333667,-4.623297022982897,-4.623297022982897,-4.623297022982897,-6.968913755633324,-6.968913755633324,-6.968913755633324,0.0,0.0,0.0,41.94533075708038
229,2018-03-24 07:00:00,57.21272839693458,34.34449762289477,53.37762300826919,57.21272839693458,57.21272839693458,0.0,0.0,0.0,0.0,0.0,0.0,0.0,0.0,0.0,0.0,0.0,0.0,0.0,0.0,0.0,0.0,0.0,0.0,0.0,0.0,0.0,0.0,0.0,0.0,0.0,0.0,0.0,0.0,0.0,0.0,-13.203228937723868,-13.203228937723868,-13.203228937723868,2.328317368195392,2.328317368195392,2.328317368195392,1.6101649645005436,1.6101649645005436,1.6101649645005436,-6.03022979707608,-6.03022979707608,-6.03022979707608,-3.0255956948160643,-3.0255956948160643,-3.0255956948160643,0.0,0.0,0.0,-0.6388712636846068,-0.6388712636846068,-0.6388712636846068,0.6898630832229011,0.6898630832229011,0.6898630832229011,0.21341864557794823,0.21341864557794823,0.21341864557794823,-0.14293499368787474,-0.14293499368787474,-0.14293499368787474,-2.5292405628587393,-2.5292405628587393,-2.5292405628587393,-4.736274538188926,-4.736274538188926,-4.736274538188926,-6.9720759459844395,-6.9720759459844395,-6.9720759459844395,0.0,0.0,0.0,44.009499459210716
230,2018-03-24 08:00:00,57.21245037615906,34.61385151165431,54.46640787525826,57.21245037615906,57.21245037615906,0.0,0.0,0.0,0.0,0.0,0.0,0.0,0.0,0.0,0.0,0.0,0.0,0.0,0.0,0.0,0.0,0.0,0.0,0.0,0.0,0.0,0.0,0.0,0.0,0.0,0.0,0.0,0.0,0.0,0.0,-12.520237944355928,-12.520237944355928,-12.520237944355928,3.617047862531712,3.617047862531712,3.617047862531712,1.6101649645005436,1.6101649645005436,1.6101649645005436,-6.296821759931147,-6.296821759931147,-6.296821759931147,-3.0689475201361667,-3.0689475201361667,-3.0689475201361667,0.0,0.0,0.0,-0.5110608386124331,-0.5110608386124331,-0.5110608386124331,0.7905863506338513,0.7905863506338513,0.7905863506338513,-0.32399910829250994,-0.32399910829250994,-0.32399910829250994,0.23795683656958533,0.23795683656958533,0.23795683656958533,-2.865200774727462,-2.865200774727462,-2.865200774727462,-5.031522444594017,-5.031522444594017,-5.031522444594017,-6.97526327222903,-6.97526327222903,-6.97526327222903,0.0,0.0,0.0,44.692212431803135
231,2018-03-24 09:00:00,57.21217235538355,34.570100286285445,54.19053352703101,57.21217235538355,57.21217235538355,0.0,0.0,0.0,0.0,0.0,0.0,0.0,0.0,0.0,0.0,0.0,0.0,0.0,0.0,0.0,0.0,0.0,0.0,0.0,0.0,0.0,0.0,0.0,0.0,0.0,0.0,0.0,0.0,0.0,0.0,-12.613020161012349,-12.613020161012349,-12.613020161012349,4.056069505655205,4.056069505655205,4.056069505655205,1.6101649645005436,1.6101649645005436,1.6101649645005436,-6.479363265139209,-6.479363265139209,-6.479363265139209,-3.1056298338685604,-3.1056298338685604,-3.1056298338685604,0.0,0.0,0.0,-0.3832504135402594,-0.3832504135402594,-0.3832504135402594,0.9043061686784726,0.9043061686784726,0.9043061686784726,-0.8672051229751603,-0.8672051229751603,-0.8672051229751603,0.4931936300410792,0.4931936300410792,0.4931936300410792,-3.2112507358062716,-3.2112507358062716,-3.2112507358062716,-5.130942657975323,-5.130942657975323,-5.130942657975323,-6.978475665722074,-6.978475665722074,-6.978475665722074,0.0,0.0,0.0,44.5991521943712
232,2018-03-24 10:00:00,57.21189433460803,34.977472706182425,54.139226398603924,57.21189433460803,57.21189433460803,0.0,0.0,0.0,0.0,0.0,0.0,0.0,0.0,0.0,0.0,0.0,0.0,0.0,0.0,0.0,0.0,0.0,0.0,0.0,0.0,0.0,0.0,0.0,0.0,0.0,0.0,0.0,0.0,0.0,0.0,-12.624499229271786,-12.624499229271786,-12.624499229271786,4.049114077209052,4.049114077209052,4.049114077209052,1.6101649645005436,1.6101649645005436,1.6101649645005436,-6.126149221116217,-6.126149221116217,-6.126149221116217,-3.0533853264315143,-3.0533853264315143,-3.0533853264315143,0.0,0.0,0.0,-0.25543998846808574,-0.25543998846808574,-0.25543998846808574,1.012069234349328,1.012069234349328,1.012069234349328,-1.0061233824677724,-1.0061233824677724,-1.0061233824677724,0.5594243056803488,0.5594243056803488,0.5594243056803488,-3.5657510291741943,-3.5657510291741943,-3.5657510291741943,-4.992859028279065,-4.992859028279065,-4.992859028279065,-6.981713056190424,-6.981713056190424,-6.981713056190424,0.0,0.0,0.0,44.58739510533625
233,2018-03-24 11:00:00,57.211616313832515,33.89850884581506,53.64053343453634,57.211616313832515,57.211616313832515,0.0,0.0,0.0,0.0,0.0,0.0,0.0,0.0,0.0,0.0,0.0,0.0,0.0,0.0,0.0,0.0,0.0,0.0,0.0,0.0,0.0,0.0,0.0,0.0,0.0,0.0,0.0,0.0,0.0,0.0,-13.362860962229389,-13.362860962229389,-13.362860962229389,3.6392482637948196,3.6392482637948196,3.6392482637948196,1.6101649645005436,1.6101649645005436,1.6101649645005436,-6.090239444788334,-6.090239444788334,-6.090239444788334,-3.07228227593002,-3.07228227593002,-3.07228227593002,0.0,0.0,0.0,-0.12762956339591214,-0.12762956339591214,-0.12762956339591214,0.9497940958963211,0.9497940958963211,0.9497940958963211,-0.9918753558531456,-0.9918753558531456,-0.9918753558531456,0.4736909212065907,0.4736909212065907,0.4736909212065907,-3.9268944094989098,-3.9268944094989098,-3.9268944094989098,-4.932102231212711,-4.932102231212711,-4.932102231212711,-6.984975371736966,-6.984975371736966,-6.984975371736966,0.0,0.0,0.0,43.848755351603124
234,2018-03-24 12:00:00,57.211338293057,33.4436325046664,52.730834831421305,57.211338293057,57.211338293057,0.0,0.0,0.0,0.0,0.0,0.0,0.0,0.0,0.0,0.0,0.0,0.0,0.0,0.0,0.0,0.0,0.0,0.0,0.0,0.0,0.0,0.0,0.0,0.0,0.0,0.0,0.0,0.0,0.0,0.0,-14.572500291433702,-14.572500291433702,-14.572500291433702,2.593597728034693,2.593597728034693,2.593597728034693,1.6101649645005436,1.6101649645005436,1.6101649645005436,-5.885117265442745,-5.885117265442745,-5.885117265442745,-3.085065506473127,-3.085065506473127,-3.085065506473127,0.0,0.0,0.0,0.00018086167626153417,0.00018086167626153417,0.00018086167626153417,0.8956418015893587,0.8956418015893587,0.8956418015893587,-0.8725481329556452,-0.8725481329556452,-0.8725481329556452,0.5181937467349537,0.5181937467349537,0.5181937467349537,-4.292718215185505,-4.292718215185505,-4.292718215185505,-4.95168500051509,-4.95168500051509,-4.95168500051509,-6.988262538840146,-6.988262538840146,-6.988262538840146,0.0,0.0,0.0,42.6388380016233
235,2018-03-24 13:00:00,57.211060272281486,30.335165114766227,50.538013016381,57.211060272281486,57.211060272281486,0.0,0.0,0.0,0.0,0.0,0.0,0.0,0.0,0.0,0.0,0.0,0.0,0.0,0.0,0.0,0.0,0.0,0.0,0.0,0.0,0.0,0.0,0.0,0.0,0.0,0.0,0.0,0.0,0.0,0.0,-16.587128345284565,-16.587128345284565,-16.587128345284565,0.9811447408835994,0.9811447408835994,0.9811447408835994,1.6101649645005436,1.6101649645005436,1.6101649645005436,-5.915579769556443,-5.915579769556443,-5.915579769556443,-3.1412005623363357,-3.1412005623363357,-3.1412005623363357,0.0,0.0,0.0,0.12799128674843518,0.12799128674843518,0.12799128674843518,0.7727160935125538,0.7727160935125538,0.7727160935125538,-0.7220533518386488,-0.7220533518386488,-0.7220533518386488,0.4100780588336953,0.4100780588336953,0.4100780588336953,-4.661118834255932,-4.661118834255932,-4.661118834255932,-4.973276258976687,-4.973276258976687,-4.973276258976687,-6.991574482355788,-6.991574482355788,-6.991574482355788,0.0,0.0,0.0,40.62393192699692
236,2018-03-24 14:00:00,57.21078225150597,28.83479631100431,48.73134248125671,57.21078225150597,57.21078225150597,0.0,0.0,0.0,0.0,0.0,0.0,0.0,0.0,0.0,0.0,0.0,0.0,0.0,0.0,0.0,0.0,0.0,0.0,0.0,0.0,0.0,0.0,0.0,0.0,0.0,0.0,0.0,0.0,0.0,0.0,-18.1198861911618,-18.1198861911618,-18.1198861911618,-0.43893620961332874,-0.43893620961332874,-0.43893620961332874,1.6101649645005436,1.6101649645005436,1.6101649645005436,-5.656170761714534,-5.656170761714534,-5.656170761714534,-3.2506917109012083,-3.2506917109012083,-3.2506917109012083,0.0,0.0,0.0,0.25580171182060885,0.25580171182060885,0.25580171182060885,0.9622491235869226,0.9622491235869226,0.9622491235869226,-0.56577030990946,-0.56577030990946,-0.56577030990946,0.2069357493630499,0.2069357493630499,0.2069357493630499,-5.029868094317478,-5.029868094317478,-5.029868094317478,-4.87486029017499,-4.87486029017499,-4.87486029017499,-6.994911125516463,-6.994911125516463,-6.994911125516463,0.0,0.0,0.0,39.090896060344164
237,2018-03-24 15:00:00,57.21050423073046,28.33695060198389,48.48558193185314,57.21050423073046,57.21050423073046,0.0,0.0,0.0,0.0,0.0,0.0,0.0,0.0,0.0,0.0,0.0,0.0,0.0,0.0,0.0,0.0,0.0,0.0,0.0,0.0,0.0,0.0,0.0,0.0,0.0,0.0,0.0,0.0,0.0,0.0,-18.560819413407145,-18.560819413407145,-18.560819413407145,-0.5753782563356474,-0.5753782563356474,-0.5753782563356474,1.6101649645005436,1.6101649645005436,1.6101649645005436,-5.5905373464180315,-5.5905373464180315,-5.5905373464180315,-3.289041402530529,-3.289041402530529,-3.289041402530529,0.0,0.0,0.0,0.3836121368927825,0.3836121368927825,0.3836121368927825,0.843114076111605,0.843114076111605,0.843114076111605,-0.40904201714856414,-0.40904201714856414,-0.40904201714856414,0.10183054671812194,0.10183054671812194,0.10183054671812194,-5.396631420717927,-5.396631420717927,-5.396631420717927,-4.831175650961991,-4.831175650961991,-4.831175650961991,-6.998272389935541,-6.998272389935541,-6.998272389935541,0.0,0.0,0.0,38.64968481732331
238,2018-03-24 16:00:00,57.21022620995494,30.309660981726665,50.16923687600336,57.21022620995494,57.21022620995494,0.0,0.0,0.0,0.0,0.0,0.0,0.0,0.0,0.0,0.0,0.0,0.0,0.0,0.0,0.0,0.0,0.0,0.0,0.0,0.0,0.0,0.0,0.0,0.0,0.0,0.0,0.0,0.0,0.0,0.0,-17.07578416006808,-17.07578416006808,-17.07578416006808,1.0837281534895353,1.0837281534895353,1.0837281534895353,1.6101649645005436,1.6101649645005436,1.6101649645005436,-5.39886653344586,-5.39886653344586,-5.39886653344586,-3.3340606057475575,-3.3340606057475575,-3.3340606057475575,0.0,0.0,0.0,0.5114225619649561,0.5114225619649561,0.5114225619649561,0.7077333403441988,0.7077333403441988,0.7077333403441988,-0.1329865014901681,-0.1329865014901681,-0.1329865014901681,0.05497168925002205,0.05497168925002205,0.05497168925002205,-5.758987584508027,-5.758987584508027,-5.758987584508027,-4.816111982267855,-4.816111982267855,-4.816111982267855,-7.001658195603727,-7.001658195603727,-7.001658195603727,0.0,0.0,0.0,40.13444204988686
239,2018-03-24 17:00:00,57.20994818917942,33.91754891883584,52.94815422129296,57.20994818917942,57.20994818917942,0.0,0.0,0.0,0.0,0.0,0.0,0.0,0.0,0.0,0.0,0.0,0.0,0.0,0.0,0.0,0.0,0.0,0.0,0.0,0.0,0.0,0.0,0.0,0.0,0.0,0.0,0.0,0.0,0.0,0.0,-13.346033015758442,-13.346033015758442,-13.346033015758442,3.8311580439770965,3.8311580439770965,3.8311580439770965,1.6101649645005436,1.6101649645005436,1.6101649645005436,-4.057672757223908,-4.057672757223908,-4.057672757223908,-3.2173441529626685,-3.2173441529626685,-3.2173441529626685,0.0,0.0,0.0,0.6392329870371298,0.6392329870371298,0.6392329870371298,1.0705537122008477,1.0705537122008477,1.0705537122008477,0.24191469880720204,0.24191469880720204,0.24191469880720204,0.09306087227576805,0.09306087227576805,0.09306087227576805,-6.114449841617063,-6.114449841617063,-6.114449841617063,-4.495255839082731,-4.495255839082731,-4.495255839082731,-7.005068460894572,-7.005068460894572,-7.005068460894572,0.0,0.0,0.0,43.86391517342098
240,2018-03-24 18:00:00,56.824090755921404,37.73625720105024,57.86225653868512,56.824090755921404,56.824090755921404,0.0,0.0,0.0,0.0,0.0,0.0,0.0,0.0,0.0,0.0,0.0,0.0,0.0,0.0,0.0,0.0,0.0,0.0,0.0,0.0,0.0,0.0,0.0,0.0,0.0,0.0,0.0,0.0,0.0,0.0,-9.59446301154153,-9.59446301154153,-9.59446301154153,6.110735391959147,6.110735391959147,6.110735391959147,1.3943178385178947,1.3943178385178947,1.3943178385178947,-2.2543489785523314,-2.2543489785523314,-2.2543489785523314,-2.8109398055510146,-2.8109398055510146,-2.8109398055510146,0.0,0.0,0.0,0.6717604754688443,0.6717604754688443,0.6717604754688443,1.968541204820385,1.968541204820385,1.968541204820385,0.5012543379887989,0.5012543379887989,0.5012543379887989,0.36007585273747067,0.36007585273747067,0.36007585273747067,-6.2630991421187225,-6.2630991421187225,-6.2630991421187225,-4.33935888253471,-4.33935888253471,-4.33935888253471,-7.187750282829624,-7.187750282829624,-7.187750282829624,0.0,0.0,0.0,47.229627744379876
241,2018-03-24 19:00:00,56.8237375680836,39.559225151188365,59.14455242946719,56.8237375680836,56.8237375680836,0.0,0.0,0.0,0.0,0.0,0.0,0.0,0.0,0.0,0.0,0.0,0.0,0.0,0.0,0.0,0.0,0.0,0.0,0.0,0.0,0.0,0.0,0.0,0.0,0.0,0.0,0.0,0.0,0.0,0.0,-7.717548287087562,-7.717548287087562,-7.717548287087562,6.362841298950236,6.362841298950236,6.362841298950236,1.3943178385178947,1.3943178385178947,1.3943178385178947,-0.3039161938562614,-0.3039161938562614,-0.3039161938562614,-2.617665730788347,-2.617665730788347,-2.617665730788347,0.0,0.0,0.0,0.7836941779619184,0.7836941779619184,0.7836941779619184,3.0447843202901606,3.0447843202901606,3.0447843202901606,0.5689456516570188,0.5689456516570188,0.5689456516570188,0.6254452634025078,0.6254452634025078,0.6254452634025078,-6.58516400824532,-6.58516400824532,-6.58516400824532,-4.1034377148974155,-4.1034377148974155,-4.1034377148974155,-7.1913093839362165,-7.1913093839362165,-7.1913093839362165,0.0,0.0,0.0,49.10618928099604
242,2018-03-24 20:00:00,56.82338438024579,37.582835457015655,57.39127121598122,56.82338438024579,56.82338438024579,0.0,0.0,0.0,0.0,0.0,0.0,0.0,0.0,0.0,0.0,0.0,0.0,0.0,0.0,0.0,0.0,0.0,0.0,0.0,0.0,0.0,0.0,0.0,0.0,0.0,0.0,0.0,0.0,0.0,0.0,-9.61689887792506,-9.61689887792506,-9.61689887792506,4.4243028744277915,4.4243028744277915,4.4243028744277915,1.3943178385178947,1.3943178385178947,1.3943178385178947,0.04596050694242619,0.04596050694242619,0.04596050694242619,-2.5501237154142955,-2.5501237154142955,-2.5501237154142955,0.0,0.0,0.0,0.8956278804549925,0.8956278804549925,0.8956278804549925,2.9434586325741763,2.9434586325741763,2.9434586325741763,0.5939098240736673,0.5939098240736673,0.5939098240736673,0.6138687454875901,0.6138687454875901,0.6138687454875901,-6.892273047854325,-6.892273047854325,-6.892273047854325,-3.8450986987515985,-3.8450986987515985,-3.8450986987515985,-7.194889211440951,-7.194889211440951,-7.194889211440951,0.0,0.0,0.0,47.20648550232073
243,2018-03-24 21:00:00,56.82303119240799,33.354006049882344,53.35199826296747,56.82303119240799,56.82303119240799,0.0,0.0,0.0,0.0,0.0,0.0,0.0,0.0,0.0,0.0,0.0,0.0,0.0,0.0,0.0,0.0,0.0,0.0,0.0,0.0,0.0,0.0,0.0,0.0,0.0,0.0,0.0,0.0,0.0,0.0,-13.410926046875616,-13.410926046875616,-13.410926046875616,1.2593350341357015,1.2593350341357015,1.2593350341357015,1.3943178385178947,1.3943178385178947,1.3943178385178947,-0.28977010732392167,-0.28977010732392167,-0.28977010732392167,-2.5864924929234,-2.5864924929234,-2.5864924929234,0.0,0.0,0.0,1.0075615829480664,1.0075615829480664,1.0075615829480664,2.4855760653819465,2.4855760653819465,2.4855760653819465,0.6217544779230061,0.6217544779230061,0.6217544779230061,0.3817447196038551,0.3817447196038551,0.3817447196038551,-7.182001296434301,-7.182001296434301,-7.182001296434301,-3.5942322987752906,-3.5942322987752906,-3.5942322987752906,-7.198489677253097,-7.198489677253097,-7.198489677253097,0.0,0.0,0.0,43.41210514553237
244,2018-03-24 22:00:00,56.822678004570186,29.780223285069248,48.82474360169236,56.822678004570186,56.822678004570186,0.0,0.0,0.0,0.0,0.0,0.0,0.0,0.0,0.0,0.0,0.0,0.0,0.0,0.0,0.0,0.0,0.0,0.0,0.0,0.0,0.0,0.0,0.0,0.0,0.0,0.0,0.0,0.0,0.0,0.0,-17.218228727199826,-17.218228727199826,-17.218228727199826,-1.8179399090877928,-1.8179399090877928,-1.8179399090877928,1.3943178385178947,1.3943178385178947,1.3943178385178947,-0.7461923625080389,-0.7461923625080389,-0.7461923625080389,-2.656112724155114,-2.656112724155114,-2.656112724155114,0.0,0.0,0.0,1.1194952854411406,1.1194952854411406,1.1194952854411406,2.0249549660892843,2.0249549660892843,2.0249549660892843,0.6409576874742742,0.6409576874742742,0.6409576874742742,0.062351558669201855,0.062351558669201855,0.062351558669201855,-7.4519857638090174,-7.4519857638090174,-7.4519857638090174,-3.3321569745447204,-3.3321569745447204,-3.3321569745447204,-7.202110691794979,-7.202110691794979,-7.202110691794979,0.0,0.0,0.0,39.604449277370364
245,2018-03-24 23:00:00,56.822324816732376,26.678157405191435,46.54954113317672,56.822324816732376,56.822324816732376,0.0,0.0,0.0,0.0,0.0,0.0,0.0,0.0,0.0,0.0,0.0,0.0,0.0,0.0,0.0,0.0,0.0,0.0,0.0,0.0,0.0,0.0,0.0,0.0,0.0,0.0,0.0,0.0,0.0,0.0,-20.094888202284313,-20.094888202284313,-20.094888202284313,-4.093522117304274,-4.093522117304274,-4.093522117304274,1.3943178385178947,1.3943178385178947,1.3943178385178947,-1.0956649493867934,-1.0956649493867934,-1.0956649493867934,-2.585972938958984,-2.585972938958984,-2.585972938958984,0.0,0.0,0.0,1.2314289879342146,1.2314289879342146,1.2314289879342146,1.4788916652631436,1.4788916652631436,1.4788916652631436,0.657280415592852,0.657280415592852,0.657280415592852,-0.2847955618819849,-0.2847955618819849,-0.2847955618819849,-7.6999489715891025,-7.6999489715891025,-7.6999489715891025,-2.9868153558539294,-2.9868153558539294,-2.9868153558539294,-7.2057521640041395,-7.2057521640041395,-7.2057521640041395,0.0,0.0,0.0,36.72743661444807
246,2018-03-25 00:00:00,56.82197162889457,23.525022488599564,44.47309721390192,56.82197162889457,56.82197162889457,0.0,0.0,0.0,0.0,0.0,0.0,0.0,0.0,0.0,0.0,0.0,0.0,0.0,0.0,0.0,0.0,0.0,0.0,0.0,0.0,0.0,0.0,0.0,0.0,0.0,0.0,0.0,0.0,0.0,0.0,-22.53618842403137,-22.53618842403137,-22.53618842403137,-5.678246015961843,-5.678246015961843,-5.678246015961843,2.3244219617290844,2.3244219617290844,2.3244219617290844,-1.724806405531264,-1.724806405531264,-1.724806405531264,-2.567788550204432,-2.567788550204432,-2.567788550204432,0.0,0.0,0.0,0.00015826051039992227,0.00015826051039992227,0.00015826051039992227,1.1743668956951054,1.1743668956951054,1.1743668956951054,0.6764836251441201,0.6764836251441201,0.6764836251441201,-0.5954321259322773,-0.5954321259322773,-0.5954321259322773,-7.923722001204016,-7.923722001204016,-7.923722001204016,-2.737016472473264,-2.737016472473264,-2.737016472473264,-7.2094140013342445,-7.2094140013342445,-7.2094140013342445,0.0,0.0,0.0,34.28578320486321
247,2018-03-25 01:00:00,56.82161844105677,21.11279558084945,41.993332184617536,56.82161844105677,56.82161844105677,0.0,0.0,0.0,0.0,0.0,0.0,0.0,0.0,0.0,0.0,0.0,0.0,0.0,0.0,0.0,0.0,0.0,0.0,0.0,0.0,0.0,0.0,0.0,0.0,0.0,0.0,0.0,0.0,0.0,0.0,-25.45983775775464,-25.45983775775464,-25.45983775775464,-6.934939197735975,-6.934939197735975,-6.934939197735975,2.3244219617290844,2.3244219617290844,2.3244219617290844,-3.1905356574274832,-3.1905356574274832,-3.1905356574274832,-2.4856990238267396,-2.4856990238267396,-2.4856990238267396,0.0,0.0,0.0,-1.2311124669134146,-1.2311124669134146,-1.2311124669134146,0.7931632273149712,0.7931632273149712,0.7931632273149712,0.6793641065768102,0.6793641065768102,0.6793641065768102,-0.792529764278569,-0.792529764278569,-0.792529764278569,-8.12126679283217,-8.12126679283217,-8.12126679283217,-2.478143698029626,-2.478143698029626,-2.478143698029626,-7.2130961097590065,-7.2130961097590065,-7.2130961097590065,0.0,0.0,0.0,31.36178068330213
248,2018-03-25 02:00:00,56.82126525321896,21.035412078481453,40.41549998628659,56.82126525321896,56.82126525321896,0.0,0.0,0.0,0.0,0.0,0.0,0.0,0.0,0.0,0.0,0.0,0.0,0.0,0.0,0.0,0.0,0.0,0.0,0.0,0.0,0.0,0.0,0.0,0.0,0.0,0.0,0.0,0.0,0.0,0.0,-26.023456175299742,-26.023456175299742,-26.023456175299742,-7.7923471328466585,-7.7923471328466585,-7.7923471328466585,2.3244219617290844,2.3244219617290844,2.3244219617290844,-2.7236132059942197,-2.7236132059942197,-2.7236132059942197,-2.512196276011944,-2.512196276011944,-2.512196276011944,0.0,0.0,0.0,-1.1191787644203408,-1.1191787644203408,-1.1191787644203408,0.9569274469208047,0.9569274469208047,0.9569274469208047,0.6808043472931554,0.6808043472931554,0.6808043472931554,-0.918387292379213,-0.918387292379213,-0.918387292379213,-8.290697442688714,-8.290697442688714,-8.290697442688714,-2.136004629125766,-2.136004629125766,-2.136004629125766,-7.216798393770148,-7.216798393770148,-7.216798393770148,0.0,0.0,0.0,30.79780907791922
249,2018-03-25 03:00:00,56.82091206538115,21.514712616825953,40.156414237887816,56.82091206538115,56.82091206538115,0.0,0.0,0.0,0.0,0.0,0.0,0.0,0.0,0.0,0.0,0.0,0.0,0.0,0.0,0.0,0.0,0.0,0.0,0.0,0.0,0.0,0.0,0.0,0.0,0.0,0.0,0.0,0.0,0.0,0.0,-25.813299011477156,-25.813299011477156,-25.813299011477156,-7.673478027607454,-7.673478027607454,-7.673478027607454,2.3244219617290844,2.3244219617290844,2.3244219617290844,-2.4889999728389753,-2.4889999728389753,-2.4889999728389753,-2.577140521563916,-2.577140521563916,-2.577140521563916,0.0,0.0,0.0,-1.0072450619272668,-1.0072450619272668,-1.0072450619272668,0.9437824928387311,0.9437824928387311,0.9437824928387311,0.6803242670543737,0.6803242670543737,0.6803242670543737,-0.9551946826727975,-0.9551946826727975,-0.9551946826727975,-8.430300254645758,-8.430300254645758,-8.430300254645758,-1.8979484282971837,-1.8979484282971837,-1.8979484282971837,-7.220520756384966,-7.220520756384966,-7.220520756384966,0.0,0.0,0.0,31.007613053903995
250,2018-03-25 04:00:00,56.82055887754335,23.96868677082465,43.10574324652328,56.82055887754335,56.82055887754335,0.0,0.0,0.0,0.0,0.0,0.0,0.0,0.0,0.0,0.0,0.0,0.0,0.0,0.0,0.0,0.0,0.0,0.0,0.0,0.0,0.0,0.0,0.0,0.0,0.0,0.0,0.0,0.0,0.0,0.0,-23.147233403604254,-23.147233403604254,-23.147233403604254,-6.092084234278459,-6.092084234278459,-6.092084234278459,2.3244219617290844,2.3244219617290844,2.3244219617290844,-1.292333755010486,-1.292333755010486,-1.292333755010486,-2.4888163476132346,-2.4888163476132346,-2.4888163476132346,0.0,0.0,0.0,-0.8953113594341927,-0.8953113594341927,-0.8953113594341927,1.4871072615644394,1.4871072615644394,1.4871072615644394,0.679844186815592,0.679844186815592,0.679844186815592,-0.9088886110131266,-0.9088886110131266,-0.9088886110131266,-8.538552315171163,-8.538552315171163,-8.538552315171163,-1.4906908470590479,-1.4906908470590479,-1.4906908470590479,-7.224263099144145,-7.224263099144145,-7.224263099144145,0.0,0.0,0.0,33.673325473939094
251,2018-03-25 05:00:00,56.820205689705546,27.114193334558927,46.98054666110988,56.820205689705546,56.820205689705546,0.0,0.0,0.0,0.0,0.0,0.0,0.0,0.0,0.0,0.0,0.0,0.0,0.0,0.0,0.0,0.0,0.0,0.0,0.0,0.0,0.0,0.0,0.0,0.0,0.0,0.0,0.0,0.0,0.0,0.0,-19.551142854811197,-19.551142854811197,-19.551142854811197,-3.2779453309522517,-3.2779453309522517,-3.2779453309522517,2.3244219617290844,2.3244219617290844,2.3244219617290844,-0.4310338263835853,-0.4310338263835853,-0.4310338263835853,-2.408805037093205,-2.408805037093205,-2.408805037093205,0.0,0.0,0.0,-0.7833776569411185,-0.7833776569411185,-0.7833776569411185,1.7434338661648747,1.7434338661648747,1.7434338661648747,0.6760035449053383,0.6760035449053383,0.6760035449053383,-0.8176122197608907,-0.8176122197608907,-0.8176122197608907,-8.614138375360293,-8.614138375360293,-8.614138375360293,-1.1650982853876681,-1.1650982853876681,-1.1650982853876681,-7.2280253221150685,-7.2280253221150685,-7.2280253221150685,0.0,0.0,0.0,37.26906283489435
252,2018-03-25 06:00:00,56.819852501867736,30.458083101076607,50.53520529014197,56.819852501867736,56.819852501867736,0.0,0.0,0.0,0.0,0.0,0.0,0.0,0.0,0.0,0.0,0.0,0.0,0.0,0.0,0.0,0.0,0.0,0.0,0.0,0.0,0.0,0.0,0.0,0.0,0.0,0.0,0.0,0.0,0.0,0.0,-16.217691874652523,-16.217691874652523,-16.217691874652523,-0.17021497597156113,-0.17021497597156113,-0.17021497597156113,2.3244219617290844,2.3244219617290844,2.3244219617290844,-0.1597037327223858,-0.1597037327223858,-0.1597037327223858,-2.399453065733721,-2.399453065733721,-2.399453065733721,0.0,0.0,0.0,-0.6714439544480445,-0.6714439544480445,-0.6714439544480445,1.7965613889132555,1.7965613889132555,1.7965613889132555,0.6563202551152886,0.6563202551152886,0.6563202551152886,-0.7848120856686238,-0.7848120856686238,-0.7848120856686238,-8.65596584206621,-8.65596584206621,-8.65596584206621,-1.0812982326296245,-1.0812982326296245,-1.0812982326296245,-7.231807323892365,-7.231807323892365,-7.231807323892365,0.0,0.0,0.0,40.60216062721521
253,2018-03-25 07:00:00,56.81949931402993,34.11642709017937,53.22830111358177,56.81949931402993,56.81949931402993,0.0,0.0,0.0,0.0,0.0,0.0,0.0,0.0,0.0,0.0,0.0,0.0,0.0,0.0,0.0,0.0,0.0,0.0,0.0,0.0,0.0,0.0,0.0,0.0,0.0,0.0,0.0,0.0,0.0,0.0,-13.573054003526927,-13.573054003526927,-13.573054003526927,2.233325849438219,2.233325849438219,2.233325849438219,2.3244219617290844,2.3244219617290844,2.3244219617290844,0.09240684844638228,0.09240684844638228,0.09240684844638228,-2.4306263035986673,-2.4306263035986673,-2.4306263035986673,0.0,0.0,0.0,-0.5595102519549704,-0.5595102519549704,-0.5595102519549704,1.9280109297339916,1.9280109297339916,1.9280109297339916,0.43068254288788876,0.43068254288788876,0.43068254288788876,-0.5283476887842925,-0.5283476887842925,-0.5283476887842925,-8.663177699806226,-8.663177699806226,-8.663177699806226,-1.0722243415666517,-1.0722243415666517,-1.0722243415666517,-7.235609001605305,-7.235609001605305,-7.235609001605305,0.0,0.0,0.0,43.246445310503006
254,2018-03-25 08:00:00,56.81914612619213,34.40958503852888,54.61307632494326,56.81914612619213,56.81914612619213,0.0,0.0,0.0,0.0,0.0,0.0,0.0,0.0,0.0,0.0,0.0,0.0,0.0,0.0,0.0,0.0,0.0,0.0,0.0,0.0,0.0,0.0,0.0,0.0,0.0,0.0,0.0,0.0,0.0,0.0,-12.024035189304772,-12.024035189304772,-12.024035189304772,3.5387336535690457,3.5387336535690457,3.5387336535690457,2.3244219617290844,2.3244219617290844,2.3244219617290844,0.3118246160083283,0.3118246160083283,0.3118246160083283,-2.3791904611215062,-2.3791904611215062,-2.3791904611215062,0.0,0.0,0.0,-0.44757654946189634,-0.44757654946189634,-0.44757654946189634,1.9751136818614219,1.9751136818614219,1.9751136818614219,0.06246099974232353,0.06246099974232353,0.06246099974232353,-0.19975268027624318,-0.19975268027624318,-0.19975268027624318,-8.635163207967908,-8.635163207967908,-8.635163207967908,-1.0236523364648555,-1.0236523364648555,-1.0236523364648555,-7.239430250914239,-7.239430250914239,-7.239430250914239,0.0,0.0,0.0,44.795110936887355
255,2018-03-25 09:00:00,56.81879293835432,35.38970756354897,55.20335160614869,56.81879293835432,56.81879293835432,0.0,0.0,0.0,0.0,0.0,0.0,0.0,0.0,0.0,0.0,0.0,0.0,0.0,0.0,0.0,0.0,0.0,0.0,0.0,0.0,0.0,0.0,0.0,0.0,0.0,0.0,0.0,0.0,0.0,0.0,-11.819536483582828,-11.819536483582828,-11.819536483582828,4.010608549979599,4.010608549979599,4.010608549979599,2.3244219617290844,2.3244219617290844,2.3244219617290844,-0.015307825739048335,-0.015307825739048335,-0.015307825739048335,-2.381788230943585,-2.381788230943585,-2.381788230943585,0.0,0.0,0.0,-0.3356428469688223,-0.3356428469688223,-0.3356428469688223,1.5961008391616331,1.5961008391616331,1.5961008391616331,-0.21790585970619025,-0.21790585970619025,-0.21790585970619025,0.012483481497248556,0.012483481497248556,0.012483481497248556,-8.5715662418057,-8.5715662418057,-8.5715662418057,-1.0129771705084167,-1.0129771705084167,-1.0129771705084167,-7.243270966017679,-7.243270966017679,-7.243270966017679,0.0,0.0,0.0,44.99925645477149
256,2018-03-25 10:00:00,56.81843975051652,34.27960931389856,54.29626224773839,56.81843975051652,56.81843975051652,0.0,0.0,0.0,0.0,0.0,0.0,0.0,0.0,0.0,0.0,0.0,0.0,0.0,0.0,0.0,0.0,0.0,0.0,0.0,0.0,0.0,0.0,0.0,0.0,0.0,0.0,0.0,0.0,0.0,0.0,-12.13870300256943,-12.13870300256943,-12.13870300256943,4.041881612850917,4.041881612850917,4.041881612850917,2.3244219617290844,2.3244219617290844,2.3244219617290844,-0.4611624038692265,-0.4611624038692265,-0.4611624038692265,-2.340223913790323,-2.340223913790323,-2.340223913790323,0.0,0.0,0.0,-0.22370914447574822,-0.22370914447574822,-0.22370914447574822,1.2154448772015853,1.2154448772015853,1.2154448772015853,-0.4296212450089207,-0.4296212450089207,-0.4296212450089207,0.058344302467884177,0.058344302467884177,0.058344302467884177,-8.47229117189993,-8.47229117189993,-8.47229117189993,-1.0658192419927883,-1.0658192419927883,-1.0658192419927883,-7.247131039651194,-7.247131039651194,-7.247131039651194,0.0,0.0,0.0,44.67973674794709
257,2018-03-25 11:00:00,56.818086562678715,34.923678430919715,53.94136460065794,56.818086562678715,56.818086562678715,0.0,0.0,0.0,0.0,0.0,0.0,0.0,0.0,0.0,0.0,0.0,0.0,0.0,0.0,0.0,0.0,0.0,0.0,0.0,0.0,0.0,0.0,0.0,0.0,0.0,0.0,0.0,0.0,0.0,0.0,-12.145213191967015,-12.145213191967015,-12.145213191967015,3.6609998650400466,3.6609998650400466,3.6609998650400466,2.3244219617290844,2.3244219617290844,2.3244219617290844,-0.21769649009258765,-0.21769649009258765,-0.21769649009258765,-2.3833468928368315,-2.3833468928368315,-2.3833468928368315,0.0,0.0,0.0,-0.11177544198267414,-0.11177544198267414,-0.11177544198267414,1.314032032817137,1.314032032817137,1.314032032817137,-0.4632268617236398,-0.4632268617236398,-0.4632268617236398,0.07407649348046468,0.07407649348046468,0.07407649348046468,-8.337506203821935,-8.337506203821935,-8.337506203821935,-0.971877781576128,-0.971877781576128,-0.971877781576128,-7.25101036309254,-7.25101036309254,-7.25101036309254,0.0,0.0,0.0,44.6728733707117
258,2018-03-25 12:00:00,56.81773337484091,33.589908054993145,53.270260003797844,56.81773337484091,56.81773337484091,0.0,0.0,0.0,0.0,0.0,0.0,0.0,0.0,0.0,0.0,0.0,0.0,0.0,0.0,0.0,0.0,0.0,0.0,0.0,0.0,0.0,0.0,0.0,0.0,0.0,0.0,0.0,0.0,0.0,0.0,-13.18795392686264,-13.18795392686264,-13.18795392686264,2.631426911999914,2.631426911999914,2.631426911999914,2.3244219617290844,2.3244219617290844,2.3244219617290844,-0.39682788469707797,-0.39682788469707797,-0.39682788469707797,-2.348536777220975,-2.348536777220975,-2.348536777220975,0.0,0.0,0.0,0.00015826051039992227,0.00015826051039992227,0.00015826051039992227,1.1880595561972653,1.1880595561972653,1.1880595561972653,-0.45458541742556924,-0.45458541742556924,-0.45458541742556924,0.05181395902869982,0.05181395902869982,0.05181395902869982,-8.167644128000987,-8.167644128000987,-8.167644128000987,-1.158159427515983,-1.158159427515983,-1.158159427515983,-7.254908826164492,-7.254908826164492,-7.254908826164492,0.0,0.0,0.0,43.62977944797827
259,2018-03-25 13:00:00,56.8173801870031,31.14037042107213,51.17435088451136,56.8173801870031,56.8173801870031,0.0,0.0,0.0,0.0,0.0,0.0,0.0,0.0,0.0,0.0,0.0,0.0,0.0,0.0,0.0,0.0,0.0,0.0,0.0,0.0,0.0,0.0,0.0,0.0,0.0,0.0,0.0,0.0,0.0,0.0,-15.324217520606704,-15.324217520606704,-15.324217520606704,1.0310477693257174,1.0310477693257174,1.0310477693257174,2.3244219617290844,2.3244219617290844,2.3244219617290844,-1.1330385136847065,-1.1330385136847065,-1.1330385136847065,-2.4191961163815203,-2.4191961163815203,-2.4191961163815203,0.0,0.0,0.0,0.11209196300347399,0.11209196300347399,0.11209196300347399,0.8254779061000689,0.8254779061000689,0.8254779061000689,-0.4617866210072947,-0.4617866210072947,-0.4617866210072947,-0.12316956176217202,-0.12316956176217202,-0.12316956176217202,-7.96340045901372,-7.96340045901372,-7.96340045901372,-1.3908780453663463,-1.3908780453663463,-1.3908780453663463,-7.258826317233997,-7.258826317233997,-7.258826317233997,0.0,0.0,0.0,41.4931626663964
260,2018-03-25 14:00:00,56.8170269991653,29.110090346353328,49.500257909728255,56.8170269991653,56.8170269991653,0.0,0.0,0.0,0.0,0.0,0.0,0.0,0.0,0.0,0.0,0.0,0.0,0.0,0.0,0.0,0.0,0.0,0.0,0.0,0.0,0.0,0.0,0.0,0.0,0.0,0.0,0.0,0.0,0.0,0.0,-16.899632652140557,-16.899632652140557,-16.899632652140557,-0.37211498690088946,-0.37211498690088946,-0.37211498690088946,2.3244219617290844,2.3244219617290844,2.3244219617290844,-1.5390259697570847,-1.5390259697570847,-1.5390259697570847,-2.4534866780329616,-2.4534866780329616,-2.4534866780329616,0.0,0.0,0.0,0.22402566549654804,0.22402566549654804,0.22402566549654804,0.7756366218722064,0.7756366218722064,0.7756366218722064,-0.38353354208587737,-0.38353354208587737,-0.38353354208587737,-0.2888028180833026,-0.2888028180833026,-0.2888028180833026,-7.725728972261988,-7.725728972261988,-7.725728972261988,-1.7372871806527816,-1.7372871806527816,-1.7372871806527816,-7.262762723220592,-7.262762723220592,-7.262762723220592,0.0,0.0,0.0,39.91739434702474
261,2018-03-25 15:00:00,56.8166738113275,30.107509975197615,50.509925399563116,56.8166738113275,56.8166738113275,0.0,0.0,0.0,0.0,0.0,0.0,0.0,0.0,0.0,0.0,0.0,0.0,0.0,0.0,0.0,0.0,0.0,0.0,0.0,0.0,0.0,0.0,0.0,0.0,0.0,0.0,0.0,0.0,0.0,0.0,-17.038499317008924,-17.038499317008924,-17.038499317008924,-0.49016686844400353,-0.49016686844400353,-0.49016686844400353,2.3244219617290844,2.3244219617290844,2.3244219617290844,-1.8257798434117236,-1.8257798434117236,-1.8257798434117236,-2.5132353839407755,-2.5132353839407755,-2.5132353839407755,0.0,0.0,0.0,0.3359593679896221,0.3359593679896221,0.3359593679896221,0.7548237779089232,0.7548237779089232,0.7548237779089232,-0.42482044262110374,-0.42482044262110374,-0.42482044262110374,-0.37295519831097385,-0.37295519831097385,-0.37295519831097385,-7.455834675557852,-7.455834675557852,-7.455834675557852,-1.9299739261664999,-1.9299739261664999,-1.9299739261664999,-7.266717929595346,-7.266717929595346,-7.266717929595346,0.0,0.0,0.0,39.77817449431858
262,2018-03-25 16:00:00,56.816320623489695,32.688739120218,51.80477769515143,56.816320623489695,56.816320623489695,0.0,0.0,0.0,0.0,0.0,0.0,0.0,0.0,0.0,0.0,0.0,0.0,0.0,0.0,0.0,0.0,0.0,0.0,0.0,0.0,0.0,0.0,0.0,0.0,0.0,0.0,0.0,0.0,0.0,0.0,-14.69788252657669,-14.69788252657669,-14.69788252657669,1.1758668104803487,1.1758668104803487,1.1758668104803487,2.3244219617290844,2.3244219617290844,2.3244219617290844,-1.4478932345224527,-1.4478932345224527,-1.4478932345224527,-2.5506432693787113,-2.5506432693787113,-2.5506432693787113,0.0,0.0,0.0,0.44789307048269617,0.44789307048269617,0.44789307048269617,0.8205485483192912,0.8205485483192912,0.8205485483192912,-0.31152150626862213,-0.31152150626862213,-0.31152150626862213,-0.3719162800365581,-0.3719162800365581,-0.3719162800365581,-7.155164282149331,-7.155164282149331,-7.155164282149331,-1.806675759369633,-1.806675759369633,-1.806675759369633,-7.270691820385256,-7.270691820385256,-7.270691820385256,0.0,0.0,0.0,42.118438096913
263,2018-03-25 17:00:00,56.81596743565189,37.429512331253754,57.411132730819645,56.81596743565189,56.81596743565189,0.0,0.0,0.0,0.0,0.0,0.0,0.0,0.0,0.0,0.0,0.0,0.0,0.0,0.0,0.0,0.0,0.0,0.0,0.0,0.0,0.0,0.0,0.0,0.0,0.0,0.0,0.0,0.0,0.0,0.0,-9.70378594196134,-9.70378594196134,-9.70378594196134,3.911893175086778,3.911893175086778,3.911893175086778,2.3244219617290844,2.3244219617290844,2.3244219617290844,0.48439944043045163,0.48439944043045163,0.48439944043045163,-2.4659559731789398,-2.4659559731789398,-2.4659559731789398,0.0,0.0,0.0,0.5598267729757702,0.5598267729757702,0.5598267729757702,1.668398086613038,1.668398086613038,1.668398086613038,-0.03403512825279851,-0.03403512825279851,-0.03403512825279851,-0.2424967464236317,-0.2424967464236317,-0.2424967464236317,-6.825394279303685,-6.825394279303685,-6.825394279303685,-1.3257595330320704,-1.3257595330320704,-1.3257595330320704,-7.274684278174886,-7.274684278174886,-7.274684278174886,0.0,0.0,0.0,47.11218149369055
264,2018-03-25 18:00:00,57.16748889828328,43.01764976038399,63.83281224340801,57.16748889828328,57.16748889828328,0.0,0.0,0.0,0.0,0.0,0.0,0.0,0.0,0.0,0.0,0.0,0.0,0.0,0.0,0.0,0.0,0.0,0.0,0.0,0.0,0.0,0.0,0.0,0.0,0.0,0.0,0.0,0.0,0.0,0.0,-3.829357695326355,-3.829357695326355,-3.829357695326355,6.135965359986416,6.135965359986416,6.135965359986416,1.954504771344407,1.954504771344407,1.954504771344407,3.212231700065283,3.212231700065283,3.212231700065283,-2.144119828609938,-2.144119828609938,-2.144119828609938,0.0,0.0,0.0,0.6231986724095715,0.6231986724095715,0.6231986724095715,2.939683874478249,2.939683874478249,2.939683874478249,0.3512009803746933,0.3512009803746933,0.3512009803746933,0.11235826368534242,0.11235826368534242,0.11235826368534242,-6.063895641797883,-6.063895641797883,-6.063895641797883,-0.6245950336170426,-0.6245950336170426,-0.6245950336170426,-7.113659113580173,-7.113659113580173,-7.113659113580173,0.0,0.0,0.0,53.33813120295692
265,2018-03-25 19:00:00,57.167209731953896,45.680606830963185,64.94963467080588,57.167209731953896,57.167209731953896,0.0,0.0,0.0,0.0,0.0,0.0,0.0,0.0,0.0,0.0,0.0,0.0,0.0,0.0,0.0,0.0,0.0,0.0,0.0,0.0,0.0,0.0,0.0,0.0,0.0,0.0,0.0,0.0,0.0,0.0,-1.633267147185748,-1.633267147185748,-1.633267147185748,6.398995723540838,6.398995723540838,6.398995723540838,1.954504771344407,1.954504771344407,1.954504771344407,4.779824740949696,4.779824740949696,4.779824740949696,-2.106486165952208,-2.106486165952208,-2.106486165952208,0.0,0.0,0.0,0.7270406685802124,0.7270406685802124,0.7270406685802124,3.705927444173741,3.705927444173741,3.705927444173741,0.4865091147373184,0.4865091147373184,0.4865091147373184,0.41740256861631525,0.41740256861631525,0.41740256861631525,-5.6945866357882755,-5.6945866357882755,-5.6945866357882755,-0.40507366055009025,-0.40507366055009025,-0.40507366055009025,-7.117500975888006,-7.117500975888006,-7.117500975888006,0.0,0.0,0.0,55.53394258476815
266,2018-03-25 20:00:00,57.16693056562452,43.12561161453547,63.15622896042022,57.16693056562452,57.16693056562452,0.0,0.0,0.0,0.0,0.0,0.0,0.0,0.0,0.0,0.0,0.0,0.0,0.0,0.0,0.0,0.0,0.0,0.0,0.0,0.0,0.0,0.0,0.0,0.0,0.0,0.0,0.0,0.0,0.0,0.0,-4.101182503455148,-4.101182503455148,-4.101182503455148,4.4693076702132215,4.4693076702132215,4.4693076702132215,1.954504771344407,1.954504771344407,1.954504771344407,3.8550760248025,3.8550760248025,3.8550760248025,-2.198042688537431,-2.198042688537431,-2.198042688537431,0.0,0.0,0.0,0.8308826647508534,0.8308826647508534,0.8308826647508534,3.0849871650384024,3.0849871650384024,3.0849871650384024,0.5250375326575236,0.5250375326575236,0.5250375326575236,0.31100050826857656,0.31100050826857656,0.31100050826857656,-5.304202629640293,-5.304202629640293,-5.304202629640293,-0.6532939287198322,-0.6532939287198322,-0.6532939287198322,-7.121363568830578,-7.121363568830578,-7.121363568830578,0.0,0.0,0.0,53.06574806216937
267,2018-03-25 21:00:00,57.166651399295134,39.53505796576063,58.63771913744712,57.166651399295134,57.166651399295134,0.0,0.0,0.0,0.0,0.0,0.0,0.0,0.0,0.0,0.0,0.0,0.0,0.0,0.0,0.0,0.0,0.0,0.0,0.0,0.0,0.0,0.0,0.0,0.0,0.0,0.0,0.0,0.0,0.0,0.0,-8.801284125377554,-8.801284125377554,-8.801284125377554,1.310643911715932,1.310643911715932,1.310643911715932,1.954504771344407,1.954504771344407,1.954504771344407,1.9084586892978215,1.9084586892978215,1.9084586892978215,-2.4401338617535746,-2.4401338617535746,-2.4401338617535746,0.0,0.0,0.0,0.9347246609214944,0.9347246609214944,0.9347246609214944,1.7805227924815172,1.7805227924815172,1.7805227924815172,0.5580618908748423,0.5580618908748423,0.5580618908748423,0.09882301925948166,0.09882301925948166,0.09882301925948166,-4.895139953377649,-4.895139953377649,-4.895139953377649,-0.9780445838303465,-0.9780445838303465,-0.9780445838303465,-7.125246773013659,-7.125246773013659,-7.125246773013659,0.0,0.0,0.0,48.36536727391758
268,2018-03-25 22:00:00,57.166372232965756,36.24262766696405,55.046546905518646,57.166372232965756,57.166372232965756,0.0,0.0,0.0,0.0,0.0,0.0,0.0,0.0,0.0,0.0,0.0,0.0,0.0,0.0,0.0,0.0,0.0,0.0,0.0,0.0,0.0,0.0,0.0,0.0,0.0,0.0,0.0,0.0,0.0,0.0,-12.32994579922984,-12.32994579922984,-12.32994579922984,-1.7681158338055387,-1.7681158338055387,-1.7681158338055387,1.954504771344407,1.954504771344407,1.954504771344407,1.0372407329152367,1.0372407329152367,1.0372407329152367,-2.4699037740052114,-2.4699037740052114,-2.4699037740052114,0.0,0.0,0.0,1.0385666570921352,1.0385666570921352,1.0385666570921352,1.126385881420451,1.126385881420451,1.126385881420451,0.5819128162540169,0.5819128162540169,0.5819128162540169,-0.202586821890473,-0.202586821890473,-0.202586821890473,-4.469920230812319,-4.469920230812319,-4.469920230812319,-0.991638797300089,-0.991638797300089,-0.991638797300089,-7.129150467527218,-7.129150467527218,-7.129150467527218,0.0,0.0,0.0,44.836426433735916
269,2018-03-25 23:00:00,57.16609306663638,32.65766132888094,52.6466869471146,57.16609306663638,57.16609306663638,0.0,0.0,0.0,0.0,0.0,0.0,0.0,0.0,0.0,0.0,0.0,0.0,0.0,0.0,0.0,0.0,0.0,0.0,0.0,0.0,0.0,0.0,0.0,0.0,0.0,0.0,0.0,0.0,0.0,0.0,-14.525054680863986,-14.525054680863986,-14.525054680863986,-4.059778056260406,-4.059778056260406,-4.059778056260406,1.954504771344407,1.954504771344407,1.954504771344407,0.6989655787909413,0.6989655787909413,0.6989655787909413,-2.4435040404990422,-2.4435040404990422,-2.4435040404990422,0.0,0.0,0.0,1.1424086532627762,1.1424086532627762,1.1424086532627762,0.8439424065113882,0.8439424065113882,0.8439424065113882,0.6053050699912843,0.6053050699912843,0.6053050699912843,-0.4593804869699978,-0.4593804869699978,-0.4593804869699978,-4.031167673443613,-4.031167673443613,-4.031167673443613,-0.9443107948498745,-0.9443107948498745,-0.9443107948498745,-7.133074529950912,-7.133074529950912,-7.133074529950912,0.0,0.0,0.0,42.64103838577239
270,2018-03-26 00:00:00,57.16581390030699,30.033572481187743,49.934268188250606,57.16581390030699,57.16581390030699,0.0,0.0,0.0,0.0,0.0,0.0,0.0,0.0,0.0,0.0,0.0,0.0,0.0,0.0,0.0,0.0,0.0,0.0,0.0,0.0,0.0,0.0,0.0,0.0,0.0,0.0,0.0,0.0,0.0,0.0,-17.305467795412472,-17.305467795412472,-17.305467795412472,-5.67617047997233,-5.67617047997233,-5.67617047997233,1.7979685870353699,1.7979685870353699,1.7979685870353699,-0.9106930464521291,-0.9106930464521291,-0.9106930464521291,-2.526073419763017,-2.526073419763017,-2.526073419763017,0.0,0.0,0.0,0.000146695385725871,0.000146695385725871,0.000146695385725871,0.7644881727219407,0.7644881727219407,0.7644881727219407,0.6144785028294284,0.6144785028294284,0.6144785028294284,-0.6234326624649211,-0.6234326624649211,-0.6234326624649211,-3.5815854326306904,-3.5815854326306904,-3.5815854326306904,-0.9382689221966557,-0.9382689221966557,-0.9382689221966557,-7.137018836357323,-7.137018836357323,-7.137018836357323,0.0,0.0,0.0,39.86034610489452
271,2018-03-26 01:00:00,57.165534733977616,27.521633319927055,46.80667438305057,57.165534733977616,57.165534733977616,0.0,0.0,0.0,0.0,0.0,0.0,0.0,0.0,0.0,0.0,0.0,0.0,0.0,0.0,0.0,0.0,0.0,0.0,0.0,0.0,0.0,0.0,0.0,0.0,0.0,0.0,0.0,0.0,0.0,0.0,-19.91843088270008,-19.91843088270008,-19.91843088270008,-6.970900169068208,-6.970900169068208,-6.970900169068208,1.6414324027263332,1.6414324027263332,1.6414324027263332,-2.6826161889662554,-2.6826161889662554,-2.6826161889662554,-2.623808603381599,-2.623808603381599,-2.623808603381599,0.0,0.0,0.0,-1.1421152624913247,-1.1421152624913247,-1.1421152624913247,0.5843556289938102,0.5843556289938102,0.5843556289938102,0.6144785028294284,0.6144785028294284,0.6144785028294284,-0.7033908656473208,-0.7033908656473208,-0.7033908656473208,-3.1239312633498253,-3.1239312633498253,-3.1239312633498253,-1.0535679919955825,-1.0535679919955825,-1.0535679919955825,-7.14098326131579,-7.14098326131579,-7.14098326131579,0.0,0.0,0.0,37.24710385127754
272,2018-03-26 02:00:00,57.16525556764823,26.75747846838465,46.69878518975424,57.16525556764823,57.16525556764823,0.0,0.0,0.0,0.0,0.0,0.0,0.0,0.0,0.0,0.0,0.0,0.0,0.0,0.0,0.0,0.0,0.0,0.0,0.0,0.0,0.0,0.0,0.0,0.0,0.0,0.0,0.0,0.0,0.0,0.0,-20.54681994054933,-20.54681994054933,-20.54681994054933,-7.857126367857736,-7.857126367857736,-7.857126367857736,1.4848962184172967,1.4848962184172967,1.4848962184172967,-2.883733135255501,-2.883733135255501,-2.883733135255501,-2.7001993216122147,-2.7001993216122147,-2.7001993216122147,0.0,0.0,0.0,-1.0382732663206835,-1.0382732663206835,-1.0382732663206835,0.5582336891178277,0.5582336891178277,0.5582336891178277,0.6144785028294284,0.6144785028294284,0.6144785028294284,-0.7110357722211865,-0.7110357722211865,-0.7110357722211865,-2.6609927595427427,-2.6609927595427427,-2.6609927595427427,-1.0918331854659686,-1.0918331854659686,-1.0918331854659686,-7.144967677893351,-7.144967677893351,-7.144967677893351,0.0,0.0,0.0,36.618435627098904
273,2018-03-26 03:00:00,57.16497640131885,26.26893470827332,47.0094151983908,57.16497640131885,57.16497640131885,0.0,0.0,0.0,0.0,0.0,0.0,0.0,0.0,0.0,0.0,0.0,0.0,0.0,0.0,0.0,0.0,0.0,0.0,0.0,0.0,0.0,0.0,0.0,0.0,0.0,0.0,0.0,0.0,0.0,0.0,-20.02052592307977,-20.02052592307977,-20.02052592307977,-7.745875748932579,-7.745875748932579,-7.745875748932579,1.3283600341082598,1.3283600341082598,1.3283600341082598,-2.9301157903764135,-2.9301157903764135,-2.9301157903764135,-2.7451350382184594,-2.7451350382184594,-2.7451350382184594,0.0,0.0,0.0,-0.9344312701500426,-0.9344312701500426,-0.9344312701500426,0.708434843404728,0.708434843404728,0.708434843404728,0.6144785028294284,0.6144785028294284,0.6144785028294284,-0.6201741776957324,-0.6201741776957324,-0.6201741776957324,-2.195562426105819,-2.195562426105819,-2.195562426105819,-1.2816486846545947,-1.2816486846545947,-1.2816486846545947,-7.148971957664961,-7.148971957664961,-7.148971957664961,0.0,0.0,0.0,37.14445047823908
274,2018-03-26 04:00:00,57.16469723498947,29.40211019195482,48.90661806621627,57.16469723498947,57.16469723498947,0.0,0.0,0.0,0.0,0.0,0.0,0.0,0.0,0.0,0.0,0.0,0.0,0.0,0.0,0.0,0.0,0.0,0.0,0.0,0.0,0.0,0.0,0.0,0.0,0.0,0.0,0.0,0.0,0.0,0.0,-17.277006419060843,-17.277006419060843,-17.277006419060843,-6.150545558048875,-6.150545558048875,-6.150545558048875,1.171823849799223,1.171823849799223,1.171823849799223,-2.2430520365428874,-2.2430520365428874,-2.2430520365428874,-2.5210181516448147,-2.5210181516448147,-2.5210181516448147,0.0,0.0,0.0,-0.8305892739794017,-0.8305892739794017,-0.8305892739794017,1.0333264706122627,1.0333264706122627,1.0333264706122627,0.6153958461132428,0.6153958461132428,0.6153958461132428,-0.2772813189072601,-0.2772813189072601,-0.2772813189072601,-1.7304128537584307,-1.7304128537584307,-1.7304128537584307,-1.4347094585361393,-1.4347094585361393,-1.4347094585361393,-7.152995970710646,-7.152995970710646,-7.152995970710646,0.0,0.0,0.0,39.88769081592862
275,2018-03-26 05:00:00,57.16441806866009,36.073305682599454,55.86213621312493,57.16441806866009,57.16441806866009,0.0,0.0,0.0,0.0,0.0,0.0,0.0,0.0,0.0,0.0,0.0,0.0,0.0,0.0,0.0,0.0,0.0,0.0,0.0,0.0,0.0,0.0,0.0,0.0,0.0,0.0,0.0,0.0,0.0,0.0,-11.530427663634997,-11.530427663634997,-11.530427663634997,-3.3115324928663923,-3.3115324928663923,-3.3115324928663923,1.0152876654901857,1.0152876654901857,1.0152876654901857,0.2064166750044046,0.2064166750044046,0.2064166750044046,-2.021670000857921,-2.021670000857921,-2.021670000857921,0.0,0.0,0.0,-0.7267472778087607,-0.7267472778087607,-0.7267472778087607,2.388946308759614,2.388946308759614,2.388946308759614,0.6126438162617995,0.6126438162617995,0.6126438162617995,0.2271571886306058,0.2271571886306058,0.2271571886306058,-1.268272260151101,-1.268272260151101,-1.268272260151101,-1.2892010254711184,-1.2892010254711184,-1.2892010254711184,-7.157039585621908,-7.157039585621908,-7.157039585621908,0.0,0.0,0.0,45.633990405025095
276,2018-03-26 06:00:00,57.164138902330706,40.95344507615576,60.39644862937695,57.164138902330706,57.164138902330706,0.0,0.0,0.0,0.0,0.0,0.0,0.0,0.0,0.0,0.0,0.0,0.0,0.0,0.0,0.0,0.0,0.0,0.0,0.0,0.0,0.0,0.0,0.0,0.0,0.0,0.0,0.0,0.0,0.0,0.0,-6.24605127612991,-6.24605127612991,-6.24605127612991,-0.18107153608514967,-0.18107153608514967,-0.18107153608514967,0.8587514811811489,0.8587514811811489,0.8587514811811489,1.9079235855676158,1.9079235855676158,1.9079235855676158,-1.6172485514017196,-1.6172485514017196,-1.6172485514017196,0.0,0.0,0.0,-0.6229052816381198,-0.6229052816381198,-0.6229052816381198,3.4272934188299256,3.4272934188299256,3.4272934188299256,0.5465950998271623,0.5465950998271623,0.5465950998271623,0.5472406540347573,0.5472406540347573,0.5472406540347573,-0.8118006561051184,-0.8118006561051184,-0.8118006561051184,-1.231803235265539,-1.231803235265539,-1.231803235265539,-7.161102669507256,-7.161102669507256,-7.161102669507256,0.0,0.0,0.0,50.918087626200794
277,2018-03-26 07:00:00,57.16385973600133,43.93559522195698,63.84987643106354,57.16385973600133,57.16385973600133,0.0,0.0,0.0,0.0,0.0,0.0,0.0,0.0,0.0,0.0,0.0,0.0,0.0,0.0,0.0,0.0,0.0,0.0,0.0,0.0,0.0,0.0,0.0,0.0,0.0,0.0,0.0,0.0,0.0,0.0,-2.9268143851967947,-2.9268143851967947,-2.9268143851967947,2.2363385900686046,2.2363385900686046,2.2363385900686046,0.7022152968721126,0.7022152968721126,0.7022152968721126,2.3655990016003723,2.3655990016003723,2.3655990016003723,-1.2746137122791041,-1.2746137122791041,-1.2746137122791041,0.0,0.0,0.0,-0.5190632854674787,-0.5190632854674787,-0.5190632854674787,3.723886277838479,3.723886277838479,3.723886277838479,0.05902714447980437,0.05902714447980437,0.05902714447980437,0.8133084680727422,0.8133084680727422,0.8133084680727422,-0.3635668888711798,-0.3635668888711798,-0.3635668888711798,-1.1391611879161831,-1.1391611879161831,-1.1391611879161831,-7.165185087994592,-7.165185087994592,-7.165185087994592,0.0,0.0,0.0,54.237045350804536
278,2018-03-26 08:00:00,57.16358056967195,44.29023189412782,64.75520787010338,57.16358056967195,57.16358056967195,0.0,0.0,0.0,0.0,0.0,0.0,0.0,0.0,0.0,0.0,0.0,0.0,0.0,0.0,0.0,0.0,0.0,0.0,0.0,0.0,0.0,0.0,0.0,0.0,0.0,0.0,0.0,0.0,0.0,0.0,-2.389376478404959,-2.389376478404959,-2.389376478404959,3.5483562226023393,3.5483562226023393,3.5483562226023393,0.5456791125630757,0.5456791125630757,0.5456791125630757,1.1575808052462782,1.1575808052462782,1.1575808052462782,-1.4015571116917451,-1.4015571116917451,-1.4015571116917451,0.0,0.0,0.0,-0.4152212892968379,-0.4152212892968379,-0.4152212892968379,3.423483969264678,3.423483969264678,3.423483969264678,-0.7899740646904302,-0.7899740646904302,-0.7899740646904302,0.9151987802785273,0.9151987802785273,0.9151987802785273,0.07397319898242562,0.07397319898242562,0.07397319898242562,-1.1200285911809902,-1.1200285911809902,-1.1200285911809902,-7.169286705236002,-7.169286705236002,-7.169286705236002,0.0,0.0,0.0,54.77420409126699
279,2018-03-26 09:00:00,57.163301403342565,43.96922967016947,63.95451287505539,57.163301403342565,57.163301403342565,0.0,0.0,0.0,0.0,0.0,0.0,0.0,0.0,0.0,0.0,0.0,0.0,0.0,0.0,0.0,0.0,0.0,0.0,0.0,0.0,0.0,0.0,0.0,0.0,0.0,0.0,0.0,0.0,0.0,0.0,-3.2279559876475075,-3.2279559876475075,-3.2279559876475075,4.024210104325247,4.024210104325247,4.024210104325247,0.3891429282540386,0.3891429282540386,0.3891429282540386,-0.5772559760595916,-0.5772559760595916,-0.5772559760595916,-1.7958680249115417,-1.7958680249115417,-1.7958680249115417,0.0,0.0,0.0,-0.31137929312619694,-0.31137929312619694,-0.31137929312619694,2.9576427081429872,2.9576427081429872,2.9576427081429872,-1.543571572343966,-1.543571572343966,-1.543571572343966,0.9253502135979229,0.9253502135979229,0.9253502135979229,0.49849726799925476,0.49849726799925476,0.49849726799925476,-1.1985729356728352,-1.1985729356728352,-1.1985729356728352,-7.173407383912418,-7.173407383912418,-7.173407383912418,0.0,0.0,0.0,53.93534541569506
280,2018-03-26 10:00:00,57.16302223701319,44.419876217640166,64.18175830404336,57.16302223701319,57.16302223701319,0.0,0.0,0.0,0.0,0.0,0.0,0.0,0.0,0.0,0.0,0.0,0.0,0.0,0.0,0.0,0.0,0.0,0.0,0.0,0.0,0.0,0.0,0.0,0.0,0.0,0.0,0.0,0.0,0.0,0.0,-3.369298470834608,-3.369298470834608,-3.369298470834608,4.0581573118877055,4.0581573118877055,4.0581573118877055,0.23260674394500166,0.23260674394500166,0.23260674394500166,-1.1577442246399574,-1.1577442246399574,-1.1577442246399574,-1.873382136057314,-1.873382136057314,-1.873382136057314,0.0,0.0,0.0,-0.207537296955556,-0.207537296955556,-0.207537296955556,2.6773760615569224,2.6773760615569224,2.6773760615569224,-1.7609819306079808,-1.7609819306079808,-1.7609819306079808,0.8806087111902163,0.8806087111902163,0.8806087111902163,0.9078354271535926,0.9078354271535926,0.9078354271535926,-1.1064343777112475,-1.1064343777112475,-1.1064343777112475,-7.1775469852359475,-7.1775469852359475,-7.1775469852359475,0.0,0.0,0.0,53.79372376617858
281,2018-03-26 11:00:00,57.1627430706838,42.74953239145797,62.6846779944587,57.1627430706838,57.1627430706838,0.0,0.0,0.0,0.0,0.0,0.0,0.0,0.0,0.0,0.0,0.0,0.0,0.0,0.0,0.0,0.0,0.0,0.0,0.0,0.0,0.0,0.0,0.0,0.0,0.0,0.0,0.0,0.0,0.0,0.0,-4.31479716108679,-4.31479716108679,-4.31479716108679,3.675672286750724,3.675672286750724,3.675672286750724,0.07607055963596503,0.07607055963596503,0.07607055963596503,-2.108751514545012,-2.108751514545012,-2.108751514545012,-2.0048191071305794,-2.0048191071305794,-2.0048191071305794,0.0,0.0,0.0,-0.10369530078491507,-0.10369530078491507,-0.10369530078491507,2.176161340186505,2.176161340186505,2.176161340186505,-1.8096011246501444,-1.8096011246501444,-1.8096011246501444,0.7738306718306484,0.7738306718306484,0.7738306718306484,1.2999874356646377,1.2999874356646377,1.2999874356646377,-1.216698553632492,-1.216698553632492,-1.216698553632492,-7.181705368957139,-7.181705368957139,-7.181705368957139,0.0,0.0,0.0,52.847945909597016
282,2018-03-26 12:00:00,57.16246390435442,41.26778565235659,61.03839372721945,57.16246390435442,57.16246390435442,0.0,0.0,0.0,0.0,0.0,0.0,0.0,0.0,0.0,0.0,0.0,0.0,0.0,0.0,0.0,0.0,0.0,0.0,0.0,0.0,0.0,0.0,0.0,0.0,0.0,0.0,0.0,0.0,0.0,0.0,-5.799333893423429,-5.799333893423429,-5.799333893423429,2.6376511840545556,2.6376511840545556,2.6376511840545556,-0.08046562467307196,-0.08046562467307196,-0.08046562467307196,-2.924240674002002,-2.924240674002002,-2.924240674002002,-2.31431385525609,-2.31431385525609,-2.31431385525609,0.0,0.0,0.0,0.000146695385725871,0.000146695385725871,0.000146695385725871,1.92691449720317,1.92691449720317,1.92691449720317,-1.7738247365813826,-1.7738247365813826,-1.7738247365813826,0.6392301855956997,0.6392301855956997,0.6392301855956997,1.6731379898928098,1.6731379898928098,1.6731379898928098,-1.3219278356760538,-1.3219278356760538,-1.3219278356760538,-7.185882393368793,-7.185882393368793,-7.185882393368793,0.0,0.0,0.0,51.36313001093099
283,2018-03-26 13:00:00,57.16218473802504,39.16131270621166,59.71208869284068,57.16218473802504,57.16218473802504,0.0,0.0,0.0,0.0,0.0,0.0,0.0,0.0,0.0,0.0,0.0,0.0,0.0,0.0,0.0,0.0,0.0,0.0,0.0,0.0,0.0,0.0,0.0,0.0,0.0,0.0,0.0,0.0,0.0,0.0,-7.687609995729733,-7.687609995729733,-7.687609995729733,1.0246689740292074,1.0246689740292074,1.0246689740292074,-0.23700180898210857,-0.23700180898210857,-0.23700180898210857,-3.5478710021974535,-3.5478710021974535,-3.5478710021974535,-2.5333754737115317,-2.5333754737115317,-2.5333754737115317,0.0,0.0,0.0,0.10398869155636681,0.10398869155636681,0.10398869155636681,1.8888200015506955,1.8888200015506955,1.8888200015506955,-1.691722512679993,-1.691722512679993,-1.691722512679993,0.5268124610586896,0.5268124610586896,0.5268124610586896,2.025669947747646,2.025669947747646,2.025669947747646,-1.6053923609895726,-1.6053923609895726,-1.6053923609895726,-7.190077915309131,-7.190077915309131,-7.190077915309131,0.0,0.0,0.0,49.47457474229531
284,2018-03-26 14:00:00,57.16190557169566,38.57198606299621,58.03234685738027,57.16190557169566,57.16190557169566,0.0,0.0,0.0,0.0,0.0,0.0,0.0,0.0,0.0,0.0,0.0,0.0,0.0,0.0,0.0,0.0,0.0,0.0,0.0,0.0,0.0,0.0,0.0,0.0,0.0,0.0,0.0,0.0,0.0,0.0,-8.940573957401686,-8.940573957401686,-8.940573957401686,-0.38780893421506346,-0.38780893421506346,-0.38780893421506346,-0.39353799329114564,-0.39353799329114564,-0.39353799329114564,-3.714648599996087,-3.714648599996087,-3.714648599996087,-2.603587530908789,-2.603587530908789,-2.603587530908789,0.0,0.0,0.0,0.20783068772700775,0.20783068772700775,0.20783068772700775,1.9241934617994223,1.9241934617994223,1.9241934617994223,-1.5169686171133483,-1.5169686171133483,-1.5169686171133483,0.43745478258055337,0.43745478258055337,0.43745478258055337,2.35617536697721,2.35617536697721,2.35617536697721,-1.7700333907897867,-1.7700333907897867,-1.7700333907897867,-7.194291790167746,-7.194291790167746,-7.194291790167746,0.0,0.0,0.0,48.22133161429397
285,2018-03-26 15:00:00,57.16162640536628,37.20670618814702,58.32304854773552,57.16162640536628,57.16162640536628,0.0,0.0,0.0,0.0,0.0,0.0,0.0,0.0,0.0,0.0,0.0,0.0,0.0,0.0,0.0,0.0,0.0,0.0,0.0,0.0,0.0,0.0,0.0,0.0,0.0,0.0,0.0,0.0,0.0,0.0,-9.278566997123631,-9.278566997123631,-9.278566997123631,-0.5053527951222196,-0.5053527951222196,-0.5053527951222196,-0.5500741776001825,-0.5500741776001825,-0.5500741776001825,-4.238154589816401,-4.238154589816401,-4.238154589816401,-2.6973908393243247,-2.6973908393243247,-2.6973908393243247,0.0,0.0,0.0,0.31167268389764863,0.31167268389764863,0.31167268389764863,1.6934496595615751,1.6934496595615751,1.6934496595615751,-1.3055209901941274,-1.3055209901941274,-1.3055209901941274,0.37579422464052104,0.37579422464052104,0.37579422464052104,2.663464259704303,2.663464259704303,2.663464259704303,-2.0660851507975115,-2.0660851507975115,-2.0660851507975115,-7.198523871889314,-7.198523871889314,-7.198523871889314,0.0,0.0,0.0,47.883059408242644
286,2018-03-26 16:00:00,57.1613472390369,39.48909232870589,60.04353017809514,57.1613472390369,57.1613472390369,0.0,0.0,0.0,0.0,0.0,0.0,0.0,0.0,0.0,0.0,0.0,0.0,0.0,0.0,0.0,0.0,0.0,0.0,0.0,0.0,0.0,0.0,0.0,0.0,0.0,0.0,0.0,0.0,0.0,0.0,-7.232501717234121,-7.232501717234121,-7.232501717234121,1.1714009613199512,1.1714009613199512,1.1714009613199512,-0.7066103619092192,-0.7066103619092192,-0.7066103619092192,-4.147699657265086,-4.147699657265086,-4.147699657265086,-2.550788063896452,-2.550788063896452,-2.550788063896452,0.0,0.0,0.0,0.4155146800682896,0.4155146800682896,0.4155146800682896,1.5356296061441799,1.5356296061441799,1.5356296061441799,-1.005549736386816,-1.005549736386816,-1.005549736386816,0.31125116094312955,0.31125116094312955,0.31125116094312955,2.946570991691736,2.946570991691736,2.946570991691736,-2.147146942228198,-2.147146942228198,-2.147146942228198,-7.202774012980724,-7.202774012980724,-7.202774012980724,0.0,0.0,0.0,49.92884552180278
287,2018-03-26 17:00:00,57.16106807270752,44.30485870499396,63.84709572533208,57.16106807270752,57.16106807270752,0.0,0.0,0.0,0.0,0.0,0.0,0.0,0.0,0.0,0.0,0.0,0.0,0.0,0.0,0.0,0.0,0.0,0.0,0.0,0.0,0.0,0.0,0.0,0.0,0.0,0.0,0.0,0.0,0.0,0.0,-3.1485561667629987,-3.1485561667629987,-3.1485561667629987,3.9229096716191365,3.9229096716191365,3.9229096716191365,-0.8631465462182563,-0.8631465462182563,-0.8631465462182563,-3.069182056596164,-3.069182056596164,-3.069182056596164,-2.192987420419229,-2.192987420419229,-2.192987420419229,0.0,0.0,0.0,0.5193566762389306,0.5193566762389306,0.5193566762389306,1.642294193971109,1.642294193971109,1.642294193971109,-0.46615188550394415,-0.46615188550394415,-0.46615188550394415,0.34797177776514066,0.34797177776514066,0.34797177776514066,3.2047582827273047,3.2047582827273047,3.2047582827273047,-2.0565188524299147,-2.0565188524299147,-2.0565188524299147,-7.207042064513275,-7.207042064513275,-7.207042064513275,0.0,0.0,0.0,54.01251190594452
288,2018-03-26 18:00:00,57.274532872245075,49.96365044974897,70.31489321054285,57.274532872245075,57.274532872245075,0.0,0.0,0.0,0.0,0.0,0.0,0.0,0.0,0.0,0.0,0.0,0.0,0.0,0.0,0.0,0.0,0.0,0.0,0.0,0.0,0.0,0.0,0.0,0.0,0.0,0.0,0.0,0.0,0.0,0.0,2.916258855543919,2.916258855543919,2.916258855543919,6.014183840014163,6.014183840014163,6.014183840014163,-1.3119360101057926,-1.3119360101057926,-1.3119360101057926,0.2784850375779011,0.2784850375779011,0.2784850375779011,-1.3406358073901223,-1.3406358073901223,-1.3406358073901223,0.0,0.0,0.0,0.8008509016868226,0.8008509016868226,0.8008509016868226,2.993568305720667,2.993568305720667,2.993568305720667,0.1694726604558733,0.1694726604558733,0.1694726604558733,0.6090037474092236,0.6090037474092236,0.6090037474092236,3.7272964972759732,3.7272964972759732,3.7272964972759732,-1.6418387601987703,-1.6418387601987703,-1.6418387601987703,-7.10370651932412,-7.10370651932412,-7.10370651932412,0.0,0.0,0.0,60.19079172778899
289,2018-03-26 19:00:00,57.27427332233972,52.145274045801486,71.75629638843385,57.27427332233972,57.27427332233972,0.0,0.0,0.0,0.0,0.0,0.0,0.0,0.0,0.0,0.0,0.0,0.0,0.0,0.0,0.0,0.0,0.0,0.0,0.0,0.0,0.0,0.0,0.0,0.0,0.0,0.0,0.0,0.0,0.0,0.0,4.5017214250170445,4.5017214250170445,4.5017214250170445,6.27222463608667,6.27222463608667,6.27222463608667,-1.513197064565751,-1.513197064565751,-1.513197064565751,1.3683316899835796,1.3683316899835796,1.3683316899835796,-0.9055326698254023,-0.9055326698254023,-0.9055326698254023,0.0,0.0,0.0,0.9342946597151096,0.9342946597151096,0.9342946597151096,3.2220672575758953,3.2220672575758953,3.2220672575758953,0.322406995076835,0.322406995076835,0.322406995076835,0.826302966548046,0.826302966548046,0.826302966548046,3.9691446809093485,3.9691446809093485,3.9691446809093485,-1.518010454541153,-1.518010454541153,-1.518010454541153,-7.107979581962553,-7.107979581962553,-7.107979581962553,0.0,0.0,0.0,61.77599474735676
290,2018-03-26 20:00:00,57.274013772434344,48.24810636071549,67.56505063142548,57.274013772434344,57.274013772434344,0.0,0.0,0.0,0.0,0.0,0.0,0.0,0.0,0.0,0.0,0.0,0.0,0.0,0.0,0.0,0.0,0.0,0.0,0.0,0.0,0.0,0.0,0.0,0.0,0.0,0.0,0.0,0.0,0.0,0.0,0.6882135590937274,0.6882135590937274,0.6882135590937274,4.299262175216974,4.299262175216974,4.299262175216974,-1.714458119025709,-1.714458119025709,-1.714458119025709,-0.6823155161664197,-0.6823155161664197,-0.6823155161664197,-2.0523161331742767,-2.0523161331742767,-2.0523161331742767,0.0,0.0,0.0,1.0677384177433966,1.0677384177433966,1.0677384177433966,2.497043332139519,2.497043332139519,2.497043332139519,0.3310718298995524,0.3310718298995524,0.3310718298995524,0.522136706445188,0.522136706445188,0.522136706445188,4.1835394147750185,4.1835394147750185,4.1835394147750185,-1.33353155019409,-1.33353155019409,-1.33353155019409,-7.1122725147318455,-7.1122725147318455,-7.1122725147318455,0.0,0.0,0.0,57.96222733152807
291,2018-03-26 21:00:00,57.27375422252898,43.77125952431706,62.93596608470275,57.27375422252898,57.27375422252898,0.0,0.0,0.0,0.0,0.0,0.0,0.0,0.0,0.0,0.0,0.0,0.0,0.0,0.0,0.0,0.0,0.0,0.0,0.0,0.0,0.0,0.0,0.0,0.0,0.0,0.0,0.0,0.0,0.0,0.0,-3.7253511120442258,-3.7253511120442258,-3.7253511120442258,1.0881158819390997,1.0881158819390997,1.0881158819390997,-1.9157191734856678,-1.9157191734856678,-1.9157191734856678,-2.067375548349575,-2.067375548349575,-2.067375548349575,-2.531266873749395,-2.531266873749395,-2.531266873749395,0.0,0.0,0.0,1.2011821757716834,1.2011821757716834,1.2011821757716834,1.670765131828907,1.670765131828907,1.670765131828907,0.33627073079318287,0.33627073079318287,0.33627073079318287,0.20217643889432338,0.20217643889432338,0.20217643889432338,4.370493715906333,4.370493715906333,4.370493715906333,-1.030783978402609,-1.030783978402609,-1.030783978402609,-7.116585161540084,-7.116585161540084,-7.116585161540084,0.0,0.0,0.0,53.548403110484756
292,2018-03-26 22:00:00,57.27349467262361,39.759004154706304,60.0838932756852,57.27349467262361,57.27349467262361,0.0,0.0,0.0,0.0,0.0,0.0,0.0,0.0,0.0,0.0,0.0,0.0,0.0,0.0,0.0,0.0,0.0,0.0,0.0,0.0,0.0,0.0,0.0,0.0,0.0,0.0,0.0,0.0,0.0,0.0,-7.478678952741148,-7.478678952741148,-7.478678952741148,-1.99210837247039,-1.99210837247039,-1.99210837247039,-2.1169802279456253,-2.1169802279456253,-2.1169802279456253,-2.895902611840087,-2.895902611840087,-2.895902611840087,-2.779736624141651,-2.779736624141651,-2.779736624141651,0.0,0.0,0.0,1.3346259337999704,1.3346259337999704,1.3346259337999704,1.2549186981208134,1.2549186981208134,1.2549186981208134,0.33713721427545457,0.33713721427545457,0.33713721427545457,-0.07198120705732237,-0.07198120705732237,-0.07198120705732237,4.530249396378117,4.530249396378117,4.530249396378117,-0.8538863988917267,-0.8538863988917267,-0.8538863988917267,-7.120917364808788,-7.120917364808788,-7.120917364808788,0.0,0.0,0.0,49.794815719882465
293,2018-03-26 23:00:00,57.27323512271825,36.95276137542185,56.96842900258335,57.27323512271825,57.27323512271825,0.0,0.0,0.0,0.0,0.0,0.0,0.0,0.0,0.0,0.0,0.0,0.0,0.0,0.0,0.0,0.0,0.0,0.0,0.0,0.0,0.0,0.0,0.0,0.0,0.0,0.0,0.0,0.0,0.0,0.0,-9.946708766044914,-9.946708766044914,-9.946708766044914,-4.190999936361198,-4.190999936361198,-4.190999936361198,-2.3182412824055842,-2.3182412824055842,-2.3182412824055842,-3.2937082366660237,-3.2937082366660237,-3.2937082366660237,-2.7847959629505437,-2.7847959629505437,-2.7847959629505437,0.0,0.0,0.0,1.4680696918282574,1.4680696918282574,1.4680696918282574,1.049702814819554,1.049702814819554,1.049702814819554,0.33757045601659047,0.33757045601659047,0.33757045601659047,-0.3402161002159657,-0.3402161002159657,-0.3402161002159657,4.663268372459784,4.663268372459784,4.663268372459784,-0.705797853758331,-0.705797853758331,-0.705797853758331,-7.125268965477478,-7.125268965477478,-7.125268965477478,0.0,0.0,0.0,47.326526356673334
294,2018-03-27 00:00:00,57.27297557281288,33.6995196676699,53.95880541065993,57.27297557281288,57.27297557281288,0.0,0.0,0.0,0.0,0.0,0.0,0.0,0.0,0.0,0.0,0.0,0.0,0.0,0.0,0.0,0.0,0.0,0.0,0.0,0.0,0.0,0.0,0.0,0.0,0.0,0.0,0.0,0.0,0.0,0.0,-13.417717599744787,-13.417717599744787,-13.417717599744787,-5.635900175984066,-5.635900175984066,-5.635900175984066,-2.5195023368655414,-2.5195023368655414,-2.5195023368655414,-5.42239946187862,-5.42239946187862,-5.42239946187862,-2.8657453838928166,-2.8657453838928166,-2.8657453838928166,0.0,0.0,0.0,0.0001883535171012207,0.0001883535171012207,0.0001883535171012207,0.7865499934886512,0.7865499934886512,0.7865499934886512,0.34970122476839477,0.34970122476839477,0.34970122476839477,-0.5193464680221058,-0.5193464680221058,-0.5193464680221058,4.7702218411332495,4.7702218411332495,4.7702218411332495,-0.6542448448723026,-0.6542448448723026,-0.6542448448723026,-7.129639803015351,-7.129639803015351,-7.129639803015351,0.0,0.0,0.0,43.85525797306809
295,2018-03-27 01:00:00,57.27271602290752,30.620645654147747,50.301818020032606,57.27271602290752,57.27271602290752,0.0,0.0,0.0,0.0,0.0,0.0,0.0,0.0,0.0,0.0,0.0,0.0,0.0,0.0,0.0,0.0,0.0,0.0,0.0,0.0,0.0,0.0,0.0,0.0,0.0,0.0,0.0,0.0,0.0,0.0,-16.543400035468835,-16.543400035468835,-16.543400035468835,-6.750924170723547,-6.750924170723547,-6.750924170723547,-2.5195023368655414,-2.5195023368655414,-2.5195023368655414,-7.510423625049039,-7.510423625049039,-7.510423625049039,-2.9927910028716624,-2.9927910028716624,-2.9927910028716624,0.0,0.0,0.0,-1.4676929847940547,-1.4676929847940547,-1.4676929847940547,0.7064129203261539,0.7064129203261539,0.7064129203261539,0.37179655356632413,0.37179655356632413,0.37179655356632413,-0.5955525539587371,-0.5955525539587371,-0.5955525539587371,4.851977475723997,4.851977475723997,4.851977475723997,-1.0130942204515205,-1.0130942204515205,-1.0130942204515205,-7.134029715420246,-7.134029715420246,-7.134029715420246,0.0,0.0,0.0,40.72931598743868
296,2018-03-27 02:00:00,57.27245647300215,29.65375654194248,49.656845308246744,57.27245647300215,57.27245647300215,0.0,0.0,0.0,0.0,0.0,0.0,0.0,0.0,0.0,0.0,0.0,0.0,0.0,0.0,0.0,0.0,0.0,0.0,0.0,0.0,0.0,0.0,0.0,0.0,0.0,0.0,0.0,0.0,0.0,0.0,-17.378527383406627,-17.378527383406627,-17.378527383406627,-7.525990349867733,-7.525990349867733,-7.525990349867733,-2.5195023368655414,-2.5195023368655414,-2.5195023368655414,-7.623683308338427,-7.623683308338427,-7.623683308338427,-3.038887200908235,-3.038887200908235,-3.038887200908235,0.0,0.0,0.0,-1.334249226765768,-1.334249226765768,-1.334249226765768,0.7129105208528429,0.7129105208528429,0.7129105208528429,0.42291907902035664,0.42291907902035664,0.42291907902035664,-0.6324052380040854,-0.6324052380040854,-0.6324052380040854,4.9095848140280385,4.9095848140280385,4.9095848140280385,-1.234468905667996,-1.234468905667996,-1.234468905667996,-7.138438539228505,-7.138438539228505,-7.138438539228505,0.0,0.0,0.0,39.893929089595524
297,2018-03-27 03:00:00,57.272196923096786,29.704082852932157,49.96621443173757,57.272196923096786,57.272196923096786,0.0,0.0,0.0,0.0,0.0,0.0,0.0,0.0,0.0,0.0,0.0,0.0,0.0,0.0,0.0,0.0,0.0,0.0,0.0,0.0,0.0,0.0,0.0,0.0,0.0,0.0,0.0,0.0,0.0,0.0,-17.041661677009063,-17.041661677009063,-17.041661677009063,-7.40217965727231,-7.40217965727231,-7.40217965727231,-2.5195023368655414,-2.5195023368655414,-2.5195023368655414,-7.440874941318437,-7.440874941318437,-7.440874941318437,-3.0079690192983386,-3.0079690192983386,-3.0079690192983386,0.0,0.0,0.0,-1.200805468737481,-1.200805468737481,-1.200805468737481,0.794130527436455,0.794130527436455,0.794130527436455,0.5126001194354814,0.5126001194354814,0.5126001194354814,-0.5740990271751949,-0.5740990271751949,-0.5740990271751949,4.944259031101381,4.944259031101381,4.944259031101381,-1.4452297361138184,-1.4452297361138184,-1.4452297361138184,-7.142866109519696,-7.142866109519696,-7.142866109519696,0.0,0.0,0.0,40.230535246087726
298,2018-03-27 04:00:00,57.27193737319141,33.51072636402827,52.35488236073356,57.27193737319141,57.27193737319141,0.0,0.0,0.0,0.0,0.0,0.0,0.0,0.0,0.0,0.0,0.0,0.0,0.0,0.0,0.0,0.0,0.0,0.0,0.0,0.0,0.0,0.0,0.0,0.0,0.0,0.0,0.0,0.0,0.0,0.0,-13.790692821205093,-13.790692821205093,-13.790692821205093,-5.863138255035666,-5.863138255035666,-5.863138255035666,-2.5195023368655414,-2.5195023368655414,-2.5195023368655414,-5.737605611991487,-5.737605611991487,-5.737605611991487,-2.795476789324871,-2.795476789324871,-2.795476789324871,0.0,0.0,0.0,-1.0673617107091942,-1.0673617107091942,-1.0673617107091942,1.6772627323555958,1.6772627323555958,1.6772627323555958,0.5702212710065521,0.5702212710065521,0.5702212710065521,-0.2520328919645962,-0.2520328919645962,-0.2520328919645962,4.9573633057437965,4.9573633057437965,4.9573633057437965,-1.3507158864894329,-1.3507158864894329,-1.3507158864894329,-7.147312259921734,-7.147312259921734,-7.147312259921734,0.0,0.0,0.0,43.48124455198632
299,2018-03-27 05:00:00,57.271677823286055,38.388458081429114,59.10686283153638,57.271677823286055,57.271677823286055,0.0,0.0,0.0,0.0,0.0,0.0,0.0,0.0,0.0,0.0,0.0,0.0,0.0,0.0,0.0,0.0,0.0,0.0,0.0,0.0,0.0,0.0,0.0,0.0,0.0,0.0,0.0,0.0,0.0,0.0,-8.641721994172391,-8.641721994172391,-8.641721994172391,-3.093909652830156,-3.093909652830156,-3.093909652830156,-2.5195023368655414,-2.5195023368655414,-2.5195023368655414,-3.34642552244546,-3.34642552244546,-3.34642552244546,-2.282234974600595,-2.282234974600595,-2.282234974600595,0.0,0.0,0.0,-0.9339179526809073,-0.9339179526809073,-0.9339179526809073,2.813801357815606,2.813801357815606,2.813801357815606,0.567188578818601,0.567188578818601,0.567188578818601,0.25837678206347975,0.25837678206347975,0.25837678206347975,4.950390003720811,4.950390003720811,4.950390003720811,-1.2501369769961026,-1.2501369769961026,-1.2501369769961026,-7.151776822617586,-7.151776822617586,-7.151776822617586,0.0,0.0,0.0,48.62995582911366
300,2018-03-27 06:00:00,57.27141827338069,43.12070562970554,63.91883571288678,57.27141827338069,57.27141827338069,0.0,0.0,0.0,0.0,0.0,0.0,0.0,0.0,0.0,0.0,0.0,0.0,0.0,0.0,0.0,0.0,0.0,0.0,0.0,0.0,0.0,0.0,0.0,0.0,0.0,0.0,0.0,0.0,0.0,0.0,-3.991805381666975,-3.991805381666975,-3.991805381666975,-0.013090944041694927,-0.013090944041694927,-0.013090944041694927,-2.5195023368655414,-2.5195023368655414,-2.5195023368655414,-1.7473957212687061,-1.7473957212687061,-1.7473957212687061,-1.658249854837237,-1.658249854837237,-1.658249854837237,0.0,0.0,0.0,-0.8004741946526202,-0.8004741946526202,-0.8004741946526202,3.3731364698214135,3.3731364698214135,3.3731364698214135,0.4957036915311827,0.4957036915311827,0.4957036915311827,0.5449064005160639,0.5449064005160639,0.5449064005160639,4.924940911997067,4.924940911997067,4.924940911997067,-1.1829158967819675,-1.1829158967819675,-1.1829158967819675,-7.15625962835364,-7.15625962835364,-7.15625962835364,0.0,0.0,0.0,53.27961289171371
301,2018-03-27 07:00:00,57.27115872347532,46.94021422484327,66.57107544933729,57.27115872347532,57.27115872347532,0.0,0.0,0.0,0.0,0.0,0.0,0.0,0.0,0.0,0.0,0.0,0.0,0.0,0.0,0.0,0.0,0.0,0.0,0.0,0.0,0.0,0.0,0.0,0.0,0.0,0.0,0.0,0.0,0.0,0.0,-0.9360289545554267,-0.9360289545554267,-0.9360289545554267,2.3684656728150317,2.3684656728150317,2.3684656728150317,-2.5195023368655414,-2.5195023368655414,-2.5195023368655414,-1.026440887388941,-1.026440887388941,-1.026440887388941,-1.3704296914869312,-1.3704296914869312,-1.3704296914869312,0.0,0.0,0.0,-0.6670304366243334,-0.6670304366243334,-0.6670304366243334,3.686645695234156,3.686645695234156,3.686645695234156,0.015671842352639808,0.015671842352639808,0.015671842352639808,0.7841856133533621,0.7841856133533621,0.7841856133533621,4.882706766459973,4.882706766459973,4.882706766459973,-0.955981573352293,-0.955981573352293,-0.955981573352293,-7.160760506441489,-7.160760506441489,-7.160760506441489,0.0,0.0,0.0,56.33512976891989
302,2018-03-27 08:00:00,57.27089917356995,46.60872182651937,66.47022770654895,57.27089917356995,57.27089917356995,0.0,0.0,0.0,0.0,0.0,0.0,0.0,0.0,0.0,0.0,0.0,0.0,0.0,0.0,0.0,0.0,0.0,0.0,0.0,0.0,0.0,0.0,0.0,0.0,0.0,0.0,0.0,0.0,0.0,0.0,-0.9996146546315248,-0.9996146546315248,-0.9996146546315248,3.6338447746577724,3.6338447746577724,3.6338447746577724,-2.5195023368655414,-2.5195023368655414,-2.5195023368655414,-2.293626465741433,-2.293626465741433,-2.293626465741433,-1.3119662208064005,-1.3119662208064005,-1.3119662208064005,0.0,0.0,0.0,-0.5335866785960465,-0.5335866785960465,-0.5335866785960465,2.9849048383517482,2.9849048383517482,2.9849048383517482,-0.8958687809972284,-0.8958687809972284,-0.8958687809972284,0.851441761736123,0.851441761736123,0.851441761736123,4.825446321219656,4.825446321219656,4.825446321219656,-0.869049048564088,-0.869049048564088,-0.869049048564088,-7.165279284767519,-7.165279284767519,-7.165279284767519,0.0,0.0,0.0,56.27128451893843
303,2018-03-27 09:00:00,57.270639623664586,44.66202013344837,65.32940962760004,57.270639623664586,57.270639623664586,0.0,0.0,0.0,0.0,0.0,0.0,0.0,0.0,0.0,0.0,0.0,0.0,0.0,0.0,0.0,0.0,0.0,0.0,0.0,0.0,0.0,0.0,0.0,0.0,0.0,0.0,0.0,0.0,0.0,0.0,-1.81009917803056,-1.81009917803056,-1.81009917803056,4.043933622052389,4.043933622052389,4.043933622052389,-2.5195023368655414,-2.5195023368655414,-2.5195023368655414,-3.4391822197554034,-3.4391822197554034,-3.4391822197554034,-1.5025346492746692,-1.5025346492746692,-1.5025346492746692,0.0,0.0,0.0,-0.4001429205677595,-0.4001429205677595,-0.4001429205677595,2.615624541751593,2.615624541751593,2.615624541751593,-1.498941284658358,-1.498941284658358,-1.498941284658358,0.8430182910971862,0.8430182910971862,0.8430182910971862,4.754965209469971,4.754965209469971,4.754965209469971,-0.9767038612378535,-0.9767038612378535,-0.9767038612378535,-7.169815789797517,-7.169815789797517,-7.169815789797517,0.0,0.0,0.0,55.460540445634024
304,2018-03-27 10:00:00,57.27038007375923,43.955741500026,63.52542467044503,57.27038007375923,57.27038007375923,0.0,0.0,0.0,0.0,0.0,0.0,0.0,0.0,0.0,0.0,0.0,0.0,0.0,0.0,0.0,0.0,0.0,0.0,0.0,0.0,0.0,0.0,0.0,0.0,0.0,0.0,0.0,0.0,0.0,0.0,-3.667369384896145,-3.667369384896145,-3.667369384896145,4.012082205873964,4.012082205873964,4.012082205873964,-2.5195023368655414,-2.5195023368655414,-2.5195023368655414,-5.1781765896913905,-5.1781765896913905,-5.1781765896913905,-2.2569382805561347,-2.2569382805561347,-2.2569382805561347,0.0,0.0,0.0,-0.2666991625394726,-0.2666991625394726,-0.2666991625394726,1.940957020397056,1.940957020397056,1.940957020397056,-1.7120962212972053,-1.7120962212972053,-1.7120962212972053,0.7578622676066846,0.7578622676066846,0.7578622676066846,4.673094845506333,4.673094845506333,4.673094845506333,-1.1217598764367767,-1.1217598764367767,-1.1217598764367767,-7.174369846585052,-7.174369846585052,-7.174369846585052,0.0,0.0,0.0,53.60301068886308
305,2018-03-27 11:00:00,57.270120523853855,43.055343405016075,62.06105726484655,57.270120523853855,57.270120523853855,0.0,0.0,0.0,0.0,0.0,0.0,0.0,0.0,0.0,0.0,0.0,0.0,0.0,0.0,0.0,0.0,0.0,0.0,0.0,0.0,0.0,0.0,0.0,0.0,0.0,0.0,0.0,0.0,0.0,0.0,-4.740987644472594,-4.740987644472594,-4.740987644472594,3.5895625236263675,3.5895625236263675,3.5895625236263675,-2.5195023368655414,-2.5195023368655414,-2.5195023368655414,-5.733280502616723,-5.733280502616723,-5.733280502616723,-2.6065948071262324,-2.6065948071262324,-2.6065948071262324,0.0,0.0,0.0,-0.1332554045111857,-0.1332554045111857,-0.1332554045111857,1.897639683552463,1.897639683552463,1.897639683552463,-1.8178072061343575,-1.8178072061343575,-1.8178072061343575,0.6832355824148539,0.6832355824148539,0.6832355824148539,4.581671613292126,4.581671613292126,4.581671613292126,-1.2369960139467229,-1.2369960139467229,-1.2369960139467229,-7.178941278774364,-7.178941278774364,-7.178941278774364,0.0,0.0,0.0,52.52913287938126
306,2018-03-27 12:00:00,57.26986097394849,41.40366648091665,59.83679757685385,57.26986097394849,57.26986097394849,0.0,0.0,0.0,0.0,0.0,0.0,0.0,0.0,0.0,0.0,0.0,0.0,0.0,0.0,0.0,0.0,0.0,0.0,0.0,0.0,0.0,0.0,0.0,0.0,0.0,0.0,0.0,0.0,0.0,0.0,-6.442918637398485,-6.442918637398485,-6.442918637398485,2.542010672019518,2.542010672019518,2.542010672019518,-2.5195023368655414,-2.5195023368655414,-2.5195023368655414,-6.283915981283047,-6.283915981283047,-6.283915981283047,-2.8247085246651364,-2.8247085246651364,-2.8247085246651364,0.0,0.0,0.0,0.0001883535171012207,0.0001883535171012207,0.0001883535171012207,1.730326469990222,1.730326469990222,1.730326469990222,-1.866763522882711,-1.866763522882711,-1.866763522882711,0.5563570559158687,0.5563570559158687,0.5563570559158687,4.482516580479169,4.482516580479169,4.482516580479169,-1.3598134762928498,-1.3598134762928498,-1.3598134762928498,-7.1835299086141235,-7.1835299086141235,-7.1835299086141235,0.0,0.0,0.0,50.826942336550005
307,2018-03-27 13:00:00,57.269601424043124,39.68018365974907,59.18875052604578,57.269601424043124,57.269601424043124,0.0,0.0,0.0,0.0,0.0,0.0,0.0,0.0,0.0,0.0,0.0,0.0,0.0,0.0,0.0,0.0,0.0,0.0,0.0,0.0,0.0,0.0,0.0,0.0,0.0,0.0,0.0,0.0,0.0,0.0,-8.065167276814817,-8.065167276814817,-8.065167276814817,0.9294774741398552,0.9294774741398552,0.9294774741398552,-2.5195023368655414,-2.5195023368655414,-2.5195023368655414,-6.183925161087373,-6.183925161087373,-6.183925161087373,-2.8145898470473525,-2.8145898470473525,-2.8145898470473525,0.0,0.0,0.0,0.13363211154538815,0.13363211154538815,0.13363211154538815,1.7698535398609134,1.7698535398609134,1.7698535398609134,-1.806109679123689,-1.806109679123689,-1.806109679123689,0.4404027179017544,0.4404027179017544,0.4404027179017544,4.377415967087814,4.377415967087814,4.377415967087814,-1.3876116673588454,-1.3876116673588454,-1.3876116673588454,-7.188135556955114,-7.188135556955114,-7.188135556955114,0.0,0.0,0.0,49.204434147228305
308,2018-03-27 14:00:00,57.26934187413776,36.875234787225324,57.994179924640825,57.26934187413776,57.26934187413776,0.0,0.0,0.0,0.0,0.0,0.0,0.0,0.0,0.0,0.0,0.0,0.0,0.0,0.0,0.0,0.0,0.0,0.0,0.0,0.0,0.0,0.0,0.0,0.0,0.0,0.0,0.0,0.0,0.0,0.0,-9.568843534712553,-9.568843534712553,-9.568843534712553,-0.49507637956007894,-0.49507637956007894,-0.49507637956007894,-2.5195023368655414,-2.5195023368655414,-2.5195023368655414,-6.149111697458785,-6.149111697458785,-6.149111697458785,-2.808968359481917,-2.808968359481917,-2.808968359481917,0.0,0.0,0.0,0.2670758695736751,0.2670758695736751,0.2670758695736751,1.6929652669617608,1.6929652669617608,1.6929652669617608,-1.6835022663822383,-1.6835022663822383,-1.6835022663822383,0.3490607081607836,0.3490607081607836,0.3490607081607836,4.268102585568414,4.268102585568414,4.268102585568414,-1.4462405794253093,-1.4462405794253093,-1.4462405794253093,-7.192758043262101,-7.192758043262101,-7.192758043262101,0.0,0.0,0.0,47.70049833942521
309,2018-03-27 15:00:00,57.269082324232386,37.01266166712585,57.632924689499255,57.269082324232386,57.269082324232386,0.0,0.0,0.0,0.0,0.0,0.0,0.0,0.0,0.0,0.0,0.0,0.0,0.0,0.0,0.0,0.0,0.0,0.0,0.0,0.0,0.0,0.0,0.0,0.0,0.0,0.0,0.0,0.0,0.0,0.0,-9.701627598274396,-9.701627598274396,-9.701627598274396,-0.6370732387551378,-0.6370732387551378,-0.6370732387551378,-2.5195023368655414,-2.5195023368655414,-2.5195023368655414,-6.02339562801008,-6.02339562801008,-6.02339562801008,-2.7971632355945015,-2.7971632355945015,-2.7971632355945015,0.0,0.0,0.0,0.40051962760196197,0.40051962760196197,0.40051962760196197,1.5960427257719836,1.5960427257719836,1.5960427257719836,-1.4608160114384017,-1.4608160114384017,-1.4608160114384017,0.2861479118262245,0.2861479118262245,0.2861479118262245,4.156238454112306,4.156238454112306,4.156238454112306,-1.5286243093118057,-1.5286243093118057,-1.5286243093118057,-7.197397185621482,-7.197397185621482,-7.197397185621482,0.0,0.0,0.0,47.56745472595799
310,2018-03-27 16:00:00,57.26882277432702,38.668497089618576,58.66956089212563,57.26882277432702,57.26882277432702,0.0,0.0,0.0,0.0,0.0,0.0,0.0,0.0,0.0,0.0,0.0,0.0,0.0,0.0,0.0,0.0,0.0,0.0,0.0,0.0,0.0,0.0,0.0,0.0,0.0,0.0,0.0,0.0,0.0,0.0,-7.851561025142457,-7.851561025142457,-7.851561025142457,1.0239208092966894,1.0239208092966894,1.0239208092966894,-2.5195023368655414,-2.5195023368655414,-2.5195023368655414,-5.716827801802259,-5.716827801802259,-5.716827801802259,-2.7662450539846053,-2.7662450539846053,-2.7662450539846053,0.0,0.0,0.0,0.5339633856302489,0.5339633856302489,0.5339633856302489,1.414109911024693,1.414109911024693,1.414109911024693,-1.1493151995617117,-1.1493151995617117,-1.1493151995617117,0.19770147011738823,0.19770147011738823,0.19770147011738823,4.043398768108321,4.043398768108321,4.043398768108321,-1.4275399781627303,-1.4275399781627303,-1.4275399781627303,-7.202052800745209,-7.202052800745209,-7.202052800745209,0.0,0.0,0.0,49.41726174918456
311,2018-03-27 17:00:00,57.26856322442166,44.42529569645669,63.72534177162619,57.26856322442166,57.26856322442166,0.0,0.0,0.0,0.0,0.0,0.0,0.0,0.0,0.0,0.0,0.0,0.0,0.0,0.0,0.0,0.0,0.0,0.0,0.0,0.0,0.0,0.0,0.0,0.0,0.0,0.0,0.0,0.0,0.0,0.0,-3.4216801086842836,-3.4216801086842836,-3.4216801086842836,3.783306845019627,3.783306845019627,3.783306845019627,-2.5195023368655414,-2.5195023368655414,-2.5195023368655414,-3.9293196443601355,-3.9293196443601355,-3.9293196443601355,-2.5194617498619802,-2.5194617498619802,-2.5194617498619802,0.0,0.0,0.0,0.6674071436585358,0.6674071436585358,0.6674071436585358,1.8077562095999322,1.8077562095999322,1.8077562095999322,-0.5562072559467072,-0.5562072559467072,-0.5562072559467072,0.18861991583478452,0.18861991583478452,0.18861991583478452,3.931057394635132,3.931057394635132,3.931057394635132,-0.9979315707791593,-0.9979315707791593,-0.9979315707791593,-7.206724703978907,-7.206724703978907,-7.206724703978907,0.0,0.0,0.0,53.84688311573738
312,2018-03-27 18:00:00,57.27323007433552,48.5904297613018,69.32718005996293,57.27323007433552,57.27323007433552,0.0,0.0,0.0,0.0,0.0,0.0,0.0,0.0,0.0,0.0,0.0,0.0,0.0,0.0,0.0,0.0,0.0,0.0,0.0,0.0,0.0,0.0,0.0,0.0,0.0,0.0,0.0,0.0,0.0,0.0,1.2567058004905678,1.2567058004905678,1.2567058004905678,6.1350064319591,6.1350064319591,6.1350064319591,-2.3208419095171005,-2.3208419095171005,-2.3208419095171005,-1.3706903491684768,-1.3706903491684768,-1.3706903491684768,-2.2492661976530632,-2.2492661976530632,-2.2492661976530632,0.0,0.0,0.0,0.6467737464294792,0.6467737464294792,0.6467737464294792,2.694315081668092,2.694315081668092,2.694315081668092,0.11381086032228928,0.11381086032228928,0.11381086032228928,0.40033427796490534,0.40033427796490534,0.40033427796490534,3.63623955195126,3.63623955195126,3.63623955195126,-0.6558162083830786,-0.6558162083830786,-0.6558162083830786,-7.1438498342513155,-7.1438498342513155,-7.1438498342513155,0.0,0.0,0.0,58.52993587482609
313,2018-03-27 19:00:00,57.272962599372576,49.93810271743179,70.0640553750868,57.272962599372576,57.272962599372576,0.0,0.0,0.0,0.0,0.0,0.0,0.0,0.0,0.0,0.0,0.0,0.0,0.0,0.0,0.0,0.0,0.0,0.0,0.0,0.0,0.0,0.0,0.0,0.0,0.0,0.0,0.0,0.0,0.0,0.0,2.369338028740298,2.369338028740298,2.369338028740298,6.408131177182251,6.408131177182251,6.408131177182251,-2.3208419095171005,-2.3208419095171005,-2.3208419095171005,-0.42272011623145855,-0.42272011623145855,-0.42272011623145855,-1.959871861565068,-1.959871861565068,-1.959871861565068,0.0,0.0,0.0,0.7545440396415912,0.7545440396415912,0.7545440396415912,2.961301732083375,2.961301732083375,2.961301732083375,0.2897862765659654,0.2897862765659654,0.2897862765659654,0.6540865057873594,0.6540865057873594,0.6540865057873594,3.5323713109948023,3.5323713109948023,3.5323713109948023,-0.8017248992275812,-0.8017248992275812,-0.8017248992275812,-7.1484443432052975,-7.1484443432052975,-7.1484443432052975,0.0,0.0,0.0,59.64230062811288
314,2018-03-27 20:00:00,57.27269512440963,46.50941699148279,67.16700046184677,57.27269512440963,57.27269512440963,0.0,0.0,0.0,0.0,0.0,0.0,0.0,0.0,0.0,0.0,0.0,0.0,0.0,0.0,0.0,0.0,0.0,0.0,0.0,0.0,0.0,0.0,0.0,0.0,0.0,0.0,0.0,0.0,0.0,0.0,-0.9441421528684679,-0.9441421528684679,-0.9441421528684679,4.490266025080216,4.490266025080216,4.490266025080216,-2.3208419095171005,-2.3208419095171005,-2.3208419095171005,-1.7143622086844936,-1.7143622086844936,-1.7143622086844936,-2.2028063719368087,-2.2028063719368087,-2.2028063719368087,0.0,0.0,0.0,0.8623143328537035,0.8623143328537035,0.8623143328537035,2.214187827980104,2.214187827980104,2.214187827980104,0.3067320573894305,0.3067320573894305,0.3067320573894305,0.37418857803496614,0.37418857803496614,0.37418857803496614,3.4330100147545544,3.4330100147545544,3.4330100147545544,-0.9481367234887887,-0.9481367234887887,-0.9481367234887887,-7.153055984018745,-7.153055984018745,-7.153055984018745,0.0,0.0,0.0,56.328552971541164
315,2018-03-27 21:00:00,57.27242764944669,42.926886202817926,61.66264255482442,57.27242764944669,57.27242764944669,0.0,0.0,0.0,0.0,0.0,0.0,0.0,0.0,0.0,0.0,0.0,0.0,0.0,0.0,0.0,0.0,0.0,0.0,0.0,0.0,0.0,0.0,0.0,0.0,0.0,0.0,0.0,0.0,0.0,0.0,-5.070048073221434,-5.070048073221434,-5.070048073221434,1.3424781797343968,1.3424781797343968,1.3424781797343968,-2.3208419095171005,-2.3208419095171005,-2.3208419095171005,-2.593904984169112,-2.593904984169112,-2.593904984169112,-2.548176401658846,-2.548176401658846,-2.548176401658846,0.0,0.0,0.0,0.9700846260658157,0.9700846260658157,0.9700846260658157,1.931496080481569,1.931496080481569,1.931496080481569,0.30933910059304054,0.30933910059304054,0.30933910059304054,0.10641619227906639,0.10641619227906639,0.10641619227906639,3.339063302352225,3.339063302352225,3.339063302352225,-1.0422226724126578,-1.0422226724126578,-1.0422226724126578,-7.157684571138942,-7.157684571138942,-7.157684571138942,0.0,0.0,0.0,52.202379576225255
316,2018-03-27 22:00:00,57.272160174483744,38.112506106009526,58.09548366760119,57.272160174483744,57.272160174483744,0.0,0.0,0.0,0.0,0.0,0.0,0.0,0.0,0.0,0.0,0.0,0.0,0.0,0.0,0.0,0.0,0.0,0.0,0.0,0.0,0.0,0.0,0.0,0.0,0.0,0.0,0.0,0.0,0.0,0.0,-9.046679254150456,-9.046679254150456,-9.046679254150456,-1.7302861701510102,-1.7302861701510102,-1.7302861701510102,-2.3208419095171005,-2.3208419095171005,-2.3208419095171005,-3.4053558982553627,-3.4053558982553627,-3.4053558982553627,-2.7317766767785026,-2.7317766767785026,-2.7317766767785026,0.0,0.0,0.0,1.0778549192779279,1.0778549192779279,1.0778549192779279,1.4463207598739645,1.4463207598739645,1.4463207598739645,0.31020811499424383,0.31020811499424383,0.31020811499424383,-0.1358420321925448,-0.1358420321925448,-0.1358420321925448,3.251292731889879,3.251292731889879,3.251292731889879,-1.051279073913351,-1.051279073913351,-1.051279073913351,-7.162329917633963,-7.162329917633963,-7.162329917633963,0.0,0.0,0.0,48.22548092033329
317,2018-03-27 23:00:00,57.2718926995208,35.69680813042437,55.33911602847424,57.2718926995208,57.2718926995208,0.0,0.0,0.0,0.0,0.0,0.0,0.0,0.0,0.0,0.0,0.0,0.0,0.0,0.0,0.0,0.0,0.0,0.0,0.0,0.0,0.0,0.0,0.0,0.0,0.0,0.0,0.0,0.0,0.0,0.0,-11.902379559857733,-11.902379559857733,-11.902379559857733,-4.021652325080939,-4.021652325080939,-4.021652325080939,-2.3208419095171005,-2.3208419095171005,-2.3208419095171005,-3.8840465289971857,-3.8840465289971857,-3.8840465289971857,-2.815740217229565,-2.815740217229565,-2.815740217229565,0.0,0.0,0.0,1.1856252124900402,1.1856252124900402,1.1856252124900402,1.2354237418988667,1.2354237418988667,1.2354237418988667,0.3106426221948455,0.3106426221948455,0.3106426221948455,-0.37001656199982697,-0.37001656199982697,-0.37001656199982697,3.1703111294196136,3.1703111294196136,3.1703111294196136,-1.1091394168344468,-1.1091394168344468,-1.1091394168344468,-7.16699183519922,-7.16699183519922,-7.16699183519922,0.0,0.0,0.0,45.36951313966306
318,2018-03-28 00:00:00,57.27162522455786,32.72709309871387,53.03309767451581,57.27162522455786,57.27162522455786,0.0,0.0,0.0,0.0,0.0,0.0,0.0,0.0,0.0,0.0,0.0,0.0,0.0,0.0,0.0,0.0,0.0,0.0,0.0,0.0,0.0,0.0,0.0,0.0,0.0,0.0,0.0,0.0,0.0,0.0,-14.345148690090284,-14.345148690090284,-14.345148690090284,-5.639058447928904,-5.639058447928904,-5.639058447928904,-1.3931527586280616,-1.3931527586280616,-1.3931527586280616,-4.631002036384279,-4.631002036384279,-4.631002036384279,-2.82245730046565,-2.82245730046565,-2.82245730046565,0.0,0.0,0.0,0.00015198715680578284,0.00015198715680578284,0.00015198715680578284,0.9919947371084619,0.9919947371084619,0.9919947371084619,0.31194614379665053,0.31194614379665053,0.31194614379665053,-0.5414161504294287,-0.5414161504294287,-0.5414161504294287,3.0965819283915366,3.0965819283915366,3.0965819283915366,-1.1780686949230565,-1.1780686949230565,-1.1780686949230565,-7.171670134168639,-7.171670134168639,-7.171670134168639,0.0,0.0,0.0,42.926476534467575
319,2018-03-28 01:00:00,57.27135774959491,29.836871709737178,49.9529227287622,57.27135774959491,57.27135774959491,0.0,0.0,0.0,0.0,0.0,0.0,0.0,0.0,0.0,0.0,0.0,0.0,0.0,0.0,0.0,0.0,0.0,0.0,0.0,0.0,0.0,0.0,0.0,0.0,0.0,0.0,0.0,0.0,0.0,0.0,-17.313726137007144,-17.313726137007144,-17.313726137007144,-6.929478103012025,-6.929478103012025,-6.929478103012025,-1.3931527586280616,-1.3931527586280616,-1.3931527586280616,-6.238303872968084,-6.238303872968084,-6.238303872968084,-2.9489623680785844,-2.9489623680785844,-2.9489623680785844,0.0,0.0,0.0,-1.1853212381764286,-1.1853212381764286,-1.1853212381764286,0.9173955259630152,0.9173955259630152,0.9173955259630152,0.32628488141650563,0.32628488141650563,0.32628488141650563,-0.6260423289466235,-0.6260423289466235,-0.6260423289466235,3.0304204624915587,3.0304204624915587,3.0304204624915587,-1.3285055865179058,-1.3285055865179058,-1.3285055865179058,-7.176364623518592,-7.176364623518592,-7.176364623518592,0.0,0.0,0.0,39.95763161258777
320,2018-03-28 02:00:00,57.27109027463197,30.291326301381066,49.26344728656337,57.27109027463197,57.27109027463197,0.0,0.0,0.0,0.0,0.0,0.0,0.0,0.0,0.0,0.0,0.0,0.0,0.0,0.0,0.0,0.0,0.0,0.0,0.0,0.0,0.0,0.0,0.0,0.0,0.0,0.0,0.0,0.0,0.0,0.0,-18.155568668822273,-18.155568668822273,-18.155568668822273,-7.803313134671466,-7.803313134671466,-7.803313134671466,-1.3931527586280616,-1.3931527586280616,-1.3931527586280616,-6.143177573371684,-6.143177573371684,-6.143177573371684,-2.9439245556515203,-2.9439245556515203,-2.9439245556515203,0.0,0.0,0.0,-1.0775509449643164,-1.0775509449643164,-1.0775509449643164,0.9056167031505761,0.9056167031505761,0.9056167031505761,0.3562658782580208,0.3562658782580208,0.3562658782580208,-0.6649451095187071,-0.6649451095187071,-0.6649451095187071,2.9719971500982956,2.9719971500982956,2.9719971500982956,-1.3254867860176747,-1.3254867860176747,-1.3254867860176747,-7.181075110877418,-7.181075110877418,-7.181075110877418,0.0,0.0,0.0,39.115521605809704
321,2018-03-28 03:00:00,57.27082279966903,30.152707237428785,49.72398329314426,57.27082279966903,57.27082279966903,0.0,0.0,0.0,0.0,0.0,0.0,0.0,0.0,0.0,0.0,0.0,0.0,0.0,0.0,0.0,0.0,0.0,0.0,0.0,0.0,0.0,0.0,0.0,0.0,0.0,0.0,0.0,0.0,0.0,0.0,-17.660998812440177,-17.660998812440177,-17.660998812440177,-7.676680809621151,-7.676680809621151,-7.676680809621151,-1.3931527586280616,-1.3931527586280616,-1.3931527586280616,-5.719859085395817,-5.719859085395817,-5.719859085395817,-2.9013830284896485,-2.9013830284896485,-2.9013830284896485,0.0,0.0,0.0,-0.9697806517522043,-0.9697806517522043,-0.9697806517522043,0.9448794458587059,0.9448794458587059,0.9448794458587059,0.4540299983933964,0.4540299983933964,0.4540299983933964,-0.6024227835992869,-0.6024227835992869,-0.6024227835992869,2.9213424851069627,2.9213424851069627,2.9213424851069627,-1.2520293071787183,-1.2520293071787183,-1.2520293071787183,-7.185801402530174,-7.185801402530174,-7.185801402530174,0.0,0.0,0.0,39.60982398722885
322,2018-03-28 04:00:00,57.27055532470608,32.58029871237384,52.47824510053968,57.27055532470608,57.27055532470608,0.0,0.0,0.0,0.0,0.0,0.0,0.0,0.0,0.0,0.0,0.0,0.0,0.0,0.0,0.0,0.0,0.0,0.0,0.0,0.0,0.0,0.0,0.0,0.0,0.0,0.0,0.0,0.0,0.0,0.0,-14.980562364568712,-14.980562364568712,-14.980562364568712,-6.073757496884302,-6.073757496884302,-6.073757496884302,-1.3931527586280616,-1.3931527586280616,-1.3931527586280616,-4.594615291032631,-4.594615291032631,-4.594615291032631,-2.83589146693782,-2.83589146693782,-2.83589146693782,0.0,0.0,0.0,-0.862010358540092,-0.862010358540092,-0.862010358540092,1.4973623253945332,1.4973623253945332,1.4973623253945332,0.5139919920764268,0.5139919920764268,0.5139919920764268,-0.31823039305646894,-0.31823039305646894,-0.31823039305646894,2.878353726778783,2.878353726778783,2.878353726778783,-1.1966846313411483,-1.1966846313411483,-1.1966846313411483,-7.19054330343056,-7.19054330343056,-7.19054330343056,0.0,0.0,0.0,42.28999296013737
323,2018-03-28 05:00:00,57.27028784974314,37.17398360639568,57.032639600626126,57.27028784974314,57.27028784974314,0.0,0.0,0.0,0.0,0.0,0.0,0.0,0.0,0.0,0.0,0.0,0.0,0.0,0.0,0.0,0.0,0.0,0.0,0.0,0.0,0.0,0.0,0.0,0.0,0.0,0.0,0.0,0.0,0.0,0.0,-10.432613568862722,-10.432613568862722,-10.432613568862722,-3.2442620033425627,-3.2442620033425627,-3.2442620033425627,-1.3931527586280616,-1.3931527586280616,-1.3931527586280616,-2.8358541087218136,-2.8358541087218136,-2.8358541087218136,-2.3556200155577427,-2.3556200155577427,-2.3556200155577427,0.0,0.0,0.0,-0.7542400653279798,-0.7542400653279798,-0.7542400653279798,2.191191078679628,2.191191078679628,2.191191078679628,0.5283307296962819,0.5283307296962819,0.5283307296962819,0.11715234925512842,0.11715234925512842,0.11715234925512842,2.842803160406268,2.842803160406268,2.842803160406268,-1.1695154268390684,-1.1695154268390684,-1.1695154268390684,-7.1953006172046114,-7.1953006172046114,-7.1953006172046114,0.0,0.0,0.0,46.83767428088042
324,2018-03-28 06:00:00,57.270020374780195,40.84043232390735,60.81695010038734,57.270020374780195,57.270020374780195,0.0,0.0,0.0,0.0,0.0,0.0,0.0,0.0,0.0,0.0,0.0,0.0,0.0,0.0,0.0,0.0,0.0,0.0,0.0,0.0,0.0,0.0,0.0,0.0,0.0,0.0,0.0,0.0,0.0,0.0,-6.031518559244518,-6.031518559244518,-6.031518559244518,-0.14167372799935649,-0.14167372799935649,-0.14167372799935649,-1.3931527586280616,-1.3931527586280616,-1.3931527586280616,-1.5041194671069766,-1.5041194671069766,-1.5041194671069766,-2.032640263289322,-2.032640263289322,-2.032640263289322,0.0,0.0,0.0,-0.6464697721158675,-0.6464697721158675,-0.6464697721158675,2.8070552428728646,2.8070552428728646,2.8070552428728646,0.43795323197113467,0.43795323197113467,0.43795323197113467,0.3678731915784591,0.3678731915784591,0.3678731915784591,2.8143477820252847,2.8143477820252847,2.8143477820252847,-1.0447383394961836,-1.0447383394961836,-1.0447383394961836,-7.2000731461634695,-7.2000731461634695,-7.2000731461634695,0.0,0.0,0.0,51.23850181553568
325,2018-03-28 07:00:00,57.26975289981725,44.82819430236217,64.61853293280483,57.26975289981725,57.26975289981725,0.0,0.0,0.0,0.0,0.0,0.0,0.0,0.0,0.0,0.0,0.0,0.0,0.0,0.0,0.0,0.0,0.0,0.0,0.0,0.0,0.0,0.0,0.0,0.0,0.0,0.0,0.0,0.0,0.0,0.0,-2.842251848856396,-2.842251848856396,-2.842251848856396,2.2372976335443977,2.2372976335443977,2.2372976335443977,-1.3931527586280616,-1.3931527586280616,-1.3931527586280616,-0.6672290348185492,-0.6672290348185492,-0.6672290348185492,-1.88206564741375,-1.88206564741375,-1.88206564741375,0.0,0.0,0.0,-0.5386994789037552,-0.5386994789037552,-0.5386994789037552,3.264185747260377,3.264185747260377,3.264185747260377,-0.09040752396049534,-0.09040752396049534,-0.09040752396049534,0.5748915596227607,0.5748915596227607,0.5748915596227607,2.7925402437222098,2.7925402437222098,2.7925402437222098,-0.6019809327956243,-0.6019809327956243,-0.6019809327956243,-7.204860691304455,-7.204860691304455,-7.204860691304455,0.0,0.0,0.0,54.427501050960856
326,2018-03-28 08:00:00,57.26948542485431,44.79419003541619,64.64664163593498,57.26948542485431,57.26948542485431,0.0,0.0,0.0,0.0,0.0,0.0,0.0,0.0,0.0,0.0,0.0,0.0,0.0,0.0,0.0,0.0,0.0,0.0,0.0,0.0,0.0,0.0,0.0,0.0,0.0,0.0,0.0,0.0,0.0,0.0,-2.4349455893374063,-2.4349455893374063,-2.4349455893374063,3.512029308082621,3.512029308082621,3.512029308082621,-1.3931527586280616,-1.3931527586280616,-1.3931527586280616,-1.5141527268845287,-1.5141527268845287,-1.5141527268845287,-1.7225349205567313,-1.7225349205567313,-1.7225349205567313,0.0,0.0,0.0,-0.43092918569164307,-0.43092918569164307,-0.43092918569164307,2.698241355938905,2.698241355938905,2.698241355938905,-1.0176458900444578,-1.0176458900444578,-1.0176458900444578,0.5986374126992274,0.5986374126992274,0.5986374126992274,2.7768408817893024,2.7768408817893024,2.7768408817893024,-0.24676874060176637,-0.24676874060176637,-0.24676874060176637,-7.209663052324801,-7.209663052324801,-7.209663052324801,0.0,0.0,0.0,54.83453983551691
327,2018-03-28 09:00:00,57.26921794989136,44.230313112727266,64.38157418385805,57.26921794989136,57.26921794989136,0.0,0.0,0.0,0.0,0.0,0.0,0.0,0.0,0.0,0.0,0.0,0.0,0.0,0.0,0.0,0.0,0.0,0.0,0.0,0.0,0.0,0.0,0.0,0.0,0.0,0.0,0.0,0.0,0.0,0.0,-3.31985621573245,-3.31985621573245,-3.31985621573245,3.9606412763999863,3.9606412763999863,3.9606412763999863,-1.3931527586280616,-1.3931527586280616,-1.3931527586280616,-2.8326481022581036,-2.8326481022581036,-2.8326481022581036,-2.169220955756384,-2.169220955756384,-2.169220955756384,0.0,0.0,0.0,-0.3231588924795309,-0.3231588924795309,-0.3231588924795309,2.3964791334107067,2.3964791334107067,2.3964791334107067,-1.5877193372338483,-1.5877193372338483,-1.5877193372338483,0.5809543306210077,0.5809543306210077,0.5809543306210077,2.7666306377535466,2.7666306377535466,2.7666306377535466,-0.3368296221919938,-0.3368296221919938,-0.3368296221919938,-7.214480027627879,-7.214480027627879,-7.214480027627879,0.0,0.0,0.0,53.94936173415891
328,2018-03-28 10:00:00,57.268950474928424,43.415243969441505,63.153865152161785,57.268950474928424,57.268950474928424,0.0,0.0,0.0,0.0,0.0,0.0,0.0,0.0,0.0,0.0,0.0,0.0,0.0,0.0,0.0,0.0,0.0,0.0,0.0,0.0,0.0,0.0,0.0,0.0,0.0,0.0,0.0,0.0,0.0,0.0,-4.225450420164793,-4.225450420164793,-4.225450420164793,3.9801232626795504,3.9801232626795504,3.9801232626795504,-1.3931527586280616,-1.3931527586280616,-1.3931527586280616,-3.747486942111287,-3.747486942111287,-3.747486942111287,-2.492200708024804,-2.492200708024804,-2.492200708024804,0.0,0.0,0.0,-0.21538859926741863,-0.21538859926741863,-0.21538859926741863,2.233819199334169,2.233819199334169,2.233819199334169,-1.724589105423374,-1.724589105423374,-1.724589105423374,0.5244947756998344,0.5244947756998344,0.5244947756998344,2.7612246735972956,2.7612246735972956,2.7612246735972956,-0.6804697458016326,-0.6804697458016326,-0.6804697458016326,-7.219311414330351,-7.219311414330351,-7.219311414330351,0.0,0.0,0.0,53.04350005476363
329,2018-03-28 11:00:00,57.26868299996548,41.41557379422691,61.53330650295826,57.26868299996548,57.26868299996548,0.0,0.0,0.0,0.0,0.0,0.0,0.0,0.0,0.0,0.0,0.0,0.0,0.0,0.0,0.0,0.0,0.0,0.0,0.0,0.0,0.0,0.0,0.0,0.0,0.0,0.0,0.0,0.0,0.0,0.0,-5.799133186437523,-5.799133186437523,-5.799133186437523,3.5940589384788266,3.5940589384788266,3.5940589384788266,-1.3931527586280616,-1.3931527586280616,-1.3931527586280616,-4.928921591967887,-4.928921591967887,-4.928921591967887,-2.643335080836717,-2.643335080836717,-2.643335080836717,0.0,0.0,0.0,-0.10761830605530644,-0.10761830605530644,-0.10761830605530644,1.6504870219562398,1.6504870219562398,1.6504870219562398,-1.7862891279088111,-1.7862891279088111,-1.7862891279088111,0.4716981449234353,0.4716981449234353,0.4716981449234353,2.7598864753228782,2.7598864753228782,2.7598864753228782,-1.120711485418666,-1.120711485418666,-1.120711485418666,-7.224157008271341,-7.224157008271341,-7.224157008271341,0.0,0.0,0.0,51.469549813527955
330,2018-03-28 12:00:00,57.26841552500253,40.1325243176651,59.622058892183,57.26841552500253,57.26841552500253,0.0,0.0,0.0,0.0,0.0,0.0,0.0,0.0,0.0,0.0,0.0,0.0,0.0,0.0,0.0,0.0,0.0,0.0,0.0,0.0,0.0,0.0,0.0,0.0,0.0,0.0,0.0,0.0,0.0,0.0,-7.1988877705000975,-7.1988877705000975,-7.1988877705000975,2.5604417120311203,2.5604417120311203,2.5604417120311203,-1.3931527586280616,-1.3931527586280616,-1.3931527586280616,-5.2921551140838154,-5.2921551140838154,-5.2921551140838154,-2.796708481393991,-2.796708481393991,-2.796708481393991,0.0,0.0,0.0,0.00015198715680578284,0.00015198715680578284,0.00015198715680578284,1.4990450143677387,1.4990450143677387,1.4990450143677387,-1.7941102575196413,-1.7941102575196413,-1.7941102575196413,0.349053339938068,0.349053339938068,0.349053339938068,2.7618422355742704,2.7618422355742704,2.7618422355742704,-1.1564339580047338,-1.1564339580047338,-1.1564339580047338,-7.2290166040216715,-7.2290166040216715,-7.2290166040216715,0.0,0.0,0.0,50.06952775450243
331,2018-03-28 13:00:00,57.26814805003959,38.51390085976639,58.622401248974384,57.26814805003959,57.26814805003959,0.0,0.0,0.0,0.0,0.0,0.0,0.0,0.0,0.0,0.0,0.0,0.0,0.0,0.0,0.0,0.0,0.0,0.0,0.0,0.0,0.0,0.0,0.0,0.0,0.0,0.0,0.0,0.0,0.0,0.0,-8.846361139327135,-8.846361139327135,-8.846361139327135,0.9578907967435554,0.9578907967435554,0.9578907967435554,-1.3931527586280616,-1.3931527586280616,-1.3931527586280616,-5.336657246187262,-5.336657246187262,-5.336657246187262,-2.963516048423435,-2.963516048423435,-2.963516048423435,0.0,0.0,0.0,0.107922280368918,0.107922280368918,0.107922280368918,1.4693175091744404,1.4693175091744404,1.4693175091744404,-1.7454454510522541,-1.7454454510522541,-1.7454454510522541,0.2279242277022624,0.2279242277022624,0.2279242277022624,2.7662953050069947,2.7662953050069947,2.7662953050069947,-1.0397070053291317,-1.0397070053291317,-1.0397070053291317,-7.233889994890422,-7.233889994890422,-7.233889994890422,0.0,0.0,0.0,48.421786910712456
332,2018-03-28 14:00:00,57.267880575076646,37.09119596412742,56.90646964128578,57.267880575076646,57.267880575076646,0.0,0.0,0.0,0.0,0.0,0.0,0.0,0.0,0.0,0.0,0.0,0.0,0.0,0.0,0.0,0.0,0.0,0.0,0.0,0.0,0.0,0.0,0.0,0.0,0.0,0.0,0.0,0.0,0.0,0.0,-10.154181390743158,-10.154181390743158,-10.154181390743158,-0.4398566617963631,-0.4398566617963631,-0.4398566617963631,-1.3931527586280616,-1.3931527586280616,-1.3931527586280616,-5.247988259650186,-5.247988259650186,-5.247988259650186,-3.0239697975482,-3.0239697975482,-3.0239697975482,0.0,0.0,0.0,0.21569257358103025,0.21569257358103025,0.21569257358103025,1.4777309540404682,1.4777309540404682,1.4777309540404682,-1.6237834348837867,-1.6237834348837867,-1.6237834348837867,0.15630774528547223,0.15630774528547223,0.15630774528547223,2.7724405036363273,2.7724405036363273,2.7724405036363273,-1.0568135414971078,-1.0568135414971078,-1.0568135414971078,-7.2387769729329365,-7.2387769729329365,-7.2387769729329365,0.0,0.0,0.0,47.113699184333484
333,2018-03-28 15:00:00,57.2676131001137,36.833047133518384,56.99312090219238,57.2676131001137,57.2676131001137,0.0,0.0,0.0,0.0,0.0,0.0,0.0,0.0,0.0,0.0,0.0,0.0,0.0,0.0,0.0,0.0,0.0,0.0,0.0,0.0,0.0,0.0,0.0,0.0,0.0,0.0,0.0,0.0,0.0,0.0,-9.886265853667512,-9.886265853667512,-9.886265853667512,-0.5411546143808331,-0.5411546143808331,-0.5411546143808331,-1.3931527586280616,-1.3931527586280616,-1.3931527586280616,-4.88091199884258,-4.88091199884258,-4.88091199884258,-3.0217307698028386,-3.0217307698028386,-3.0217307698028386,0.0,0.0,0.0,0.32346286679314246,0.32346286679314246,0.32346286679314246,1.5798140850816058,1.5798140850816058,1.5798140850816058,-1.3782868665438435,-1.3782868665438435,-1.3782868665438435,0.10805819275775823,0.10805819275775823,0.10805819275775823,2.7794780885198658,2.7794780885198658,2.7794780885198658,-1.0990767485003432,-1.0990767485003432,-1.0990767485003432,-7.2436773289639635,-7.2436773289639635,-7.2436773289639635,0.0,0.0,0.0,47.38134724644619
334,2018-03-28 16:00:00,57.26734562515076,40.69009953939805,60.250712082813386,57.26734562515076,57.26734562515076,0.0,0.0,0.0,0.0,0.0,0.0,0.0,0.0,0.0,0.0,0.0,0.0,0.0,0.0,0.0,0.0,0.0,0.0,0.0,0.0,0.0,0.0,0.0,0.0,0.0,0.0,0.0,0.0,0.0,0.0,-7.3509282947492744,-7.3509282947492744,-7.3509282947492744,1.1500788999480247,1.1500788999480247,1.1500788999480247,-1.3931527586280616,-1.3931527586280616,-1.3931527586280616,-4.039043522997549,-4.039043522997549,-4.039043522997549,-2.9478428542059034,-2.9478428542059034,-2.9478428542059034,0.0,0.0,0.0,0.4312331600052547,0.4312331600052547,0.4312331600052547,1.8496052171188981,1.8496052171188981,1.8496052171188981,-0.970284605178876,-0.970284605178876,-0.970284605178876,0.02355832196969364,0.02355832196969364,0.02355832196969364,2.786627180860197,2.786627180860197,2.786627180860197,-1.0321600040785541,-1.0321600040785541,-1.0321600040785541,-7.248590852559947,-7.248590852559947,-7.248590852559947,0.0,0.0,0.0,49.91641733040149
335,2018-03-28 17:00:00,57.267078150187814,44.932879219659945,64.24069538046695,57.267078150187814,57.267078150187814,0.0,0.0,0.0,0.0,0.0,0.0,0.0,0.0,0.0,0.0,0.0,0.0,0.0,0.0,0.0,0.0,0.0,0.0,0.0,0.0,0.0,0.0,0.0,0.0,0.0,0.0,0.0,0.0,0.0,0.0,-3.2526953302240846,-3.2526953302240846,-3.2526953302240846,3.9127298533144717,3.9127298533144717,3.9127298533144717,-1.3931527586280616,-1.3931527586280616,-1.3931527586280616,-2.7050463173652273,-2.7050463173652273,-2.7050463173652273,-2.7362547322692263,-2.7362547322692263,-2.7362547322692263,0.0,0.0,0.0,0.5390034532173669,0.5390034532173669,0.5390034532173669,2.0739637468796404,2.0739637468796404,2.0739637468796404,-0.3185238042763718,-0.3185238042763718,-0.3185238042763718,0.03126309344663226,0.03126309344663226,0.03126309344663226,2.7931384658975484,2.7931384658975484,2.7931384658975484,-0.9013453157352069,-0.9013453157352069,-0.9013453157352069,-7.253517332070877,-7.253517332070877,-7.253517332070877,0.0,0.0,0.0,54.01438281996373
336,2018-03-28 18:00:00,57.22499080421652,47.498835553769545,68.22398945215885,57.22499080421652,57.22499080421652,0.0,0.0,0.0,0.0,0.0,0.0,0.0,0.0,0.0,0.0,0.0,0.0,0.0,0.0,0.0,0.0,0.0,0.0,0.0,0.0,0.0,0.0,0.0,0.0,0.0,0.0,0.0,0.0,0.0,0.0,0.4989327041461931,0.4989327041461931,0.4989327041461931,6.161397391986898,6.161397391986898,6.161397391986898,-1.497339528141321,-1.497339528141321,-1.497339528141321,-1.3116937792703183,-1.3116937792703183,-1.3116937792703183,-2.6664010055307474,-2.6664010055307474,-2.6664010055307474,0.0,0.0,0.0,0.6248067145530958,0.6248067145530958,0.6248067145530958,2.5507071779761787,2.5507071779761787,2.5507071779761787,0.17647504628810876,0.17647504628810876,0.17647504628810876,0.21804660831264594,0.21804660831264594,0.21804660831264594,2.883974914344556,2.883974914344556,2.883974914344556,-0.7179887927282782,-0.7179887927282782,-0.7179887927282782,-7.234745822914943,-7.234745822914943,-7.234745822914943,0.0,0.0,0.0,57.72392350836271
337,2018-03-28 19:00:00,57.224716413564934,48.465259674335414,68.8842188992748,57.224716413564934,57.224716413564934,0.0,0.0,0.0,0.0,0.0,0.0,0.0,0.0,0.0,0.0,0.0,0.0,0.0,0.0,0.0,0.0,0.0,0.0,0.0,0.0,0.0,0.0,0.0,0.0,0.0,0.0,0.0,0.0,0.0,0.0,1.6324449485746564,1.6324449485746564,1.6324449485746564,6.443510699848373,6.443510699848373,6.443510699848373,-1.497339528141321,-1.497339528141321,-1.497339528141321,-0.4556654509521395,-0.4556654509521395,-0.4556654509521395,-2.588342256178179,-2.588342256178179,-2.588342256178179,0.0,0.0,0.0,0.7289167168189692,0.7289167168189692,0.7289167168189692,2.8351289657871317,2.8351289657871317,2.8351289657871317,0.299926588424991,0.299926588424991,0.299926588424991,0.4238958275142347,0.4238958275142347,0.4238958275142347,2.884316822540267,2.884316822540267,2.884316822540267,-0.6578517651779661,-0.6578517651779661,-0.6578517651779661,-7.239717122861845,-7.239717122861845,-7.239717122861845,0.0,0.0,0.0,58.85716136213959
338,2018-03-28 20:00:00,57.22444202291335,45.841074955998856,65.79051826866328,57.22444202291335,57.22444202291335,0.0,0.0,0.0,0.0,0.0,0.0,0.0,0.0,0.0,0.0,0.0,0.0,0.0,0.0,0.0,0.0,0.0,0.0,0.0,0.0,0.0,0.0,0.0,0.0,0.0,0.0,0.0,0.0,0.0,0.0,-1.229265182558019,-1.229265182558019,-1.229265182558019,4.542713409308505,4.542713409308505,4.542713409308505,-1.497339528141321,-1.497339528141321,-1.497339528141321,-1.409464323194279,-1.409464323194279,-1.409464323194279,-2.637613381656042,-2.637613381656042,-2.637613381656042,0.0,0.0,0.0,0.8330267190848426,0.8330267190848426,0.8330267190848426,2.300438400118902,2.300438400118902,2.300438400118902,0.3093569145604472,0.3093569145604472,0.3093569145604472,0.1545653652298334,0.1545653652298334,0.1545653652298334,2.882187124327901,2.882187124327901,2.882187124327901,-0.871898812390942,-0.871898812390942,-0.871898812390942,-7.244701393000147,-7.244701393000147,-7.244701393000147,0.0,0.0,0.0,55.995176840355334
339,2018-03-28 21:00:00,57.224167632261775,42.37564812215138,63.56595845876242,57.224167632261775,57.224167632261775,0.0,0.0,0.0,0.0,0.0,0.0,0.0,0.0,0.0,0.0,0.0,0.0,0.0,0.0,0.0,0.0,0.0,0.0,0.0,0.0,0.0,0.0,0.0,0.0,0.0,0.0,0.0,0.0,0.0,0.0,-4.600259523477553,-4.600259523477553,-4.600259523477553,1.41243606072788,1.41243606072788,1.41243606072788,-1.497339528141321,-1.497339528141321,-1.497339528141321,-1.6400481977639323,-1.6400481977639323,-1.6400481977639323,-2.490353613373891,-2.490353613373891,-2.490353613373891,0.0,0.0,0.0,0.937136721350716,0.937136721350716,0.937136721350716,2.1632664748951154,2.1632664748951154,2.1632664748951154,0.3106428681243731,0.3106428681243731,0.3106428681243731,-0.09059441454186523,-0.09059441454186523,-0.09059441454186523,2.8770510296224012,2.8770510296224012,2.8770510296224012,-0.9728067060770591,-0.9728067060770591,-0.9728067060770591,-7.249698416063902,-7.249698416063902,-7.249698416063902,0.0,0.0,0.0,52.62390810878422
340,2018-03-28 22:00:00,57.22389324161019,39.362324449172576,58.61780524214908,57.22389324161019,57.22389324161019,0.0,0.0,0.0,0.0,0.0,0.0,0.0,0.0,0.0,0.0,0.0,0.0,0.0,0.0,0.0,0.0,0.0,0.0,0.0,0.0,0.0,0.0,0.0,0.0,0.0,0.0,0.0,0.0,0.0,0.0,-7.8895598581512045,-7.8895598581512045,-7.8895598581512045,-1.6567878808654126,-1.6567878808654126,-1.6567878808654126,-1.497339528141321,-1.497339528141321,-1.497339528141321,-1.8465151713742658,-1.8465151713742658,-1.8465151713742658,-2.591663905086799,-2.591663905086799,-2.591663905086799,0.0,0.0,0.0,1.0412467236165894,1.0412467236165894,1.0412467236165894,2.1565478499861954,2.1565478499861954,2.1565478499861954,0.3123574728762742,0.3123574728762742,0.3123574728762742,-0.3295123147635802,-0.3295123147635802,-0.3295123147635802,2.8684511676710702,2.8684511676710702,2.8684511676710702,-0.9381514698616249,-0.9381514698616249,-0.9381514698616249,-7.254707973582596,-7.254707973582596,-7.254707973582596,0.0,0.0,0.0,49.33433338345899
341,2018-03-28 23:00:00,57.22361885095861,36.745746173757254,56.91213995223469,57.22361885095861,57.22361885095861,0.0,0.0,0.0,0.0,0.0,0.0,0.0,0.0,0.0,0.0,0.0,0.0,0.0,0.0,0.0,0.0,0.0,0.0,0.0,0.0,0.0,0.0,0.0,0.0,0.0,0.0,0.0,0.0,0.0,0.0,-10.220146644575125,-10.220146644575125,-10.220146644575125,-3.967399243305128,-3.967399243305128,-3.967399243305128,-1.497339528141321,-1.497339528141321,-1.497339528141321,-1.8490307872583664,-1.8490307872583664,-1.8490307872583664,-2.6398278142617886,-2.6398278142617886,-2.6398278142617886,0.0,0.0,0.0,1.1453567258824628,1.1453567258824628,1.1453567258824628,2.0608074450340825,2.0608074450340825,2.0608074450340825,0.34107710247061834,0.34107710247061834,0.34107710247061834,-0.5829060633033424,-0.5829060633033424,-0.5829060633033424,2.856013231881461,2.856013231881461,2.856013231881461,-0.6761986549390783,-0.6761986549390783,-0.6761986549390783,-7.259729845893095,-7.259729845893095,-7.259729845893095,0.0,0.0,0.0,47.003472206383485
342,2018-03-29 00:00:00,57.223344460307025,35.62379960491213,55.028714310088496,57.223344460307025,57.223344460307025,0.0,0.0,0.0,0.0,0.0,0.0,0.0,0.0,0.0,0.0,0.0,0.0,0.0,0.0,0.0,0.0,0.0,0.0,0.0,0.0,0.0,0.0,0.0,0.0,0.0,0.0,0.0,0.0,0.0,0.0,-12.321951957548492,-12.321951957548492,-12.321951957548492,-5.620626239984365,-5.620626239984365,-5.620626239984365,-0.4992889696425025,-0.4992889696425025,-0.4992889696425025,-2.2760119534158,-2.2760119534158,-2.2760119534158,-2.6608649240163813,-2.6608649240163813,-2.6608649240163813,0.0,0.0,0.0,0.00014670095785522741,0.00014670095785522741,0.00014670095785522741,1.8351736251761803,1.8351736251761803,1.8351736251761803,0.4160910603662933,0.4160910603662933,0.4160910603662933,-0.7583427204422448,-0.7583427204422448,-0.7583427204422448,2.839450048001127,2.839450048001127,2.839450048001127,-0.6089267258150001,-0.6089267258150001,-0.6089267258150001,-7.264763812149455,-7.264763812149455,-7.264763812149455,0.0,0.0,0.0,44.90139250275853
343,2018-03-29 01:00:00,57.22307006965544,32.550306163576934,52.023531252035,57.22307006965544,57.22307006965544,0.0,0.0,0.0,0.0,0.0,0.0,0.0,0.0,0.0,0.0,0.0,0.0,0.0,0.0,0.0,0.0,0.0,0.0,0.0,0.0,0.0,0.0,0.0,0.0,0.0,0.0,0.0,0.0,0.0,0.0,-15.007147772011237,-15.007147772011237,-15.007147772011237,-6.945070827628796,-6.945070827628796,-6.945070827628796,-0.4992889696425025,-0.4992889696425025,-0.4992889696425025,-3.6108313167888224,-3.6108313167888224,-3.6108313167888224,-2.4936752622825105,-2.4936752622825105,-2.4936752622825105,0.0,0.0,0.0,-1.1450633239667523,-1.1450633239667523,-1.1450633239667523,1.4667690260037245,1.4667690260037245,1.4667690260037245,0.4593848303517971,0.4593848303517971,0.4593848303517971,-0.8389559308005444,-0.8389559308005444,-0.8389559308005444,2.818564022735913,2.818564022735913,2.818564022735913,-0.5600016864520342,-0.5600016864520342,-0.5600016864520342,-7.26980965032953,-7.26980965032953,-7.26980965032953,0.0,0.0,0.0,42.215922297644205
344,2018-03-29 02:00:00,57.22279567900386,30.073431886538437,51.225055204778116,57.22279567900386,57.22279567900386,0.0,0.0,0.0,0.0,0.0,0.0,0.0,0.0,0.0,0.0,0.0,0.0,0.0,0.0,0.0,0.0,0.0,0.0,0.0,0.0,0.0,0.0,0.0,0.0,0.0,0.0,0.0,0.0,0.0,0.0,-16.43959842770424,-16.43959842770424,-16.43959842770424,-7.8342053135787895,-7.8342053135787895,-7.8342053135787895,-0.4992889696425025,-0.4992889696425025,-0.4992889696425025,-4.123773930475361,-4.123773930475361,-4.123773930475361,-2.6813484256195377,-2.6813484256195377,-2.6813484256195377,0.0,0.0,0.0,-1.040953321700879,-1.040953321700879,-1.040953321700879,1.2685695911905799,1.2685695911905799,1.2685695911905799,0.514680833600609,0.514680833600609,0.514680833600609,-0.9062885463716447,-0.9062885463716447,-0.9062885463716447,2.793247953596291,2.793247953596291,2.793247953596291,-0.7791450919319857,-0.7791450919319857,-0.7791450919319857,-7.274867137246379,-7.274867137246379,-7.274867137246379,0.0,0.0,0.0,40.78319725129962
345,2018-03-29 03:00:00,57.222521288352276,30.45525895758981,50.672403906898936,57.222521288352276,57.222521288352276,0.0,0.0,0.0,0.0,0.0,0.0,0.0,0.0,0.0,0.0,0.0,0.0,0.0,0.0,0.0,0.0,0.0,0.0,0.0,0.0,0.0,0.0,0.0,0.0,0.0,0.0,0.0,0.0,0.0,0.0,-16.52496370289019,-16.52496370289019,-16.52496370289019,-7.701475103778451,-7.701475103778451,-7.701475103778451,-0.4992889696425025,-0.4992889696425025,-0.4992889696425025,-4.307036755201402,-4.307036755201402,-4.307036755201402,-2.7909628396039956,-2.7909628396039956,-2.7909628396039956,0.0,0.0,0.0,-0.9368433194350055,-0.9368433194350055,-0.9368433194350055,1.2165002481464486,1.2165002481464486,1.2165002481464486,0.526683066863917,0.526683066863917,0.526683066863917,-0.9053589047365408,-0.9053589047365408,-0.9053589047365408,2.7634842046470145,2.7634842046470145,2.7634842046470145,-0.9177660367937226,-0.9177660367937226,-0.9177660367937226,-7.279936048557355,-7.279936048557355,-7.279936048557355,0.0,0.0,0.0,40.697557585462086
346,2018-03-29 04:00:00,57.22224689770069,32.825931190960176,52.969855652320945,57.22224689770069,57.22224689770069,0.0,0.0,0.0,0.0,0.0,0.0,0.0,0.0,0.0,0.0,0.0,0.0,0.0,0.0,0.0,0.0,0.0,0.0,0.0,0.0,0.0,0.0,0.0,0.0,0.0,0.0,0.0,0.0,0.0,0.0,-14.58213598622627,-14.58213598622627,-14.58213598622627,-6.083619601143086,-6.083619601143086,-6.083619601143086,-0.4992889696425025,-0.4992889696425025,-0.4992889696425025,-3.9428425029934955,-3.9428425029934955,-3.9428425029934955,-2.7217618206744136,-2.7217618206744136,-2.7217618206744136,0.0,0.0,0.0,-0.8327333171691321,-0.8327333171691321,-0.8327333171691321,1.3626303399154622,1.3626303399154622,1.3626303399154622,0.5541167428943352,0.5541167428943352,0.5541167428943352,-0.7738810163432679,-0.7738810163432679,-0.7738810163432679,2.7293422766827433,2.7293422766827433,2.7293422766827433,-1.0319244619739762,-1.0319244619739762,-1.0319244619739762,-7.285016158772433,-7.285016158772433,-7.285016158772433,0.0,0.0,0.0,42.64011091147442
347,2018-03-29 05:00:00,57.22197250704912,36.35956440049023,56.43326494179688,57.22197250704912,57.22197250704912,0.0,0.0,0.0,0.0,0.0,0.0,0.0,0.0,0.0,0.0,0.0,0.0,0.0,0.0,0.0,0.0,0.0,0.0,0.0,0.0,0.0,0.0,0.0,0.0,0.0,0.0,0.0,0.0,0.0,0.0,-11.64121362370988,-11.64121362370988,-11.64121362370988,-3.2468469104145887,-3.2468469104145887,-3.2468469104145887,-0.4992889696425025,-0.4992889696425025,-0.4992889696425025,-3.7952342954965617,-3.7952342954965617,-3.7952342954965617,-2.7472277956405,-2.7472277956405,-2.7472277956405,0.0,0.0,0.0,-0.7286233149032587,-0.7286233149032587,-0.7286233149032587,1.2853661534628802,1.2853661534628802,1.2853661534628802,0.5601178595259891,0.5601178595259891,0.5601178595259891,-0.5775938253884626,-0.5775938253884626,-0.5775938253884626,2.690974823467393,2.690974823467393,2.690974823467393,-1.087984402910708,-1.087984402910708,-1.087984402910708,-7.2901072412661225,-7.2901072412661225,-7.2901072412661225,0.0,0.0,0.0,45.580758883339236
348,2018-03-29 06:00:00,57.22169811639753,39.41910340813295,59.58256351643282,57.22169811639753,57.22169811639753,0.0,0.0,0.0,0.0,0.0,0.0,0.0,0.0,0.0,0.0,0.0,0.0,0.0,0.0,0.0,0.0,0.0,0.0,0.0,0.0,0.0,0.0,0.0,0.0,0.0,0.0,0.0,0.0,0.0,0.0,-8.017112978776497,-8.017112978776497,-8.017112978776497,-0.15180145611133644,-0.15180145611133644,-0.15180145611133644,-0.4992889696425025,-0.4992889696425025,-0.4992889696425025,-3.2187146426549584,-3.2187146426549584,-3.2187146426549584,-2.7295123347945265,-2.7295123347945265,-2.7295123347945265,0.0,0.0,0.0,-0.6245133126373853,-0.6245133126373853,-0.6245133126373853,1.5496320665470733,1.5496320665470733,1.5496320665470733,0.49539153014172105,0.49539153014172105,0.49539153014172105,-0.4783877823280841,-0.4783877823280841,-0.4783877823280841,2.648612188275083,2.648612188275083,2.648612188275083,-0.9320358399412542,-0.9320358399412542,-0.9320358399412542,-7.295209068285285,-7.295209068285285,-7.295209068285285,0.0,0.0,0.0,49.20458513762104
349,2018-03-29 07:00:00,57.22142372574595,42.34306892122077,62.02068043391093,57.22142372574595,57.22142372574595,0.0,0.0,0.0,0.0,0.0,0.0,0.0,0.0,0.0,0.0,0.0,0.0,0.0,0.0,0.0,0.0,0.0,0.0,0.0,0.0,0.0,0.0,0.0,0.0,0.0,0.0,0.0,0.0,0.0,0.0,-5.167158501980359,-5.167158501980359,-5.167158501980359,2.2108170438950925,2.2108170438950925,2.2108170438950925,-0.4992889696425025,-0.4992889696425025,-0.4992889696425025,-2.680209691403191,-2.680209691403191,-2.680209691403191,-3.0279071284188848,-3.0279071284188848,-3.0279071284188848,0.0,0.0,0.0,-0.5204033103715119,-0.5204033103715119,-0.5204033103715119,2.1951799432124863,2.1951799432124863,2.1951799432124863,0.14046834649818477,0.14046834649818477,0.14046834649818477,-0.21051818547027468,-0.21051818547027468,-0.21051818547027468,2.602555556487524,2.602555556487524,2.602555556487524,-0.757740387210688,-0.757740387210688,-0.757740387210688,-7.300321410959786,-7.300321410959786,-7.300321410959786,0.0,0.0,0.0,52.05426522376559
350,2018-03-29 08:00:00,57.22114933509437,43.24308156822081,63.57813121692161,57.22114933509437,57.22114933509437,0.0,0.0,0.0,0.0,0.0,0.0,0.0,0.0,0.0,0.0,0.0,0.0,0.0,0.0,0.0,0.0,0.0,0.0,0.0,0.0,0.0,0.0,0.0,0.0,0.0,0.0,0.0,0.0,0.0,0.0,-3.936782654531074,-3.936782654531074,-3.936782654531074,3.4719776970934966,3.4719776970934966,3.4719776970934966,-0.4992889696425025,-0.4992889696425025,-0.4992889696425025,-2.65648515202716,-2.65648515202716,-2.65648515202716,-3.0478370218706043,-3.0478370218706043,-3.0478370218706043,0.0,0.0,0.0,-0.41629330810563847,-0.41629330810563847,-0.41629330810563847,2.4829610434779,2.4829610434779,2.4829610434779,-0.2950412604847052,-0.2950412604847052,-0.2950412604847052,-0.03813606513242809,-0.03813606513242809,-0.03813606513242809,2.5531688397132797,2.5531688397132797,2.5531688397132797,-0.842849570269181,-0.842849570269181,-0.842849570269181,-7.305444039310691,-7.305444039310691,-7.305444039310691,0.0,0.0,0.0,53.284366680563295
351,2018-03-29 09:00:00,57.22087494444279,43.65085081879605,62.70097314320566,57.22087494444279,57.22087494444279,0.0,0.0,0.0,0.0,0.0,0.0,0.0,0.0,0.0,0.0,0.0,0.0,0.0,0.0,0.0,0.0,0.0,0.0,0.0,0.0,0.0,0.0,0.0,0.0,0.0,0.0,0.0,0.0,0.0,0.0,-3.8955559027713873,-3.8955559027713873,-3.8955559027713873,3.916281283333283,3.916281283333283,3.916281283333283,-0.4992889696425025,-0.4992889696425025,-0.4992889696425025,-3.0021298897119513,-3.0021298897119513,-3.0021298897119513,-3.115930824497313,-3.115930824497313,-3.115930824497313,0.0,0.0,0.0,-0.312183305839765,-0.312183305839765,-0.312183305839765,2.509275657704504,2.509275657704504,2.509275657704504,-0.6713970035270058,-0.6713970035270058,-0.6713970035270058,0.024017118471664524,0.024017118471664524,0.024017118471664524,2.5008694258697366,2.5008694258697366,2.5008694258697366,-0.9366225623815324,-0.9366225623815324,-0.9366225623815324,-7.310576722262457,-7.310576722262457,-7.310576722262457,0.0,0.0,0.0,53.325319041671406
352,2018-03-29 10:00:00,57.22060055379121,42.703712926116665,62.42886962896306,57.22060055379121,57.22060055379121,0.0,0.0,0.0,0.0,0.0,0.0,0.0,0.0,0.0,0.0,0.0,0.0,0.0,0.0,0.0,0.0,0.0,0.0,0.0,0.0,0.0,0.0,0.0,0.0,0.0,0.0,0.0,0.0,0.0,0.0,-4.914696115730262,-4.914696115730262,-4.914696115730262,3.9383471536120793,3.9383471536120793,3.9383471536120793,-0.4992889696425025,-0.4992889696425025,-0.4992889696425025,-3.9834419872641544,-3.9834419872641544,-3.9834419872641544,-3.1995256553642486,-3.1995256553642486,-3.1995256553642486,0.0,0.0,0.0,-0.20807330357389162,-0.20807330357389162,-0.20807330357389162,1.9012401034472288,1.9012401034472288,1.9012401034472288,-0.8668619452437359,-0.8668619452437359,-0.8668619452437359,-0.0061298316952778315,-0.0061298316952778315,-0.0061298316952778315,2.446117945574184,2.446117945574184,2.446117945574184,-1.1048023851917277,-1.1048023851917277,-1.1048023851917277,-7.31571922765237,-7.31571922765237,-7.31571922765237,0.0,0.0,0.0,52.30590443806095
353,2018-03-29 11:00:00,57.22032616313963,41.34722932174603,61.95847133653817,57.22032616313963,57.22032616313963,0.0,0.0,0.0,0.0,0.0,0.0,0.0,0.0,0.0,0.0,0.0,0.0,0.0,0.0,0.0,0.0,0.0,0.0,0.0,0.0,0.0,0.0,0.0,0.0,0.0,0.0,0.0,0.0,0.0,0.0,-5.694087087548488,-5.694087087548488,-5.694087087548488,3.555906795691841,3.555906795691841,3.555906795691841,-0.4992889696425025,-0.4992889696425025,-0.4992889696425025,-4.3185297813200245,-4.3185297813200245,-4.3185297813200245,-3.166309166278049,-3.166309166278049,-3.166309166278049,0.0,0.0,0.0,-0.1039633013080182,-0.1039633013080182,-0.1039633013080182,1.8911621660838485,1.8911621660838485,1.8911621660838485,-1.0914751677427856,-1.0914751677427856,-1.0914751677427856,-0.03694081160158015,-0.03694081160158015,-0.03694081160158015,2.389407220318344,2.389407220318344,2.389407220318344,-1.3117145308309377,-1.3117145308309377,-1.3117145308309377,-7.320871322238648,-7.320871322238648,-7.320871322238648,0.0,0.0,0.0,51.52623907559114
354,2018-03-29 12:00:00,57.22005177248804,38.48974004515211,58.868279552384706,57.22005177248804,57.22005177248804,0.0,0.0,0.0,0.0,0.0,0.0,0.0,0.0,0.0,0.0,0.0,0.0,0.0,0.0,0.0,0.0,0.0,0.0,0.0,0.0,0.0,0.0,0.0,0.0,0.0,0.0,0.0,0.0,0.0,0.0,-8.101214872866617,-8.101214872866617,-8.101214872866617,2.525148255996935,2.525148255996935,2.525148255996935,-0.4992889696425025,-0.4992889696425025,-0.4992889696425025,-5.631580926561428,-5.631580926561428,-5.631580926561428,-3.2238844140274616,-3.2238844140274616,-3.2238844140274616,0.0,0.0,0.0,0.00014670095785522741,0.00014670095785522741,0.00014670095785522741,1.14371514496648,1.14371514496648,1.14371514496648,-1.2749378761962076,-1.2749378761962076,-1.2749378761962076,-0.11396826136733595,-0.11396826136733595,-0.11396826136733595,2.331250569410988,2.331250569410988,2.331250569410988,-1.6633632512522554,-1.6633632512522554,-1.6633632512522554,-7.326032771713112,-7.326032771713112,-7.326032771713112,0.0,0.0,0.0,49.11883689962143
355,2018-03-29 13:00:00,57.219777381836465,37.699166289351325,56.90901206612434,57.219777381836465,57.219777381836465,0.0,0.0,0.0,0.0,0.0,0.0,0.0,0.0,0.0,0.0,0.0,0.0,0.0,0.0,0.0,0.0,0.0,0.0,0.0,0.0,0.0,0.0,0.0,0.0,0.0,0.0,0.0,0.0,0.0,0.0,-10.379298792855177,-10.379298792855177,-10.379298792855177,0.9283969333401284,0.9283969333401284,0.9283969333401284,-0.4992889696425025,-0.4992889696425025,-0.4992889696425025,-6.24866204837992,-6.24866204837992,-6.24866204837992,-3.2294204955418286,-3.2294204955418286,-3.2294204955418286,0.0,0.0,0.0,0.10425670322372865,0.10425670322372865,0.10425670322372865,0.8514549614284528,0.8514549614284528,0.8514549614284528,-1.3246614140013409,-1.3246614140013409,-1.3246614140013409,-0.2608516397137599,-0.2608516397137599,-0.2608516397137599,2.27216966289337,2.27216966289337,2.27216966289337,-1.89015119413267,-1.89015119413267,-1.89015119413267,-7.331203340708755,-7.331203340708755,-7.331203340708755,0.0,0.0,0.0,46.840478588981284
356,2018-03-29 14:00:00,57.21950299118488,35.97297985150467,54.91641304389499,57.21950299118488,57.21950299118488,0.0,0.0,0.0,0.0,0.0,0.0,0.0,0.0,0.0,0.0,0.0,0.0,0.0,0.0,0.0,0.0,0.0,0.0,0.0,0.0,0.0,0.0,0.0,0.0,0.0,0.0,0.0,0.0,0.0,0.0,-11.999900024270666,-11.999900024270666,-11.999900024270666,-0.4569498951517703,-0.4569498951517703,-0.4569498951517703,-0.4992889696425025,-0.4992889696425025,-0.4992889696425025,-6.4192494507639,-6.4192494507639,-6.4192494507639,-3.2914246085027337,-3.2914246085027337,-3.2914246085027337,0.0,0.0,0.0,0.20836670548960207,0.20836670548960207,0.20836670548960207,0.8307392012926156,0.8307392012926156,0.8307392012926156,-1.27836708570001,-1.27836708570001,-1.27836708570001,-0.3584640113996746,-0.3584640113996746,-0.3584640113996746,2.2126821144580617,2.2126821144580617,2.2126821144580617,-2.030810682301197,-2.030810682301197,-2.030810682301197,-7.336382792813054,-7.336382792813054,-7.336382792813054,0.0,0.0,0.0,45.219602966914216
357,2018-03-29 15:00:00,57.2192286005333,35.154327275445716,55.2032339553766,57.2192286005333,57.2192286005333,0.0,0.0,0.0,0.0,0.0,0.0,0.0,0.0,0.0,0.0,0.0,0.0,0.0,0.0,0.0,0.0,0.0,0.0,0.0,0.0,0.0,0.0,0.0,0.0,0.0,0.0,0.0,0.0,0.0,0.0,-12.269619691659399,-12.269619691659399,-12.269619691659399,-0.541360192238848,-0.541360192238848,-0.541360192238848,-0.4992889696425025,-0.4992889696425025,-0.4992889696425025,-6.5399776217213175,-6.5399776217213175,-6.5399776217213175,-3.2842277025340576,-3.2842277025340576,-3.2842277025340576,0.0,0.0,0.0,0.3124767077554755,0.3124767077554755,0.3124767077554755,0.7366784525677332,0.7366784525677332,0.7366784525677332,-1.0996195403143159,-1.0996195403143159,-1.0996195403143159,-0.4050788991027441,-0.4050788991027441,-0.4050788991027441,2.1532890128768027,2.1532890128768027,2.1532890128768027,-2.300917670450905,-2.300917670450905,-2.300917670450905,-7.341570890576036,-7.341570890576036,-7.341570890576036,0.0,0.0,0.0,44.9496089088739
358,2018-03-29 16:00:00,57.218954209881716,36.28035747275386,56.42328470890122,57.218954209881716,57.218954209881716,0.0,0.0,0.0,0.0,0.0,0.0,0.0,0.0,0.0,0.0,0.0,0.0,0.0,0.0,0.0,0.0,0.0,0.0,0.0,0.0,0.0,0.0,0.0,0.0,0.0,0.0,0.0,0.0,0.0,0.0,-10.531414821158087,-10.531414821158087,-10.531414821158087,1.164406478865061,1.164406478865061,1.164406478865061,-0.4992889696425025,-0.4992889696425025,-0.4992889696425025,-6.443516496787804,-6.443516496787804,-6.443516496787804,-3.154129786946443,-3.154129786946443,-3.154129786946443,0.0,0.0,0.0,0.4165867100213489,0.4165867100213489,0.4165867100213489,0.5765512255718026,0.5765512255718026,0.5765512255718026,-0.8192816633784793,-0.8192816633784793,-0.8192816633784793,-0.4321713124686306,-0.4321713124686306,-0.4321713124686306,2.0944625922854985,2.0944625922854985,2.0944625922854985,-2.5317826999449005,-2.5317826999449005,-2.5317826999449005,-7.346767395520842,-7.346767395520842,-7.346767395520842,0.0,0.0,0.0,46.68753938872363
359,2018-03-29 17:00:00,57.21867981923013,41.01768300411229,61.1488496869095,57.21867981923013,57.21867981923013,0.0,0.0,0.0,0.0,0.0,0.0,0.0,0.0,0.0,0.0,0.0,0.0,0.0,0.0,0.0,0.0,0.0,0.0,0.0,0.0,0.0,0.0,0.0,0.0,0.0,0.0,0.0,0.0,0.0,0.0,-6.275144949474245,-6.275144949474245,-6.275144949474245,3.9348034603977275,3.9348034603977275,3.9348034603977275,-0.4992889696425025,-0.4992889696425025,-0.4992889696425025,-4.8946105820114,-4.8946105820114,-4.8946105820114,-3.082714335411114,-3.082714335411114,-3.082714335411114,0.0,0.0,0.0,0.5206967122872224,0.5206967122872224,0.5206967122872224,1.4505323491405009,1.4505323491405009,1.4505323491405009,-0.3100440520638402,-0.3100440520638402,-0.3100440520638402,-0.37015093481240996,-0.37015093481240996,-0.37015093481240996,2.0366342402932722,2.0366342402932722,2.0366342402932722,-2.603641351509257,-2.603641351509257,-2.603641351509257,-7.351972068153844,-7.351972068153844,-7.351972068153844,0.0,0.0,0.0,50.94353486975589
360,2018-03-29 18:00:00,57.304056072439835,44.52374222365595,65.39052644779076,57.304056072439835,57.304056072439835,0.0,0.0,0.0,0.0,0.0,0.0,0.0,0.0,0.0,0.0,0.0,0.0,0.0,0.0,0.0,0.0,0.0,0.0,0.0,0.0,0.0,0.0,0.0,0.0,0.0,0.0,0.0,0.0,0.0,0.0,-2.2197823408783526,-2.2197823408783526,-2.2197823408783526,6.091914239995741,6.091914239995741,6.091914239995741,-0.47353302876134595,-0.47353302876134595,-0.47353302876134595,-2.752774346967301,-2.752774346967301,-2.752774346967301,-2.9424240612178734,-2.9424240612178734,-2.9424240612178734,0.0,0.0,0.0,0.6809106931650573,0.6809106931650573,0.6809106931650573,2.2825213384207417,2.2825213384207417,2.2825213384207417,0.2644614123321831,0.2644614123321831,0.2644614123321831,-0.16579837885532564,-0.16579837885532564,-0.16579837885532564,1.9302011581387597,1.9302011581387597,1.9302011581387597,-2.3989123220507387,-2.3989123220507387,-2.3989123220507387,-7.489123392045553,-7.489123392045553,-7.489123392045553,0.0,0.0,0.0,55.08427373156148
361,2018-03-29 19:00:00,57.30379827205988,46.88396639669702,66.72784438877886,57.30379827205988,57.30379827205988,0.0,0.0,0.0,0.0,0.0,0.0,0.0,0.0,0.0,0.0,0.0,0.0,0.0,0.0,0.0,0.0,0.0,0.0,0.0,0.0,0.0,0.0,0.0,0.0,0.0,0.0,0.0,0.0,0.0,0.0,-0.6442099391752919,-0.6442099391752919,-0.6442099391752919,6.361772606116317,6.361772606116317,6.361772606116317,-0.47353302876134595,-0.47353302876134595,-0.47353302876134595,-1.3915554879174719,-1.3915554879174719,-1.3915554879174719,-2.7863781619872734,-2.7863781619872734,-2.7863781619872734,0.0,0.0,0.0,0.7943691855554275,0.7943691855554275,0.7943691855554275,2.9109361147251986,2.9109361147251986,2.9109361147251986,0.44032065632741785,0.44032065632741785,0.44032065632741785,0.07972695334328345,0.07972695334328345,0.07972695334328345,1.8798464271692723,1.8798464271692723,1.8798464271692723,-2.3569972071201803,-2.3569972071201803,-2.3569972071201803,-7.49427348454341,-7.49427348454341,-7.49427348454341,0.0,0.0,0.0,56.65958833288459
362,2018-03-29 20:00:00,57.303540471679916,43.330798984467485,63.75637943746363,57.303540471679916,57.303540471679916,0.0,0.0,0.0,0.0,0.0,0.0,0.0,0.0,0.0,0.0,0.0,0.0,0.0,0.0,0.0,0.0,0.0,0.0,0.0,0.0,0.0,0.0,0.0,0.0,0.0,0.0,0.0,0.0,0.0,0.0,-3.766271153836334,-3.766271153836334,-3.766271153836334,4.43639327029231,4.43639327029231,4.43639327029231,-0.47353302876134595,-0.47353302876134595,-0.47353302876134595,-2.5348876820009743,-2.5348876820009743,-2.5348876820009743,-2.824705224956193,-2.824705224956193,-2.824705224956193,0.0,0.0,0.0,0.9078276779457974,0.9078276779457974,0.9078276779457974,2.170803155966616,2.170803155966616,2.170803155966616,0.48754628451028137,0.48754628451028137,0.48754628451028137,-0.10999094958678385,-0.10999094958678385,-0.10999094958678385,1.8316513118083186,1.8316513118083186,1.8316513118083186,-2.6928355971193465,-2.6928355971193465,-2.6928355971193465,-7.499428053935989,-7.499428053935989,-7.499428053935989,0.0,0.0,0.0,53.53726931784358
363,2018-03-29 21:00:00,57.303282671299954,38.72977537975464,58.67081111963428,57.303282671299954,57.303282671299954,0.0,0.0,0.0,0.0,0.0,0.0,0.0,0.0,0.0,0.0,0.0,0.0,0.0,0.0,0.0,0.0,0.0,0.0,0.0,0.0,0.0,0.0,0.0,0.0,0.0,0.0,0.0,0.0,0.0,0.0,-8.133291221165871,-8.133291221165871,-8.133291221165871,1.2819807771488207,1.2819807771488207,1.2819807771488207,-0.47353302876134595,-0.47353302876134595,-0.47353302876134595,-3.696431683079655,-3.696431683079655,-3.696431683079655,-2.882743348880556,-2.882743348880556,-2.882743348880556,0.0,0.0,0.0,1.0212861703361675,1.0212861703361675,1.0212861703361675,1.360287742261934,1.360287742261934,1.360287742261934,0.5361212163555126,0.5361212163555126,0.5361212163555126,-0.2705740916487154,-0.2705740916487154,-0.2705740916487154,1.7857465419498264,1.7857465419498264,1.7857465419498264,-2.987276342742652,-2.987276342742652,-2.987276342742652,-7.504586857184863,-7.504586857184863,-7.504586857184863,0.0,0.0,0.0,49.169991450134084
364,2018-03-29 22:00:00,57.30302487091999,35.99388325767291,56.15325005700135,57.30302487091999,57.30302487091999,0.0,0.0,0.0,0.0,0.0,0.0,0.0,0.0,0.0,0.0,0.0,0.0,0.0,0.0,0.0,0.0,0.0,0.0,0.0,0.0,0.0,0.0,0.0,0.0,0.0,0.0,0.0,0.0,0.0,0.0,-11.683571127516453,-11.683571127516453,-11.683571127516453,-1.7855378893787144,-1.7855378893787144,-1.7855378893787144,-0.47353302876134595,-0.47353302876134595,-0.47353302876134595,-4.13045524359894,-4.13045524359894,-4.13045524359894,-3.148842671779052,-3.148842671779052,-3.148842671779052,0.0,0.0,0.0,1.1347446627265376,1.1347446627265376,1.1347446627265376,1.136292786441412,1.136292786441412,1.136292786441412,0.5824473087634644,0.5824473087634644,0.5824473087634644,-0.47985195140574705,-0.47985195140574705,-0.47985195140574705,1.7421716558499025,1.7421716558499025,1.7421716558499025,-2.8817123495842085,-2.8817123495842085,-2.8817123495842085,-7.509749650388701,-7.509749650388701,-7.509749650388701,0.0,0.0,0.0,45.61945374340354
365,2018-03-29 23:00:00,57.302767070540035,32.10237478946759,52.7365806593193,57.302767070540035,57.302767070540035,0.0,0.0,0.0,0.0,0.0,0.0,0.0,0.0,0.0,0.0,0.0,0.0,0.0,0.0,0.0,0.0,0.0,0.0,0.0,0.0,0.0,0.0,0.0,0.0,0.0,0.0,0.0,0.0,0.0,0.0,-14.83416787593434,-14.83416787593434,-14.83416787593434,-4.052398626304748,-4.052398626304748,-4.052398626304748,-0.47353302876134595,-0.47353302876134595,-0.47353302876134595,-4.967722325813566,-4.967722325813566,-4.967722325813566,-3.212903619884245,-3.212903619884245,-3.212903619884245,0.0,0.0,0.0,1.2482031551169077,1.2482031551169077,1.2482031551169077,0.6050728288720442,0.6050728288720442,0.6050728288720442,0.5977394169369631,0.5977394169369631,0.5977394169369631,-0.715528913733437,-0.715528913733437,-0.715528913733437,1.7008692649803805,1.7008692649803805,1.7008692649803805,-3.0167721643604524,-3.0167721643604524,-3.0167721643604524,-7.514916188796407,-7.514916188796407,-7.514916188796407,0.0,0.0,0.0,42.468599194605694
366,2018-03-30 00:00:00,57.30250927016007,32.466257360148155,52.268563456081715,57.30250927016007,57.30250927016007,0.0,0.0,0.0,0.0,0.0,0.0,0.0,0.0,0.0,0.0,0.0,0.0,0.0,0.0,0.0,2.34476,2.34476,2.34476,0.0,0.0,0.0,0.0,0.0,0.0,0.0,0.0,0.0,0.0,0.0,0.0,-14.806537464261252,-14.806537464261252,-14.806537464261252,-5.630423423998419,-5.630423423998419,-5.630423423998419,0.47423357075528666,0.47423357075528666,0.47423357075528666,-5.662468630116845,-5.662468630116845,-5.662468630116845,-3.433010467220038,-3.433010467220038,-3.433010467220038,2.34476,2.34476,2.34476,0.00015973882283677464,0.00015973882283677464,0.00015973882283677464,0.4576048280325983,0.4576048280325983,0.4576048280325983,0.6098831498982709,0.6098831498982709,0.6098831498982709,-0.9082560407907295,-0.9082560407907295,-0.9082560407907295,1.6616808166736334,1.6616808166736334,1.6616808166736334,-2.8630834096150712,-2.8630834096150712,-2.8630834096150712,-7.520086226819621,-7.520086226819621,-7.520086226819621,0.0,0.0,0.0,42.49597180589882
367,2018-03-30 01:00:00,57.30225146978012,30.91691788879387,50.424172893750104,57.30225146978012,57.30225146978012,0.0,0.0,0.0,0.0,0.0,0.0,0.0,0.0,0.0,0.0,0.0,0.0,0.0,0.0,0.0,2.34476,2.34476,2.34476,0.0,0.0,0.0,0.0,0.0,0.0,0.0,0.0,0.0,0.0,0.0,0.0,-17.24948555975539,-17.24948555975539,-17.24948555975539,-6.881774935932414,-6.881774935932414,-6.881774935932414,0.47423357075528666,0.47423357075528666,0.47423357075528666,-6.8115550531454705,-6.8115550531454705,-6.8115550531454705,-3.4198697599164087,-3.4198697599164087,-3.4198697599164087,2.34476,2.34476,2.34476,-1.247883677471234,-1.247883677471234,-1.247883677471234,0.436936964278585,0.436936964278585,0.436936964278585,0.6098831498982709,0.6098831498982709,0.6098831498982709,-1.0201444651575609,-1.0201444651575609,-1.0201444651575609,1.6243439473635002,1.6243439473635002,1.6243439473635002,-2.644710835532409,-2.644710835532409,-2.644710835532409,-7.525259518041004,-7.525259518041004,-7.525259518041004,0.0,0.0,0.0,40.05276591002473
368,2018-03-30 02:00:00,57.301993669400154,29.835235327145607,49.64682170726797,57.301993669400154,57.301993669400154,0.0,0.0,0.0,0.0,0.0,0.0,0.0,0.0,0.0,0.0,0.0,0.0,0.0,0.0,0.0,2.34476,2.34476,2.34476,0.0,0.0,0.0,0.0,0.0,0.0,0.0,0.0,0.0,0.0,0.0,0.0,-18.023825291941126,-18.023825291941126,-18.023825291941126,-7.732791764499062,-7.732791764499062,-7.732791764499062,0.47423357075528666,0.47423357075528666,0.47423357075528666,-6.693849209503703,-6.693849209503703,-6.693849209503703,-3.383185285360443,-3.383185285360443,-3.383185285360443,2.34476,2.34476,2.34476,-1.134425185080864,-1.134425185080864,-1.134425185080864,0.41459332778775987,0.41459332778775987,0.41459332778775987,0.609433382010815,0.609433382010815,0.609433382010815,-1.0882623567647516,-1.0882623567647516,-1.0882623567647516,1.5884914972869741,1.5884914972869741,1.5884914972869741,-2.5862366628515066,-2.5862366628515066,-2.5862366628515066,-7.530435815225334,-7.530435815225334,-7.530435815225334,0.0,0.0,0.0,39.278168377459025
369,2018-03-30 03:00:00,57.3017358690202,29.318435341160868,50.103411119646026,57.3017358690202,57.3017358690202,0.0,0.0,0.0,0.0,0.0,0.0,0.0,0.0,0.0,0.0,0.0,0.0,0.0,0.0,0.0,2.34476,2.34476,2.34476,0.0,0.0,0.0,0.0,0.0,0.0,0.0,0.0,0.0,0.0,0.0,0.0,-17.566757965014016,-17.566757965014016,-17.566757965014016,-7.60540257851939,-7.60540257851939,-7.60540257851939,0.47423357075528666,0.47423357075528666,0.47423357075528666,-6.324152751169714,-6.324152751169714,-6.324152751169714,-3.3213144551391878,-3.3213144551391878,-3.3213144551391878,2.34476,2.34476,2.34476,-1.020966692690494,-1.020966692690494,-1.020966692690494,0.5123467374351199,0.5123467374351199,0.5123467374351199,0.6098831498982709,0.6098831498982709,0.6098831498982709,-1.1137039789312928,-1.1137039789312928,-1.1137039789312928,1.5536522350095685,1.5536522350095685,1.5536522350095685,-2.464631082497417,-2.464631082497417,-2.464631082497417,-7.535614870334481,-7.535614870334481,-7.535614870334481,0.0,0.0,0.0,39.734977904006186
370,2018-03-30 04:00:00,57.301478068640236,31.314388492980278,50.86247562997861,57.301478068640236,57.301478068640236,0.0,0.0,0.0,0.0,0.0,0.0,0.0,0.0,0.0,0.0,0.0,0.0,0.0,0.0,0.0,2.34476,2.34476,2.34476,0.0,0.0,0.0,0.0,0.0,0.0,0.0,0.0,0.0,0.0,0.0,0.0,-15.969081531157839,-15.969081531157839,-15.969081531157839,-6.016794214155666,-6.016794214155666,-6.016794214155666,0.47423357075528666,0.47423357075528666,0.47423357075528666,-6.275504198883001,-6.275504198883001,-6.275504198883001,-3.3678544601728753,-3.3678544601728753,-3.3678544601728753,2.34476,2.34476,2.34476,-0.9075082003001239,-0.9075082003001239,-0.9075082003001239,0.5883151015039254,0.5883151015039254,0.5883151015039254,0.6062850067986242,0.6062850067986242,0.6062850067986242,-1.0340963224746962,-1.0340963224746962,-1.0340963224746962,1.5192533164138837,1.5192533164138837,1.5192533164138837,-2.634878894993142,-2.634878894993142,-2.634878894993142,-7.540796434533055,-7.540796434533055,-7.540796434533055,0.0,0.0,0.0,41.332396537482396
371,2018-03-30 05:00:00,57.30122026826027,34.67246009748057,56.66280563203874,57.30122026826027,57.30122026826027,0.0,0.0,0.0,0.0,0.0,0.0,0.0,0.0,0.0,0.0,0.0,0.0,0.0,0.0,0.0,2.34476,2.34476,2.34476,0.0,0.0,0.0,0.0,0.0,0.0,0.0,0.0,0.0,0.0,0.0,0.0,-12.371933106347903,-12.371933106347903,-12.371933106347903,-3.204028409545644,-3.204028409545644,-3.204028409545644,0.47423357075528666,0.47423357075528666,0.47423357075528666,-5.4513089172298175,-5.4513089172298175,-5.4513089172298175,-3.136249493946407,-3.136249493946407,-3.136249493946407,2.34476,2.34476,2.34476,-0.7940497079097538,-0.7940497079097538,-0.7940497079097538,0.9240282397785731,0.9240282397785731,0.9240282397785731,0.598189184824419,0.598189184824419,0.598189184824419,-0.9286366951069374,-0.9286366951069374,-0.9286366951069374,1.484624478629776,1.484624478629776,1.484624478629776,-2.5888240156249975,-2.5888240156249975,-2.5888240156249975,-7.545980258202216,-7.545980258202216,-7.545980258202216,0.0,0.0,0.0,44.92928716191237
372,2018-03-30 06:00:00,57.30096246788031,38.58236917596599,58.09691565761315,57.30096246788031,57.30096246788031,0.0,0.0,0.0,0.0,0.0,0.0,0.0,0.0,0.0,0.0,0.0,0.0,0.0,0.0,0.0,2.34476,2.34476,2.34476,0.0,0.0,0.0,0.0,0.0,0.0,0.0,0.0,0.0,0.0,0.0,0.0,-9.164957526381952,-9.164957526381952,-9.164957526381952,-0.11228918405024722,-0.11228918405024722,-0.11228918405024722,0.47423357075528666,0.47423357075528666,0.47423357075528666,-5.295266196524214,-5.295266196524214,-5.295266196524214,-3.356903870753184,-3.356903870753184,-3.356903870753184,2.34476,2.34476,2.34476,-0.6805912155193837,-0.6805912155193837,-0.6805912155193837,1.1798628775985212,1.1798628775985212,1.1798628775985212,0.5388198236802476,0.5388198236802476,0.5388198236802476,-0.8996387171536754,-0.8996387171536754,-0.8996387171536754,1.4490039451443408,1.4490039451443408,1.4490039451443408,-2.551048665132025,-2.551048665132025,-2.551048665132025,-7.551166090951833,-7.551166090951833,-7.551166090951833,0.0,0.0,0.0,48.136004941498356
373,2018-03-30 07:00:00,57.300704667500355,41.526309456025096,61.44106258139918,57.300704667500355,57.300704667500355,0.0,0.0,0.0,0.0,0.0,0.0,0.0,0.0,0.0,0.0,0.0,0.0,0.0,0.0,0.0,2.34476,2.34476,2.34476,0.0,0.0,0.0,0.0,0.0,0.0,0.0,0.0,0.0,0.0,0.0,0.0,-6.490208327926973,-6.490208327926973,-6.490208327926973,2.2613982163118718,2.2613982163118718,2.2613982163118718,0.47423357075528666,0.47423357075528666,0.47423357075528666,-4.951558856730028,-4.951558856730028,-4.951558856730028,-3.2807972742863307,-3.2807972742863307,-3.2807972742863307,2.34476,2.34476,2.34476,-0.5671327231290136,-0.5671327231290136,-0.5671327231290136,1.4239671062607857,1.4239671062607857,1.4239671062607857,0.19789576498871828,0.19789576498871828,0.19789576498871828,-0.6564386945079222,-0.6564386945079222,-0.6564386945079222,1.4115459941210278,1.4115459941210278,1.4115459941210278,-2.543286606811552,-2.543286606811552,-2.543286606811552,-7.556353681629845,-7.556353681629845,-7.556353681629845,0.0,0.0,0.0,50.81049633957338
374,2018-03-30 08:00:00,57.30044686712039,41.05518572942045,61.79492189451649,57.30044686712039,57.30044686712039,0.0,0.0,0.0,0.0,0.0,0.0,0.0,0.0,0.0,0.0,0.0,0.0,0.0,0.0,0.0,2.34476,2.34476,2.34476,0.0,0.0,0.0,0.0,0.0,0.0,0.0,0.0,0.0,0.0,0.0,0.0,-5.577863335922258,-5.577863335922258,-5.577863335922258,3.5314780153973335,3.5314780153973335,3.5314780153973335,0.47423357075528666,0.47423357075528666,0.47423357075528666,-5.263888691127632,-5.263888691127632,-5.263888691127632,-3.266561508040732,-3.266561508040732,-3.266561508040732,2.34476,2.34476,2.34476,-0.45367423073864355,-0.45367423073864355,-0.45367423073864355,1.38318996966503,1.38318996966503,1.38318996966503,-0.27211167740263803,-0.27211167740263803,-0.27211167740263803,-0.43457680658249376,-0.43457680658249376,-0.43457680658249376,1.3713301181424353,1.3713301181424353,1.3713301181424353,-2.694388008783441,-2.694388008783441,-2.694388008783441,-7.561542778334394,-7.561542778334394,-7.561542778334394,0.0,0.0,0.0,51.72258353119813
375,2018-03-30 09:00:00,57.30018906674043,41.524614777187686,61.34690051662174,57.30018906674043,57.30018906674043,0.0,0.0,0.0,0.0,0.0,0.0,0.0,0.0,0.0,0.0,0.0,0.0,0.0,0.0,0.0,2.34476,2.34476,2.34476,0.0,0.0,0.0,0.0,0.0,0.0,0.0,0.0,0.0,0.0,0.0,0.0,-6.163799347287994,-6.163799347287994,-6.163799347287994,3.9734095268617335,3.9734095268617335,3.9734095268617335,0.47423357075528666,0.47423357075528666,0.47423357075528666,-6.24260742631674,-6.24260742631674,-6.24260742631674,-3.3957784631930883,-3.3957784631930883,-3.3957784631930883,2.34476,2.34476,2.34476,-0.34021573834827346,-0.34021573834827346,-0.34021573834827346,0.9156493760945137,0.9156493760945137,0.9156493760945137,-0.6062892177823298,-0.6062892177823298,-0.6062892177823298,-0.3137974927488605,-0.3137974927488605,-0.3137974927488605,1.3273716805936253,1.3273716805936253,1.3273716805936253,-2.9764094610939886,-2.9764094610939886,-2.9764094610939886,-7.566733128426611,-7.566733128426611,-7.566733128426611,0.0,0.0,0.0,51.13638971945244
376,2018-03-30 10:00:00,57.299931266360474,41.57865538643334,61.99749786401235,57.299931266360474,57.299931266360474,0.0,0.0,0.0,0.0,0.0,0.0,0.0,0.0,0.0,0.0,0.0,0.0,0.0,0.0,0.0,2.34476,2.34476,2.34476,0.0,0.0,0.0,0.0,0.0,0.0,0.0,0.0,0.0,0.0,0.0,0.0,-5.891845358741199,-5.891845358741199,-5.891845358741199,3.9863465005305616,3.9863465005305616,3.9863465005305616,0.47423357075528666,0.47423357075528666,0.47423357075528666,-5.92966133287085,-5.92966133287085,-5.92966133287085,-3.3673069307018912,-3.3673069307018912,-3.3673069307018912,2.34476,2.34476,2.34476,-0.2267572459579034,-0.2267572459579034,-0.2267572459579034,0.9664811491111408,0.9664811491111408,0.9664811491111408,-0.7029893135853361,-0.7029893135853361,-0.7029893135853361,-0.305453734941554,-0.305453734941554,-0.305453734941554,1.2786339521380996,1.2786339521380996,1.2786339521380996,-2.7678688275505934,-2.7678688275505934,-2.7678688275505934,-7.571924478539009,-7.571924478539009,-7.571924478539009,0.0,0.0,0.0,51.408085907619274
377,2018-03-30 11:00:00,57.29967346598051,39.66311218798754,60.44751707752391,57.29967346598051,57.29967346598051,0.0,0.0,0.0,0.0,0.0,0.0,0.0,0.0,0.0,0.0,0.0,0.0,0.0,0.0,0.0,2.34476,2.34476,2.34476,0.0,0.0,0.0,0.0,0.0,0.0,0.0,0.0,0.0,0.0,0.0,0.0,-6.685647008454454,-6.685647008454454,-6.685647008454454,3.597194300000395,3.597194300000395,3.597194300000395,0.47423357075528666,0.47423357075528666,0.47423357075528666,-6.27452612365116,-6.27452612365116,-6.27452612365116,-3.2676565669827013,-3.2676565669827013,-3.2676565669827013,2.34476,2.34476,2.34476,-0.11329875356753331,-0.11329875356753331,-0.11329875356753331,0.8407981938502495,0.8407981938502495,0.8407981938502495,-0.7686554251538892,-0.7686554251538892,-0.7686554251538892,-0.3077790444944099,-0.3077790444944099,-0.3077790444944099,1.2240413897849343,1.2240413897849343,1.2240413897849343,-3.1321680980581625,-3.1321680980581625,-3.1321680980581625,-7.577116574588624,-7.577116574588624,-7.577116574588624,0.0,0.0,0.0,50.61402645752606
378,2018-03-30 12:00:00,57.29941566560055,38.72619701851573,58.99691859646124,57.29941566560055,57.29941566560055,0.0,0.0,0.0,0.0,0.0,0.0,0.0,0.0,0.0,0.0,0.0,0.0,0.0,0.0,0.0,2.34476,2.34476,2.34476,0.0,0.0,0.0,0.0,0.0,0.0,0.0,0.0,0.0,0.0,0.0,0.0,-8.219779256575377,-8.219779256575377,-8.219779256575377,2.5633745600516353,2.5633745600516353,2.5633745600516353,0.47423357075528666,0.47423357075528666,0.47423357075528666,-6.708098657280196,-6.708098657280196,-6.708098657280196,-3.4143944652065628,-3.4143944652065628,-3.4143944652065628,2.34476,2.34476,2.34476,0.00015973882283677464,0.00015973882283677464,0.00015973882283677464,0.6145688743806449,0.6145688743806449,0.6145688743806449,-0.8086847671374593,-0.8086847671374593,-0.8086847671374593,-0.36522786874143826,-0.36522786874143826,-0.36522786874143826,1.1624940024429073,1.1624940024429073,1.1624940024429073,-3.208753740153504,-3.208753740153504,-3.208753740153504,-7.582309161789723,-7.582309161789723,-7.582309161789723,0.0,0.0,0.0,49.07963640902517
379,2018-03-30 13:00:00,57.299157865220586,36.89310694662787,56.99659543985889,57.299157865220586,57.299157865220586,0.0,0.0,0.0,0.0,0.0,0.0,0.0,0.0,0.0,0.0,0.0,0.0,0.0,0.0,0.0,2.34476,2.34476,2.34476,0.0,0.0,0.0,0.0,0.0,0.0,0.0,0.0,0.0,0.0,0.0,0.0,-10.383593231766497,-10.383593231766497,-10.383593231766497,0.9586179238495021,0.9586179238495021,0.9586179238495021,0.47423357075528666,0.47423357075528666,0.47423357075528666,-7.192351800564578,-7.192351800564578,-7.192351800564578,-3.5249954183454437,-3.5249954183454437,-3.5249954183454437,2.34476,2.34476,2.34476,0.11361823121320686,0.11361823121320686,0.11361823121320686,0.4989405555406248,0.4989405555406248,0.4989405555406248,-0.8352210724973541,-0.8352210724973541,-0.8352210724973541,-0.5212971746125319,-0.5212971746125319,-0.5212971746125319,1.0928826296133063,1.0928826296133063,1.0928826296133063,-3.397630492618366,-3.397630492618366,-3.397630492618366,-7.587501984664726,-7.587501984664726,-7.587501984664726,0.0,0.0,0.0,46.91556463345409
380,2018-03-30 14:00:00,57.29890006484063,36.11065855911653,55.57538027840431,57.29890006484063,57.29890006484063,0.0,0.0,0.0,0.0,0.0,0.0,0.0,0.0,0.0,0.0,0.0,0.0,0.0,0.0,0.0,2.34476,2.34476,2.34476,0.0,0.0,0.0,0.0,0.0,0.0,0.0,0.0,0.0,0.0,0.0,0.0,-11.623974899227807,-11.623974899227807,-11.623974899227807,-0.44764190265029274,-0.44764190265029274,-0.44764190265029274,0.47423357075528666,0.47423357075528666,0.47423357075528666,-6.942503154443775,-6.942503154443775,-6.942503154443775,-3.5835810717407917,-3.5835810717407917,-3.5835810717407917,2.34476,2.34476,2.34476,0.22707672360357692,0.22707672360357692,0.22707672360357692,0.5240771465928031,0.5240771465928031,0.5240771465928031,-0.613935271869079,-0.613935271869079,-0.613935271869079,-0.625525755746426,-0.625525755746426,-0.625525755746426,1.014104944918481,1.014104944918481,1.014104944918481,-3.3448484960391442,-3.3448484960391442,-3.3448484960391442,-7.5926947870522215,-7.5926947870522215,-7.5926947870522215,0.0,0.0,0.0,45.67492516561282
381,2018-03-30 15:00:00,57.29864226446067,35.69788097316017,55.4975150302419,57.29864226446067,57.29864226446067,0.0,0.0,0.0,0.0,0.0,0.0,0.0,0.0,0.0,0.0,0.0,0.0,0.0,0.0,0.0,2.34476,2.34476,2.34476,0.0,0.0,0.0,0.0,0.0,0.0,0.0,0.0,0.0,0.0,0.0,0.0,-11.54749913768845,-11.54749913768845,-11.54749913768845,-0.5625639175192778,-0.5625639175192778,-0.5625639175192778,0.47423357075528666,0.47423357075528666,0.47423357075528666,-6.656889891624377,-6.656889891624377,-6.656889891624377,-3.6186229578838036,-3.6186229578838036,-3.6186229578838036,2.34476,2.34476,2.34476,0.34053521599394704,0.34053521599394704,0.34053521599394704,0.6441741927309882,0.6441741927309882,0.6441741927309882,-0.392649471240804,-0.392649471240804,-0.392649471240804,-0.6619100111028773,-0.6619100111028773,-0.6619100111028773,0.9250819835815258,0.9250819835815258,0.9250819835815258,-3.442650430877114,-3.442650430877114,-3.442650430877114,-7.5978873121263195,-7.5978873121263195,-7.5978873121263195,0.0,0.0,0.0,45.75114312677222
382,2018-03-30 16:00:00,57.29838446408071,37.33717135557655,57.702713237430466,57.29838446408071,57.29838446408071,0.0,0.0,0.0,0.0,0.0,0.0,0.0,0.0,0.0,0.0,0.0,0.0,0.0,0.0,0.0,2.34476,2.34476,2.34476,0.0,0.0,0.0,0.0,0.0,0.0,0.0,0.0,0.0,0.0,0.0,0.0,-9.970405871983584,-9.970405871983584,-9.970405871983584,1.1159717925828616,1.1159717925828616,1.1159717925828616,0.47423357075528666,0.47423357075528666,0.47423357075528666,-6.65283334506589,-6.65283334506589,-6.65283334506589,-3.5244478888744597,-3.5244478888744597,-3.5244478888744597,2.34476,2.34476,2.34476,0.4539937083843171,0.4539937083843171,0.4539937083843171,0.5799362378198659,0.5799362378198659,0.5799362378198659,-0.19160322554804207,-0.19160322554804207,-0.19160322554804207,-0.6431707517651561,-0.6431707517651561,-0.6431707517651561,0.8247749829005182,0.8247749829005182,0.8247749829005182,-3.801774995837701,-3.801774995837701,-3.801774995837701,-7.603079302401075,-7.603079302401075,-7.603079302401075,0.0,0.0,0.0,47.327978592097125
383,2018-03-30 17:00:00,57.29812666370075,41.06075374707722,60.70172124342483,57.29812666370075,57.29812666370075,0.0,0.0,0.0,0.0,0.0,0.0,0.0,0.0,0.0,0.0,0.0,0.0,0.0,0.0,0.0,2.34476,2.34476,2.34476,0.0,0.0,0.0,0.0,0.0,0.0,0.0,0.0,0.0,0.0,0.0,0.0,-6.398450771432483,-6.398450771432483,-6.398450771432483,3.8717951173765566,3.8717951173765566,3.8717951173765566,0.47423357075528666,0.47423357075528666,0.47423357075528666,-5.7189377062424915,-5.7189377062424915,-5.7189377062424915,-3.434653055632992,-3.434653055632992,-3.434653055632992,2.34476,2.34476,2.34476,0.5674522007746873,0.5674522007746873,0.5674522007746873,0.7944351481317873,0.7944351481317873,0.7944351481317873,0.23207812443536238,0.23207812443536238,0.23207812443536238,-0.5698551093927582,-0.5698551093927582,-0.5698551093927582,0.7122023171786808,0.7122023171786808,0.7122023171786808,-3.7826285853138653,-3.7826285853138653,-3.7826285853138653,-7.608270499745228,-7.608270499745228,-7.608270499745228,0.0,0.0,0.0,50.89967589226826
384,2018-03-30 18:00:00,56.84971319058957,38.01000185664632,57.83654753022745,56.84971319058957,56.84971319058957,0.0,0.0,0.0,0.0,0.0,0.0,0.0,0.0,0.0,0.0,0.0,0.0,0.0,0.0,0.0,-3.8151551999999995,-3.8151551999999995,-3.8151551999999995,0.0,0.0,0.0,0.0,0.0,0.0,0.0,0.0,0.0,0.0,0.0,0.0,-9.473226029740658,-9.473226029740658,-9.473226029740658,6.131780415940897,6.131780415940897,6.131780415940897,0.45550399138512737,0.45550399138512737,0.45550399138512737,-4.5925939728407545,-4.5925939728407545,-4.5925939728407545,-3.2747177964889915,-3.2747177964889915,-3.2747177964889915,-3.8151551999999995,-3.8151551999999995,-3.8151551999999995,0.5864904325779907,0.5864904325779907,0.5864904325779907,1.3571439479964895,1.3571439479964895,1.3571439479964895,0.49690318651397675,0.49690318651397675,0.49690318651397675,-0.37379420372029615,-0.37379420372029615,-0.37379420372029615,0.6132700799966152,0.6132700799966152,0.6132700799966152,-3.840123531105051,-3.840123531105051,-3.840123531105051,-7.8105273528374175,-7.8105273528374175,-7.8105273528374175,0.0,0.0,0.0,47.37648716084891
385,2018-03-30 19:00:00,56.84937721809593,38.68969862189533,59.52312824442878,56.84937721809593,56.84937721809593,0.0,0.0,0.0,0.0,0.0,0.0,0.0,0.0,0.0,0.0,0.0,0.0,0.0,0.0,0.0,-3.8151551999999995,-3.8151551999999995,-3.8151551999999995,0.0,0.0,0.0,0.0,0.0,0.0,0.0,0.0,0.0,0.0,0.0,0.0,-8.19175863570853,-8.19175863570853,-8.19175863570853,6.412205501628451,6.412205501628451,6.412205501628451,0.45550399138512737,0.45550399138512737,0.45550399138512737,-3.4512452186136118,-3.4512452186136118,-3.4512452186136118,-3.314318966511174,-3.314318966511174,-3.314318966511174,-3.8151551999999995,-3.8151551999999995,-3.8151551999999995,0.6842159259876314,0.6842159259876314,0.6842159259876314,2.1638727242820988,2.1638727242820988,2.1638727242820988,0.5647755686707698,0.5647755686707698,0.5647755686707698,-0.02625232075832032,-0.02625232075832032,-0.02625232075832032,0.4780265627050793,0.4780265627050793,0.4780265627050793,-3.9790421416697446,-3.9790421416697446,-3.9790421416697446,-7.81559028142845,-7.81559028142845,-7.81559028142845,0.0,0.0,0.0,48.6576185823874
386,2018-03-30 20:00:00,56.8490412456023,36.84248711516163,55.96108994800137,56.8490412456023,56.8490412456023,0.0,0.0,0.0,0.0,0.0,0.0,0.0,0.0,0.0,0.0,0.0,0.0,0.0,0.0,0.0,-3.8151551999999995,-3.8151551999999995,-3.8151551999999995,0.0,0.0,0.0,0.0,0.0,0.0,0.0,0.0,0.0,0.0,0.0,0.0,-10.396741051140097,-10.396741051140097,-10.396741051140097,4.528962636893582,4.528962636893582,4.528962636893582,0.45550399138512737,0.45550399138512737,0.45550399138512737,-3.617897753799024,-3.617897753799024,-3.617897753799024,-3.3956333689567226,-3.3956333689567226,-3.3956333689567226,-3.8151551999999995,-3.8151551999999995,-3.8151551999999995,0.7819414193972719,0.7819414193972719,0.7819414193972719,1.994006705211265,1.994006705211265,1.994006705211265,0.5920138272994829,0.5920138272994829,0.5920138272994829,-0.1691604695438432,-0.1691604695438432,-0.1691604695438432,0.3279955704109736,0.3279955704109736,0.3279955704109736,-3.8765698585916057,-3.8765698585916057,-3.8765698585916057,-7.8206463046456305,-7.8206463046456305,-7.8206463046456305,0.0,0.0,0.0,46.452300194462204
387,2018-03-30 21:00:00,56.84870527310868,34.02155348516604,54.07103218047781,56.84870527310868,56.84870527310868,0.0,0.0,0.0,0.0,0.0,0.0,0.0,0.0,0.0,0.0,0.0,0.0,0.0,0.0,0.0,-3.8151551999999995,-3.8151551999999995,-3.8151551999999995,0.0,0.0,0.0,0.0,0.0,0.0,0.0,0.0,0.0,0.0,0.0,0.0,-13.737400259706986,-13.737400259706986,-13.737400259706986,1.4325703433886416,1.4325703433886416,1.4325703433886416,0.45550399138512737,0.45550399138512737,0.45550399138512737,-3.6916985077724718,-3.6916985077724718,-3.6916985077724718,-3.2578212972795266,-3.2578212972795266,-3.2578212972795266,-3.8151551999999995,-3.8151551999999995,-3.8151551999999995,0.8796669128069126,0.8796669128069126,0.8796669128069126,1.4946545348633546,1.4946545348633546,1.4946545348633546,0.6094284516686601,0.6094284516686601,0.6094284516686601,-0.3721168780303252,-0.3721168780303252,-0.3721168780303252,0.1625782705461745,0.1625782705461745,0.1625782705461745,-3.501014223186674,-3.501014223186674,-3.501014223186674,-7.8256951658693295,-7.8256951658693295,-7.8256951658693295,0.0,0.0,0.0,43.11130501340169
388,2018-03-30 22:00:00,56.84836930061504,28.668420413541526,47.84344047780825,56.84836930061504,56.84836930061504,0.0,0.0,0.0,0.0,0.0,0.0,0.0,0.0,0.0,0.0,0.0,0.0,0.0,0.0,0.0,-3.8151551999999995,-3.8151551999999995,-3.8151551999999995,0.0,0.0,0.0,0.0,0.0,0.0,0.0,0.0,0.0,0.0,0.0,0.0,-18.310313783345276,-18.310313783345276,-18.310313783345276,-1.6003036896939822,-1.6003036896939822,-1.6003036896939822,0.45550399138512737,0.45550399138512737,0.45550399138512737,-5.04543142518974,-5.04543142518974,-5.04543142518974,-3.4954283174126233,-3.4954283174126233,-3.4954283174126233,-3.8151551999999995,-3.8151551999999995,-3.8151551999999995,0.9773924062165532,0.9773924062165532,0.9773924062165532,0.8394570327329969,0.8394570327329969,0.8394570327329969,0.6094284516686601,0.6094284516686601,0.6094284516686601,-0.6487078843065308,-0.6487078843065308,-0.6487078843065308,-0.018686860367314543,-0.018686860367314543,-0.018686860367314543,-3.783077105473923,-3.783077105473923,-3.783077105473923,-7.830736608094241,-7.830736608094241,-7.830736608094241,0.0,0.0,0.0,38.53805551726977
389,2018-03-30 23:00:00,56.84803332812141,26.171621115013263,45.50909263180571,56.84803332812141,56.84803332812141,0.0,0.0,0.0,0.0,0.0,0.0,0.0,0.0,0.0,0.0,0.0,0.0,0.0,0.0,0.0,-3.8151551999999995,-3.8151551999999995,-3.8151551999999995,0.0,0.0,0.0,0.0,0.0,0.0,0.0,0.0,0.0,0.0,0.0,0.0,-21.40541538807658,-21.40541538807658,-21.40541538807658,-3.8867615644721125,-3.8867615644721125,-3.8867615644721125,0.45550399138512737,0.45550399138512737,0.45550399138512737,-5.6516170417208365,-5.6516170417208365,-5.6516170417208365,-3.5376695654362846,-3.5376695654362846,-3.5376695654362846,-3.8151551999999995,-3.8151551999999995,-3.8151551999999995,1.0751178996261939,1.0751178996261939,1.0751178996261939,0.4878613361165415,0.4878613361165415,0.4878613361165415,0.6094284516686601,0.6094284516686601,0.6094284516686601,-0.94240761262044,-0.94240761262044,-0.94240761262044,-0.21611120794534322,-0.21611120794534322,-0.21611120794534322,-3.799451542460635,-3.799451542460635,-3.799451542460635,-7.8357703739382885,-7.8357703739382885,-7.8357703739382885,0.0,0.0,0.0,35.442617940044826
390,2018-03-31 00:00:00,56.84769735562778,27.38050364101561,47.170782940337034,56.84769735562778,56.84769735562778,0.0,0.0,0.0,0.0,0.0,0.0,0.0,0.0,0.0,0.0,0.0,0.0,0.0,0.0,0.0,0.0,0.0,0.0,0.0,0.0,0.0,0.0,0.0,0.0,0.0,0.0,0.0,0.0,0.0,0.0,-19.557696685905714,-19.557696685905714,-19.557696685905714,-5.53336145601018,-5.53336145601018,-5.53336145601018,1.3662237210318784,1.3662237210318784,1.3662237210318784,-5.753694396642472,-5.753694396642472,-5.753694396642472,-3.5450617838404255,-3.5450617838404255,-3.5450617838404255,0.0,0.0,0.0,0.00013747212014714755,0.00013747212014714755,0.00013747212014714755,0.3703032657754567,0.3703032657754567,0.3703032657754567,0.609874980498639,0.609874980498639,0.609874980498639,-1.1666660573695529,-1.1666660573695529,-1.1666660573695529,-0.42984462759420117,-0.42984462759420117,-0.42984462759420117,-3.388505994858615,-3.388505994858615,-3.388505994858615,-7.840796205658863,-7.840796205658863,-7.840796205658863,0.0,0.0,0.0,37.29000066972206
391,2018-03-31 01:00:00,56.84736138313415,25.65556348171907,46.07976297944756,56.84736138313415,56.84736138313415,0.0,0.0,0.0,0.0,0.0,0.0,0.0,0.0,0.0,0.0,0.0,0.0,0.0,0.0,0.0,0.0,0.0,0.0,0.0,0.0,0.0,0.0,0.0,0.0,0.0,0.0,0.0,0.0,0.0,0.0,-21.409992807160652,-21.409992807160652,-21.409992807160652,-6.863244084819919,-6.863244084819919,-6.863244084819919,1.3662237210318784,1.3662237210318784,1.3662237210318784,-6.041069213399217,-6.041069213399217,-6.041069213399217,-3.4220341489715107,-3.4220341489715107,-3.4220341489715107,0.0,0.0,0.0,-1.0748429553858996,-1.0748429553858996,-1.0748429553858996,0.4819295068791473,0.4819295068791473,0.4819295068791473,0.609874980498639,0.609874980498639,0.609874980498639,-1.306722752482125,-1.306722752482125,-1.306722752482125,-0.6598656637811076,-0.6598656637811076,-0.6598656637811076,-2.6954975649693464,-2.6954975649693464,-2.6954975649693464,-7.845813845160405,-7.845813845160405,-7.845813845160405,0.0,0.0,0.0,35.437368575973494
392,2018-03-31 02:00:00,56.84702541064052,23.554193839834685,44.656678944754766,56.84702541064052,56.84702541064052,0.0,0.0,0.0,0.0,0.0,0.0,0.0,0.0,0.0,0.0,0.0,0.0,0.0,0.0,0.0,0.0,0.0,0.0,0.0,0.0,0.0,0.0,0.0,0.0,0.0,0.0,0.0,0.0,0.0,0.0,-22.868361363769704,-22.868361363769704,-22.868361363769704,-7.7612747305201095,-7.7612747305201095,-7.7612747305201095,1.3662237210318784,1.3662237210318784,1.3662237210318784,-6.350290060484425,-6.350290060484425,-6.350290060484425,-3.5096847386206087,-3.5096847386206087,-3.5096847386206087,0.0,0.0,0.0,-0.9771174619762589,-0.9771174619762589,-0.9771174619762589,0.3557433212836709,0.3557433212836709,0.3557433212836709,0.609874980498639,0.609874980498639,0.609874980498639,-1.3783445594438837,-1.3783445594438837,-1.3783445594438837,-0.905973538755149,-0.905973538755149,-0.905973538755149,-2.8169853232578617,-2.8169853232578617,-2.8169853232578617,-7.850823034010019,-7.850823034010019,-7.850823034010019,0.0,0.0,0.0,33.97866404687082
393,2018-03-31 03:00:00,56.84668943814689,25.261010361585686,44.0258676255132,56.84668943814689,56.84668943814689,0.0,0.0,0.0,0.0,0.0,0.0,0.0,0.0,0.0,0.0,0.0,0.0,0.0,0.0,0.0,0.0,0.0,0.0,0.0,0.0,0.0,0.0,0.0,0.0,0.0,0.0,0.0,0.0,0.0,0.0,-22.42115803851746,-22.42115803851746,-22.42115803851746,-7.638010023353256,-7.638010023353256,-7.638010023353256,1.3662237210318784,1.3662237210318784,1.3662237210318784,-5.759542453424033,-5.759542453424033,-5.759542453424033,-3.3570882301351315,-3.3570882301351315,-3.3570882301351315,0.0,0.0,0.0,-0.8793919685666183,-0.8793919685666183,-0.8793919685666183,0.46844807679416045,0.46844807679416045,0.46844807679416045,0.609874980498639,0.609874980498639,0.609874980498639,-1.3619067676821683,-1.3619067676821683,-1.3619067676821683,-1.167782048291768,-1.167782048291768,-1.167782048291768,-2.605702265364792,-2.605702265364792,-2.605702265364792,-7.855823513448411,-7.855823513448411,-7.855823513448411,0.0,0.0,0.0,34.42553139962943
394,2018-03-31 04:00:00,56.84635346565326,25.881814778394595,45.89949203463946,56.84635346565326,56.84635346565326,0.0,0.0,0.0,0.0,0.0,0.0,0.0,0.0,0.0,0.0,0.0,0.0,0.0,0.0,0.0,0.0,0.0,0.0,0.0,0.0,0.0,0.0,0.0,0.0,0.0,0.0,0.0,0.0,0.0,0.0,-20.880114479727528,-20.880114479727528,-20.880114479727528,-6.034658300742507,-6.034658300742507,-6.034658300742507,1.3662237210318784,1.3662237210318784,1.3662237210318784,-5.539925673987361,-5.539925673987361,-5.539925673987361,-3.275773827689583,-3.275773827689583,-3.275773827689583,0.0,0.0,0.0,-0.7816664751569777,-0.7816664751569777,-0.7816664751569777,0.6469422111193855,0.6469422111193855,0.6469422111193855,0.609874980498639,0.609874980498639,0.609874980498639,-1.201386699151951,-1.201386699151951,-1.201386699151951,-1.4447154805969287,-1.4447154805969287,-1.4447154805969287,-2.9041395846387523,-2.9041395846387523,-2.9041395846387523,-7.860815024400735,-7.860815024400735,-7.860815024400735,0.0,0.0,0.0,35.96623898592573
395,2018-03-31 05:00:00,56.84601749315963,28.518300558361222,48.7427787344158,56.84601749315963,56.84601749315963,0.0,0.0,0.0,0.0,0.0,0.0,0.0,0.0,0.0,0.0,0.0,0.0,0.0,0.0,0.0,0.0,0.0,0.0,0.0,0.0,0.0,0.0,0.0,0.0,0.0,0.0,0.0,0.0,0.0,0.0,-18.221102428607484,-18.221102428607484,-18.221102428607484,-3.222703273433741,-3.222703273433741,-3.222703273433741,1.3662237210318784,1.3662237210318784,1.3662237210318784,-5.396595196717509,-5.396595196717509,-5.396595196717509,-3.399329478158793,-3.399329478158793,-3.399329478158793,0.0,0.0,0.0,-0.6839409817473371,-0.6839409817473371,-0.6839409817473371,0.7542543945958803,0.7542543945958803,0.7542543945958803,0.6063027498588077,0.6063027498588077,0.6063027498588077,-1.0297962810679253,-1.0297962810679253,-1.0297962810679253,-1.7360066509659315,-1.7360066509659315,-1.7360066509659315,-3.0103093212300203,-3.0103093212300203,-3.0103093212300203,-7.8657973074903005,-7.8657973074903005,-7.8657973074903005,0.0,0.0,0.0,38.62491506455214
396,2018-03-31 06:00:00,56.845681520666,30.232736373042975,51.19286994526315,56.845681520666,56.845681520666,0.0,0.0,0.0,0.0,0.0,0.0,0.0,0.0,0.0,0.0,0.0,0.0,0.0,0.0,0.0,0.0,0.0,0.0,0.0,0.0,0.0,0.0,0.0,0.0,0.0,0.0,0.0,0.0,0.0,0.0,-15.370140090045009,-15.370140090045009,-15.370140090045009,-0.16119100800789823,-0.16119100800789823,-0.16119100800789823,1.3662237210318784,1.3662237210318784,1.3662237210318784,-5.297481858801992,-5.297481858801992,-5.297481858801992,-3.4114738369655955,-3.4114738369655955,-3.4114738369655955,0.0,0.0,0.0,-0.5862154883376964,-0.5862154883376964,-0.5862154883376964,0.7920023988338433,0.7920023988338433,0.7920023988338433,0.5411095406818881,0.5411095406818881,0.5411095406818881,-0.8694439451067046,-0.8694439451067046,-0.8694439451067046,-2.0406971201826996,-2.0406971201826996,-2.0406971201826996,-3.1296842489396046,-3.1296842489396046,-3.1296842489396046,-7.870770103052417,-7.870770103052417,-7.870770103052417,0.0,0.0,0.0,41.47554143062099
397,2018-03-31 07:00:00,56.84534554817237,34.819416256160075,53.766215731909526,56.84534554817237,56.84534554817237,0.0,0.0,0.0,0.0,0.0,0.0,0.0,0.0,0.0,0.0,0.0,0.0,0.0,0.0,0.0,0.0,0.0,0.0,0.0,0.0,0.0,0.0,0.0,0.0,0.0,0.0,0.0,0.0,0.0,0.0,-12.927883841152337,-12.927883841152337,-12.927883841152337,2.1686056565298295,2.1686056565298295,2.1686056565298295,1.3662237210318784,1.3662237210318784,1.3662237210318784,-4.863116708405581,-4.863116708405581,-4.863116708405581,-3.4024975717605677,-3.4024975717605677,-3.4024975717605677,0.0,0.0,0.0,-0.4884899949280559,-0.4884899949280559,-0.4884899949280559,1.1743357560440686,1.1743357560440686,1.1743357560440686,0.12226549816167771,0.12226549816167771,0.12226549816167771,-0.47040816346262154,-0.47040816346262154,-0.47040816346262154,-2.357639638133959,-2.357639638133959,-2.357639638133959,-3.164545953491961,-3.164545953491961,-3.164545953491961,-7.875733151142628,-7.875733151142628,-7.875733151142628,0.0,0.0,0.0,43.91746170702003
398,2018-03-31 08:00:00,56.845009575678745,34.02921296753616,54.377323086956274,56.845009575678745,56.845009575678745,0.0,0.0,0.0,0.0,0.0,0.0,0.0,0.0,0.0,0.0,0.0,0.0,0.0,0.0,0.0,0.0,0.0,0.0,0.0,0.0,0.0,0.0,0.0,0.0,0.0,0.0,0.0,0.0,0.0,0.0,-12.760622899474734,-12.760622899474734,-12.760622899474734,3.408200450307009,3.408200450307009,3.408200450307009,1.3662237210318784,1.3662237210318784,1.3662237210318784,-5.602634329747969,-5.602634329747969,-5.602634329747969,-3.4188660553697363,-3.4188660553697363,-3.4188660553697363,0.0,0.0,0.0,-0.39076450151841524,-0.39076450151841524,-0.39076450151841524,1.0141763666344257,1.0141763666344257,1.0141763666344257,-0.5064470944486168,-0.5064470944486168,-0.5064470944486168,-0.14534244474625604,-0.14534244474625604,-0.14534244474625604,-2.6855028284824956,-2.6855028284824956,-2.6855028284824956,-3.5216143213312487,-3.5216143213312487,-3.5216143213312487,-7.880686191551277,-7.880686191551277,-7.880686191551277,0.0,0.0,0.0,44.08438667620401
399,2018-03-31 09:00:00,56.84467360318511,33.54495210717778,52.82867369496597,56.84467360318511,56.84467360318511,0.0,0.0,0.0,0.0,0.0,0.0,0.0,0.0,0.0,0.0,0.0,0.0,0.0,0.0,0.0,0.0,0.0,0.0,0.0,0.0,0.0,0.0,0.0,0.0,0.0,0.0,0.0,0.0,0.0,0.0,-13.601789666623686,-13.601789666623686,-13.601789666623686,3.846081848718845,3.846081848718845,3.846081848718845,1.3662237210318784,1.3662237210318784,1.3662237210318784,-6.5394644490714935,-6.5394644490714935,-6.5394644490714935,-3.5371415498359884,-3.5371415498359884,-3.5371415498359884,0.0,0.0,0.0,-0.2930390081087747,-0.2930390081087747,-0.2930390081087747,0.8610273208689757,0.8610273208689757,0.8610273208689757,-1.126675639289312,-1.126675639289312,-1.126675639289312,-0.061643892816706854,-0.061643892816706854,-0.061643892816706854,-3.022778102453276,-3.022778102453276,-3.022778102453276,-3.748215400921566,-3.748215400921566,-3.748215400921566,-7.885628963817762,-7.885628963817762,-7.885628963817762,0.0,0.0,0.0,43.24288393656142
400,2018-03-31 10:00:00,56.844337630691484,33.05480392322361,53.28916009382591,56.844337630691484,56.844337630691484,0.0,0.0,0.0,0.0,0.0,0.0,0.0,0.0,0.0,0.0,0.0,0.0,0.0,0.0,0.0,0.0,0.0,0.0,0.0,0.0,0.0,0.0,0.0,0.0,0.0,0.0,0.0,0.0,0.0,0.0,-13.568957922753043,-13.568957922753043,-13.568957922753043,3.8725764105329588,3.8725764105329588,3.8725764105329588,1.3662237210318784,1.3662237210318784,1.3662237210318784,-6.183184363824526,-6.183184363824526,-6.183184363824526,-3.494900301812327,-3.494900301812327,-3.494900301812327,0.0,0.0,0.0,-0.19531351469913402,-0.19531351469913402,-0.19531351469913402,1.1026145479919387,1.1026145479919387,1.1026145479919387,-1.3419025353391427,-1.3419025353391427,-1.3419025353391427,-0.09300988321916316,-0.09300988321916316,-0.09300988321916316,-3.3677887622225273,-3.3677887622225273,-3.3677887622225273,-3.526896397778575,-3.526896397778575,-3.526896397778575,-7.8905612072389495,-7.8905612072389495,-7.8905612072389495,0.0,0.0,0.0,43.27537970793844
401,2018-03-31 11:00:00,56.84400165819785,32.20313828640037,52.776989426797755,56.84400165819785,56.84400165819785,0.0,0.0,0.0,0.0,0.0,0.0,0.0,0.0,0.0,0.0,0.0,0.0,0.0,0.0,0.0,0.0,0.0,0.0,0.0,0.0,0.0,0.0,0.0,0.0,0.0,0.0,0.0,0.0,0.0,0.0,-14.604567557837235,-14.604567557837235,-14.604567557837235,3.498449574465146,3.498449574465146,3.498449574465146,1.3662237210318784,1.3662237210318784,1.3662237210318784,-6.488833242630005,-6.488833242630005,-6.488833242630005,-3.4780038026028626,-3.4780038026028626,-3.4780038026028626,0.0,0.0,0.0,-0.09758802128949345,-0.09758802128949345,-0.09758802128949345,0.837300003919399,0.837300003919399,0.837300003919399,-1.4705028383730665,-1.4705028383730665,-1.4705028383730665,-0.10827354699789858,-0.10827354699789858,-0.10827354699789858,-3.7187012287873915,-3.7187012287873915,-3.7187012287873915,-3.5379887583179612,-3.5379887583179612,-3.5379887583179612,-7.895482660884986,-7.895482660884986,-7.895482660884986,0.0,0.0,0.0,42.23943410036061
402,2018-03-31 12:00:00,56.84366568570422,29.859253564313068,50.48882511026008,56.84366568570422,56.84366568570422,0.0,0.0,0.0,0.0,0.0,0.0,0.0,0.0,0.0,0.0,0.0,0.0,0.0,0.0,0.0,0.0,0.0,0.0,0.0,0.0,0.0,0.0,0.0,0.0,0.0,0.0,0.0,0.0,0.0,0.0,-16.06001186305418,-16.06001186305418,-16.06001186305418,2.4766190240173076,2.4766190240173076,2.4766190240173076,1.3662237210318784,1.3662237210318784,1.3662237210318784,-6.562699521891347,-6.562699521891347,-6.562699521891347,-3.384017025750216,-3.384017025750216,-3.384017025750216,0.0,0.0,0.0,0.00013747212014714755,0.00013747212014714755,0.00013747212014714755,0.6615021556111713,0.6615021556111713,0.6615021556111713,-1.5097973754112102,-1.5097973754112102,-1.5097973754112102,-0.18358547047759316,-0.18358547047759316,-0.18358547047759316,-4.073538301570147,-4.073538301570147,-4.073538301570147,-3.5131629990155258,-3.5131629990155258,-3.5131629990155258,-7.900393063609992,-7.900393063609992,-7.900393063609992,0.0,0.0,0.0,40.78365382265004
403,2018-03-31 13:00:00,56.84332971321059,28.610389371405585,47.832066617340345,56.84332971321059,56.84332971321059,0.0,0.0,0.0,0.0,0.0,0.0,0.0,0.0,0.0,0.0,0.0,0.0,0.0,0.0,0.0,0.0,0.0,0.0,0.0,0.0,0.0,0.0,0.0,0.0,0.0,0.0,0.0,0.0,0.0,0.0,-18.389284824499885,-18.389284824499885,-18.389284824499885,0.8905808610473843,0.8905808610473843,0.8905808610473843,1.3662237210318784,1.3662237210318784,1.3662237210318784,-6.944379199899731,-6.944379199899731,-6.944379199899731,-3.4790598338034537,-3.4790598338034537,-3.4790598338034537,0.0,0.0,0.0,0.09786296552978775,0.09786296552978775,0.09786296552978775,0.5250700831511049,0.5250700831511049,0.5250700831511049,-1.5142626637109988,-1.5142626637109988,-1.5142626637109988,-0.3721168780303252,-0.3721168780303252,-0.3721168780303252,-4.430194331583106,-4.430194331583106,-4.430194331583106,-3.5680965940677245,-3.5680965940677245,-3.5680965940677245,-7.905292154064434,-7.905292154064434,-7.905292154064434,0.0,0.0,0.0,38.45404488871071
404,2018-03-31 14:00:00,56.842993740716956,27.445880930318644,47.22283166834017,56.842993740716956,56.842993740716956,0.0,0.0,0.0,0.0,0.0,0.0,0.0,0.0,0.0,0.0,0.0,0.0,0.0,0.0,0.0,0.0,0.0,0.0,0.0,0.0,0.0,0.0,0.0,0.0,0.0,0.0,0.0,0.0,0.0,0.0,-19.879572068182508,-19.879572068182508,-19.879572068182508,-0.4815873982321488,-0.4815873982321488,-0.4815873982321488,1.3662237210318784,1.3662237210318784,1.3662237210318784,-6.7013528325227485,-6.7013528325227485,-6.7013528325227485,-3.473779677800496,-3.473779677800496,-3.473779677800496,0.0,0.0,0.0,0.19558845893942833,0.19558845893942833,0.19558845893942833,0.5633573445924674,0.5633573445924674,0.5633573445924674,-1.4597861464535729,-1.4597861464535729,-1.4597861464535729,-0.5081479914869674,-0.5081479914869674,-0.5081479914869674,-4.786452166719017,-4.786452166719017,-4.786452166719017,-3.3848085413454863,-3.3848085413454863,-3.3848085413454863,-7.9101796707085965,-7.9101796707085965,-7.9101796707085965,0.0,0.0,0.0,36.96342167253445
405,2018-03-31 15:00:00,56.842657768223326,25.85019196610236,46.72337627154142,56.842657768223326,56.842657768223326,0.0,0.0,0.0,0.0,0.0,0.0,0.0,0.0,0.0,0.0,0.0,0.0,0.0,0.0,0.0,0.0,0.0,0.0,0.0,0.0,0.0,0.0,0.0,0.0,0.0,0.0,0.0,0.0,0.0,0.0,-19.792734612595247,-19.792734612595247,-19.792734612595247,-0.5544891446595382,-0.5544891446595382,-0.5544891446595382,1.3662237210318784,1.3662237210318784,1.3662237210318784,-6.183188412135236,-6.183188412135236,-6.183188412135236,-3.473779677800496,-3.473779677800496,-3.473779677800496,0.0,0.0,0.0,0.29331395234906893,0.29331395234906893,0.29331395234906893,0.5304626551850997,0.5304626551850997,0.5304626551850997,-1.316896920860324,-1.316896920860324,-1.316896920860324,-0.5938593342444817,-0.5938593342444817,-0.5938593342444817,-5.140001703975096,-5.140001703975096,-5.140001703975096,-2.988652807795981,-2.988652807795981,-2.988652807795981,-7.9150553518253774,-7.9150553518253774,-7.9150553518253774,0.0,0.0,0.0,37.04992315562808
406,2018-03-31 16:00:00,56.8423217957297,30.146507072079935,49.405960376517804,56.8423217957297,56.8423217957297,0.0,0.0,0.0,0.0,0.0,0.0,0.0,0.0,0.0,0.0,0.0,0.0,0.0,0.0,0.0,0.0,0.0,0.0,0.0,0.0,0.0,0.0,0.0,0.0,0.0,0.0,0.0,0.0,0.0,0.0,-17.478229538859907,-17.478229538859907,-17.478229538859907,1.1542376457043324,1.1542376457043324,1.1542376457043324,1.3662237210318784,1.3662237210318784,1.3662237210318784,-5.224088386629731,-5.224088386629731,-5.224088386629731,-3.358144261335723,-3.358144261335723,-3.358144261335723,0.0,0.0,0.0,0.3910394457587095,0.3910394457587095,0.3910394457587095,0.5250700831511049,0.5250700831511049,0.5250700831511049,-1.0020940957251983,-1.0020940957251983,-1.0020940957251983,-0.6086198003162258,-0.6086198003162258,-0.6086198003162258,-5.488459862402385,-5.488459862402385,-5.488459862402385,-2.5375634791942767,-2.5375634791942767,-2.5375634791942767,-7.9199189355321185,-7.9199189355321185,-7.9199189355321185,0.0,0.0,0.0,39.364092256869796
407,2018-03-31 17:00:00,56.841985823236065,34.45364057280781,54.28862255088683,56.841985823236065,56.841985823236065,0.0,0.0,0.0,0.0,0.0,0.0,0.0,0.0,0.0,0.0,0.0,0.0,0.0,0.0,0.0,0.0,0.0,0.0,0.0,0.0,0.0,0.0,0.0,0.0,0.0,0.0,0.0,0.0,0.0,0.0,-12.205779507631265,-12.205779507631265,-12.205779507631265,3.916714304892792,3.916714304892792,3.916714304892792,1.3662237210318784,1.3662237210318784,1.3662237210318784,-2.3683318798314827,-2.3683318798314827,-2.3683318798314827,-3.195515456444626,-3.195515456444626,-3.195515456444626,0.0,0.0,0.0,0.48876493916835007,0.48876493916835007,0.48876493916835007,1.420776297997627,1.420776297997627,1.420776297997627,-0.3943683581239122,-0.3943683581239122,-0.3943683581239122,-0.5588032273240893,-0.5588032273240893,-0.5588032273240893,-5.829391772901147,-5.829391772901147,-5.829391772901147,-1.4954097961367105,-1.4954097961367105,-1.4954097961367105,-7.924770159791428,-7.924770159791428,-7.924770159791428,0.0,0.0,0.0,44.6362063156048
408,2018-03-31 18:00:00,56.687601032418385,38.520227868898566,59.70560282606452,56.687601032418385,56.687601032418385,0.0,0.0,0.0,0.0,0.0,0.0,0.0,0.0,0.0,0.0,0.0,0.0,0.0,0.0,0.0,0.0,0.0,0.0,0.0,0.0,0.0,0.0,0.0,0.0,0.0,0.0,0.0,0.0,0.0,0.0,-8.01478487018606,-8.01478487018606,-8.01478487018606,6.151630575969366,6.151630575969366,6.151630575969366,1.3530074963915082,1.3530074963915082,1.3530074963915082,0.23496649309306833,0.23496649309306833,0.23496649309306833,-2.7602382032071797,-2.7602382032071797,-2.7602382032071797,0.0,0.0,0.0,0.5236263388517677,0.5236263388517677,0.5236263388517677,2.209666530049334,2.209666530049334,2.209666530049334,0.2326752944162326,0.2326752944162326,0.2326752944162326,-0.35667786961667103,-0.35667786961667103,-0.35667786961667103,-6.190541917824862,-6.190541917824862,-6.190541917824862,-0.9670930937919231,-0.9670930937919231,-0.9670930937919231,-8.210840021423634,-8.210840021423634,-8.210840021423634,0.0,0.0,0.0,48.67281616223232
409,2018-03-31 19:00:00,56.68725775419922,40.47543249220048,60.65528814540079,56.68725775419922,56.68725775419922,0.0,0.0,0.0,0.0,0.0,0.0,0.0,0.0,0.0,0.0,0.0,0.0,0.0,0.0,0.0,0.0,0.0,0.0,0.0,0.0,0.0,0.0,0.0,0.0,0.0,0.0,0.0,0.0,0.0,0.0,-6.340767222426796,-6.340767222426796,-6.340767222426796,6.414202518859353,6.414202518859353,6.414202518859353,1.3530074963915082,1.3530074963915082,1.3530074963915082,1.9625255974033637,1.9625255974033637,1.9625255974033637,-2.4400585902998637,-2.4400585902998637,-2.4400585902998637,0.0,0.0,0.0,0.6108769564225398,0.6108769564225398,0.6108769564225398,2.55075994886304,2.55075994886304,2.55075994886304,0.39875918539580496,0.39875918539580496,0.39875918539580496,0.1389527474429337,0.1389527474429337,0.1389527474429337,-6.501683194216488,-6.501683194216488,-6.501683194216488,-0.6497721468125991,-0.6497721468125991,-0.6497721468125991,-8.215812144473029,-8.215812144473029,-8.215812144473029,0.0,0.0,0.0,50.346490531772425
410,2018-03-31 20:00:00,56.68691447598006,37.44079717685284,57.81864265203188,56.68691447598006,56.68691447598006,0.0,0.0,0.0,0.0,0.0,0.0,0.0,0.0,0.0,0.0,0.0,0.0,0.0,0.0,0.0,0.0,0.0,0.0,0.0,0.0,0.0,0.0,0.0,0.0,0.0,0.0,0.0,0.0,0.0,0.0,-8.666902653626318,-8.666902653626318,-8.666902653626318,4.550465230242731,4.550465230242731,4.550465230242731,1.3530074963915082,1.3530074963915082,1.3530074963915082,1.8011607996027865,1.8011607996027865,1.8011607996027865,-2.4996268903756436,-2.4996268903756436,-2.4996268903756436,0.0,0.0,0.0,0.6981275739933119,0.6981275739933119,0.6981275739933119,2.3261374535466968,2.3261374535466968,2.3261374535466968,0.4112655024876403,0.4112655024876403,0.4112655024876403,-0.108038570036063,-0.108038570036063,-0.108038570036063,-6.797763850743502,-6.797763850743502,-6.797763850743502,-0.379711766404664,-0.379711766404664,-0.379711766404664,-8.220764832728333,-8.220764832728333,-8.220764832728333,0.0,0.0,0.0,48.020011822353744
411,2018-03-31 21:00:00,56.68657119776089,34.91139974191068,55.406191652806505,56.68657119776089,56.68657119776089,0.0,0.0,0.0,0.0,0.0,0.0,0.0,0.0,0.0,0.0,0.0,0.0,0.0,0.0,0.0,0.0,0.0,0.0,0.0,0.0,0.0,0.0,0.0,0.0,0.0,0.0,0.0,0.0,0.0,0.0,-12.0378598294081,-12.0378598294081,-12.0378598294081,1.4949954302874415,1.4949954302874415,1.4949954302874415,1.3530074963915082,1.3530074963915082,1.3530074963915082,1.7692781020175727,1.7692781020175727,1.7692781020175727,-2.614792270522151,-2.614792270522151,-2.614792270522151,0.0,0.0,0.0,0.7853781915640841,0.7853781915640841,0.7853781915640841,2.395628508742603,2.395628508742603,2.395628508742603,0.4557879913345738,0.4557879913345738,0.4557879913345738,-0.36780174880254746,-0.36780174880254746,-0.36780174880254746,-7.076435541407191,-7.076435541407191,-7.076435541407191,-0.23793006669049807,-0.23793006669049807,-0.23793006669049807,-8.225697820305921,-8.225697820305921,-8.225697820305921,0.0,0.0,0.0,44.64871136835279
412,2018-03-31 22:00:00,56.686227919541736,24.551275526938188,44.17246017297582,56.686227919541736,56.686227919541736,0.0,0.0,0.0,0.0,0.0,0.0,0.0,0.0,0.0,0.0,0.0,0.0,0.0,0.0,0.0,0.0,0.0,0.0,0.0,0.0,0.0,0.0,0.0,0.0,0.0,0.0,0.0,0.0,0.0,0.0,-21.353800254902737,-21.353800254902737,-21.353800254902737,-1.5128360792382625,-1.5128360792382625,-1.5128360792382625,1.3530074963915082,1.3530074963915082,1.3530074963915082,-4.274938702576165,-4.274938702576165,-4.274938702576165,-2.664432520585301,-2.664432520585301,-2.664432520585301,0.0,0.0,0.0,0.8726288091348563,0.8726288091348563,0.8726288091348563,-0.3468213033549714,-0.3468213033549714,-0.3468213033549714,0.7084155965896464,0.7084155965896464,0.7084155965896464,-0.34493599714269035,-0.34493599714269035,-0.34493599714269035,-7.335414631641267,-7.335414631641267,-7.335414631641267,-3.8528007836092133,-3.8528007836092133,-3.8528007836092133,-8.230610841447046,-8.230610841447046,-8.230610841447046,0.0,0.0,0.0,35.332427664639
413,2018-03-31 23:00:00,56.685884641322566,22.3375041085683,42.851156332985305,56.685884641322566,56.685884641322566,0.0,0.0,0.0,0.0,0.0,0.0,0.0,0.0,0.0,0.0,0.0,0.0,0.0,0.0,0.0,0.0,0.0,0.0,0.0,0.0,0.0,0.0,0.0,0.0,0.0,0.0,0.0,0.0,0.0,0.0,-24.472462248711377,-24.472462248711377,-24.472462248711377,-3.8176137544306106,-3.8176137544306106,-3.8176137544306106,1.3530074963915082,1.3530074963915082,1.3530074963915082,-4.846839915711694,-4.846839915711694,-4.846839915711694,-2.8773891933562132,-2.8773891933562132,-2.8773891933562132,0.0,0.0,0.0,0.9598794267056283,0.9598794267056283,0.9598794267056283,-0.5856356338873797,-0.5856356338873797,-0.5856356338873797,0.707915343905973,0.707915343905973,0.707915343905973,-0.7701153793584111,-0.7701153793584111,-0.7701153793584111,-7.572504948031893,-7.572504948031893,-7.572504948031893,-3.6345019761127992,-3.6345019761127992,-3.6345019761127992,-8.235503630537178,-8.235503630537178,-8.235503630537178,0.0,0.0,0.0,32.21342239261119
414,2018-04-01 00:00:00,56.685541363103404,19.763668034333207,40.11233754113153,56.685541363103404,56.685541363103404,0.0,0.0,0.0,0.0,0.0,0.0,0.0,0.0,0.0,0.0,0.0,0.0,0.0,0.0,0.0,0.0,0.0,0.0,0.0,0.0,0.0,0.0,0.0,0.0,0.0,0.0,0.0,0.0,0.0,0.0,-26.69724779472386,-26.69724779472386,-26.69724779472386,-5.520644271951035,-5.520644271951035,-5.520644271951035,2.2555516292421265,2.2555516292421265,2.2555516292421265,-5.150607594539056,-5.150607594539056,-5.150607594539056,-2.9612812159629365,-2.9612812159629365,-2.9612812159629365,0.0,0.0,0.0,0.00012263342713481388,0.00012263342713481388,0.00012263342713481388,-0.6502329528018836,-0.6502329528018836,-0.6502329528018836,0.707915343905973,0.707915343905973,0.707915343905973,-1.042032426124279,-1.042032426124279,-1.042032426124279,-7.785620006116056,-7.785620006116056,-7.785620006116056,-3.4606506062251907,-3.4606506062251907,-3.4606506062251907,-8.240375922117714,-8.240375922117714,-8.240375922117714,0.0,0.0,0.0,29.988293568379543
415,2018-04-01 01:00:00,56.685198084884235,17.27155808036371,36.912471272844805,56.685198084884235,56.685198084884235,0.0,0.0,0.0,0.0,0.0,0.0,0.0,0.0,0.0,0.0,0.0,0.0,0.0,0.0,0.0,0.0,0.0,0.0,0.0,0.0,0.0,0.0,0.0,0.0,0.0,0.0,0.0,0.0,0.0,0.0,-29.113087080461543,-29.113087080461543,-29.113087080461543,-6.912899894382674,-6.912899894382674,-6.912899894382674,2.2555516292421265,2.2555516292421265,2.2555516292421265,-5.982155269518419,-5.982155269518419,-5.982155269518419,-2.8932740733764213,-2.8932740733764213,-2.8932740733764213,0.0,0.0,0.0,-0.9596341598513588,-0.9596341598513588,-0.9596341598513588,-0.6365304912139587,-0.6365304912139587,-0.6365304912139587,0.7084155965896464,0.7084155965896464,0.7084155965896464,-1.1293754775096794,-1.1293754775096794,-1.1293754775096794,-7.972804465664685,-7.972804465664685,-7.972804465664685,-3.3273082933987728,-3.3273082933987728,-3.3273082933987728,-8.245227450895767,-8.245227450895767,-8.245227450895767,0.0,0.0,0.0,27.57211100442269
416,2018-04-01 02:00:00,56.684854806665065,16.13570330739693,36.33022413893626,56.684854806665065,56.684854806665065,0.0,0.0,0.0,0.0,0.0,0.0,0.0,0.0,0.0,0.0,0.0,0.0,0.0,0.0,0.0,0.0,0.0,0.0,0.0,0.0,0.0,0.0,0.0,0.0,0.0,0.0,0.0,0.0,0.0,0.0,-30.409984229613542,-30.409984229613542,-30.409984229613542,-7.848333800266778,-7.848333800266778,-7.848333800266778,2.2555516292421265,2.2555516292421265,2.2555516292421265,-6.179337906869954,-6.179337906869954,-6.179337906869954,-2.9543315809540953,-2.9543315809540953,-2.9543315809540953,0.0,0.0,0.0,-0.8723835422805866,-0.8723835422805866,-0.8723835422805866,-0.6698078979274908,-0.6698078979274908,-0.6698078979274908,0.7084155965896464,0.7084155965896464,0.7084155965896464,-1.1641890994062185,-1.1641890994062185,-1.1641890994062185,-8.13225457071512,-8.13225457071512,-8.13225457071512,-3.4825930121333353,-3.4825930121333353,-3.4825930121333353,-8.25005795176169,-8.25005795176169,-8.25005795176169,0.0,0.0,0.0,26.274870577051523
417,2018-04-01 03:00:00,56.68451152844591,15.975333419110804,35.227200811239015,56.68451152844591,56.68451152844591,0.0,0.0,0.0,0.0,0.0,0.0,0.0,0.0,0.0,0.0,0.0,0.0,0.0,0.0,0.0,0.0,0.0,0.0,0.0,0.0,0.0,0.0,0.0,0.0,0.0,0.0,0.0,0.0,0.0,0.0,-30.629606089790514,-30.629606089790514,-30.629606089790514,-7.731768411685189,-7.731768411685189,-7.731768411685189,2.2555516292421265,2.2555516292421265,2.2555516292421265,-6.380633178003386,-6.380633178003386,-6.380633178003386,-2.9751804859806184,-2.9751804859806184,-2.9751804859806184,0.0,0.0,0.0,-0.7851329247098146,-0.7851329247098146,-0.7851329247098146,-0.6820422386309954,-0.6820422386309954,-0.6820422386309954,0.7089158492733197,0.7089158492733197,0.7089158492733197,-1.0696361263262688,-1.0696361263262688,-1.0696361263262688,-8.262337340303054,-8.262337340303054,-8.262337340303054,-3.833108880871135,-3.833108880871135,-3.833108880871135,-8.254867159798883,-8.254867159798883,-8.254867159798883,0.0,0.0,0.0,26.054905438655396
418,2018-04-01 04:00:00,56.68416825022674,18.027767368289116,37.80557271048671,56.68416825022674,56.68416825022674,0.0,0.0,0.0,0.0,0.0,0.0,0.0,0.0,0.0,0.0,0.0,0.0,0.0,0.0,0.0,0.0,0.0,0.0,0.0,0.0,0.0,0.0,0.0,0.0,0.0,0.0,0.0,0.0,0.0,0.0,-28.322375904885398,-28.322375904885398,-28.322375904885398,-6.1224542380787295,-6.1224542380787295,-6.1224542380787295,2.2555516292421265,2.2555516292421265,2.2555516292421265,-5.578658567973839,-5.578658567973839,-5.578658567973839,-2.879871205859371,-2.879871205859371,-2.879871205859371,0.0,0.0,0.0,-0.6978823071390423,-0.6978823071390423,-0.6978823071390423,-0.4750371939276989,-0.4750371939276989,-0.4750371939276989,0.7084155965896464,0.7084155965896464,0.7084155965896464,-0.6285949163825391,-0.6285949163825391,-0.6285949163825391,-8.361608288534452,-8.361608288534452,-8.361608288534452,-3.861240170496961,-3.861240170496961,-3.861240170496961,-8.259654810298374,-8.259654810298374,-8.259654810298374,0.0,0.0,0.0,28.361792345341343
419,2018-04-01 05:00:00,56.68382497200758,22.37381688492548,41.89584022567701,56.68382497200758,56.68382497200758,0.0,0.0,0.0,0.0,0.0,0.0,0.0,0.0,0.0,0.0,0.0,0.0,0.0,0.0,0.0,0.0,0.0,0.0,0.0,0.0,0.0,0.0,0.0,0.0,0.0,0.0,0.0,0.0,0.0,0.0,-24.407732003082405,-24.407732003082405,-24.407732003082405,-3.3110457375755615,-3.3110457375755615,-3.3110457375755615,2.2555516292421265,2.2555516292421265,2.2555516292421265,-4.403438158347125,-4.403438158347125,-4.403438158347125,-2.604864220509521,-2.604864220509521,-2.604864220509521,0.0,0.0,0.0,-0.6106316895682702,-0.6106316895682702,-0.6106316895682702,-0.4114186222694754,-0.4114186222694754,-0.4114186222694754,0.7074150912222995,0.7074150912222995,0.7074150912222995,0.03904383253274739,0.03904383253274739,0.03904383253274739,-8.428827468390502,-8.428827468390502,-8.428827468390502,-3.7785341789970315,-3.7785341789970315,-3.7785341789970315,-8.264420638769213,-8.264420638769213,-8.264420638769213,0.0,0.0,0.0,32.27609296892517
420,2018-04-01 06:00:00,56.683481693788416,26.225644041308414,46.15469746193211,56.683481693788416,56.683481693788416,0.0,0.0,0.0,0.0,0.0,0.0,0.0,0.0,0.0,0.0,0.0,0.0,0.0,0.0,0.0,0.0,0.0,0.0,0.0,0.0,0.0,0.0,0.0,0.0,0.0,0.0,0.0,0.0,0.0,0.0,-20.862784225798862,-20.862784225798862,-20.862784225798862,-0.2568724001181423,-0.2568724001181423,-0.2568724001181423,2.2555516292421265,2.2555516292421265,2.2555516292421265,-3.8737737943709143,-3.8737737943709143,-3.8737737943709143,-2.6515260555688815,-2.6515260555688815,-2.6515260555688815,0.0,0.0,0.0,-0.523381071997498,-0.523381071997498,-0.523381071997498,-0.28907521523443014,-0.28907521523443014,-0.28907521523443014,0.6984105429161782,0.6984105429161782,0.6984105429161782,0.4817330245780884,0.4817330245780884,0.4817330245780884,-8.462973650353144,-8.462973650353144,-8.462973650353144,-3.845486648306498,-3.845486648306498,-3.845486648306498,-8.269164380956662,-8.269164380956662,-8.269164380956662,0.0,0.0,0.0,35.820697467989554
421,2018-04-01 07:00:00,56.68313841556925,28.973212767796912,48.84653433230911,56.68313841556925,56.68313841556925,0.0,0.0,0.0,0.0,0.0,0.0,0.0,0.0,0.0,0.0,0.0,0.0,0.0,0.0,0.0,0.0,0.0,0.0,0.0,0.0,0.0,0.0,0.0,0.0,0.0,0.0,0.0,0.0,0.0,0.0,-17.463756875298316,-17.463756875298316,-17.463756875298316,2.0753874567141657,2.0753874567141657,2.0753874567141657,2.2555516292421265,2.2555516292421265,2.2555516292421265,-2.802002091461547,-2.802002091461547,-2.802002091461547,-2.449490237811862,-2.449490237811862,-2.449490237811862,0.0,0.0,0.0,-0.43613045442672593,-0.43613045442672593,-0.43613045442672593,0.28006631429260037,0.28006631429260037,0.28006631429260037,0.5338274099876259,0.5338274099876259,0.5338274099876259,0.8107114516122483,0.8107114516122483,0.8107114516122483,-8.463256467701456,-8.463256467701456,-8.463256467701456,-3.7965382043575597,-3.7965382043575597,-3.7965382043575597,-8.27388577284948,-8.27388577284948,-8.27388577284948,0.0,0.0,0.0,39.21938154027094
422,2018-04-01 08:00:00,56.682795137350084,30.520545312359573,51.41306733468032,56.682795137350084,56.682795137350084,0.0,0.0,0.0,0.0,0.0,0.0,0.0,0.0,0.0,0.0,0.0,0.0,0.0,0.0,0.0,0.0,0.0,0.0,0.0,0.0,0.0,0.0,0.0,0.0,0.0,0.0,0.0,0.0,0.0,0.0,-15.821318728928066,-15.821318728928066,-15.821318728928066,3.340555749047575,3.340555749047575,3.340555749047575,2.2555516292421265,2.2555516292421265,2.2555516292421265,-2.4541635454588326,-2.4541635454588326,-2.4541635454588326,-2.322411197650199,-2.322411197650199,-2.322411197650199,0.0,0.0,0.0,-0.34887983685595375,-0.34887983685595375,-0.34887983685595375,0.4660282929858692,0.4660282929858692,0.4660282929858692,0.2281730202631719,0.2281730202631719,0.2281730202631719,0.9783936304512003,0.9783936304512003,0.9783936304512003,-8.429126381819657,-8.429126381819657,-8.429126381819657,-3.7110190838950476,-3.7110190838950476,-3.7110190838950476,-8.278584550697156,-8.278584550697156,-8.278584550697156,0.0,0.0,0.0,40.86147640842202
423,2018-04-01 09:00:00,56.68245185913092,31.244439650601294,50.49276476821931,56.68245185913092,56.68245185913092,0.0,0.0,0.0,0.0,0.0,0.0,0.0,0.0,0.0,0.0,0.0,0.0,0.0,0.0,0.0,0.0,0.0,0.0,0.0,0.0,0.0,0.0,0.0,0.0,0.0,0.0,0.0,0.0,0.0,0.0,-15.917869363271375,-15.917869363271375,-15.917869363271375,3.8208739138129233,3.8208739138129233,3.8208739138129233,2.2555516292421265,2.2555516292421265,2.2555516292421265,-3.095200481144625,-3.095200481144625,-3.095200481144625,-2.2722745450864172,-2.2722745450864172,-2.2722745450864172,0.0,0.0,0.0,-0.2616292192851816,-0.2616292192851816,-0.2616292192851816,0.1459779401821908,0.1459779401821908,0.1459779401821908,0.013064366283605177,0.013064366283605177,0.013064366283605177,1.0074393149921,1.0074393149921,1.0074393149921,-8.360282344919755,-8.360282344919755,-8.360282344919755,-3.9833299674730487,-3.9833299674730487,-3.9833299674730487,-8.283260451019917,-8.283260451019917,-8.283260451019917,0.0,0.0,0.0,40.76458249585954
424,2018-04-01 10:00:00,56.68210858091175,29.899154352735803,49.80655527886357,56.68210858091175,56.68210858091175,0.0,0.0,0.0,0.0,0.0,0.0,0.0,0.0,0.0,0.0,0.0,0.0,0.0,0.0,0.0,0.0,0.0,0.0,0.0,0.0,0.0,0.0,0.0,0.0,0.0,0.0,0.0,0.0,0.0,0.0,-16.727780751980916,-16.727780751980916,-16.727780751980916,3.8856029683058133,3.8856029683058133,3.8856029683058133,2.2555516292421265,2.2555516292421265,2.2555516292421265,-4.068793446855208,-4.068793446855208,-4.068793446855208,-2.371555045212717,-2.371555045212717,-2.371555045212717,0.0,0.0,0.0,-0.17437860171440947,-0.17437860171440947,-0.17437860171440947,-0.24111659967669236,-0.24111659967669236,-0.24111659967669236,-0.08548541240005678,-0.08548541240005678,-0.08548541240005678,0.9641797848248026,0.9641797848248026,0.9641797848248026,-8.256677062808327,-8.256677062808327,-8.256677062808327,-4.415989201918262,-4.415989201918262,-4.415989201918262,-8.287913210623191,-8.287913210623191,-8.287913210623191,0.0,0.0,0.0,39.954327828930836
425,2018-04-01 11:00:00,56.68176530269259,30.019492083396216,50.08291832427304,56.68176530269259,56.68176530269259,0.0,0.0,0.0,0.0,0.0,0.0,0.0,0.0,0.0,0.0,0.0,0.0,0.0,0.0,0.0,0.0,0.0,0.0,0.0,0.0,0.0,0.0,0.0,0.0,0.0,0.0,0.0,0.0,0.0,0.0,-17.34541971667953,-17.34541971667953,-17.34541971667953,3.5301192349817754,3.5301192349817754,3.5301192349817754,2.2555516292421265,2.2555516292421265,2.2555516292421265,-4.464476598176797,-4.464476598176797,-4.464476598176797,-2.4857276203579617,-2.4857276203579617,-2.4857276203579617,0.0,0.0,0.0,-0.08712798414363733,-0.08712798414363733,-0.08712798414363733,-0.3057139185911963,-0.3057139185911963,-0.3057139185911963,-0.11950259488984874,-0.11950259488984874,-0.11950259488984874,0.9590298407572673,0.9590298407572673,0.9590298407572673,-8.118519786871866,-8.118519786871866,-8.118519786871866,-4.680985950193548,-4.680985950193548,-4.680985950193548,-8.29254256661264,-8.29254256661264,-8.29254256661264,0.0,0.0,0.0,39.33634558601306
426,2018-04-01 12:00:00,56.68142202447343,27.90726690433334,47.93873696072374,56.68142202447343,56.68142202447343,0.0,0.0,0.0,0.0,0.0,0.0,0.0,0.0,0.0,0.0,0.0,0.0,0.0,0.0,0.0,0.0,0.0,0.0,0.0,0.0,0.0,0.0,0.0,0.0,0.0,0.0,0.0,0.0,0.0,0.0,-18.350188173053297,-18.350188173053297,-18.350188173053297,2.5121122079841296,2.5121122079841296,2.5121122079841296,2.2555516292421265,2.2555516292421265,2.2555516292421265,-4.618875532635368,-4.618875532635368,-4.618875532635368,-2.5740872654703684,-2.5740872654703684,-2.5740872654703684,0.0,0.0,0.0,0.00012263342713481388,0.00012263342713481388,0.00012263342713481388,-0.2606915448022996,-0.2606915448022996,-0.2606915448022996,-0.08398465434903656,-0.08398465434903656,-0.08398465434903656,0.7668339281568469,0.7668339281568469,0.7668339281568469,-7.9462765919982905,-7.9462765919982905,-7.9462765919982905,-4.722620258839772,-4.722620258839772,-4.722620258839772,-8.297148256403771,-8.297148256403771,-8.297148256403771,0.0,0.0,0.0,38.33123385142013
427,2018-04-01 13:00:00,56.68107874625426,27.306590096484694,46.42386236203071,56.68107874625426,56.68107874625426,0.0,0.0,0.0,0.0,0.0,0.0,0.0,0.0,0.0,0.0,0.0,0.0,0.0,0.0,0.0,0.0,0.0,0.0,0.0,0.0,0.0,0.0,0.0,0.0,0.0,0.0,0.0,0.0,0.0,0.0,-19.537169373793258,-19.537169373793258,-19.537169373793258,0.933031944793906,0.933031944793906,0.933031944793906,2.2555516292421265,2.2555516292421265,2.2555516292421265,-4.427803175703168,-4.427803175703168,-4.427803175703168,-2.5333822604185854,-2.5333822604185854,-2.5333822604185854,0.0,0.0,0.0,0.08737325099790695,0.08737325099790695,0.08737325099790695,-0.22105228092294496,-0.22105228092294496,-0.22105228092294496,0.05458533902849829,0.05458533902849829,0.05458533902849829,0.6230474897912592,0.6230474897912592,0.6230474897912592,-7.740668125148004,-7.740668125148004,-7.740668125148004,-4.6939263434214284,-4.6939263434214284,-4.6939263434214284,-8.301730017735995,-8.301730017735995,-8.301730017735995,0.0,0.0,0.0,37.143909372460996
428,2018-04-01 14:00:00,56.680735468035095,26.694605501007963,46.403507429470224,56.680735468035095,56.680735468035095,0.0,0.0,0.0,0.0,0.0,0.0,0.0,0.0,0.0,0.0,0.0,0.0,0.0,0.0,0.0,0.0,0.0,0.0,0.0,0.0,0.0,0.0,0.0,0.0,0.0,0.0,0.0,0.0,0.0,0.0,-20.15027760731536,-20.15027760731536,-20.15027760731536,-0.41919126475681984,-0.41919126475681984,-0.41919126475681984,2.2555516292421265,2.2555516292421265,2.2555516292421265,-3.922133916303726,-3.922133916303726,-3.922133916303726,-2.558698787950792,-2.558698787950792,-2.558698787950792,0.0,0.0,0.0,0.1746238685686791,0.1746238685686791,0.1746238685686791,-0.23622286339529056,-0.23622286339529056,-0.23622286339529056,0.32071976674275293,0.32071976674275293,0.32071976674275293,0.5474463108798399,0.5474463108798399,0.5474463108798399,-7.502664837567873,-7.502664837567873,-7.502664837567873,-4.425553840391042,-4.425553840391042,-4.425553840391042,-8.30628758868694,-8.30628758868694,-8.30628758868694,0.0,0.0,0.0,36.530457860719736
429,2018-04-01 15:00:00,56.68039218981593,28.628077873964738,48.21023218857736,56.68039218981593,56.68039218981593,0.0,0.0,0.0,0.0,0.0,0.0,0.0,0.0,0.0,0.0,0.0,0.0,0.0,0.0,0.0,0.0,0.0,0.0,0.0,0.0,0.0,0.0,0.0,0.0,0.0,0.0,0.0,0.0,0.0,0.0,-18.46980662806179,-18.46980662806179,-18.46980662806179,-0.47032704435967443,-0.47032704435967443,-0.47032704435967443,2.2555516292421265,2.2555516292421265,2.2555516292421265,-2.4551791342196765,-2.4551791342196765,-2.4551791342196765,-2.407296025258185,-2.407296025258185,-2.407296025258185,0.0,0.0,0.0,0.26187448613945125,0.26187448613945125,0.26187448613945125,0.4347083807848976,0.4347083807848976,0.4347083807848976,0.5968592481304758,0.5968592481304758,0.5968592481304758,0.565368116234863,0.565368116234863,0.565368116234863,-7.233479741796557,-7.233479741796557,-7.233479741796557,-4.1622449694933055,-4.1622449694933055,-4.1622449694933055,-8.310820707685885,-8.310820707685885,-8.310820707685885,0.0,0.0,0.0,38.210585561754144
430,2018-04-01 16:00:00,56.68004891159677,31.23994654262244,51.36216673717715,56.68004891159677,56.68004891159677,0.0,0.0,0.0,0.0,0.0,0.0,0.0,0.0,0.0,0.0,0.0,0.0,0.0,0.0,0.0,0.0,0.0,0.0,0.0,0.0,0.0,0.0,0.0,0.0,0.0,0.0,0.0,0.0,0.0,0.0,-15.634239029100963,-15.634239029100963,-15.634239029100963,1.2399653229939138,1.2399653229939138,1.2399653229939138,2.2555516292421265,2.2555516292421265,2.2555516292421265,-1.624316475731293,-1.624316475731293,-1.624316475731293,-2.504590915381959,-2.504590915381959,-2.504590915381959,0.0,0.0,0.0,0.3491251037102234,0.3491251037102234,0.3491251037102234,0.8403991185131076,0.8403991185131076,0.8403991185131076,0.699411048283525,0.699411048283525,0.699411048283525,0.8873426193371748,0.8873426193371748,0.8873426193371748,-6.934558762840137,-6.934558762840137,-6.934558762840137,-4.151555079435491,-4.151555079435491,-4.151555079435491,-8.315329113523445,-8.315329113523445,-8.315329113523445,0.0,0.0,0.0,41.04580988249581
431,2018-04-01 17:00:00,56.6797056333776,33.86315129905711,54.01878638719649,56.6797056333776,56.6797056333776,0.0,0.0,0.0,0.0,0.0,0.0,0.0,0.0,0.0,0.0,0.0,0.0,0.0,0.0,0.0,0.0,0.0,0.0,0.0,0.0,0.0,0.0,0.0,0.0,0.0,0.0,0.0,0.0,0.0,0.0,-12.907129607350178,-12.907129607350178,-12.907129607350178,3.9750443429034212,3.9750443429034212,3.9750443429034212,2.2555516292421265,2.2555516292421265,2.2555516292421265,-1.9547926257291803,-1.9547926257291803,-1.9547926257291803,-2.448001030309968,-2.448001030309968,-2.448001030309968,0.0,0.0,0.0,0.43637572128099555,0.43637572128099555,0.43637572128099555,0.5369874690661954,0.5369874690661954,0.5369874690661954,0.7064145858549526,0.7064145858549526,0.7064145858549526,0.9823075879425273,0.9823075879425273,0.9823075879425273,-6.607568779154818,-6.607568779154818,-6.607568779154818,-4.42442858880601,-4.42442858880601,-4.42442858880601,-8.319812545369599,-8.319812545369599,-8.319812545369599,0.0,0.0,0.0,43.77257602602742
432,2018-04-01 18:00:00,56.801673178747215,36.38593484341255,56.14872669780942,56.801673178747215,56.801673178747215,0.0,0.0,0.0,0.0,0.0,0.0,0.0,0.0,0.0,0.0,0.0,0.0,0.0,0.0,0.0,0.0,0.0,0.0,0.0,0.0,0.0,0.0,0.0,0.0,0.0,0.0,0.0,0.0,0.0,0.0,-10.411868876212305,-10.411868876212305,-10.411868876212305,5.959540127996357,5.959540127996357,5.959540127996357,2.1870112519461737,2.1870112519461737,2.1870112519461737,-1.8493974500913697,-1.8493974500913697,-1.8493974500913697,-2.4824180494603163,-2.4824180494603163,-2.4824180494603163,0.0,0.0,0.0,0.7458781387886081,0.7458781387886081,0.7458781387886081,0.5305998783346558,0.5305998783346558,0.5305998783346558,0.6798973481030758,0.6798973481030758,0.6798973481030758,1.0147864609067931,1.0147864609067931,1.0147864609067931,-6.1950061217434556,-6.1950061217434556,-6.1950061217434556,-4.5251524787103605,-4.5251524787103605,-4.5251524787103605,-8.327005432373836,-8.327005432373836,-8.327005432373836,0.0,0.0,0.0,46.38980430253491
433,2018-04-01 19:00:00,56.80135289706684,37.78366182779886,57.25120954919652,56.80135289706684,56.80135289706684,0.0,0.0,0.0,0.0,0.0,0.0,0.0,0.0,0.0,0.0,0.0,0.0,0.0,0.0,0.0,0.0,0.0,0.0,0.0,0.0,0.0,0.0,0.0,0.0,0.0,0.0,0.0,0.0,0.0,0.0,-9.64640875393732,-9.64640875393732,-9.64640875393732,6.199802698648514,6.199802698648514,6.199802698648514,2.1870112519461737,2.1870112519461737,2.1870112519461737,-1.6946802999460546,-1.6946802999460546,-1.6946802999460546,-2.5500795859363987,-2.5500795859363987,-2.5500795859363987,0.0,0.0,0.0,0.8701620723031919,0.8701620723031919,0.8701620723031919,0.4970991154265435,0.4970991154265435,0.4970991154265435,0.6798973481030758,0.6798973481030758,0.6798973481030758,0.9290220392084862,0.9290220392084862,0.9290220392084862,-5.820219815416864,-5.820219815416864,-5.820219815416864,-4.307792540997127,-4.307792540997127,-4.307792540997127,-8.331311337222918,-8.331311337222918,-8.331311337222918,0.0,0.0,0.0,47.15494414312952
434,2018-04-01 20:00:00,56.80103261538646,34.846663528624454,55.71242037038609,56.80103261538646,56.80103261538646,0.0,0.0,0.0,0.0,0.0,0.0,0.0,0.0,0.0,0.0,0.0,0.0,0.0,0.0,0.0,0.0,0.0,0.0,0.0,0.0,0.0,0.0,0.0,0.0,0.0,0.0,0.0,0.0,0.0,0.0,-11.678440177370891,-11.678440177370891,-11.678440177370891,4.252939016315168,4.252939016315168,4.252939016315168,2.1870112519461737,2.1870112519461737,2.1870112519461737,-2.17202736371697,-2.17202736371697,-2.17202736371697,-2.5412541681351706,-2.5412541681351706,-2.5412541681351706,0.0,0.0,0.0,0.9944460058177758,0.9944460058177758,0.9944460058177758,-0.08649388479883162,-0.08649388479883162,-0.08649388479883162,0.6798973481030758,0.6798973481030758,0.6798973481030758,0.5152351750146794,0.5152351750146794,0.5152351750146794,-5.423760280516842,-5.423760280516842,-5.423760280516842,-3.920869091664672,-3.920869091664672,-3.920869091664672,-8.335591549452248,-8.335591549452248,-8.335591549452248,0.0,0.0,0.0,45.12259243801557
435,2018-04-01 21:00:00,56.80071233370609,31.45290647751877,51.797061600696004,56.80071233370609,56.80071233370609,0.0,0.0,0.0,0.0,0.0,0.0,0.0,0.0,0.0,0.0,0.0,0.0,0.0,0.0,0.0,0.0,0.0,0.0,0.0,0.0,0.0,0.0,0.0,0.0,0.0,0.0,0.0,0.0,0.0,0.0,-14.758817679957787,-14.758817679957787,-14.758817679957787,1.1079467376404268,1.1079467376404268,1.1079467376404268,2.1870112519461737,2.1870112519461737,2.1870112519461737,-2.5189075966841648,-2.5189075966841648,-2.5189075966841648,-2.5005591860517296,-2.5005591860517296,-2.5005591860517296,0.0,0.0,0.0,1.1187299393323595,1.1187299393323595,1.1187299393323595,-0.3074047126711658,-0.3074047126711658,-0.3074047126711658,0.6794156169758101,0.6794156169758101,0.6794156169758101,-0.009092499368056341,-0.009092499368056341,-0.009092499368056341,-5.008011007174219,-5.008011007174219,-5.008011007174219,-3.6870080068475564,-3.6870080068475564,-3.6870080068475564,-8.339845813739831,-8.339845813739831,-8.339845813739831,0.0,0.0,0.0,42.0418946537483
436,2018-04-01 22:00:00,56.80039205202571,33.39708632501227,52.819359206567235,56.80039205202571,56.80039205202571,0.0,0.0,0.0,0.0,0.0,0.0,0.0,0.0,0.0,0.0,0.0,0.0,0.0,0.0,0.0,0.0,0.0,0.0,0.0,0.0,0.0,0.0,0.0,0.0,0.0,0.0,0.0,0.0,0.0,0.0,-13.832398360625215,-13.832398360625215,-13.832398360625215,-1.8961223151390125,-1.8961223151390125,-1.8961223151390125,2.1870112519461737,2.1870112519461737,2.1870112519461737,0.9832833702484283,0.9832833702484283,0.9832833702484283,-1.407187980677358,-1.407187980677358,-1.407187980677358,0.0,0.0,0.0,1.243013872846943,1.243013872846943,1.243013872846943,-0.6278467926618044,-0.6278467926618044,-0.6278467926618044,0.6823060037394035,0.6823060037394035,0.6823060037394035,-0.2087859553223858,-0.2087859553223858,-0.2087859553223858,-4.5754855405228065,-4.5754855405228065,-4.5754855405228065,-0.8852270296225441,-0.8852270296225441,-0.8852270296225441,-8.344073875211825,-8.344073875211825,-8.344073875211825,0.0,0.0,0.0,42.967993691400494
437,2018-04-01 23:00:00,56.80007177034533,30.923637191938514,50.32030596443682,56.80007177034533,56.80007177034533,0.0,0.0,0.0,0.0,0.0,0.0,0.0,0.0,0.0,0.0,0.0,0.0,0.0,0.0,0.0,0.0,0.0,0.0,0.0,0.0,0.0,0.0,0.0,0.0,0.0,0.0,0.0,0.0,0.0,0.0,-15.877841378323021,-15.877841378323021,-15.877841378323021,-4.0415009907734865,-4.0415009907734865,-4.0415009907734865,2.1870112519461737,2.1870112519461737,2.1870112519461737,0.6407401415972064,0.6407401415972064,0.6407401415972064,-1.6616541939461023,-1.6616541939461023,-1.6616541939461023,0.0,0.0,0.0,1.3672978063615269,1.3672978063615269,1.3672978063615269,-0.7511684416278986,-0.7511684416278986,-0.7511684416278986,0.6823060037394035,0.6823060037394035,0.6823060037394035,-0.6676785524093762,-0.6676785524093762,-0.6676785524093762,-4.128805049694291,-4.128805049694291,-4.128805049694291,-0.515373732466521,-0.515373732466521,-0.515373732466521,-8.348275479452447,-8.348275479452447,-8.348275479452447,0.0,0.0,0.0,40.922230392022314
438,2018-04-02 00:00:00,56.79975148866495,27.858229226673533,47.75158010390514,56.79975148866495,56.79975148866495,0.0,0.0,0.0,0.0,0.0,0.0,0.0,0.0,0.0,0.0,0.0,0.0,0.0,0.0,0.0,0.0,0.0,0.0,0.0,0.0,0.0,0.0,0.0,0.0,0.0,0.0,0.0,0.0,0.0,0.0,-18.77537551788586,-18.77537551788586,-18.77537551788586,-5.46761356796877,-5.46761356796877,-5.46761356796877,2.011854797415798,2.011854797415798,2.011854797415798,-1.2846366728863963,-1.2846366728863963,-1.2846366728863963,-1.8048220827215802,-1.8048220827215802,-1.8048220827215802,0.0,0.0,0.0,0.00017453770110541458,0.00017453770110541458,0.00017453770110541458,-0.8434169192009614,-0.8434169192009614,-0.8434169192009614,0.6823060037394035,0.6823060037394035,0.6823060037394035,-1.0287361795590388,-1.0287361795590388,-1.0287361795590388,-3.6706749045057205,-3.6706749045057205,-3.6706749045057205,-0.30199683026112295,-0.30199683026112295,-0.30199683026112295,-8.352450372524974,-8.352450372524974,-8.352450372524974,0.0,0.0,0.0,38.02437597077909
439,2018-04-02 01:00:00,56.79943120698458,25.641740236969405,45.56784747474188,56.79943120698458,56.79943120698458,0.0,0.0,0.0,0.0,0.0,0.0,0.0,0.0,0.0,0.0,0.0,0.0,0.0,0.0,0.0,0.0,0.0,0.0,0.0,0.0,0.0,0.0,0.0,0.0,0.0,0.0,0.0,0.0,0.0,0.0,-21.08262560435718,-21.08262560435718,-21.08262560435718,-6.5873317429168585,-6.5873317429168585,-6.5873317429168585,1.8366983428854218,1.8366983428854218,1.8366983428854218,-2.934835050358837,-2.934835050358837,-2.934835050358837,-1.9117076983142318,-1.9117076983142318,-1.9117076983142318,0.0,0.0,0.0,-1.3669487309593162,-1.3669487309593162,-1.3669487309593162,-0.8740045722909768,-0.8740045722909768,-0.8740045722909768,0.6823060037394035,0.6823060037394035,0.6823060037394035,-1.2017473709850062,-1.2017473709850062,-1.2017473709850062,-3.203860510105307,-3.203860510105307,-3.203860510105307,-0.09943102443413182,-0.09943102443413182,-0.09943102443413182,-8.356598300976177,-8.356598300976177,-8.356598300976177,0.0,0.0,0.0,35.7168056026274
440,2018-04-02 02:00:00,56.799110925304205,25.09288759353492,45.644789085879815,56.799110925304205,56.799110925304205,0.0,0.0,0.0,0.0,0.0,0.0,0.0,0.0,0.0,0.0,0.0,0.0,0.0,0.0,0.0,0.0,0.0,0.0,0.0,0.0,0.0,0.0,0.0,0.0,0.0,0.0,0.0,0.0,0.0,0.0,-21.49898120549115,-21.49898120549115,-21.49898120549115,-7.37362925214201,-7.37362925214201,-7.37362925214201,1.6615418883550468,1.6615418883550468,1.6615418883550468,-3.0334702848327595,-3.0334702848327595,-3.0334702848327595,-1.9867237496246708,-1.9867237496246708,-1.9867237496246708,0.0,0.0,0.0,-1.2426647974447325,-1.2426647974447325,-1.2426647974447325,-0.8691493892608156,-0.8691493892608156,-0.8691493892608156,0.6823060037394035,0.6823060037394035,0.6823060037394035,-1.2942882408175,-1.2942882408175,-1.2942882408175,-2.731162656663046,-2.731162656663046,-2.731162656663046,0.015508000220509223,0.015508000220509223,0.015508000220509223,-8.360719011853332,-8.360719011853332,-8.360719011853332,0.0,0.0,0.0,35.30012971981306
441,2018-04-02 03:00:00,56.79879064362383,25.934123467046632,46.35480375075221,56.79879064362383,56.79879064362383,0.0,0.0,0.0,0.0,0.0,0.0,0.0,0.0,0.0,0.0,0.0,0.0,0.0,0.0,0.0,0.0,0.0,0.0,0.0,0.0,0.0,0.0,0.0,0.0,0.0,0.0,0.0,0.0,0.0,0.0,-20.15139518442827,-20.15139518442827,-20.15139518442827,-7.264053977344788,-7.264053977344788,-7.264053977344788,1.4863854338246707,1.4863854338246707,1.4863854338246707,-2.267136307481467,-2.267136307481467,-2.267136307481467,-1.6376294454872034,-1.6376294454872034,-1.6376294454872034,0.0,0.0,0.0,-1.1183808639301487,-1.1183808639301487,-1.1183808639301487,-0.7696181371425111,-0.7696181371425111,-0.7696181371425111,0.6823060037394035,0.6823060037394035,0.6823060037394035,-1.3046646770229742,-1.3046646770229742,-1.3046646770229742,-2.255392646882326,-2.255392646882326,-2.255392646882326,0.3944653785372961,0.3944653785372961,0.3944653785372961,-8.364812252719688,-8.364812252719688,-8.364812252719688,0.0,0.0,0.0,36.647395459195565
442,2018-04-02 04:00:00,56.79847036194345,28.116502529023283,48.399673425527205,56.79847036194345,56.79847036194345,0.0,0.0,0.0,0.0,0.0,0.0,0.0,0.0,0.0,0.0,0.0,0.0,0.0,0.0,0.0,0.0,0.0,0.0,0.0,0.0,0.0,0.0,0.0,0.0,0.0,0.0,0.0,0.0,0.0,0.0,-18.19050364054331,-18.19050364054331,-18.19050364054331,-5.753948664129911,-5.753948664129911,-5.753948664129911,1.3112289792942944,1.3112289792942944,1.3112289792942944,-2.2883297380975662,-2.2883297380975662,-2.2883297380975662,-1.6513578731780025,-1.6513578731780025,-1.6513578731780025,0.0,0.0,0.0,-0.9940969304155649,-0.9940969304155649,-0.9940969304155649,-0.8312789616255584,-0.8312789616255584,-0.8312789616255584,0.6823060037394035,0.6823060037394035,0.6823060037394035,-1.2320296235846553,-1.2320296235846553,-1.2320296235846553,-1.779347466656057,-1.779347466656057,-1.779347466656057,0.4268986676725165,0.4268986676725165,0.4268986676725165,-8.368877771659776,-8.368877771659776,-8.368877771659776,0.0,0.0,0.0,38.607966721400146
443,2018-04-02 05:00:00,56.79815008026308,31.539947873377738,51.88488670128281,56.79815008026308,56.79815008026308,0.0,0.0,0.0,0.0,0.0,0.0,0.0,0.0,0.0,0.0,0.0,0.0,0.0,0.0,0.0,0.0,0.0,0.0,0.0,0.0,0.0,0.0,0.0,0.0,0.0,0.0,0.0,0.0,0.0,0.0,-14.935591509085905,-14.935591509085905,-14.935591509085905,-3.03928628282934,-3.03928628282934,-3.03928628282934,1.1360725247639185,1.1360725247639185,1.1360725247639185,-2.2176046483161778,-2.2176046483161778,-2.2176046483161778,-1.5640842971436357,-1.5640842971436357,-1.5640842971436357,0.0,0.0,0.0,-0.869812996900981,-0.869812996900981,-0.869812996900981,-0.8536128035642998,-0.8536128035642998,-0.8536128035642998,0.6823060037394035,0.6823060037394035,0.6823060037394035,-1.0507596359951472,-1.0507596359951472,-1.0507596359951472,-1.305785260638914,-1.305785260638914,-1.305785260638914,0.3022865567845642,0.3022865567845642,0.3022865567845642,-8.372915317301473,-8.372915317301473,-8.372915317301473,0.0,0.0,0.0,41.862558571177175
444,2018-04-02 06:00:00,56.7978297985827,35.598443978958564,55.22743639409119,56.7978297985827,56.7978297985827,0.0,0.0,0.0,0.0,0.0,0.0,0.0,0.0,0.0,0.0,0.0,0.0,0.0,0.0,0.0,0.0,0.0,0.0,0.0,0.0,0.0,0.0,0.0,0.0,0.0,0.0,0.0,0.0,0.0,0.0,-11.151090229310372,-11.151090229310372,-11.151090229310372,-0.0323676160758148,-0.0323676160758148,-0.0323676160758148,0.9609160702335426,0.9609160702335426,0.9609160702335426,-1.9043966019401057,-1.9043966019401057,-1.9043966019401057,-1.5871284436246202,-1.5871284436246202,-1.5871284436246202,0.0,0.0,0.0,-0.7455290633863974,-0.7455290633863974,-0.7455290633863974,-0.716211123810738,-0.716211123810738,-0.716211123810738,0.6779704235940134,0.6779704235940134,0.6779704235940134,-0.891724868845941,-0.891724868845941,-0.891724868845941,-0.8374013724717162,-0.8374013724717162,-0.8374013724717162,0.3973104039000347,0.3973104039000347,0.3973104039000347,-8.376924638822736,-8.376924638822736,-8.376924638822736,0.0,0.0,0.0,45.64673956927233
445,2018-04-02 07:00:00,56.797509516902316,38.16322016370089,59.091606623947705,56.797509516902316,56.797509516902316,0.0,0.0,0.0,0.0,0.0,0.0,0.0,0.0,0.0,0.0,0.0,0.0,0.0,0.0,0.0,0.0,0.0,0.0,0.0,0.0,0.0,0.0,0.0,0.0,0.0,0.0,0.0,0.0,0.0,0.0,-7.400549476496574,-7.400549476496574,-7.400549476496574,2.2791274217502675,2.2791274217502675,2.2791274217502675,0.7857596157031672,0.7857596157031672,0.7857596157031672,-0.9219662108515146,-0.9219662108515146,-0.9219662108515146,-1.3836535332074165,-1.3836535332074165,-1.3836535332074165,0.0,0.0,0.0,-0.6212451298718135,-0.6212451298718135,-0.6212451298718135,-0.4249001420010666,-0.4249001420010666,-0.4249001420010666,0.5845145849044936,0.5845145849044936,0.5845145849044936,-0.38095009073157976,-0.38095009073157976,-0.38095009073157976,-0.3768052014282265,-0.3768052014282265,-0.3768052014282265,0.5185084843527007,0.5185084843527007,0.5185084843527007,-8.380905485967098,-8.380905485967098,-8.380905485967098,0.0,0.0,0.0,49.396960040405745
446,2018-04-02 08:00:00,56.79718923522194,41.281409628339055,61.53284615954676,56.79718923522194,56.79718923522194,0.0,0.0,0.0,0.0,0.0,0.0,0.0,0.0,0.0,0.0,0.0,0.0,0.0,0.0,0.0,0.0,0.0,0.0,0.0,0.0,0.0,0.0,0.0,0.0,0.0,0.0,0.0,0.0,0.0,0.0,-5.0284235077914365,-5.0284235077914365,-5.0284235077914365,3.501241138543397,3.501241138543397,3.501241138543397,0.6106031611727912,0.6106031611727912,0.6106031611727912,-0.2183089211555459,-0.2183089211555459,-0.2183089211555459,-0.8237298038183887,-0.8237298038183887,-0.8237298038183887,0.0,0.0,0.0,-0.4969611963572297,-0.4969611963572297,-0.4969611963572297,-0.34236203048832636,-0.34236203048832636,-0.34236203048832636,0.4072375300707653,0.4072375300707653,0.4072375300707653,0.15989517597823732,0.15989517597823732,0.15989517597823732,0.073501883875826,0.073501883875826,0.073501883875826,0.26700824228660497,0.26700824228660497,0.26700824228660497,-8.384857609055114,-8.384857609055114,-8.384857609055114,0.0,0.0,0.0,51.768765727430505
447,2018-04-02 09:00:00,56.79686895354157,42.61352985941349,62.8853707412016,56.79686895354157,56.79686895354157,0.0,0.0,0.0,0.0,0.0,0.0,0.0,0.0,0.0,0.0,0.0,0.0,0.0,0.0,0.0,0.0,0.0,0.0,0.0,0.0,0.0,0.0,0.0,0.0,0.0,0.0,0.0,0.0,0.0,0.0,-3.9023393769723134,-3.9023393769723134,-3.9023393769723134,3.900607790390727,3.900607790390727,3.900607790390727,0.4354467066424152,0.4354467066424152,0.4354467066424152,0.07468624569481692,0.07468624569481692,0.07468624569481692,-0.5427873371459604,-0.5427873371459604,-0.5427873371459604,0.0,0.0,0.0,-0.3726772628426459,-0.3726772628426459,-0.3726772628426459,-0.2491425163092315,-0.2491425163092315,-0.2491425163092315,0.2328508620006303,0.2328508620006303,0.2328508620006303,0.4411177735470067,0.4411177735470067,0.4411177735470067,0.5111473459411442,0.5111473459411442,0.5111473459411442,0.12987801980260255,0.12987801980260255,0.12987801980260255,-8.388780758999003,-8.388780758999003,-8.388780758999003,0.0,0.0,0.0,52.894529576569255
448,2018-04-02 10:00:00,56.79654867186119,43.46540979013535,64.15040574794696,56.79654867186119,56.79654867186119,0.0,0.0,0.0,0.0,0.0,0.0,0.0,0.0,0.0,0.0,0.0,0.0,0.0,0.0,0.0,0.0,0.0,0.0,0.0,0.0,0.0,0.0,0.0,0.0,0.0,0.0,0.0,0.0,0.0,0.0,-3.4969520985769833,-3.4969520985769833,-3.4969520985769833,3.878448820157442,3.878448820157442,3.878448820157442,0.26029025211203916,0.26029025211203916,0.26029025211203916,0.08336698882769736,0.08336698882769736,0.08336698882769736,-0.4388435274870515,-0.4388435274870515,-0.4388435274870515,0.0,0.0,0.0,-0.24839332932806218,-0.24839332932806218,-0.24839332932806218,-0.13795882491854022,-0.13795882491854022,-0.13795882491854022,0.08206901916650813,0.08206901916650813,0.08206901916650813,0.5660585360210835,0.5660585360210835,0.5660585360210835,0.9339067797537429,0.9339067797537429,0.9339067797537429,0.00014486326172056713,0.00014486326172056713,0.00014486326172056713,-8.392674687315866,-8.392674687315866,-8.392674687315866,0.0,0.0,0.0,53.299596573284205
449,2018-04-02 11:00:00,56.796228390180815,42.98656043000266,63.920938069215254,56.796228390180815,56.796228390180815,0.0,0.0,0.0,0.0,0.0,0.0,0.0,0.0,0.0,0.0,0.0,0.0,0.0,0.0,0.0,0.0,0.0,0.0,0.0,0.0,0.0,0.0,0.0,0.0,0.0,0.0,0.0,0.0,0.0,0.0,-3.300987310823501,-3.300987310823501,-3.300987310823501,3.471021782500562,3.471021782500562,3.471021782500562,0.0851337975816635,0.0851337975816635,0.0851337975816635,0.28480853171905196,0.28480853171905196,0.28480853171905196,-0.352550553430599,-0.352550553430599,-0.352550553430599,0.0,0.0,0.0,-0.12410939581347837,-0.12410939581347837,-0.12410939581347837,-0.06027589643596121,-0.06027589643596121,-0.06027589643596121,0.00017472753136189045,0.00017472753136189045,0.00017472753136189045,0.7397050194596309,0.7397050194596309,0.7397050194596309,1.3397215210944498,1.3397215210944498,1.3397215210944498,-0.0032691671735658005,-0.0032691671735658005,-0.0032691671735658005,-8.396539146137563,-8.396539146137563,-8.396539146137563,0.0,0.0,0.0,53.495241079357314
450,2018-04-02 12:00:00,56.79590810850044,43.058695500768934,63.50491959334938,56.79590810850044,56.79590810850044,0.0,0.0,0.0,0.0,0.0,0.0,0.0,0.0,0.0,0.0,0.0,0.0,0.0,0.0,0.0,0.0,0.0,0.0,0.0,0.0,0.0,0.0,0.0,0.0,0.0,0.0,0.0,0.0,0.0,0.0,-3.8615231093979556,-3.8615231093979556,-3.8615231093979556,2.4403374400366467,2.4403374400366467,2.4403374400366467,-0.09002265694871253,-0.09002265694871253,-0.09002265694871253,0.3717989520988685,0.3717989520988685,0.3717989520988685,-0.42315389584042384,-0.42315389584042384,-0.42315389584042384,0.0,0.0,0.0,0.00017453770110541458,0.00017453770110541458,0.00017453770110541458,0.06013264271203634,0.06013264271203634,0.06013264271203634,0.00402857654948642,0.00402857654948642,0.00402857654948642,0.6941757585580606,0.6941757585580606,0.6941757585580606,1.7267143866941241,1.7267143866941241,1.7267143866941241,0.12646398936731618,0.12646398936731618,0.12646398936731618,-8.400373888227596,-8.400373888227596,-8.400373888227596,0.0,0.0,0.0,52.934384999102484
451,2018-04-02 13:00:00,56.79558782682007,41.31393346139075,60.85643640506376,56.79558782682007,56.79558782682007,0.0,0.0,0.0,0.0,0.0,0.0,0.0,0.0,0.0,0.0,0.0,0.0,0.0,0.0,0.0,0.0,0.0,0.0,0.0,0.0,0.0,0.0,0.0,0.0,0.0,0.0,0.0,0.0,0.0,0.0,-5.648768557777612,-5.648768557777612,-5.648768557777612,0.8529791441826085,0.8529791441826085,0.8529791441826085,-0.2651791114790882,-0.2651791114790882,-0.2651791114790882,-0.1907724284495094,-0.1907724284495094,-0.1907724284495094,-0.4663003828686501,-0.4663003828686501,-0.4663003828686501,0.0,0.0,0.0,0.1244584712156892,0.1244584712156892,0.1244584712156892,-0.2486569980062154,-0.2486569980062154,-0.2486569980062154,0.12012577822048784,0.12012577822048784,0.12012577822048784,0.3625533279912737,0.3625533279912737,0.3625533279912737,2.093203393479832,2.093203393479832,2.093203393479832,0.1822264864769935,0.1822264864769935,0.1822264864769935,-8.404178666990543,-8.404178666990543,-8.404178666990543,0.0,0.0,0.0,51.14681926904245
452,2018-04-02 14:00:00,56.79526754513969,40.34330681260966,59.88679054192216,56.79526754513969,56.79526754513969,0.0,0.0,0.0,0.0,0.0,0.0,0.0,0.0,0.0,0.0,0.0,0.0,0.0,0.0,0.0,0.0,0.0,0.0,0.0,0.0,0.0,0.0,0.0,0.0,0.0,0.0,0.0,0.0,0.0,0.0,-6.9684302236675135,-6.9684302236675135,-6.9684302236675135,-0.5358697649023245,-0.5358697649023245,-0.5358697649023245,-0.4403355660094642,-0.4403355660094642,-0.4403355660094642,-0.46232055122588334,-0.46232055122588334,-0.46232055122588334,-0.41923148792876685,-0.41923148792876685,-0.41923148792876685,0.0,0.0,0.0,0.24874240473027298,0.24874240473027298,0.24874240473027298,-0.44383535581869527,-0.44383535581869527,-0.44383535581869527,0.19334890956485393,0.19334890956485393,0.19334890956485393,0.20140092080013403,0.20140092080013403,0.20140092080013403,2.437713328949082,2.437713328949082,2.437713328949082,0.19758962343578215,0.19758962343578215,0.19758962343578215,-8.407953236488387,-8.407953236488387,-8.407953236488387,0.0,0.0,0.0,49.826837321472176
453,2018-04-02 15:00:00,56.794947263459306,39.992046182625074,60.860581135029676,56.794947263459306,56.794947263459306,0.0,0.0,0.0,0.0,0.0,0.0,0.0,0.0,0.0,0.0,0.0,0.0,0.0,0.0,0.0,0.0,0.0,0.0,0.0,0.0,0.0,0.0,0.0,0.0,0.0,0.0,0.0,0.0,0.0,0.0,-6.378651578773274,-6.378651578773274,-6.378651578773274,-0.6443969347029598,-0.6443969347029598,-0.6443969347029598,-0.6154920205398402,-0.6154920205398402,-0.6154920205398402,-0.08154236147470496,-0.08154236147470496,-0.08154236147470496,-0.3461766405741564,-0.3461766405741564,-0.3461766405741564,0.0,0.0,0.0,0.37302633824485676,0.37302633824485676,0.37302633824485676,-0.37926142151755143,-0.37926142151755143,-0.37926142151755143,0.40675579894349967,0.40675579894349967,0.40675579894349967,0.14147170761341582,0.14147170761341582,0.14147170761341582,2.7589850688543636,2.7589850688543636,2.7589850688543636,0.338133876355071,0.338133876355071,0.338133876355071,-8.411697351449972,-8.411697351449972,-8.411697351449972,0.0,0.0,0.0,50.416295684686034
454,2018-04-02 16:00:00,56.79462698177893,44.24351191951263,63.88598934092075,56.79462698177893,56.79462698177893,0.0,0.0,0.0,0.0,0.0,0.0,0.0,0.0,0.0,0.0,0.0,0.0,0.0,0.0,0.0,0.0,0.0,0.0,0.0,0.0,0.0,0.0,0.0,0.0,0.0,0.0,0.0,0.0,0.0,0.0,-2.5913850818639244,-2.5913850818639244,-2.5913850818639244,1.027044637372784,1.027044637372784,1.027044637372784,-0.7906484750702159,-0.7906484750702159,-0.7906484750702159,1.740998483155081,1.740998483155081,1.740998483155081,-0.0681759798354709,-0.0681759798354709,-0.0681759798354709,0.0,0.0,0.0,0.49731027175944054,0.49731027175944054,0.49731027175944054,0.3461029231885305,0.3461029231885305,0.3461029231885305,0.6500300182126105,0.6500300182126105,0.6500300182126105,0.45700007386150804,0.45700007386150804,0.45700007386150804,3.055982564895308,3.055982564895308,3.055982564895308,0.6493796510386782,0.6493796510386782,0.6493796510386782,-8.415410767287097,-8.415410767287097,-8.415410767287097,0.0,0.0,0.0,54.20324189991501
455,2018-04-02 17:00:00,56.79430670009856,48.91334198366699,69.3421136424445,56.79430670009856,56.79430670009856,0.0,0.0,0.0,0.0,0.0,0.0,0.0,0.0,0.0,0.0,0.0,0.0,0.0,0.0,0.0,0.0,0.0,0.0,0.0,0.0,0.0,0.0,0.0,0.0,0.0,0.0,0.0,0.0,0.0,0.0,2.3951923692236896,2.3951923692236896,2.3951923692236896,3.765084353300507,3.765084353300507,3.765084353300507,-0.9658049296005919,-0.9658049296005919,-0.9658049296005919,3.7213038032949837,3.7213038032949837,3.7213038032949837,0.35299256967869286,0.35299256967869286,0.35299256967869286,0.0,0.0,0.0,0.6215942052740243,0.6215942052740243,0.6215942052740243,1.2782980649794793,1.2782980649794793,1.2782980649794793,0.6827877348666691,0.6827877348666691,0.6827877348666691,0.9495631476152412,0.9495631476152412,0.9495631476152412,3.3278974527333567,3.3278974527333567,3.3278974527333567,0.8018730104814693,0.8018730104814693,0.8018730104814693,-8.419093240105157,-8.419093240105157,-8.419093240105157,0.0,0.0,0.0,59.18949906932225
456,2018-04-02 18:00:00,56.68922830704136,51.815962091692995,72.75055770678168,56.68922830704136,56.68922830704136,0.0,0.0,0.0,0.0,0.0,0.0,0.0,0.0,0.0,0.0,0.0,0.0,0.0,0.0,0.0,0.0,0.0,0.0,0.0,0.0,0.0,0.0,0.0,0.0,0.0,0.0,0.0,0.0,0.0,0.0,5.3457633469489565,5.3457633469489565,5.3457633469489565,6.073308000005344,6.073308000005344,6.073308000005344,-1.3251186735502303,-1.3251186735502303,-1.3251186735502303,4.1620445559923,4.1620445559923,4.1620445559923,0.42596773711445973,0.42596773711445973,0.42596773711445973,0.0,0.0,0.0,0.6718033715152727,0.6718033715152727,0.6718033715152727,1.824911250819706,1.824911250819706,1.824911250819706,0.6253026064090456,0.6253026064090456,0.6253026064090456,1.1521052145344859,1.1521052145344859,1.1521052145344859,3.7129678165207927,3.7129678165207927,3.7129678165207927,0.7870730491495606,0.7870730491495606,0.7870730491495606,-8.60255702556948,-8.60255702556948,-8.60255702556948,0.0,0.0,0.0,62.03499165399032
457,2018-04-02 19:00:00,56.688897077862,51.99966637932408,71.58006949948022,56.688897077862,56.688897077862,0.0,0.0,0.0,0.0,0.0,0.0,0.0,0.0,0.0,0.0,0.0,0.0,0.0,0.0,0.0,0.0,0.0,0.0,0.0,0.0,0.0,0.0,0.0,0.0,0.0,0.0,0.0,0.0,0.0,0.0,5.452902144086065,5.452902144086065,5.452902144086065,6.353669931877032,6.353669931877032,6.353669931877032,-1.5284054642795113,-1.5284054642795113,-1.5284054642795113,3.747061899374509,3.747061899374509,3.747061899374509,0.2901256559971542,0.2901256559971542,0.2901256559971542,0.0,0.0,0.0,0.783744421490056,0.783744421490056,0.783744421490056,1.8150638079921044,1.8150638079921044,1.8150638079921044,0.6253026064090456,0.6253026064090456,0.6253026064090456,1.1465273733881929,1.1465273733881929,1.1465273733881929,3.95849765755962,3.95849765755962,3.95849765755962,0.6147034983774672,0.6147034983774672,0.6147034983774672,-8.606327344725095,-8.606327344725095,-8.606327344725095,0.0,0.0,0.0,62.14179922194807
458,2018-04-02 20:00:00,56.68856584868264,50.35861240354853,70.51447938556194,56.68856584868264,56.68856584868264,0.0,0.0,0.0,0.0,0.0,0.0,0.0,0.0,0.0,0.0,0.0,0.0,0.0,0.0,0.0,0.0,0.0,0.0,0.0,0.0,0.0,0.0,0.0,0.0,0.0,0.0,0.0,0.0,0.0,0.0,3.00579718708007,3.00579718708007,3.00579718708007,4.4555157101507294,4.4555157101507294,4.4555157101507294,-1.7316922550087923,-1.7316922550087923,-1.7316922550087923,2.983341320751735,2.983341320751735,2.983341320751735,0.2824653882649753,0.2824653882649753,0.2824653882649753,0.0,0.0,0.0,0.8956854714648395,0.8956854714648395,0.8956854714648395,1.3620814379224127,1.3620814379224127,1.3620814379224127,0.6257443687386486,0.6257443687386486,0.6257443687386486,0.8756036605682557,0.8756036605682557,0.8756036605682557,4.177002808789813,4.177002808789813,4.177002808789813,0.6734532488013961,0.6734532488013961,0.6734532488013961,-8.610062652612209,-8.610062652612209,-8.610062652612209,0.0,0.0,0.0,59.69436303576271
459,2018-04-02 21:00:00,56.688234619503284,45.36294069469584,65.3359341479045,56.688234619503284,56.688234619503284,0.0,0.0,0.0,0.0,0.0,0.0,0.0,0.0,0.0,0.0,0.0,0.0,0.0,0.0,0.0,0.0,0.0,0.0,0.0,0.0,0.0,0.0,0.0,0.0,0.0,0.0,0.0,0.0,0.0,0.0,-1.5140216810201244,-1.5140216810201244,-1.5140216810201244,1.3454770855537088,1.3454770855537088,1.3454770855537088,-1.9349790457380731,-1.9349790457380731,-1.9349790457380731,1.3858087067150224,1.3858087067150224,1.3858087067150224,0.28144401923401813,0.28144401923401813,0.28144401923401813,0.0,0.0,0.0,1.0076265214396227,1.0076265214396227,1.0076265214396227,0.4152498100484807,0.4152498100484807,0.4152498100484807,0.6253026064090456,0.6253026064090456,0.6253026064090456,0.28833667130856777,0.28833667130856777,0.28833667130856777,4.368455230527527,4.368455230527527,4.368455230527527,0.7028281240133606,0.7028281240133606,0.7028281240133606,-8.613762703816382,-8.613762703816382,-8.613762703816382,0.0,0.0,0.0,55.17421293848316
460,2018-04-02 22:00:00,56.68790339032392,35.71627651977697,55.204327162718634,56.68790339032392,56.68790339032392,0.0,0.0,0.0,0.0,0.0,0.0,0.0,0.0,0.0,0.0,0.0,0.0,0.0,0.0,0.0,0.0,0.0,0.0,0.0,0.0,0.0,0.0,0.0,0.0,0.0,0.0,0.0,0.0,0.0,0.0,-10.804900505440614,-10.804900505440614,-10.804900505440614,-1.6731856587973293,-1.6731856587973293,-1.6731856587973293,-2.138265836467354,-2.138265836467354,-2.138265836467354,-5.047338764178418,-5.047338764178418,-5.047338764178418,-2.315897426490102,-2.315897426490102,-2.315897426490102,0.0,0.0,0.0,1.1195675714144062,1.1195675714144062,1.1195675714144062,0.48073530485203403,0.48073530485203403,0.48073530485203403,0.6222102701018251,0.6222102701018251,0.6222102701018251,-0.4718433934861977,-0.4718433934861977,-0.4718433934861977,4.53305117133438,4.53305117133438,4.53305117133438,-2.3438452541030297,-2.3438452541030297,-2.3438452541030297,-8.617427253799248,-8.617427253799248,-8.617427253799248,0.0,0.0,0.0,45.883002884883304
461,2018-04-02 23:00:00,56.68757216114456,32.63021693835368,53.305645461123774,56.68757216114456,56.68757216114456,0.0,0.0,0.0,0.0,0.0,0.0,0.0,0.0,0.0,0.0,0.0,0.0,0.0,0.0,0.0,0.0,0.0,0.0,0.0,0.0,0.0,0.0,0.0,0.0,0.0,0.0,0.0,0.0,0.0,0.0,-13.901381565600062,-13.901381565600062,-13.901381565600062,-3.900936193466273,-3.900936193466273,-3.900936193466273,-2.341552627196635,-2.341552627196635,-2.341552627196635,-6.050592312078782,-6.050592312078782,-6.050592312078782,-2.466549358556287,-2.466549358556287,-2.466549358556287,0.0,0.0,0.0,1.2315086213891893,1.2315086213891893,1.2315086213891893,0.22864076846542297,0.22864076846542297,0.22864076846542297,0.6222102701018251,0.6222102701018251,0.6222102701018251,-0.8662764459740476,-0.8662764459740476,-0.8662764459740476,4.671202998859467,4.671202998859467,4.671202998859467,-2.458573540308249,-2.458573540308249,-2.458573540308249,-8.621056058914473,-8.621056058914473,-8.621056058914473,0.0,0.0,0.0,42.7861905955445
462,2018-04-03 00:00:00,56.6872409319652,29.33257821188432,48.98930193564317,56.6872409319652,56.6872409319652,0.0,0.0,0.0,0.0,0.0,0.0,0.0,0.0,0.0,0.0,0.0,0.0,0.0,0.0,0.0,0.0,0.0,0.0,0.0,0.0,0.0,0.0,0.0,0.0,0.0,0.0,0.0,0.0,0.0,0.0,-17.388062416810715,-17.388062416810715,-17.388062416810715,-5.454619567978223,-5.454619567978223,-5.454619567978223,-2.5448394179259153,-2.5448394179259153,-2.5448394179259153,-8.092322915786113,-8.092322915786113,-8.092322915786113,-2.637628671241615,-2.637628671241615,-2.637628671241615,0.0,0.0,0.0,0.00015707166657283648,0.00015707166657283648,0.00015707166657283648,0.03760037760994425,0.03760037760994425,0.03760037760994425,0.6222102701018251,0.6222102701018251,0.6222102701018251,-1.1589138975420537,-1.1589138975420537,-1.1589138975420537,4.783528943374513,4.783528943374513,4.783528943374513,-2.410908648454873,-2.410908648454873,-2.410908648454873,-8.62464887642089,-8.62464887642089,-8.62464887642089,0.0,0.0,0.0,39.29917851515448
463,2018-04-03 01:00:00,56.68690970278584,26.505338797326033,46.55326865211232,56.68690970278584,56.68690970278584,0.0,0.0,0.0,0.0,0.0,0.0,0.0,0.0,0.0,0.0,0.0,0.0,0.0,0.0,0.0,0.0,0.0,0.0,0.0,0.0,0.0,0.0,0.0,0.0,0.0,0.0,0.0,0.0,0.0,0.0,-20.232444911337016,-20.232444911337016,-20.232444911337016,-6.692170400542351,-6.692170400542351,-6.692170400542351,-2.5448394179259153,-2.5448394179259153,-2.5448394179259153,-9.782909945467939,-9.782909945467939,-9.782909945467939,-2.7142313485634046,-2.7142313485634046,-2.7142313485634046,0.0,0.0,0.0,-1.2311944780560438,-1.2311944780560438,-1.2311944780560438,-0.044625770000532396,-0.044625770000532396,-0.044625770000532396,0.6222102701018251,0.6222102701018251,0.6222102701018251,-1.3346158936502777,-1.3346158936502777,-1.3346158936502777,4.870840899167033,4.870840899167033,4.870840899167033,-2.5356133073735903,-2.5356133073735903,-2.5356133073735903,-8.628205464493757,-8.628205464493757,-8.628205464493757,0.0,0.0,0.0,36.45446479144883
464,2018-04-03 02:00:00,56.68657847360648,26.067916911026632,45.50816235147137,56.68657847360648,56.68657847360648,0.0,0.0,0.0,0.0,0.0,0.0,0.0,0.0,0.0,0.0,0.0,0.0,0.0,0.0,0.0,0.0,0.0,0.0,0.0,0.0,0.0,0.0,0.0,0.0,0.0,0.0,0.0,0.0,0.0,0.0,-20.86665093015408,-20.86665093015408,-20.86665093015408,-7.535938917836555,-7.535938917836555,-7.535938917836555,-2.5448394179259153,-2.5448394179259153,-2.5448394179259153,-9.633116879621113,-9.633116879621113,-9.633116879621113,-2.721380931780105,-2.721380931780105,-2.721380931780105,0.0,0.0,0.0,-1.1192534280812605,-1.1192534280812605,-1.1192534280812605,-0.032808838607410004,-0.032808838607410004,-0.032808838607410004,0.6222102701018251,0.6222102701018251,0.6222102701018251,-1.4017491960181592,-1.4017491960181592,-1.4017491960181592,4.934130449540718,4.934130449540718,4.934130449540718,-2.4352953373100887,-2.4352953373100887,-2.4352953373100887,-8.63172558223713,-8.63172558223713,-8.63172558223713,0.0,0.0,0.0,35.8199275434524
465,2018-04-03 03:00:00,56.686247244427115,26.440274787270866,46.18287015500126,56.686247244427115,56.686247244427115,0.0,0.0,0.0,0.0,0.0,0.0,0.0,0.0,0.0,0.0,0.0,0.0,0.0,0.0,0.0,0.0,0.0,0.0,0.0,0.0,0.0,0.0,0.0,0.0,0.0,0.0,0.0,0.0,0.0,0.0,-20.383015807815713,-20.383015807815713,-20.383015807815713,-7.412424942287163,-7.412424942287163,-7.412424942287163,-2.5448394179259153,-2.5448394179259153,-2.5448394179259153,-9.30993517620255,-9.30993517620255,-9.30993517620255,-2.7224023008110616,-2.7224023008110616,-2.7224023008110616,0.0,0.0,0.0,-1.007312378106477,-1.007312378106477,-1.007312378106477,-0.006713115114264716,-0.006713115114264716,-0.006713115114264716,0.6222102701018251,0.6222102701018251,0.6222102701018251,-1.3923863912368821,-1.3923863912368821,-1.3923863912368821,4.974553300373611,4.974553300373611,4.974553300373611,-2.2584918431097742,-2.2584918431097742,-2.2584918431097742,-8.63520898969961,-8.63520898969961,-8.63520898969961,0.0,0.0,0.0,36.3032314366114
466,2018-04-03 04:00:00,56.685916015247756,28.59793153867939,48.727777706801824,56.685916015247756,56.685916015247756,0.0,0.0,0.0,0.0,0.0,0.0,0.0,0.0,0.0,0.0,0.0,0.0,0.0,0.0,0.0,0.0,0.0,0.0,0.0,0.0,0.0,0.0,0.0,0.0,0.0,0.0,0.0,0.0,0.0,0.0,-17.908818264864905,-17.908818264864905,-17.908818264864905,-5.849864765998282,-5.849864765998282,-5.849864765998282,-2.5448394179259153,-2.5448394179259153,-2.5448394179259153,-8.413710373821184,-8.413710373821184,-8.413710373821184,-2.5354917681458966,-2.5354917681458966,-2.5354917681458966,0.0,0.0,0.0,-0.8953713281316938,-0.8953713281316938,-0.8953713281316938,0.04449358758926565,0.04449358758926565,0.04449358758926565,0.6222102701018251,0.6222102701018251,0.6222102701018251,-1.3051330190198729,-1.3051330190198729,-1.3051330190198729,4.99341232284085,4.99341232284085,4.99341232284085,-1.7995786982888955,-1.7995786982888955,-1.7995786982888955,-8.638655447886293,-8.638655447886293,-8.638655447886293,0.0,0.0,0.0,38.77709775038285
467,2018-04-03 05:00:00,56.68558478606839,32.40148071600144,52.59763911070196,56.68558478606839,56.68558478606839,0.0,0.0,0.0,0.0,0.0,0.0,0.0,0.0,0.0,0.0,0.0,0.0,0.0,0.0,0.0,0.0,0.0,0.0,0.0,0.0,0.0,0.0,0.0,0.0,0.0,0.0,0.0,0.0,0.0,0.0,-14.050219289454587,-14.050219289454587,-14.050219289454587,-3.091941002677671,-3.091941002677671,-3.091941002677671,-2.5448394179259153,-2.5448394179259153,-2.5448394179259153,-7.308352988718312,-7.308352988718312,-7.308352988718312,-2.504850697217181,-2.504850697217181,-2.504850697217181,0.0,0.0,0.0,-0.7834302781569104,-0.7834302781569104,-0.7834302781569104,0.23208737345508365,0.23208737345508365,0.23208737345508365,0.6200014584538103,0.6200014584538103,0.6200014584538103,-1.2138954745555115,-1.2138954745555115,-1.2138954745555115,4.9921394207100125,4.9921394207100125,4.9921394207100125,-1.1134259527716877,-1.1134259527716877,-1.1134259527716877,-8.642064718768614,-8.642064718768614,-8.642064718768614,0.0,0.0,0.0,42.6353654966138
468,2018-04-03 06:00:00,56.68525355688903,36.07335411297185,56.665122991560615,56.68525355688903,56.68525355688903,0.0,0.0,0.0,0.0,0.0,0.0,0.0,0.0,0.0,0.0,0.0,0.0,0.0,0.0,0.0,0.0,0.0,0.0,0.0,0.0,0.0,0.0,0.0,0.0,0.0,0.0,0.0,0.0,0.0,0.0,-10.29901194002231,-10.29901194002231,-10.29901194002231,-0.0770623040159772,-0.0770623040159772,-0.0770623040159772,-2.5448394179259153,-2.5448394179259153,-2.5448394179259153,-6.548789518711676,-6.548789518711676,-6.548789518711676,-2.5314062920220683,-2.5314062920220683,-2.5314062920220683,0.0,0.0,0.0,-0.6714892281821271,-0.6714892281821271,-0.6714892281821271,0.38472273728291456,0.38472273728291456,0.38472273728291456,0.5674317412310604,0.5674317412310604,0.5674317412310604,-1.0648874325045459,-1.0648874325045459,-1.0648874325045459,4.972276448007718,4.972276448007718,4.972276448007718,-0.6883216265909944,-0.6883216265909944,-0.6883216265909944,-8.645436565302376,-8.645436565302376,-8.645436565302376,0.0,0.0,0.0,46.38624161686672
469,2018-04-03 07:00:00,56.68492232770967,40.06480868161517,59.813882000462634,56.68492232770967,56.68492232770967,0.0,0.0,0.0,0.0,0.0,0.0,0.0,0.0,0.0,0.0,0.0,0.0,0.0,0.0,0.0,0.0,0.0,0.0,0.0,0.0,0.0,0.0,0.0,0.0,0.0,0.0,0.0,0.0,0.0,0.0,-6.699778012954875,-6.699778012954875,-6.699778012954875,2.215816104251254,2.215816104251254,2.215816104251254,-2.5448394179259153,-2.5448394179259153,-2.5448394179259153,-5.202278777229085,-5.202278777229085,-5.202278777229085,-2.234698588529006,-2.234698588529006,-2.234698588529006,0.0,0.0,0.0,-0.5595481782073437,-0.5595481782073437,-0.5595481782073437,0.7904373817801167,0.7904373817801167,0.7904373817801167,0.3531770113736345,0.3531770113736345,0.3531770113736345,-0.6166680546774436,-0.6166680546774436,-0.6166680546774436,4.93545541145825,4.93545541145825,4.93545541145825,-0.39013893104312863,-0.39013893104312863,-0.39013893104312863,-8.648770751435293,-8.648770751435293,-8.648770751435293,0.0,0.0,0.0,49.9851443147548
470,2018-04-03 08:00:00,56.68459109853032,41.69110358631379,61.20698967462416,56.68459109853032,56.68459109853032,0.0,0.0,0.0,0.0,0.0,0.0,0.0,0.0,0.0,0.0,0.0,0.0,0.0,0.0,0.0,0.0,0.0,0.0,0.0,0.0,0.0,0.0,0.0,0.0,0.0,0.0,0.0,0.0,0.0,0.0,-4.97535983566538,-4.97535983566538,-4.97535983566538,3.4189613631189415,3.4189613631189415,3.4189613631189415,-2.5448394179259153,-2.5448394179259153,-2.5448394179259153,-4.625632354617705,-4.625632354617705,-4.625632354617705,-2.116730465453452,-2.116730465453452,-2.116730465453452,0.0,0.0,0.0,-0.44760712823256044,-0.44760712823256044,-0.44760712823256044,0.8549381323009098,0.8549381323009098,0.8549381323009098,0.07265793207576746,0.07265793207576746,0.07265793207576746,-0.24235507203872136,-0.24235507203872136,-0.24235507203872136,4.883378197957195,4.883378197957195,4.883378197957195,-0.20169633534373396,-0.20169633534373396,-0.20169633534373396,-8.65206704212381,-8.65206704212381,-8.65206704212381,0.0,0.0,0.0,51.70923126286494
471,2018-04-03 09:00:00,56.684259869350946,42.72019053228553,63.164660053616814,56.684259869350946,56.684259869350946,0.0,0.0,0.0,0.0,0.0,0.0,0.0,0.0,0.0,0.0,0.0,0.0,0.0,0.0,0.0,0.0,0.0,0.0,0.0,0.0,0.0,0.0,0.0,0.0,0.0,0.0,0.0,0.0,0.0,0.0,-4.1130477327590205,-4.1130477327590205,-4.1130477327590205,3.815130018426127,3.815130018426127,3.815130018426127,-2.5448394179259153,-2.5448394179259153,-2.5448394179259153,-4.090648616619558,-4.090648616619558,-4.090648616619558,-2.1213266260927583,-2.1213266260927583,-2.1213266260927583,0.0,0.0,0.0,-0.3356660782577771,-0.3356660782577771,-0.3356660782577771,1.0046192632804603,1.0046192632804603,1.0046192632804603,-0.1787048334683055,-0.1787048334683055,-0.1787048334683055,-0.04613458885663433,-0.04613458885663433,-0.04613458885663433,4.817796068779196,4.817796068779196,4.817796068779196,0.13140366470137255,0.13140366470137255,0.13140366470137255,-8.655325203344786,-8.655325203344786,-8.655325203344786,0.0,0.0,0.0,52.571212136591924
472,2018-04-03 10:00:00,56.683928640171594,41.661587593586574,61.685245341373204,56.683928640171594,56.683928640171594,0.0,0.0,0.0,0.0,0.0,0.0,0.0,0.0,0.0,0.0,0.0,0.0,0.0,0.0,0.0,0.0,0.0,0.0,0.0,0.0,0.0,0.0,0.0,0.0,0.0,0.0,0.0,0.0,0.0,0.0,-5.2559310621643744,-5.2559310621643744,-5.2559310621643744,3.8003034938515685,3.8003034938515685,3.8003034938515685,-2.5448394179259153,-2.5448394179259153,-2.5448394179259153,-5.138178717129717,-5.138178717129717,-5.138178717129717,-2.446121977937143,-2.446121977937143,-2.446121977937143,0.0,0.0,0.0,-0.2237250282829938,-0.2237250282829938,-0.2237250282829938,0.7023027684730789,0.7023027684730789,0.7023027684730789,-0.3505503796838493,-0.3505503796838493,-0.3505503796838493,-0.08019926157149411,-0.08019926157149411,-0.08019926157149411,4.740489163220103,4.740489163220103,4.740489163220103,-0.1950454202014024,-0.1950454202014024,-0.1950454202014024,-8.65854500210633,-8.65854500210633,-8.65854500210633,0.0,0.0,0.0,51.42799757800722
473,2018-04-03 11:00:00,56.68359741099223,40.17622396622134,61.11876151355218,56.68359741099223,56.68359741099223,0.0,0.0,0.0,0.0,0.0,0.0,0.0,0.0,0.0,0.0,0.0,0.0,0.0,0.0,0.0,0.0,0.0,0.0,0.0,0.0,0.0,0.0,0.0,0.0,0.0,0.0,0.0,0.0,0.0,0.0,-6.350853347576536,-6.350853347576536,-6.350853347576536,3.3966676934976925,3.3966676934976925,3.3966676934976925,-2.5448394179259153,-2.5448394179259153,-2.5448394179259153,-5.739041084168905,-5.739041084168905,-5.739041084168905,-2.600348701611678,-2.600348701611678,-2.600348701611678,0.0,0.0,0.0,-0.11178397830821049,-0.11178397830821049,-0.11178397830821049,0.5925037809453166,0.5925037809453166,0.5925037809453166,-0.4799867422575107,-0.4799867422575107,-0.4799867422575107,-0.03318602905274027,-0.03318602905274027,-0.03318602905274027,4.653246249557244,4.653246249557244,4.653246249557244,-0.5613999959581668,-0.5613999959581668,-0.5613999959581668,-8.661726206462568,-8.661726206462568,-8.661726206462568,0.0,0.0,0.0,50.33274406341569
474,2018-04-03 12:00:00,56.683266181812876,38.77161972215329,59.26043255605761,56.683266181812876,56.683266181812876,0.0,0.0,0.0,0.0,0.0,0.0,0.0,0.0,0.0,0.0,0.0,0.0,0.0,0.0,0.0,0.0,0.0,0.0,0.0,0.0,0.0,0.0,0.0,0.0,0.0,0.0,0.0,0.0,0.0,0.0,-7.700057372293074,-7.700057372293074,-7.700057372293074,2.362984304003397,2.362984304003397,2.362984304003397,-2.5448394179259153,-2.5448394179259153,-2.5448394179259153,-5.9560180465911285,-5.9560180465911285,-5.9560180465911285,-2.560515309404348,-2.560515309404348,-2.560515309404348,0.0,0.0,0.0,0.00015707166657283648,0.00015707166657283648,0.00015707166657283648,0.4812276769934141,0.4812276769934141,0.4812276769934141,-0.49721547311202535,-0.49721547311202535,-0.49721547311202535,-0.09274940415065296,-0.09274940415065296,-0.09274940415065296,4.557844955820838,4.557844955820838,4.557844955820838,-0.7420831906581745,-0.7420831906581745,-0.7420831906581745,-8.66486858552618,-8.66486858552618,-8.66486858552618,0.0,0.0,0.0,48.9832088095198
475,2018-04-03 13:00:00,56.68293495263351,36.07544482563906,55.92966224991235,56.68293495263351,56.68293495263351,0.0,0.0,0.0,0.0,0.0,0.0,0.0,0.0,0.0,0.0,0.0,0.0,0.0,0.0,0.0,0.0,0.0,0.0,0.0,0.0,0.0,0.0,0.0,0.0,0.0,0.0,0.0,0.0,0.0,0.0,-10.47027826970959,-10.47027826970959,-10.47027826970959,0.7784083386152909,0.7784083386152909,0.7784083386152909,-2.5448394179259153,-2.5448394179259153,-2.5448394179259153,-7.036747402488564,-7.036747402488564,-7.036747402488564,-2.819432358751994,-2.819432358751994,-2.819432358751994,0.0,0.0,0.0,0.11209812164135617,0.11209812164135617,0.11209812164135617,0.18383490359983387,0.18383490359983387,0.18383490359983387,-0.47203502032465783,-0.47203502032465783,-0.47203502032465783,-0.34415067295856544,-0.34415067295856544,-0.34415067295856544,4.456032703645034,4.456032703645034,4.456032703645034,-1.1522229577686218,-1.1522229577686218,-1.1522229577686218,-8.66797190948135,-8.66797190948135,-8.66797190948135,0.0,0.0,0.0,46.21265668292392
476,2018-04-03 14:00:00,56.68260372345415,34.237323261507505,54.32408254031211,56.68260372345415,56.68260372345415,0.0,0.0,0.0,0.0,0.0,0.0,0.0,0.0,0.0,0.0,0.0,0.0,0.0,0.0,0.0,0.0,0.0,0.0,0.0,0.0,0.0,0.0,0.0,0.0,0.0,0.0,0.0,0.0,0.0,0.0,-12.175669219189626,-12.175669219189626,-12.175669219189626,-0.5874246131070703,-0.5874246131070703,-0.5874246131070703,-2.5448394179259153,-2.5448394179259153,-2.5448394179259153,-7.266717212832632,-7.266717212832632,-7.266717212832632,-2.839349054855659,-2.839349054855659,-2.839349054855659,0.0,0.0,0.0,0.2240391716161395,0.2240391716161395,0.2240391716161395,0.23454923416198414,0.23454923416198414,0.23454923416198414,-0.33287988649973166,-0.33287988649973166,-0.33287988649973166,-0.4907682116611198,-0.4907682116611198,-0.4907682116611198,4.3495085563436895,4.3495085563436895,4.3495085563436895,-1.517469047668331,-1.517469047668331,-1.517469047668331,-8.671035949593614,-8.671035949593614,-8.671035949593614,0.0,0.0,0.0,44.50693450426452
477,2018-04-03 15:00:00,56.68227249427479,33.55531649581071,54.91536131458871,56.68227249427479,56.68227249427479,0.0,0.0,0.0,0.0,0.0,0.0,0.0,0.0,0.0,0.0,0.0,0.0,0.0,0.0,0.0,0.0,0.0,0.0,0.0,0.0,0.0,0.0,0.0,0.0,0.0,0.0,0.0,0.0,0.0,0.0,-12.24816229764525,-12.24816229764525,-12.24816229764525,-0.6527925937362822,-0.6527925937362822,-0.6527925937362822,-2.5448394179259153,-2.5448394179259153,-2.5448394179259153,-7.161215404451761,-7.161215404451761,-7.161215404451761,-2.7617250085029132,-2.7617250085029132,-2.7617250085029132,0.0,0.0,0.0,0.3359802215909228,0.3359802215909228,0.3359802215909228,0.32613045245868266,0.32613045245868266,0.32613045245868266,0.034224609400311655,0.034224609400311655,0.034224609400311655,-0.538578278629344,-0.538578278629344,-0.538578278629344,4.239906178768918,4.239906178768918,4.239906178768918,-2.012407982843506,-2.012407982843506,-2.012407982843506,-8.674060478226124,-8.674060478226124,-8.674060478226124,0.0,0.0,0.0,44.43411019662954
478,2018-04-03 16:00:00,56.68194126509543,37.552209272704474,57.01085671435984,56.68194126509543,56.68194126509543,0.0,0.0,0.0,0.0,0.0,0.0,0.0,0.0,0.0,0.0,0.0,0.0,0.0,0.0,0.0,0.0,0.0,0.0,0.0,0.0,0.0,0.0,0.0,0.0,0.0,0.0,0.0,0.0,0.0,0.0,-9.719962423594579,-9.719962423594579,-9.719962423594579,1.0670229568741338,1.0670229568741338,1.0670229568741338,-2.5448394179259153,-2.5448394179259153,-2.5448394179259153,-6.23871820121538,-6.23871820121538,-6.23871820121538,-2.590135011302106,-2.590135011302106,-2.590135011302106,0.0,0.0,0.0,0.44792127156570605,0.44792127156570605,0.44792127156570605,0.5481902882211076,0.5481902882211076,0.5481902882211076,0.43490304235017846,0.43490304235017846,0.43490304235017846,-0.3582944844366651,-0.3582944844366651,-0.3582944844366651,4.128778089597437,4.128778089597437,4.128778089597437,-2.176463889687685,-2.176463889687685,-2.176463889687685,-8.677045268850769,-8.677045268850769,-8.677045268850769,0.0,0.0,0.0,46.96197884150085
479,2018-04-03 17:00:00,56.68161003591606,40.12727136819137,61.309280138256035,56.68161003591606,56.68161003591606,0.0,0.0,0.0,0.0,0.0,0.0,0.0,0.0,0.0,0.0,0.0,0.0,0.0,0.0,0.0,0.0,0.0,0.0,0.0,0.0,0.0,0.0,0.0,0.0,0.0,0.0,0.0,0.0,0.0,0.0,-5.59666015942603,-5.59666015942603,-5.59666015942603,3.8450959602212498,3.8450959602212498,3.8450959602212498,-2.5448394179259153,-2.5448394179259153,-2.5448394179259153,-4.7793473918029115,-4.7793473918029115,-4.7793473918029115,-2.1249014177011087,-2.1249014177011087,-2.1249014177011087,0.0,0.0,0.0,0.5598623215404894,0.5598623215404894,0.5598623215404894,1.0326844753391258,1.0326844753391258,1.0326844753391258,0.5647811672534429,0.5647811672534429,0.5647811672534429,0.2287732962106551,0.2287732962106551,0.2287732962106551,4.017581368215012,4.017581368215012,4.017581368215012,-2.4957078165196003,-2.4957078165196003,-2.4957078165196003,-8.67999009605938,-8.67999009605938,-8.67999009605938,0.0,0.0,0.0,51.08494987649003
480,2018-04-03 18:00:00,56.56616636483109,44.03704226752672,64.10151144857475,56.56616636483109,56.56616636483109,0.0,0.0,0.0,0.0,0.0,0.0,0.0,0.0,0.0,0.0,0.0,0.0,0.0,0.0,0.0,0.0,0.0,0.0,0.0,0.0,0.0,0.0,0.0,0.0,0.0,0.0,0.0,0.0,0.0,0.0,-2.8640549408873146,-2.8640549408873146,-2.8640549408873146,6.161753631950435,6.161753631950435,6.161753631950435,-2.222770743876205,-2.222770743876205,-2.222770743876205,-3.8340517941415544,-3.8340517941415544,-3.8340517941415544,-1.769534092597595,-1.769534092597595,-1.769534092597595,0.0,0.0,0.0,0.5335174952375463,0.5335174952375463,0.5335174952375463,1.1468225166112116,1.1468225166112116,1.1468225166112116,0.6054211786554337,0.6054211786554337,0.6054211786554337,0.5657873444055677,0.5657873444055677,0.5657873444055677,3.5748021199519293,3.5748021199519293,3.5748021199519293,-2.693295492577514,-2.693295492577514,-2.693295492577514,-8.766558898648125,-8.766558898648125,-8.766558898648125,0.0,0.0,0.0,53.70211142394378
481,2018-04-03 19:00:00,56.565823987422604,42.789230788496624,63.53546379890888,56.565823987422604,56.565823987422604,0.0,0.0,0.0,0.0,0.0,0.0,0.0,0.0,0.0,0.0,0.0,0.0,0.0,0.0,0.0,0.0,0.0,0.0,0.0,0.0,0.0,0.0,0.0,0.0,0.0,0.0,0.0,0.0,0.0,0.0,-3.5889014040365126,-3.5889014040365126,-3.5889014040365126,6.448796381009843,6.448796381009843,6.448796381009843,-2.222770743876205,-2.222770743876205,-2.222770743876205,-4.745148070633965,-4.745148070633965,-4.745148070633965,-2.157824580334315,-2.157824580334315,-2.157824580334315,0.0,0.0,0.0,0.6224163053284346,0.6224163053284346,0.6224163053284346,0.9239885293598574,0.9239885293598574,0.9239885293598574,0.6207837326505138,0.6207837326505138,0.6207837326505138,0.6098604361842067,0.6098604361842067,0.6098604361842067,3.4769521385317947,3.4769521385317947,3.4769521385317947,-3.141601749946457,-3.141601749946457,-3.141601749946457,-8.769501852944186,-8.769501852944186,-8.769501852944186,0.0,0.0,0.0,52.97692258338609
482,2018-04-03 20:00:00,56.565481610014125,40.33662521718964,60.7709960955339,56.565481610014125,56.565481610014125,0.0,0.0,0.0,0.0,0.0,0.0,0.0,0.0,0.0,0.0,0.0,0.0,0.0,0.0,0.0,0.0,0.0,0.0,0.0,0.0,0.0,0.0,0.0,0.0,0.0,0.0,0.0,0.0,0.0,0.0,-5.721444663488574,-5.721444663488574,-5.721444663488574,4.590320307475435,4.590320307475435,4.590320307475435,-2.222770743876205,-2.222770743876205,-2.222770743876205,-4.922646566674506,-4.922646566674506,-4.922646566674506,-2.1123809601830734,-2.1123809601830734,-2.1123809601830734,0.0,0.0,0.0,0.7113151154193229,0.7113151154193229,0.7113151154193229,0.9235041076484415,0.9235041076484415,0.9235041076484415,0.6243984512375914,0.6243984512375914,0.6243984512375914,0.41306895661446963,0.41306895661446963,0.41306895661446963,3.383283264430376,3.383283264430376,3.383283264430376,-3.259781493535052,-3.259781493535052,-3.259781493535052,-8.772401668719878,-8.772401668719878,-8.772401668719878,0.0,0.0,0.0,50.84403694652555
483,2018-04-03 21:00:00,56.56513923260564,36.48603693341114,57.145331467400844,56.56513923260564,56.56513923260564,0.0,0.0,0.0,0.0,0.0,0.0,0.0,0.0,0.0,0.0,0.0,0.0,0.0,0.0,0.0,0.0,0.0,0.0,0.0,0.0,0.0,0.0,0.0,0.0,0.0,0.0,0.0,0.0,0.0,0.0,-9.813594865972002,-9.813594865972002,-9.813594865972002,1.5298819912212558,1.5298819912212558,1.5298819912212558,-2.222770743876205,-2.222770743876205,-2.222770743876205,-5.862864252088102,-5.862864252088102,-5.862864252088102,-2.23608859281701,-2.23608859281701,-2.23608859281701,0.0,0.0,0.0,0.8002139255102111,0.8002139255102111,0.8002139255102111,0.5868310182143301,0.5868310182143301,0.5868310182143301,0.6239466114142067,0.6239466114142067,0.6239466114142067,-0.11027338436629996,-0.11027338436629996,-0.11027338436629996,3.294645518235338,3.294645518235338,3.294645518235338,-3.3047230861673347,-3.3047230861673347,-3.3047230861673347,-8.775258123340494,-8.775258123340494,-8.775258123340494,0.0,0.0,0.0,46.75154436663364
484,2018-04-03 22:00:00,56.56479685519715,32.84258385927577,52.26214377792671,56.56479685519715,56.56479685519715,0.0,0.0,0.0,0.0,0.0,0.0,0.0,0.0,0.0,0.0,0.0,0.0,0.0,0.0,0.0,0.0,0.0,0.0,0.0,0.0,0.0,0.0,0.0,0.0,0.0,0.0,0.0,0.0,0.0,0.0,-13.767647278856387,-13.767647278856387,-13.767647278856387,-1.4794956487095494,-1.4794956487095494,-1.4794956487095494,-2.222770743876205,-2.222770743876205,-2.222770743876205,-6.721830108568514,-6.721830108568514,-6.721830108568514,-2.708702242389923,-2.708702242389923,-2.708702242389923,0.0,0.0,0.0,0.8891127356010994,0.8891127356010994,0.8891127356010994,0.7030922289541671,0.7030922289541671,0.7030922289541671,0.5742442308418888,0.5742442308418888,0.5742442308418888,-0.41017539958559723,-0.41017539958559723,-0.41017539958559723,3.211749473858667,3.211749473858667,3.211749473858667,-3.5466309181139426,-3.5466309181139426,-3.5466309181139426,-8.778070995436991,-8.778070995436991,-8.778070995436991,0.0,0.0,0.0,42.797149576340765
485,2018-04-03 23:00:00,56.56445447778867,29.56691705854064,49.17844014619207,56.56445447778867,56.56445447778867,0.0,0.0,0.0,0.0,0.0,0.0,0.0,0.0,0.0,0.0,0.0,0.0,0.0,0.0,0.0,0.0,0.0,0.0,0.0,0.0,0.0,0.0,0.0,0.0,0.0,0.0,0.0,0.0,0.0,0.0,-16.645943983776938,-16.645943983776938,-16.645943983776938,-3.77474042353229,-3.77474042353229,-3.77474042353229,-2.222770743876205,-2.222770743876205,-2.222770743876205,-7.225527555116032,-7.225527555116032,-7.225527555116032,-2.7748479561656185,-2.7748479561656185,-2.7748479561656185,0.0,0.0,0.0,0.9780115456919877,0.9780115456919877,0.9780115456919877,0.595550609019818,0.595550609019818,0.595550609019818,0.5778589494289664,0.5778589494289664,0.5778589494289664,-0.7422610213595286,-0.7422610213595286,-0.7422610213595286,3.1351640597876305,3.1351640597876305,3.1351640597876305,-3.6370689378554504,-3.6370689378554504,-3.6370689378554504,-8.78084006491625,-8.78084006491625,-8.78084006491625,0.0,0.0,0.0,39.918510494011734
486,2018-04-04 00:00:00,56.564112100380186,27.057052067374055,47.54462366553879,56.564112100380186,56.564112100380186,0.0,0.0,0.0,0.0,0.0,0.0,0.0,0.0,0.0,0.0,0.0,0.0,0.0,0.0,0.0,0.0,0.0,0.0,0.0,0.0,0.0,0.0,0.0,0.0,0.0,0.0,0.0,0.0,0.0,0.0,-18.792490870256163,-18.792490870256163,-18.792490870256163,-5.459821839920856,-5.459821839920856,-5.459821839920856,-1.3342790435591283,-1.3342790435591283,-1.3342790435591283,-7.614420175459179,-7.614420175459179,-7.614420175459179,-2.8192817180912777,-2.8192817180912777,-2.8192817180912777,0.0,0.0,0.0,0.0001246346922167182,0.0001246346922167182,0.0001246346922167182,0.5650320412006108,0.5650320412006108,0.5650320412006108,0.601806460068356,0.601806460068356,0.601806460068356,-0.9646763914982419,-0.9646763914982419,-0.9646763914982419,3.0653162580992617,3.0653162580992617,3.0653162580992617,-3.663146158271713,-3.663146158271713,-3.663146158271713,-8.78356511297539,-8.78356511297539,-8.78356511297539,0.0,0.0,0.0,37.771621230124026
487,2018-04-04 01:00:00,56.563769722971706,24.709652545429105,45.02479533662988,56.563769722971706,56.563769722971706,0.0,0.0,0.0,0.0,0.0,0.0,0.0,0.0,0.0,0.0,0.0,0.0,0.0,0.0,0.0,0.0,0.0,0.0,0.0,0.0,0.0,0.0,0.0,0.0,0.0,0.0,0.0,0.0,0.0,0.0,-21.607324298986846,-21.607324298986846,-21.607324298986846,-6.833917502349567,-6.833917502349567,-6.833917502349567,-1.3342790435591283,-1.3342790435591283,-1.3342790435591283,-8.989653535377716,-8.989653535377716,-8.989653535377716,-2.9409696342740466,-2.9409696342740466,-2.9409696342740466,0.0,0.0,0.0,-0.9777622763075542,-0.9777622763075542,-0.9777622763075542,0.4245497448899744,0.4245497448899744,0.4245497448899744,0.6144579751231278,0.6144579751231278,0.6144579751231278,-1.0503626815608984,-1.0503626815608984,-1.0503626815608984,3.002492660855062,3.002492660855062,3.002492660855062,-3.7252876196891895,-3.7252876196891895,-3.7252876196891895,-8.78624592211463,-8.78624592211463,-8.78624592211463,0.0,0.0,0.0,34.95644542398486
488,2018-04-04 02:00:00,56.56342734556322,23.98155173387994,44.90111434085919,56.56342734556322,56.56342734556322,0.0,0.0,0.0,0.0,0.0,0.0,0.0,0.0,0.0,0.0,0.0,0.0,0.0,0.0,0.0,0.0,0.0,0.0,0.0,0.0,0.0,0.0,0.0,0.0,0.0,0.0,0.0,0.0,0.0,0.0,-22.342216129598725,-22.342216129598725,-22.342216129598725,-7.75670946313015,-7.75670946313015,-7.75670946313015,-1.3342790435591283,-1.3342790435591283,-1.3342790435591283,-8.743467210359627,-8.743467210359627,-8.743467210359627,-2.8808830698518495,-2.8808830698518495,-2.8808830698518495,0.0,0.0,0.0,-0.888863466216666,-0.888863466216666,-0.888863466216666,0.553890341838043,0.553890341838043,0.553890341838043,0.6144579751231278,0.6144579751231278,0.6144579751231278,-1.0669669626495948,-1.0669669626495948,-1.0669669626495948,2.9468428200368875,2.9468428200368875,2.9468428200368875,-3.7408229850435597,-3.7408229850435597,-3.7408229850435597,-8.788882276145836,-8.788882276145836,-8.788882276145836,0.0,0.0,0.0,34.221211215964495
489,2018-04-04 03:00:00,56.56308496815473,24.216695745547582,44.60683052807843,56.56308496815473,56.56308496815473,0.0,0.0,0.0,0.0,0.0,0.0,0.0,0.0,0.0,0.0,0.0,0.0,0.0,0.0,0.0,0.0,0.0,0.0,0.0,0.0,0.0,0.0,0.0,0.0,0.0,0.0,0.0,0.0,0.0,0.0,-22.329832373094767,-22.329832373094767,-22.329832373094767,-7.633158610677378,-7.633158610677378,-7.633158610677378,-1.3342790435591283,-1.3342790435591283,-1.3342790435591283,-8.803584107015451,-8.803584107015451,-8.803584107015451,-2.8652302673553107,-2.8652302673553107,-2.8652302673553107,0.0,0.0,0.0,-0.7999646561257777,-0.7999646561257777,-0.7999646561257777,0.47928939827998096,0.47928939827998096,0.47928939827998096,0.6144579751231278,0.6144579751231278,0.6144579751231278,-0.9667263027437599,-0.9667263027437599,-0.9667263027437599,2.8983843048083564,2.8983843048083564,2.8983843048083564,-3.9311312106345833,-3.9311312106345833,-3.9311312106345833,-8.791473960210293,-8.791473960210293,-8.791473960210293,0.0,0.0,0.0,34.233252595059966
490,2018-04-04 04:00:00,56.56274259074625,26.24017795447243,46.04509761331376,56.56274259074625,56.56274259074625,0.0,0.0,0.0,0.0,0.0,0.0,0.0,0.0,0.0,0.0,0.0,0.0,0.0,0.0,0.0,0.0,0.0,0.0,0.0,0.0,0.0,0.0,0.0,0.0,0.0,0.0,0.0,0.0,0.0,0.0,-19.944112573496984,-19.944112573496984,-19.944112573496984,-6.021088771309092,-6.021088771309092,-6.021088771309092,-1.3342790435591283,-1.3342790435591283,-1.3342790435591283,-7.986012400640277,-7.986012400640277,-7.986012400640277,-2.7132466044050467,-2.7132466044050467,-2.7132466044050467,0.0,0.0,0.0,-0.7110658460348894,-0.7110658460348894,-0.7110658460348894,0.5475928595896352,0.5475928595896352,0.5475928595896352,0.6144579751231278,0.6144579751231278,0.6144579751231278,-0.4866370890434222,-0.4866370890434222,-0.4866370890434222,2.8570093592384684,2.8570093592384684,2.8570093592384684,-3.9028346523105535,-3.9028346523105535,-3.9028346523105535,-8.794020760786083,-8.794020760786083,-8.794020760786083,0.0,0.0,0.0,36.61863001724926
491,2018-04-04 05:00:00,56.56240021333777,30.560787401727865,51.22612290666754,56.56240021333777,56.56240021333777,0.0,0.0,0.0,0.0,0.0,0.0,0.0,0.0,0.0,0.0,0.0,0.0,0.0,0.0,0.0,0.0,0.0,0.0,0.0,0.0,0.0,0.0,0.0,0.0,0.0,0.0,0.0,0.0,0.0,0.0,-15.793930721848296,-15.793930721848296,-15.793930721848296,-3.2137955794902227,-3.2137955794902227,-3.2137955794902227,-1.3342790435591283,-1.3342790435591283,-1.3342790435591283,-6.60610571044734,-6.60610571044734,-6.60610571044734,-2.4870383618744216,-2.4870383618744216,-2.4870383618744216,0.0,0.0,0.0,-0.622167035944001,-0.622167035944001,-0.622167035944001,0.8895945878493222,0.8895945878493222,0.8895945878493222,0.6081322175957419,0.6081322175957419,0.6081322175957419,0.2630154534425451,0.2630154534425451,0.2630154534425451,2.8224930337928567,2.8224930337928567,2.8224930337928567,-3.9233635279573993,-3.9233635279573993,-3.9233635279573993,-8.79652246570359,-8.79652246570359,-8.79652246570359,0.0,0.0,0.0,40.76846949148947
492,2018-04-04 06:00:00,56.56205783592928,34.84446710208874,55.44327766029445,56.56205783592928,56.56205783592928,0.0,0.0,0.0,0.0,0.0,0.0,0.0,0.0,0.0,0.0,0.0,0.0,0.0,0.0,0.0,0.0,0.0,0.0,0.0,0.0,0.0,0.0,0.0,0.0,0.0,0.0,0.0,0.0,0.0,0.0,-11.747851076478941,-11.747851076478941,-11.747851076478941,-0.17741919997501693,-0.17741919997501693,-0.17741919997501693,-1.3342790435591283,-1.3342790435591283,-1.3342790435591283,-5.565955659035088,-5.565955659035088,-5.565955659035088,-2.397665908910313,-2.397665908910313,-2.397665908910313,0.0,0.0,0.0,-0.5332682258531128,-0.5332682258531128,-0.5332682258531128,1.2655058359081286,1.2655058359081286,1.2655058359081286,0.519571612212339,0.519571612212339,0.519571612212339,0.7121510073355597,0.7121510073355597,0.7121510073355597,2.794502646685029,2.794502646685029,2.794502646685029,-3.7979709361685603,-3.7979709361685603,-3.7979709361685603,-8.798978864153865,-8.798978864153865,-8.798978864153865,0.0,0.0,0.0,44.81420675945034
493,2018-04-04 07:00:00,56.561715458520794,37.24369842366478,57.09881332856742,56.561715458520794,56.561715458520794,0.0,0.0,0.0,0.0,0.0,0.0,0.0,0.0,0.0,0.0,0.0,0.0,0.0,0.0,0.0,0.0,0.0,0.0,0.0,0.0,0.0,0.0,0.0,0.0,0.0,0.0,0.0,0.0,0.0,0.0,-9.186315017166041,-9.186315017166041,-9.186315017166041,2.118845795331288,2.118845795331288,2.118845795331288,-1.3342790435591283,-1.3342790435591283,-1.3342790435591283,-5.276379481333742,-5.276379481333742,-5.276379481333742,-2.3310152660218253,-2.3310152660218253,-2.3310152660218253,0.0,0.0,0.0,-0.4443694157622246,-0.4443694157622246,-0.4443694157622246,1.5614875015832967,1.5614875015832967,1.5614875015832967,0.15358135527072508,0.15358135527072508,0.15358135527072508,0.9716697710181506,0.9716697710181506,0.9716697710181506,2.7726084155429973,2.7726084155429973,2.7726084155429973,-3.8534543838627364,-3.8534543838627364,-3.8534543838627364,-8.801389746706585,-8.801389746706585,-8.801389746706585,0.0,0.0,0.0,47.375400441354756
494,2018-04-04 08:00:00,56.561373081112315,37.36858949709201,57.97281279492827,56.561373081112315,56.561373081112315,0.0,0.0,0.0,0.0,0.0,0.0,0.0,0.0,0.0,0.0,0.0,0.0,0.0,0.0,0.0,0.0,0.0,0.0,0.0,0.0,0.0,0.0,0.0,0.0,0.0,0.0,0.0,0.0,0.0,0.0,-9.173782295596677,-9.173782295596677,-9.173782295596677,3.3342532007528978,3.3342532007528978,3.3342532007528978,-1.3342790435591283,-1.3342790435591283,-1.3342790435591283,-6.4605756776050915,-6.4605756776050915,-6.4605756776050915,-2.4693658429267167,-2.4693658429267167,-2.4693658429267167,0.0,0.0,0.0,-0.3554706056713363,-0.3554706056713363,-0.3554706056713363,1.2669591010423766,1.2669591010423766,1.2669591010423766,-0.2905771911164434,-0.2905771911164434,-0.2905771911164434,1.0671956350592937,1.0671956350592937,1.0671956350592937,2.7562950865717535,2.7562950865717535,2.7562950865717535,-4.345037730433138,-4.345037730433138,-4.345037730433138,-8.803754905316238,-8.803754905316238,-8.803754905316238,0.0,0.0,0.0,47.38759078551564
495,2018-04-04 09:00:00,56.56103070370383,36.51951288060958,57.06952574218902,56.56103070370383,56.56103070370383,0.0,0.0,0.0,0.0,0.0,0.0,0.0,0.0,0.0,0.0,0.0,0.0,0.0,0.0,0.0,0.0,0.0,0.0,0.0,0.0,0.0,0.0,0.0,0.0,0.0,0.0,0.0,0.0,0.0,0.0,-9.588605526551882,-9.588605526551882,-9.588605526551882,3.763968216898089,3.763968216898089,3.763968216898089,-1.3342790435591283,-1.3342790435591283,-1.3342790435591283,-7.291473987785441,-7.291473987785441,-7.291473987785441,-2.5274326908977476,-2.5274326908977476,-2.5274326908977476,0.0,0.0,0.0,-0.2665717955804481,-0.2665717955804481,-0.2665717955804481,1.0625331388248298,1.0625331388248298,1.0625331388248298,-0.6330717772420524,-0.6330717772420524,-0.6330717772420524,1.0725254042976409,1.0725254042976409,1.0725254042976409,2.7449743776732682,2.7449743776732682,2.7449743776732682,-4.665177223628534,-4.665177223628534,-4.665177223628534,-8.806074133337798,-8.806074133337798,-8.806074133337798,0.0,0.0,0.0,46.97242517715195
496,2018-04-04 10:00:00,56.56068832629534,36.022487438698754,56.20451407247032,56.56068832629534,56.56068832629534,0.0,0.0,0.0,0.0,0.0,0.0,0.0,0.0,0.0,0.0,0.0,0.0,0.0,0.0,0.0,0.0,0.0,0.0,0.0,0.0,0.0,0.0,0.0,0.0,0.0,0.0,0.0,0.0,0.0,0.0,-9.975130794886992,-9.975130794886992,-9.975130794886992,3.7905517191461082,3.7905517191461082,3.7905517191461082,-1.3342790435591283,-1.3342790435591283,-1.3342790435591283,-7.695333331888139,-7.695333331888139,-7.695333331888139,-2.5415707060559116,-2.5415707060559116,-2.5415707060559116,0.0,0.0,0.0,-0.17767298548955981,-0.17767298548955981,-0.17767298548955981,0.9671020616758802,0.9671020616758802,0.9671020616758802,-0.9186345456211883,-0.9186345456211883,-0.9186345456211883,1.0708854753012262,1.0708854753012262,1.0708854753012262,2.737998043391314,2.737998043391314,2.737998043391314,-4.761163588139459,-4.761163588139459,-4.761163588139459,-8.808347225536274,-8.808347225536274,-8.808347225536274,0.0,0.0,0.0,46.58555753140835
497,2018-04-04 11:00:00,56.56034594888686,36.64103474490886,55.83732593598985,56.56034594888686,56.56034594888686,0.0,0.0,0.0,0.0,0.0,0.0,0.0,0.0,0.0,0.0,0.0,0.0,0.0,0.0,0.0,0.0,0.0,0.0,0.0,0.0,0.0,0.0,0.0,0.0,0.0,0.0,0.0,0.0,0.0,0.0,-10.486669589945823,-10.486669589945823,-10.486669589945823,3.414440359223558,3.414440359223558,3.414440359223558,-1.3342790435591283,-1.3342790435591283,-1.3342790435591283,-7.825207335152274,-7.825207335152274,-7.825207335152274,-2.522383399769832,-2.522383399769832,-2.522383399769832,0.0,0.0,0.0,-0.08877417539867155,-0.08877417539867155,-0.08877417539867155,1.0373432098311983,1.0373432098311983,1.0373432098311983,-1.012165389061823,-1.012165389061823,-1.012165389061823,0.9749496290109795,0.9749496290109795,0.9749496290109795,2.734671364083053,2.734671364083053,2.734671364083053,-4.879898166204996,-4.879898166204996,-4.879898166204996,-8.810573978100159,-8.810573978100159,-8.810573978100159,0.0,0.0,0.0,46.07367635894104
498,2018-04-04 12:00:00,56.560003571478376,34.138863641520615,54.734253499927796,56.560003571478376,56.560003571478376,0.0,0.0,0.0,0.0,0.0,0.0,0.0,0.0,0.0,0.0,0.0,0.0,0.0,0.0,0.0,0.0,0.0,0.0,0.0,0.0,0.0,0.0,0.0,0.0,0.0,0.0,0.0,0.0,0.0,0.0,-12.001625805770885,-12.001625805770885,-12.001625805770885,2.388979312014087,2.388979312014087,2.388979312014087,-1.3342790435591283,-1.3342790435591283,-1.3342790435591283,-8.312117787660984,-8.312117787660984,-8.312117787660984,-2.6198347185386055,-2.6198347185386055,-2.6198347185386055,0.0,0.0,0.0,0.0001246346922167182,0.0001246346922167182,0.0001246346922167182,0.8435745252648035,0.8435745252648035,0.8435745252648035,-1.0817487218630684,-1.0817487218630684,-1.0817487218630684,0.7394148269009504,0.7394148269009504,0.7394148269009504,2.7342668585313152,2.7342668585313152,2.7342668585313152,-4.859369290558151,-4.859369290558151,-4.859369290558151,-8.812754188655305,-8.812754188655305,-8.812754188655305,0.0,0.0,0.0,44.55837776570749
499,2018-04-04 13:00:00,56.55966119406989,33.301840577521084,52.695376712862526,56.55966119406989,56.55966119406989,0.0,0.0,0.0,0.0,0.0,0.0,0.0,0.0,0.0,0.0,0.0,0.0,0.0,0.0,0.0,0.0,0.0,0.0,0.0,0.0,0.0,0.0,0.0,0.0,0.0,0.0,0.0,0.0,0.0,0.0,-13.718999277462908,-13.718999277462908,-13.718999277462908,0.8089502355341913,0.8089502355341913,0.8089502355341913,-1.3342790435591283,-1.3342790435591283,-1.3342790435591283,-8.449099875550374,-8.449099875550374,-8.449099875550374,-2.661238905787515,-2.661238905787515,-2.661238905787515,0.0,0.0,0.0,0.08902344478310499,0.08902344478310499,0.08902344478310499,0.706483180934079,0.706483180934079,0.706483180934079,-1.1079554316193814,-1.1079554316193814,-1.1079554316193814,0.6022757645757898,0.6022757645757898,0.6022757645757898,2.7360380188234226,2.7360380188234226,2.7360380188234226,-4.743408884877323,-4.743408884877323,-4.743408884877323,-8.81488765627015,-8.81488765627015,-8.81488765627015,0.0,0.0,0.0,42.84066191660698
500,2018-04-04 14:00:00,56.55931881666141,31.373931395017856,52.34591096144828,56.55931881666141,56.55931881666141,0.0,0.0,0.0,0.0,0.0,0.0,0.0,0.0,0.0,0.0,0.0,0.0,0.0,0.0,0.0,0.0,0.0,0.0,0.0,0.0,0.0,0.0,0.0,0.0,0.0,0.0,0.0,0.0,0.0,0.0,-14.847518235992533,-14.847518235992533,-14.847518235992533,-0.538681039263515,-0.538681039263515,-0.538681039263515,-1.3342790435591283,-1.3342790435591283,-1.3342790435591283,-8.231095884079197,-8.231095884079197,-8.231095884079197,-2.671337488043346,-2.671337488043346,-2.671337488043346,0.0,0.0,0.0,0.17792225487399324,0.17792225487399324,0.17792225487399324,0.6590098532153122,0.6590098532153122,0.6590098532153122,-1.122414305967692,-1.122414305967692,-1.122414305967692,0.5276589952389311,0.5276589952389311,0.5276589952389311,2.7392328688260235,2.7392328688260235,2.7392328688260235,-4.467656149837267,-4.467656149837267,-4.467656149837267,-8.816974181475848,-8.816974181475848,-8.816974181475848,0.0,0.0,0.0,41.71180058066888
501,2018-04-04 15:00:00,56.55897643925292,32.12207007266981,52.94851103153372,56.55897643925292,56.55897643925292,0.0,0.0,0.0,0.0,0.0,0.0,0.0,0.0,0.0,0.0,0.0,0.0,0.0,0.0,0.0,0.0,0.0,0.0,0.0,0.0,0.0,0.0,0.0,0.0,0.0,0.0,0.0,0.0,0.0,0.0,-14.327066660866112,-14.327066660866112,-14.327066660866112,-0.5741835013614386,-0.5741835013614386,-0.5741835013614386,-1.3342790435591283,-1.3342790435591283,-1.3342790435591283,-7.676976745616151,-7.676976745616151,-7.676976745616151,-2.655179756434016,-2.655179756434016,-2.655179756434016,0.0,0.0,0.0,0.2668210649648815,0.2668210649648815,0.2668210649648815,0.7370017487532863,0.7370017487532863,0.7370017487532863,-0.9516188527282723,-0.9516188527282723,-0.9516188527282723,0.4688265424925618,0.4688265424925618,0.4688265424925618,2.743107152382841,2.743107152382841,2.743107152382841,-4.208548449105464,-4.208548449105464,-4.208548449105464,-8.819013566271366,-8.819013566271366,-8.819013566271366,0.0,0.0,0.0,42.23190977838681
502,2018-04-04 16:00:00,56.55863406184444,35.00084265788961,54.74970944187684,56.55863406184444,56.55863406184444,0.0,0.0,0.0,0.0,0.0,0.0,0.0,0.0,0.0,0.0,0.0,0.0,0.0,0.0,0.0,0.0,0.0,0.0,0.0,0.0,0.0,0.0,0.0,0.0,0.0,0.0,0.0,0.0,0.0,0.0,-11.865499943926206,-11.865499943926206,-11.865499943926206,1.1673577913134427,1.1673577913134427,1.1673577913134427,-1.3342790435591283,-1.3342790435591283,-1.3342790435591283,-6.9587890861755,-6.9587890861755,-6.9587890861755,-2.5072355263860846,-2.5072355263860846,-2.5072355263860846,0.0,0.0,0.0,0.3557198750557698,0.3557198750557698,0.3557198750557698,0.8261353436538279,0.8261353436538279,0.8261353436538279,-0.6651524047023668,-0.6651524047023668,-0.6651524047023668,0.3359922937829892,0.3359922937829892,0.3359922937829892,2.7469369650747795,2.7469369650747795,2.7469369650747795,-3.9699696240205076,-3.9699696240205076,-3.9699696240205076,-8.82100561413893,-8.82100561413893,-8.82100561413893,0.0,0.0,0.0,44.693134117918234
503,2018-04-04 17:00:00,56.55829168443596,38.49001823377579,58.452911030496296,56.55829168443596,56.55829168443596,0.0,0.0,0.0,0.0,0.0,0.0,0.0,0.0,0.0,0.0,0.0,0.0,0.0,0.0,0.0,0.0,0.0,0.0,0.0,0.0,0.0,0.0,0.0,0.0,0.0,0.0,0.0,0.0,0.0,0.0,-8.01473046216008,-8.01473046216008,-8.01473046216008,3.9449126380239474,3.9449126380239474,3.9449126380239474,-1.3342790435591283,-1.3342790435591283,-1.3342790435591283,-5.886723623389094,-5.886723623389094,-5.886723623389094,-2.4375553088208473,-2.4375553088208473,-2.4375553088208473,0.0,0.0,0.0,0.44461868514665803,0.44461868514665803,0.44461868514665803,0.9675864833872961,0.9675864833872961,0.9675864833872961,-0.3041323858179847,-0.3041323858179847,-0.3041323858179847,0.3669459535903125,0.3669459535903125,0.3669459535903125,2.750030653258611,2.750030653258611,2.750030653258611,-3.5899080073154,-3.5899080073154,-3.5899080073154,-8.822950130053545,-8.822950130053545,-8.822950130053545,0.0,0.0,0.0,48.543561222275876
504,2018-04-04 18:00:00,56.63884144248687,44.32162601438767,63.739323692965016,56.63884144248687,56.63884144248687,0.0,0.0,0.0,0.0,0.0,0.0,0.0,0.0,0.0,0.0,0.0,0.0,0.0,0.0,0.0,0.0,0.0,0.0,0.0,0.0,0.0,0.0,0.0,0.0,0.0,0.0,0.0,0.0,0.0,0.0,-2.7464595663383395,-2.7464595663383395,-2.7464595663383395,6.077614415978084,6.077614415978084,6.077614415978084,-1.3348729876107244,-1.3348729876107244,-1.3348729876107244,-2.5876571984763377,-2.5876571984763377,-2.5876571984763377,-1.9778509056847562,-1.9778509056847562,-1.9778509056847562,0.0,0.0,0.0,0.644735557965369,0.644735557965369,0.644735557965369,1.9062331899695806,1.9062331899695806,1.9062331899695806,0.2418328792683745,0.2418328792683745,0.2418328792683745,0.6906069286623715,0.6906069286623715,0.6906069286623715,2.734317861825468,2.734317861825468,2.734317861825468,-2.7583418610465533,-2.7583418610465533,-2.7583418610465533,-8.970734645665553,-8.970734645665553,-8.970734645665553,0.0,0.0,0.0,53.892381876148534
505,2018-04-04 19:00:00,56.63852588746619,45.750824415912966,66.56434441495874,56.63852588746619,56.63852588746619,0.0,0.0,0.0,0.0,0.0,0.0,0.0,0.0,0.0,0.0,0.0,0.0,0.0,0.0,0.0,0.0,0.0,0.0,0.0,0.0,0.0,0.0,0.0,0.0,0.0,0.0,0.0,0.0,0.0,0.0,-0.6021292751701915,-0.6021292751701915,-0.6021292751701915,6.352154196398767,6.352154196398767,6.352154196398767,-1.3348729876107244,-1.3348729876107244,-1.3348729876107244,-0.7171902163965881,-0.7171902163965881,-0.7171902163965881,-1.7350213069029494,-1.7350213069029494,-1.7350213069029494,0.0,0.0,0.0,0.7521664026739007,0.7521664026739007,0.7521664026739007,2.174882186977136,2.174882186977136,2.174882186977136,0.44785606762157043,0.44785606762157043,0.44785606762157043,1.0359923131225381,1.0359923131225381,1.0359923131225381,2.735528774310505,2.735528774310505,2.735528774310505,-2.05819289227806,-2.05819289227806,-2.05819289227806,-8.972622029482876,-8.972622029482876,-8.972622029482876,0.0,0.0,0.0,56.036396612295995
506,2018-04-04 20:00:00,56.6382103324455,42.962312871719114,63.24467424805617,56.6382103324455,56.6382103324455,0.0,0.0,0.0,0.0,0.0,0.0,0.0,0.0,0.0,0.0,0.0,0.0,0.0,0.0,0.0,0.0,0.0,0.0,0.0,0.0,0.0,0.0,0.0,0.0,0.0,0.0,0.0,0.0,0.0,0.0,-3.5851364399132124,-3.5851364399132124,-3.5851364399132124,4.449740556930008,4.449740556930008,4.449740556930008,-1.3348729876107244,-1.3348729876107244,-1.3348729876107244,-1.7946555642816042,-1.7946555642816042,-1.7946555642816042,-2.1938712918622025,-2.1938712918622025,-2.1938712918622025,0.0,0.0,0.0,0.8595972473824327,0.8595972473824327,0.8595972473824327,1.8240311891758159,1.8240311891758159,1.8240311891758159,0.4945970112347404,0.4945970112347404,0.4945970112347404,0.5052680728956314,0.5052680728956314,0.5052680728956314,2.73423753470301,2.73423753470301,2.73423753470301,-1.9494048054972979,-1.9494048054972979,-1.9494048054972979,-8.974458967264626,-8.974458967264626,-8.974458967264626,0.0,0.0,0.0,53.05307389253229
507,2018-04-04 21:00:00,56.63789477742482,39.75374463219482,60.58159559417422,56.63789477742482,56.63789477742482,0.0,0.0,0.0,0.0,0.0,0.0,0.0,0.0,0.0,0.0,0.0,0.0,0.0,0.0,0.0,0.0,0.0,0.0,0.0,0.0,0.0,0.0,0.0,0.0,0.0,0.0,0.0,0.0,0.0,0.0,-6.620376629294108,-6.620376629294108,-6.620376629294108,1.3399899507326551,1.3399899507326551,1.3399899507326551,-1.3348729876107244,-1.3348729876107244,-1.3348729876107244,-1.7140874668878336,-1.7140874668878336,-1.7140874668878336,-2.3557576910500737,-2.3557576910500737,-2.3557576910500737,0.0,0.0,0.0,0.9670280920909645,0.9670280920909645,0.9670280920909645,1.8603102844982036,1.8603102844982036,1.8603102844982036,0.5014039447706389,0.5014039447706389,0.5014039447706389,-0.0014077251959937903,-0.0014077251959937903,-0.0014077251959937903,2.729966155872059,2.729966155872059,2.729966155872059,-1.350791384390849,-1.350791384390849,-1.350791384390849,-8.976245269010988,-8.976245269010988,-8.976245269010988,0.0,0.0,0.0,50.01751814813071
508,2018-04-04 22:00:00,56.63757922240415,32.993665099398356,53.288353073924014,56.63757922240415,56.63757922240415,0.0,0.0,0.0,0.0,0.0,0.0,0.0,0.0,0.0,0.0,0.0,0.0,0.0,0.0,0.0,0.0,0.0,0.0,0.0,0.0,0.0,0.0,0.0,0.0,0.0,0.0,0.0,0.0,0.0,0.0,-13.488688362186984,-13.488688362186984,-13.488688362186984,-1.6754726415389385,-1.6754726415389385,-1.6754726415389385,-1.3348729876107244,-1.3348729876107244,-1.3348729876107244,-5.557547405879681,-5.557547405879681,-5.557547405879681,-2.87338171902658,-2.87338171902658,-2.87338171902658,0.0,0.0,0.0,1.0744589367994963,1.0744589367994963,1.0744589367994963,0.4780308298097556,0.4780308298097556,0.4780308298097556,0.5082108783065376,0.5082108783065376,0.5082108783065376,-0.5406318458327847,-0.5406318458327847,-0.5406318458327847,2.7223124315868623,2.7223124315868623,2.7223124315868623,-2.8693614983253823,-2.8693614983253823,-2.8693614983253823,-8.977980746355227,-8.977980746355227,-8.977980746355227,0.0,0.0,0.0,43.148890860217165
509,2018-04-04 23:00:00,56.637263667383465,30.460389636670445,50.60231687953625,56.637263667383465,56.637263667383465,0.0,0.0,0.0,0.0,0.0,0.0,0.0,0.0,0.0,0.0,0.0,0.0,0.0,0.0,0.0,0.0,0.0,0.0,0.0,0.0,0.0,0.0,0.0,0.0,0.0,0.0,0.0,0.0,0.0,0.0,-16.35196811423468,-16.35196811423468,-16.35196811423468,-3.902223699376155,-3.902223699376155,-3.902223699376155,-1.3348729876107244,-1.3348729876107244,-1.3348729876107244,-6.181033926613305,-6.181033926613305,-6.181033926613305,-3.070841881093314,-3.070841881093314,-3.070841881093314,0.0,0.0,0.0,1.1818897815080283,1.1818897815080283,1.1818897815080283,0.25484550921886334,0.25484550921886334,0.25484550921886334,0.5272702922070535,0.5272702922070535,0.5272702922070535,-0.8800051197591309,-0.8800051197591309,-0.8800051197591309,2.7109547243359127,2.7109547243359127,2.7109547243359127,-2.859319521084081,-2.859319521084081,-2.859319521084081,-8.979665212581132,-8.979665212581132,-8.979665212581132,0.0,0.0,0.0,40.285295553148785
510,2018-04-05 00:00:00,56.63694811236279,27.76727842284887,48.319698715455694,56.63694811236279,56.63694811236279,0.0,0.0,0.0,0.0,0.0,0.0,0.0,0.0,0.0,0.0,0.0,0.0,0.0,0.0,0.0,0.0,0.0,0.0,0.0,0.0,0.0,0.0,0.0,0.0,0.0,0.0,0.0,0.0,0.0,0.0,-18.547303482924583,-18.547303482924583,-18.547303482924583,-5.460960639981194,-5.460960639981194,-5.460960639981194,-0.4451134600377964,-0.4451134600377964,-0.4451134600377964,-6.800699592316171,-6.800699592316171,-6.800699592316171,-3.212621370827915,-3.212621370827915,-3.212621370827915,0.0,0.0,0.0,0.0001504897141776506,0.0001504897141776506,0.0001504897141776506,0.13360903877442798,0.13360903877442798,0.13360903877442798,0.5653891200080853,0.5653891200080853,0.5653891200080853,-1.1016239528851324,-1.1016239528851324,-1.1016239528851324,2.6956552320001856,2.6956552320001856,2.6956552320001856,-2.7404894570620177,-2.7404894570620177,-2.7404894570620177,-8.981298482627405,-8.981298482627405,-8.981298482627405,0.0,0.0,0.0,38.089644629438205
511,2018-04-05 01:00:00,56.636632557342104,25.455767017673033,45.77294234502025,56.636632557342104,56.636632557342104,0.0,0.0,0.0,0.0,0.0,0.0,0.0,0.0,0.0,0.0,0.0,0.0,0.0,0.0,0.0,0.0,0.0,0.0,0.0,0.0,0.0,0.0,0.0,0.0,0.0,0.0,0.0,0.0,0.0,0.0,-21.08137204878783,-21.08137204878783,-21.08137204878783,-6.708282486510264,-6.708282486510264,-6.708282486510264,-0.4451134600377964,-0.4451134600377964,-0.4451134600377964,-8.066470890179891,-8.066470890179891,-8.066470890179891,-3.319342659464505,-3.319342659464505,-3.319342659464505,0.0,0.0,0.0,-1.1815888020796728,-1.1815888020796728,-1.1815888020796728,0.12672060295372142,0.12672060295372142,0.12672060295372142,0.5921630585826195,0.5921630585826195,0.5921630585826195,-1.1719034518839297,-1.1719034518839297,-1.1719034518839297,2.6762617010066463,2.6762617010066463,2.6762617010066463,-2.6674061782503267,-2.6674061782503267,-2.6674061782503267,-8.982880373104322,-8.982880373104322,-8.982880373104322,0.0,0.0,0.0,35.55526050855427
512,2018-04-05 02:00:00,56.63631700232142,24.987806499288205,44.995860928453745,56.63631700232142,56.63631700232142,0.0,0.0,0.0,0.0,0.0,0.0,0.0,0.0,0.0,0.0,0.0,0.0,0.0,0.0,0.0,0.0,0.0,0.0,0.0,0.0,0.0,0.0,0.0,0.0,0.0,0.0,0.0,0.0,0.0,0.0,-21.620303055583665,-21.620303055583665,-21.620303055583665,-7.560658843552673,-7.560658843552673,-7.560658843552673,-0.4451134600377964,-0.4451134600377964,-0.4451134600377964,-7.727941086038791,-7.727941086038791,-7.727941086038791,-3.2615997400089585,-3.2615997400089585,-3.2615997400089585,0.0,0.0,0.0,-1.074157957371141,-1.074157957371141,-1.074157957371141,0.11983216713301488,0.11983216713301488,0.11983216713301488,0.5921630585826195,0.5921630585826195,0.5921630585826195,-1.2075614867741753,-1.2075614867741753,-1.2075614867741753,2.652707576310427,2.652707576310427,2.652707576310427,-2.451503667562353,-2.451503667562353,-2.451503667562353,-8.984410702302625,-8.984410702302625,-8.984410702302625,0.0,0.0,0.0,35.01601394673776
513,2018-04-05 03:00:00,56.63600144730074,25.206966611944885,45.60761895656618,56.63600144730074,56.63600144730074,0.0,0.0,0.0,0.0,0.0,0.0,0.0,0.0,0.0,0.0,0.0,0.0,0.0,0.0,0.0,0.0,0.0,0.0,0.0,0.0,0.0,0.0,0.0,0.0,0.0,0.0,0.0,0.0,0.0,0.0,-21.254624167041957,-21.254624167041957,-21.254624167041957,-7.43887147937084,-7.43887147937084,-7.43887147937084,-0.4451134600377964,-0.4451134600377964,-0.4451134600377964,-7.454873998811307,-7.454873998811307,-7.454873998811307,-3.2538663132961623,-3.2538663132961623,-3.2538663132961623,0.0,0.0,0.0,-0.9667271126626091,-0.9667271126626091,-0.9667271126626091,0.1983603354890696,0.1983603354890696,0.1983603354890696,0.6016927655328775,0.6016927655328775,0.6016927655328775,-1.11261160317108,-1.11261160317108,-1.11261160317108,2.625010601344238,2.625010601344238,2.625010601344238,-2.476608610665606,-2.476608610665606,-2.476608610665606,-8.985889290204042,-8.985889290204042,-8.985889290204042,0.0,0.0,0.0,35.38137728025879
514,2018-04-05 04:00:00,56.635685892280065,27.475939693030277,47.66537607544195,56.635685892280065,56.635685892280065,0.0,0.0,0.0,0.0,0.0,0.0,0.0,0.0,0.0,0.0,0.0,0.0,0.0,0.0,0.0,0.0,0.0,0.0,0.0,0.0,0.0,0.0,0.0,0.0,0.0,0.0,0.0,0.0,0.0,0.0,-18.89898172299271,-18.89898172299271,-18.89898172299271,-5.8700904607896165,-5.8700904607896165,-5.8700904607896165,-0.4451134600377964,-0.4451134600377964,-0.4451134600377964,-6.63484520736512,-6.63484520736512,-6.63484520736512,-3.177563169729904,-3.177563169729904,-3.177563169729904,0.0,0.0,0.0,-0.8592962679540773,-0.8592962679540773,-0.8592962679540773,0.4119018459309727,0.4119018459309727,0.4119018459309727,0.613491450328435,0.613491450328435,0.613491450328435,-0.6469840080345047,-0.6469840080345047,-0.6469840080345047,2.593269903658104,2.593269903658104,2.593269903658104,-2.531281597868245,-2.531281597868245,-2.531281597868245,-8.987315958496072,-8.987315958496072,-8.987315958496072,0.0,0.0,0.0,37.73670416928736
515,2018-04-05 05:00:00,56.63537033725938,30.942399959476067,51.89764684857208,56.63537033725938,56.63537033725938,0.0,0.0,0.0,0.0,0.0,0.0,0.0,0.0,0.0,0.0,0.0,0.0,0.0,0.0,0.0,0.0,0.0,0.0,0.0,0.0,0.0,0.0,0.0,0.0,0.0,0.0,0.0,0.0,0.0,0.0,-14.977753141504138,-14.977753141504138,-14.977753141504138,-3.1018970493793065,-3.1018970493793065,-3.1018970493793065,-0.4451134600377964,-0.4451134600377964,-0.4451134600377964,-5.444827185376831,-5.444827185376831,-5.444827185376831,-2.9584494128673398,-2.9584494128673398,-2.9584494128673398,0.0,0.0,0.0,-0.7518654232455454,-0.7518654232455454,-0.7518654232455454,0.787091983632123,0.787091983632123,0.787091983632123,0.5908016718754399,0.5908016718754399,0.5908016718754399,-0.053443578436991296,-0.053443578436991296,-0.053443578436991296,2.5576616238281904,2.5576616238281904,2.5576616238281904,-2.613848966296721,-2.613848966296721,-2.613848966296721,-8.98869053057619,-8.98869053057619,-8.98869053057619,0.0,0.0,0.0,41.65761719575524
516,2018-04-05 06:00:00,56.6350547822387,36.34239837346717,56.18997158682324,56.6350547822387,56.6350547822387,0.0,0.0,0.0,0.0,0.0,0.0,0.0,0.0,0.0,0.0,0.0,0.0,0.0,0.0,0.0,0.0,0.0,0.0,0.0,0.0,0.0,0.0,0.0,0.0,0.0,0.0,0.0,0.0,0.0,0.0,-10.571048306202538,-10.571048306202538,-10.571048306202538,-0.07776894408420658,-0.07776894408420658,-0.07776894408420658,-0.4451134600377964,-0.4451134600377964,-0.4451134600377964,-4.021699696959388,-4.021699696959388,-4.021699696959388,-2.6233342553128294,-2.6233342553128294,-2.6233342553128294,0.0,0.0,0.0,-0.6444345785370136,-0.6444345785370136,-0.6444345785370136,1.4566479454048,1.4566479454048,1.4566479454048,0.286304845036245,0.286304845036245,0.286304845036245,0.4086596760418272,0.4086596760418272,0.4086596760418272,2.518433166410792,2.518433166410792,2.518433166410792,-2.4604298695546207,-2.4604298695546207,-2.4604298695546207,-8.990012831569734,-8.990012831569734,-8.990012831569734,0.0,0.0,0.0,46.064006476036155
517,2018-04-05 07:00:00,56.63473922721802,37.822225734327816,58.20226424092009,56.63473922721802,56.63473922721802,0.0,0.0,0.0,0.0,0.0,0.0,0.0,0.0,0.0,0.0,0.0,0.0,0.0,0.0,0.0,0.0,0.0,0.0,0.0,0.0,0.0,0.0,0.0,0.0,0.0,0.0,0.0,0.0,0.0,0.0,-8.834875856096739,-8.834875856096739,-8.834875856096739,2.221171541293412,2.221171541293412,2.221171541293412,-0.4451134600377964,-0.4451134600377964,-0.4451134600377964,-4.540660880810395,-4.540660880810395,-4.540660880810395,-2.6754059951789917,-2.6754059951789917,-2.6754059951789917,0.0,0.0,0.0,-0.5370037338284817,-0.5370037338284817,-0.5370037338284817,1.2578017647137374,1.2578017647137374,1.2578017647137374,-0.38349741489617173,-0.38349741489617173,-0.38349741489617173,0.6483148407692899,0.6483148407692899,0.6483148407692899,2.4758961717580044,2.4758961717580044,2.4758961717580044,-2.405756882351981,-2.405756882351981,-2.405756882351981,-8.991282688337758,-8.991282688337758,-8.991282688337758,0.0,0.0,0.0,47.79986337112128
518,2018-04-05 08:00:00,56.63442367219734,37.46245559636343,57.827443311884394,56.63442367219734,56.63442367219734,0.0,0.0,0.0,0.0,0.0,0.0,0.0,0.0,0.0,0.0,0.0,0.0,0.0,0.0,0.0,0.0,0.0,0.0,0.0,0.0,0.0,0.0,0.0,0.0,0.0,0.0,0.0,0.0,0.0,0.0,-8.661413547392772,-8.661413547392772,-8.661413547392772,3.4285457108808934,3.4285457108808934,3.4285457108808934,-0.4451134600377964,-0.4451134600377964,-0.4451134600377964,-5.527877654703255,-5.527877654703255,-5.527877654703255,-2.798109699022028,-2.798109699022028,-2.798109699022028,0.0,0.0,0.0,-0.42957288911994984,-0.42957288911994984,-0.42957288911994984,1.1035008023299107,1.1035008023299107,1.1035008023299107,-1.2016908259111767,-1.2016908259111767,-1.2016908259111767,0.7331063307117918,0.7331063307117918,0.7331063307117918,2.430418325915869,2.430418325915869,2.430418325915869,-2.489997913654007,-2.489997913654007,-2.489997913654007,-8.99249992948628,-8.99249992948628,-8.99249992948628,0.0,0.0,0.0,47.973010124804574
519,2018-04-05 09:00:00,56.63410811717666,37.934177542281695,58.17083839421503,56.63410811717666,56.63410811717666,0.0,0.0,0.0,0.0,0.0,0.0,0.0,0.0,0.0,0.0,0.0,0.0,0.0,0.0,0.0,0.0,0.0,0.0,0.0,0.0,0.0,0.0,0.0,0.0,0.0,0.0,0.0,0.0,0.0,0.0,-8.72845789057256,-8.72845789057256,-8.72845789057256,3.829094497317638,3.829094497317638,3.829094497317638,-0.4451134600377964,-0.4451134600377964,-0.4451134600377964,-5.946302145481418,-5.946302145481418,-5.946302145481418,-2.9857741872525536,-2.9857741872525536,-2.9857741872525536,0.0,0.0,0.0,-0.32214204441141797,-0.32214204441141797,-0.32214204441141797,0.9657320859157794,0.9657320859157794,0.9657320859157794,-1.532054000186786,-1.532054000186786,-1.532054000186786,0.7687643656020371,0.7687643656020371,0.7687643656020371,2.382414142972331,2.382414142972331,2.382414142972331,-2.39571490511068,-2.39571490511068,-2.39571490511068,-8.993664385381111,-8.993664385381111,-8.993664385381111,0.0,0.0,0.0,47.905650226604095
520,2018-04-05 10:00:00,56.633792562155975,37.97029584412561,59.345294516603474,56.633792562155975,56.633792562155975,0.0,0.0,0.0,0.0,0.0,0.0,0.0,0.0,0.0,0.0,0.0,0.0,0.0,0.0,0.0,0.0,0.0,0.0,0.0,0.0,0.0,0.0,0.0,0.0,0.0,0.0,0.0,0.0,0.0,0.0,-8.523988912505665,-8.523988912505665,-8.523988912505665,3.8184253875921126,3.8184253875921126,3.8184253875921126,-0.4451134600377964,-0.4451134600377964,-0.4451134600377964,-5.679973281088723,-5.679973281088723,-5.679973281088723,-2.9357646945098033,-2.9357646945098033,-2.9357646945098033,0.0,0.0,0.0,-0.2147111997028861,-0.2147111997028861,-0.2147111997028861,0.9836420190496166,0.9836420190496166,0.9836420190496166,-1.6464104835898814,-1.6464104835898814,-1.6464104835898814,0.8033858297105892,0.8033858297105892,0.8033858297105892,2.3323348691438346,2.3323348691438346,2.3323348691438346,-2.2250012920085616,-2.2250012920085616,-2.2250012920085616,-8.99477588815289,-8.99477588815289,-8.99477588815289,0.0,0.0,0.0,48.10980364965031
521,2018-04-05 11:00:00,56.6334770071353,37.55627189296655,58.056221867587304,56.6334770071353,56.6334770071353,0.0,0.0,0.0,0.0,0.0,0.0,0.0,0.0,0.0,0.0,0.0,0.0,0.0,0.0,0.0,0.0,0.0,0.0,0.0,0.0,0.0,0.0,0.0,0.0,0.0,0.0,0.0,0.0,0.0,0.0,-8.942361771705468,-8.942361771705468,-8.942361771705468,3.416146313784486,3.416146313784486,3.416146313784486,-0.4451134600377964,-0.4451134600377964,-0.4451134600377964,-5.643331484741413,-5.643331484741413,-5.643331484741413,-2.8537903713541617,-2.8537903713541617,-2.8537903713541617,0.0,0.0,0.0,-0.10728035499435422,-0.10728035499435422,-0.10728035499435422,0.8665386100976052,0.8665386100976052,0.8665386100976052,-1.695420405048351,-1.695420405048351,-1.695420405048351,0.7542523746583326,0.7542523746583326,0.7542523746583326,2.2806576709657396,2.2806576709657396,2.2806576709657396,-2.162517878062688,-2.162517878062688,-2.162517878062688,-8.995834271714276,-8.995834271714276,-8.995834271714276,0.0,0.0,0.0,47.691115235429834
522,2018-04-05 12:00:00,56.633161452114614,35.602514075664715,56.66531219843848,56.633161452114614,56.633161452114614,0.0,0.0,0.0,0.0,0.0,0.0,0.0,0.0,0.0,0.0,0.0,0.0,0.0,0.0,0.0,0.0,0.0,0.0,0.0,0.0,0.0,0.0,0.0,0.0,0.0,0.0,0.0,0.0,0.0,0.0,-10.239390867593995,-10.239390867593995,-10.239390867593995,2.379279072068974,2.379279072068974,2.379279072068974,-0.4451134600377964,-0.4451134600377964,-0.4451134600377964,-5.849704848514743,-5.849704848514743,-5.849704848514743,-2.9682450867035484,-2.9682450867035484,-2.9682450867035484,0.0,0.0,0.0,0.0001504897141776506,0.0001504897141776506,0.0001504897141776506,0.800868855273536,0.800868855273536,0.800868855273536,-1.6409649367611627,-1.6409649367611627,-1.6409649367611627,0.554401527947888,0.554401527947888,0.554401527947888,2.227874280617818,2.227874280617818,2.227874280617818,-2.1508022379478366,-2.1508022379478366,-2.1508022379478366,-8.996839371766045,-8.996839371766045,-8.996839371766045,0.0,0.0,0.0,46.39377058452062
523,2018-04-05 13:00:00,56.632845897093944,34.7693244012473,54.55034897852606,56.632845897093944,56.632845897093944,0.0,0.0,0.0,0.0,0.0,0.0,0.0,0.0,0.0,0.0,0.0,0.0,0.0,0.0,0.0,0.0,0.0,0.0,0.0,0.0,0.0,0.0,0.0,0.0,0.0,0.0,0.0,0.0,0.0,0.0,-11.659647021085537,-11.659647021085537,-11.659647021085537,0.7886087024170748,0.7886087024170748,0.7886087024170748,-0.4451134600377964,-0.4451134600377964,-0.4451134600377964,-5.624943977540042,-5.624943977540042,-5.624943977540042,-2.9842275019099946,-2.9842275019099946,-2.9842275019099946,0.0,0.0,0.0,0.10758133442270952,0.10758133442270952,0.10758133442270952,0.8426586992524892,0.8426586992524892,0.8426586992524892,-1.5257008622199475,-1.5257008622199475,-1.5257008622199475,0.4051353353840704,0.4051353353840704,0.4051353353840704,2.1744792798453685,2.1744792798453685,2.1744792798453685,-2.0252775224315727,-2.0252775224315727,-2.0252775224315727,-8.997791025807938,-8.997791025807938,-8.997791025807938,0.0,0.0,0.0,44.97319887600841
524,2018-04-05 14:00:00,56.63253034207326,33.30877822564151,54.70252742670073,56.63253034207326,56.63253034207326,0.0,0.0,0.0,0.0,0.0,0.0,0.0,0.0,0.0,0.0,0.0,0.0,0.0,0.0,0.0,0.0,0.0,0.0,0.0,0.0,0.0,0.0,0.0,0.0,0.0,0.0,0.0,0.0,0.0,0.0,-12.98143853458746,-12.98143853458746,-12.98143853458746,-0.5821393745002592,-0.5821393745002592,-0.5821393745002592,-0.4451134600377964,-0.4451134600377964,-0.4451134600377964,-5.521568296636969,-5.521568296636969,-5.521568296636969,-3.03681480355701,-3.03681480355701,-3.03681480355701,0.0,0.0,0.0,0.2150121791312414,0.2150121791312414,0.2150121791312414,0.7742335701001374,0.7742335701001374,0.7742335701001374,-1.4022684674356538,-1.4022684674356538,-1.4022684674356538,0.29712465993164133,0.29712465993164133,0.29712465993164133,2.1209582097013047,2.1209582097013047,2.1209582097013047,-1.9237419747695288,-1.9237419747695288,-1.9237419747695288,-8.998689073151537,-8.998689073151537,-8.998689073151537,0.0,0.0,0.0,43.6510918074858
525,2018-04-05 15:00:00,56.632214787052575,33.58264180939396,54.24504383375732,56.632214787052575,56.632214787052575,0.0,0.0,0.0,0.0,0.0,0.0,0.0,0.0,0.0,0.0,0.0,0.0,0.0,0.0,0.0,0.0,0.0,0.0,0.0,0.0,0.0,0.0,0.0,0.0,0.0,0.0,0.0,0.0,0.0,0.0,-12.592183821382202,-12.592183821382202,-12.592183821382202,-0.6483768726576797,-0.6483768726576797,-0.6483768726576797,-0.4451134600377964,-0.4451134600377964,-0.4451134600377964,-5.012049290400021,-5.012049290400021,-5.012049290400021,-2.9512315479353965,-2.9512315479353965,-2.9512315479353965,0.0,0.0,0.0,0.32244302383977325,0.32244302383977325,0.32244302383977325,0.7939804194528295,0.7939804194528295,0.7939804194528295,-1.1331676949831313,-1.1331676949831313,-1.1331676949831313,0.20093089139051443,0.20093089139051443,0.20093089139051443,2.0677756966035252,2.0677756966035252,2.0677756966035252,-1.7998909221268147,-1.7998909221268147,-1.7998909221268147,-8.999533354928028,-8.999533354928028,-8.999533354928028,0.0,0.0,0.0,44.040030965670375
526,2018-04-05 16:00:00,56.63189923203189,36.13421597972427,56.250124111336774,56.63189923203189,56.63189923203189,0.0,0.0,0.0,0.0,0.0,0.0,0.0,0.0,0.0,0.0,0.0,0.0,0.0,0.0,0.0,0.0,0.0,0.0,0.0,0.0,0.0,0.0,0.0,0.0,0.0,0.0,0.0,0.0,0.0,0.0,-10.16279043622645,-10.16279043622645,-10.16279043622645,1.0734857610618984,1.0734857610618984,1.0734857610618984,-0.4451134600377964,-0.4451134600377964,-0.4451134600377964,-4.251316268948056,-4.251316268948056,-4.251316268948056,-2.7975941372411746,-2.7975941372411746,-2.7975941372411746,0.0,0.0,0.0,0.42987386854830517,0.42987386854830517,0.42987386854830517,0.9606805663139281,0.9606805663139281,0.9606805663139281,-0.7007005176690438,-0.7007005176690438,-0.7007005176690438,0.08524959215355583,0.08524959215355583,0.08524959215355583,2.0153637857589874,2.0153637857589874,2.0153637857589874,-1.7837121810158296,-1.7837121810158296,-1.7837121810158296,-9.000323714099281,-9.000323714099281,-9.000323714099281,0.0,0.0,0.0,46.46910879580544
527,2018-04-05 17:00:00,56.63158367701121,39.1933799578655,59.721572686925896,56.63158367701121,56.63158367701121,0.0,0.0,0.0,0.0,0.0,0.0,0.0,0.0,0.0,0.0,0.0,0.0,0.0,0.0,0.0,0.0,0.0,0.0,0.0,0.0,0.0,0.0,0.0,0.0,0.0,0.0,0.0,0.0,0.0,0.0,-6.783590188463562,-6.783590188463562,-6.783590188463562,3.852486385184249,3.852486385184249,3.852486385184249,-0.4451134600377964,-0.4451134600377964,-0.4451134600377964,-3.5991272493599453,-3.5991272493599453,-3.5991272493599453,-2.711495319838708,-2.711495319838708,-2.711495319838708,0.0,0.0,0.0,0.537304713256837,0.537304713256837,0.537304713256837,1.0846724110866461,1.0846724110866461,1.0846724110866461,-0.28956173210077185,-0.28956173210077185,-0.28956173210077185,0.06679863223941727,0.06679863223941727,0.06679863223941727,1.9641106711810095,1.9641106711810095,1.9641106711810095,-1.8417324939655697,-1.8417324939655697,-1.8417324939655697,-9.001059995468875,-9.001059995468875,-9.001059995468875,0.0,0.0,0.0,49.847993488547644
528,2018-04-05 18:00:00,56.61312306692283,43.7661950201656,62.89817682754188,56.61312306692283,56.61312306692283,0.0,0.0,0.0,0.0,0.0,0.0,0.0,0.0,0.0,0.0,0.0,0.0,0.0,0.0,0.0,0.0,0.0,0.0,0.0,0.0,0.0,0.0,0.0,0.0,0.0,0.0,0.0,0.0,0.0,0.0,-3.310790996217163,-3.310790996217163,-3.310790996217163,6.093995616005845,6.093995616005845,6.093995616005845,-0.4492594999779428,-0.4492594999779428,-0.4492594999779428,-2.497168645193737,-2.497168645193737,-2.497168645193737,-2.588292676362924,-2.588292676362924,-2.588292676362924,0.0,0.0,0.0,0.645187726824084,0.645187726824084,0.645187726824084,1.404985818981025,1.404985818981025,1.404985818981025,0.19055125340729526,0.19055125340729526,0.19055125340729526,0.15771741535961173,0.15771741535961173,0.15771741535961173,1.951160121556311,1.951160121556311,1.951160121556311,-1.8580586834248853,-1.8580586834248853,-1.8580586834248853,-8.85877808858558,-8.85877808858558,-8.85877808858558,0.0,0.0,0.0,53.30233207070567
529,2018-04-05 19:00:00,56.61279414990995,44.03127581807107,63.93763925472343,56.61279414990995,56.61279414990995,0.0,0.0,0.0,0.0,0.0,0.0,0.0,0.0,0.0,0.0,0.0,0.0,0.0,0.0,0.0,0.0,0.0,0.0,0.0,0.0,0.0,0.0,0.0,0.0,0.0,0.0,0.0,0.0,0.0,0.0,-2.138154158482333,-2.138154158482333,-2.138154158482333,6.375648100067527,6.375648100067527,6.375648100067527,-0.4492594999779428,-0.4492594999779428,-0.4492594999779428,-1.5546682524912037,-1.5546682524912037,-1.5546682524912037,-2.40534645425284,-2.40534645425284,-2.40534645425284,0.0,0.0,0.0,0.7526939364915484,0.7526939364915484,0.7526939364915484,1.621837016508972,1.621837016508972,1.621837016508972,0.4100405373686936,0.4100405373686936,0.4100405373686936,0.4156681280496694,0.4156681280496694,0.4156681280496694,1.900260392412241,1.900260392412241,1.900260392412241,-1.9003019166793038,-1.9003019166793038,-1.9003019166793038,-8.859394398470897,-8.859394398470897,-8.859394398470897,0.0,0.0,0.0,54.47463999142762
530,2018-04-05 20:00:00,56.612465232897065,41.84787804590604,62.55341884225441,56.612465232897065,56.612465232897065,0.0,0.0,0.0,0.0,0.0,0.0,0.0,0.0,0.0,0.0,0.0,0.0,0.0,0.0,0.0,0.0,0.0,0.0,0.0,0.0,0.0,0.0,0.0,0.0,0.0,0.0,0.0,0.0,0.0,0.0,-4.303168411490643,-4.303168411490643,-4.303168411490643,4.4699706843564355,4.4699706843564355,4.4699706843564355,-0.4492594999779428,-0.4492594999779428,-0.4492594999779428,-1.7644324477924773,-1.7644324477924773,-1.7644324477924773,-2.4757514143651758,-2.4757514143651758,-2.4757514143651758,0.0,0.0,0.0,0.8602001461590126,0.8602001461590126,0.8602001461590126,1.536276680069374,1.536276680069374,1.536276680069374,0.44872280721535585,0.44872280721535585,0.44872280721535585,0.20701547116991192,0.20701547116991192,0.20701547116991192,1.8512533434252305,1.8512533434252305,1.8512533434252305,-1.8916366380630127,-1.8916366380630127,-1.8916366380630127,-8.859959991479831,-8.859959991479831,-8.859959991479831,0.0,0.0,0.0,52.30929682140642
531,2018-04-05 21:00:00,56.61213631588418,38.72064386053229,58.778612590825375,56.61213631588418,56.61213631588418,0.0,0.0,0.0,0.0,0.0,0.0,0.0,0.0,0.0,0.0,0.0,0.0,0.0,0.0,0.0,0.0,0.0,0.0,0.0,0.0,0.0,0.0,0.0,0.0,0.0,0.0,0.0,0.0,0.0,0.0,-8.17784042226744,-8.17784042226744,-8.17784042226744,1.3468312509978844,1.3468312509978844,1.3468312509978844,-0.4492594999779428,-0.4492594999779428,-0.4492594999779428,-2.468474297709401,-2.468474297709401,-2.468474297709401,-2.536555698098556,-2.536555698098556,-2.536555698098556,0.0,0.0,0.0,0.9677063558264771,0.9677063558264771,0.9677063558264771,1.048976143220858,1.048976143220858,1.048976143220858,0.4578500843701863,0.4578500843701863,0.4578500843701863,-0.19282632466418312,-0.19282632466418312,-0.19282632466418312,1.8042773452306473,1.8042773452306473,1.8042773452306473,-1.7643653583862402,-1.7643653583862402,-1.7643653583862402,-8.860474720786572,-8.860474720786572,-8.860474720786572,0.0,0.0,0.0,48.434295893616735
532,2018-04-05 22:00:00,56.61180739887129,38.312157859564046,57.13670340344297,56.61180739887129,56.61180739887129,0.0,0.0,0.0,0.0,0.0,0.0,0.0,0.0,0.0,0.0,0.0,0.0,0.0,0.0,0.0,0.0,0.0,0.0,0.0,0.0,0.0,0.0,0.0,0.0,0.0,0.0,0.0,0.0,0.0,0.0,-8.623791151526259,-8.623791151526259,-8.623791151526259,-1.6863958046471397,-1.6863958046471397,-1.6863958046471397,-0.4492594999779428,-0.4492594999779428,-0.4492594999779428,0.16416066001399246,0.16416066001399246,0.16416066001399246,-1.2260633723712198,-1.2260633723712198,-1.2260633723712198,0.0,0.0,0.0,1.0752125654939415,1.0752125654939415,1.0752125654939415,0.2145169998990302,0.2145169998990302,0.2145169998990302,0.4243834014691414,0.4243834014691414,0.4243834014691414,-1.0217976911864628,-1.0217976911864628,-1.0217976911864628,1.7593824344278877,1.7593824344278877,1.7593824344278877,1.1471682566875048,1.1471682566875048,1.1471682566875048,-8.860938441321,-8.860938441321,-8.860938441321,0.0,0.0,0.0,47.98801624734503
533,2018-04-05 23:00:00,56.61147848185841,34.60173546543971,55.37064682221653,56.61147848185841,56.61147848185841,0.0,0.0,0.0,0.0,0.0,0.0,0.0,0.0,0.0,0.0,0.0,0.0,0.0,0.0,0.0,0.0,0.0,0.0,0.0,0.0,0.0,0.0,0.0,0.0,0.0,0.0,0.0,0.0,0.0,0.0,-11.536494976400126,-11.536494976400126,-11.536494976400126,-3.929055967054275,-3.929055967054275,-3.929055967054275,-0.4492594999779428,-0.4492594999779428,-0.4492594999779428,-0.46261267362610675,-0.46261267362610675,-0.46261267362610675,-1.5279513073983557,-1.5279513073983557,-1.5279513073983557,0.0,0.0,0.0,1.182718775161406,1.182718775161406,1.182718775161406,0.07486679559531831,0.07486679559531831,0.07486679559531831,0.42959898841475874,0.42959898841475874,0.42959898841475874,-1.2704709099786413,-1.2704709099786413,-1.2704709099786413,1.716524674057145,1.716524674057145,1.716524674057145,1.09788448455735,1.09788448455735,1.09788448455735,-8.861351009776891,-8.861351009776891,-8.861351009776891,0.0,0.0,0.0,45.074983505458285
534,2018-04-06 00:00:00,56.611149564845526,33.04547994616486,53.01431679960101,56.611149564845526,56.611149564845526,0.0,0.0,0.0,0.0,0.0,0.0,0.0,0.0,0.0,0.0,0.0,0.0,0.0,0.0,0.0,0.0,0.0,0.0,0.0,0.0,0.0,0.0,0.0,0.0,0.0,0.0,0.0,0.0,0.0,0.0,-13.771399202534509,-13.771399202534509,-13.771399202534509,-5.499039775992223,-5.499039775992223,-5.499039775992223,0.44992022198225223,0.44992022198225223,0.44992022198225223,-1.0862091181346452,-1.0862091181346452,-1.0862091181346452,-1.5476860310662073,-1.5476860310662073,-1.5476860310662073,0.0,0.0,0.0,0.00015046881929735946,0.00015046881929735946,0.00015046881929735946,-0.0028259237004087433,-0.0028259237004087433,-0.0028259237004087433,0.45741545212471824,0.45741545212471824,0.45741545212471824,-1.4110886116072836,-1.4110886116072836,-1.4110886116072836,1.6755619762142777,1.6755619762142777,1.6755619762142777,0.9679053053129866,0.9679053053129866,0.9679053053129866,-8.86171228462192,-8.86171228462192,-8.86171228462192,0.0,0.0,0.0,42.839750362311015
535,2018-04-06 01:00:00,56.61082064783264,31.141943451041726,50.653427020555455,56.61082064783264,56.61082064783264,0.0,0.0,0.0,0.0,0.0,0.0,0.0,0.0,0.0,0.0,0.0,0.0,0.0,0.0,0.0,0.0,0.0,0.0,0.0,0.0,0.0,0.0,0.0,0.0,0.0,0.0,0.0,0.0,0.0,0.0,-16.002892018956516,-16.002892018956516,-16.002892018956516,-6.753151255661409,-6.753151255661409,-6.753151255661409,0.44992022198225223,0.44992022198225223,0.44992022198225223,-2.023970114199525,-2.023970114199525,-2.023970114199525,-1.495949052801839,-1.495949052801839,-1.495949052801839,0.0,0.0,0.0,-1.1824178375228114,-1.1824178375228114,-1.1824178375228114,0.07683369988128606,0.07683369988128606,0.07683369988128606,0.479581696643592,0.479581696643592,0.479581696643592,-1.4481985871988008,-1.4481985871988008,-1.4481985871988008,1.636251477014112,1.636251477014112,1.636251477014112,1.0962597448167957,1.0962597448167957,1.0962597448167957,-8.862022126109695,-8.862022126109695,-8.862022126109695,0.0,0.0,0.0,40.607928628876124
536,2018-04-06 02:00:00,56.61049173081976,29.693123632105603,50.511443521819764,56.61049173081976,56.61049173081976,0.0,0.0,0.0,0.0,0.0,0.0,0.0,0.0,0.0,0.0,0.0,0.0,0.0,0.0,0.0,0.0,0.0,0.0,0.0,0.0,0.0,0.0,0.0,0.0,0.0,0.0,0.0,0.0,0.0,0.0,-16.719536384354377,-16.719536384354377,-16.719536384354377,-7.607846917571777,-7.607846917571777,-7.607846917571777,0.44992022198225223,0.44992022198225223,0.44992022198225223,-1.8476576036302068,-1.8476576036302068,-1.8476576036302068,-1.4698138782146846,-1.4698138782146846,-1.4698138782146846,0.0,0.0,0.0,-1.074911627855347,-1.074911627855347,-1.074911627855347,0.049297039877737245,0.049297039877737245,0.049297039877737245,0.49392456074403984,0.49392456074403984,0.49392456074403984,-1.4611143139978093,-1.4611143139978093,-1.4611143139978093,1.5982485331342657,1.5982485331342657,1.5982485331342657,1.1650403938336047,1.1650403938336047,1.1650403938336047,-8.862280396286653,-8.862280396286653,-8.862280396286653,0.0,0.0,0.0,39.89095534646538
537,2018-04-06 03:00:00,56.61016281380687,30.075103155805987,50.91261849263076,56.61016281380687,56.61016281380687,0.0,0.0,0.0,0.0,0.0,0.0,0.0,0.0,0.0,0.0,0.0,0.0,0.0,0.0,0.0,0.0,0.0,0.0,0.0,0.0,0.0,0.0,0.0,0.0,0.0,0.0,0.0,0.0,0.0,0.0,-16.216611516130058,-16.216611516130058,-16.216611516130058,-7.481886511389141,-7.481886511389141,-7.481886511389141,0.44992022198225223,0.44992022198225223,0.44992022198225223,-1.4333454325777895,-1.4333454325777895,-1.4333454325777895,-1.2447313542191876,-1.2447313542191876,-1.2447313542191876,0.0,0.0,0.0,-0.9674054181878824,-0.9674054181878824,-0.9674054181878824,-0.004792827986376516,-0.004792827986376516,-0.004792827986376516,0.5013133089169978,0.5013133089169978,0.5013133089169978,-1.3570608530255155,-1.3570608530255155,-1.3570608530255155,1.5611073868401195,1.5611073868401195,1.5611073868401195,1.1894114899419226,1.1894114899419226,1.1894114899419226,-8.862486959003245,-8.862486959003245,-8.862486959003245,0.0,0.0,0.0,40.393551297676815
538,2018-04-06 04:00:00,56.60983389679399,33.67510998487444,53.782284508793374,56.60983389679399,56.60983389679399,0.0,0.0,0.0,0.0,0.0,0.0,0.0,0.0,0.0,0.0,0.0,0.0,0.0,0.0,0.0,0.0,0.0,0.0,0.0,0.0,0.0,0.0,0.0,0.0,0.0,0.0,0.0,0.0,0.0,0.0,-13.548128538134954,-13.548128538134954,-13.548128538134954,-5.900395756200041,-5.900395756200041,-5.900395756200041,0.44992022198225223,0.44992022198225223,0.44992022198225223,-0.30937462539574734,-0.30937462539574734,-0.30937462539574734,-0.9263089209838516,-0.9263089209838516,-0.9263089209838516,0.0,0.0,0.0,-0.859899208520418,-0.859899208520418,-0.859899208520418,0.14518362381866617,0.14518362381866617,0.14518362381866617,0.5252180824177441,0.5252180824177441,0.5252180824177441,-0.9655869928640174,-0.9655869928640174,-0.9655869928640174,1.5242835233820147,1.5242835233820147,1.5242835233820147,1.3220985687538773,1.3220985687538773,1.3220985687538773,-8.862641679921177,-8.862641679921177,-8.862641679921177,0.0,0.0,0.0,43.06170535865903
539,2018-04-06 05:00:00,56.6095049797811,37.14917497052491,57.236872160425904,56.6095049797811,56.6095049797811,0.0,0.0,0.0,0.0,0.0,0.0,0.0,0.0,0.0,0.0,0.0,0.0,0.0,0.0,0.0,0.0,0.0,0.0,0.0,0.0,0.0,0.0,0.0,0.0,0.0,0.0,0.0,0.0,0.0,0.0,-9.301473364828134,-9.301473364828134,-9.301473364828134,-3.112545595747554,-3.112545595747554,-3.112545595747554,0.44992022198225223,0.44992022198225223,0.44992022198225223,1.186678936456526,1.186678936456526,1.186678936456526,-0.33426721094830286,-0.33426721094830286,-0.33426721094830286,0.0,0.0,0.0,-0.7523929988529536,-0.7523929988529536,-0.7523929988529536,0.39596392027955724,0.39596392027955724,0.39596392027955724,0.5087020570899558,0.5087020570899558,0.5087020570899558,-0.4569620332861604,-0.4569620332861604,-0.4569620332861604,1.4871377209879937,1.4871377209879937,1.4871377209879937,1.3757149801921775,1.3757149801921775,1.3757149801921775,-8.862744426525099,-8.862744426525099,-8.862744426525099,0.0,0.0,0.0,47.30803161495297
540,2018-04-06 06:00:00,56.60917606276822,41.63078387954631,61.336653946823304,56.60917606276822,56.60917606276822,0.0,0.0,0.0,0.0,0.0,0.0,0.0,0.0,0.0,0.0,0.0,0.0,0.0,0.0,0.0,0.0,0.0,0.0,0.0,0.0,0.0,0.0,0.0,0.0,0.0,0.0,0.0,0.0,0.0,0.0,-4.9725959605878804,-4.9725959605878804,-4.9725959605878804,-0.06803366404336227,-0.06803366404336227,-0.06803366404336227,0.44992022198225223,0.44992022198225223,0.44992022198225223,2.5092910015703946,2.5092910015703946,2.5092910015703946,-0.027578937731689696,-0.027578937731689696,-0.027578937731689696,0.0,0.0,0.0,-0.6448867891854893,-0.6448867891854893,-0.6448867891854893,0.8050800117608541,0.8050800117608541,0.8050800117608541,0.2605270449276618,0.2605270449276618,0.2605270449276618,0.006185015027582105,0.006185015027582105,0.006185015027582105,1.4489417700167369,1.4489417700167369,1.4489417700167369,1.660044434789223,1.660044434789223,1.660044434789223,-8.862795068131648,-8.862795068131648,-8.862795068131648,0.0,0.0,0.0,51.63658010218034
541,2018-04-06 07:00:00,56.608847145755334,43.69898120805698,63.90593704948595,56.608847145755334,56.608847145755334,0.0,0.0,0.0,0.0,0.0,0.0,0.0,0.0,0.0,0.0,0.0,0.0,0.0,0.0,0.0,0.0,0.0,0.0,0.0,0.0,0.0,0.0,0.0,0.0,0.0,0.0,0.0,0.0,0.0,0.0,-2.583481920540122,-2.583481920540122,-2.583481920540122,2.2447130653339267,2.2447130653339267,2.2447130653339267,0.44992022198225223,0.44992022198225223,0.44992022198225223,2.625712675782234,2.625712675782234,2.625712675782234,-0.039846468660354226,-0.039846468660354226,-0.039846468660354226,0.0,0.0,0.0,-0.5373805795180248,-0.5373805795180248,-0.5373805795180248,0.9762006846400504,0.9762006846400504,0.9762006846400504,-0.27320135250718397,-0.27320135250718397,-0.27320135250718397,0.24212441866580833,0.24212441866580833,0.24212441866580833,1.408885814241126,1.408885814241126,1.408885814241126,1.8078957511796865,1.8078957511796865,1.8078957511796865,-8.86279347589741,-8.86279347589741,-8.86279347589741,0.0,0.0,0.0,54.02536522521521
542,2018-04-06 08:00:00,56.60851822874245,45.5112454372097,65.2282162605161,56.60851822874245,56.60851822874245,0.0,0.0,0.0,0.0,0.0,0.0,0.0,0.0,0.0,0.0,0.0,0.0,0.0,0.0,0.0,0.0,0.0,0.0,0.0,0.0,0.0,0.0,0.0,0.0,0.0,0.0,0.0,0.0,0.0,0.0,-1.201074104772823,-1.201074104772823,-1.201074104772823,3.456186666502774,3.456186666502774,3.456186666502774,0.44992022198225223,0.44992022198225223,0.44992022198225223,2.8393915076700402,2.8393915076700402,2.8393915076700402,0.03962579692099423,0.03962579692099423,0.03962579692099423,0.0,0.0,0.0,-0.4298743698505603,-0.4298743698505603,-0.4298743698505603,1.264843888605821,1.264843888605821,1.264843888605821,-0.6030872268174836,-0.6030872268174836,-0.6030872268174836,0.39292917241761216,0.39292917241761216,0.39292917241761216,1.366087243882667,1.366087243882667,1.366087243882667,1.7250340244114046,1.7250340244114046,1.7250340244114046,-8.862739522828305,-8.862739522828305,-8.862739522828305,0.0,0.0,0.0,55.407444123969626
543,2018-04-06 09:00:00,56.60818931172957,45.45697823143859,65.96037782100366,56.60818931172957,56.60818931172957,0.0,0.0,0.0,0.0,0.0,0.0,0.0,0.0,0.0,0.0,0.0,0.0,0.0,0.0,0.0,0.0,0.0,0.0,0.0,0.0,0.0,0.0,0.0,0.0,0.0,0.0,0.0,0.0,0.0,0.0,-1.0379950208600737,-1.0379950208600737,-1.0379950208600737,3.8542096770016014,3.8542096770016014,3.8542096770016014,0.44992022198225223,0.44992022198225223,0.44992022198225223,2.650827338146409,2.650827338146409,2.650827338146409,-0.012644552253315487,-0.012644552253315487,-0.012644552253315487,0.0,0.0,0.0,-0.32236816018309594,-0.32236816018309594,-0.32236816018309594,1.2471417500321111,1.2471417500321111,1.2471417500321111,-0.6843634567200212,-0.6843634567200212,-0.6843634567200212,0.48261161343044606,0.48261161343044606,0.48261161343044606,1.3196010477813114,1.3196010477813114,1.3196010477813114,1.490529921858032,1.490529921858032,1.490529921858032,-8.862633083789396,-8.862633083789396,-8.862633083789396,0.0,0.0,0.0,55.570194290869495
544,2018-04-06 10:00:00,56.60786039471668,44.850985476683036,65.81371342534942,56.60786039471668,56.60786039471668,0.0,0.0,0.0,0.0,0.0,0.0,0.0,0.0,0.0,0.0,0.0,0.0,0.0,0.0,0.0,0.0,0.0,0.0,0.0,0.0,0.0,0.0,0.0,0.0,0.0,0.0,0.0,0.0,0.0,0.0,-1.2797297961782748,-1.2797297961782748,-1.2797297961782748,3.8403846615911656,3.8403846615911656,3.8403846615911656,0.44992022198225223,0.44992022198225223,0.44992022198225223,2.47392806725931,2.47392806725931,2.47392806725931,-0.03664624320070261,-0.03664624320070261,-0.03664624320070261,0.0,0.0,0.0,-0.21486195051563148,-0.21486195051563148,-0.21486195051563148,1.2328816939588447,1.2328816939588447,1.2328816939588447,-0.784763505423156,-0.784763505423156,-0.784763505423156,0.5697472914124895,0.5697472914124895,0.5697472914124895,1.2684315104856108,1.2684315104856108,1.2684315104856108,1.2576505590452138,1.2576505590452138,1.2576505590452138,-8.86247403551436,-8.86247403551436,-8.86247403551436,0.0,0.0,0.0,55.32813059853841
545,2018-04-06 11:00:00,56.607531477703795,44.793123318524685,63.97396102303989,56.607531477703795,56.607531477703795,0.0,0.0,0.0,0.0,0.0,0.0,0.0,0.0,0.0,0.0,0.0,0.0,0.0,0.0,0.0,0.0,0.0,0.0,0.0,0.0,0.0,0.0,0.0,0.0,0.0,0.0,0.0,0.0,0.0,0.0,-2.4469568666447,-2.4469568666447,-2.4469568666447,3.437617393769721,3.437617393769721,3.437617393769721,0.44992022198225223,0.44992022198225223,0.44992022198225223,1.766142875969794,1.766142875969794,1.766142875969794,-0.012644552253315487,-0.012644552253315487,-0.012644552253315487,0.0,0.0,0.0,-0.10735574084816707,-0.10735574084816707,-0.10735574084816707,0.7682005563989585,0.7682005563989585,0.7682005563989585,-0.9407964815462093,-0.9407964815462093,-0.9407964815462093,0.5748408174740703,0.5748408174740703,0.5748408174740703,1.2115451202277883,1.2115451202277883,1.2115451202277883,1.0339780547622048,1.0339780547622048,1.0339780547622048,-8.862262256612004,-8.862262256612004,-8.862262256612004,0.0,0.0,0.0,54.1605746110591
546,2018-04-06 12:00:00,56.607202560690915,42.51771153333436,61.9468981988226,56.607202560690915,56.607202560690915,0.0,0.0,0.0,0.0,0.0,0.0,0.0,0.0,0.0,0.0,0.0,0.0,0.0,0.0,0.0,0.0,0.0,0.0,0.0,0.0,0.0,0.0,0.0,0.0,0.0,0.0,0.0,0.0,0.0,0.0,-4.404738415535272,-4.404738415535272,-4.404738415535272,2.4009594880349523,2.4009594880349523,2.4009594880349523,0.44992022198225223,0.44992022198225223,0.44992022198225223,0.908415189140822,0.908415189140822,0.908415189140822,-0.15292110156804464,-0.15292110156804464,-0.15292110156804464,0.0,0.0,0.0,0.00015046881929735946,0.00015046881929735946,0.00015046881929735946,0.40776534599536396,0.40776534599536396,0.40776534599536396,-1.0016449959117455,-1.0016449959117455,-1.0016449959117455,0.406754457441903,0.406754457441903,0.406754457441903,1.1478845348684894,1.1478845348684894,1.1478845348684894,0.7983907923817957,0.7983907923817957,0.7983907923817957,-8.861997627579536,-8.861997627579536,-8.861997627579536,0.0,0.0,0.0,52.202464145155645
547,2018-04-06 13:00:00,56.60687364367803,38.73870826306141,60.094741550689285,56.60687364367803,56.60687364367803,0.0,0.0,0.0,0.0,0.0,0.0,0.0,0.0,0.0,0.0,0.0,0.0,0.0,0.0,0.0,0.0,0.0,0.0,0.0,0.0,0.0,0.0,0.0,0.0,0.0,0.0,0.0,0.0,0.0,0.0,-6.791687470642113,-6.791687470642113,-6.791687470642113,0.8068782959703797,0.8068782959703797,0.8068782959703797,0.44992022198225223,0.44992022198225223,0.44992022198225223,0.18673082735950197,0.18673082735950197,0.18673082735950197,-0.4254736365483739,-0.4254736365483739,-0.4254736365483739,0.0,0.0,0.0,0.10765667848676178,0.10765667848676178,0.10765667848676178,0.17222855775072304,0.17222855775072304,0.17222855775072304,-0.9534008166647846,-0.9534008166647846,-0.9534008166647846,0.2897852696706004,0.2897852696706004,0.2897852696706004,1.0763834368340686,1.0763834368340686,1.0763834368340686,0.5460145526823231,0.5460145526823231,0.5460145526823231,-8.861680030806063,-8.861680030806063,-8.861680030806063,0.0,0.0,0.0,49.81518617303591
548,2018-04-06 14:00:00,56.60654472666514,37.04554177009177,57.50652032945042,56.60654472666514,56.60654472666514,0.0,0.0,0.0,0.0,0.0,0.0,0.0,0.0,0.0,0.0,0.0,0.0,0.0,0.0,0.0,0.0,0.0,0.0,0.0,0.0,0.0,0.0,0.0,0.0,0.0,0.0,0.0,0.0,0.0,0.0,-8.35221135913808,-8.35221135913808,-8.35221135913808,-0.572103891387238,-0.572103891387238,-0.572103891387238,0.44992022198225223,0.44992022198225223,0.44992022198225223,0.08521978988654634,0.08521978988654634,0.08521978988654634,-0.5465488331051934,-0.5465488331051934,-0.5465488331051934,0.0,0.0,0.0,0.2151628881542262,0.2151628881542262,0.2151628881542262,0.2125500956130624,0.2125500956130624,0.2125500956130624,-0.7995410017690717,-0.7995410017690717,-0.7995410017690717,0.24758176801750212,0.24758176801750212,0.24758176801750212,0.9959820929476401,0.9959820929476401,0.9959820929476401,0.30609465099376854,0.30609465099376854,0.30609465099376854,-8.861309350585028,-8.861309350585028,-8.861309350585028,0.0,0.0,0.0,48.25433336752706
549,2018-04-06 15:00:00,56.60621580965226,38.266407512908884,58.40254126474489,56.60621580965226,56.60621580965226,0.0,0.0,0.0,0.0,0.0,0.0,0.0,0.0,0.0,0.0,0.0,0.0,0.0,0.0,0.0,0.0,0.0,0.0,0.0,0.0,0.0,0.0,0.0,0.0,0.0,0.0,0.0,0.0,0.0,0.0,-8.087554662635736,-8.087554662635736,-8.087554662635736,-0.6470360806447043,-0.6470360806447043,-0.6470360806447043,0.44992022198225223,0.44992022198225223,0.44992022198225223,0.5147234680008628,0.5147234680008628,0.5147234680008628,-0.4617428584244256,-0.4617428584244256,-0.4617428584244256,0.0,0.0,0.0,0.3226690978216907,0.3226690978216907,0.3226690978216907,0.23959502954511935,0.23959502954511935,0.23959502954511935,-0.49312526871405044,-0.49312526871405044,-0.49312526871405044,0.24121486044052604,0.24121486044052604,0.24121486044052604,0.9056434231303386,0.9056434231303386,0.9056434231303386,0.21619238534975038,0.21619238534975038,0.21619238534975038,-8.860885473122233,-8.860885473122233,-8.860885473122233,0.0,0.0,0.0,48.51866114701653
550,2018-04-06 16:00:00,56.60588689263937,40.74508717678226,61.43513104322665,56.60588689263937,56.60588689263937,0.0,0.0,0.0,0.0,0.0,0.0,0.0,0.0,0.0,0.0,0.0,0.0,0.0,0.0,0.0,0.0,0.0,0.0,0.0,0.0,0.0,0.0,0.0,0.0,0.0,0.0,0.0,0.0,0.0,0.0,-5.60174526974002,-5.60174526974002,-5.60174526974002,1.0723186934699047,1.0723186934699047,1.0723186934699047,0.44992022198225223,0.44992022198225223,0.44992022198225223,1.381974951110791,1.381974951110791,1.381974951110791,-0.18385661434467696,-0.18385661434467696,-0.18385661434467696,0.0,0.0,0.0,0.430175307489155,0.430175307489155,0.430175307489155,0.5208623424385108,0.5208623424385108,0.5208623424385108,-0.21756842508726518,-0.21756842508726518,-0.21756842508726518,0.14025389743419178,0.14025389743419178,0.14025389743419178,0.8043693722217733,0.8043693722217733,0.8043693722217733,0.2421882211986231,0.2421882211986231,0.2421882211986231,-8.860408286542489,-8.860408286542489,-8.860408286542489,0.0,0.0,0.0,51.00414162289935
551,2018-04-06 17:00:00,56.60555797562649,44.970300028214616,64.51900391696246,56.60555797562649,56.60555797562649,0.0,0.0,0.0,0.0,0.0,0.0,0.0,0.0,0.0,0.0,0.0,0.0,0.0,0.0,0.0,0.0,0.0,0.0,0.0,0.0,0.0,0.0,0.0,0.0,0.0,0.0,0.0,0.0,0.0,0.0,-1.7781250266435233,-1.7781250266435233,-1.7781250266435233,3.85777762703261,3.85777762703261,3.85777762703261,0.44992022198225223,0.44992022198225223,0.44992022198225223,2.5327576558031306,2.5327576558031306,2.5327576558031306,-0.057981079598380045,-0.057981079598380045,-0.057981079598380045,0.0,0.0,0.0,0.5376815171566195,0.5376815171566195,0.5376815171566195,0.8242573285490399,0.8242573285490399,0.8242573285490399,0.110578920241162,0.110578920241162,0.110578920241162,0.12770199392529613,0.12770199392529613,0.12770199392529613,0.6912173714223503,0.6912173714223503,0.6912173714223503,0.5405987535471413,0.5405987535471413,0.5405987535471413,-8.859877680901615,-8.859877680901615,-8.859877680901615,0.0,0.0,0.0,54.82743294898297
552,2018-04-06 18:00:00,56.52441986702556,47.927948997858195,68.10731953257583,56.52441986702556,56.52441986702556,0.0,0.0,0.0,0.0,0.0,0.0,0.0,0.0,0.0,0.0,0.0,0.0,0.0,0.0,0.0,0.0,0.0,0.0,0.0,0.0,0.0,0.0,0.0,0.0,0.0,0.0,0.0,0.0,0.0,0.0,1.163311131548453,1.163311131548453,1.163311131548453,6.069916127950821,6.069916127950821,6.069916127950821,0.4531708061156325,0.4531708061156325,0.4531708061156325,3.7358693947412607,3.7358693947412607,3.7358693947412607,0.2220804002606635,0.2220804002606635,0.2220804002606635,0.0,0.0,0.0,0.6569304355409582,0.6569304355409582,0.6569304355409582,0.9568357210559153,0.9568357210559153,0.9568357210559153,0.37828829138071896,0.37828829138071896,0.37828829138071896,0.19370619453724608,0.19370619453724608,0.19370619453724608,0.5402642400101797,0.5402642400101797,0.5402642400101797,0.8748575458501266,0.8748575458501266,0.8748575458501266,-9.182738631153809,-9.182738631153809,-9.182738631153809,0.0,0.0,0.0,57.68773099857401
553,2018-04-06 19:00:00,56.52405735917558,48.617873686438884,68.60890294492515,56.52405735917558,56.52405735917558,0.0,0.0,0.0,0.0,0.0,0.0,0.0,0.0,0.0,0.0,0.0,0.0,0.0,0.0,0.0,0.0,0.0,0.0,0.0,0.0,0.0,0.0,0.0,0.0,0.0,0.0,0.0,0.0,0.0,0.0,1.5529578747920234,1.5529578747920234,1.5529578747920234,6.343169906315686,6.343169906315686,6.343169906315686,0.4531708061156325,0.4531708061156325,0.4531708061156325,3.9907403047487144,3.9907403047487144,3.9907403047487144,0.20695214154378358,0.20695214154378358,0.20695214154378358,0.0,0.0,0.0,0.7663933283148342,0.7663933283148342,0.7663933283148342,0.809225409232393,0.809225409232393,0.809225409232393,0.5067202503624437,0.5067202503624437,0.5067202503624437,0.3131168105348257,0.3131168105348257,0.3131168105348257,0.40119978783569027,0.40119978783569027,0.40119978783569027,0.9351615586448021,0.9351615586448021,0.9351615586448021,-9.182152124108066,-9.182152124108066,-9.182152124108066,0.0,0.0,0.0,58.0770152339676
554,2018-04-06 20:00:00,56.523694851325594,45.516775209391874,66.2177278474026,56.523694851325594,56.523694851325594,0.0,0.0,0.0,0.0,0.0,0.0,0.0,0.0,0.0,0.0,0.0,0.0,0.0,0.0,0.0,0.0,0.0,0.0,0.0,0.0,0.0,0.0,0.0,0.0,0.0,0.0,0.0,0.0,0.0,0.0,-1.058279589483337,-1.058279589483337,-1.058279589483337,4.436008845528179,4.436008845528179,4.436008845528179,0.4531708061156325,0.4531708061156325,0.4531708061156325,3.4391917734949033,3.4391917734949033,3.4391917734949033,0.13496249661518234,0.13496249661518234,0.13496249661518234,0.0,0.0,0.0,0.8758562210887104,0.8758562210887104,0.8758562210887104,0.5826263017842435,0.5826263017842435,0.5826263017842435,0.5433504921846962,0.5433504921846962,0.5433504921846962,0.08889020938381503,0.08889020938381503,0.08889020938381503,0.2480307524539436,0.2480307524539436,0.2480307524539436,0.7603352463226234,0.7603352463226234,0.7603352463226234,-9.181510960960363,-9.181510960960363,-9.181510960960363,0.0,0.0,0.0,55.46541526184226
555,2018-04-06 21:00:00,56.52333234347561,41.78342019984252,61.53262162369368,56.52333234347561,56.52333234347561,0.0,0.0,0.0,0.0,0.0,0.0,0.0,0.0,0.0,0.0,0.0,0.0,0.0,0.0,0.0,0.0,0.0,0.0,0.0,0.0,0.0,0.0,0.0,0.0,0.0,0.0,0.0,0.0,0.0,0.0,-5.086830981127525,-5.086830981127525,-5.086830981127525,1.3166678792695632,1.3166678792695632,1.3166678792695632,0.4531708061156325,0.4531708061156325,0.4531708061156325,2.697128853517029,2.697128853517029,2.697128853517029,-0.13525950391391495,-0.13525950391391495,-0.13525950391391495,0.0,0.0,0.0,0.9853191138625864,0.9853191138625864,0.9853191138625864,0.4572315887301478,0.4572315887301478,0.4572315887301478,0.563700626530392,0.563700626530392,0.563700626530392,-0.37851705894956816,-0.37851705894956816,-0.37851705894956816,0.0801873232215542,0.0801873232215542,0.0801873232215542,0.7514832811417536,0.7514832811417536,0.7514832811417536,-9.180815037135673,-9.180815037135673,-9.180815037135673,0.0,0.0,0.0,51.43650136234808
556,2018-04-06 22:00:00,56.52296983562563,40.3651505695056,60.305712306706084,56.52296983562563,56.52296983562563,0.0,0.0,0.0,0.0,0.0,0.0,0.0,0.0,0.0,0.0,0.0,0.0,0.0,0.0,0.0,0.0,0.0,0.0,0.0,0.0,0.0,0.0,0.0,0.0,0.0,0.0,0.0,0.0,0.0,0.0,-6.392221009838834,-6.392221009838834,-6.392221009838834,-1.7094398025651822,-1.7094398025651822,-1.7094398025651822,0.4531708061156325,0.4531708061156325,0.4531708061156325,4.600052830661789,4.600052830661789,4.600052830661789,0.24346862810176967,0.24346862810176967,0.24346862810176967,0.0,0.0,0.0,1.0947820066364626,1.0947820066364626,1.0947820066364626,0.6946916555766834,0.6946916555766834,0.6946916555766834,0.36426930994257295,0.36426930994257295,0.36426930994257295,-0.07013440461931088,-0.07013440461931088,-0.07013440461931088,-0.10276978788915572,-0.10276978788915572,-0.10276978788915572,1.8198048289079791,1.8198048289079791,1.8198048289079791,-9.180064250046287,-9.180064250046287,-9.180064250046287,0.0,0.0,0.0,50.130748825786796
557,2018-04-06 23:00:00,56.522607327775646,36.52590769354401,57.015901988492914,56.522607327775646,56.522607327775646,0.0,0.0,0.0,0.0,0.0,0.0,0.0,0.0,0.0,0.0,0.0,0.0,0.0,0.0,0.0,0.0,0.0,0.0,0.0,0.0,0.0,0.0,0.0,0.0,0.0,0.0,0.0,0.0,0.0,0.0,-9.788873820890437,-9.788873820890437,-9.788873820890437,-3.9421114750827146,-3.9421114750827146,-3.9421114750827146,0.4531708061156325,0.4531708061156325,0.4531708061156325,3.633632927296715,3.633632927296715,3.633632927296715,0.17826061639108018,0.17826061639108018,0.17826061639108018,0.0,0.0,0.0,1.2042448994103387,1.2042448994103387,1.2042448994103387,0.02575529263062138,0.02575529263062138,0.02575529263062138,0.3701482376424406,0.3701482376424406,0.3701482376424406,-0.3972815843206164,-0.3972815843206164,-0.3972815843206164,-0.3011367739986493,-0.3011367739986493,-0.3011367739986493,1.7993346594272177,1.7993346594272177,1.7993346594272177,-9.179258499105785,-9.179258499105785,-9.179258499105785,0.0,0.0,0.0,46.73373350688521
558,2018-04-07 00:00:00,56.52224481992567,33.53675093752959,54.07538986245512,56.52224481992567,56.52224481992567,0.0,0.0,0.0,0.0,0.0,0.0,0.0,0.0,0.0,0.0,0.0,0.0,0.0,0.0,0.0,0.0,0.0,0.0,0.0,0.0,0.0,0.0,0.0,0.0,0.0,0.0,0.0,0.0,0.0,0.0,-12.655167956405881,-12.655167956405881,-12.655167956405881,-5.499140224003299,-5.499140224003299,-5.499140224003299,1.359227325570787,1.359227325570787,1.359227325570787,2.537425475480788,2.537425475480788,2.537425475480788,-0.00014850364936630235,-0.00014850364936630235,-0.00014850364936630235,0.0,0.0,0.0,0.00015307889770145656,0.00015307889770145656,0.00015307889770145656,-0.3040229291021974,-0.3040229291021974,-0.3040229291021974,0.3900461467804543,0.3900461467804543,0.3900461467804543,-0.6247303766969586,-0.6247303766969586,-0.6247303766969586,-0.5150555221519874,-0.5150555221519874,-0.5150555221519874,1.7169007336803677,1.7169007336803677,1.7169007336803677,-9.178397685731385,-9.178397685731385,-9.178397685731385,0.0,0.0,0.0,43.867076863519785
559,2018-04-07 01:00:00,56.52188231207569,30.35227684091334,50.86653012183649,56.52188231207569,56.52188231207569,0.0,0.0,0.0,0.0,0.0,0.0,0.0,0.0,0.0,0.0,0.0,0.0,0.0,0.0,0.0,0.0,0.0,0.0,0.0,0.0,0.0,0.0,0.0,0.0,0.0,0.0,0.0,0.0,0.0,0.0,-15.663080336643699,-15.663080336643699,-15.663080336643699,-6.739159391320465,-6.739159391320465,-6.739159391320465,1.359227325570787,1.359227325570787,1.359227325570787,0.9980647036780202,0.9980647036780202,0.9980647036780202,-0.1879475773761521,-0.1879475773761521,-0.1879475773761521,0.0,0.0,0.0,-1.2039387416149359,-1.2039387416149359,-1.2039387416149359,-0.3217954081177385,-0.3217954081177385,-0.3217954081177385,0.3914028224035007,0.3914028224035007,0.3914028224035007,-0.710971377139655,-0.710971377139655,-0.710971377139655,-0.7445039356440362,-0.7445039356440362,-0.7445039356440362,1.6720876599522143,1.6720876599522143,1.6720876599522143,-9.177481713357215,-9.177481713357215,-9.177481713357215,0.0,0.0,0.0,40.85880197543199
560,2018-04-07 02:00:00,56.521519804225704,28.655075204382808,49.615631666104036,56.521519804225704,56.521519804225704,0.0,0.0,0.0,0.0,0.0,0.0,0.0,0.0,0.0,0.0,0.0,0.0,0.0,0.0,0.0,0.0,0.0,0.0,0.0,0.0,0.0,0.0,0.0,0.0,0.0,0.0,0.0,0.0,0.0,0.0,-16.981996296053783,-16.981996296053783,-16.981996296053783,-7.58320413397564,-7.58320413397564,-7.58320413397564,1.359227325570787,1.359227325570787,1.359227325570787,0.7670062720609596,0.7670062720609596,0.7670062720609596,-0.2870637551764001,-0.2870637551764001,-0.2870637551764001,0.0,0.0,0.0,-1.0944758488410595,-1.0944758488410595,-1.0944758488410595,-0.4728614797498381,-0.4728614797498381,-0.4728614797498381,0.3914028224035007,0.3914028224035007,0.3914028224035007,-0.7919052390935701,-0.7919052390935701,-0.7919052390935701,-0.9892879466993191,-0.9892879466993191,-0.9892879466993191,1.6626824469475399,1.6626824469475399,1.6626824469475399,-9.176510487439781,-9.176510487439781,-9.176510487439781,0.0,0.0,0.0,39.539523508171925
561,2018-04-07 03:00:00,56.521157296375726,29.29008379082501,49.40892915225814,56.521157296375726,56.521157296375726,0.0,0.0,0.0,0.0,0.0,0.0,0.0,0.0,0.0,0.0,0.0,0.0,0.0,0.0,0.0,0.0,0.0,0.0,0.0,0.0,0.0,0.0,0.0,0.0,0.0,0.0,0.0,0.0,0.0,0.0,-16.877513558483507,-16.877513558483507,-16.877513558483507,-7.454879248941062,-7.454879248941062,-7.454879248941062,1.359227325570787,1.359227325570787,1.359227325570787,1.001884962401294,1.001884962401294,1.001884962401294,-0.39296156619455985,-0.39296156619455985,-0.39296156619455985,0.0,0.0,0.0,-0.9850129560671836,-0.9850129560671836,-0.9850129560671836,-0.3055039690201592,-0.3055039690201592,-0.3055039690201592,0.39592507448032205,0.39592507448032205,0.39592507448032205,-0.7285986585488216,-0.7285986585488216,-0.7285986585488216,-1.2490353564803878,-1.2490353564803878,-1.2490353564803878,1.6588097121809093,1.6588097121809093,1.6588097121809093,-9.175483915463353,-9.175483915463353,-9.175483915463353,0.0,0.0,0.0,39.64364373789222
562,2018-04-07 04:00:00,56.52079478852575,31.321193801901813,52.320387079092306,56.52079478852575,56.52079478852575,0.0,0.0,0.0,0.0,0.0,0.0,0.0,0.0,0.0,0.0,0.0,0.0,0.0,0.0,0.0,0.0,0.0,0.0,0.0,0.0,0.0,0.0,0.0,0.0,0.0,0.0,0.0,0.0,0.0,0.0,-14.560043319606507,-14.560043319606507,-14.560043319606507,-5.880463933518045,-5.880463933518045,-5.880463933518045,1.359227325570787,1.359227325570787,1.359227325570787,2.0180141399303375,2.0180141399303375,2.0180141399303375,-0.05805321804845858,-0.05805321804845858,-0.05805321804845858,0.0,0.0,0.0,-0.8755500632933074,-0.8755500632933074,-0.8755500632933074,-0.11148773976716847,-0.11148773976716847,-0.11148773976716847,0.46014105397118443,0.46014105397118443,0.46014105397118443,-0.42779763063110904,-0.42779763063110904,-0.42779763063110904,-1.523191619065393,-1.523191619065393,-1.523191619065393,1.67153441212841,1.67153441212841,1.67153441212841,-9.17440190695341,-9.17440190695341,-9.17440190695341,0.0,0.0,0.0,41.96075146891924
563,2018-04-07 05:00:00,56.52043228067576,35.967101475764345,55.05678487729072,56.52043228067576,56.52043228067576,0.0,0.0,0.0,0.0,0.0,0.0,0.0,0.0,0.0,0.0,0.0,0.0,0.0,0.0,0.0,0.0,0.0,0.0,0.0,0.0,0.0,0.0,0.0,0.0,0.0,0.0,0.0,0.0,0.0,0.0,-10.308577706334619,-10.308577706334619,-10.308577706334619,-3.1048928856895066,-3.1048928856895066,-3.1048928856895066,1.359227325570787,1.359227325570787,1.359227325570787,3.780597216501172,3.780597216501172,3.780597216501172,0.5089956517876972,0.5089956517876972,0.5089956517876972,0.0,0.0,0.0,-0.7660871705194313,-0.7660871705194313,-0.7660871705194313,0.47302934785507317,0.47302934785507317,0.47302934785507317,0.46014105397118443,0.46014105397118443,0.46014105397118443,-0.02748775604874672,-0.02748775604874672,-0.02748775604874672,-1.811017663669516,-1.811017663669516,-1.811017663669516,1.7727787638846084,1.7727787638846084,1.7727787638846084,-9.173264373476767,-9.173264373476767,-9.173264373476767,0.0,0.0,0.0,46.211854574341146
564,2018-04-07 06:00:00,56.52006977282578,40.21223197566432,60.797147843961845,56.52006977282578,56.52006977282578,0.0,0.0,0.0,0.0,0.0,0.0,0.0,0.0,0.0,0.0,0.0,0.0,0.0,0.0,0.0,0.0,0.0,0.0,0.0,0.0,0.0,0.0,0.0,0.0,0.0,0.0,0.0,0.0,0.0,0.0,-5.653629808900528,-5.653629808900528,-5.653629808900528,-0.07078080000199746,-0.07078080000199746,-0.07078080000199746,1.359227325570787,1.359227325570787,1.359227325570787,5.700812044547027,5.700812044547027,5.700812044547027,0.9889266179783721,0.9889266179783721,0.9889266179783721,0.0,0.0,0.0,-0.6566242777455552,-0.6566242777455552,-0.6566242777455552,1.3897930570734034,1.3897930570734034,1.3897930570734034,0.13227777840164048,0.13227777840164048,0.13227777840164048,0.4300633979483283,0.4300633979483283,0.4300633979483283,-2.111589824788117,-2.111589824788117,-2.111589824788117,2.0571481453200513,2.0571481453200513,2.0571481453200513,-9.17207122865744,-9.17207122865744,-9.17207122865744,0.0,0.0,0.0,50.86643996392525
565,2018-04-07 07:00:00,56.5197072649758,42.062684712498566,63.141542853046005,56.5197072649758,56.5197072649758,0.0,0.0,0.0,0.0,0.0,0.0,0.0,0.0,0.0,0.0,0.0,0.0,0.0,0.0,0.0,0.0,0.0,0.0,0.0,0.0,0.0,0.0,0.0,0.0,0.0,0.0,0.0,0.0,0.0,0.0,-3.2190903960368713,-3.2190903960368713,-3.2190903960368713,2.23847522365968,2.23847522365968,2.23847522365968,1.359227325570787,1.359227325570787,1.359227325570787,6.137058694355826,6.137058694355826,6.137058694355826,1.1548157997703663,1.1548157997703663,1.1548157997703663,0.0,0.0,0.0,-0.5471613849716792,-0.5471613849716792,-0.5471613849716792,1.7773318356067307,1.7773318356067307,1.7773318356067307,-0.6437406779808938,-0.6437406779808938,-0.6437406779808938,0.8256347560228502,0.8256347560228502,0.8256347560228502,-2.4238019258758543,-2.4238019258758543,-2.4238019258758543,2.210951040337664,2.210951040337664,2.210951040337664,-9.170822388176521,-9.170822388176521,-9.170822388176521,0.0,0.0,0.0,53.30061686893893
566,2018-04-07 08:00:00,56.519344757125815,43.491645185329496,64.00244695672008,56.519344757125815,56.519344757125815,0.0,0.0,0.0,0.0,0.0,0.0,0.0,0.0,0.0,0.0,0.0,0.0,0.0,0.0,0.0,0.0,0.0,0.0,0.0,0.0,0.0,0.0,0.0,0.0,0.0,0.0,0.0,0.0,0.0,0.0,-2.636622822302752,-2.636622822302752,-2.636622822302752,3.453226611140706,3.453226611140706,3.453226611140706,1.359227325570787,1.359227325570787,1.359227325570787,5.82603787202382,5.82603787202382,5.82603787202382,1.3363549043729257,1.3363549043729257,1.3363549043729257,0.0,0.0,0.0,-0.437698492197803,-0.437698492197803,-0.437698492197803,1.6860010406657555,1.6860010406657555,1.6860010406657555,-1.2090221875835558,-1.2090221875835558,-1.2090221875835558,1.0439855967041387,1.0439855967041387,1.0439855967041387,-2.7463695356816276,-2.7463695356816276,-2.7463695356816276,2.0471896844915727,2.0471896844915727,2.0471896844915727,-9.16951776978565,-9.16951776978565,-9.16951776978565,0.0,0.0,0.0,53.88272193482306
567,2018-04-07 09:00:00,56.51898224927584,43.76539590297081,63.62889613381707,56.51898224927584,56.51898224927584,0.0,0.0,0.0,0.0,0.0,0.0,0.0,0.0,0.0,0.0,0.0,0.0,0.0,0.0,0.0,0.0,0.0,0.0,0.0,0.0,0.0,0.0,0.0,0.0,0.0,0.0,0.0,0.0,0.0,0.0,-3.084978491135206,-3.084978491135206,-3.084978491135206,3.857191352826131,3.857191352826131,3.857191352826131,1.359227325570787,1.359227325570787,1.359227325570787,5.303823839817815,5.303823839817815,5.303823839817815,1.3535698194645478,1.3535698194645478,1.3535698194645478,0.0,0.0,0.0,-0.3282355994239269,-0.3282355994239269,-0.3282355994239269,1.4984026510572657,1.4984026510572657,1.4984026510572657,-1.492115167592569,-1.492115167592569,-1.492115167592569,1.1988403161803651,1.1988403161803651,1.1988403161803651,-3.0778363904702073,-3.0778363904702073,-3.0778363904702073,1.7141344945613457,1.7141344945613457,1.7141344945613457,-9.168157293308944,-9.168157293308944,-9.168157293308944,0.0,0.0,0.0,53.43400375814063
568,2018-04-07 10:00:00,56.51861974142586,41.09297416450965,61.86380392306676,56.51861974142586,56.51861974142586,0.0,0.0,0.0,0.0,0.0,0.0,0.0,0.0,0.0,0.0,0.0,0.0,0.0,0.0,0.0,0.0,0.0,0.0,0.0,0.0,0.0,0.0,0.0,0.0,0.0,0.0,0.0,0.0,0.0,0.0,-4.500284381791924,-4.500284381791924,-4.500284381791924,3.8480137179747995,3.8480137179747995,3.8480137179747995,1.359227325570787,1.359227325570787,1.359227325570787,4.235025729186991,4.235025729186991,4.235025729186991,1.1339492360229455,1.1339492360229455,1.1339492360229455,0.0,0.0,0.0,-0.2187727066500508,-0.2187727066500508,-0.2187727066500508,1.1666497094338313,1.1666497094338313,1.1666497094338313,-1.627330504689526,-1.627330504689526,-1.627330504689526,1.314081037651045,1.314081037651045,1.314081037651045,-3.41658294830004,-3.41658294830004,-3.41658294830004,1.107221631847959,1.107221631847959,1.107221631847959,-9.166740880653675,-9.166740880653675,-9.166740880653675,0.0,0.0,0.0,52.01833535963394
569,2018-04-07 11:00:00,56.51825723357587,38.50816042658565,59.57364272184952,56.51825723357587,56.51825723357587,0.0,0.0,0.0,0.0,0.0,0.0,0.0,0.0,0.0,0.0,0.0,0.0,0.0,0.0,0.0,0.0,0.0,0.0,0.0,0.0,0.0,0.0,0.0,0.0,0.0,0.0,0.0,0.0,0.0,0.0,-7.166229303512439,-7.166229303512439,-7.166229303512439,3.4478455132508983,3.4478455132508983,3.4478455132508983,1.359227325570787,1.359227325570787,1.359227325570787,2.3120306553117755,2.3120306553117755,2.3120306553117755,0.1798256086721367,0.1798256086721367,0.1798256086721367,0.0,0.0,0.0,-0.10930981387617465,-0.10930981387617465,-0.10930981387617465,0.8837710851031348,0.8837710851031348,0.8837710851031348,-1.6965209614648915,-1.6965209614648915,-1.6965209614648915,1.367341963199172,1.367341963199172,1.367341963199172,-3.760837016257244,-3.760837016257244,-3.760837016257244,0.32769544810761125,0.32769544810761125,0.32769544810761125,-9.165268455817868,-9.165268455817868,-9.165268455817868,0.0,0.0,0.0,49.352027930063436
570,2018-04-07 12:00:00,56.517894725725895,36.81029309415825,56.462417996665884,56.517894725725895,56.517894725725895,0.0,0.0,0.0,0.0,0.0,0.0,0.0,0.0,0.0,0.0,0.0,0.0,0.0,0.0,0.0,0.0,0.0,0.0,0.0,0.0,0.0,0.0,0.0,0.0,0.0,0.0,0.0,0.0,0.0,0.0,-9.910045577819583,-9.910045577819583,-9.910045577819583,2.4135248320008698,2.4135248320008698,2.4135248320008698,1.359227325570787,1.359227325570787,1.359227325570787,0.9488558999480284,0.9488558999480284,0.9488558999480284,-0.21298745387305681,-0.21298745387305681,-0.21298745387305681,0.0,0.0,0.0,0.00015307889770145656,0.00015307889770145656,0.00015307889770145656,0.5880567814834367,0.5880567814834367,0.5880567814834367,-1.666674097757871,-1.666674097757871,-1.666674097757871,1.226134171265526,1.226134171265526,1.226134171265526,-4.108686364875073,-4.108686364875073,-4.108686364875073,-0.34505390563849453,-0.34505390563849453,-0.34505390563849453,-9.163739944893408,-9.163739944893408,-9.163739944893408,0.0,0.0,0.0,46.607849147906315
571,2018-04-07 13:00:00,56.51753221787592,33.6917037083708,54.425636148986676,56.51753221787592,56.51753221787592,0.0,0.0,0.0,0.0,0.0,0.0,0.0,0.0,0.0,0.0,0.0,0.0,0.0,0.0,0.0,0.0,0.0,0.0,0.0,0.0,0.0,0.0,0.0,0.0,0.0,0.0,0.0,0.0,0.0,0.0,-12.706720754934338,-12.706720754934338,-12.706720754934338,0.8225604106133705,0.8225604106133705,0.8225604106133705,1.359227325570787,1.359227325570787,1.359227325570787,0.09096732950523742,0.09096732950523742,0.09096732950523742,-0.23594067399521956,-0.23594067399521956,-0.23594067399521956,0.0,0.0,0.0,0.10961597167157756,0.10961597167157756,0.10961597167157756,0.14769424587613972,0.14769424587613972,0.14769424587613972,-1.6472284138275395,-1.6472284138275395,-1.6472284138275395,1.0993314695157153,1.0993314695157153,1.0993314695157153,-4.458093218974389,-4.458093218974389,-4.458093218974389,-0.741732595306223,-0.741732595306223,-0.741732595306223,-9.162155276078558,-9.162155276078558,-9.162155276078558,0.0,0.0,0.0,43.81081146294158
572,2018-04-07 14:00:00,56.51716971002593,31.636491740156433,51.56140169663927,56.51716971002593,56.51716971002593,0.0,0.0,0.0,0.0,0.0,0.0,0.0,0.0,0.0,0.0,0.0,0.0,0.0,0.0,0.0,0.0,0.0,0.0,0.0,0.0,0.0,0.0,0.0,0.0,0.0,0.0,0.0,0.0,0.0,0.0,-14.662752363990768,-14.662752363990768,-14.662752363990768,-0.5545051093649023,-0.5545051093649023,-0.5545051093649023,1.359227325570787,1.359227325570787,1.359227325570787,-0.1408223837981712,-0.1408223837981712,-0.1408223837981712,-0.10448132238646951,-0.10448132238646951,-0.10448132238646951,0.0,0.0,0.0,0.2190788644454537,0.2190788644454537,0.2190788644454537,-0.0053465456465756,-0.0053465456465756,-0.0053465456465756,-1.4808095374005157,-1.4808095374005157,-1.4808095374005157,1.0663513946211456,1.0663513946211456,1.0663513946211456,-4.806910491149088,-4.806910491149088,-4.806910491149088,-1.1948425630019965,-1.1948425630019965,-1.1948425630019965,-9.160514379678608,-9.160514379678608,-9.160514379678608,0.0,0.0,0.0,41.85441734603516
573,2018-04-07 15:00:00,56.516807202175954,31.393842246275067,52.23372091390188,56.516807202175954,56.516807202175954,0.0,0.0,0.0,0.0,0.0,0.0,0.0,0.0,0.0,0.0,0.0,0.0,0.0,0.0,0.0,0.0,0.0,0.0,0.0,0.0,0.0,0.0,0.0,0.0,0.0,0.0,0.0,0.0,0.0,0.0,-14.781409599631033,-14.781409599631033,-14.781409599631033,-0.6324999190655028,-0.6324999190655028,-0.6324999190655028,1.359227325570787,1.359227325570787,1.359227325570787,0.16280710854353045,0.16280710854353045,0.16280710854353045,0.13235417614675477,0.13235417614675477,0.13235417614675477,0.0,0.0,0.0,0.32854175721932977,0.32854175721932977,0.32854175721932977,0.22273360171953557,0.22273360171953557,0.22273360171953557,-1.3012761299507103,-1.3012761299507103,-1.3012761299507103,1.0481554912310382,1.0481554912310382,1.0481554912310382,-5.152899600991642,-5.152899600991642,-5.152899600991642,-1.6269291133932042,-1.6269291133932042,-1.6269291133932042,-9.158817188117418,-9.158817188117418,-9.158817188117418,0.0,0.0,0.0,41.73539760254492
574,2018-04-07 16:00:00,56.51644469432596,33.12260740767931,52.51579325605032,56.51644469432596,56.51644469432596,0.0,0.0,0.0,0.0,0.0,0.0,0.0,0.0,0.0,0.0,0.0,0.0,0.0,0.0,0.0,0.0,0.0,0.0,0.0,0.0,0.0,0.0,0.0,0.0,0.0,0.0,0.0,0.0,0.0,0.0,-13.307258490048692,-13.307258490048692,-13.307258490048692,1.0768438688613804,1.0768438688613804,1.0768438688613804,1.359227325570787,1.359227325570787,1.359227325570787,0.2667109789910352,0.2667109789910352,0.2667109789910352,0.23825198716491452,0.23825198716491452,0.23825198716491452,0.0,0.0,0.0,0.4380046499932059,0.4380046499932059,0.4380046499932059,0.21335368223911108,0.21335368223911108,0.21335368223911108,-0.9779351064579878,-0.9779351064579878,-0.9779351064579878,0.9469407786235661,0.9469407786235661,0.9469407786235661,-5.493749701957457,-5.493749701957457,-5.493749701957457,-1.9511323381425614,-1.9511323381425614,-1.9511323381425614,-9.157063635943649,-9.157063635943649,-9.157063635943649,0.0,0.0,0.0,43.20918620427727
575,2018-04-07 17:00:00,56.516082186475984,36.1270798820626,56.756782715045276,56.516082186475984,56.516082186475984,0.0,0.0,0.0,0.0,0.0,0.0,0.0,0.0,0.0,0.0,0.0,0.0,0.0,0.0,0.0,0.0,0.0,0.0,0.0,0.0,0.0,0.0,0.0,0.0,0.0,0.0,0.0,0.0,0.0,0.0,-10.291717682751905,-10.291717682751905,-10.291717682751905,3.8476326340940976,3.8476326340940976,3.8476326340940976,1.359227325570787,1.359227325570787,1.359227325570787,0.8430014636900308,0.8430014636900308,0.8430014636900308,0.2533802458817945,0.2533802458817945,0.2533802458817945,0.0,0.0,0.0,0.547467542767082,0.547467542767082,0.547467542767082,0.39897735195698514,0.39897735195698514,0.39897735195698514,-0.6215816428044697,-0.6215816428044697,-0.6215816428044697,0.8478110132795436,0.8478110132795436,0.8478110132795436,-5.827098120701564,-5.827098120701564,-5.827098120701564,-1.9422803729616915,-1.9422803729616915,-1.9422803729616915,-9.15525365983447,-9.15525365983447,-9.15525365983447,0.0,0.0,0.0,46.224364503724075
576,2018-04-07 18:00:00,56.633794077489085,39.353678615497216,59.14599254893859,56.633794077489085,56.633794077489085,0.0,0.0,0.0,0.0,0.0,0.0,0.0,0.0,0.0,0.0,0.0,0.0,0.0,0.0,0.0,0.0,0.0,0.0,0.0,0.0,0.0,0.0,0.0,0.0,0.0,0.0,0.0,0.0,0.0,0.0,-7.811432059217064,-7.811432059217064,-7.811432059217064,6.072413311978716,6.072413311978716,6.072413311978716,1.420860712758162,1.420860712758162,1.420860712758162,1.222061448853128,1.222061448853128,1.222061448853128,0.1923164548697594,0.1923164548697594,0.1923164548697594,0.0,0.0,0.0,0.6468239686955417,0.6468239686955417,0.6468239686955417,0.17140069558426552,0.17140069558426552,0.17140069558426552,-0.22770532660455187,-0.22770532660455187,-0.22770532660455187,0.7670177608377995,0.7670177608377995,0.7670177608377995,-6.216133471775284,-6.216133471775284,-6.216133471775284,-1.748652817287848,-1.748652817287848,-1.748652817287848,-8.889773348273627,-8.889773348273627,-8.889773348273627,0.0,0.0,0.0,48.822362018272024
577,2018-04-07 19:00:00,56.63346837943269,40.11656456098044,59.07749235769749,56.63346837943269,56.63346837943269,0.0,0.0,0.0,0.0,0.0,0.0,0.0,0.0,0.0,0.0,0.0,0.0,0.0,0.0,0.0,0.0,0.0,0.0,0.0,0.0,0.0,0.0,0.0,0.0,0.0,0.0,0.0,0.0,0.0,0.0,-6.866700264947389,-6.866700264947389,-6.866700264947389,6.341951221906628,6.341951221906628,6.341951221906628,1.420860712758162,1.420860712758162,1.420860712758162,2.208697160019756,2.208697160019756,2.208697160019756,0.13537446500563174,0.13537446500563174,0.13537446500563174,0.0,0.0,0.0,0.7546028638879566,0.7546028638879566,0.7546028638879566,0.21240691704185696,0.21240691704185696,0.21240691704185696,0.22420137545835486,0.22420137545835486,0.22420137545835486,0.699975438659919,0.699975438659919,0.699975438659919,-6.529597947936617,-6.529597947936617,-6.529597947936617,-1.2387246127921252,-1.2387246127921252,-1.2387246127921252,-8.887750698937154,-8.887750698937154,-8.887750698937154,0.0,0.0,0.0,49.7667681144853
578,2018-04-07 20:00:00,56.6331426813763,38.057554050806836,58.54372742801007,56.6331426813763,56.6331426813763,0.0,0.0,0.0,0.0,0.0,0.0,0.0,0.0,0.0,0.0,0.0,0.0,0.0,0.0,0.0,0.0,0.0,0.0,0.0,0.0,0.0,0.0,0.0,0.0,0.0,0.0,0.0,0.0,0.0,0.0,-7.664076888076249,-7.664076888076249,-7.664076888076249,4.442413410957858,4.442413410957858,4.442413410957858,1.420860712758162,1.420860712758162,1.420860712758162,3.607686613657151,3.607686613657151,3.607686613657151,0.4409292499015311,0.4409292499015311,0.4409292499015311,0.0,0.0,0.0,0.8623817590803715,0.8623817590803715,0.8623817590803715,0.8014492276267879,0.8014492276267879,0.8014492276267879,0.3689959718336127,0.3689959718336127,0.3689959718336127,0.5893152201253452,0.5893152201253452,0.5893152201253452,-6.828505197158795,-6.828505197158795,-6.828505197158795,-0.8762455276686595,-0.8762455276686595,-0.8762455276686595,-8.885671715532462,-8.885671715532462,-8.885671715532462,0.0,0.0,0.0,48.96906579330005
579,2018-04-07 21:00:00,56.6328169833199,34.50752776729498,54.606162598087295,56.6328169833199,56.6328169833199,0.0,0.0,0.0,0.0,0.0,0.0,0.0,0.0,0.0,0.0,0.0,0.0,0.0,0.0,0.0,0.0,0.0,0.0,0.0,0.0,0.0,0.0,0.0,0.0,0.0,0.0,0.0,0.0,0.0,0.0,-12.66687225964383,-12.66687225964383,-12.66687225964383,1.3359437729823458,1.3359437729823458,1.3359437729823458,1.420860712758162,1.420860712758162,1.420860712758162,1.9912104417149568,1.9912104417149568,1.9912104417149568,0.09012591948860173,0.09012591948860173,0.09012591948860173,0.0,0.0,0.0,0.9701606542727866,0.9701606542727866,0.9701606542727866,-0.2275657178913593,-0.2275657178913593,-0.2275657178913593,0.3980471169662281,0.3980471169662281,0.3980471169662281,0.13819308836213753,0.13819308836213753,0.13819308836213753,-7.110490126684044,-7.110490126684044,-7.110490126684044,-0.7986113322415999,-0.7986113322415999,-0.7986113322415999,-8.88353634765709,-8.88353634765709,-8.88353634765709,0.0,0.0,0.0,43.96594472367607
580,2018-04-07 22:00:00,56.6324912852635,32.481853781964354,52.37742534982745,56.6324912852635,56.6324912852635,0.0,0.0,0.0,0.0,0.0,0.0,0.0,0.0,0.0,0.0,0.0,0.0,0.0,0.0,0.0,0.0,0.0,0.0,0.0,0.0,0.0,0.0,0.0,0.0,0.0,0.0,0.0,0.0,0.0,0.0,-13.971495522231152,-13.971495522231152,-13.971495522231152,-1.6832880341640468,-1.6832880341640468,-1.6832880341640468,1.420860712758162,1.420860712758162,1.420860712758162,3.9663824611523126,3.9663824611523126,3.9663824611523126,0.3468732845009631,0.3468732845009631,0.3468732845009631,0.0,0.0,0.0,1.0779395494652015,1.0779395494652015,1.0779395494652015,0.18249649668455498,0.18249649668455498,0.18249649668455498,0.5566755919760648,0.5566755919760648,0.5566755919760648,0.4093913976539853,0.4093913976539853,0.4093913976539853,-7.37324540215125,-7.37324540215125,-7.37324540215125,-0.027854571886619103,-0.027854571886619103,-0.027854571886619103,-8.881344547068165,-8.881344547068165,-8.881344547068165,0.0,0.0,0.0,42.660995763032346
581,2018-04-07 23:00:00,56.632165587207105,29.267604409977512,49.697479269421834,56.632165587207105,56.632165587207105,0.0,0.0,0.0,0.0,0.0,0.0,0.0,0.0,0.0,0.0,0.0,0.0,0.0,0.0,0.0,0.0,0.0,0.0,0.0,0.0,0.0,0.0,0.0,0.0,0.0,0.0,0.0,0.0,0.0,0.0,-17.24020017052991,-17.24020017052991,-17.24020017052991,-3.921778131459221,-3.921778131459221,-3.921778131459221,1.420860712758162,1.420860712758162,1.420860712758162,3.1752186685541375,3.1752186685541375,3.1752186685541375,-0.19610926170339715,-0.19610926170339715,-0.19610926170339715,0.0,0.0,0.0,1.1857184446576166,1.1857184446576166,1.1857184446576166,0.11543926394802309,0.11543926394802309,0.11543926394802309,0.5571367212638841,0.5571367212638841,0.5571367212638841,0.012791636336644261,0.012791636336644261,0.012791636336644261,-7.614544439935482,-7.614544439935482,-7.614544439935482,0.0793811512932043,0.0793811512932043,0.0793811512932043,-8.879096267689343,-8.879096267689343,-8.879096267689343,0.0,0.0,0.0,39.391965416677195
582,2018-04-08 00:00:00,56.631839889150704,27.073353313534284,46.61610801336451,56.631839889150704,56.631839889150704,0.0,0.0,0.0,0.0,0.0,0.0,0.0,0.0,0.0,0.0,0.0,0.0,0.0,0.0,0.0,0.0,0.0,0.0,0.0,0.0,0.0,0.0,0.0,0.0,0.0,0.0,0.0,0.0,0.0,0.0,-19.841558318690055,-19.841558318690055,-19.841558318690055,-5.493853855949674,-5.493853855949674,-5.493853855949674,2.3686640361678766,2.3686640361678766,2.3686640361678766,2.361350963885729,2.361350963885729,2.361350963885729,-0.27135403402385155,-0.27135403402385155,-0.27135403402385155,0.0,0.0,0.0,0.00015059754105201039,0.00015059754105201039,0.00015059754105201039,-0.3086133085369518,-0.3086133085369518,-0.3086133085369518,0.558520109127342,0.558520109127342,0.558520109127342,-0.3139387169278455,-0.3139387169278455,-0.3139387169278455,-7.83226396101145,-7.83226396101145,-7.83226396101145,0.32792228053810746,0.32792228053810746,0.32792228053810746,-8.876791465614662,-8.876791465614662,-8.876791465614662,0.0,0.0,0.0,36.79028157046065
583,2018-04-08 01:00:00,56.63151419109431,24.41292879890865,44.624944571646765,56.63151419109431,56.63151419109431,0.0,0.0,0.0,0.0,0.0,0.0,0.0,0.0,0.0,0.0,0.0,0.0,0.0,0.0,0.0,0.0,0.0,0.0,0.0,0.0,0.0,0.0,0.0,0.0,0.0,0.0,0.0,0.0,0.0,0.0,-22.626278314333348,-22.626278314333348,-22.626278314333348,-6.7480620871533965,-6.7480620871533965,-6.7480620871533965,2.3686640361678766,2.3686640361678766,2.3686640361678766,1.0206197242081116,1.0206197242081116,1.0206197242081116,-0.2677951596573436,-0.2677951596573436,-0.2677951596573436,0.0,0.0,0.0,-1.1854172495755124,-1.1854172495755124,-1.1854172495755124,-0.5744301088091033,-0.5744301088091033,-0.5744301088091033,0.5848044785330417,0.5848044785330417,0.5848044785330417,-0.49507414763133567,-0.49507414763133567,-0.49507414763133567,-8.024405852270691,-8.024405852270691,-8.024405852270691,0.5898678751804887,0.5898678751804887,0.5898678751804887,-8.874430099117369,-8.874430099117369,-8.874430099117369,0.0,0.0,0.0,34.00523587676096
584,2018-04-08 02:00:00,56.63118849303791,23.495743651539748,43.55740505162424,56.63118849303791,56.63118849303791,0.0,0.0,0.0,0.0,0.0,0.0,0.0,0.0,0.0,0.0,0.0,0.0,0.0,0.0,0.0,0.0,0.0,0.0,0.0,0.0,0.0,0.0,0.0,0.0,0.0,0.0,0.0,0.0,0.0,0.0,-23.49271209738728,-23.49271209738728,-23.49271209738728,-7.597883537200789,-7.597883537200789,-7.597883537200789,2.3686640361678766,2.3686640361678766,2.3686640361678766,1.1663016558828332,1.1663016558828332,1.1663016558828332,-0.25305125156752484,-0.25305125156752484,-0.25305125156752484,0.0,0.0,0.0,-1.0776383543830974,-1.0776383543830974,-1.0776383543830974,-0.7225349321912276,-0.7225349321912276,-0.7225349321912276,0.6203114336951272,0.6203114336951272,0.6203114336951272,-0.6424864825405308,-0.6424864825405308,-0.6424864825405308,-8.189118087417913,-8.189118087417913,-8.189118087417913,0.8730372067022099,0.8730372067022099,0.8730372067022099,-8.872012128651413,-8.872012128651413,-8.872012128651413,0.0,0.0,0.0,33.13847639565063
585,2018-04-08 03:00:00,56.63086279498151,23.860899521122107,43.3421300160752,56.63086279498151,56.63086279498151,0.0,0.0,0.0,0.0,0.0,0.0,0.0,0.0,0.0,0.0,0.0,0.0,0.0,0.0,0.0,0.0,0.0,0.0,0.0,0.0,0.0,0.0,0.0,0.0,0.0,0.0,0.0,0.0,0.0,0.0,-23.097953043920796,-23.097953043920796,-23.097953043920796,-7.467988917524134,-7.467988917524134,-7.467988917524134,2.3686640361678766,2.3686640361678766,2.3686640361678766,1.5642878583018631,1.5642878583018631,1.5642878583018631,-0.10866263441205824,-0.10866263441205824,-0.10866263441205824,0.0,0.0,0.0,-0.9698594591906826,-0.9698594591906826,-0.9698594591906826,-0.7645060059184094,-0.7645060059184094,-0.7645060059184094,0.6226170801342237,0.6226170801342237,0.6226170801342237,-0.7491080069680033,-0.7491080069680033,-0.7491080069680033,-8.324714467838763,-8.324714467838763,-8.324714467838763,1.1651428484889164,1.1651428484889164,1.1651428484889164,-8.86953751685976,-8.86953751685976,-8.86953751685976,0.0,0.0,0.0,33.532909751060714
586,2018-04-08 04:00:00,56.63053709692511,25.753372644319338,45.79349893645986,56.63053709692511,56.63053709692511,0.0,0.0,0.0,0.0,0.0,0.0,0.0,0.0,0.0,0.0,0.0,0.0,0.0,0.0,0.0,0.0,0.0,0.0,0.0,0.0,0.0,0.0,0.0,0.0,0.0,0.0,0.0,0.0,0.0,0.0,-20.979034496510515,-20.979034496510515,-20.979034496510515,-5.891955138769737,-5.891955138769737,-5.891955138769737,2.3686640361678766,2.3686640361678766,2.3686640361678766,2.20961982612781,2.20961982612781,2.20961982612781,0.1745220830372195,0.1745220830372195,0.1745220830372195,0.0,0.0,0.0,-0.8620805639982676,-0.8620805639982676,-0.8620805639982676,-0.6897299550251544,-0.6897299550251544,-0.6897299550251544,0.623078209422043,0.623078209422043,0.623078209422043,-0.7224526258611351,-0.7224526258611351,-0.7224526258611351,-8.429692955288239,-8.429692955288239,-8.429692955288239,1.3176186423852279,1.3176186423852279,1.3176186423852279,-8.867006228580347,-8.867006228580347,-8.867006228580347,0.0,0.0,0.0,35.651502600414595
587,2018-04-08 05:00:00,56.63021139886872,28.81658794309695,48.00718601893731,56.63021139886872,56.63021139886872,0.0,0.0,0.0,0.0,0.0,0.0,0.0,0.0,0.0,0.0,0.0,0.0,0.0,0.0,0.0,0.0,0.0,0.0,0.0,0.0,0.0,0.0,0.0,0.0,0.0,0.0,0.0,0.0,0.0,0.0,-18.311787823497117,-18.311787823497117,-18.311787823497117,-3.1202630945285517,-3.1202630945285517,-3.1202630945285517,2.3686640361678766,2.3686640361678766,2.3686640361678766,2.175645885354509,2.175645885354509,2.175645885354509,0.2472248022387397,0.2472248022387397,0.2472248022387397,0.0,0.0,0.0,-0.7543016688058526,-0.7543016688058526,-0.7543016688058526,-0.9589237382408722,-0.9589237382408722,-0.9589237382408722,0.6032496500458133,0.6032496500458133,0.6032496500458133,-0.718817801164744,-0.718817801164744,-0.718817801164744,-8.502752383474279,-8.502752383474279,-8.502752383474279,1.3885506051135483,1.3885506051135483,1.3885506051135483,-8.864418230848797,-8.864418230848797,-8.864418230848797,0.0,0.0,0.0,38.3184235753716
588,2018-04-08 06:00:00,56.629885700812316,32.96380033617272,52.41462287185174,56.629885700812316,56.629885700812316,0.0,0.0,0.0,0.0,0.0,0.0,0.0,0.0,0.0,0.0,0.0,0.0,0.0,0.0,0.0,0.0,0.0,0.0,0.0,0.0,0.0,0.0,0.0,0.0,0.0,0.0,0.0,0.0,0.0,0.0,-14.33669961713503,-14.33669961713503,-14.33669961713503,-0.09379507211130964,-0.09379507211130964,-0.09379507211130964,2.3686640361678766,2.3686640361678766,2.3686640361678766,3.1616762994801535,3.1616762994801535,3.1616762994801535,0.37229381569030584,0.37229381569030584,0.37229381569030584,0.0,0.0,0.0,-0.6465227736134377,-0.6465227736134377,-0.6465227736134377,-0.5011013363202339,-0.5011013363202339,-0.5011013363202339,0.38744114334638446,0.38744114334638446,0.38744114334638446,-0.4405517771854691,-0.4405517771854691,-0.4405517771854691,-8.542807351595554,-8.542807351595554,-8.542807351595554,1.6214531913947274,1.6214531913947274,1.6214531913947274,-8.861773492908315,-8.861773492908315,-8.861773492908315,0.0,0.0,0.0,42.293186083677284
589,2018-04-08 07:00:00,56.629560002755916,35.021623655456374,55.778650079630474,56.629560002755916,56.629560002755916,0.0,0.0,0.0,0.0,0.0,0.0,0.0,0.0,0.0,0.0,0.0,0.0,0.0,0.0,0.0,0.0,0.0,0.0,0.0,0.0,0.0,0.0,0.0,0.0,0.0,0.0,0.0,0.0,0.0,0.0,-10.836850057529615,-10.836850057529615,-10.836850057529615,2.2109409980737125,2.2109409980737125,2.2109409980737125,2.3686640361678766,2.3686640361678766,2.3686640361678766,4.360282053371855,4.360282053371855,4.360282053371855,0.7149625761226456,0.7149625761226456,0.7149625761226456,0.0,0.0,0.0,-0.5387438784210228,-0.5387438784210228,-0.5387438784210228,-0.0042024174811848254,-0.0042024174811848254,-0.0042024174811848254,-0.033569896432629684,-0.033569896432629684,-0.033569896432629684,0.015012918095549938,0.015012918095549938,0.015012918095549938,-8.549001122767788,-8.549001122767788,-8.549001122767788,1.8381587153206207,1.8381587153206207,1.8381587153206207,-8.859071986207395,-8.859071986207395,-8.859071986207395,0.0,0.0,0.0,45.7927099452263
590,2018-04-08 08:00:00,56.62923430469952,38.26710891888044,57.68674022360531,56.62923430469952,56.62923430469952,0.0,0.0,0.0,0.0,0.0,0.0,0.0,0.0,0.0,0.0,0.0,0.0,0.0,0.0,0.0,0.0,0.0,0.0,0.0,0.0,0.0,0.0,0.0,0.0,0.0,0.0,0.0,0.0,0.0,0.0,-8.778127548582656,-8.778127548582656,-8.778127548582656,3.4291678585294756,3.4291678585294756,3.4291678585294756,2.3686640361678766,2.3686640361678766,2.3686640361678766,5.169734649076682,5.169734649076682,5.169734649076682,1.1018630608244415,1.1018630608244415,1.1018630608244415,0.0,0.0,0.0,-0.4309649832286078,-0.4309649832286078,-0.4309649832286078,0.30455030878773887,0.30455030878773887,0.30455030878773887,-0.49746595997883797,-0.49746595997883797,-0.49746595997883797,0.4206997411538687,0.4206997411538687,0.4206997411538687,-8.520716371774375,-8.520716371774375,-8.520716371774375,1.902388445350202,1.902388445350202,1.902388445350202,-8.856313684414435,-8.856313684414435,-8.856313684414435,0.0,0.0,0.0,47.85110675611686
591,2018-04-08 09:00:00,56.62890860664313,38.61845386865866,58.362741992656126,56.62890860664313,56.62890860664313,0.0,0.0,0.0,0.0,0.0,0.0,0.0,0.0,0.0,0.0,0.0,0.0,0.0,0.0,0.0,0.0,0.0,0.0,0.0,0.0,0.0,0.0,0.0,0.0,0.0,0.0,0.0,0.0,0.0,0.0,-8.222091254873867,-8.222091254873867,-8.222091254873867,3.842687907087007,3.842687907087007,3.842687907087007,2.3686640361678766,2.3686640361678766,2.3686640361678766,5.246303051274575,5.246303051274575,5.246303051274575,1.514692487339367,1.514692487339367,1.514692487339367,0.0,0.0,0.0,-0.3231860880361928,-0.3231860880361928,-0.3231860880361928,0.02474315060652677,0.02474315060652677,0.02474315060652677,-0.9207826461969487,-0.9207826461969487,-0.9207826461969487,0.6177880135804089,0.6177880135804089,0.6177880135804089,-8.45758364982235,-8.45758364982235,-8.45758364982235,1.9643840978135374,1.9643840978135374,1.9643840978135374,-8.8534985634131,-8.8534985634131,-8.8534985634131,0.0,0.0,0.0,48.40681735176926
592,2018-04-08 10:00:00,56.62858290858673,39.24290605537799,58.9748780689476,56.62858290858673,56.62858290858673,0.0,0.0,0.0,0.0,0.0,0.0,0.0,0.0,0.0,0.0,0.0,0.0,0.0,0.0,0.0,0.0,0.0,0.0,0.0,0.0,0.0,0.0,0.0,0.0,0.0,0.0,0.0,0.0,0.0,0.0,-7.883219175194979,-7.883219175194979,-7.883219175194979,3.8427495212251768,3.8427495212251768,3.8427495212251768,2.3686640361678766,2.3686640361678766,2.3686640361678766,5.4841453641072935,5.4841453641072935,5.4841453641072935,1.594512955273903,1.594512955273903,1.594512955273903,0.0,0.0,0.0,-0.21540719284377785,-0.21540719284377785,-0.21540719284377785,0.18201407054975977,0.18201407054975977,0.18201407054975977,-1.2371173376409836,-1.2371173376409836,-1.2371173376409836,0.8092221142570074,0.8092221142570074,0.8092221142570074,-8.35948745921233,-8.35948745921233,-8.35948745921233,1.982256718343508,1.982256718343508,1.982256718343508,-8.850626601315117,-8.850626601315117,-8.850626601315117,0.0,0.0,0.0,48.74536373339175
593,2018-04-08 11:00:00,56.62825721053033,38.27360284220657,58.80777318589865,56.62825721053033,56.62825721053033,0.0,0.0,0.0,0.0,0.0,0.0,0.0,0.0,0.0,0.0,0.0,0.0,0.0,0.0,0.0,0.0,0.0,0.0,0.0,0.0,0.0,0.0,0.0,0.0,0.0,0.0,0.0,0.0,0.0,0.0,-7.977995871158685,-7.977995871158685,-7.977995871158685,3.4472878315906668,3.4472878315906668,3.4472878315906668,2.3686640361678766,2.3686640361678766,2.3686640361678766,5.648983932952464,5.648983932952464,5.648983932952464,1.461817782465534,1.461817782465534,1.461817782465534,0.0,0.0,0.0,-0.10762829765136293,-0.10762829765136293,-0.10762829765136293,0.4145434675210429,0.4145434675210429,0.4145434675210429,-1.3911345197726273,-1.3911345197726273,-1.3911345197726273,0.9774337238177736,0.9774337238177736,0.9774337238177736,-8.226569857240175,-8.226569857240175,-8.226569857240175,1.925287740404227,1.925287740404227,1.925287740404227,-8.847697778461642,-8.847697778461642,-8.847697778461642,0.0,0.0,0.0,48.650261339371646
594,2018-04-08 12:00:00,56.62793151247393,37.509746266901416,57.54748435783876,56.62793151247393,56.62793151247393,0.0,0.0,0.0,0.0,0.0,0.0,0.0,0.0,0.0,0.0,0.0,0.0,0.0,0.0,0.0,0.0,0.0,0.0,0.0,0.0,0.0,0.0,0.0,0.0,0.0,0.0,0.0,0.0,0.0,0.0,-9.070221547667366,-9.070221547667366,-9.070221547667366,2.4150058560120056,2.4150058560120056,2.4150058560120056,2.3686640361678766,2.3686640361678766,2.3686640361678766,5.4187162097425725,5.4187162097425725,5.4187162097425725,1.4369056618999785,1.4369056618999785,1.4369056618999785,0.0,0.0,0.0,0.00015059754105201039,0.00015059754105201039,0.00015059754105201039,0.3412146950321735,0.3412146950321735,0.3412146950321735,-1.5433071847529938,-1.5433071847529938,-1.5433071847529938,1.047303131870625,1.047303131870625,1.047303131870625,-8.059231535995524,-8.059231535995524,-8.059231535995524,1.7677852719838614,1.7677852719838614,1.7677852719838614,-8.844712077426417,-8.844712077426417,-8.844712077426417,0.0,0.0,0.0,47.55770996480656
595,2018-04-08 13:00:00,56.627605814417535,35.68953772333689,56.733601117050235,56.627605814417535,56.627605814417535,0.0,0.0,0.0,0.0,0.0,0.0,0.0,0.0,0.0,0.0,0.0,0.0,0.0,0.0,0.0,0.0,0.0,0.0,0.0,0.0,0.0,0.0,0.0,0.0,0.0,0.0,0.0,0.0,0.0,0.0,-10.870256267144262,-10.870256267144262,-10.870256267144262,0.8284416494067001,0.8284416494067001,0.8284416494067001,2.3686640361678766,2.3686640361678766,2.3686640361678766,5.001101919598947,5.001101919598947,5.001101919598947,1.532486859171907,1.532486859171907,1.532486859171907,0.0,0.0,0.0,0.10792949273346696,0.10792949273346696,0.10792949273346696,-0.014333366311883885,-0.014333366311883885,-0.014333366311883885,-1.5230174960889449,-1.5230174960889449,-1.5230174960889449,0.9693563356035713,0.9693563356035713,0.9693563356035713,-7.858130353126213,-7.858130353126213,-7.858130353126213,1.5600160583229536,1.5600160583229536,1.5600160583229536,-8.841669483023693,-8.841669483023693,-8.841669483023693,0.0,0.0,0.0,45.75734954727327
596,2018-04-08 14:00:00,56.627280116361135,33.472162806587164,54.02169224987181,56.627280116361135,56.627280116361135,0.0,0.0,0.0,0.0,0.0,0.0,0.0,0.0,0.0,0.0,0.0,0.0,0.0,0.0,0.0,0.0,0.0,0.0,0.0,0.0,0.0,0.0,0.0,0.0,0.0,0.0,0.0,0.0,0.0,0.0,-12.809875019060357,-12.809875019060357,-12.809875019060357,-0.5401961898342008,-0.5401961898342008,-0.5401961898342008,2.3686640361678766,2.3686640361678766,2.3686640361678766,4.193068469884939,4.193068469884939,4.193068469884939,0.7525849622828727,0.7525849622828727,0.7525849622828727,0.0,0.0,0.0,0.21570838792588193,0.21570838792588193,0.21570838792588193,0.10723801965650481,0.10723801965650481,0.10723801965650481,-1.403585010543748,-1.403585010543748,-1.403585010543748,0.8750528282027574,0.8750528282027574,0.8750528282027574,-7.62417731680069,-7.62417731680069,-7.62417731680069,1.277405246192794,1.277405246192794,1.277405246192794,-8.838569982310405,-8.838569982310405,-8.838569982310405,0.0,0.0,0.0,43.81740509730078
597,2018-04-08 15:00:00,56.626954418304734,33.69896769383636,53.77382399701146,56.626954418304734,56.626954418304734,0.0,0.0,0.0,0.0,0.0,0.0,0.0,0.0,0.0,0.0,0.0,0.0,0.0,0.0,0.0,0.0,0.0,0.0,0.0,0.0,0.0,0.0,0.0,0.0,0.0,0.0,0.0,0.0,0.0,0.0,-13.152642194697089,-13.152642194697089,-13.152642194697089,-0.6104130024963671,-0.6104130024963671,-0.6104130024963671,2.3686640361678766,2.3686640361678766,2.3686640361678766,3.651714429574522,3.651714429574522,3.651714429574522,0.5039721672511009,0.5039721672511009,0.5039721672511009,0.0,0.0,0.0,0.3234872831182969,0.3234872831182969,0.3234872831182969,-0.0003430084028232791,-0.0003430084028232791,-0.0003430084028232791,-1.2020715117667171,-1.2020715117667171,-1.2020715117667171,0.7799415819805234,0.7799415819805234,0.7799415819805234,-7.358530057182907,-7.358530057182907,-7.358530057182907,0.8780638812262641,0.8780638812262641,0.8780638812262641,-8.835413564592338,-8.835413564592338,-8.835413564592338,0.0,0.0,0.0,43.47431222360765
598,2018-04-08 16:00:00,56.62662872024834,34.67652407247852,56.08994995402526,56.62662872024834,56.62662872024834,0.0,0.0,0.0,0.0,0.0,0.0,0.0,0.0,0.0,0.0,0.0,0.0,0.0,0.0,0.0,0.0,0.0,0.0,0.0,0.0,0.0,0.0,0.0,0.0,0.0,0.0,0.0,0.0,0.0,0.0,-11.354101863638009,-11.354101863638009,-11.354101863638009,1.0992218695473412,1.0992218695473412,1.0992218695473412,2.3686640361678766,2.3686640361678766,2.3686640361678766,3.441460332771599,3.441460332771599,3.441460332771599,0.5360020365496729,0.5360020365496729,0.5360020365496729,0.0,0.0,0.0,0.43126617831071185,0.43126617831071185,0.43126617831071185,-0.1846297918945871,-0.1846297918945871,-0.1846297918945871,-0.8778976224297544,-0.8778976224297544,-0.8778976224297544,0.6876574216332603,0.6876574216332603,0.6876574216332603,-7.062583844529075,-7.062583844529075,-7.062583844529075,0.4803980744344189,0.4803980744344189,0.4803980744344189,-8.832200221427874,-8.832200221427874,-8.832200221427874,0.0,0.0,0.0,45.272526856610334
599,2018-04-08 17:00:00,56.62630302219194,39.44974212860504,58.669591070317956,56.62630302219194,56.62630302219194,0.0,0.0,0.0,0.0,0.0,0.0,0.0,0.0,0.0,0.0,0.0,0.0,0.0,0.0,0.0,0.0,0.0,0.0,0.0,0.0,0.0,0.0,0.0,0.0,0.0,0.0,0.0,0.0,0.0,0.0,-7.990665559625072,-7.990665559625072,-7.990665559625072,3.8612518521280585,3.8612518521280585,3.8612518521280585,2.3686640361678766,2.3686640361678766,2.3686640361678766,3.714972776774772,3.714972776774772,3.714972776774772,0.703269131775548,0.703269131775548,0.703269131775548,0.0,0.0,0.0,0.5390450735031267,0.5390450735031267,0.5390450735031267,-0.22467116108258814,-0.22467116108258814,-0.22467116108258814,-0.3798779915849184,-0.3798779915849184,-0.3798779915849184,0.67049297167808,0.67049297167808,0.67049297167808,-6.737960241896044,-6.737960241896044,-6.737960241896044,0.038050716317647365,0.038050716317647365,0.038050716317647365,-8.828929946631858,-8.828929946631858,-8.828929946631858,0.0,0.0,0.0,48.63563746256687
600,2018-04-08 18:00:00,56.58792793537418,41.80900923582504,61.58262436209666,56.58792793537418,56.58792793537418,0.0,0.0,0.0,0.0,0.0,0.0,0.0,0.0,0.0,0.0,0.0,0.0,0.0,0.0,0.0,0.0,0.0,0.0,0.0,0.0,0.0,0.0,0.0,0.0,0.0,0.0,0.0,0.0,0.0,0.0,-4.904027423116758,-4.904027423116758,-4.904027423116758,6.172130144006454,6.172130144006454,6.172130144006454,2.51155566755705,2.51155566755705,2.51155566755705,4.325269779070757,4.325269779070757,4.325269779070757,0.8453842029616665,0.8453842029616665,0.8453842029616665,0.0,0.0,0.0,0.5839481010023466,0.5839481010023466,0.5839481010023466,-0.13043603669720336,-0.13043603669720336,-0.13043603669720336,0.1773897013583023,0.1773897013583023,0.1773897013583023,0.5926341707407217,0.5926341707407217,0.5926341707407217,-6.548127388989113,-6.548127388989113,-6.548127388989113,-0.25520602785212637,-0.25520602785212637,-0.25520602785212637,-8.853299957204854,-8.853299957204854,-8.853299957204854,0.0,0.0,0.0,51.68390051225742
601,2018-04-08 19:00:00,56.58759751720604,43.31776825173793,63.47531192233367,56.58759751720604,56.58759751720604,0.0,0.0,0.0,0.0,0.0,0.0,0.0,0.0,0.0,0.0,0.0,0.0,0.0,0.0,0.0,0.0,0.0,0.0,0.0,0.0,0.0,0.0,0.0,0.0,0.0,0.0,0.0,0.0,0.0,0.0,-3.349126917004191,-3.349126917004191,-3.349126917004191,6.4709144880217275,6.4709144880217275,6.4709144880217275,2.51155566755705,2.51155566755705,2.51155566755705,5.197900740261293,5.197900740261293,5.197900740261293,0.874203030920524,0.874203030920524,0.874203030920524,0.0,0.0,0.0,0.6812501437472679,0.6812501437472679,0.6812501437472679,0.38154600256523563,0.38154600256523563,0.38154600256523563,0.42581189926005947,0.42581189926005947,0.42581189926005947,0.7008625943732162,0.7008625943732162,0.7008625943732162,-6.167997261538334,-6.167997261538334,-6.167997261538334,-0.37732859816206143,-0.37732859816206143,-0.37732859816206143,-8.849944883748877,-8.849944883748877,-8.849944883748877,0.0,0.0,0.0,53.23847060020185
602,2018-04-08 20:00:00,56.5872670990379,42.044608212372445,61.70517653333901,56.5872670990379,56.5872670990379,0.0,0.0,0.0,0.0,0.0,0.0,0.0,0.0,0.0,0.0,0.0,0.0,0.0,0.0,0.0,0.0,0.0,0.0,0.0,0.0,0.0,0.0,0.0,0.0,0.0,0.0,0.0,0.0,0.0,0.0,-4.830670783363421,-4.830670783363421,-4.830670783363421,4.600648088268903,4.600648088268903,4.600648088268903,2.51155566755705,2.51155566755705,2.51155566755705,5.179681752243664,5.179681752243664,5.179681752243664,0.898306050667932,0.898306050667932,0.898306050667932,0.0,0.0,0.0,0.7785521864921892,0.7785521864921892,0.7785521864921892,0.28911824311426604,0.28911824311426604,0.28911824311426604,0.4896669008333985,0.4896669008333985,0.4896669008333985,0.6254075666294348,0.6254075666294348,0.6254075666294348,-5.7644680039749145,-5.7644680039749145,-5.7644680039749145,-0.4129248630506075,-0.4129248630506075,-0.4129248630506075,-8.846532619901073,-8.846532619901073,-8.846532619901073,0.0,0.0,0.0,51.75659631567448
603,2018-04-08 21:00:00,56.58693668086977,37.801598245314395,58.156284985795715,56.58693668086977,56.58693668086977,0.0,0.0,0.0,0.0,0.0,0.0,0.0,0.0,0.0,0.0,0.0,0.0,0.0,0.0,0.0,0.0,0.0,0.0,0.0,0.0,0.0,0.0,0.0,0.0,0.0,0.0,0.0,0.0,0.0,0.0,-8.194495928326292,-8.194495928326292,-8.194495928326292,1.5108194980465142,1.5108194980465142,1.5108194980465142,2.51155566755705,2.51155566755705,2.51155566755705,4.477665817762909,4.477665817762909,4.477665817762909,0.840144416060056,0.840144416060056,0.840144416060056,0.0,0.0,0.0,0.8758542292371105,0.8758542292371105,0.8758542292371105,-0.2925475519646108,-0.2925475519646108,-0.2925475519646108,0.5421504637703894,0.5421504637703894,0.5421504637703894,0.28090582379924073,0.28090582379924073,0.28090582379924073,-5.339918076027577,-5.339918076027577,-5.339918076027577,-0.2803972306963282,-0.2803972306963282,-0.2803972306963282,-8.84306316810814,-8.84306316810814,-8.84306316810814,0.0,0.0,0.0,48.39244075254348
604,2018-04-08 22:00:00,56.58660626270162,33.21996046350025,53.490718645325146,56.58660626270162,56.58660626270162,0.0,0.0,0.0,0.0,0.0,0.0,0.0,0.0,0.0,0.0,0.0,0.0,0.0,0.0,0.0,0.0,0.0,0.0,0.0,0.0,0.0,0.0,0.0,0.0,0.0,0.0,0.0,0.0,0.0,0.0,-12.846456267229545,-12.846456267229545,-12.846456267229545,-1.525957750578224,-1.525957750578224,-1.525957750578224,2.51155566755705,2.51155566755705,2.51155566755705,2.4159097115733776,2.4159097115733776,2.4159097115733776,0.06727584807251534,0.06727584807251534,0.06727584807251534,0.0,0.0,0.0,0.9731562719820317,0.9731562719820317,0.9731562719820317,-0.9221209291672886,-0.9221209291672886,-0.9221209291672886,0.6060054653437285,0.6060054653437285,0.6060054653437285,-0.14800646774432494,-0.14800646774432494,-0.14800646774432494,-4.896871695122395,-4.896871695122395,-4.896871695122395,-0.6719561444703351,-0.6719561444703351,-0.6719561444703351,-8.839536533102304,-8.839536533102304,-8.839536533102304,0.0,0.0,0.0,43.74014999547208
605,2018-04-08 23:00:00,56.58627584453349,31.628921491713267,52.03832565044391,56.58627584453349,56.58627584453349,0.0,0.0,0.0,0.0,0.0,0.0,0.0,0.0,0.0,0.0,0.0,0.0,0.0,0.0,0.0,0.0,0.0,0.0,0.0,0.0,0.0,0.0,0.0,0.0,0.0,0.0,0.0,0.0,0.0,0.0,-14.743448859302674,-14.743448859302674,-14.743448859302674,-3.8278553725957103,-3.8278553725957103,-3.8278553725957103,2.51155566755705,2.51155566755705,2.51155566755705,2.3583357027006797,2.3583357027006797,2.3583357027006797,-0.054287208044847,-0.054287208044847,-0.054287208044847,0.0,0.0,0.0,1.070458314726953,1.070458314726953,1.070458314726953,-1.0363248623108952,-1.0363248623108952,-1.0363248623108952,0.6016318350989792,0.6016318350989792,0.6016318350989792,-0.4433481167414492,-0.4433481167414492,-0.4433481167414492,-4.4379764674998174,-4.4379764674998174,-4.4379764674998174,-0.29134992758511163,-0.29134992758511163,-0.29134992758511163,-8.835952721907823,-8.835952721907823,-8.835952721907823,0.0,0.0,0.0,41.842826985230815
606,2018-04-09 00:00:00,56.585945426365356,28.869177854115655,49.36278304159804,56.585945426365356,56.585945426365356,0.0,0.0,0.0,0.0,0.0,0.0,0.0,0.0,0.0,0.0,0.0,0.0,0.0,0.0,0.0,0.0,0.0,0.0,0.0,0.0,0.0,0.0,0.0,0.0,0.0,0.0,0.0,0.0,0.0,0.0,-17.437853284212316,-17.437853284212316,-17.437853284212316,-5.494792928003983,-5.494792928003983,-5.494792928003983,2.310407958519266,2.310407958519266,2.310407958519266,0.8552312381205056,0.8552312381205056,0.8552312381205056,-0.3141806383647251,-0.3141806383647251,-0.3141806383647251,0.0,0.0,0.0,0.00013584453281892514,0.00013584453281892514,0.00013584453281892514,-1.053261886294057,-1.053261886294057,-1.053261886294057,0.5998823830010794,0.5998823830010794,0.5998823830010794,-0.6165517031533112,-0.6165517031533112,-0.6165517031533112,-3.9659798504864274,-3.9659798504864274,-3.9659798504864274,-0.07120072012056507,-0.07120072012056507,-0.07120072012056507,-8.832311743842412,-8.832311743842412,-8.832311743842412,0.0,0.0,0.0,39.14809214215304
607,2018-04-09 01:00:00,56.58561500819721,27.328205328508606,47.497869572298995,56.58561500819721,56.58561500819721,0.0,0.0,0.0,0.0,0.0,0.0,0.0,0.0,0.0,0.0,0.0,0.0,0.0,0.0,0.0,0.0,0.0,0.0,0.0,0.0,0.0,0.0,0.0,0.0,0.0,0.0,0.0,0.0,0.0,0.0,-19.280194924878426,-19.280194924878426,-19.280194924878426,-6.838191772661932,-6.838191772661932,-6.838191772661932,2.1092602494814807,2.1092602494814807,2.1092602494814807,-0.12968484450440354,-0.12968484450440354,-0.12968484450440354,-0.3288520416892343,-0.3288520416892343,-0.3288520416892343,0.0,0.0,0.0,-1.0701866256613153,-1.0701866256613153,-1.0701866256613153,-1.0155165185601533,-1.0155165185601533,-1.0155165185601533,0.5998823830010794,0.5998823830010794,0.5998823830010794,-0.7019149668634478,-0.7019149668634478,-0.7019149668634478,-3.483704697190176,-3.483704697190176,-3.483704697190176,0.27764267578718654,0.27764267578718654,0.27764267578718654,-8.828613610521916,-8.828613610521916,-8.828613610521916,0.0,0.0,0.0,37.30542008331878
608,2018-04-09 02:00:00,56.585284590029076,27.571776391744084,46.664141087055874,56.585284590029076,56.585284590029076,0.0,0.0,0.0,0.0,0.0,0.0,0.0,0.0,0.0,0.0,0.0,0.0,0.0,0.0,0.0,0.0,0.0,0.0,0.0,0.0,0.0,0.0,0.0,0.0,0.0,0.0,0.0,0.0,0.0,0.0,-19.59395391822108,-19.59395391822108,-19.59395391822108,-7.734988057739681,-7.734988057739681,-7.734988057739681,1.9081125404436972,1.9081125404436972,1.9081125404436972,-0.04008338129340768,-0.04008338129340768,-0.04008338129340768,-0.2565429824470102,-0.2565429824470102,-0.2565429824470102,0.0,0.0,0.0,-0.9728845829163939,-0.9728845829163939,-0.9728845829163939,-1.0498744814974246,-1.0498744814974246,-1.0498744814974246,0.5994450199766046,0.5994450199766046,0.5994450199766046,-0.7748929356156404,-0.7748929356156404,-0.7748929356156404,-2.994024143324014,-2.994024143324014,-2.994024143324014,0.5065540407627599,0.5065540407627599,0.5065540407627599,-8.824858335863976,-8.824858335863976,-8.824858335863976,0.0,0.0,0.0,36.991330671808
609,2018-04-09 03:00:00,56.584954171860936,27.38954009950243,48.23739833687365,56.584954171860936,56.584954171860936,0.0,0.0,0.0,0.0,0.0,0.0,0.0,0.0,0.0,0.0,0.0,0.0,0.0,0.0,0.0,0.0,0.0,0.0,0.0,0.0,0.0,0.0,0.0,0.0,0.0,0.0,0.0,0.0,0.0,0.0,-18.54274512000914,-18.54274512000914,-18.54274512000914,-7.5989079644441695,-7.5989079644441695,-7.5989079644441695,1.7069648314059125,1.7069648314059125,1.7069648314059125,0.3770448845181628,0.3770448845181628,0.3770448845181628,-0.007653104620514035,-0.007653104620514035,-0.007653104620514035,0.0,0.0,0.0,-0.8755825401714726,-0.8755825401714726,-0.8755825401714726,-1.0363248623108952,-1.0363248623108952,-1.0363248623108952,0.5994450199766046,0.5994450199766046,0.5994450199766046,-0.6910540159003277,-0.6910540159003277,-0.6910540159003277,-2.4998361039947317,-2.4998361039947317,-2.4998361039947317,0.6812495561388553,0.6812495561388553,0.6812495561388553,-8.821045936088401,-8.821045936088401,-8.821045936088401,0.0,0.0,0.0,38.0422090518518
610,2018-04-09 04:00:00,56.584623753692796,31.75455790955475,52.16122195554648,56.584623753692796,56.584623753692796,0.0,0.0,0.0,0.0,0.0,0.0,0.0,0.0,0.0,0.0,0.0,0.0,0.0,0.0,0.0,0.0,0.0,0.0,0.0,0.0,0.0,0.0,0.0,0.0,0.0,0.0,0.0,0.0,0.0,0.0,-14.513764306296565,-14.513764306296565,-14.513764306296565,-5.984014440110809,-5.984014440110809,-5.984014440110809,1.5058171223681276,1.5058171223681276,1.5058171223681276,2.291464216069462,2.291464216069462,2.291464216069462,0.9554197278954858,0.9554197278954858,0.9554197278954858,0.0,0.0,0.0,-0.7782804974265514,-0.7782804974265514,-0.7782804974265514,-0.5485385715958303,-0.5485385715958303,-0.5485385715958303,0.5998823830010794,0.5998823830010794,0.5998823830010794,-0.3217816831542458,-0.3217816831542458,-0.3217816831542458,-2.004037652530254,-2.004037652530254,-2.004037652530254,0.8789457349813958,0.8789457349813958,0.8789457349813958,-8.817176429724963,-8.817176429724963,-8.817176429724963,0.0,0.0,0.0,42.07085944739623
611,2018-04-09 05:00:00,56.584293335524656,37.468598567170346,58.173031996770725,56.584293335524656,56.584293335524656,0.0,0.0,0.0,0.0,0.0,0.0,0.0,0.0,0.0,0.0,0.0,0.0,0.0,0.0,0.0,0.0,0.0,0.0,0.0,0.0,0.0,0.0,0.0,0.0,0.0,0.0,0.0,0.0,0.0,0.0,-8.900205616332913,-8.900205616332913,-8.900205616332913,-3.174778190628986,-3.174778190628986,-3.174778190628986,1.304669413330343,1.304669413330343,1.304669413330343,4.597321964224101,4.597321964224101,4.597321964224101,1.958314940863725,1.958314940863725,1.958314940863725,0.0,0.0,0.0,-0.6809784546816301,-0.6809784546816301,-0.6809784546816301,0.20782052799508857,0.20782052799508857,0.20782052799508857,0.5994450199766046,0.5994450199766046,0.5994450199766046,0.15495690122691871,0.15495690122691871,0.15495690122691871,-1.5094995523151549,-1.5094995523151549,-1.5094995523151549,1.053093615513052,1.053093615513052,1.053093615513052,-8.813249837612872,-8.813249837612872,-8.813249837612872,0.0,0.0,0.0,47.684087719191744
612,2018-04-09 06:00:00,56.58396291735652,41.60404382374906,62.49196326879627,56.58396291735652,56.58396291735652,0.0,0.0,0.0,0.0,0.0,0.0,0.0,0.0,0.0,0.0,0.0,0.0,0.0,0.0,0.0,0.0,0.0,0.0,0.0,0.0,0.0,0.0,0.0,0.0,0.0,0.0,0.0,0.0,0.0,0.0,-4.927364762607947,-4.927364762607947,-4.927364762607947,-0.13378272007042105,-0.13378272007042105,-0.13378272007042105,1.103521704292558,1.103521704292558,1.103521704292558,5.034725352082672,5.034725352082672,5.034725352082672,2.3869295094154594,2.3869295094154594,2.3869295094154594,0.0,0.0,0.0,-0.5836764119367087,-0.5836764119367087,-0.5836764119367087,-0.07720538989298004,-0.07720538989298004,-0.07720538989298004,0.4831064554662745,0.4831064554662745,0.4831064554662745,0.47564076913798975,0.47564076913798975,0.47564076913798975,-1.0190412117150314,-1.0190412117150314,-1.0190412117150314,1.2464087156000792,1.2464087156000792,1.2464087156000792,-8.809266182905167,-8.809266182905167,-8.809266182905167,0.0,0.0,0.0,51.65659815474858
613,2018-04-09 07:00:00,56.58363249918838,44.9398787155135,65.5878664833435,56.58363249918838,56.58363249918838,0.0,0.0,0.0,0.0,0.0,0.0,0.0,0.0,0.0,0.0,0.0,0.0,0.0,0.0,0.0,0.0,0.0,0.0,0.0,0.0,0.0,0.0,0.0,0.0,0.0,0.0,0.0,0.0,0.0,0.0,-1.4879925350969878,-1.4879925350969878,-1.4879925350969878,2.1650763186529502,2.1650763186529502,2.1650763186529502,0.9023739952547744,0.9023739952547744,0.9023739952547744,5.68756296388591,5.68756296388591,5.68756296388591,2.5001089064902455,2.5001089064902455,2.5001089064902455,0.0,0.0,0.0,-0.4863743691917875,-0.4863743691917875,-0.4863743691917875,0.29298956288184597,0.29298956288184597,0.29298956288184597,0.09341600065911676,0.09341600065911676,0.09341600065911676,0.8582511118387807,0.8582511118387807,0.8582511118387807,-0.5354063265649065,-0.5354063265649065,-0.5354063265649065,1.5267977559529349,1.5267977559529349,1.5267977559529349,-8.805225491070942,-8.805225491070942,-8.805225491070942,0.0,0.0,0.0,55.0956399640914
614,2018-04-09 08:00:00,56.58330208102024,46.84091139494674,66.76768595646423,56.58330208102024,56.58330208102024,0.0,0.0,0.0,0.0,0.0,0.0,0.0,0.0,0.0,0.0,0.0,0.0,0.0,0.0,0.0,0.0,0.0,0.0,0.0,0.0,0.0,0.0,0.0,0.0,0.0,0.0,0.0,0.0,0.0,0.0,-0.044714175832187446,-0.044714175832187446,-0.044714175832187446,3.374340679286454,3.374340679286454,3.374340679286454,0.7012262862169896,0.7012262862169896,0.7012262862169896,5.44331239925113,5.44331239925113,5.44331239925113,2.5294517131392635,2.5294517131392635,2.5294517131392635,0.0,0.0,0.0,-0.38907232644686623,-0.38907232644686623,-0.38907232644686623,0.29831262756226823,0.29831262756226823,0.29831262756226823,-0.47559329418276014,-0.47559329418276014,-0.47559329418276014,1.0758512170998875,1.0758512170998875,1.0758512170998875,-0.0612394644703706,-0.0612394644703706,-0.0612394644703706,1.7031361758623476,1.7031361758623476,1.7031361758623476,-8.801127789899398,-8.801127789899398,-8.801127789899398,0.0,0.0,0.0,56.53858790518805
615,2018-04-09 09:00:00,56.5829716628521,47.18318717498154,67.29670614651336,56.5829716628521,56.5829716628521,0.0,0.0,0.0,0.0,0.0,0.0,0.0,0.0,0.0,0.0,0.0,0.0,0.0,0.0,0.0,0.0,0.0,0.0,0.0,0.0,0.0,0.0,0.0,0.0,0.0,0.0,0.0,0.0,0.0,0.0,0.9653407231820685,0.9653407231820685,0.9653407231820685,3.788445557971982,3.788445557971982,3.788445557971982,0.5000785771792048,0.5000785771792048,0.5000785771792048,5.572932110072342,5.572932110072342,5.572932110072342,2.696076936610476,2.696076936610476,2.696076936610476,0.0,0.0,0.0,-0.2917702837019449,-0.2917702837019449,-0.2917702837019449,0.48510380634799743,0.48510380634799743,0.48510380634799743,-0.8884639892870889,-0.8884639892870889,-0.8884639892870889,1.2439101425292192,1.2439101425292192,1.2439101425292192,0.4009361646381622,0.4009361646381622,0.4009361646381622,1.8279969203944784,1.8279969203944784,1.8279969203944784,-8.796973109500417,-8.796973109500417,-8.796973109500417,0.0,0.0,0.0,57.54831238603417
616,2018-04-09 10:00:00,56.58264124468396,48.021497312268394,68.00762878297712,56.58264124468396,56.58264124468396,0.0,0.0,0.0,0.0,0.0,0.0,0.0,0.0,0.0,0.0,0.0,0.0,0.0,0.0,0.0,0.0,0.0,0.0,0.0,0.0,0.0,0.0,0.0,0.0,0.0,0.0,0.0,0.0,0.0,0.0,1.6221007545143977,1.6221007545143977,1.6221007545143977,3.7963740897640643,3.7963740897640643,3.7963740897640643,0.29893086814142006,0.29893086814142006,0.29893086814142006,5.769748624893956,5.769748624893956,5.769748624893956,2.827071609150737,2.827071609150737,2.827071609150737,0.0,0.0,0.0,-0.19446824095702364,-0.19446824095702364,-0.19446824095702364,0.5910811849854967,0.5910811849854967,0.5910811849854967,-1.119829029234324,-1.119829029234324,-1.119829029234324,1.3889133650368393,1.3889133650368393,1.3889133650368393,0.8487395221649789,0.8487395221649789,0.8487395221649789,1.9780488677708115,1.9780488677708115,1.9780488677708115,-8.792761482308602,-8.792761482308602,-8.792761482308602,0.0,0.0,0.0,58.20474199919836
617,2018-04-09 11:00:00,56.58231082651583,48.48938300897353,68.59476046983156,56.58231082651583,56.58231082651583,0.0,0.0,0.0,0.0,0.0,0.0,0.0,0.0,0.0,0.0,0.0,0.0,0.0,0.0,0.0,0.0,0.0,0.0,0.0,0.0,0.0,0.0,0.0,0.0,0.0,0.0,0.0,0.0,0.0,0.0,1.424103916130925,1.424103916130925,1.424103916130925,3.4057054300528,3.4057054300528,3.4057054300528,0.09778315910363572,0.09778315910363572,0.09778315910363572,5.526940502038109,5.526940502038109,5.526940502038109,2.748998784316741,2.748998784316741,2.748998784316741,0.0,0.0,0.0,-0.09716619821210236,-0.09716619821210236,-0.09716619821210236,0.56736935140907,0.56736935140907,0.56736935140907,-1.2790291701431966,-1.2790291701431966,-1.2790291701431966,1.4474100658382054,1.4474100658382054,1.4474100658382054,1.2799509271269365,1.2799509271269365,1.2799509271269365,2.041574509725755,2.041574509725755,2.041574509725755,-8.78849294308692,-8.78849294308692,-8.78849294308692,0.0,0.0,0.0,58.006414742646754
618,2018-04-09 12:00:00,56.58198040834769,46.423926624849976,66.48842493384163,56.58198040834769,56.58198040834769,0.0,0.0,0.0,0.0,0.0,0.0,0.0,0.0,0.0,0.0,0.0,0.0,0.0,0.0,0.0,0.0,0.0,0.0,0.0,0.0,0.0,0.0,0.0,0.0,0.0,0.0,0.0,0.0,0.0,0.0,-0.31149893143796126,-0.31149893143796126,-0.31149893143796126,2.371021312065344,2.371021312065344,2.371021312065344,-0.10336454993414902,-0.10336454993414902,-0.10336454993414902,4.409117863632748,4.409117863632748,4.409117863632748,2.68297746935645,2.68297746935645,2.68297746935645,0.0,0.0,0.0,0.00013584453281892514,0.00013584453281892514,0.00013584453281892514,0.03748245822157388,0.03748245822157388,0.03748245822157388,-1.3739369464542552,-1.3739369464542552,-1.3739369464542552,1.346041190182418,1.346041190182418,1.346041190182418,1.6925294217877578,1.6925294217877578,1.6925294217877578,1.819782397727891,1.819782397727891,1.819782397727891,-8.78416752892381,-8.78416752892381,-8.78416752892381,0.0,0.0,0.0,56.27048147690973
619,2018-04-09 13:00:00,56.58164999017955,45.06180919920363,65.24734835014405,56.58164999017955,56.58164999017955,0.0,0.0,0.0,0.0,0.0,0.0,0.0,0.0,0.0,0.0,0.0,0.0,0.0,0.0,0.0,0.0,0.0,0.0,0.0,0.0,0.0,0.0,0.0,0.0,0.0,0.0,0.0,0.0,0.0,0.0,-2.0551004493948413,-2.0551004493948413,-2.0551004493948413,0.783001778170086,0.783001778170086,0.783001778170086,-0.30451225897193335,-0.30451225897193335,-0.30451225897193335,3.85705490691297,3.85705490691297,3.85705490691297,2.651538747946787,2.651538747946787,2.651538747946787,0.0,0.0,0.0,0.0974378872777402,0.0974378872777402,0.0974378872777402,-0.10817594803361907,-0.10817594803361907,-0.10817594803361907,-1.3533808843039337,-1.3533808843039337,-1.3533808843039337,1.268490189445754,1.268490189445754,1.268490189445754,2.0846281447642703,2.0846281447642703,2.0846281447642703,1.6056571735521754,1.6056571735521754,1.6056571735521754,-8.77978527924217,-8.77978527924217,-8.77978527924217,0.0,0.0,0.0,54.52654954078471
620,2018-04-09 14:00:00,56.58131957201142,42.70345531344367,63.17739778933375,56.58131957201142,56.58131957201142,0.0,0.0,0.0,0.0,0.0,0.0,0.0,0.0,0.0,0.0,0.0,0.0,0.0,0.0,0.0,0.0,0.0,0.0,0.0,0.0,0.0,0.0,0.0,0.0,0.0,0.0,0.0,0.0,0.0,0.0,-3.7056005387055055,-3.7056005387055055,-3.7056005387055055,-0.5737757054366356,-0.5737757054366356,-0.5737757054366356,-0.5056599680097181,-0.5056599680097181,-0.5056599680097181,3.188913837721673,3.188913837721673,3.188913837721673,2.4440431866430132,2.4440431866430132,2.4440431866430132,0.0,0.0,0.0,0.19473993002266146,0.19473993002266146,0.19473993002266146,-0.13866259120331062,-0.13866259120331062,-0.13866259120331062,-1.2803412592166212,-1.2803412592166212,-1.2803412592166212,1.243719599529866,1.243719599529866,1.243719599529866,2.454607564808817,2.454607564808817,2.454607564808817,1.2310749399557825,1.2310749399557825,1.2310749399557825,-8.775346235799361,-8.775346235799361,-8.775346235799361,0.0,0.0,0.0,52.87571903330591
621,2018-04-09 15:00:00,56.58098915384328,43.09882877939429,62.87209475968918,56.58098915384328,56.58098915384328,0.0,0.0,0.0,0.0,0.0,0.0,0.0,0.0,0.0,0.0,0.0,0.0,0.0,0.0,0.0,0.0,0.0,0.0,0.0,0.0,0.0,0.0,0.0,0.0,0.0,0.0,0.0,0.0,0.0,0.0,-3.934206167165928,-3.934206167165928,-3.934206167165928,-0.6149328996018788,-0.6149328996018788,-0.6149328996018788,-0.7068076770475029,-0.7068076770475029,-0.7068076770475029,2.6505307231312583,2.6505307231312583,2.6505307231312583,2.3492030437238647,2.3492030437238647,2.3492030437238647,0.0,0.0,0.0,0.29204197276758276,0.29204197276758276,0.29204197276758276,-0.2475434596664947,-0.2475434596664947,-0.2475434596664947,-1.079154267958156,-1.079154267958156,-1.079154267958156,1.197798736685797,1.197798736685797,1.197798736685797,2.8010464519889715,2.8010464519889715,2.8010464519889715,0.8449923746261673,0.8449923746261673,0.8449923746261673,-8.77085044268428,-8.77085044268428,-8.77085044268428,0.0,0.0,0.0,52.64678298667735
622,2018-04-09 16:00:00,56.58065873567514,44.303212272902314,64.80910408749823,56.58065873567514,56.58065873567514,0.0,0.0,0.0,0.0,0.0,0.0,0.0,0.0,0.0,0.0,0.0,0.0,0.0,0.0,0.0,0.0,0.0,0.0,0.0,0.0,0.0,0.0,0.0,0.0,0.0,0.0,0.0,0.0,0.0,0.0,-2.122477917812735,-2.122477917812735,-2.122477917812735,1.1327972886654722,1.1327972886654722,1.1327972886654722,-0.9079553860852871,-0.9079553860852871,-0.9079553860852871,2.3882722501323754,2.3882722501323754,2.3882722501323754,2.428323825938182,2.428323825938182,2.428323825938182,0.0,0.0,0.0,0.389344015512504,0.389344015512504,0.389344015512504,-0.22044422129343558,-0.22044422129343558,-0.22044422129343558,-0.7616287121893608,-0.7616287121893608,-0.7616287121893608,1.0537482291749416,1.0537482291749416,1.0537482291749416,3.122750489716281,3.122750489716281,3.122750489716281,0.4068844990748309,0.4068844990748309,0.4068844990748309,-8.766297946326864,-8.766297946326864,-8.766297946326864,0.0,0.0,0.0,54.4581808178624
623,2018-04-09 17:00:00,56.580328317507,47.940812971255795,68.58130007806477,56.580328317507,56.580328317507,0.0,0.0,0.0,0.0,0.0,0.0,0.0,0.0,0.0,0.0,0.0,0.0,0.0,0.0,0.0,0.0,0.0,0.0,0.0,0.0,0.0,0.0,0.0,0.0,0.0,0.0,0.0,0.0,0.0,0.0,1.6435447342292486,1.6435447342292486,1.6435447342292486,3.930703128859856,3.930703128859856,3.930703128859856,-1.109103095123072,-1.109103095123072,-1.109103095123072,3.0557719413638678,3.0557719413638678,3.0557719413638678,2.6924090857793486,2.6924090857793486,2.6924090857793486,0.0,0.0,0.0,0.4866460582574253,0.4866460582574253,0.4866460582574253,0.07813131578116263,0.07813131578116263,0.07813131578116263,-0.22148537696282894,-0.22148537696282894,-0.22148537696282894,0.9156045546440285,0.9156045546440285,0.9156045546440285,3.418758459499831,3.418758459499831,3.418758459499831,0.21356939898780364,0.21356939898780364,0.21356939898780364,-8.761688795494306,-8.761688795494306,-8.761688795494306,0.0,0.0,0.0,58.223873051736255
624,2018-04-09 18:00:00,56.56382341369248,51.0765572431513,71.93407616453831,56.56382341369248,56.56382341369248,0.0,0.0,0.0,0.0,0.0,0.0,0.0,0.0,0.0,0.0,0.0,0.0,0.0,0.0,0.0,0.0,0.0,0.0,0.0,0.0,0.0,0.0,0.0,0.0,0.0,0.0,0.0,0.0,0.0,0.0,4.841904463594941,4.841904463594941,4.841904463594941,6.207281103951251,6.207281103951251,6.207281103951251,-1.200412563463754,-1.200412563463754,-1.200412563463754,3.6753970948605224,3.6753970948605224,3.6753970948605224,2.6957446484459666,2.6957446484459666,2.6957446484459666,0.0,0.0,0.0,0.48648711233338515,0.48648711233338515,0.48648711233338515,0.19705389849791222,0.19705389849791222,0.19705389849791222,0.3038124851361013,0.3038124851361013,0.3038124851361013,1.0361663500892269,1.0361663500892269,1.0361663500892269,3.596390043765707,3.596390043765707,3.596390043765707,0.1565451638216841,0.1565451638216841,0.1565451638216841,-8.63716377898254,-8.63716377898254,-8.63716377898254,0.0,0.0,0.0,61.405727877287426
625,2018-04-09 19:00:00,56.56348536401277,52.54080011801874,72.05762885115718,56.56348536401277,56.56348536401277,0.0,0.0,0.0,0.0,0.0,0.0,0.0,0.0,0.0,0.0,0.0,0.0,0.0,0.0,0.0,0.0,0.0,0.0,0.0,0.0,0.0,0.0,0.0,0.0,0.0,0.0,0.0,0.0,0.0,0.0,5.4920262301429865,5.4920262301429865,5.4920262301429865,6.5056132683761465,6.5056132683761465,6.5056132683761465,-1.384571215342817,-1.384571215342817,-1.384571215342817,3.795764976664446,3.795764976664446,3.795764976664446,2.714521588021048,2.714521588021048,2.714521588021048,0.0,0.0,0.0,0.5675494514940559,0.5675494514940559,0.5675494514940559,0.1476440915486153,0.1476440915486153,0.1476440915486153,0.45279965657975185,0.45279965657975185,0.45279965657975185,1.2134318921086769,1.2134318921086769,1.2134318921086769,3.823063651595894,3.823063651595894,3.823063651595894,0.08438951225511489,0.08438951225511489,0.08438951225511489,-8.632415666493499,-8.632415666493499,-8.632415666493499,0.0,0.0,0.0,62.05551159415576
626,2018-04-09 20:00:00,56.563147314333065,48.34228686179049,68.19704931493793,56.563147314333065,56.563147314333065,0.0,0.0,0.0,0.0,0.0,0.0,0.0,0.0,0.0,0.0,0.0,0.0,0.0,0.0,0.0,0.0,0.0,0.0,0.0,0.0,0.0,0.0,0.0,0.0,0.0,0.0,0.0,0.0,0.0,0.0,1.7528811852988526,1.7528811852988526,1.7528811852988526,4.6738439712818485,4.6738439712818485,4.6738439712818485,-1.5687298672218801,-1.5687298672218801,-1.5687298672218801,1.683428437153933,1.683428437153933,1.683428437153933,1.8558572161011408,1.8558572161011408,1.8558572161011408,0.0,0.0,0.0,0.6486117906547266,0.6486117906547266,0.6486117906547266,-0.3847223578364565,-0.3847223578364565,-0.3847223578364565,0.4723912418154612,0.4723912418154612,0.4723912418154612,0.6763132058973181,0.6763132058973181,0.6763132058973181,4.023222004426143,4.023222004426143,4.023222004426143,-0.016292792256377045,-0.016292792256377045,-0.016292792256377045,-8.627613227563073,-8.627613227563073,-8.627613227563073,0.0,0.0,0.0,58.31602849963192
627,2018-04-09 21:00:00,56.56280926465335,43.15398431800214,64.03746033592478,56.56280926465335,56.56280926465335,0.0,0.0,0.0,0.0,0.0,0.0,0.0,0.0,0.0,0.0,0.0,0.0,0.0,0.0,0.0,0.0,0.0,0.0,0.0,0.0,0.0,0.0,0.0,0.0,0.0,0.0,0.0,0.0,0.0,0.0,-2.7751968299634466,-2.7751968299634466,-2.7751968299634466,1.6400775629100206,1.6400775629100206,1.6400775629100206,-1.752888519100943,-1.752888519100943,-1.752888519100943,0.010552308981751966,0.010552308981751966,0.010552308981751966,1.2189637251085388,1.2189637251085388,1.2189637251085388,0.0,0.0,0.0,0.7296741298153973,0.7296741298153973,0.7296741298153973,-0.7872669615116108,-0.7872669615116108,-0.7872669615116108,0.4760361879058257,0.4760361879058257,0.4760361879058257,0.16805646128496904,0.16805646128496904,0.16805646128496904,4.19692981849974,4.19692981849974,4.19692981849974,-0.042022714520424984,-0.042022714520424984,-0.042022714520424984,-8.622756520354958,-8.622756520354958,-8.622756520354958,0.0,0.0,0.0,53.787612434689905
628,2018-04-09 22:00:00,56.56247121497364,39.585847574696786,60.171967236337174,56.56247121497364,56.56247121497364,0.0,0.0,0.0,0.0,0.0,0.0,0.0,0.0,0.0,0.0,0.0,0.0,0.0,0.0,0.0,0.0,0.0,0.0,0.0,0.0,0.0,0.0,0.0,0.0,0.0,0.0,0.0,0.0,0.0,0.0,-6.842387086444611,-6.842387086444611,-6.842387086444611,-1.3692223680796776,-1.3692223680796776,-1.3692223680796776,-1.9370471709800057,-1.9370471709800057,-1.9370471709800057,-1.1997914807624075,-1.1997914807624075,-1.1997914807624075,0.01774707715675445,0.01774707715675445,0.01774707715675445,0.0,0.0,0.0,0.810736468976068,0.810736468976068,0.810736468976068,-0.9640765648105654,-0.9640765648105654,-0.9640765648105654,0.45279965657975185,0.45279965657975185,0.45279965657975185,-0.618584968253999,-0.618584968253999,-0.618584968253999,4.344472367705421,4.344472367705421,4.344472367705421,1.0386340205695885,1.0386340205695885,1.0386340205695885,-8.617845605307949,-8.617845605307949,-8.617845605307949,0.0,0.0,0.0,49.72008412852903
629,2018-04-09 23:00:00,56.56213316529393,37.25006417557322,57.49520004418624,56.56213316529393,56.56213316529393,0.0,0.0,0.0,0.0,0.0,0.0,0.0,0.0,0.0,0.0,0.0,0.0,0.0,0.0,0.0,0.0,0.0,0.0,0.0,0.0,0.0,0.0,0.0,0.0,0.0,0.0,0.0,0.0,0.0,0.0,-9.282266389548415,-9.282266389548415,-9.282266389548415,-3.7061508423043525,-3.7061508423043525,-3.7061508423043525,-2.121205822859069,-2.121205822859069,-2.121205822859069,-1.4295816017116119,-1.4295816017116119,-1.4295816017116119,-0.16799237918053034,-0.16799237918053034,-0.16799237918053034,0.0,0.0,0.0,0.8917988081367387,0.8917988081367387,0.8917988081367387,-0.9582636463459423,-0.9582636463459423,-0.9582636463459423,0.5206867775127914,0.5206867775127914,0.5206867775127914,-0.8771142749174694,-0.8771142749174694,-0.8771142749174694,4.466346599600816,4.466346599600816,4.466346599600816,1.2825089359418689,1.2825089359418689,1.2825089359418689,-8.612880545133267,-8.612880545133267,-8.612880545133267,0.0,0.0,0.0,47.27986677574552
630,2018-04-10 00:00:00,56.56179511561422,33.982991286358896,54.233461935027314,56.56179511561422,56.56179511561422,0.0,0.0,0.0,0.0,0.0,0.0,0.0,0.0,0.0,0.0,0.0,0.0,0.0,0.0,0.0,0.0,0.0,0.0,0.0,0.0,0.0,0.0,0.0,0.0,0.0,0.0,0.0,0.0,0.0,0.0,-12.286797482197363,-12.286797482197363,-12.286797482197363,-5.462279312017254,-5.462279312017254,-5.462279312017254,-2.305364474738131,-2.305364474738131,-2.305364474738131,-2.7799069670117333,-2.7799069670117333,-2.7799069670117333,-0.2994309562060953,-0.2994309562060953,-0.2994309562060953,0.0,0.0,0.0,0.00011307736936095309,0.00011307736936095309,0.00011307736936095309,-1.1224785929715466,-1.1224785929715466,-1.1224785929715466,0.5981418819330377,0.5981418819330377,0.5981418819330377,-1.0525375653454931,-1.0525375653454931,-1.0525375653454931,4.563250201647304,4.563250201647304,4.563250201647304,1.4016496629471344,1.4016496629471344,1.4016496629471344,-8.607861404815678,-8.607861404815678,-8.607861404815678,0.0,0.0,0.0,44.27499763341685
631,2018-04-10 01:00:00,56.56145706593451,32.51556868196894,52.65017272308818,56.56145706593451,56.56145706593451,0.0,0.0,0.0,0.0,0.0,0.0,0.0,0.0,0.0,0.0,0.0,0.0,0.0,0.0,0.0,0.0,0.0,0.0,0.0,0.0,0.0,0.0,0.0,0.0,0.0,0.0,0.0,0.0,0.0,0.0,-14.47103463790657,-14.47103463790657,-14.47103463790657,-6.9028878807392235,-6.9028878807392235,-6.9028878807392235,-2.305364474738131,-2.305364474738131,-2.305364474738131,-3.6014272754965115,-3.6014272754965115,-3.6014272754965115,-0.38316595701388756,-0.38316595701388756,-0.38316595701388756,0.0,0.0,0.0,-0.8915726533980168,-0.8915726533980168,-0.8915726533980168,-1.141854987853624,-1.141854987853624,-1.141854987853624,0.6373250524044566,0.6373250524044566,0.6373250524044566,-1.1002314121013037,-1.1002314121013037,-1.1002314121013037,4.636068769946475,4.636068769946475,4.636068769946475,1.5834371572039947,1.5834371572039947,1.5834371572039947,-8.602788251617309,-8.602788251617309,-8.602788251617309,0.0,0.0,0.0,42.09042242802794
632,2018-04-10 02:00:00,56.5611190162548,30.88996169306652,51.47950137265525,56.5611190162548,56.5611190162548,0.0,0.0,0.0,0.0,0.0,0.0,0.0,0.0,0.0,0.0,0.0,0.0,0.0,0.0,0.0,0.0,0.0,0.0,0.0,0.0,0.0,0.0,0.0,0.0,0.0,0.0,0.0,0.0,0.0,0.0,-15.212147835852209,-15.212147835852209,-15.212147835852209,-7.85682924856577,-7.85682924856577,-7.85682924856577,-2.305364474738131,-2.305364474738131,-2.305364474738131,-3.443518684664621,-3.443518684664621,-3.443518684664621,-0.3532243506644345,-0.3532243506644345,-0.3532243506644345,0.0,0.0,0.0,-0.8105103142373461,-0.8105103142373461,-0.8105103142373461,-1.1496055458064547,-1.1496055458064547,-1.1496055458064547,0.6441593263238901,0.6441593263238901,0.6441593263238901,-1.1368717493085572,-1.1368717493085572,-1.1368717493085572,4.685861252453435,4.685861252453435,4.685861252453435,1.667898423766413,1.667898423766413,1.667898423766413,-8.597661155075254,-8.597661155075254,-8.597661155075254,0.0,0.0,0.0,41.34897118040259
633,2018-04-10 03:00:00,56.56078096657509,32.10977015288842,52.57257642956537,56.56078096657509,56.56078096657509,0.0,0.0,0.0,0.0,0.0,0.0,0.0,0.0,0.0,0.0,0.0,0.0,0.0,0.0,0.0,0.0,0.0,0.0,0.0,0.0,0.0,0.0,0.0,0.0,0.0,0.0,0.0,0.0,0.0,0.0,-14.286937406606523,-14.286937406606523,-14.286937406606523,-7.723624750136383,-7.723624750136383,-7.723624750136383,-2.305364474738131,-2.305364474738131,-2.305364474738131,-2.684676326809796,-2.684676326809796,-2.684676326809796,0.037031501585215704,0.037031501585215704,0.037031501585215704,0.0,0.0,0.0,-0.7294479750766755,-0.7294479750766755,-0.7294479750766755,-1.0260810284332125,-1.0260810284332125,-1.0260810284332125,0.6441593263238901,0.6441593263238901,0.6441593263238901,-1.0791478661105378,-1.0791478661105378,-1.0791478661105378,4.713843857345064,4.713843857345064,4.713843857345064,1.7741741896396546,1.7741741896396546,1.7741741896396546,-8.592480187005407,-8.592480187005407,-8.592480187005407,0.0,0.0,0.0,42.27384355996857
634,2018-04-10 04:00:00,56.560442916895376,36.03774467979321,56.31471178328766,56.560442916895376,56.560442916895376,0.0,0.0,0.0,0.0,0.0,0.0,0.0,0.0,0.0,0.0,0.0,0.0,0.0,0.0,0.0,0.0,0.0,0.0,0.0,0.0,0.0,0.0,0.0,0.0,0.0,0.0,0.0,0.0,0.0,0.0,-10.29301053956052,-10.29301053956052,-10.29301053956052,-6.0822020191507935,-6.0822020191507935,-6.0822020191507935,-2.305364474738131,-2.305364474738131,-2.305364474738131,-0.34493573162602387,-0.34493573162602387,-0.34493573162602387,1.1834397853718996,1.1834397853718996,1.1834397853718996,0.0,0.0,0.0,-0.6483856359160046,-0.6483856359160046,-0.6483856359160046,-0.45108651030757085,-0.45108651030757085,-0.45108651030757085,0.6446149445851855,0.6446149445851855,0.6446149445851855,-0.6374168734107997,-0.6374168734107997,-0.6374168734107997,4.721372632715854,4.721372632715854,4.721372632715854,1.8692630327893969,1.8692630327893969,1.8692630327893969,-8.587245421499555,-8.587245421499555,-8.587245421499555,0.0,0.0,0.0,46.267432377334856
635,2018-04-10 05:00:00,56.56010486721567,41.58012402250465,62.81519803222163,56.56010486721567,56.56010486721567,0.0,0.0,0.0,0.0,0.0,0.0,0.0,0.0,0.0,0.0,0.0,0.0,0.0,0.0,0.0,0.0,0.0,0.0,0.0,0.0,0.0,0.0,0.0,0.0,0.0,0.0,0.0,0.0,0.0,0.0,-4.524396085759899,-4.524396085759899,-4.524396085759899,-3.2536296287532736,-3.2536296287532736,-3.2536296287532736,-2.305364474738131,-2.305364474738131,-2.305364474738131,2.60126554062944,2.60126554062944,2.60126554062944,2.649563526788336,2.649563526788336,2.649563526788336,0.0,0.0,0.0,-0.567323296755334,-0.567323296755334,-0.567323296755334,0.1268144670503823,0.1268144670503823,0.1268144670503823,0.6423368532787077,0.6423368532787077,0.6423368532787077,0.09088658906634012,0.09088658906634012,0.09088658906634012,4.709924937295533,4.709924937295533,4.709924937295533,1.9643518759391392,1.9643518759391392,1.9643518759391392,-8.581956934931597,-8.581956934931597,-8.581956934931597,0.0,0.0,0.0,52.035708781455774
636,2018-04-10 06:00:00,56.55976681753596,46.424824322462214,66.1531321573472,56.55976681753596,56.55976681753596,0.0,0.0,0.0,0.0,0.0,0.0,0.0,0.0,0.0,0.0,0.0,0.0,0.0,0.0,0.0,0.0,0.0,0.0,0.0,0.0,0.0,0.0,0.0,0.0,0.0,0.0,0.0,0.0,0.0,0.0,-0.2981197370576559,-0.2981197370576559,-0.2981197370576559,-0.21610452801019975,-0.21610452801019975,-0.21610452801019975,-2.305364474738131,-2.305364474738131,-2.305364474738131,3.8135195648991234,3.8135195648991234,3.8135195648991234,3.0037879544479664,3.0037879544479664,3.0037879544479664,0.0,0.0,0.0,-0.48626095759466326,-0.48626095759466326,-0.48626095759466326,0.4692922465910972,0.4692922465910972,0.4692922465910972,0.5717160227778948,0.5717160227778948,0.5717160227778948,0.3672243277802633,0.3672243277802633,0.3672243277802633,4.681080032003425,4.681080032003425,4.681080032003425,2.193124445634696,2.193124445634696,2.193124445634696,-8.576614805950005,-8.576614805950005,-8.576614805950005,0.0,0.0,0.0,56.261647080478305
637,2018-04-10 07:00:00,56.55942876785624,49.2621577180994,68.67125163010708,56.55942876785624,56.55942876785624,0.0,0.0,0.0,0.0,0.0,0.0,0.0,0.0,0.0,0.0,0.0,0.0,0.0,0.0,0.0,0.0,0.0,0.0,0.0,0.0,0.0,0.0,0.0,0.0,0.0,0.0,0.0,0.0,0.0,0.0,2.279097059609696,2.279097059609696,2.279097059609696,2.0704935377236304,2.0704935377236304,2.0704935377236304,-2.305364474738131,-2.305364474738131,-2.305364474738131,4.143323607322162,4.143323607322162,4.143323607322162,3.149436107368187,3.149436107368187,3.149436107368187,0.0,0.0,0.0,-0.4051986184339925,-0.4051986184339925,-0.4051986184339925,0.623818995775663,0.623818995775663,0.623818995775663,0.05823424229779063,0.05823424229779063,0.05823424229779063,0.5725330329136448,0.5725330329136448,0.5725330329136448,4.636499030049636,4.636499030049636,4.636499030049636,2.449864322139,2.449864322139,2.449864322139,-8.571219115485732,-8.571219115485732,-8.571219115485732,0.0,0.0,0.0,58.838525827465936
638,2018-04-10 08:00:00,56.559090718176535,49.553154836179246,68.84285146405873,56.559090718176535,56.559090718176535,0.0,0.0,0.0,0.0,0.0,0.0,0.0,0.0,0.0,0.0,0.0,0.0,0.0,0.0,0.0,0.0,0.0,0.0,0.0,0.0,0.0,0.0,0.0,0.0,0.0,0.0,0.0,0.0,0.0,0.0,2.853820493852753,2.853820493852753,2.853820493852753,3.2825497206134813,3.2825497206134813,3.2825497206134813,-2.305364474738131,-2.305364474738131,-2.305364474738131,3.5591362722735225,3.5591362722735225,3.5591362722735225,3.1337040769133897,3.1337040769133897,3.1337040769133897,0.0,0.0,0.0,-0.3241362792733219,-0.3241362792733219,-0.3241362792733219,0.5710183197220026,0.5710183197220026,0.5710183197220026,-0.8252095663543141,-0.8252095663543141,-0.8252095663543141,0.6746756489271615,0.6746756489271615,0.6746756489271615,4.577904447715849,4.577904447715849,4.577904447715849,2.6344485470767354,2.6344485470767354,2.6344485470767354,-8.565769946750098,-8.565769946750098,-8.565769946750098,0.0,0.0,0.0,59.412911212029286
639,2018-04-10 09:00:00,56.55875266849683,48.092754584961334,68.25023222036445,56.55875266849683,56.55875266849683,0.0,0.0,0.0,0.0,0.0,0.0,0.0,0.0,0.0,0.0,0.0,0.0,0.0,0.0,0.0,0.0,0.0,0.0,0.0,0.0,0.0,0.0,0.0,0.0,0.0,0.0,0.0,0.0,0.0,0.0,1.7912435281754562,1.7912435281754562,1.7912435281754562,3.722523461058055,3.722523461058055,3.722523461058055,-2.305364474738131,-2.305364474738131,-2.305364474738131,2.121927852537995,2.121927852537995,2.121927852537995,2.967756529857947,2.967756529857947,2.967756529857947,0.0,0.0,0.0,-0.24307394011265115,-0.24307394011265115,-0.24307394011265115,-0.1740040634938666,-0.1740040634938666,-0.1740040634938666,-1.4785661530521574,-1.4785661530521574,-1.4785661530521574,0.7688351747111649,0.7688351747111649,0.7688351747111649,4.50705959981077,4.50705959981077,4.50705959981077,2.5863447793656897,2.5863447793656897,2.5863447793656897,-8.560267385231363,-8.560267385231363,-8.560267385231363,0.0,0.0,0.0,58.349996196672286
640,2018-04-10 10:00:00,56.55841461881712,46.77878420488905,67.64630842718293,56.55841461881712,56.55841461881712,0.0,0.0,0.0,0.0,0.0,0.0,0.0,0.0,0.0,0.0,0.0,0.0,0.0,0.0,0.0,0.0,0.0,0.0,0.0,0.0,0.0,0.0,0.0,0.0,0.0,0.0,0.0,0.0,0.0,0.0,0.9761238440936094,0.9761238440936094,0.9761238440936094,3.76563827259079,3.76563827259079,3.76563827259079,-2.305364474738131,-2.305364474738131,-2.305364474738131,1.3394490077936958,1.3394490077936958,1.3394490077936958,2.774404800719954,2.774404800719954,2.774404800719954,0.0,0.0,0.0,-0.16201160095198044,-0.16201160095198044,-0.16201160095198044,-0.6540542466973298,-0.6540542466973298,-0.6540542466973298,-1.6512454740831775,-1.6512454740831775,-1.6512454740831775,0.8783467970903864,0.8783467970903864,0.8783467970903864,4.425748082410223,4.425748082410223,4.425748082410223,2.459373206453974,2.459373206453974,2.459373206453974,-8.5547115187011,-8.5547115187011,-8.5547115187011,0.0,0.0,0.0,57.534538462910724
641,2018-04-10 11:00:00,56.558076569137405,47.379123018771494,66.93682167774081,56.558076569137405,56.558076569137405,0.0,0.0,0.0,0.0,0.0,0.0,0.0,0.0,0.0,0.0,0.0,0.0,0.0,0.0,0.0,0.0,0.0,0.0,0.0,0.0,0.0,0.0,0.0,0.0,0.0,0.0,0.0,0.0,0.0,0.0,0.20077102219968254,0.20077102219968254,0.20077102219968254,3.400946372360859,3.400946372360859,3.400946372360859,-2.305364474738131,-2.305364474738131,-2.305364474738131,1.0131735057415048,1.0131735057415048,1.0131735057415048,2.605919829397608,2.605919829397608,2.605919829397608,0.0,0.0,0.0,-0.08094926179130975,-0.08094926179130975,-0.08094926179130975,-0.7330130558417945,-0.7330130558417945,-0.7330130558417945,-1.7009078645643942,-1.7009078645643942,-1.7009078645643942,0.879984354060543,0.879984354060543,0.879984354060543,4.335753581306674,4.335753581306674,4.335753581306674,2.3475039792189833,2.3475039792189833,2.3475039792189833,-8.549102437209356,-8.549102437209356,-8.549102437209356,0.0,0.0,0.0,56.75884759133709
642,2018-04-10 12:00:00,56.55773851945769,44.530032803240296,64.93267780956661,56.55773851945769,56.55773851945769,0.0,0.0,0.0,0.0,0.0,0.0,0.0,0.0,0.0,0.0,0.0,0.0,0.0,0.0,0.0,0.0,0.0,0.0,0.0,0.0,0.0,0.0,0.0,0.0,0.0,0.0,0.0,0.0,0.0,0.0,-1.5932624352804643,-1.5932624352804643,-1.5932624352804643,2.379404048031071,2.379404048031071,2.379404048031071,-2.305364474738131,-2.305364474738131,-2.305364474738131,0.33193351239764113,0.33193351239764113,0.33193351239764113,2.4379423429286424,2.4379423429286424,2.4379423429286424,0.0,0.0,0.0,0.00011307736936095309,0.00011307736936095309,0.00011307736936095309,-1.0793661143589248,-1.0793661143589248,-1.0793661143589248,-1.7009078645643942,-1.7009078645643942,-1.7009078645643942,0.7147957946959979,0.7147957946959979,0.7147957946959979,4.238840237376247,4.238840237376247,4.238840237376247,2.26472075106509,2.26472075106509,2.26472075106509,-8.543440233085423,-8.543440233085423,-8.543440233085423,0.0,0.0,0.0,54.96447608417723
643,2018-04-10 13:00:00,56.55740046977799,43.82149818322781,63.0610581983711,56.55740046977799,56.55740046977799,0.0,0.0,0.0,0.0,0.0,0.0,0.0,0.0,0.0,0.0,0.0,0.0,0.0,0.0,0.0,0.0,0.0,0.0,0.0,0.0,0.0,0.0,0.0,0.0,0.0,0.0,0.0,0.0,0.0,0.0,-3.4862146673954584,-3.4862146673954584,-3.4862146673954584,0.803883597996852,0.803883597996852,0.803883597996852,-2.305364474738131,-2.305364474738131,-2.305364474738131,0.11089294508526175,0.11089294508526175,0.11089294508526175,2.280114553527289,2.280114553527289,2.280114553527289,0.0,0.0,0.0,0.08117541653003166,0.08117541653003166,0.08117541653003166,-1.1273226916920662,-1.1273226916920662,-1.1273226916920662,-1.6403106358120836,-1.6403106358120836,-1.6403106358120836,0.6194081011843768,0.6194081011843768,0.6194081011843768,4.136733790462462,4.136733790462462,4.136733790462462,2.203192676085845,2.203192676085845,2.203192676085845,-8.537725000940036,-8.537725000940036,-8.537725000940036,0.0,0.0,0.0,53.07118580238253
644,2018-04-10 14:00:00,56.55706242009827,42.09562506776033,62.89379795635586,56.55706242009827,56.55706242009827,0.0,0.0,0.0,0.0,0.0,0.0,0.0,0.0,0.0,0.0,0.0,0.0,0.0,0.0,0.0,0.0,0.0,0.0,0.0,0.0,0.0,0.0,0.0,0.0,0.0,0.0,0.0,0.0,0.0,0.0,-4.352663350798741,-4.352663350798741,-4.352663350798741,-0.5307632318493881,-0.5307632318493881,-0.5307632318493881,-2.305364474738131,-2.305364474738131,-2.305364474738131,0.6789530082532159,0.6789530082532159,0.6789530082532159,2.711984163754145,2.711984163754145,2.711984163754145,0.0,0.0,0.0,0.16223775569070237,0.16223775569070237,0.16223775569070237,-1.0982580993689501,-1.0982580993689501,-1.0982580993689501,-1.5122819043880296,-1.5122819043880296,-1.5122819043880296,0.6175658495929508,0.6175658495929508,0.6175658495929508,4.03110371046017,4.03110371046017,4.03110371046017,2.1030697177105284,2.1030697177105284,2.1030697177105284,-8.53195683766274,-8.53195683766274,-8.53195683766274,0.0,0.0,0.0,52.20439906929953
645,2018-04-10 15:00:00,56.556724370418564,44.06085890775383,62.814718883270224,56.556724370418564,56.556724370418564,0.0,0.0,0.0,0.0,0.0,0.0,0.0,0.0,0.0,0.0,0.0,0.0,0.0,0.0,0.0,0.0,0.0,0.0,0.0,0.0,0.0,0.0,0.0,0.0,0.0,0.0,0.0,0.0,0.0,0.0,-3.220537960985393,-3.220537960985393,-3.220537960985393,-0.5472775858818342,-0.5472775858818342,-0.5472775858818342,-2.305364474738131,-2.305364474738131,-2.305364474738131,1.929328957667905,1.929328957667905,1.929328957667905,3.5315722019637485,3.5315722019637485,3.5315722019637485,0.0,0.0,0.0,0.24330009485137305,0.24330009485137305,0.24330009485137305,-0.8168159637067786,-0.8168159637067786,-0.8168159637067786,-1.2585025328463983,-1.2585025328463983,-1.2585025328463983,0.6261630236862727,0.6261630236862727,0.6261630236862727,3.923546509648793,3.923546509648793,3.923546509648793,1.9089766084578186,1.9089766084578186,1.9089766084578186,-8.526135842420258,-8.526135842420258,-8.526135842420258,0.0,0.0,0.0,53.33618640943317
646,2018-04-10 16:00:00,56.55638632073886,46.23175650729644,65.61743502304977,56.55638632073886,56.55638632073886,0.0,0.0,0.0,0.0,0.0,0.0,0.0,0.0,0.0,0.0,0.0,0.0,0.0,0.0,0.0,0.0,0.0,0.0,0.0,0.0,0.0,0.0,0.0,0.0,0.0,0.0,0.0,0.0,0.0,0.0,-1.0548862740278886,-1.0548862740278886,-1.0548862740278886,1.2086835914112324,1.2086835914112324,1.2086835914112324,-2.305364474738131,-2.305364474738131,-2.305364474738131,2.4411218380967292,2.4411218380967292,2.4411218380967292,3.5889179903957515,3.5889179903957515,3.5889179903957515,0.0,0.0,0.0,0.3243624340120438,0.3243624340120438,0.3243624340120438,-0.6899005772291728,-0.6899005772291728,-0.6899005772291728,-0.7518550262857279,-0.7518550262857279,-0.7518550262857279,0.5248391861578343,0.5248391861578343,0.5248391861578343,3.815570413123154,3.815570413123154,3.815570413123154,1.7501223057841313,1.7501223057841313,1.7501223057841313,-8.520262116659005,-8.520262116659005,-8.520262116659005,0.0,0.0,0.0,55.50150004671097
647,2018-04-10 17:00:00,56.55604827105914,49.54192685284284,68.4803996762466,56.55604827105914,56.55604827105914,0.0,0.0,0.0,0.0,0.0,0.0,0.0,0.0,0.0,0.0,0.0,0.0,0.0,0.0,0.0,0.0,0.0,0.0,0.0,0.0,0.0,0.0,0.0,0.0,0.0,0.0,0.0,0.0,0.0,0.0,2.7590359969115097,2.7590359969115097,2.7590359969115097,3.990032887116178,3.990032887116178,3.990032887116178,-2.305364474738131,-2.305364474738131,-2.305364474738131,3.574757329310324,3.574757329310324,3.574757329310324,3.5899329601025127,3.5899329601025127,3.5899329601025127,0.0,0.0,0.0,0.40542477317271447,0.40542477317271447,0.40542477317271447,-0.26749516879988916,-0.26749516879988916,-0.26749516879988916,0.055500532730017225,0.055500532730017225,0.055500532730017225,0.5127622035029296,0.5127622035029296,0.5127622035029296,3.7085815445891708,3.7085815445891708,3.7085815445891708,1.5839965033401697,1.5839965033401697,1.5839965033401697,-8.514335764104164,-8.514335764104164,-8.514335764104164,0.0,0.0,0.0,59.31508426797065
648,2018-04-10 18:00:00,56.697011266776556,52.53387654110617,72.71885364843737,56.697011266776556,56.697011266776556,0.0,0.0,0.0,0.0,0.0,0.0,0.0,0.0,0.0,0.0,0.0,0.0,0.0,0.0,0.0,0.0,0.0,0.0,0.0,0.0,0.0,0.0,0.0,0.0,0.0,0.0,0.0,0.0,0.0,0.0,6.515234666186589,6.515234666186589,6.515234666186589,6.074452639959927,6.074452639959927,6.074452639959927,-2.3029081326358236,-2.3029081326358236,-2.3029081326358236,5.381014076614207,5.381014076614207,5.381014076614207,3.777537186330756,3.777537186330756,3.777537186330756,0.0,0.0,0.0,0.6562702764285593,0.6562702764285593,0.6562702764285593,0.6510016935121122,0.6510016935121122,0.6510016935121122,0.33318979282044286,0.33318979282044286,0.33318979282044286,0.8387156344233961,0.8387156344233961,0.8387156344233961,3.6034888867118307,3.6034888867118307,3.6034888867118307,1.4272076257347643,1.4272076257347643,1.4272076257347643,-8.543720937099376,-8.543720937099376,-8.543720937099376,0.0,0.0,0.0,63.21224593296314
649,2018-04-10 19:00:00,56.69670071022645,52.025149624121916,71.68893219035508,56.69670071022645,56.69670071022645,0.0,0.0,0.0,0.0,0.0,0.0,0.0,0.0,0.0,0.0,0.0,0.0,0.0,0.0,0.0,0.0,0.0,0.0,0.0,0.0,0.0,0.0,0.0,0.0,0.0,0.0,0.0,0.0,0.0,0.0,5.269968532125228,5.269968532125228,5.269968532125228,6.358283663001214,6.358283663001214,6.358283663001214,-2.3029081326358236,-2.3029081326358236,-2.3029081326358236,3.9468446047393893,3.9468446047393893,3.9468446047393893,3.4933435572916944,3.4933435572916944,3.4933435572916944,0.0,0.0,0.0,0.7656232535598065,0.7656232535598065,0.7656232535598065,-0.34580158737200756,-0.34580158737200756,-0.34580158737200756,0.35571985607498896,0.35571985607498896,0.35571985607498896,0.6501809228957528,0.6501809228957528,0.6501809228957528,3.502414917810292,3.502414917810292,3.502414917810292,1.3306867349249774,1.3306867349249774,1.3306867349249774,-8.537574653425667,-8.537574653425667,-8.537574653425667,0.0,0.0,0.0,61.96666924235168
650,2018-04-10 20:00:00,56.69639015367635,47.87441410660153,67.89754030694417,56.69639015367635,56.69639015367635,0.0,0.0,0.0,0.0,0.0,0.0,0.0,0.0,0.0,0.0,0.0,0.0,0.0,0.0,0.0,0.0,0.0,0.0,0.0,0.0,0.0,0.0,0.0,0.0,0.0,0.0,0.0,0.0,0.0,0.0,0.9103301096011895,0.9103301096011895,0.9103301096011895,4.458025842212189,4.458025842212189,4.458025842212189,-2.3029081326358236,-2.3029081326358236,-2.3029081326358236,1.5778657917247383,1.5778657917247383,1.5778657917247383,1.6418746925520311,1.6418746925520311,1.6418746925520311,0.0,0.0,0.0,0.8749762306910537,0.8749762306910537,0.8749762306910537,-0.395739669223766,-0.395739669223766,-0.395739669223766,0.3561616220211565,0.3561616220211565,0.3561616220211565,0.08268576813701925,0.08268576813701925,0.08268576813701925,3.405814141202714,3.405814141202714,3.405814141202714,1.3208152801830675,1.3208152801830675,1.3208152801830675,-8.531375665538452,-8.531375665538452,-8.531375665538452,0.0,0.0,0.0,57.60672026327754
651,2018-04-10 21:00:00,56.69607959712625,42.89085347798471,63.021046894654475,56.69607959712625,56.69607959712625,0.0,0.0,0.0,0.0,0.0,0.0,0.0,0.0,0.0,0.0,0.0,0.0,0.0,0.0,0.0,0.0,0.0,0.0,0.0,0.0,0.0,0.0,0.0,0.0,0.0,0.0,0.0,0.0,0.0,0.0,-3.676382333482028,-3.676382333482028,-3.676382333482028,1.3402755475947592,1.3402755475947592,1.3402755475947592,-2.3029081326358236,-2.3029081326358236,-2.3029081326358236,0.1938868233591663,0.1938868233591663,0.1938868233591663,0.7598218735344998,0.7598218735344998,0.7598218735344998,0.0,0.0,0.0,0.9843292078223008,0.9843292078223008,0.9843292078223008,-0.611648434876957,-0.611648434876957,-0.611648434876957,0.4078482377227621,0.4078482377227621,0.4078482377227621,-0.33749891492659484,-0.33749891492659484,-0.33749891492659484,3.314579385080414,3.314579385080414,3.314579385080414,1.293942986718979,1.293942986718979,1.293942986718979,-8.525124089516368,-8.525124089516368,-8.525124089516368,0.0,0.0,0.0,53.01969726364422
652,2018-04-10 22:00:00,56.69576904057615,40.870115088618945,59.92257520745796,56.69576904057615,56.69576904057615,0.0,0.0,0.0,0.0,0.0,0.0,0.0,0.0,0.0,0.0,0.0,0.0,0.0,0.0,0.0,0.0,0.0,0.0,0.0,0.0,0.0,0.0,0.0,0.0,0.0,0.0,0.0,0.0,0.0,0.0,-6.151394823656262,-6.151394823656262,-6.151394823656262,-1.6890847155604103,-1.6890847155604103,-1.6890847155604103,-2.3029081326358236,-2.3029081326358236,-2.3029081326358236,0.8270508299178775,0.8270508299178775,0.8270508299178775,0.7135088376910972,0.7135088376910972,0.7135088376910972,0.0,0.0,0.0,1.093682184953548,1.093682184953548,1.093682184953548,-0.6767637768993479,-0.6767637768993479,-0.6767637768993479,0.6313818064835521,0.6313818064835521,0.6313818064835521,-0.8471288523057309,-0.8471288523057309,-0.8471288523057309,3.229459105713601,3.229459105713601,3.229459105713601,2.2152787626305823,2.2152787626305823,2.2152787626305823,-8.51882004372733,-8.51882004372733,-8.51882004372733,0.0,0.0,0.0,50.54437421691989
653,2018-04-10 23:00:00,56.69545848402604,37.76194725163277,56.92782170967675,56.69545848402604,56.69545848402604,0.0,0.0,0.0,0.0,0.0,0.0,0.0,0.0,0.0,0.0,0.0,0.0,0.0,0.0,0.0,0.0,0.0,0.0,0.0,0.0,0.0,0.0,0.0,0.0,0.0,0.0,0.0,0.0,0.0,0.0,-9.385688379644423,-9.385688379644423,-9.385688379644423,-3.9274730841153307,-3.9274730841153307,-3.9274730841153307,-2.3029081326358236,-2.3029081326358236,-2.3029081326358236,-0.09680636915853964,-0.09680636915853964,-0.09680636915853964,0.20669686590477102,0.20669686590477102,0.20669686590477102,0.0,0.0,0.0,1.2030351620847952,1.2030351620847952,1.2030351620847952,-0.7903484336602103,-0.7903484336602103,-0.7903484336602103,0.6313818064835521,0.6313818064835521,0.6313818064835521,-1.144775427977256,-1.144775427977256,-1.144775427977256,3.151054722454659,3.151054722454659,3.151054722454659,2.1001117906416322,2.1001117906416322,2.1001117906416322,-8.51246364882521,-8.51246364882521,-8.51246364882521,0.0,0.0,0.0,47.30977010438162
654,2018-04-11 00:00:00,56.69514792747595,33.99715393336864,54.247597572267445,56.69514792747595,56.69514792747595,0.0,0.0,0.0,0.0,0.0,0.0,0.0,0.0,0.0,0.0,0.0,0.0,0.0,0.0,0.0,0.0,0.0,0.0,0.0,0.0,0.0,0.0,0.0,0.0,0.0,0.0,0.0,0.0,0.0,0.0,-12.267575948404302,-12.267575948404302,-12.267575948404302,-5.489453999963933,-5.489453999963933,-5.489453999963933,-1.3823799699198953,-1.3823799699198953,-1.3823799699198953,-1.351886839086878,-1.351886839086878,-1.351886839086878,-0.31695620982461065,-0.31695620982461065,-0.31695620982461065,0.0,0.0,0.0,0.00015241364107634355,0.00015241364107634355,0.00015241364107634355,-0.9396730901777233,-0.9396730901777233,-0.9396730901777233,0.6313818064835521,0.6313818064835521,0.6313818064835521,-1.3682940127572703,-1.3682940127572703,-1.3682940127572703,3.0798199183914403,3.0798199183914403,3.0798199183914403,2.023882223467993,2.023882223467993,2.023882223467993,-8.506055027744932,-8.506055027744932,-8.506055027744932,0.0,0.0,0.0,44.42757197907165
655,2018-04-11 01:00:00,56.694837370925846,31.438627564234825,51.09311505851253,56.694837370925846,56.694837370925846,0.0,0.0,0.0,0.0,0.0,0.0,0.0,0.0,0.0,0.0,0.0,0.0,0.0,0.0,0.0,0.0,0.0,0.0,0.0,0.0,0.0,0.0,0.0,0.0,0.0,0.0,0.0,0.0,0.0,0.0,-15.23155747979964,-15.23155747979964,-15.23155747979964,-6.731055544423519,-6.731055544423519,-6.731055544423519,-1.3823799699198953,-1.3823799699198953,-1.3823799699198953,-3.0169695007952346,-3.0169695007952346,-3.0169695007952346,-0.37116351314132057,-0.37116351314132057,-0.37116351314132057,0.0,0.0,0.0,-1.2027303348026424,-1.2027303348026424,-1.2027303348026424,-1.0424867881078144,-1.0424867881078144,-1.0424867881078144,0.6313818064835521,0.6313818064835521,0.6313818064835521,-1.4913994262021004,-1.4913994262021004,-1.4913994262021004,3.0160618711272558,3.0160618711272558,3.0160618711272558,1.8418087248949857,1.8418087248949857,1.8418087248949857,-8.499594305708142,-8.499594305708142,-8.499594305708142,0.0,0.0,0.0,41.463279891126206
656,2018-04-11 02:00:00,56.69452681437574,30.025029678598493,49.97258733533104,56.69452681437574,56.69452681437574,0.0,0.0,0.0,0.0,0.0,0.0,0.0,0.0,0.0,0.0,0.0,0.0,0.0,0.0,0.0,0.0,0.0,0.0,0.0,0.0,0.0,0.0,0.0,0.0,0.0,0.0,0.0,0.0,0.0,0.0,-16.381039181711785,-16.381039181711785,-16.381039181711785,-7.572601002648813,-7.572601002648813,-7.572601002648813,-1.3823799699198953,-1.3823799699198953,-1.3823799699198953,-3.275300922625739,-3.275300922625739,-3.275300922625739,-0.5574682255113719,-0.5574682255113719,-0.5574682255113719,0.0,0.0,0.0,-1.0933773576713954,-1.0933773576713954,-1.0933773576713954,-1.0184969252574598,-1.0184969252574598,-1.0184969252574598,0.6313818064835521,0.6313818064835521,0.6313818064835521,-1.5541812960387882,-1.5541812960387882,-1.5541812960387882,2.9599443537783783,2.9599443537783783,2.9599443537783783,1.6992210452896188,1.6992210452896188,1.6992210452896188,-8.493081610215606,-8.493081610215606,-8.493081610215606,0.0,0.0,0.0,40.31348763266396
657,2018-04-11 03:00:00,56.69421625782564,30.194312098322335,50.95868891753625,56.69421625782564,56.69421625782564,0.0,0.0,0.0,0.0,0.0,0.0,0.0,0.0,0.0,0.0,0.0,0.0,0.0,0.0,0.0,0.0,0.0,0.0,0.0,0.0,0.0,0.0,0.0,0.0,0.0,0.0,0.0,0.0,0.0,0.0,-16.365823890499026,-16.365823890499026,-16.365823890499026,-7.43933871191354,-7.43933871191354,-7.43933871191354,-1.3823799699198953,-1.3823799699198953,-1.3823799699198953,-3.351460730740399,-3.351460730740399,-3.351460730740399,-0.605360114849436,-0.605360114849436,-0.605360114849436,0.0,0.0,0.0,-0.9840243805401482,-0.9840243805401482,-0.9840243805401482,-1.0214344594840337,-1.0214344594840337,-1.0214344594840337,0.6313818064835521,0.6313818064835521,0.6313818064835521,-1.541889664896063,-1.541889664896063,-1.541889664896063,2.9114926232037672,2.9114926232037672,2.9114926232037672,1.552246052465625,1.552246052465625,1.552246052465625,-8.486517071048857,-8.486517071048857,-8.486517071048857,0.0,0.0,0.0,40.328392367326614
658,2018-04-11 04:00:00,56.69390570127554,32.18371166404415,51.89249903654145,56.69390570127554,56.69390570127554,0.0,0.0,0.0,0.0,0.0,0.0,0.0,0.0,0.0,0.0,0.0,0.0,0.0,0.0,0.0,0.0,0.0,0.0,0.0,0.0,0.0,0.0,0.0,0.0,0.0,0.0,0.0,0.0,0.0,0.0,-14.801504852174467,-14.801504852174467,-14.801504852174467,-5.8608604180658315,-5.8608604180658315,-5.8608604180658315,-1.3823799699198953,-1.3823799699198953,-1.3823799699198953,-3.3313436041995352,-3.3313436041995352,-3.3313436041995352,-0.5464162510487417,-0.5464162510487417,-0.5464162510487417,0.0,0.0,0.0,-0.8746714034089009,-0.8746714034089009,-0.8746714034089009,-1.0498306236742492,-1.0498306236742492,-1.0498306236742492,0.6313818064835521,0.6313818064835521,0.6313818064835521,-1.4719219183913208,-1.4719219183913208,-1.4719219183913208,2.8705999903543025,2.8705999903543025,2.8705999903543025,1.3624947557600209,1.3624947557600209,1.3624947557600209,-8.479900820263405,-8.479900820263405,-8.479900820263405,0.0,0.0,0.0,41.89240084910107
659,2018-04-11 05:00:00,56.693595144725435,33.43777248899856,54.67581486450178,56.693595144725435,56.693595144725435,0.0,0.0,0.0,0.0,0.0,0.0,0.0,0.0,0.0,0.0,0.0,0.0,0.0,0.0,0.0,0.0,0.0,0.0,0.0,0.0,0.0,0.0,0.0,0.0,0.0,0.0,0.0,0.0,0.0,0.0,-12.220237687615581,-12.220237687615581,-12.220237687615581,-3.0854445607226393,-3.0854445607226393,-3.0854445607226393,-1.3823799699198953,-1.3823799699198953,-1.3823799699198953,-3.49859608205477,-3.49859608205477,-3.49859608205477,-0.5769407519455297,-0.5769407519455297,-0.5769407519455297,0.0,0.0,0.0,-0.7653184262776538,-0.7653184262776538,-0.7653184262776538,-1.0757788426756532,-1.0757788426756532,-1.0757788426756532,0.6296147426988818,0.6296147426988818,0.6296147426988818,-1.4034669880272217,-1.4034669880272217,-1.4034669880272217,2.8370359473557203,2.8370359473557203,2.8370359473557203,1.0756741540923014,1.0756741540923014,1.0756741540923014,-8.473232992193891,-8.473232992193891,-8.473232992193891,0.0,0.0,0.0,44.473357457109856
660,2018-04-11 06:00:00,56.69328458817534,37.73975073123441,57.462898095567745,56.69328458817534,56.69328458817534,0.0,0.0,0.0,0.0,0.0,0.0,0.0,0.0,0.0,0.0,0.0,0.0,0.0,0.0,0.0,0.0,0.0,0.0,0.0,0.0,0.0,0.0,0.0,0.0,0.0,0.0,0.0,0.0,0.0,0.0,-9.280386590226334,-9.280386590226334,-9.280386590226334,-0.05728339196914669,-0.05728339196914669,-0.05728339196914669,-1.3823799699198953,-1.3823799699198953,-1.3823799699198953,-3.5670451820295375,-3.5670451820295375,-3.5670451820295375,-0.541153406066537,-0.541153406066537,-0.541153406066537,0.0,0.0,0.0,-0.6559654491464066,-0.6559654491464066,-0.6559654491464066,-1.0136010348798363,-1.0136010348798363,-1.0136010348798363,0.40254704636875127,0.40254704636875127,0.40254704636875127,-1.2794160644944894,-1.2794160644944894,-1.2794160644944894,2.810455707216868,2.810455707216868,2.810455707216868,0.9029236961088759,0.9029236961088759,0.9029236961088759,-8.46651372344452,-8.46651372344452,-8.46651372344452,0.0,0.0,0.0,47.412897997949
661,2018-04-11 07:00:00,56.69297403162523,38.918580526618754,59.768494315982196,56.69297403162523,56.69297403162523,0.0,0.0,0.0,0.0,0.0,0.0,0.0,0.0,0.0,0.0,0.0,0.0,0.0,0.0,0.0,0.0,0.0,0.0,0.0,0.0,0.0,0.0,0.0,0.0,0.0,0.0,0.0,0.0,0.0,0.0,-6.80329523361999,-6.80329523361999,-6.80329523361999,2.241339757526677,2.241339757526677,2.241339757526677,-1.3823799699198953,-1.3823799699198953,-1.3823799699198953,-3.375302833841259,-3.375302833841259,-3.375302833841259,-0.7137747214828557,-0.7137747214828557,-0.7137747214828557,0.0,0.0,0.0,-0.5466124720151594,-0.5466124720151594,-0.5466124720151594,-0.7746815844518156,-0.7746815844518156,-0.7746815844518156,-0.037893601960315375,-0.037893601960315375,-0.037893601960315375,-0.8766287670482708,-0.8766287670482708,-0.8766287670482708,2.790410995586535,2.790410995586535,2.790410995586535,0.9566682830370529,0.9566682830370529,0.9566682830370529,-8.459743152891944,-8.459743152891944,-8.459743152891944,0.0,0.0,0.0,49.88967879800524
662,2018-04-11 08:00:00,56.69266347507513,41.573440628768914,61.913034390522625,56.69266347507513,56.69266347507513,0.0,0.0,0.0,0.0,0.0,0.0,0.0,0.0,0.0,0.0,0.0,0.0,0.0,0.0,0.0,0.0,0.0,0.0,0.0,0.0,0.0,0.0,0.0,0.0,0.0,0.0,0.0,0.0,0.0,0.0,-5.318029365688736,-5.318029365688736,-5.318029365688736,3.444013593228368,3.444013593228368,3.444013593228368,-1.3823799699198953,-1.3823799699198953,-1.3823799699198953,-3.0854834570171863,-3.0854834570171863,-3.0854834570171863,-0.6216749342942709,-0.6216749342942709,-0.6216749342942709,0.0,0.0,0.0,-0.43725949488391236,-0.43725949488391236,-0.43725949488391236,-0.7648898036965688,-0.7648898036965688,-0.7648898036965688,-0.3276920626462409,-0.3276920626462409,-0.3276920626462409,-0.5850334559393181,-0.5850334559393181,-0.5850334559393181,2.776361919782363,2.776361919782363,2.776361919782363,1.0334462643630198,1.0334462643630198,1.0334462643630198,-8.452921421682282,-8.452921421682282,-8.452921421682282,0.0,0.0,0.0,51.37463410938639
663,2018-04-11 09:00:00,56.69235291852503,41.41279155718146,61.986957401788246,56.69235291852503,56.69235291852503,0.0,0.0,0.0,0.0,0.0,0.0,0.0,0.0,0.0,0.0,0.0,0.0,0.0,0.0,0.0,0.0,0.0,0.0,0.0,0.0,0.0,0.0,0.0,0.0,0.0,0.0,0.0,0.0,0.0,0.0,-4.8276133231339395,-4.8276133231339395,-4.8276133231339395,3.838045444469483,3.838045444469483,3.838045444469483,-1.3823799699198953,-1.3823799699198953,-1.3823799699198953,-2.9872998227104155,-2.9872998227104155,-2.9872998227104155,-0.5753618984508684,-0.5753618984508684,-0.5753618984508684,0.0,0.0,0.0,-0.32790651775266516,-0.32790651775266516,-0.32790651775266516,-0.6919410370699804,-0.6919410370699804,-0.6919410370699804,-0.45138652757316033,-0.45138652757316033,-0.45138652757316033,-0.45247294161546864,-0.45247294161546864,-0.45247294161546864,2.7676897283311783,2.7676897283311783,2.7676897283311783,0.8941490696716227,0.8941490696716227,0.8941490696716227,-8.446048673224185,-8.446048673224185,-8.446048673224185,0.0,0.0,0.0,51.86473959539109
664,2018-04-11 10:00:00,56.69204236197493,41.31074036438522,62.526957581595255,56.69204236197493,56.69204236197493,0.0,0.0,0.0,0.0,0.0,0.0,0.0,0.0,0.0,0.0,0.0,0.0,0.0,0.0,0.0,0.0,0.0,0.0,0.0,0.0,0.0,0.0,0.0,0.0,0.0,0.0,0.0,0.0,0.0,0.0,-5.148969881238641,-5.148969881238641,-5.148969881238641,3.823146970655582,3.823146970655582,3.823146970655582,-1.3823799699198953,-1.3823799699198953,-1.3823799699198953,-3.2967020637930644,-3.2967020637930644,-3.2967020637930644,-0.6158858048138456,-0.6158858048138456,-0.6158858048138456,0.0,0.0,0.0,-0.218553540621418,-0.218553540621418,-0.218553540621418,-0.7790878857916765,-0.7790878857916765,-0.7790878857916765,-0.5242779086908093,-0.5242779086908093,-0.5242779086908093,-0.4556876759143351,-0.4556876759143351,-0.4556876759143351,2.7637102650917815,2.7637102650917815,2.7637102650917815,0.6791707219589151,0.6791707219589151,0.6791707219589151,-8.43912505319294,-8.43912505319294,-8.43912505319294,0.0,0.0,0.0,51.543072480736285
665,2018-04-11 11:00:00,56.69173180542482,40.337189341091644,60.89680011450169,56.69173180542482,56.69173180542482,0.0,0.0,0.0,0.0,0.0,0.0,0.0,0.0,0.0,0.0,0.0,0.0,0.0,0.0,0.0,0.0,0.0,0.0,0.0,0.0,0.0,0.0,0.0,0.0,0.0,0.0,0.0,0.0,0.0,0.0,-5.541098450671551,-5.541098450671551,-5.541098450671551,3.4212323517095955,3.4212323517095955,3.4212323517095955,-1.3823799699198953,-1.3823799699198953,-1.3823799699198953,-3.293868007992138,-3.293868007992138,-3.293868007992138,-0.5211545951341585,-0.5211545951341585,-0.5211545951341585,0.0,0.0,0.0,-0.10920056349017082,-0.10920056349017082,-0.10920056349017082,-0.8344114470588208,-0.8344114470588208,-0.8344114470588208,-0.4990972497592578,-0.4990972497592578,-0.4990972497592578,-0.39536413230619244,-0.39536413230619244,-0.39536413230619244,2.763687915132363,2.763687915132363,2.763687915132363,0.44773994967635766,0.44773994967635766,0.44773994967635766,-8.432150709521371,-8.432150709521371,-8.432150709521371,0.0,0.0,0.0,51.150633354753275
666,2018-04-11 12:00:00,56.691421248874725,39.55282639688619,60.115853488663646,56.691421248874725,56.691421248874725,0.0,0.0,0.0,0.0,0.0,0.0,0.0,0.0,0.0,0.0,0.0,0.0,0.0,0.0,0.0,0.0,0.0,0.0,0.0,0.0,0.0,0.0,0.0,0.0,0.0,0.0,0.0,0.0,0.0,0.0,-6.867993596848594,-6.867993596848594,-6.867993596848594,2.3873464479982496,2.3873464479982496,2.3873464479982496,-1.3823799699198953,-1.3823799699198953,-1.3823799699198953,-3.597064088594576,-3.597064088594576,-3.597064088594576,-0.6179909428067275,-0.6179909428067275,-0.6179909428067275,0.0,0.0,0.0,0.00015241364107634355,0.00015241364107634355,0.00015241364107634355,-0.9401626792154858,-0.9401626792154858,-0.9401626792154858,-0.4460853362191494,-0.4460853362191494,-0.4460853362191494,-0.41484164011697205,-0.41484164011697205,-0.41484164011697205,2.7668498361503335,2.7668498361503335,2.7668498361503335,0.2042440660425768,0.2042440660425768,0.2042440660425768,-8.4251257924026,-8.4251257924026,-8.4251257924026,0.0,0.0,0.0,49.82342765202613
667,2018-04-11 13:00:00,56.69111069232462,38.538796620817976,58.06172953955202,56.69111069232462,56.69111069232462,0.0,0.0,0.0,0.0,0.0,0.0,0.0,0.0,0.0,0.0,0.0,0.0,0.0,0.0,0.0,0.0,0.0,0.0,0.0,0.0,0.0,0.0,0.0,0.0,0.0,0.0,0.0,0.0,0.0,0.0,-8.865719341542183,-8.865719341542183,-8.865719341542183,0.7973017519613624,0.7973017519613624,0.7973017519613624,-1.3823799699198953,-1.3823799699198953,-1.3823799699198953,-4.017370906722139,-4.017370906722139,-4.017370906722139,-0.9658649961304675,-0.9658649961304675,-0.9658649961304675,0.0,0.0,0.0,0.10950539077232349,0.10950539077232349,0.10950539077232349,-0.8809224056462429,-0.8809224056462429,-0.8809224056462429,-0.274238383159965,-0.274238383159965,-0.274238383159965,-0.6319307562992533,-0.6319307562992533,-0.6319307562992533,2.7724002675021047,2.7724002675021047,2.7724002675021047,0.008460213661361083,0.008460213661361083,0.008460213661361083,-8.418050454283513,-8.418050454283513,-8.418050454283513,0.0,0.0,0.0,47.82539135078244
668,2018-04-11 14:00:00,56.690800135774516,37.337568268062135,57.29958623846322,56.690800135774516,56.690800135774516,0.0,0.0,0.0,0.0,0.0,0.0,0.0,0.0,0.0,0.0,0.0,0.0,0.0,0.0,0.0,0.0,0.0,0.0,0.0,0.0,0.0,0.0,0.0,0.0,0.0,0.0,0.0,0.0,0.0,0.0,-9.705410335419064,-9.705410335419064,-9.705410335419064,-0.5786305004150192,-0.5786305004150192,-0.5786305004150192,-1.3823799699198953,-1.3823799699198953,-1.3823799699198953,-3.495389696169031,-3.495389696169031,-3.495389696169031,-0.78377055974618,-0.78377055974618,-0.78377055974618,0.0,0.0,0.0,0.21885836790357066,0.21885836790357066,0.21885836790357066,-0.8711306248909961,-0.8711306248909961,-0.8711306248909961,0.05001782132703091,0.05001782132703091,0.05001782132703091,-0.7431227426365193,-0.7431227426365193,-0.7431227426365193,2.7795347110287842,2.7795347110287842,2.7795347110287842,0.01613801179395778,0.01613801179395778,0.01613801179395778,-8.410924849863797,-8.410924849863797,-8.410924849863797,0.0,0.0,0.0,46.98538980035545
669,2018-04-11 15:00:00,56.69048957922442,38.52534669886679,58.38168299711667,56.69048957922442,56.69048957922442,0.0,0.0,0.0,0.0,0.0,0.0,0.0,0.0,0.0,0.0,0.0,0.0,0.0,0.0,0.0,0.0,0.0,0.0,0.0,0.0,0.0,0.0,0.0,0.0,0.0,0.0,0.0,0.0,0.0,0.0,-8.151235307450897,-8.151235307450897,-8.151235307450897,-0.6540439761175576,-0.6540439761175576,-0.6540439761175576,-1.3823799699198953,-1.3823799699198953,-1.3823799699198953,-1.880895977283958,-1.880895977283958,-1.880895977283958,-0.23275069010933322,-0.23275069010933322,-0.23275069010933322,0.0,0.0,0.0,0.3282113450348178,0.3282113450348178,0.3282113450348178,-0.4530215866419596,-0.4530215866419596,-0.4530215866419596,0.47190429991705973,0.47190429991705973,0.47190429991705973,-0.6975491563996468,-0.6975491563996468,-0.6975491563996468,2.787453782039217,2.787453782039217,2.787453782039217,0.08468978083499969,0.08468978083499969,0.08468978083499969,-8.403749136088598,-8.403749136088598,-8.403749136088598,0.0,0.0,0.0,48.53925427177352
670,2018-04-11 16:00:00,56.690179022674315,42.001188290551106,61.169916153697855,56.690179022674315,56.690179022674315,0.0,0.0,0.0,0.0,0.0,0.0,0.0,0.0,0.0,0.0,0.0,0.0,0.0,0.0,0.0,0.0,0.0,0.0,0.0,0.0,0.0,0.0,0.0,0.0,0.0,0.0,0.0,0.0,0.0,0.0,-5.058862560589253,-5.058862560589253,-5.058862560589253,1.0609285348291695,1.0609285348291695,1.0609285348291695,-1.3823799699198953,-1.3823799699198953,-1.3823799699198953,-0.5186441590936047,-0.5186441590936047,-0.5186441590936047,-0.04486712424462039,-0.04486712424462039,-0.04486712424462039,0.0,0.0,0.0,0.437564322166065,0.437564322166065,0.437564322166065,0.10657868352039261,0.10657868352039261,0.10657868352039261,0.6128276367445142,0.6128276367445142,0.6128276367445142,-0.25902157763073536,-0.25902157763073536,-0.25902157763073536,2.79537653582665,2.79537653582665,2.79537653582665,0.010653870270674425,0.010653870270674425,0.010653870270674425,-8.396523472151468,-8.396523472151468,-8.396523472151468,0.0,0.0,0.0,51.63131646208506
671,2018-04-11 17:00:00,56.68986846612421,44.353759742053875,65.0747910133279,56.68986846612421,56.68986846612421,0.0,0.0,0.0,0.0,0.0,0.0,0.0,0.0,0.0,0.0,0.0,0.0,0.0,0.0,0.0,0.0,0.0,0.0,0.0,0.0,0.0,0.0,0.0,0.0,0.0,0.0,0.0,0.0,0.0,0.0,-1.909467294273121,-1.909467294273121,-1.909467294273121,3.8408773609132902,3.8408773609132902,3.8408773609132902,-1.3823799699198953,-1.3823799699198953,-1.3823799699198953,-0.1636497206935511,-0.1636497206935511,-0.1636497206935511,0.03881211097243658,0.03881211097243658,0.03881211097243658,0.0,0.0,0.0,0.5469172992973121,0.5469172992973121,0.5469172992973121,0.27793484673721086,0.27793484673721086,0.27793484673721086,0.6309400405373846,0.6309400405373846,0.6309400405373846,0.04032691619901315,0.04032691619901315,0.04032691619901315,2.802553084995356,2.802553084995356,2.802553084995356,-0.3162009645170134,-0.3162009645170134,-0.3162009645170134,-8.389248019488216,-8.389248019488216,-8.389248019488216,0.0,0.0,0.0,54.78040117185109
672,2018-04-11 18:00:00,56.626895252641745,46.09506333094473,66.11701213770542,56.626895252641745,56.626895252641745,0.0,0.0,0.0,0.0,0.0,0.0,0.0,0.0,0.0,0.0,0.0,0.0,0.0,0.0,0.0,0.0,0.0,0.0,0.0,0.0,0.0,0.0,0.0,0.0,0.0,0.0,0.0,0.0,0.0,0.0,-0.6326333665336431,-0.6326333665336431,-0.6326333665336431,6.069326287987862,6.069326287987862,6.069326287987862,-1.3598171580709228,-1.3598171580709228,-1.3598171580709228,-1.1063452454972316,-1.1063452454972316,-1.1063452454972316,-0.1174714256695931,-0.1174714256695931,-0.1174714256695931,0.0,0.0,0.0,0.673598322110807,0.673598322110807,0.673598322110807,-0.44035623702366156,-0.44035623702366156,-0.44035623702366156,0.634997884286023,0.634997884286023,0.634997884286023,0.20838919743313758,0.20838919743313758,0.20838919743313758,2.792579316835769,2.792579316835769,2.792579316835769,-0.7056858285630214,-0.7056858285630214,-0.7056858285630214,-8.388193725860043,-8.388193725860043,-8.388193725860043,0.0,0.0,0.0,55.9942618861081
673,2018-04-11 19:00:00,56.626574228021994,46.396155960137484,66.7951590284297,56.626574228021994,56.626574228021994,0.0,0.0,0.0,0.0,0.0,0.0,0.0,0.0,0.0,0.0,0.0,0.0,0.0,0.0,0.0,0.0,0.0,0.0,0.0,0.0,0.0,0.0,0.0,0.0,0.0,0.0,0.0,0.0,0.0,0.0,-0.4379948448510154,-0.4379948448510154,-0.4379948448510154,6.355028859217192,6.355028859217192,6.355028859217192,-1.3598171580709228,-1.3598171580709228,-1.3598171580709228,-1.2082895834398737,-1.2082895834398737,-1.2082895834398737,-0.07941711896587537,-0.07941711896587537,-0.07941711896587537,0.0,0.0,0.0,0.7858386579192552,0.7858386579192552,0.7858386579192552,-0.6033140791164991,-0.6033140791164991,-0.6033140791164991,0.634997884286023,0.634997884286023,0.634997884286023,0.15781797261267438,0.15781797261267438,0.15781797261267438,2.7962255973962344,2.7962255973962344,2.7962255973962344,-0.7443957421045289,-0.7443957421045289,-0.7443957421045289,-8.380959718024569,-8.380959718024569,-8.380959718024569,0.0,0.0,0.0,56.18857938317098
674,2018-04-11 20:00:00,56.62625320340224,44.40039080453404,63.92026320190165,56.62625320340224,56.62625320340224,0.0,0.0,0.0,0.0,0.0,0.0,0.0,0.0,0.0,0.0,0.0,0.0,0.0,0.0,0.0,0.0,0.0,0.0,0.0,0.0,0.0,0.0,0.0,0.0,0.0,0.0,0.0,0.0,0.0,0.0,-2.6170684930286754,-2.6170684930286754,-2.6170684930286754,4.441691505015081,4.441691505015081,4.441691505015081,-1.3598171580709228,-1.3598171580709228,-1.3598171580709228,-1.4822260228039466,-1.4822260228039466,-1.4822260228039466,-0.2545711881775077,-0.2545711881775077,-0.2545711881775077,0.0,0.0,0.0,0.8980789937277037,0.8980789937277037,0.8980789937277037,-0.6328561440573058,-0.6328561440573058,-0.6328561440573058,0.6345531272108426,0.6345531272108426,0.6345531272108426,-0.10616772606402934,-0.10616772606402934,-0.10616772606402934,2.7971429062253916,2.7971429062253916,2.7971429062253916,-0.6614459273727273,-0.6614459273727273,-0.6614459273727273,-8.373676881465201,-8.373676881465201,-8.373676881465201,0.0,0.0,0.0,54.00918471037357
675,2018-04-11 21:00:00,56.625932178782485,39.66384235300735,58.53141171331479,56.625932178782485,56.625932178782485,0.0,0.0,0.0,0.0,0.0,0.0,0.0,0.0,0.0,0.0,0.0,0.0,0.0,0.0,0.0,0.0,0.0,0.0,0.0,0.0,0.0,0.0,0.0,0.0,0.0,0.0,0.0,0.0,0.0,0.0,-7.282017421006657,-7.282017421006657,-7.282017421006657,1.3044666647162875,1.3044666647162875,1.3044666647162875,-1.3598171580709228,-1.3598171580709228,-1.3598171580709228,-3.0149591812981704,-3.0149591812981704,-3.0149591812981704,-0.750841050943799,-0.750841050943799,-0.750841050943799,0.0,0.0,0.0,1.010319329536152,1.010319329536152,1.010319329536152,-0.8872990904829644,-0.8872990904829644,-0.8872990904829644,0.634997884286023,0.634997884286023,0.634997884286023,-0.5501791748738105,-0.5501791748738105,-0.5501791748738105,2.7948204794041405,2.7948204794041405,2.7948204794041405,-1.1121399207488483,-1.1121399207488483,-1.1121399207488483,-8.366345383828914,-8.366345383828914,-8.366345383828914,0.0,0.0,0.0,49.34391475777583
676,2018-04-11 22:00:00,56.62561115416273,41.19757948868417,62.02017773529589,56.62561115416273,56.62561115416273,0.0,0.0,0.0,0.0,0.0,0.0,0.0,0.0,0.0,0.0,0.0,0.0,0.0,0.0,0.0,0.0,0.0,0.0,0.0,0.0,0.0,0.0,0.0,0.0,0.0,0.0,0.0,0.0,0.0,0.0,-5.098441639623048,-5.098441639623048,-5.098441639623048,-1.734469121622759,-1.734469121622759,-1.734469121622759,-1.3598171580709228,-1.3598171580709228,-1.3598171580709228,2.206167095717225,2.206167095717225,2.206167095717225,0.38244748020527397,0.38244748020527397,0.38244748020527397,0.0,0.0,0.0,1.1225596653446004,1.1225596653446004,1.1225596653446004,0.03517571153964789,0.03517571153964789,0.03517571153964789,0.6243237144816917,0.6243237144816917,0.6243237144816917,-0.3393030250433076,-0.3393030250433076,-0.3393030250433076,2.7888257812506123,2.7888257812506123,2.7888257812506123,1.7407807072602417,1.7407807072602417,1.7407807072602417,-8.358965394968125,-8.358965394968125,-8.358965394968125,0.0,0.0,0.0,51.527169514539686
677,2018-04-11 23:00:00,56.625290129542975,39.14969681922818,58.136602847553945,56.625290129542975,56.625290129542975,0.0,0.0,0.0,0.0,0.0,0.0,0.0,0.0,0.0,0.0,0.0,0.0,0.0,0.0,0.0,0.0,0.0,0.0,0.0,0.0,0.0,0.0,0.0,0.0,0.0,0.0,0.0,0.0,0.0,0.0,-7.927791388327369,-7.927791388327369,-7.927791388327369,-3.9618095074562394,-3.9618095074562394,-3.9618095074562394,-1.3598171580709228,-1.3598171580709228,-1.3598171580709228,1.6067455374727322,1.6067455374727322,1.6067455374727322,0.1963462816679147,0.1963462816679147,0.1963462816679147,0.0,0.0,0.0,1.2348000011530489,1.2348000011530489,1.2348000011530489,-0.26405681721562096,-0.26405681721562096,-0.26405681721562096,0.6243237144816917,0.6243237144816917,0.6243237144816917,-0.7110698669667128,-0.7110698669667128,-0.7110698669667128,2.7788096685888646,2.7788096685888646,2.7788096685888646,1.8862193824233338,1.8862193824233338,1.8862193824233338,-8.351537086932728,-8.351537086932728,-8.351537086932728,0.0,0.0,0.0,48.697498741215604
678,2018-04-12 00:00:00,56.62496910492322,36.259592861459076,56.79270222482376,56.62496910492322,56.62496910492322,0.0,0.0,0.0,0.0,0.0,0.0,0.0,0.0,0.0,0.0,0.0,0.0,0.0,0.0,0.0,0.0,0.0,0.0,0.0,0.0,0.0,0.0,0.0,0.0,0.0,0.0,0.0,0.0,0.0,0.0,-10.000394856513084,-10.000394856513084,-10.000394856513084,-5.4962751199756,-5.4962751199756,-5.4962751199756,-0.45343016672053016,-0.45343016672053016,-0.45343016672053016,1.0754308974263498,1.0754308974263498,1.0754308974263498,0.22397475091855906,0.22397475091855906,0.22397475091855906,0.0,0.0,0.0,0.0001563072601168375,0.0001563072601168375,0.0001563072601168375,-0.4536978147388646,-0.4536978147388646,-0.4536978147388646,0.6243237144816917,0.6243237144816917,0.6243237144816917,-0.9340518698430411,-0.9340518698430411,-0.9340518698430411,2.764510000000481,2.764510000000481,2.764510000000481,2.068155976068418,2.068155976068418,2.068155976068418,-8.344060633964313,-8.344060633964313,-8.344060633964313,0.0,0.0,0.0,46.624574248410134
679,2018-04-12 01:00:00,56.62464808030346,33.265437215373915,54.27201605233515,56.62464808030346,56.62464808030346,0.0,0.0,0.0,0.0,0.0,0.0,0.0,0.0,0.0,0.0,0.0,0.0,0.0,0.0,0.0,0.0,0.0,0.0,0.0,0.0,0.0,0.0,0.0,0.0,0.0,0.0,0.0,0.0,0.0,0.0,-12.57610950481698,-12.57610950481698,-12.57610950481698,-6.709703542375098,-6.709703542375098,-6.709703542375098,-0.45343016672053016,-0.45343016672053016,-0.45343016672053016,-0.2756234033769503,-0.2756234033769503,-0.2756234033769503,0.16350489369073365,0.16350489369073365,0.16350489369073365,0.0,0.0,0.0,-1.234487386632815,-1.234487386632815,-1.234487386632815,-0.48276339476127134,-0.48276339476127134,-0.48276339476127134,0.625657985707233,0.625657985707233,0.625657985707233,-1.0297271600439173,-1.0297271600439173,-1.0297271600439173,2.7457536534325655,2.7457536534325655,2.7457536534325655,2.1356218253836166,2.1356218253836166,2.1356218253836166,-8.336536212497496,-8.336536212497496,-8.336536212497496,0.0,0.0,0.0,44.048538575486475
680,2018-04-12 02:00:00,56.6243270556837,33.39252298622166,53.32504563452877,56.6243270556837,56.6243270556837,0.0,0.0,0.0,0.0,0.0,0.0,0.0,0.0,0.0,0.0,0.0,0.0,0.0,0.0,0.0,0.0,0.0,0.0,0.0,0.0,0.0,0.0,0.0,0.0,0.0,0.0,0.0,0.0,0.0,0.0,-13.300205873305323,-13.300205873305323,-13.300205873305323,-7.536922886912152,-7.536922886912152,-7.536922886912152,-0.45343016672053016,-0.45343016672053016,-0.45343016672053016,-0.1567759240183957,-0.1567759240183957,-0.1567759240183957,0.16819652054461665,0.16819652054461665,0.16819652054461665,0.0,0.0,0.0,-1.1222470508243667,-1.1222470508243667,-1.1222470508243667,-0.5013463065788756,-0.5013463065788756,-0.5013463065788756,0.6363321555115645,0.6363321555115645,0.6363321555115645,-1.0287508815724797,-1.0287508815724797,-1.0287508815724797,2.7224569387783646,2.7224569387783646,2.7224569387783646,2.144469805621675,2.144469805621675,2.144469805621675,-8.328964001153139,-8.328964001153139,-8.328964001153139,0.0,0.0,0.0,43.32412118237838
681,2018-04-12 03:00:00,56.62400603106395,33.97248583301461,54.3696790837425,56.62400603106395,56.62400603106395,0.0,0.0,0.0,0.0,0.0,0.0,0.0,0.0,0.0,0.0,0.0,0.0,0.0,0.0,0.0,0.0,0.0,0.0,0.0,0.0,0.0,0.0,0.0,0.0,0.0,0.0,0.0,0.0,0.0,0.0,-12.551255092571532,-12.551255092571532,-12.551255092571532,-7.4053035496349935,-7.4053035496349935,-7.4053035496349935,-0.45343016672053016,-0.45343016672053016,-0.45343016672053016,0.48076822248025386,0.48076822248025386,0.48076822248025386,0.5174620752225738,0.5174620752225738,0.5174620752225738,0.0,0.0,0.0,-1.0100067150159182,-1.0100067150159182,-1.0100067150159182,-0.42987356881885913,-0.42987356881885913,-0.42987356881885913,0.6363321555115645,0.6363321555115645,0.6363321555115645,-0.9092543966685281,-0.9092543966685281,-0.9092543966685281,2.6946244153147827,2.6946244153147827,2.6946244153147827,2.129538838969951,2.129538838969951,2.129538838969951,-8.321344180731575,-8.321344180731575,-8.321344180731575,0.0,0.0,0.0,44.07275093849242
682,2018-04-12 04:00:00,56.62368500644419,37.14459441630665,56.49484535927554,56.62368500644419,56.62368500644419,0.0,0.0,0.0,0.0,0.0,0.0,0.0,0.0,0.0,0.0,0.0,0.0,0.0,0.0,0.0,0.0,0.0,0.0,0.0,0.0,0.0,0.0,0.0,0.0,0.0,0.0,0.0,0.0,0.0,0.0,-9.485587765573708,-9.485587765573708,-9.485587765573708,-5.834535008852641,-5.834535008852641,-5.834535008852641,-0.45343016672053016,-0.45343016672053016,-0.45343016672053016,2.0002780304217493,2.0002780304217493,2.0002780304217493,1.1722046672755801,1.1722046672755801,1.1722046672755801,0.0,0.0,0.0,-0.8977663792074698,-0.8977663792074698,-0.8977663792074698,-0.20878456668120826,-0.20878456668120826,-0.20878456668120826,0.636776912586745,0.636776912586745,0.636776912586745,-0.38987424986377084,-0.38987424986377084,-0.38987424986377084,2.662346147068922,2.662346147068922,2.662346147068922,2.1411518130324034,2.1411518130324034,2.1411518130324034,-8.313676934211738,-8.313676934211738,-8.313676934211738,0.0,0.0,0.0,47.13809724087048
683,2018-04-12 05:00:00,56.62336398182444,43.74274698293925,63.92104801906583,56.62336398182444,56.62336398182444,0.0,0.0,0.0,0.0,0.0,0.0,0.0,0.0,0.0,0.0,0.0,0.0,0.0,0.0,0.0,0.0,0.0,0.0,0.0,0.0,0.0,0.0,0.0,0.0,0.0,0.0,0.0,0.0,0.0,0.0,-2.7745325067389643,-2.7745325067389643,-2.7745325067389643,-3.061521767076607,-3.061521767076607,-3.061521767076607,-0.45343016672053016,-0.45343016672053016,-0.45343016672053016,5.96715825555619,5.96715825555619,5.96715825555619,2.7214841128022798,2.7214841128022798,2.7214841128022798,0.0,0.0,0.0,-0.7855260433990217,-0.7855260433990217,-0.7855260433990217,1.1715922419239095,1.1715922419239095,1.1715922419239095,0.636776912586745,0.636776912586745,0.636776912586745,0.5163074273245294,0.5163074273245294,0.5163074273245294,2.625793451527969,2.625793451527969,2.625793451527969,2.1599537710382783,2.1599537710382783,2.1599537710382783,-8.305962446746516,-8.305962446746516,-8.305962446746516,0.0,0.0,0.0,53.848831475085476
684,2018-04-12 06:00:00,56.62304295720468,48.51415070620574,68.72131762182656,56.62304295720468,56.62304295720468,0.0,0.0,0.0,0.0,0.0,0.0,0.0,0.0,0.0,0.0,0.0,0.0,0.0,0.0,0.0,0.0,0.0,0.0,0.0,0.0,0.0,0.0,0.0,0.0,0.0,0.0,0.0,0.0,0.0,0.0,1.8738108283344475,1.8738108283344475,1.8738108283344475,-0.027970096078622424,-0.027970096078622424,-0.027970096078622424,-0.45343016672053016,-0.45343016672053016,-0.45343016672053016,7.614768610898953,7.614768610898953,7.614768610898953,3.4507714426447604,3.4507714426447604,3.4507714426447604,0.0,0.0,0.0,-0.6732857075905732,-0.6732857075905732,-0.6732857075905732,1.543726963194395,1.543726963194395,1.543726963194395,0.5914116909183363,0.5914116909183363,0.5914116909183363,0.9784776557030485,0.9784776557030485,0.9784776557030485,2.58521321916788,2.58521321916788,2.58521321916788,2.177096732749517,2.177096732749517,2.177096732749517,-8.298200905653763,-8.298200905653763,-8.298200905653763,0.0,0.0,0.0,58.49685378553913
685,2018-04-12 07:00:00,56.62272193258492,50.541741210204385,71.77612544847342,56.62272193258492,56.62272193258492,0.0,0.0,0.0,0.0,0.0,0.0,0.0,0.0,0.0,0.0,0.0,0.0,0.0,0.0,0.0,0.0,0.0,0.0,0.0,0.0,0.0,0.0,0.0,0.0,0.0,0.0,0.0,0.0,0.0,0.0,4.059498880027204,4.059498880027204,4.059498880027204,2.2766170882138317,2.2766170882138317,2.2766170882138317,-0.45343016672053016,-0.45343016672053016,-0.45343016672053016,7.5323533906597975,7.5323533906597975,7.5323533906597975,3.418451346540233,3.418451346540233,3.418451346540233,0.0,0.0,0.0,-0.5610453717821249,-0.5610453717821249,-0.5610453717821249,1.561356905175199,1.561356905175199,1.561356905175199,0.25250679963081213,0.25250679963081213,0.25250679963081213,1.1407351376559631,1.1407351376559631,1.1407351376559631,2.5409209015708853,2.5409209015708853,2.5409209015708853,2.1737787401602455,2.1737787401602455,2.1737787401602455,-8.290392500417312,-8.290392500417312,-8.290392500417312,0.0,0.0,0.0,60.68222081261213
686,2018-04-12 08:00:00,56.622400907965165,51.6496198648376,71.78788739147421,56.622400907965165,56.622400907965165,0.0,0.0,0.0,0.0,0.0,0.0,0.0,0.0,0.0,0.0,0.0,0.0,0.0,0.0,0.0,0.0,0.0,0.0,0.0,0.0,0.0,0.0,0.0,0.0,0.0,0.0,0.0,0.0,0.0,0.0,4.511618038189816,4.511618038189816,4.511618038189816,3.4772637768466,3.4772637768466,3.4772637768466,-0.45343016672053016,-0.45343016672053016,-0.45343016672053016,6.823599398645795,6.823599398645795,6.823599398645795,3.2036790950069225,3.2036790950069225,3.2036790950069225,0.0,0.0,0.0,-0.44880503597367655,-0.44880503597367655,-0.44880503597367655,1.365045118794354,1.365045118794354,1.365045118794354,-0.2327231693910892,-0.2327231693910892,-0.2327231693910892,1.1756859069334262,1.1756859069334262,1.1756859069334262,2.4932922853773825,2.4932922853773825,2.4932922853773825,2.214147649996389,2.214147649996389,2.214147649996389,-8.282537422679962,-8.282537422679962,-8.282537422679962,0.0,0.0,0.0,61.13401894615498
687,2018-04-12 09:00:00,56.622079883345414,50.87383474196575,70.51326058021434,56.622079883345414,56.622079883345414,0.0,0.0,0.0,0.0,0.0,0.0,0.0,0.0,0.0,0.0,0.0,0.0,0.0,0.0,0.0,0.0,0.0,0.0,0.0,0.0,0.0,0.0,0.0,0.0,0.0,0.0,0.0,0.0,0.0,0.0,3.9137494139090663,3.9137494139090663,3.9137494139090663,3.859922423323397,3.859922423323397,3.859922423323397,-0.45343016672053016,-0.45343016672053016,-0.45343016672053016,5.885708670026799,5.885708670026799,5.885708670026799,3.0118436858703723,3.0118436858703723,3.0118436858703723,0.0,0.0,0.0,-0.3365647001652282,-0.3365647001652282,-0.3365647001652282,1.0110168244230724,1.0110168244230724,1.0110168244230724,-0.666361317692055,-0.666361317692055,-0.666361317692055,1.0763007585410873,1.0763007585410873,1.0763007585410873,2.442754186792494,2.442754186792494,2.442754186792494,2.2429035857700796,2.2429035857700796,2.2429035857700796,-8.274635866233623,-8.274635866233623,-8.274635866233623,0.0,0.0,0.0,60.53582929725448
688,2018-04-12 10:00:00,56.62175885872566,48.497656602028805,69.74194907054296,56.62175885872566,56.62175885872566,0.0,0.0,0.0,0.0,0.0,0.0,0.0,0.0,0.0,0.0,0.0,0.0,0.0,0.0,0.0,0.0,0.0,0.0,0.0,0.0,0.0,0.0,0.0,0.0,0.0,0.0,0.0,0.0,0.0,0.0,2.5622894268588707,2.5622894268588707,2.5622894268588707,3.8306381349387895,3.8306381349387895,3.8306381349387895,-0.45343016672053016,-0.45343016672053016,-0.45343016672053016,4.608565101909143,4.608565101909143,4.608565101909143,2.671440093027528,2.671440093027528,2.671440093027528,0.0,0.0,0.0,-0.22432436435677988,-0.22432436435677988,-0.22432436435677988,0.2576941684324991,0.2576941684324991,0.2576941684324991,-0.859830645395563,-0.859830645395563,-0.859830645395563,0.9630524558543357,0.9630524558543357,0.9630524558543357,2.389774217034862,2.389774217034862,2.389774217034862,2.2539635610676534,2.2539635610676534,2.2539635610676534,-8.266688027023925,-8.266688027023925,-8.266688027023925,0.0,0.0,0.0,59.18404828558453
689,2018-04-12 11:00:00,56.621437834105905,49.42542183780236,68.80094312736668,56.621437834105905,56.621437834105905,0.0,0.0,0.0,0.0,0.0,0.0,0.0,0.0,0.0,0.0,0.0,0.0,0.0,0.0,0.0,0.0,0.0,0.0,0.0,0.0,0.0,0.0,0.0,0.0,0.0,0.0,0.0,0.0,0.0,0.0,2.050225577365917,2.050225577365917,2.050225577365917,3.4182295121619544,3.4182295121619544,3.4182295121619544,-0.45343016672053016,-0.45343016672053016,-0.45343016672053016,4.555840385259178,4.555840385259178,4.555840385259178,2.545808751717994,2.545808751717994,2.545808751717994,0.0,0.0,0.0,-0.1120840285483315,-0.1120840285483315,-0.1120840285483315,0.24911743990129712,0.24911743990129712,0.24911743990129712,-0.8931874260340986,-0.8931874260340986,-0.8931874260340986,0.9568042736371356,0.9568042736371356,0.9568042736371356,2.334849783082159,2.334849783082159,2.334849783082159,2.262811541305712,2.262811541305712,2.262811541305712,-8.258694103137374,-8.258694103137374,-8.258694103137374,0.0,0.0,0.0,58.67166341147182
690,2018-04-12 12:00:00,56.621116809486146,47.877568772656595,68.35981827209007,56.621116809486146,56.621116809486146,0.0,0.0,0.0,0.0,0.0,0.0,0.0,0.0,0.0,0.0,0.0,0.0,0.0,0.0,0.0,0.0,0.0,0.0,0.0,0.0,0.0,0.0,0.0,0.0,0.0,0.0,0.0,0.0,0.0,0.0,1.2719409934791652,1.2719409934791652,1.2719409934791652,2.378595792052512,2.378595792052512,2.378595792052512,-0.45343016672053016,-0.45343016672053016,-0.45343016672053016,4.865502997650535,4.865502997650535,4.865502997650535,2.7282609071467774,2.7282609071467774,2.7282609071467774,0.0,0.0,0.0,0.0001563072601168375,0.0001563072601168375,0.0001563072601168375,0.3820567321349277,0.3820567321349277,0.3820567321349277,-0.877620928402782,-0.877620928402782,-0.877620928402782,0.7906416777984708,0.7906416777984708,0.7906416777984708,2.2784964985745684,2.2784964985745684,2.2784964985745684,2.295438468433554,2.295438468433554,2.295438468433554,-8.250654294798451,-8.250654294798451,-8.250654294798451,0.0,0.0,0.0,57.89305780296531
691,2018-04-12 13:00:00,56.62079578486639,46.24522550613863,67.24237280777352,56.62079578486639,56.62079578486639,0.0,0.0,0.0,0.0,0.0,0.0,0.0,0.0,0.0,0.0,0.0,0.0,0.0,0.0,0.0,0.0,0.0,0.0,0.0,0.0,0.0,0.0,0.0,0.0,0.0,0.0,0.0,0.0,0.0,0.0,0.030158824343492017,0.030158824343492017,0.030158824343492017,0.7831645353188963,0.7831645353188963,0.7831645353188963,-0.45343016672053016,-0.45343016672053016,-0.45343016672053016,5.268326903444488,5.268326903444488,5.268326903444488,2.848158037857121,2.848158037857121,2.848158037857121,0.0,0.0,0.0,0.11239664306856519,0.11239664306856519,0.11239664306856519,0.5693153050661709,0.5693153050661709,0.5693153050661709,-0.777995343562355,-0.777995343562355,-0.777995343562355,0.7037528938405321,0.7037528938405321,0.7037528938405321,2.22123618994521,2.22123618994521,2.22123618994521,2.2661295338949845,2.2661295338949845,2.2661295338949845,-8.242568804365103,-8.242568804365103,-8.242568804365103,0.0,0.0,0.0,56.65095460920988
692,2018-04-12 14:00:00,56.62047476024664,46.250734051438506,66.02690075265566,56.62047476024664,56.62047476024664,0.0,0.0,0.0,0.0,0.0,0.0,0.0,0.0,0.0,0.0,0.0,0.0,0.0,0.0,0.0,0.0,0.0,0.0,0.0,0.0,0.0,0.0,0.0,0.0,0.0,0.0,0.0,0.0,0.0,0.0,-0.44318281989998765,-0.44318281989998765,-0.44318281989998765,-0.6006023184205402,-0.6006023184205402,-0.6006023184205402,-0.45343016672053016,-0.45343016672053016,-0.45343016672053016,6.228272646957239,6.228272646957239,6.228272646957239,3.0639728731357394,3.0639728731357394,3.0639728731357394,0.0,0.0,0.0,0.22463697887701356,0.22463697887701356,0.22463697887701356,0.8628300148006384,0.8628300148006384,0.8628300148006384,-0.41373929898954365,-0.41373929898954365,-0.41373929898954365,0.6563057601286688,0.6563057601286688,0.6563057601286688,2.1635846878860643,2.1635846878860643,2.1635846878860643,2.287696485725253,2.287696485725253,2.287696485725253,-8.234437836322751,-8.234437836322751,-8.234437836322751,0.0,0.0,0.0,56.17729194034665
693,2018-04-12 15:00:00,56.62015373562688,47.11956889324492,67.3200765579167,56.62015373562688,56.62015373562688,0.0,0.0,0.0,0.0,0.0,0.0,0.0,0.0,0.0,0.0,0.0,0.0,0.0,0.0,0.0,0.0,0.0,0.0,0.0,0.0,0.0,0.0,0.0,0.0,0.0,0.0,0.0,0.0,0.0,0.0,1.0027850251530304,1.0027850251530304,1.0027850251530304,-0.6827624024194398,-0.6827624024194398,-0.6827624024194398,-0.45343016672053016,-0.45343016672053016,-0.45343016672053016,7.805769425929424,7.805769425929424,7.805769425929424,3.417408762794926,3.417408762794926,3.417408762794926,0.0,0.0,0.0,0.3368773146854619,0.3368773146854619,0.3368773146854619,1.3578978450183523,1.3578978450183523,1.3578978450183523,0.21203390578938863,0.21203390578938863,0.21203390578938863,0.7916179562699083,0.7916179562699083,0.7916179562699083,2.1060395989198124,2.1060395989198124,2.1060395989198124,2.1433638080919177,2.1433638080919177,2.1433638080919177,-8.226261597276768,-8.226261597276768,-8.226261597276768,0.0,0.0,0.0,57.62293876077991
694,2018-04-12 16:00:00,56.61983271100712,50.37698630148029,70.3206561090211,56.61983271100712,56.61983271100712,0.0,0.0,0.0,0.0,0.0,0.0,0.0,0.0,0.0,0.0,0.0,0.0,0.0,0.0,0.0,0.0,0.0,0.0,0.0,0.0,0.0,0.0,0.0,0.0,0.0,0.0,0.0,0.0,0.0,0.0,3.890945012846935,3.890945012846935,3.890945012846935,1.0332590550864882,1.0332590550864882,1.0332590550864882,-0.45343016672053016,-0.45343016672053016,-0.45343016672053016,9.026658001117996,9.026658001117996,9.026658001117996,3.752599436911234,3.752599436911234,3.752599436911234,0.0,0.0,0.0,0.44911765049391017,0.44911765049391017,0.44911765049391017,1.7419446892488408,1.7419446892488408,1.7419446892488408,0.5429331697236641,0.5429331697236641,0.5429331697236641,1.1686567019390763,1.1686567019390763,1.1686567019390763,2.04906825259232,2.04906825259232,2.04906825259232,1.8248365195218008,1.8248365195218008,1.8248365195218008,-8.21804029594987,-8.21804029594987,-8.21804029594987,0.0,0.0,0.0,60.510777723854055
695,2018-04-12 17:00:00,56.61951168638736,52.953888196451274,73.33649555953608,56.61951168638736,56.61951168638736,0.0,0.0,0.0,0.0,0.0,0.0,0.0,0.0,0.0,0.0,0.0,0.0,0.0,0.0,0.0,0.0,0.0,0.0,0.0,0.0,0.0,0.0,0.0,0.0,0.0,0.0,0.0,0.0,0.0,0.0,6.6206478938586715,6.6206478938586715,6.6206478938586715,3.82367168585598,3.82367168585598,3.82367168585598,-0.45343016672053016,-0.45343016672053016,-0.45343016672053016,9.013654333232447,9.013654333232447,9.013654333232447,3.8073350835398694,3.8073350835398694,3.8073350835398694,0.0,0.0,0.0,0.5613579863023586,0.5613579863023586,0.5613579863023586,1.6552244341000208,1.6552244341000208,1.6552244341000208,0.5905221767679752,0.5905221767679752,0.5905221767679752,1.2573027871456024,1.2573027871456024,1.2573027871456024,1.9930960179463006,1.9930960179463006,1.9930960179463006,1.59534203209715,1.59534203209715,1.59534203209715,-8.209774143176055,-8.209774143176055,-8.209774143176055,0.0,0.0,0.0,63.240159580246036
696,2018-04-12 18:00:00,56.61779568416367,54.01284717991265,74.5302708244331,56.61779568416367,56.61779568416367,0.0,0.0,0.0,0.0,0.0,0.0,0.0,0.0,0.0,0.0,0.0,0.0,0.0,0.0,0.0,0.0,0.0,0.0,0.0,0.0,0.0,0.0,0.0,0.0,0.0,0.0,0.0,0.0,0.0,0.0,7.621402119238432,7.621402119238432,7.621402119238432,6.046206896015971,6.046206896015971,6.046206896015971,-0.4703847063362573,-0.4703847063362573,-0.4703847063362573,8.00179328088863,8.00179328088863,8.00179328088863,3.3015623672316496,3.3015623672316496,3.3015623672316496,0.0,0.0,0.0,0.6803472282317689,0.6803472282317689,0.6803472282317689,1.1879545298029919,1.1879545298029919,1.1879545298029919,0.5996180537712564,0.5996180537712564,0.5996180537712564,1.2681667395552882,1.2681667395552882,1.2681667395552882,1.9448807626708344,1.9448807626708344,1.9448807626708344,1.434529068631932,1.434529068631932,1.434529068631932,-8.371478820337003,-8.371478820337003,-8.371478820337003,0.0,0.0,0.0,64.2391978034021
697,2018-04-12 19:00:00,56.6174593589416,53.612519540632746,74.1216946488859,56.6174593589416,56.6174593589416,0.0,0.0,0.0,0.0,0.0,0.0,0.0,0.0,0.0,0.0,0.0,0.0,0.0,0.0,0.0,0.0,0.0,0.0,0.0,0.0,0.0,0.0,0.0,0.0,0.0,0.0,0.0,0.0,0.0,0.0,7.274912487013568,7.274912487013568,7.274912487013568,6.3298604372415355,6.3298604372415355,6.3298604372415355,-0.4703847063362573,-0.4703847063362573,-0.4703847063362573,7.417829567126314,7.417829567126314,7.417829567126314,2.8913290574259216,2.8913290574259216,2.8913290574259216,0.0,0.0,0.0,0.7937121426773389,0.7937121426773389,0.7937121426773389,1.0133102760185222,1.0133102760185222,1.0133102760185222,0.60453902171361,0.60453902171361,0.60453902171361,1.1835180924067568,1.1835180924067568,1.1835180924067568,1.890278505943005,1.890278505943005,1.890278505943005,1.4018056832204222,1.4018056832204222,1.4018056832204222,-8.363056023297288,-8.363056023297288,-8.363056023297288,0.0,0.0,0.0,63.89237184595517
698,2018-04-12 20:00:00,56.617123033719544,49.236678700275284,69.65165963451632,56.617123033719544,56.617123033719544,0.0,0.0,0.0,0.0,0.0,0.0,0.0,0.0,0.0,0.0,0.0,0.0,0.0,0.0,0.0,0.0,0.0,0.0,0.0,0.0,0.0,0.0,0.0,0.0,0.0,0.0,0.0,0.0,0.0,0.0,3.577822179759011,3.577822179759011,3.577822179759011,4.424085254132892,4.424085254132892,4.424085254132892,-0.4703847063362573,-0.4703847063362573,-0.4703847063362573,5.670815387638232,5.670815387638232,5.670815387638232,2.140622924507317,2.140622924507317,2.140622924507317,0.0,0.0,0.0,0.9070770571229091,0.9070770571229091,0.9070770571229091,0.5177632198256746,0.5177632198256746,0.5177632198256746,0.6090126289339312,0.6090126289339312,0.6090126289339312,0.636466321348723,0.636466321348723,0.636466321348723,1.8375102855126482,1.8375102855126482,1.8375102855126482,1.3302579422359342,1.3302579422359342,1.3302579422359342,-8.354588747524762,-8.354588747524762,-8.354588747524762,0.0,0.0,0.0,60.194945213478555
699,2018-04-12 21:00:00,56.61678670849748,44.412715447416915,65.7894166792872,56.61678670849748,56.61678670849748,0.0,0.0,0.0,0.0,0.0,0.0,0.0,0.0,0.0,0.0,0.0,0.0,0.0,0.0,0.0,0.0,0.0,0.0,0.0,0.0,0.0,0.0,0.0,0.0,0.0,0.0,0.0,0.0,0.0,0.0,-1.380621935873336,-1.380621935873336,-1.380621935873336,1.2989772276289382,1.2989772276289382,1.2989772276289382,-0.4703847063362573,-0.4703847063362573,-0.4703847063362573,3.879739513984369,3.879739513984369,3.879739513984369,1.4112614181141372,1.4112614181141372,1.4112614181141372,0.0,0.0,0.0,1.0204419715684792,1.0204419715684792,1.0204419715684792,0.06792196007779852,0.06792196007779852,0.06792196007779852,0.6130388754322204,0.6130388754322204,0.6130388754322204,0.02256585230890516,0.02256585230890516,0.02256585230890516,1.7867385348322935,1.7867385348322935,1.7867385348322935,1.2148941428190858,1.2148941428190858,1.2148941428190858,-8.346077212318935,-8.346077212318935,-8.346077212318935,0.0,0.0,0.0,55.23616477262414
700,2018-04-12 22:00:00,56.616450383275414,40.60092722473523,61.709428038118254,56.616450383275414,56.616450383275414,0.0,0.0,0.0,0.0,0.0,0.0,0.0,0.0,0.0,0.0,0.0,0.0,0.0,0.0,0.0,0.0,0.0,0.0,0.0,0.0,0.0,0.0,0.0,0.0,0.0,0.0,0.0,0.0,0.0,0.0,-5.37289201173627,-5.37289201173627,-5.37289201173627,-1.730032709153197,-1.730032709153197,-1.730032709153197,-0.4703847063362573,-0.4703847063362573,-0.4703847063362573,2.956623786817828,2.956623786817828,2.956623786817828,-1.1938242192816304,-1.1938242192816304,-1.1938242192816304,0.0,0.0,0.0,1.1338068860140493,1.1338068860140493,1.1338068860140493,1.900002727050967,1.900002727050967,1.900002727050967,0.635406911533827,0.635406911533827,0.635406911533827,-0.22722676766444858,-0.22722676766444858,-0.22722676766444858,1.7380385496606183,1.7380385496606183,1.7380385496606183,1.1788429555013207,1.1788429555013207,1.1788429555013207,-8.337521639061519,-8.337521639061519,-8.337521639061519,0.0,0.0,0.0,51.243558371539145
701,2018-04-12 23:00:00,56.61611405805335,37.71869924654095,58.85201935262128,56.61611405805335,56.61611405805335,0.0,0.0,0.0,0.0,0.0,0.0,0.0,0.0,0.0,0.0,0.0,0.0,0.0,0.0,0.0,0.0,0.0,0.0,0.0,0.0,0.0,0.0,0.0,0.0,0.0,0.0,0.0,0.0,0.0,0.0,-7.752775121901696,-7.752775121901696,-7.752775121901696,-3.9525974969580653,-3.9525974969580653,-3.9525974969580653,-0.4703847063362573,-0.4703847063362573,-0.4703847063362573,2.837352119013171,2.837352119013171,2.837352119013171,-1.2490078878595583,-1.2490078878595583,-1.2490078878595583,0.0,0.0,0.0,1.2471718004596197,1.2471718004596197,1.2471718004596197,1.9129927955142745,1.9129927955142745,1.9129927955142745,0.635406911533827,0.635406911533827,0.635406911533827,-0.5818413105086475,-0.5818413105086475,-0.5818413105086475,1.6913925072546363,1.6913925072546363,1.6913925072546363,1.3430145162099127,1.3430145162099127,1.3430145162099127,-8.32892225121144,-8.32892225121144,-8.32892225121144,0.0,0.0,0.0,48.86333893615165
702,2018-04-13 00:00:00,56.61577773283128,35.669726528034644,56.19540048932604,56.61577773283128,56.61577773283128,0.0,0.0,0.0,0.0,0.0,0.0,0.0,0.0,0.0,0.0,0.0,0.0,0.0,0.0,0.0,0.0,0.0,0.0,0.0,0.0,0.0,0.0,0.0,0.0,0.0,0.0,0.0,0.0,0.0,0.0,-10.469549226540462,-10.469549226540462,-10.469549226540462,-5.485137071986067,-5.485137071986067,-5.485137071986067,0.47107245115510127,0.47107245115510127,0.47107245115510127,1.6891821862539138,1.6891821862539138,1.6891821862539138,-1.324494981668988,-1.324494981668988,-1.324494981668988,0.0,0.0,0.0,0.0001577415583477916,0.0001577415583477916,0.0001577415583477916,1.4761416042297062,1.4761416042297062,1.4761416042297062,0.635406911533827,0.635406911533827,0.635406911533827,-0.8438961176857606,-0.8438961176857606,-0.8438961176857606,1.6466849334852736,1.6466849334852736,1.6466849334852736,1.2747945771316802,1.2747945771316802,1.2747945771316802,-8.32027927429358,-8.32027927429358,-8.32027927429358,0.0,0.0,0.0,46.146228506290825
703,2018-04-13 01:00:00,56.61544140760922,32.61697907784718,53.35942732892829,56.61544140760922,56.61544140760922,0.0,0.0,0.0,0.0,0.0,0.0,0.0,0.0,0.0,0.0,0.0,0.0,0.0,0.0,0.0,0.0,0.0,0.0,0.0,0.0,0.0,0.0,0.0,0.0,0.0,0.0,0.0,0.0,0.0,0.0,-13.233801685517873,-13.233801685517873,-13.233801685517873,-6.695499799981309,-6.695499799981309,-6.695499799981309,0.47107245115510127,0.47107245115510127,0.47107245115510127,0.16959133727492498,0.16959133727492498,0.16959133727492498,-1.517117221044774,-1.517117221044774,-1.517117221044774,0.0,0.0,0.0,-1.2468563173429241,-1.2468563173429241,-1.2468563173429241,1.4722926950553927,1.4722926950553927,1.4722926950553927,0.635406911533827,0.635406911533827,0.635406911533827,-0.9449602735102924,-0.9449602735102924,-0.9449602735102924,1.6036997130882709,1.6036997130882709,1.6036997130882709,1.2997530914285946,1.2997530914285946,1.2997530914285946,-8.311592935899762,-8.311592935899762,-8.311592935899762,0.0,0.0,0.0,43.38163972209134
704,2018-04-13 02:00:00,56.61510508238716,33.39665085061416,53.08550764784404,56.61510508238716,56.61510508238716,0.0,0.0,0.0,0.0,0.0,0.0,0.0,0.0,0.0,0.0,0.0,0.0,0.0,0.0,0.0,0.0,0.0,0.0,0.0,0.0,0.0,0.0,0.0,0.0,0.0,0.0,0.0,0.0,0.0,0.0,-14.019261452056702,-14.019261452056702,-14.019261452056702,-7.517664955130081,-7.517664955130081,-7.517664955130081,0.47107245115510127,0.47107245115510127,0.47107245115510127,0.2391482516037715,0.2391482516037715,0.2391482516037715,-1.6436231782564392,-1.6436231782564392,-1.6436231782564392,0.0,0.0,0.0,-1.133491402897354,-1.133491402897354,-1.133491402897354,1.4655571040003443,1.4655571040003443,1.4655571040003443,0.635406911533827,0.635406911533827,0.635406911533827,-0.9570246835010878,-0.9570246835010878,-0.9570246835010878,1.5621187171476478,1.5621187171476478,1.5621187171476478,1.4012510495693795,1.4012510495693795,1.4012510495693795,-8.30286346567804,-8.30286346567804,-8.30286346567804,0.0,0.0,0.0,42.59584363033046
705,2018-04-13 03:00:00,56.614768757165095,32.85595180700896,53.38970032585871,56.614768757165095,56.614768757165095,0.0,0.0,0.0,0.0,0.0,0.0,0.0,0.0,0.0,0.0,0.0,0.0,0.0,0.0,0.0,0.0,0.0,0.0,0.0,0.0,0.0,0.0,0.0,0.0,0.0,0.0,0.0,0.0,0.0,0.0,-13.23809287627153,-13.23809287627153,-13.23809287627153,-7.3825513937561915,-7.3825513937561915,-7.3825513937561915,0.47107245115510127,0.47107245115510127,0.47107245115510127,0.9170275130513058,0.9170275130513058,0.9170275130513058,-1.2901353389695236,-1.2901353389695236,-1.2901353389695236,0.0,0.0,0.0,-1.0201264884517838,-1.0201264884517838,-1.0201264884517838,1.4333224896654697,1.4333224896654697,1.4333224896654697,0.635406911533827,0.635406911533827,0.635406911533827,-0.8385561329357363,-0.8385561329357363,-0.8385561329357363,1.5215220997569265,1.5215220997569265,1.5215220997569265,1.5260436210539514,1.5260436210539514,1.5260436210539514,-8.29409109532357,-8.29409109532357,-8.29409109532357,0.0,0.0,0.0,43.376675880893565
706,2018-04-13 04:00:00,56.61443243194304,36.58581922798038,56.78591884820078,56.61443243194304,56.61443243194304,0.0,0.0,0.0,0.0,0.0,0.0,0.0,0.0,0.0,0.0,0.0,0.0,0.0,0.0,0.0,0.0,0.0,0.0,0.0,0.0,0.0,0.0,0.0,0.0,0.0,0.0,0.0,0.0,0.0,0.0,-9.879374613264536,-9.879374613264536,-9.879374613264536,-5.814320613955889,-5.814320613955889,-5.814320613955889,0.47107245115510127,0.47107245115510127,0.47107245115510127,2.738831766445659,2.738831766445659,2.738831766445659,-0.8309655683494063,-0.8309655683494063,-0.8309655683494063,0.0,0.0,0.0,-0.9067615740062135,-0.9067615740062135,-0.9067615740062135,2.0072910702849525,2.0072910702849525,2.0072910702849525,0.635406911533827,0.635406911533827,0.635406911533827,-0.3235442703778479,-0.3235442703778479,-0.3235442703778479,1.481390292821993,1.481390292821993,1.481390292821993,1.686332746205246,1.686332746205246,1.686332746205246,-8.2852760585763,-8.2852760585763,-8.2852760585763,0.0,0.0,0.0,46.7350578186785
707,2018-04-13 05:00:00,56.61409610672097,42.22387253694276,62.0898784746969,56.61409610672097,56.61409610672097,0.0,0.0,0.0,0.0,0.0,0.0,0.0,0.0,0.0,0.0,0.0,0.0,0.0,0.0,0.0,0.0,0.0,0.0,0.0,0.0,0.0,0.0,0.0,0.0,0.0,0.0,0.0,0.0,0.0,0.0,-4.6467408480315004,-4.6467408480315004,-4.6467408480315004,-3.0506025747163954,-3.0506025747163954,-3.0506025747163954,0.47107245115510127,0.47107245115510127,0.47107245115510127,5.239172613765993,5.239172613765993,5.239172613765993,-0.13856670789049916,-0.13856670789049916,-0.13856670789049916,0.0,0.0,0.0,-0.7933966595606433,-0.7933966595606433,-0.7933966595606433,2.8886912712027164,2.8886912712027164,2.8886912712027164,0.6331701079236663,0.6331701079236663,0.6331701079236663,0.429195802162599,0.429195802162599,0.429195802162599,1.4411077041304834,1.4411077041304834,1.4411077041304834,1.7490063487730532,1.7490063487730532,1.7490063487730532,-8.27641859121158,-8.27641859121158,-8.27641859121158,0.0,0.0,0.0,51.96735525868947
708,2018-04-13 06:00:00,56.613759781498906,47.283747338089974,67.53723525364619,56.613759781498906,56.613759781498906,0.0,0.0,0.0,0.0,0.0,0.0,0.0,0.0,0.0,0.0,0.0,0.0,0.0,0.0,0.0,0.0,0.0,0.0,0.0,0.0,0.0,0.0,0.0,0.0,0.0,0.0,0.0,0.0,0.0,0.0,0.4093681603226021,0.4093681603226021,0.4093681603226021,-0.028853104037350034,-0.028853104037350034,-0.028853104037350034,0.47107245115510127,0.47107245115510127,0.47107245115510127,7.3057720952513066,7.3057720952513066,7.3057720952513066,0.7245891647718076,0.7245891647718076,0.7245891647718076,0.0,0.0,0.0,-0.6800317451150731,-0.6800317451150731,-0.6800317451150731,3.56658039952866,3.56658039952866,3.56658039952866,0.5432506027952078,0.5432506027952078,0.5432506027952078,0.9362965762019331,0.9362965762019331,0.9362965762019331,1.3999681001397148,1.3999681001397148,1.3999681001397148,1.74401464591367,1.74401464591367,1.74401464591367,-8.267518931031068,-8.267518931031068,-8.267518931031068,0.0,0.0,0.0,57.02312794182151
709,2018-04-13 07:00:00,56.61342345627684,49.82652343333255,69.84138122264278,56.61342345627684,56.61342345627684,0.0,0.0,0.0,0.0,0.0,0.0,0.0,0.0,0.0,0.0,0.0,0.0,0.0,0.0,0.0,0.0,0.0,0.0,0.0,0.0,0.0,0.0,0.0,0.0,0.0,0.0,0.0,0.0,0.0,0.0,3.287309185867005,3.287309185867005,3.287309185867005,2.26727434260497,2.26727434260497,2.26727434260497,0.47107245115510127,0.47107245115510127,0.47107245115510127,7.921430530051483,7.921430530051483,7.921430530051483,1.010919520600679,1.010919520600679,1.010919520600679,0.0,0.0,0.0,-0.5666668306695031,-0.5666668306695031,-0.5666668306695031,3.7296779257901895,3.7296779257901895,3.7296779257901895,0.25157141203025785,0.25157141203025785,0.25157141203025785,1.2187224363143236,1.2187224363143236,1.2187224363143236,1.3571816310707716,1.3571816310707716,1.3571816310707716,1.8061336148304348,1.8061336148304348,1.8061336148304348,-8.258577317860219,-8.258577317860219,-8.258577317860219,0.0,0.0,0.0,59.90073264214384
710,2018-04-13 08:00:00,56.613087131054776,50.040057191707746,69.94736633245336,56.613087131054776,56.613087131054776,0.0,0.0,0.0,0.0,0.0,0.0,0.0,0.0,0.0,0.0,0.0,0.0,0.0,0.0,0.0,0.0,0.0,0.0,0.0,0.0,0.0,0.0,0.0,0.0,0.0,0.0,0.0,0.0,0.0,0.0,3.3227246477257144,3.3227246477257144,3.3227246477257144,3.465608452390902,3.465608452390902,3.465608452390902,0.47107245115510127,0.47107245115510127,0.47107245115510127,6.794826756528946,6.794826756528946,6.794826756528946,0.5897535972087572,0.5897535972087572,0.5897535972087572,0.0,0.0,0.0,-0.4533019162239329,-0.4533019162239329,-0.4533019162239329,3.216810778312932,3.216810778312932,3.216810778312932,-0.0665020613345879,-0.0665020613345879,-0.0665020613345879,1.3112821719814096,1.3112821719814096,1.3112821719814096,1.3118834323442454,1.3118834323442454,1.3118834323442454,1.7257117354292661,1.7257117354292661,1.7257117354292661,-8.24959399353838,-8.24959399353838,-8.24959399353838,0.0,0.0,0.0,59.93581177878049
711,2018-04-13 09:00:00,56.61275080583272,49.335672568499206,70.09201779779072,56.61275080583272,56.61275080583272,0.0,0.0,0.0,0.0,0.0,0.0,0.0,0.0,0.0,0.0,0.0,0.0,0.0,0.0,0.0,0.0,0.0,0.0,0.0,0.0,0.0,0.0,0.0,0.0,0.0,0.0,0.0,0.0,0.0,0.0,3.56655064333014,3.56655064333014,3.56655064333014,3.8503563403590184,3.8503563403590184,3.8503563403590184,0.47107245115510127,0.47107245115510127,0.47107245115510127,6.693619791103079,6.693619791103079,6.693619791103079,0.9697920694907137,0.9697920694907137,0.9697920694907137,0.0,0.0,0.0,-0.3399370017783627,-0.3399370017783627,-0.3399370017783627,2.7799595870283635,2.7799595870283635,2.7799595870283635,-0.287498258018461,-0.287498258018461,-0.287498258018461,1.356770930963097,1.356770930963097,1.356770930963097,1.2631437137750081,1.2631437137750081,1.2631437137750081,1.7434600122626276,1.7434600122626276,1.7434600122626276,-8.240569201906967,-8.240569201906967,-8.240569201906967,0.0,0.0,0.0,60.17930144916286
712,2018-04-13 10:00:00,56.61241448061065,48.92429826634253,69.384236824345,56.61241448061065,56.61241448061065,0.0,0.0,0.0,0.0,0.0,0.0,0.0,0.0,0.0,0.0,0.0,0.0,0.0,0.0,0.0,0.0,0.0,0.0,0.0,0.0,0.0,0.0,0.0,0.0,0.0,0.0,0.0,0.0,0.0,0.0,3.1110734224299814,3.1110734224299814,3.1110734224299814,3.823991099136312,3.823991099136312,3.823991099136312,0.47107245115510127,0.47107245115510127,0.47107245115510127,6.308606285971874,6.308606285971874,6.308606285971874,0.7136565511856142,0.7136565511856142,0.7136565511856142,0.0,0.0,0.0,-0.22657208733279252,-0.22657208733279252,-0.22657208733279252,2.6014664240695806,2.6014664240695806,2.6014664240695806,-0.4064962100790081,-0.4064962100790081,-0.4064962100790081,1.3166221567314336,1.3166221567314336,1.3166221567314336,1.2099792261330704,1.2099792261330704,1.2099792261330704,1.8388570002419447,1.8388570002419447,1.8388570002419447,-8.231503188811274,-8.231503188811274,-8.231503188811274,0.0,0.0,0.0,59.723487903040635
713,2018-04-13 11:00:00,56.61207815538859,48.15596166785854,68.88275968566786,56.61207815538859,56.61207815538859,0.0,0.0,0.0,0.0,0.0,0.0,0.0,0.0,0.0,0.0,0.0,0.0,0.0,0.0,0.0,0.0,0.0,0.0,0.0,0.0,0.0,0.0,0.0,0.0,0.0,0.0,0.0,0.0,0.0,0.0,2.3773741235379626,2.3773741235379626,2.3773741235379626,3.4137329892752004,3.4137329892752004,3.4137329892752004,0.47107245115510127,0.47107245115510127,0.47107245115510127,6.034671362204101,6.034671362204101,6.034671362204101,0.5918359997966035,0.5918359997966035,0.5918359997966035,0.0,0.0,0.0,-0.11320717288722237,-0.11320717288722237,-0.11320717288722237,2.429708852165846,2.429708852165846,2.429708852165846,-0.49865251881762734,-0.49865251881762734,-0.49865251881762734,1.2274246336847334,1.2274246336847334,1.2274246336847334,1.1513659741447446,1.1513659741447446,1.1513659741447446,1.9264891171066663,1.9264891171066663,1.9264891171066663,-8.222396202086083,-8.222396202086083,-8.222396202086083,0.0,0.0,0.0,58.98945227892655
714,2018-04-13 12:00:00,56.61174183016652,47.54592526656449,67.54429544327463,56.61174183016652,56.61174183016652,0.0,0.0,0.0,0.0,0.0,0.0,0.0,0.0,0.0,0.0,0.0,0.0,0.0,0.0,0.0,0.0,0.0,0.0,0.0,0.0,0.0,0.0,0.0,0.0,0.0,0.0,0.0,0.0,0.0,0.0,0.3670201926556064,0.3670201926556064,0.3670201926556064,2.376719984018275,2.376719984018275,2.376719984018275,0.47107245115510127,0.47107245115510127,0.47107245115510127,5.1172956740894415,5.1172956740894415,5.1172956740894415,0.016572284904052957,0.016572284904052957,0.016572284904052957,0.0,0.0,0.0,0.0001577415583477916,0.0001577415583477916,0.0001577415583477916,2.231490029688707,2.231490029688707,2.231490029688707,-0.5469674767970975,-0.5469674767970975,-0.5469674767970975,1.0001786159892596,1.0001786159892596,1.0001786159892596,1.0862530260959238,1.0862530260959238,1.0862530260959238,1.94479202759107,1.94479202759107,1.94479202759107,-8.213248491548034,-8.213248491548034,-8.213248491548034,0.0,0.0,0.0,56.97876202282213
715,2018-04-13 13:00:00,56.61140550494446,44.22132424708165,64.70986760670321,56.61140550494446,56.61140550494446,0.0,0.0,0.0,0.0,0.0,0.0,0.0,0.0,0.0,0.0,0.0,0.0,0.0,0.0,0.0,0.0,0.0,0.0,0.0,0.0,0.0,0.0,0.0,0.0,0.0,0.0,0.0,0.0,0.0,0.0,-1.8186983366730343,-1.8186983366730343,-1.8186983366730343,0.7856832485151034,0.7856832485151034,0.7856832485151034,0.47107245115510127,0.47107245115510127,0.47107245115510127,4.586101470593595,4.586101470593595,4.586101470593595,-0.13440190271480648,-0.13440190271480648,-0.13440190271480648,0.0,0.0,0.0,0.11352265600391795,0.11352265600391795,0.11352265600391795,1.9750564559500778,1.9750564559500778,1.9750564559500778,-0.5639671842343186,-0.5639671842343186,-0.5639671842343186,0.8221791243217866,0.8221791243217866,0.8221791243217866,1.013577253209623,1.013577253209623,1.013577253209623,1.9026398701118368,1.9026398701118368,1.9026398701118368,-8.204060308991355,-8.204060308991355,-8.204060308991355,0.0,0.0,0.0,54.79270716827142
716,2018-04-13 14:00:00,56.61106917972239,43.03049111415373,62.61973979188567,56.61106917972239,56.61106917972239,0.0,0.0,0.0,0.0,0.0,0.0,0.0,0.0,0.0,0.0,0.0,0.0,0.0,0.0,0.0,0.0,0.0,0.0,0.0,0.0,0.0,0.0,0.0,0.0,0.0,0.0,0.0,0.0,0.0,0.0,-3.5468815659156068,-3.5468815659156068,-3.5468815659156068,-0.5936472268843977,-0.5936472268843977,-0.5936472268843977,0.47107245115510127,0.47107245115510127,0.47107245115510127,4.30931875252969,4.30931875252969,4.30931875252969,-0.3494099699099408,-0.3494099699099408,-0.3494099699099408,0.0,0.0,0.0,0.22688757044948812,0.22688757044948812,0.22688757044948812,1.8600702943674658,1.8600702943674658,1.8600702943674658,-0.4897053043769846,-0.4897053043769846,-0.4897053043769846,0.7171594242379775,0.7171594242379775,0.7171594242379775,0.9322788166165497,0.9322788166165497,0.9322788166165497,1.8732442866065822,1.8732442866065822,1.8732442866065822,-8.194831908177449,-8.194831908177449,-8.194831908177449,0.0,0.0,0.0,53.06418761380679
717,2018-04-13 15:00:00,56.61073285450033,43.31886155930089,63.81027711857843,56.61073285450033,56.61073285450033,0.0,0.0,0.0,0.0,0.0,0.0,0.0,0.0,0.0,0.0,0.0,0.0,0.0,0.0,0.0,0.0,0.0,0.0,0.0,0.0,0.0,0.0,0.0,0.0,0.0,0.0,0.0,0.0,0.0,0.0,-3.4362311442920825,-3.4362311442920825,-3.4362311442920825,-0.6757188782711289,-0.6757188782711289,-0.6757188782711289,0.47107245115510127,0.47107245115510127,0.47107245115510127,4.583734071643288,4.583734071643288,4.583734071643288,-0.27496407739443424,-0.27496407739443424,-0.27496407739443424,0.0,0.0,0.0,0.34025248489505827,0.34025248489505827,0.34025248489505827,1.8855693176472919,1.8855693176472919,1.8855693176472919,-0.378759845313016,-0.378759845313016,-0.378759845313016,0.6418063060987472,0.6418063060987472,0.6418063060987472,0.8413172071615977,0.8413172071615977,0.8413172071615977,1.8987574345545393,1.8987574345545393,1.8987574345545393,-8.18556354482584,-8.18556354482584,-8.18556354482584,0.0,0.0,0.0,53.17450171020825
718,2018-04-13 16:00:00,56.61039652927826,44.23684439378816,63.80992371942504,56.61039652927826,56.61039652927826,0.0,0.0,0.0,0.0,0.0,0.0,0.0,0.0,0.0,0.0,0.0,0.0,0.0,0.0,0.0,0.0,0.0,0.0,0.0,0.0,0.0,0.0,0.0,0.0,0.0,0.0,0.0,0.0,0.0,0.0,-1.7998585238438356,-1.7998585238438356,-1.7998585238438356,1.033043995571589,1.033043995571589,1.033043995571589,0.47107245115510127,0.47107245115510127,0.47107245115510127,4.603665324325972,4.603665324325972,4.603665324325972,-0.13440190271480648,-0.13440190271480648,-0.13440190271480648,0.0,0.0,0.0,0.45361739934062845,0.45361739934062845,0.45361739934062845,1.6791715631747368,1.6791715631747368,1.6791715631747368,-0.260209253974501,-0.260209253974501,-0.260209253974501,0.5156244442278054,0.5156244442278054,0.5156244442278054,0.7396876328674103,0.7396876328674103,0.7396876328674103,1.8787906231170077,1.8787906231170077,1.8787906231170077,-8.176255476608805,-8.176255476608805,-8.176255476608805,0.0,0.0,0.0,54.810538005434424
719,2018-04-13 17:00:00,56.610060204056204,48.51413012064936,68.34368055357196,56.610060204056204,56.610060204056204,0.0,0.0,0.0,0.0,0.0,0.0,0.0,0.0,0.0,0.0,0.0,0.0,0.0,0.0,0.0,0.0,0.0,0.0,0.0,0.0,0.0,0.0,0.0,0.0,0.0,0.0,0.0,0.0,0.0,0.0,1.627034472922142,1.627034472922142,1.627034472922142,3.811085557791247,3.811085557791247,3.811085557791247,0.47107245115510127,0.47107245115510127,0.47107245115510127,5.356419337359939,5.356419337359939,5.356419337359939,0.05717913536705653,0.05717913536705653,0.05717913536705653,0.0,0.0,0.0,0.5669823137861986,0.5669823137861986,0.5669823137861986,1.8037799976931328,1.8037799976931328,1.8037799976931328,0.04265395484125229,0.04265395484125229,0.04265395484125229,0.4816067635980216,0.4816067635980216,0.4816067635980216,0.6264375409141683,0.6264375409141683,0.6264375409141683,1.9331447209191763,1.9331447209191763,1.9331447209191763,-8.166907963143212,-8.166907963143212,-8.166907963143212,0.0,0.0,0.0,58.237094676978344
