,ds,trend,yhat_lower,yhat_upper,trend_lower,trend_upper,All Saints' Day,All Saints' Day_lower,All Saints' Day_upper,Assumption Day,Assumption Day_lower,Assumption Day_upper,Christmas Day,Christmas Day_lower,Christmas Day_upper,Constitution Day,Constitution Day_lower,Constitution Day_upper,Epiphany,Epiphany_lower,Epiphany_upper,Good Friday,Good Friday_lower,Good Friday_upper,Immaculate Conception,Immaculate Conception_lower,Immaculate Conception_upper,Labor Day,Labor Day_lower,Labor Day_upper,National Day,National Day_lower,National Day_upper,New Year's Day,New Year's Day_lower,New Year's Day_upper,additive_terms,additive_terms_lower,additive_terms_upper,daily,daily_lower,daily_upper,day_of_week,day_of_week_lower,day_of_week_upper,extra_regressors_additive,extra_regressors_additive_lower,extra_regressors_additive_upper,fossil_fuels,fossil_fuels_lower,fossil_fuels_upper,holidays,holidays_lower,holidays_upper,hour_of_day,hour_of_day_lower,hour_of_day_upper,other_green_energy,other_green_energy_lower,other_green_energy_upper,solarpower,solarpower_lower,solarpower_upper,total_load_actual,total_load_actual_lower,total_load_actual_upper,weekly,weekly_lower,weekly_upper,windpower,windpower_lower,windpower_upper,yearly,yearly_lower,yearly_upper,multiplicative_terms,multiplicative_terms_lower,multiplicative_terms_upper,yhat
0,2018-03-14 18:00:00,56.88463504168755,45.120918940323484,65.07050418103795,56.88463504168755,56.88463504168755,0.0,0.0,0.0,0.0,0.0,0.0,0.0,0.0,0.0,0.0,0.0,0.0,0.0,0.0,0.0,0.0,0.0,0.0,0.0,0.0,0.0,0.0,0.0,0.0,0.0,0.0,0.0,0.0,0.0,0.0,-2.0042024526613944,-2.0042024526613944,-2.0042024526613944,6.153173503967544,6.153173503967544,6.153173503967544,-1.4845379828060374,-1.4845379828060374,-1.4845379828060374,-3.685717445431851,-3.685717445431851,-3.685717445431851,-2.1438965900918934,-2.1438965900918934,-2.1438965900918934,0.0,0.0,0.0,0.6710570950554193,0.6710570950554193,0.6710570950554193,2.1923722944114696,2.1923722944114696,2.1923722944114696,0.6916073628359872,0.6916073628359872,0.6916073628359872,0.9813086226154997,0.9813086226154997,0.9813086226154997,2.9134982145336474,2.9134982145336474,2.9134982145336474,-4.593628247452297,-4.593628247452297,-4.593628247452297,-7.3851567257307345,-7.3851567257307345,-7.3851567257307345,0.0,0.0,0.0,54.88043258902616
1,2018-03-14 19:00:00,56.88430151154217,45.788125088797365,66.27314279988016,56.88430151154217,56.88430151154217,0.0,0.0,0.0,0.0,0.0,0.0,0.0,0.0,0.0,0.0,0.0,0.0,0.0,0.0,0.0,0.0,0.0,0.0,0.0,0.0,0.0,0.0,0.0,0.0,0.0,0.0,0.0,0.0,0.0,0.0,-0.7856610159146141,-0.7856610159146141,-0.7856610159146141,6.393639688868486,6.393639688868486,6.393639688868486,-1.4845379828060374,-1.4845379828060374,-1.4845379828060374,-2.706437835493609,-2.706437835493609,-2.706437835493609,-2.1241002245891782,-2.1241002245891782,-2.1241002245891782,0.0,0.0,0.0,0.7828733697123732,0.7828733697123732,0.7828733697123732,2.353253767398253,2.353253767398253,2.353253767398253,0.6935773299136294,0.6935773299136294,0.6935773299136294,1.1635396615432823,1.1635396615432823,1.1635396615432823,2.912976493451459,2.912976493451459,2.912976493451459,-4.091043756665932,-4.091043756665932,-4.091043756665932,-7.38583936274095,-7.38583936274095,-7.38583936274095,0.0,0.0,0.0,56.098640495627556
2,2018-03-14 20:00:00,56.883967981396786,44.61204026714799,63.21943596902886,56.883967981396786,56.883967981396786,0.0,0.0,0.0,0.0,0.0,0.0,0.0,0.0,0.0,0.0,0.0,0.0,0.0,0.0,0.0,0.0,0.0,0.0,0.0,0.0,0.0,0.0,0.0,0.0,0.0,0.0,0.0,0.0,0.0,0.0,-3.47538634479799,-3.47538634479799,-3.47538634479799,4.439053112381289,4.439053112381289,4.439053112381289,-1.4845379828060374,-1.4845379828060374,-1.4845379828060374,-3.4376513439414276,-3.4376513439414276,-3.4376513439414276,-2.6837488277199775,-2.6837488277199775,-2.6837488277199775,0.0,0.0,0.0,0.8946896443693272,0.8946896443693272,0.8946896443693272,2.0678640240130024,2.0678640240130024,2.0678640240130024,0.6985022476077348,0.6985022476077348,0.6985022476077348,0.9845353104885886,0.9845353104885886,0.9845353104885886,2.9097318487844634,2.9097318487844634,2.9097318487844634,-3.9149557598940654,-3.9149557598940654,-3.9149557598940654,-7.386519962022315,-7.386519962022315,-7.386519962022315,0.0,0.0,0.0,53.4085816365988
3,2018-03-14 21:00:00,56.88363445125141,38.92696928882998,59.00040809087847,56.88363445125141,56.88363445125141,0.0,0.0,0.0,0.0,0.0,0.0,0.0,0.0,0.0,0.0,0.0,0.0,0.0,0.0,0.0,0.0,0.0,0.0,0.0,0.0,0.0,0.0,0.0,0.0,0.0,0.0,0.0,0.0,0.0,0.0,-7.587163566857431,-7.587163566857431,-7.587163566857431,1.2560982978043742,1.2560982978043742,1.2560982978043742,-1.4845379828060374,-1.4845379828060374,-1.4845379828060374,-4.359291555386205,-4.359291555386205,-4.359291555386205,-2.877967224408773,-2.877967224408773,-2.877967224408773,0.0,0.0,0.0,1.006505919026281,1.006505919026281,1.006505919026281,1.7120594910016518,1.7120594910016518,1.7120594910016518,0.6985022476077348,0.6985022476077348,0.6985022476077348,0.5639903243626688,0.5639903243626688,0.5639903243626688,2.9032283236912484,2.9032283236912484,2.9032283236912484,-3.9778443301697317,-3.9778443301697317,-3.9778443301697317,-7.387198632966848,-7.387198632966848,-7.387198632966848,0.0,0.0,0.0,49.29647088439398
4,2018-03-14 22:00:00,56.88330092110603,36.07960397683784,54.916295640843785,56.88330092110603,56.88330092110603,0.0,0.0,0.0,0.0,0.0,0.0,0.0,0.0,0.0,0.0,0.0,0.0,0.0,0.0,0.0,0.0,0.0,0.0,0.0,0.0,0.0,0.0,0.0,0.0,0.0,0.0,0.0,0.0,0.0,0.0,-11.49429740157299,-11.49429740157299,-11.49429740157299,-1.8418929225710545,-1.8418929225710545,-1.8418929225710545,-1.4845379828060374,-1.4845379828060374,-1.4845379828060374,-5.157539158827673,-5.157539158827673,-5.157539158827673,-3.119803905685179,-3.119803905685179,-3.119803905685179,0.0,0.0,0.0,1.118322193683235,1.118322193683235,1.118322193683235,1.6407120551553391,1.6407120551553391,1.6407120551553391,0.6985022476077348,0.6985022476077348,0.6985022476077348,0.13376527461748236,0.13376527461748236,0.13376527461748236,2.89301016480302,2.89301016480302,2.89301016480302,-4.144499041400247,-4.144499041400247,-4.144499041400247,-7.3878754849772825,-7.3878754849772825,-7.3878754849772825,0.0,0.0,0.0,45.389003519533034
5,2018-03-14 23:00:00,56.882967390960644,32.613568724133934,52.06521486693576,56.882967390960644,56.882967390960644,0.0,0.0,0.0,0.0,0.0,0.0,0.0,0.0,0.0,0.0,0.0,0.0,0.0,0.0,0.0,0.0,0.0,0.0,0.0,0.0,0.0,0.0,0.0,0.0,0.0,0.0,0.0,0.0,0.0,0.0,-14.713347865149068,-14.713347865149068,-14.713347865149068,-4.1407970382800645,-4.1407970382800645,-4.1407970382800645,-1.4845379828060374,-1.4845379828060374,-1.4845379828060374,-6.06270775194498,-6.06270775194498,-6.06270775194498,-3.3782267310314276,-3.3782267310314276,-3.3782267310314276,0.0,0.0,0.0,1.2301384683401888,1.2301384683401888,1.2301384683401888,1.1907102539024519,1.1907102539024519,1.1907102539024519,0.6985022476077348,0.6985022476077348,0.6985022476077348,-0.17584310939557146,-0.17584310939557146,-0.17584310939557146,2.87870755253487,2.87870755253487,2.87870755253487,-4.143450898562319,-4.143450898562319,-4.143450898562319,-7.388550627458892,-7.388550627458892,-7.388550627458892,0.0,0.0,0.0,42.16961952581158
6,2018-03-15 00:00:00,56.88263386081526,29.157167021351903,50.03915890426288,56.88263386081526,56.88263386081526,0.0,0.0,0.0,0.0,0.0,0.0,0.0,0.0,0.0,0.0,0.0,0.0,0.0,0.0,0.0,0.0,0.0,0.0,0.0,0.0,0.0,0.0,0.0,0.0,0.0,0.0,0.0,0.0,0.0,0.0,-17.30426585285557,-17.30426585285557,-17.30426585285557,-5.747201231953308,-5.747201231953308,-5.747201231953308,-0.49502237222500545,-0.49502237222500545,-0.49502237222500545,-7.027881171082877,-7.027881171082877,-7.027881171082877,-3.4953998133312796,-3.4953998133312796,-3.4953998133312796,0.0,0.0,0.0,0.0001594471136957353,0.0001594471136957353,0.0001594471136957353,1.0368236275672675,1.0368236275672675,1.0368236275672675,0.6960397887606821,0.6960397887606821,0.6960397887606821,-0.4504188822150887,-0.4504188822150887,-0.4504188822150887,2.8600407200006988,2.8600407200006988,2.8600407200006988,-4.320062966753148,-4.320062966753148,-4.320062966753148,-7.3892241698200865,-7.3892241698200865,-7.3892241698200865,0.0,0.0,0.0,39.578368007959696
7,2018-03-15 01:00:00,56.88230033066988,27.931060891073773,47.35107430041338,56.88230033066988,56.88230033066988,0.0,0.0,0.0,0.0,0.0,0.0,0.0,0.0,0.0,0.0,0.0,0.0,0.0,0.0,0.0,0.0,0.0,0.0,0.0,0.0,0.0,0.0,0.0,0.0,0.0,0.0,0.0,0.0,0.0,0.0,-19.34066263560854,-19.34066263560854,-19.34066263560854,-7.017360339236742,-7.017360339236742,-7.017360339236742,-0.49502237222500545,-0.49502237222500545,-0.49502237222500545,-7.770228491334266,-7.770228491334266,-7.770228491334266,-3.402838428683451,-3.402838428683451,-3.402838428683451,0.0,0.0,0.0,-1.2298195741127975,-1.2298195741127975,-1.2298195741127975,1.1380157424604038,1.1380157424604038,1.1380157424604038,0.6861899533724714,0.6861899533724714,0.6861899533724714,-0.6005366942154626,-0.6005366942154626,-0.6005366942154626,2.8368224164229314,2.8368224164229314,2.8368224164229314,-3.8662171179304248,-3.8662171179304248,-3.8662171179304248,-7.389896221460464,-7.389896221460464,-7.389896221460464,0.0,0.0,0.0,37.54163769506134
8,2018-03-15 02:00:00,56.8819668005245,26.866276479602114,47.680395085301065,56.8819668005245,56.8819668005245,0.0,0.0,0.0,0.0,0.0,0.0,0.0,0.0,0.0,0.0,0.0,0.0,0.0,0.0,0.0,0.0,0.0,0.0,0.0,0.0,0.0,0.0,0.0,0.0,0.0,0.0,0.0,0.0,0.0,0.0,-19.62397346717445,-19.62397346717445,-19.62397346717445,-7.876189891123856,-7.876189891123856,-7.876189891123856,-0.49502237222500545,-0.49502237222500545,-0.49502237222500545,-7.16617537924831,-7.16617537924831,-7.16617537924831,-3.445106344216274,-3.445106344216274,-3.445106344216274,0.0,0.0,0.0,-1.1180032994558435,-1.1180032994558435,-1.1180032994558435,1.2769800292721762,1.2769800292721762,1.2769800292721762,0.6852049698336502,0.6852049698336502,0.6852049698336502,-0.6552367362544934,-0.6552367362544934,-0.6552367362544934,2.808958694965491,2.808958694965491,2.808958694965491,-3.41499162620252,-3.41499162620252,-3.41499162620252,-7.390566891767777,-7.390566891767777,-7.390566891767777,0.0,0.0,0.0,37.25799333335005
9,2018-03-15 03:00:00,56.88163327037912,27.572711885480814,47.098720527626355,56.88163327037912,56.88163327037912,0.0,0.0,0.0,0.0,0.0,0.0,0.0,0.0,0.0,0.0,0.0,0.0,0.0,0.0,0.0,0.0,0.0,0.0,0.0,0.0,0.0,0.0,0.0,0.0,0.0,0.0,0.0,0.0,0.0,0.0,-19.760644541790022,-19.760644541790022,-19.760644541790022,-7.748436518681265,-7.748436518681265,-7.748436518681265,-0.49502237222500545,-0.49502237222500545,-0.49502237222500545,-7.397419762361698,-7.397419762361698,-7.397419762361698,-3.4996801085751095,-3.4996801085751095,-3.4996801085751095,0.0,0.0,0.0,-1.0061870247988898,-1.0061870247988898,-1.0061870247988898,1.1585339593050952,1.1585339593050952,1.1585339593050952,0.6871749369112924,0.6871749369112924,0.6871749369112924,-0.6480151014909136,-0.6480151014909136,-0.6480151014909136,2.7764480293626717,2.7764480293626717,2.7764480293626717,-3.5942240514881694,-3.5942240514881694,-3.5942240514881694,-7.39123629010973,-7.39123629010973,-7.39123629010973,0.0,0.0,0.0,37.1209887285891
10,2018-03-15 04:00:00,56.881299740233736,28.111115016097138,47.676226033747014,56.881299740233736,56.881299740233736,0.0,0.0,0.0,0.0,0.0,0.0,0.0,0.0,0.0,0.0,0.0,0.0,0.0,0.0,0.0,0.0,0.0,0.0,0.0,0.0,0.0,0.0,0.0,0.0,0.0,0.0,0.0,0.0,0.0,0.0,-18.21731748611303,-18.21731748611303,-18.21731748611303,-6.152538312209218,-6.152538312209218,-6.152538312209218,-0.49502237222500545,-0.49502237222500545,-0.49502237222500545,-7.412253435977454,-7.412253435977454,-7.412253435977454,-3.459017303758722,-3.459017303758722,-3.459017303758722,0.0,0.0,0.0,-0.8943707501419357,-0.8943707501419357,-0.8943707501419357,1.1249586953774184,1.1249586953774184,1.1249586953774184,0.6985022476077348,0.6985022476077348,0.6985022476077348,-0.573493976802908,-0.573493976802908,-0.573493976802908,2.7393787879060323,2.7393787879060323,2.7393787879060323,-3.8138099760340363,-3.8138099760340363,-3.8138099760340363,-7.3919045258323886,-7.3919045258323886,-7.3919045258323886,0.0,0.0,0.0,38.66398225412071
11,2018-03-15 05:00:00,56.88096621008835,31.67018758920224,52.384054176780346,56.88096621008835,56.88096621008835,0.0,0.0,0.0,0.0,0.0,0.0,0.0,0.0,0.0,0.0,0.0,0.0,0.0,0.0,0.0,0.0,0.0,0.0,0.0,0.0,0.0,0.0,0.0,0.0,0.0,0.0,0.0,0.0,0.0,0.0,-14.625733601456977,-14.625733601456977,-14.625733601456977,-3.3206112338873504,-3.3206112338873504,-3.3206112338873504,-0.49502237222500545,-0.49502237222500545,-0.49502237222500545,-6.610475776450481,-6.610475776450481,-6.610475776450481,-3.284060235667163,-3.284060235667163,-3.284060235667163,0.0,0.0,0.0,-0.7825544754849818,-0.7825544754849818,-0.7825544754849818,1.3501927575589157,1.3501927575589157,1.3501927575589157,0.6989947393771454,0.6989947393771454,0.6989947393771454,-0.17154085889811962,-0.17154085889811962,-0.17154085889811962,2.6979251171293517,2.6979251171293517,2.6979251171293517,-3.926485331111271,-3.926485331111271,-3.926485331111271,-7.392571708248498,-7.392571708248498,-7.392571708248498,0.0,0.0,0.0,42.255232608631374
12,2018-03-15 06:00:00,56.88063267994298,37.75450414152017,56.84038804700992,56.88063267994298,56.88063267994298,0.0,0.0,0.0,0.0,0.0,0.0,0.0,0.0,0.0,0.0,0.0,0.0,0.0,0.0,0.0,0.0,0.0,0.0,0.0,0.0,0.0,0.0,0.0,0.0,0.0,0.0,0.0,0.0,0.0,0.0,-10.08358964480713,-10.08358964480713,-10.08358964480713,-0.18981635212575887,-0.18981635212575887,-0.18981635212575887,-0.49502237222500545,-0.49502237222500545,-0.49502237222500545,-5.152876656417945,-5.152876656417945,-5.152876656417945,-2.9180949923196806,-2.9180949923196806,-2.9180949923196806,0.0,0.0,0.0,-0.6707382008280278,-0.6707382008280278,-0.6707382008280278,1.6826811350649349,1.6826811350649349,1.6826811350649349,0.6891449039889345,0.6891449039889345,0.6891449039889345,0.36562584606944176,0.36562584606944176,0.36562584606944176,2.652341310373816,2.652341310373816,2.652341310373816,-3.806472976168542,-3.806472976168542,-3.806472976168542,-7.3932379466372415,-7.3932379466372415,-7.3932379466372415,0.0,0.0,0.0,46.79704303513584
13,2018-03-15 07:00:00,56.880299149797594,40.36714405722091,60.60322758194321,56.880299149797594,56.880299149797594,0.0,0.0,0.0,0.0,0.0,0.0,0.0,0.0,0.0,0.0,0.0,0.0,0.0,0.0,0.0,0.0,0.0,0.0,0.0,0.0,0.0,0.0,0.0,0.0,0.0,0.0,0.0,0.0,0.0,0.0,-5.953480484893374,-5.953480484893374,-5.953480484893374,2.244293090558552,2.244293090558552,2.244293090558552,-0.49502237222500545,-0.49502237222500545,-0.49502237222500545,-3.4068249837536375,-3.4068249837536375,-3.4068249837536375,-2.6971247503569464,-2.6971247503569464,-2.6971247503569464,0.0,0.0,0.0,-0.5589219261710738,-0.5589219261710738,-0.5589219261710738,2.467036606264268,2.467036606264268,2.467036606264268,0.5468147826292876,0.5468147826292876,0.5468147826292876,0.7574379449445223,0.7574379449445223,0.7574379449445223,2.602954758534294,2.602954758534294,2.602954758534294,-3.4270452688386897,-3.4270452688386897,-3.4270452688386897,-7.393903350232583,-7.393903350232583,-7.393903350232583,0.0,0.0,0.0,50.92681866490422
14,2018-03-15 08:00:00,56.87996561965221,44.36843659060319,63.25336394320368,56.87996561965221,56.87996561965221,0.0,0.0,0.0,0.0,0.0,0.0,0.0,0.0,0.0,0.0,0.0,0.0,0.0,0.0,0.0,0.0,0.0,0.0,0.0,0.0,0.0,0.0,0.0,0.0,0.0,0.0,0.0,0.0,0.0,0.0,-3.507365983349776,-3.507365983349776,-3.507365983349776,3.583968176143383,3.583968176143383,3.583968176143383,-0.49502237222500545,-0.49502237222500545,-0.49502237222500545,-2.246923731826864,-2.246923731826864,-2.246923731826864,-2.520027534643472,-2.520027534643472,-2.520027534643472,0.0,0.0,0.0,-0.44710565151411996,-0.44710565151411996,-0.44710565151411996,3.010303029538479,3.010303029538479,3.010303029538479,0.21142788766070786,0.21142788766070786,0.21142788766070786,0.989759471806923,0.989759471806923,0.989759471806923,2.550157600554721,2.550157600554721,2.550157600554721,-2.996258562450377,-2.996258562450377,-2.996258562450377,-7.394568028221016,-7.394568028221016,-7.394568028221016,0.0,0.0,0.0,53.37259963630243
15,2018-03-15 09:00:00,56.879632089506835,43.2401444382351,62.966802757893944,56.879632089506835,56.879632089506835,0.0,0.0,0.0,0.0,0.0,0.0,0.0,0.0,0.0,0.0,0.0,0.0,0.0,0.0,0.0,0.0,0.0,0.0,0.0,0.0,0.0,0.0,0.0,0.0,0.0,0.0,0.0,0.0,0.0,0.0,-3.0467128851994008,-3.0467128851994008,-3.0467128851994008,4.08260311025777,4.08260311025777,4.08260311025777,-0.49502237222500545,-0.49502237222500545,-0.49502237222500545,-2.228481115875856,-2.228481115875856,-2.228481115875856,-2.421045707129899,-2.421045707129899,-2.421045707129899,0.0,0.0,0.0,-0.33528937685716603,-0.33528937685716603,-0.33528937685716603,3.0261580152821046,3.0261580152821046,3.0261580152821046,-0.09637946822088155,-0.09637946822088155,-0.09637946822088155,1.0699657132237042,1.0699657132237042,1.0699657132237042,2.494397210153755,2.494397210153755,2.494397210153755,-2.9768679199487127,-2.9768679199487127,-2.9768679199487127,-7.395232089735068,-7.395232089735068,-7.395232089735068,0.0,0.0,0.0,53.83291920430744
16,2018-03-15 10:00:00,56.87929855936145,42.361872600728134,63.08867058146607,56.87929855936145,56.87929855936145,0.0,0.0,0.0,0.0,0.0,0.0,0.0,0.0,0.0,0.0,0.0,0.0,0.0,0.0,0.0,0.0,0.0,0.0,0.0,0.0,0.0,0.0,0.0,0.0,0.0,0.0,0.0,0.0,0.0,0.0,-4.049532093613549,-4.049532093613549,-4.049532093613549,4.121087411120533,4.121087411120533,4.121087411120533,-0.49502237222500545,-0.49502237222500545,-0.49502237222500545,-3.2108895332968044,-3.2108895332968044,-3.2108895332968044,-2.288891591476641,-2.288891591476641,-2.288891591476641,0.0,0.0,0.0,-0.22347310220021213,-0.22347310220021213,-0.22347310220021213,2.4250675263546726,2.4250675263546726,2.4250675263546726,-0.33917791054027924,-0.33917791054027924,-0.33917791054027924,1.073192401096793,1.073192401096793,1.073192401096793,2.436165672409088,2.436165672409088,2.436165672409088,-3.362584484306132,-3.362584484306132,-3.362584484306132,-7.395895643846367,-7.395895643846367,-7.395895643846367,0.0,0.0,0.0,52.8297664657479
17,2018-03-15 11:00:00,56.878965029216076,40.87308317200151,61.658095599819056,56.878965029216076,56.878965029216076,0.0,0.0,0.0,0.0,0.0,0.0,0.0,0.0,0.0,0.0,0.0,0.0,0.0,0.0,0.0,0.0,0.0,0.0,0.0,0.0,0.0,0.0,0.0,0.0,0.0,0.0,0.0,0.0,0.0,0.0,-5.325225946922748,-5.325225946922748,-5.325225946922748,3.7247362909749815,3.7247362909749815,3.7247362909749815,-0.49502237222500545,-0.49502237222500545,-0.49502237222500545,-4.02939185655719,-4.02939185655719,-4.02939185655719,-2.387873418990215,-2.387873418990215,-2.387873418990215,0.0,0.0,0.0,-0.11165682754325819,-0.11165682754325819,-0.11165682754325819,2.030558175204473,2.030558175204473,2.030558175204473,-0.5248473076080539,-0.5248473076080539,-0.5248473076080539,1.0065075183862893,1.0065075183862893,1.0065075183862893,2.3759884182189865,2.3759884182189865,2.3759884182189865,-3.5470576237814195,-3.5470576237814195,-3.5470576237814195,-7.396558799559526,-7.396558799559526,-7.396558799559526,0.0,0.0,0.0,51.553739082293326
18,2018-03-15 12:00:00,56.87863149907069,40.50105865784964,60.398461278157754,56.87863149907069,56.87863149907069,0.0,0.0,0.0,0.0,0.0,0.0,0.0,0.0,0.0,0.0,0.0,0.0,0.0,0.0,0.0,0.0,0.0,0.0,0.0,0.0,0.0,0.0,0.0,0.0,0.0,0.0,0.0,0.0,0.0,0.0,-6.265811886176003,-6.265811886176003,-6.265811886176003,2.6670147039846643,2.6670147039846643,2.6670147039846643,-0.49502237222500545,-0.49502237222500545,-0.49502237222500545,-3.850017122000449,-3.850017122000449,-3.850017122000449,-2.5173523501160786,-2.5173523501160786,-2.5173523501160786,0.0,0.0,0.0,0.0001594471136957353,0.0001594471136957353,0.0001594471136957353,2.089781210188013,2.089781210188013,2.089781210188013,-0.5873937623231928,-0.5873937623231928,-0.5873937623231928,0.9542659052029452,0.9542659052029452,0.9542659052029452,2.314412197645782,2.314412197645782,2.314412197645782,-3.2944551998408267,-3.2944551998408267,-3.2944551998408267,-7.397221665805999,-7.397221665805999,-7.397221665805999,0.0,0.0,0.0,50.61281961289469
19,2018-03-15 13:00:00,56.87829796892531,38.30249448804582,58.36741011737703,56.87829796892531,56.87829796892531,0.0,0.0,0.0,0.0,0.0,0.0,0.0,0.0,0.0,0.0,0.0,0.0,0.0,0.0,0.0,0.0,0.0,0.0,0.0,0.0,0.0,0.0,0.0,0.0,0.0,0.0,0.0,0.0,0.0,0.0,-8.28863395304167,-8.28863395304167,-8.28863395304167,1.0430678314968393,1.0430678314968393,1.0430678314968393,-0.49502237222500545,-0.49502237222500545,-0.49502237222500545,-4.185810015789181,-4.185810015789181,-4.185810015789181,-2.7383225920788123,-2.7383225920788123,-2.7383225920788123,0.0,0.0,0.0,0.11197572177064967,0.11197572177064967,0.11197572177064967,1.8580186244650236,1.8580186244650236,1.8580186244650236,-0.692787000977049,-0.692787000977049,-0.692787000977049,0.7403825947581952,0.7403825947581952,0.7403825947581952,2.251992582689164,2.251992582689164,2.251992582689164,-2.9700549915021823,-2.9700549915021823,-2.9700549915021823,-7.397884351438493,-7.397884351438493,-7.397884351438493,0.0,0.0,0.0,48.58966401588364
20,2018-03-15 14:00:00,56.87796443877993,36.99057982779802,57.01450113316163,56.87796443877993,56.87796443877993,0.0,0.0,0.0,0.0,0.0,0.0,0.0,0.0,0.0,0.0,0.0,0.0,0.0,0.0,0.0,0.0,0.0,0.0,0.0,0.0,0.0,0.0,0.0,0.0,0.0,0.0,0.0,0.0,0.0,0.0,-9.747952626728367,-9.747952626728367,-9.747952626728367,-0.3663617493993461,-0.3663617493993461,-0.3663617493993461,-0.49502237222500545,-0.49502237222500545,-0.49502237222500545,-4.172325109841483,-4.172325109841483,-4.172325109841483,-2.703545193222692,-2.703545193222692,-2.703545193222692,0.0,0.0,0.0,0.22379199642760358,0.22379199642760358,0.22379199642760358,1.8738736102086486,1.8738736102086486,1.8738736102086486,-0.7602583733862935,-0.7602583733862935,-0.7602583733862935,0.6185367145982191,0.6185367145982191,0.6185367145982191,2.1892811977366464,2.1892811977366464,2.1892811977366464,-2.9297014922419637,-2.9297014922419637,-2.9297014922419637,-7.398546965224183,-7.398546965224183,-7.398546965224183,0.0,0.0,0.0,47.13001181205156
21,2018-03-15 15:00:00,56.87763090863454,37.35799303034913,57.01484771802679,56.87763090863454,56.87763090863454,0.0,0.0,0.0,0.0,0.0,0.0,0.0,0.0,0.0,0.0,0.0,0.0,0.0,0.0,0.0,0.0,0.0,0.0,0.0,0.0,0.0,0.0,0.0,0.0,0.0,0.0,0.0,0.0,0.0,0.0,-9.585358637536372,-9.585358637536372,-9.585358637536372,-0.47343551334728584,-0.47343551334728584,-0.47343551334728584,-0.49502237222500545,-0.49502237222500545,-0.49502237222500545,-3.8395263886346336,-3.8395263886346336,-3.8395263886346336,-2.7554437730541332,-2.7554437730541332,-2.7554437730541332,0.0,0.0,0.0,0.3356082710845575,0.3356082710845575,0.3356082710845575,1.879469487529928,1.879469487529928,1.879469487529928,-0.42831892080358747,-0.42831892080358747,-0.42831892080358747,0.543400982696292,0.543400982696292,0.543400982696292,2.126812880286454,2.126812880286454,2.126812880286454,-2.9192200638626855,-2.9192200638626855,-2.9192200638626855,-7.399209615840905,-7.399209615840905,-7.399209615840905,0.0,0.0,0.0,47.29227227109817
22,2018-03-15 16:00:00,56.87729737848917,40.268006656890485,59.26949357282351,56.87729737848917,56.87729737848917,0.0,0.0,0.0,0.0,0.0,0.0,0.0,0.0,0.0,0.0,0.0,0.0,0.0,0.0,0.0,0.0,0.0,0.0,0.0,0.0,0.0,0.0,0.0,0.0,0.0,0.0,0.0,0.0,0.0,0.0,-6.847338988677582,-6.847338988677582,-6.847338988677582,1.2097035518906283,1.2097035518906283,1.2097035518906283,-0.49502237222500545,-0.49502237222500545,-0.49502237222500545,-2.7222631053657165,-2.7222631053657165,-2.7222631053657165,-2.547849453728369,-2.547849453728369,-2.547849453728369,0.0,0.0,0.0,0.44742454574151147,0.44742454574151147,0.44742454574151147,2.1121647194731312,2.1121647194731312,2.1121647194731312,-0.13233136738785117,-0.13233136738785117,-0.13233136738785117,0.5295723203830539,0.5295723203830539,0.5295723203830539,2.0650929766629216,2.0650929766629216,2.0650929766629216,-2.636221497622188,-2.636221497622188,-2.636221497622188,-7.399872411865415,-7.399872411865415,-7.399872411865415,0.0,0.0,0.0,50.02995838981158
23,2018-03-15 17:00:00,56.876963848343784,43.42862958748593,64.07732195260296,56.876963848343784,56.876963848343784,0.0,0.0,0.0,0.0,0.0,0.0,0.0,0.0,0.0,0.0,0.0,0.0,0.0,0.0,0.0,0.0,0.0,0.0,0.0,0.0,0.0,0.0,0.0,0.0,0.0,0.0,0.0,0.0,0.0,0.0,-2.7399937884534467,-2.7399937884534467,-2.7399937884534467,3.9562023333581062,3.9562023333581062,3.9562023333581062,-0.49502237222500545,-0.49502237222500545,-0.49502237222500545,-1.3002456361023227,-1.3002456361023227,-1.3002456361023227,-2.0882527519221004,-2.0882527519221004,-2.0882527519221004,0.0,0.0,0.0,0.5592408203984655,0.5592408203984655,0.5592408203984655,2.2707145769093815,2.2707145769093815,2.2707145769093815,0.282346702455826,0.282346702455826,0.282346702455826,0.5234262482438369,0.5234262482438369,0.5234262482438369,2.004584976065446,2.004584976065446,2.004584976065446,-2.3526988599627265,-2.3526988599627265,-2.3526988599627265,-7.400535461774676,-7.400535461774676,-7.400535461774676,0.0,0.0,0.0,54.13697005989034
24,2018-03-15 18:00:00,56.68567025627203,49.158534977088415,68.99267007187188,56.68567025627203,56.68567025627203,0.0,0.0,0.0,0.0,0.0,0.0,0.0,0.0,0.0,0.0,0.0,0.0,0.0,0.0,0.0,0.0,0.0,0.0,0.0,0.0,0.0,0.0,0.0,0.0,0.0,0.0,0.0,0.0,0.0,0.0,2.2279108596350907,2.2279108596350907,2.2279108596350907,6.237219279994627,6.237219279994627,6.237219279994627,-0.4544850106219888,-0.4544850106219888,-0.4544850106219888,1.4213629549952087,1.4213629549952087,1.4213629549952087,-1.5612912548249047,-1.5612912548249047,-1.5612912548249047,0.0,0.0,0.0,0.6079682110599128,0.6079682110599128,0.6079682110599128,3.365803927108913,3.365803927108913,3.365803927108913,0.5632571462562165,0.5632571462562165,0.5632571462562165,0.8246630063825457,0.8246630063825457,0.8246630063825457,1.9109912953688875,1.9109912953688875,1.9109912953688875,-1.9245530703654856,-1.9245530703654856,-1.9245530703654856,-7.3416626707236325,-7.3416626707236325,-7.3416626707236325,0.0,0.0,0.0,58.91358111590712
25,2018-03-15 19:00:00,56.68531415116724,49.144393305743755,69.96303334109432,56.68531415116724,56.68531415116724,0.0,0.0,0.0,0.0,0.0,0.0,0.0,0.0,0.0,0.0,0.0,0.0,0.0,0.0,0.0,0.0,0.0,0.0,0.0,0.0,0.0,0.0,0.0,0.0,0.0,0.0,0.0,0.0,0.0,0.0,3.0124354422649713,3.0124354422649713,3.0124354422649713,6.494049987827704,6.494049987827704,6.494049987827704,-0.4544850106219888,-0.4544850106219888,-0.4544850106219888,2.000134880292169,2.000134880292169,2.000134880292169,-1.560762274932811,-1.560762274932811,-1.560762274932811,0.0,0.0,0.0,0.7092721906759556,0.7092721906759556,0.7092721906759556,3.6137866847686317,3.6137866847686317,3.6137866847686317,0.6316253991881999,0.6316253991881999,0.6316253991881999,1.0743434036398496,1.0743434036398496,1.0743434036398496,1.8606923760316167,1.8606923760316167,1.8606923760316167,-2.0136455124256685,-2.0136455124256685,-2.0136455124256685,-7.342441801886518,-7.342441801886518,-7.342441801886518,0.0,0.0,0.0,59.69774959343221
26,2018-03-15 20:00:00,56.684958046062434,46.85206950557392,66.14615564246158,56.684958046062434,56.684958046062434,0.0,0.0,0.0,0.0,0.0,0.0,0.0,0.0,0.0,0.0,0.0,0.0,0.0,0.0,0.0,0.0,0.0,0.0,0.0,0.0,0.0,0.0,0.0,0.0,0.0,0.0,0.0,0.0,0.0,0.0,-0.48396146742431084,-0.48396146742431084,-0.48396146742431084,4.554882207150352,4.554882207150352,4.554882207150352,-0.4544850106219888,-0.4544850106219888,-0.4544850106219888,0.49162807119987056,0.49162807119987056,0.49162807119987056,-2.2336246976762846,-2.2336246976762846,-2.2336246976762846,0.0,0.0,0.0,0.8105761702919985,0.8105761702919985,0.8105761702919985,2.7957286221440407,2.7957286221440407,2.7957286221440407,0.6629998714241102,0.6629998714241102,0.6629998714241102,0.9368823323118332,0.9368823323118332,0.9368823323118332,1.8127474013052762,1.8127474013052762,1.8127474013052762,-2.0264492166738384,-2.0264492166738384,-2.0264492166738384,-7.34321914707981,-7.34321914707981,-7.34321914707981,0.0,0.0,0.0,56.200996578638126
27,2018-03-15 21:00:00,56.684601940957634,42.42363932537064,61.45683644079962,56.684601940957634,56.684601940957634,0.0,0.0,0.0,0.0,0.0,0.0,0.0,0.0,0.0,0.0,0.0,0.0,0.0,0.0,0.0,0.0,0.0,0.0,0.0,0.0,0.0,0.0,0.0,0.0,0.0,0.0,0.0,0.0,0.0,0.0,-4.6399946595742465,-4.6399946595742465,-4.6399946595742465,1.3843364587474876,1.3843364587474876,1.3843364587474876,-0.4544850106219888,-0.4544850106219888,-0.4544850106219888,-0.4476353487745743,-0.4476353487745743,-0.4476353487745743,-2.5192738394070053,-2.5192738394070053,-2.5192738394070053,0.0,0.0,0.0,0.9118801499080412,0.9118801499080412,0.9118801499080412,2.3353928133849067,2.3353928133849067,2.3353928133849067,0.6629998714241102,0.6629998714241102,0.6629998714241102,0.5660111453991874,0.5660111453991874,0.5660111453991874,1.7672990450245811,1.7672990450245811,1.7672990450245811,-1.9501604788618259,-1.9501604788618259,-1.9501604788618259,-7.343994814571739,-7.343994814571739,-7.343994814571739,0.0,0.0,0.0,52.044607281383385
28,2018-03-15 22:00:00,56.68424583585283,38.371299059013815,58.61888431604829,56.68424583585283,56.68424583585283,0.0,0.0,0.0,0.0,0.0,0.0,0.0,0.0,0.0,0.0,0.0,0.0,0.0,0.0,0.0,0.0,0.0,0.0,0.0,0.0,0.0,0.0,0.0,0.0,0.0,0.0,0.0,0.0,0.0,0.0,-8.467746636430673,-8.467746636430673,-8.467746636430673,-1.7180730586792279,-1.7180730586792279,-1.7180730586792279,-0.4544850106219888,-0.4544850106219888,-0.4544850106219888,-1.1293016051897309,-1.1293016051897309,-1.1293016051897309,-2.5864542857029336,-2.5864542857029336,-2.5864542857029336,0.0,0.0,0.0,1.013184129524084,1.013184129524084,1.013184129524084,1.8636554985264755,1.8636554985264755,1.8636554985264755,0.6634681471291238,0.6634681471291238,0.6634681471291238,0.10436091027545119,0.10436091027545119,0.10436091027545119,1.7243969400322634,1.7243969400322634,1.7243969400322634,-1.7330309943199427,-1.7330309943199427,-1.7330309943199427,-7.34476891259398,-7.34476891259398,-7.34476891259398,0.0,0.0,0.0,48.21649919942215
29,2018-03-15 23:00:00,56.68388973074802,35.0581205417229,55.77329652463447,56.68388973074802,56.68388973074802,0.0,0.0,0.0,0.0,0.0,0.0,0.0,0.0,0.0,0.0,0.0,0.0,0.0,0.0,0.0,0.0,0.0,0.0,0.0,0.0,0.0,0.0,0.0,0.0,0.0,0.0,0.0,0.0,0.0,0.0,-11.504538498587944,-11.504538498587944,-11.504538498587944,-4.052277199383798,-4.052277199383798,-4.052277199383798,-0.4544850106219888,-0.4544850106219888,-0.4544850106219888,-1.7907115873101214,-1.7907115873101214,-1.7907115873101214,-2.6705620885458674,-2.6705620885458674,-2.6705620885458674,0.0,0.0,0.0,1.1144881091401269,1.1144881091401269,1.1144881091401269,1.559615335878544,1.559615335878544,1.559615335878544,0.6634681471291238,0.6634681471291238,0.6634681471291238,-0.18804798371102605,-0.18804798371102605,-0.18804798371102605,1.6839918374338274,1.6839918374338274,1.6839918374338274,-1.8151880965790335,-1.8151880965790335,-1.8151880965790335,-7.345541549327854,-7.345541549327854,-7.345541549327854,0.0,0.0,0.0,45.17935123216007
30,2018-03-16 00:00:00,56.68353362564322,33.40560386652232,53.31633827995702,56.68353362564322,56.68353362564322,0.0,0.0,0.0,0.0,0.0,0.0,0.0,0.0,0.0,0.0,0.0,0.0,0.0,0.0,0.0,0.0,0.0,0.0,0.0,0.0,0.0,0.0,0.0,0.0,0.0,0.0,0.0,0.0,0.0,0.0,-13.905299063482207,-13.905299063482207,-13.905299063482207,-5.722521391963786,-5.722521391963786,-5.722521391963786,0.45516542590844067,0.45516542590844067,0.45516542590844067,-2.4823961216506936,-2.4823961216506936,-2.4823961216506936,-2.803336041461443,-2.803336041461443,-2.803336041461443,0.0,0.0,0.0,0.0001443333636559672,0.0001443333636559672,0.0001443333636559672,1.363889481173938,1.363889481173938,1.363889481173938,0.6639364228341375,0.6639364228341375,0.6639364228341375,-0.48091305381916705,-0.48091305381916705,-0.48091305381916705,1.6459312830377282,1.6459312830377282,1.6459312830377282,-1.6812826896502555,-1.6812826896502555,-1.6812826896502555,-7.346312832905458,-7.346312832905458,-7.346312832905458,0.0,0.0,0.0,42.77823456216102
31,2018-03-16 01:00:00,56.68317752053842,31.194840115216095,50.155160196654116,56.68317752053842,56.68317752053842,0.0,0.0,0.0,0.0,0.0,0.0,0.0,0.0,0.0,0.0,0.0,0.0,0.0,0.0,0.0,0.0,0.0,0.0,0.0,0.0,0.0,0.0,0.0,0.0,0.0,0.0,0.0,0.0,0.0,0.0,-16.477413425746906,-16.477413425746906,-16.477413425746906,-7.061252376805102,-7.061252376805102,-7.061252376805102,0.45516542590844067,0.45516542590844067,0.45516542590844067,-3.679035082095837,-3.679035082095837,-3.679035082095837,-2.875806286678311,-2.875806286678311,-2.875806286678311,0.0,0.0,0.0,-1.1141994424128148,-1.1141994424128148,-1.1141994424128148,1.3011811976278023,1.3011811976278023,1.3011811976278023,0.6634681471291238,0.6634681471291238,0.6634681471291238,-0.6718987900890658,-0.6718987900890658,-0.6718987900890658,1.6099569045500561,1.6099569045500561,1.6099569045500561,-1.4369453335810116,-1.4369453335810116,-1.4369453335810116,-7.347082871396027,-7.347082871396027,-7.347082871396027,0.0,0.0,0.0,40.20576409479152
32,2018-03-16 02:00:00,56.68282141543362,29.92179431114021,49.82080418384981,56.68282141543362,56.68282141543362,0.0,0.0,0.0,0.0,0.0,0.0,0.0,0.0,0.0,0.0,0.0,0.0,0.0,0.0,0.0,0.0,0.0,0.0,0.0,0.0,0.0,0.0,0.0,0.0,0.0,0.0,0.0,0.0,0.0,0.0,-17.066038425225173,-17.066038425225173,-17.066038425225173,-7.962053189915404,-7.962053189915404,-7.962053189915404,0.45516542590844067,0.45516542590844067,0.45516542590844067,-3.3318368435770176,-3.3318368435770176,-3.3318368435770176,-2.856234030670836,-2.856234030670836,-2.856234030670836,0.0,0.0,0.0,-1.0128954627967721,-1.0128954627967721,-1.0128954627967721,1.3876426188808075,1.3876426188808075,1.3876426188808075,0.6634681471291238,0.6634681471291238,0.6634681471291238,-0.7395649148025252,-0.7395649148025252,-0.7395649148025252,1.5757033810730323,1.5757033810730323,1.5757033810730323,-1.229418627225256,-1.229418627225256,-1.229418627225256,-7.347851772805787,-7.347851772805787,-7.347851772805787,0.0,0.0,0.0,39.61678299020845
33,2018-03-16 03:00:00,56.68246531032882,30.013827494933103,49.33341913156009,56.68246531032882,56.68246531032882,0.0,0.0,0.0,0.0,0.0,0.0,0.0,0.0,0.0,0.0,0.0,0.0,0.0,0.0,0.0,0.0,0.0,0.0,0.0,0.0,0.0,0.0,0.0,0.0,0.0,0.0,0.0,0.0,0.0,0.0,-17.013189750891076,-17.013189750891076,-17.013189750891076,-7.833587261095838,-7.833587261095838,-7.833587261095838,0.45516542590844067,0.45516542590844067,0.45516542590844067,-3.373681988343114,-3.373681988343114,-3.373681988343114,-2.878980166030875,-2.878980166030875,-2.878980166030875,0.0,0.0,0.0,-0.9115914831807294,-0.9115914831807294,-0.9115914831807294,1.268401867592322,1.268401867592322,1.268401867592322,0.6634681471291238,0.6634681471291238,0.6634681471291238,-0.7316578620270198,-0.7316578620270198,-0.7316578620270198,1.542699143614302,1.542699143614302,1.542699143614302,-1.2384879177343766,-1.2384879177343766,-1.2384879177343766,-7.348619645066428,-7.348619645066428,-7.348619645066428,0.0,0.0,0.0,39.66927555943775
34,2018-03-16 04:00:00,56.682109205224016,31.894331958994602,52.109474934152274,56.682109205224016,56.682109205224016,0.0,0.0,0.0,0.0,0.0,0.0,0.0,0.0,0.0,0.0,0.0,0.0,0.0,0.0,0.0,0.0,0.0,0.0,0.0,0.0,0.0,0.0,0.0,0.0,0.0,0.0,0.0,0.0,0.0,0.0,-14.887271754967804,-14.887271754967804,-14.887271754967804,-6.205660990963672,-6.205660990963672,-6.205660990963672,0.45516542590844067,0.45516542590844067,0.45516542590844067,-2.8425929994058645,-2.8425929994058645,-2.8425929994058645,-2.781647865885592,-2.781647865885592,-2.781647865885592,0.0,0.0,0.0,-0.8102875035646865,-0.8102875035646865,-0.8102875035646865,1.358188728124289,1.358188728124289,1.358188728124289,0.6634681471291238,0.6634681471291238,0.6634681471291238,-0.6389020506220531,-0.6389020506220531,-0.6389020506220531,1.5103688314338284,1.5103688314338284,1.5103688314338284,-1.0885778804953863,-1.0885778804953863,-1.0885778804953863,-7.349386596032093,-7.349386596032093,-7.349386596032093,0.0,0.0,0.0,41.79483745025621
35,2018-03-16 05:00:00,56.68175310011921,36.239206846136625,56.03247508845987,56.68175310011921,56.68175310011921,0.0,0.0,0.0,0.0,0.0,0.0,0.0,0.0,0.0,0.0,0.0,0.0,0.0,0.0,0.0,0.0,0.0,0.0,0.0,0.0,0.0,0.0,0.0,0.0,0.0,0.0,0.0,0.0,0.0,0.0,-10.423061751974325,-10.423061751974325,-10.423061751974325,-3.3399539320999723,-3.3399539320999723,-3.3399539320999723,0.45516542590844067,0.45516542590844067,0.45516542590844067,-1.2109925910210952,-1.2109925910210952,-1.2109925910210952,-2.363753751131391,-2.363753751131391,-2.363753751131391,0.0,0.0,0.0,-0.7089835239486436,-0.7089835239486436,-0.7089835239486436,1.8603300592475136,1.8603300592475136,1.8603300592475136,0.6634681471291238,0.6634681471291238,0.6634681471291238,-0.20735943952812566,-0.20735943952812566,-0.20735943952812566,1.4780375046200764,1.4780375046200764,1.4780375046200764,-0.9098595086980132,-0.9098595086980132,-0.9098595086980132,-7.350152733473332,-7.350152733473332,-7.350152733473332,0.0,0.0,0.0,46.258691348144886
36,2018-03-16 06:00:00,56.68139699501441,41.81455308253671,61.729275577887634,56.68139699501441,56.68139699501441,0.0,0.0,0.0,0.0,0.0,0.0,0.0,0.0,0.0,0.0,0.0,0.0,0.0,0.0,0.0,0.0,0.0,0.0,0.0,0.0,0.0,0.0,0.0,0.0,0.0,0.0,0.0,0.0,0.0,0.0,-5.074165036498234,-5.074165036498234,-5.074165036498234,-0.1985331360824453,-0.1985331360824453,-0.1985331360824453,0.45516542590844067,0.45516542590844067,0.45516542590844067,1.0303496758367021,1.0303496758367021,1.0303496758367021,-1.906186144470145,-1.906186144470145,-1.906186144470145,0.0,0.0,0.0,-0.607679544332601,-0.607679544332601,-0.607679544332601,2.8821900433970464,2.8821900433970464,2.8821900433970464,0.6391178104684173,0.6391178104684173,0.6391178104684173,0.3458301373428073,0.3458301373428073,0.3458301373428073,1.4449365888146901,1.4449365888146901,1.4449365888146901,-0.7780880524772638,-0.7780880524772638,-0.7780880524772638,-7.35091816506718,-7.35091816506718,-7.35091816506718,0.0,0.0,0.0,51.607231958516174
37,2018-03-16 07:00:00,56.6810408899096,46.719742829332674,65.95125359513561,56.6810408899096,56.6810408899096,0.0,0.0,0.0,0.0,0.0,0.0,0.0,0.0,0.0,0.0,0.0,0.0,0.0,0.0,0.0,0.0,0.0,0.0,0.0,0.0,0.0,0.0,0.0,0.0,0.0,0.0,0.0,0.0,0.0,0.0,-0.6773160919040143,-0.6773160919040143,-0.6773160919040143,2.2197834133559886,2.2197834133559886,2.2197834133559886,0.45516542590844067,0.45516542590844067,0.45516542590844067,3.044371989490299,3.044371989490299,3.044371989490299,-1.1470999993153606,-1.1470999993153606,-1.1470999993153606,0.0,0.0,0.0,-0.5063755647165581,-0.5063755647165581,-0.5063755647165581,3.6836209096268284,3.6836209096268284,3.6836209096268284,0.37220065861067336,0.37220065861067336,0.37220065861067336,0.7387498368025354,0.7387498368025354,0.7387498368025354,1.4102115036448055,1.4102115036448055,1.4102115036448055,-0.5518892774262606,-0.5518892774262606,-0.5518892774262606,-7.351682998395108,-7.351682998395108,-7.351682998395108,0.0,0.0,0.0,56.00372479800559
38,2018-03-16 08:00:00,56.680684784804804,47.99497604365884,66.88128592248177,56.680684784804804,56.680684784804804,0.0,0.0,0.0,0.0,0.0,0.0,0.0,0.0,0.0,0.0,0.0,0.0,0.0,0.0,0.0,0.0,0.0,0.0,0.0,0.0,0.0,0.0,0.0,0.0,0.0,0.0,0.0,0.0,0.0,0.0,0.7278024348546366,0.7278024348546366,0.7278024348546366,3.533428567493056,3.533428567493056,3.533428567493056,0.45516542590844067,0.45516542590844067,0.45516542590844067,3.1738903060604047,3.1738903060604047,3.1738903060604047,-0.7815748938784578,-0.7815748938784578,-0.7815748938784578,0.0,0.0,0.0,-0.4050715851005152,-0.4050715851005152,-0.4050715851005152,3.5871831705369375,3.5871831705369375,3.5871831705369375,-0.0038247325152361597,-0.0038247325152361597,-0.0038247325152361597,0.91711470037307,0.91711470037307,0.91711470037307,1.372930902232942,1.372930902232942,1.372930902232942,-0.5951017792638342,-0.5951017792638342,-0.5951017792638342,-7.352447340931765,-7.352447340931765,-7.352447340931765,0.0,0.0,0.0,57.40848721965944
39,2018-03-16 09:00:00,56.680328679700004,47.30981334536674,67.55093850591753,56.680328679700004,56.680328679700004,0.0,0.0,0.0,0.0,0.0,0.0,0.0,0.0,0.0,0.0,0.0,0.0,0.0,0.0,0.0,0.0,0.0,0.0,0.0,0.0,0.0,0.0,0.0,0.0,0.0,0.0,0.0,0.0,0.0,0.0,0.42050800974447533,0.42050800974447533,0.42050800974447533,4.014430517285792,4.014430517285792,4.014430517285792,0.45516542590844067,0.45516542590844067,0.45516542590844067,2.427191366342954,2.427191366342954,2.427191366342954,-0.8381757423325079,-0.8381757423325079,-0.8381757423325079,0.0,0.0,0.0,-0.30376760548447246,-0.30376760548447246,-0.30376760548447246,3.448464846328819,3.448464846328819,3.448464846328819,-0.3765721937060506,-0.3765721937060506,-0.3765721937060506,0.9519361443267378,0.9519361443267378,0.9519361443267378,1.3320974261590075,1.3320974261590075,1.3320974261590075,-0.9098595086980132,-0.9098595086980132,-0.9098595086980132,-7.353211300043279,-7.353211300043279,-7.353211300043279,0.0,0.0,0.0,57.10083668944448
40,2018-03-16 10:00:00,56.679972574595205,46.11467215880672,65.81573615532162,56.679972574595205,56.679972574595205,0.0,0.0,0.0,0.0,0.0,0.0,0.0,0.0,0.0,0.0,0.0,0.0,0.0,0.0,0.0,0.0,0.0,0.0,0.0,0.0,0.0,0.0,0.0,0.0,0.0,0.0,0.0,0.0,0.0,0.0,-0.8856800276165008,-0.8856800276165008,-0.8856800276165008,4.049741413934296,4.049741413934296,4.049741413934296,0.45516542590844067,0.45516542590844067,0.45516542590844067,1.1318936834257463,1.1318936834257463,1.1318936834257463,-1.2185122847480407,-1.2185122847480407,-1.2185122847480407,0.0,0.0,0.0,-0.20246362586842961,-0.20246362586842961,-0.20246362586842961,3.067939580264767,3.067939580264767,3.067939580264767,-0.7596217204071639,-0.7596217204071639,-0.7596217204071639,0.9393152716273735,0.9393152716273735,0.9393152716273735,1.286659858001737,1.286659858001737,1.286659858001737,-1.1499289633512007,-1.1499289633512007,-1.1499289633512007,-7.35397498297828,-7.35397498297828,-7.35397498297828,0.0,0.0,0.0,55.7942925469787
41,2018-03-16 11:00:00,56.679616469490405,44.74884965249168,64.48821700930752,56.679616469490405,56.679616469490405,0.0,0.0,0.0,0.0,0.0,0.0,0.0,0.0,0.0,0.0,0.0,0.0,0.0,0.0,0.0,0.0,0.0,0.0,0.0,0.0,0.0,0.0,0.0,0.0,0.0,0.0,0.0,0.0,0.0,0.0,-2.2207031213543673,-2.2207031213543673,-2.2207031213543673,3.6578835423414544,3.6578835423414544,3.6578835423414544,0.45516542590844067,0.45516542590844067,0.45516542590844067,0.24062530035408497,0.24062530035408497,0.24062530035408497,-1.4364520002907384,-1.4364520002907384,-1.4364520002907384,0.0,0.0,0.0,-0.10115964625238684,-0.10115964625238684,-0.10115964625238684,2.7719754844371716,2.7719754844371716,2.7719754844371716,-0.9043189132563619,-0.9043189132563619,-0.9043189132563619,0.9110323520842196,0.9110323520842196,0.9110323520842196,1.2355265328107286,1.2355265328107286,1.2355265328107286,-1.4556174022762594,-1.4556174022762594,-1.4556174022762594,-7.354738496860635,-7.354738496860635,-7.354738496860635,0.0,0.0,0.0,54.458913348136036
42,2018-03-16 12:00:00,56.6792603643856,43.02835751235933,62.38014915883879,56.6792603643856,56.6792603643856,0.0,0.0,0.0,0.0,0.0,0.0,0.0,0.0,0.0,0.0,0.0,0.0,0.0,0.0,0.0,0.0,0.0,0.0,0.0,0.0,0.0,0.0,0.0,0.0,0.0,0.0,0.0,0.0,0.0,0.0,-4.3212178968045185,-4.3212178968045185,-4.3212178968045185,2.604508016040198,2.604508016040198,2.604508016040198,0.45516542590844067,0.45516542590844067,0.45516542590844067,-0.7478038148823664,-0.7478038148823664,-0.7478038148823664,-1.7570138148996575,-1.7570138148996575,-1.7570138148996575,0.0,0.0,0.0,0.0001443333636559672,0.0001443333636559672,0.0001443333636559672,2.3686472061745243,2.3686472061745243,2.3686472061745243,-0.9328837312621906,-0.9328837312621906,-0.9328837312621906,0.8634379767239662,0.8634379767239662,0.8634379767239662,1.1775798507238409,1.1775798507238409,1.1775798507238409,-1.7453012108911057,-1.7453012108911057,-1.7453012108911057,-7.3555019486861895,-7.3555019486861895,-7.3555019486861895,0.0,0.0,0.0,52.35804246758108
43,2018-03-16 13:00:00,56.67890425928079,40.01647707815935,59.129093648350825,56.67890425928079,56.67890425928079,0.0,0.0,0.0,0.0,0.0,0.0,0.0,0.0,0.0,0.0,0.0,0.0,0.0,0.0,0.0,0.0,0.0,0.0,0.0,0.0,0.0,0.0,0.0,0.0,0.0,0.0,0.0,0.0,0.0,0.0,-7.230470947505078,-7.230470947505078,-7.230470947505078,0.9860480188377683,0.9860480188377683,0.9860480188377683,0.45516542590844067,0.45516542590844067,0.45516542590844067,-1.9719452368936659,-1.9719452368936659,-1.9719452368936659,-1.9897649674209847,-1.9897649674209847,-1.9897649674209847,0.0,0.0,0.0,0.10144831297969878,0.10144831297969878,0.10144831297969878,1.8109235328172248,1.8109235328172248,1.8109235328172248,-0.9319471798521635,-0.9319471798521635,-0.9319471798521635,0.6972378097311323,0.6972378097311323,0.6972378097311323,1.1116917158613902,1.1116917158613902,1.1116917158613902,-2.1150081710570143,-2.1150081710570143,-2.1150081710570143,-7.356265445310571,-7.356265445310571,-7.356265445310571,0.0,0.0,0.0,49.448433311775716
44,2018-03-16 14:00:00,56.67854815417599,37.87899286875138,57.00965836618803,56.67854815417599,56.67854815417599,0.0,0.0,0.0,0.0,0.0,0.0,0.0,0.0,0.0,0.0,0.0,0.0,0.0,0.0,0.0,0.0,0.0,0.0,0.0,0.0,0.0,0.0,0.0,0.0,0.0,0.0,0.0,0.0,0.0,0.0,-9.543111625501759,-9.543111625501759,-9.543111625501759,-0.40830130936145387,-0.40830130936145387,-0.40830130936145387,0.45516542590844067,0.45516542590844067,0.45516542590844067,-2.814520933964385,-2.814520933964385,-2.814520933964385,-2.1865454872799255,-2.1865454872799255,-2.1865454872799255,0.0,0.0,0.0,0.20275229259574157,0.20275229259574157,0.20275229259574157,1.5458385160085595,1.5458385160085595,1.5458385160085595,-0.8654520297402344,-0.8654520297402344,-0.8654520297402344,0.5739181981746929,0.5739181981746929,0.5739181981746929,1.0367397112743075,1.0367397112743075,1.0367397112743075,-2.5401978496316597,-2.5401978496316597,-2.5401978496316597,-7.357029093450227,-7.357029093450227,-7.357029093450227,0.0,0.0,0.0,47.135436528674234
45,2018-03-16 15:00:00,56.678192049071185,37.27739646322815,56.631097222028615,56.678192049071185,56.678192049071185,0.0,0.0,0.0,0.0,0.0,0.0,0.0,0.0,0.0,0.0,0.0,0.0,0.0,0.0,0.0,0.0,0.0,0.0,0.0,0.0,0.0,0.0,0.0,0.0,0.0,0.0,0.0,0.0,0.0,0.0,-9.77786737305627,-9.77786737305627,-9.77786737305627,-0.4858524829573668,-0.4858524829573668,-0.4858524829573668,0.45516542590844067,0.45516542590844067,0.45516542590844067,-2.885845697749592,-2.885845697749592,-2.885845697749592,-2.22621897918697,-2.22621897918697,-2.22621897918697,0.0,0.0,0.0,0.3040562722117844,0.3040562722117844,0.3040562722117844,1.5406128257130483,1.5406128257130483,1.5406128257130483,-0.716540355545914,-0.716540355545914,-0.716540355545914,0.5064041321684547,0.5064041321684547,0.5064041321684547,0.9516238073200705,0.9516238073200705,0.9516238073200705,-2.7493250190184364,-2.7493250190184364,-2.7493250190184364,-7.357792999669382,-7.357792999669382,-7.357792999669382,0.0,0.0,0.0,46.90032467601492
46,2018-03-16 16:00:00,56.677835943966386,38.97626614434995,58.706232942163126,56.677835943966386,56.677835943966386,0.0,0.0,0.0,0.0,0.0,0.0,0.0,0.0,0.0,0.0,0.0,0.0,0.0,0.0,0.0,0.0,0.0,0.0,0.0,0.0,0.0,0.0,0.0,0.0,0.0,0.0,0.0,0.0,0.0,0.0,-7.326111344227964,-7.326111344227964,-7.326111344227964,1.2353635924145074,1.2353635924145074,1.2353635924145074,0.45516542590844067,0.45516542590844067,0.45516542590844067,-2.0582010565438913,-2.0582010565438913,-2.0582010565438913,-2.1283576991495936,-2.1283576991495936,-2.1283576991495936,0.0,0.0,0.0,0.4053602518278272,0.4053602518278272,0.4053602518278272,1.7387139941883412,1.7387139941883412,1.7387139941883412,-0.4159073529271918,-0.4159073529271918,-0.4159073529271918,0.46169887224540507,0.46169887224540507,0.46169887224540507,0.8552833902770371,0.8552833902770371,0.8552833902770371,-2.57487454863712,-2.57487454863712,-2.57487454863712,-7.358557270375618,-7.358557270375618,-7.358557270375618,0.0,0.0,0.0,49.35172459973842
47,2018-03-16 17:00:00,56.677479838861586,42.792654059909495,63.568184529122334,56.677479838861586,56.677479838861586,0.0,0.0,0.0,0.0,0.0,0.0,0.0,0.0,0.0,0.0,0.0,0.0,0.0,0.0,0.0,0.0,0.0,0.0,0.0,0.0,0.0,0.0,0.0,0.0,0.0,0.0,0.0,0.0,0.0,0.0,-3.2654671213825006,-3.2654671213825006,-3.2654671213825006,4.0163913137417016,4.0163913137417016,4.0163913137417016,0.45516542590844067,0.45516542590844067,0.45516542590844067,-0.6692508143029391,-0.6692508143029391,-0.6692508143029391,-1.8755053107286968,-1.8755053107286968,-1.8755053107286968,0.0,0.0,0.0,0.5066642314438701,0.5066642314438701,0.5066642314438701,2.018050893621128,2.018050893621128,2.018050893621128,0.13572142757881248,0.13572142757881248,0.13572142757881248,0.446797118937722,0.446797118937722,0.446797118937722,0.7467143909941187,0.7467143909941187,0.7467143909941187,-2.3561446010642157,-2.3561446010642157,-2.3561446010642157,-7.359322011815381,-7.359322011815381,-7.359322011815381,0.0,0.0,0.0,53.41201271747909
48,2018-03-16 18:00:00,56.71261851463058,48.95911206021897,68.37429614164361,56.71261851463058,56.71261851463058,0.0,0.0,0.0,0.0,0.0,0.0,0.0,0.0,0.0,0.0,0.0,0.0,0.0,0.0,0.0,0.0,0.0,0.0,0.0,0.0,0.0,0.0,0.0,0.0,0.0,0.0,0.0,0.0,0.0,0.0,1.5761338330357277,1.5761338330357277,1.5761338330357277,6.1565163200219235,6.1565163200219235,6.1565163200219235,0.4485701001542895,0.4485701001542895,0.4485701001542895,2.054489031656525,2.054489031656525,2.054489031656525,-1.23039883212364,-1.23039883212364,-1.23039883212364,0.0,0.0,0.0,0.6444155618093329,0.6444155618093329,0.6444155618093329,2.797118749015444,2.797118749015444,2.797118749015444,0.4973887588077996,0.4973887588077996,0.4973887588077996,0.7539358715102126,0.7539358715102126,0.7539358715102126,0.6407706400043777,0.6407706400043777,0.6407706400043777,-1.8565411775169136,-1.8565411775169136,-1.8565411775169136,-7.275642158647099,-7.275642158647099,-7.275642158647099,0.0,0.0,0.0,58.2887523476663
49,2018-03-16 19:00:00,56.712271707228055,48.90332172837627,69.11798659272894,56.712271707228055,56.712271707228055,0.0,0.0,0.0,0.0,0.0,0.0,0.0,0.0,0.0,0.0,0.0,0.0,0.0,0.0,0.0,0.0,0.0,0.0,0.0,0.0,0.0,0.0,0.0,0.0,0.0,0.0,0.0,0.0,0.0,0.0,2.2232172924910163,2.2232172924910163,2.2232172924910163,6.403001547979826,6.403001547979826,6.403001547979826,0.4485701001542895,0.4485701001542895,0.4485701001542895,2.59142510562296,2.59142510562296,2.59142510562296,-1.1117523175951372,-1.1117523175951372,-1.1117523175951372,0.0,0.0,0.0,0.7517926795393306,0.7517926795393306,0.7517926795393306,2.837699036974272,2.837699036974272,2.837699036974272,0.5909735363835908,0.5909735363835908,0.5909735363835908,0.9738351250799153,0.9738351250799153,0.9738351250799153,0.5051512644546019,0.5051512644546019,0.5051512644546019,-1.899693054913301,-1.899693054913301,-1.899693054913301,-7.2763606255663715,-7.2763606255663715,-7.2763606255663715,0.0,0.0,0.0,58.93548899971907
50,2018-03-16 20:00:00,56.711924899825526,46.49924885777775,66.34403318550643,56.711924899825526,56.711924899825526,0.0,0.0,0.0,0.0,0.0,0.0,0.0,0.0,0.0,0.0,0.0,0.0,0.0,0.0,0.0,0.0,0.0,0.0,0.0,0.0,0.0,0.0,0.0,0.0,0.0,0.0,0.0,0.0,0.0,0.0,-0.7304986493969079,-0.7304986493969079,-0.7304986493969079,4.461398896139421,4.461398896139421,4.461398896139421,0.4485701001542895,0.4485701001542895,0.4485701001542895,1.730359879695972,1.730359879695972,1.730359879695972,-1.3998175037701968,-1.3998175037701968,-1.3998175037701968,0.0,0.0,0.0,0.8591697972693283,0.8591697972693283,0.8591697972693283,2.6238170486736276,2.6238170486736276,2.6238170486736276,0.6275735236533311,0.6275735236533311,0.6275735236533311,0.8485820170509197,0.8485820170509197,0.8485820170509197,0.35482400941532427,0.35482400941532427,0.35482400941532427,-2.277535103335328,-2.277535103335328,-2.277535103335328,-7.277081434647626,-7.277081434647626,-7.277081434647626,0.0,0.0,0.0,55.98142625042862
51,2018-03-16 21:00:00,56.711578092423004,40.980401793765466,61.742172665873134,56.711578092423004,56.711578092423004,0.0,0.0,0.0,0.0,0.0,0.0,0.0,0.0,0.0,0.0,0.0,0.0,0.0,0.0,0.0,0.0,0.0,0.0,0.0,0.0,0.0,0.0,0.0,0.0,0.0,0.0,0.0,0.0,0.0,0.0,-5.039071978516577,-5.039071978516577,-5.039071978516577,1.3020718217975715,1.3020718217975715,1.3020718217975715,0.4485701001542895,0.4485701001542895,0.4485701001542895,0.7474729026631667,0.7474729026631667,0.7474729026631667,-1.8834891057895458,-1.8834891057895458,-1.8834891057895458,0.0,0.0,0.0,0.9665469149993261,0.9665469149993261,0.9665469149993261,2.408025399763157,2.408025399763157,2.408025399763157,0.6340595973467028,0.6340595973467028,0.6340595973467028,0.5097080067318701,0.5097080067318701,0.5097080067318701,0.18918798927623934,0.18918798927623934,0.18918798927623934,-2.3359480105426327,-2.3359480105426327,-2.3359480105426327,-7.2778046922535555,-7.2778046922535555,-7.2778046922535555,0.0,0.0,0.0,51.67250611390643
52,2018-03-16 22:00:00,56.711231285020475,37.25047227834822,57.628301798699965,56.711231285020475,56.711231285020475,0.0,0.0,0.0,0.0,0.0,0.0,0.0,0.0,0.0,0.0,0.0,0.0,0.0,0.0,0.0,0.0,0.0,0.0,0.0,0.0,0.0,0.0,0.0,0.0,0.0,0.0,0.0,0.0,0.0,0.0,-9.514188993768176,-9.514188993768176,-9.514188993768176,-1.769557952924592,-1.769557952924592,-1.769557952924592,0.4485701001542895,0.4485701001542895,0.4485701001542895,-0.47387827120090065,-0.47387827120090065,-0.47387827120090065,-2.307837450544643,-2.307837450544643,-2.307837450544643,0.0,0.0,0.0,1.0739240327293238,1.0739240327293238,1.0739240327293238,1.8823913169082276,1.8823913169082276,1.8823913169082276,0.65073807255823,0.65073807255823,0.65073807255823,0.1311234245690412,0.1311234245690412,0.1311234245690412,0.007777734846433742,0.007777734846433742,0.007777734846433742,-2.3527877675753697,-2.3527877675753697,-2.3527877675753697,-7.278530504489116,-7.278530504489116,-7.278530504489116,0.0,0.0,0.0,47.1970422912523
53,2018-03-16 23:00:00,56.710884477617945,35.02708172024385,55.455292376104985,56.710884477617945,56.710884477617945,0.0,0.0,0.0,0.0,0.0,0.0,0.0,0.0,0.0,0.0,0.0,0.0,0.0,0.0,0.0,0.0,0.0,0.0,0.0,0.0,0.0,0.0,0.0,0.0,0.0,0.0,0.0,0.0,0.0,0.0,-12.360204836179461,-12.360204836179461,-12.360204836179461,-4.053640805380263,-4.053640805380263,-4.053640805380263,0.4485701001542895,0.4485701001542895,0.4485701001542895,-0.8375811189635676,-0.8375811189635676,-0.8375811189635676,-2.477790565950337,-2.477790565950337,-2.477790565950337,0.0,0.0,0.0,1.1813011504593216,1.1813011504593216,1.1813011504593216,1.7415538469334733,1.7415538469334733,1.7415538469334733,0.6562975642954058,0.6562975642954058,0.6562975642954058,-0.17102223076406234,-0.17102223076406234,-0.17102223076406234,-0.1897239346418215,-0.1897239346418215,-0.1897239346418215,-2.2164909840916582,-2.2164909840916582,-2.2164909840916582,-7.27925897719381,-7.27925897719381,-7.27925897719381,0.0,0.0,0.0,44.35067964143848
54,2018-03-17 00:00:00,56.71053767021543,30.73709688958043,51.739002415914456,56.71053767021543,56.71053767021543,0.0,0.0,0.0,0.0,0.0,0.0,0.0,0.0,0.0,0.0,0.0,0.0,0.0,0.0,0.0,0.0,0.0,0.0,0.0,0.0,0.0,0.0,0.0,0.0,0.0,0.0,0.0,0.0,0.0,0.0,-15.166275323325316,-15.166275323325316,-15.166275323325316,-5.664930816022061,-5.664930816022061,-5.664930816022061,1.3454230419669677,1.3454230419669677,1.3454230419669677,-1.8178798418209399,-1.8178798418209399,-1.8178798418209399,-2.6156770558077866,-2.6156770558077866,-2.6156770558077866,0.0,0.0,0.0,0.00015285542934632493,0.00015285542934632493,0.00015285542934632493,1.6002389618062625,1.6002389618062625,1.6002389618062625,0.6562975642954058,0.6562975642954058,0.6562975642954058,-0.4752083502630518,-0.4752083502630518,-0.4752083502630518,-0.4034744495475706,-0.4034744495475706,-0.4034744495475706,-2.3291068592480837,-2.3291068592480837,-2.3291068592480837,-7.279990215934744,-7.279990215934744,-7.279990215934744,0.0,0.0,0.0,41.544262346890115
55,2018-03-17 01:00:00,56.710190862812894,28.811101878991625,48.10332516326552,56.710190862812894,56.710190862812894,0.0,0.0,0.0,0.0,0.0,0.0,0.0,0.0,0.0,0.0,0.0,0.0,0.0,0.0,0.0,0.0,0.0,0.0,0.0,0.0,0.0,0.0,0.0,0.0,0.0,0.0,0.0,0.0,0.0,0.0,-18.37636287590604,-18.37636287590604,-18.37636287590604,-6.953632372634762,-6.953632372634762,-6.953632372634762,1.3454230419669677,1.3454230419669677,1.3454230419669677,-3.5085445636997923,-3.5085445636997923,-3.5085445636997923,-2.762649089570572,-2.762649089570572,-2.762649089570572,0.0,0.0,0.0,-1.1809954396006288,-1.1809954396006288,-1.1809954396006288,1.573503713268682,1.573503713268682,1.573503713268682,0.6562975642954058,0.6562975642954058,0.6562975642954058,-0.6626171359605716,-0.6626171359605716,-0.6626171359605716,-0.6334616135725715,-0.6334616135725715,-0.6334616135725715,-2.477507218099075,-2.477507218099075,-2.477507218099075,-7.280724325998917,-7.280724325998917,-7.280724325998917,0.0,0.0,0.0,38.333827986906854
56,2018-03-17 02:00:00,56.70984405541038,26.766770335483816,47.20358840706174,56.70984405541038,56.70984405541038,0.0,0.0,0.0,0.0,0.0,0.0,0.0,0.0,0.0,0.0,0.0,0.0,0.0,0.0,0.0,0.0,0.0,0.0,0.0,0.0,0.0,0.0,0.0,0.0,0.0,0.0,0.0,0.0,0.0,0.0,-19.660393174273736,-19.660393174273736,-19.660393174273736,-7.828980308323079,-7.828980308323079,-7.828980308323079,1.3454230419669677,1.3454230419669677,1.3454230419669677,-3.670455981060223,-3.670455981060223,-3.670455981060223,-2.7402024516868018,-2.7402024516868018,-2.7402024516868018,0.0,0.0,0.0,-1.0736183218706312,-1.0736183218706312,-1.0736183218706312,1.2722547520684453,1.2722547520684453,1.2722547520684453,0.6567608552735037,0.6567608552735037,0.6567608552735037,-0.7709186955345152,-0.7709186955345152,-0.7709186955345152,-0.8794954725017168,-0.8794954725017168,-0.8794954725017168,-2.3601551612771914,-2.3601551612771914,-2.3601551612771914,-7.281461412388716,-7.281461412388716,-7.281461412388716,0.0,0.0,0.0,37.04945088113664
57,2018-03-17 03:00:00,56.70949724800785,26.876874335797332,46.728082418148155,56.70949724800785,56.70949724800785,0.0,0.0,0.0,0.0,0.0,0.0,0.0,0.0,0.0,0.0,0.0,0.0,0.0,0.0,0.0,0.0,0.0,0.0,0.0,0.0,0.0,0.0,0.0,0.0,0.0,0.0,0.0,0.0,0.0,0.0,-19.401686328286768,-19.401686328286768,-19.401686328286768,-7.7042760135397685,-7.7042760135397685,-7.7042760135397685,1.3454230419669677,1.3454230419669677,1.3454230419669677,-3.2740066680392585,-3.2740066680392585,-3.2740066680392585,-2.739133564168527,-2.739133564168527,-2.739133564168527,0.0,0.0,0.0,-0.9662412041406334,-0.9662412041406334,-0.9662412041406334,1.1571977003263578,1.1571977003263578,1.1571977003263578,0.6567608552735037,0.6567608552735037,0.6567608552735037,-0.8451601994163636,-0.8451601994163636,-0.8451601994163636,-1.141202066894901,-1.141202066894901,-1.141202066894901,-1.8828532978805645,-1.8828532978805645,-1.8828532978805645,-7.282201579812841,-7.282201579812841,-7.282201579812841,0.0,0.0,0.0,37.30781091972108
58,2018-03-17 04:00:00,56.70915044060533,29.162388549454445,49.49126790935393,56.70915044060533,56.70915044060533,0.0,0.0,0.0,0.0,0.0,0.0,0.0,0.0,0.0,0.0,0.0,0.0,0.0,0.0,0.0,0.0,0.0,0.0,0.0,0.0,0.0,0.0,0.0,0.0,0.0,0.0,0.0,0.0,0.0,0.0,-17.43336466366169,-17.43336466366169,-17.43336466366169,-6.101386527983183,-6.101386527983183,-6.101386527983183,1.3454230419669677,1.3454230419669677,1.3454230419669677,-2.6310140167109557,-2.6310140167109557,-2.6310140167109557,-2.605522624384176,-2.605522624384176,-2.605522624384176,0.0,0.0,0.0,-0.8588640864106358,-0.8588640864106358,-0.8588640864106358,1.2331067095669879,1.2331067095669879,1.2331067095669879,0.6567608552735037,0.6567608552735037,0.6567608552735037,-0.8332313319850305,-0.8332313319850305,-0.8332313319850305,-1.4180191862852844,-1.4180191862852844,-1.4180191862852844,-1.5686865807385726,-1.5686865807385726,-1.5686865807385726,-7.282944932682262,-7.282944932682262,-7.282944932682262,0.0,0.0,0.0,39.275785776943636
59,2018-03-17 05:00:00,56.7088036332028,32.26774800750104,51.762490523753776,56.7088036332028,56.7088036332028,0.0,0.0,0.0,0.0,0.0,0.0,0.0,0.0,0.0,0.0,0.0,0.0,0.0,0.0,0.0,0.0,0.0,0.0,0.0,0.0,0.0,0.0,0.0,0.0,0.0,0.0,0.0,0.0,0.0,0.0,-14.814484081089965,-14.814484081089965,-14.814484081089965,-3.2681619582135877,-3.2681619582135877,-3.2681619582135877,1.3454230419669677,1.3454230419669677,1.3454230419669677,-2.553436327635072,-2.553436327635072,-2.553436327635072,-2.718290257562168,-2.718290257562168,-2.718290257562168,0.0,0.0,0.0,-0.7514869686806381,-0.7514869686806381,-0.7514869686806381,1.2297648034997906,1.2297648034997906,1.2297648034997906,0.6567608552735037,0.6567608552735037,0.6567608552735037,-0.7258715251030343,-0.7258715251030343,-0.7258715251030343,-1.7091942201404737,-1.7091942201404737,-1.7091942201404737,-1.5897362770294936,-1.5897362770294936,-1.5897362770294936,-7.283691575100832,-7.283691575100832,-7.283691575100832,0.0,0.0,0.0,41.89431955211283
60,2018-03-17 06:00:00,56.708456825800276,35.399264092714105,55.05353299998776,56.708456825800276,56.708456825800276,0.0,0.0,0.0,0.0,0.0,0.0,0.0,0.0,0.0,0.0,0.0,0.0,0.0,0.0,0.0,0.0,0.0,0.0,0.0,0.0,0.0,0.0,0.0,0.0,0.0,0.0,0.0,0.0,0.0,0.0,-11.382071484428183,-11.382071484428183,-11.382071484428183,-0.1560634880389295,-0.1560634880389295,-0.1560634880389295,1.3454230419669677,1.3454230419669677,1.3454230419669677,-1.9277822101599271,-1.9277822101599271,-1.9277822101599271,-2.6872925195321984,-2.6872925195321984,-2.6872925195321984,0.0,0.0,0.0,-0.6441098509506402,-0.6441098509506402,-0.6441098509506402,1.5443813889688176,1.5443813889688176,1.5443813889688176,0.6368393432152907,0.6368393432152907,0.6368393432152907,-0.6048563041878016,-0.6048563041878016,-0.6048563041878016,-2.0137841753676535,-2.0137841753676535,-2.0137841753676535,-1.5181673096403627,-1.5181673096403627,-1.5181673096403627,-7.2844416108616725,-7.2844416108616725,-7.2844416108616725,0.0,0.0,0.0,45.326385341372095
61,2018-03-17 07:00:00,56.70811001839775,38.974674988810214,57.82532625847234,56.70811001839775,56.70811001839775,0.0,0.0,0.0,0.0,0.0,0.0,0.0,0.0,0.0,0.0,0.0,0.0,0.0,0.0,0.0,0.0,0.0,0.0,0.0,0.0,0.0,0.0,0.0,0.0,0.0,0.0,0.0,0.0,0.0,0.0,-8.612012857733816,-8.612012857733816,-8.612012857733816,2.2391450760890947,2.2391450760890947,2.2391450760890947,1.3454230419669677,1.3454230419669677,1.3454230419669677,-1.2353048857156996,-1.2353048857156996,-1.2353048857156996,-2.743943558000763,-2.743943558000763,-2.743943558000763,0.0,0.0,0.0,-0.5367327332206424,-0.5367327332206424,-0.5367327332206424,1.8403787834920298,1.8403787834920298,1.8403787834920298,0.4515229519760998,0.4515229519760998,0.4515229519760998,-0.30428023667461035,-0.30428023667461035,-0.30428023667461035,-2.330657904669608,-2.330657904669608,-2.330657904669608,-1.287673135254781,-1.287673135254781,-1.287673135254781,-7.285195143437602,-7.285195143437602,-7.285195143437602,0.0,0.0,0.0,48.09609716066393
62,2018-03-17 08:00:00,56.707763210995225,40.04964209600536,59.75223035839023,56.707763210995225,56.707763210995225,0.0,0.0,0.0,0.0,0.0,0.0,0.0,0.0,0.0,0.0,0.0,0.0,0.0,0.0,0.0,0.0,0.0,0.0,0.0,0.0,0.0,0.0,0.0,0.0,0.0,0.0,0.0,0.0,0.0,0.0,-6.688172209893429,-6.688172209893429,-6.688172209893429,3.5341026444857353,3.5341026444857353,3.5341026444857353,1.3454230419669677,1.3454230419669677,1.3454230419669677,-0.2778220141789555,-0.2778220141789555,-0.2778220141789555,-2.51413274157168,-2.51413274157168,-2.51413274157168,0.0,0.0,0.0,-0.4293556154906447,-0.4293556154906447,-0.4293556154906447,2.3445291844864036,2.3445291844864036,2.3445291844864036,0.19439645913172257,0.19439645913172257,0.19439645913172257,0.14634842642218976,0.14634842642218976,0.14634842642218976,-2.6585005642245405,-2.6585005642245405,-2.6585005642245405,-1.3650307691239145,-1.3650307691239145,-1.3650307691239145,-7.285952275975667,-7.285952275975667,-7.285952275975667,0.0,0.0,0.0,50.019591001101794
63,2018-03-17 09:00:00,56.7074164035927,41.29997387240615,61.08078720188341,56.7074164035927,56.7074164035927,0.0,0.0,0.0,0.0,0.0,0.0,0.0,0.0,0.0,0.0,0.0,0.0,0.0,0.0,0.0,0.0,0.0,0.0,0.0,0.0,0.0,0.0,0.0,0.0,0.0,0.0,0.0,0.0,0.0,0.0,-5.7102560290462225,-5.7102560290462225,-5.7102560290462225,3.9997675061849396,3.9997675061849396,3.9997675061849396,1.3454230419669677,1.3454230419669677,1.3454230419669677,0.5725098676915557,0.5725098676915557,0.5725098676915557,-2.348989619998223,-2.348989619998223,-2.348989619998223,0.0,0.0,0.0,-0.32197849776064696,-0.32197849776064696,-0.32197849776064696,2.8267184884677654,2.8267184884677654,2.8267184884677654,0.1476040703438269,0.1476040703438269,0.1476040703438269,0.4061152106176632,0.4061152106176632,0.4061152106176632,-2.9958202916297467,-2.9958202916297467,-2.9958202916297467,-1.4823828259457978,-1.4823828259457978,-1.4823828259457978,-7.286713111292971,-7.286713111292971,-7.286713111292971,0.0,0.0,0.0,50.99716037454648
64,2018-03-17 10:00:00,56.70706959619017,41.6065269664754,60.59608039017125,56.70706959619017,56.70706959619017,0.0,0.0,0.0,0.0,0.0,0.0,0.0,0.0,0.0,0.0,0.0,0.0,0.0,0.0,0.0,0.0,0.0,0.0,0.0,0.0,0.0,0.0,0.0,0.0,0.0,0.0,0.0,0.0,0.0,0.0,-5.992967026926833,-5.992967026926833,-5.992967026926833,4.02516522034007,4.02516522034007,4.02516522034007,1.3454230419669677,1.3454230419669677,1.3454230419669677,0.610302572416553,0.610302572416553,0.610302572416553,-2.4088473210216117,-2.4088473210216117,-2.4088473210216117,0.0,0.0,0.0,-0.2146013800306492,-0.2146013800306492,-0.2146013800306492,2.724074230689555,2.724074230689555,2.724074230689555,0.1346319229570835,0.1346319229570835,0.1346319229570835,0.4767466625137134,0.4767466625137134,0.4767466625137134,-3.34095706781785,-3.34095706781785,-3.34095706781785,-1.4471245846585055,-1.4471245846585055,-1.4471245846585055,-7.287477751865605,-7.287477751865605,-7.287477751865605,0.0,0.0,0.0,50.71410256926334
65,2018-03-17 11:00:00,56.70672278878765,39.81517403831532,59.434089216725,56.70672278878765,56.70672278878765,0.0,0.0,0.0,0.0,0.0,0.0,0.0,0.0,0.0,0.0,0.0,0.0,0.0,0.0,0.0,0.0,0.0,0.0,0.0,0.0,0.0,0.0,0.0,0.0,0.0,0.0,0.0,0.0,0.0,0.0,-7.009225436924803,-7.009225436924803,-7.009225436924803,3.6313105334590623,3.6313105334590623,3.6313105334590623,1.3454230419669677,1.3454230419669677,1.3454230419669677,0.3398040301477615,0.3398040301477615,0.3398040301477615,-2.3698329266045817,-2.3698329266045817,-2.3698329266045817,0.0,0.0,0.0,-0.10722426230065144,-0.10722426230065144,-0.10722426230065144,2.5192631302855903,2.5192631302855903,2.5192631302855903,0.04058385440319418,0.04058385440319418,0.04058385440319418,0.39450026075031275,0.39450026075031275,0.39450026075031275,-3.6920937007076735,-3.6920937007076735,-3.6920937007076735,-1.4829090683530706,-1.4829090683530706,-1.4829090683530706,-7.288246299823953,-7.288246299823953,-7.288246299823953,0.0,0.0,0.0,49.69749735186285
66,2018-03-17 12:00:00,56.70637598138512,38.0683760908048,58.07115996183285,56.70637598138512,56.70637598138512,0.0,0.0,0.0,0.0,0.0,0.0,0.0,0.0,0.0,0.0,0.0,0.0,0.0,0.0,0.0,0.0,0.0,0.0,0.0,0.0,0.0,0.0,0.0,0.0,0.0,0.0,0.0,0.0,0.0,0.0,-9.178983559419517,-9.178983559419517,-9.178983559419517,2.582455008051051,2.582455008051051,2.582455008051051,1.3454230419669677,1.3454230419669677,1.3454230419669677,-0.4251508693813239,-0.4251508693813239,-0.4251508693813239,-2.5194771791630544,-2.5194771791630544,-2.5194771791630544,0.0,0.0,0.0,0.00015285542934632493,0.00015285542934632493,0.00015285542934632493,2.081950850635167,2.081950850635167,2.081950850635167,0.0030572851772580375,0.0030572851772580375,0.0030572851772580375,0.4287172752243993,0.4287172752243993,0.4287172752243993,-4.047268841142905,-4.047268841142905,-4.047268841142905,-1.7649749986514083,-1.7649749986514083,-1.7649749986514083,-7.289018856946339,-7.289018856946339,-7.289018856946339,0.0,0.0,0.0,47.5273924219656
67,2018-03-17 13:00:00,56.7060291739826,34.231613908184215,54.187866903838874,56.7060291739826,56.7060291739826,0.0,0.0,0.0,0.0,0.0,0.0,0.0,0.0,0.0,0.0,0.0,0.0,0.0,0.0,0.0,0.0,0.0,0.0,0.0,0.0,0.0,0.0,0.0,0.0,0.0,0.0,0.0,0.0,0.0,0.0,-11.991059879686578,-11.991059879686578,-11.991059879686578,0.9689042135946405,0.9689042135946405,0.9689042135946405,1.3454230419669677,1.3454230419669677,1.3454230419669677,-1.265776652429213,-1.265776652429213,-1.265776652429213,-2.6391925812098322,-2.6391925812098322,-2.6391925812098322,0.0,0.0,0.0,0.10752997315934408,0.10752997315934408,0.10752997315934408,1.6766253861993494,1.6766253861993494,1.6766253861993494,0.009543358870629716,0.009543358870629716,0.009543358870629716,0.31711958122864,0.31711958122864,0.31711958122864,-4.404391916199299,-4.404391916199299,-4.404391916199299,-2.0828254126443113,-2.0828254126443113,-2.0828254126443113,-7.289795524652707,-7.289795524652707,-7.289795524652707,0.0,0.0,0.0,44.714969294296026
68,2018-03-17 14:00:00,56.70568236658007,32.13309424042459,51.821447336520656,56.70568236658007,56.70568236658007,0.0,0.0,0.0,0.0,0.0,0.0,0.0,0.0,0.0,0.0,0.0,0.0,0.0,0.0,0.0,0.0,0.0,0.0,0.0,0.0,0.0,0.0,0.0,0.0,0.0,0.0,0.0,0.0,0.0,0.0,-14.53249123586363,-14.53249123586363,-14.53249123586363,-0.42707979112876476,-0.42707979112876476,-0.42707979112876476,1.3454230419669677,1.3454230419669677,1.3454230419669677,-2.0535751993603544,-2.0535751993603544,-2.0535751993603544,-2.839608990886358,-2.839608990886358,-2.839608990886358,0.0,0.0,0.0,0.21490709088934185,0.21490709088934185,0.21490709088934185,1.327634909753433,1.327634909753433,1.327634909753433,0.1147104108988705,0.1147104108988705,0.1147104108988705,0.13614610559276033,0.13614610559276033,0.13614610559276033,-4.7612598413765665,-4.7612598413765665,-4.7612598413765665,-2.3527877675753697,-2.3527877675753697,-2.3527877675753697,-7.290576403997944,-7.290576403997944,-7.290576403997944,0.0,0.0,0.0,42.17319113071644
69,2018-03-17 15:00:00,56.70533555917755,31.09188206694671,52.100551328581496,56.70533555917755,56.70533555917755,0.0,0.0,0.0,0.0,0.0,0.0,0.0,0.0,0.0,0.0,0.0,0.0,0.0,0.0,0.0,0.0,0.0,0.0,0.0,0.0,0.0,0.0,0.0,0.0,0.0,0.0,0.0,0.0,0.0,0.0,-15.403451159492882,-15.403451159492882,-15.403451159492882,-0.5155403384853088,-0.5155403384853088,-0.5155403384853088,1.3454230419669677,1.3454230419669677,1.3454230419669677,-2.480973875488175,-2.480973875488175,-2.480973875488175,-3.0143721001242887,-3.0143721001242887,-3.0143721001242887,0.0,0.0,0.0,0.3222842086193396,0.3222842086193396,0.3222842086193396,1.295648094538828,1.295648094538828,1.295648094538828,0.1981027869565064,0.1981027869565064,0.1981027869565064,0.009951244871817332,0.009951244871817332,0.009951244871817332,-5.115575349856479,-5.115575349856479,-5.115575349856479,-2.638011152317345,-2.638011152317345,-2.638011152317345,-7.291361595662918,-7.291361595662918,-7.291361595662918,0.0,0.0,0.0,41.30188439968467
70,2018-03-17 16:00:00,56.704988751775026,33.04595437105217,53.55154072240962,56.704988751775026,56.704988751775026,0.0,0.0,0.0,0.0,0.0,0.0,0.0,0.0,0.0,0.0,0.0,0.0,0.0,0.0,0.0,0.0,0.0,0.0,0.0,0.0,0.0,0.0,0.0,0.0,0.0,0.0,0.0,0.0,0.0,0.0,-13.067096045135415,-13.067096045135415,-13.067096045135415,1.1883607954991777,1.1883607954991777,1.1883607954991777,1.3454230419669677,1.3454230419669677,1.3454230419669677,-1.4983388854224409,-1.4983388854224409,-1.4983388854224409,-2.762114645811435,-2.762114645811435,-2.762114645811435,0.0,0.0,0.0,0.4296613263493373,0.4296613263493373,0.4296613263493373,1.5897358284522127,1.5897358284522127,1.5897358284522127,0.2856647818170241,0.2856647818170241,0.2856647818170241,-0.001820663777524366,-0.001820663777524366,-0.001820663777524366,-5.4649667552611865,-5.4649667552611865,-5.4649667552611865,-2.3848885544190237,-2.3848885544190237,-2.3848885544190237,-7.292151199950964,-7.292151199950964,-7.292151199950964,0.0,0.0,0.0,43.63789270663961
71,2018-03-17 17:00:00,56.7046419443725,38.278706500284706,57.43983001934876,56.7046419443725,56.7046419443725,0.0,0.0,0.0,0.0,0.0,0.0,0.0,0.0,0.0,0.0,0.0,0.0,0.0,0.0,0.0,0.0,0.0,0.0,0.0,0.0,0.0,0.0,0.0,0.0,0.0,0.0,0.0,0.0,0.0,0.0,-9.151798407389657,-9.151798407389657,-9.151798407389657,3.9510507888615742,3.9510507888615742,3.9510507888615742,1.3454230419669677,1.3454230419669677,1.3454230419669677,-0.002894932390063837,-0.002894932390063837,-0.002894932390063837,-2.30837189430378,-2.30837189430378,-2.30837189430378,0.0,0.0,0.0,0.537038444079335,0.537038444079335,0.537038444079335,1.9139007169703757,1.9139007169703757,1.9139007169703757,0.4033406902539102,0.4033406902539102,0.4033406902539102,0.05703887946918411,0.05703887946918411,0.05703887946918411,-5.807008947081113,-5.807008947081113,-5.807008947081113,-1.9512648108260566,-1.9512648108260566,-1.9512648108260566,-7.292945316780054,-7.292945316780054,-7.292945316780054,0.0,0.0,0.0,47.55284353698284
72,2018-03-17 18:00:00,56.747659392728025,42.60665278919029,61.839566371498755,56.747659392728025,56.747659392728025,0.0,0.0,0.0,0.0,0.0,0.0,0.0,0.0,0.0,0.0,0.0,0.0,0.0,0.0,0.0,0.0,0.0,0.0,0.0,0.0,0.0,0.0,0.0,0.0,0.0,0.0,0.0,0.0,0.0,0.0,-4.779267297354316,-4.779267297354316,-4.779267297354316,6.231698143968095,6.231698143968095,6.231698143968095,1.3444041536922153,1.3444041536922153,1.3444041536922153,2.3750552694489073,2.3750552694489073,2.3750552694489073,-1.5417931657863422,-1.5417931657863422,-1.5417931657863422,0.0,0.0,0.0,0.5519500188597598,0.5519500188597598,0.5519500188597598,2.6220596957385003,2.6220596957385003,2.6220596957385003,0.5946992581270327,0.5946992581270327,0.5946992581270327,0.31365807946266555,0.31365807946266555,0.31365807946266555,-6.126832473273403,-6.126832473273403,-6.126832473273403,-1.5099227706449243,-1.5099227706449243,-1.5099227706449243,-7.259188237497915,-7.259188237497915,-7.259188237497915,0.0,0.0,0.0,51.96839209537371
73,2018-03-17 19:00:00,56.74731453457405,44.20006627618333,63.37217154266883,56.74731453457405,56.74731453457405,0.0,0.0,0.0,0.0,0.0,0.0,0.0,0.0,0.0,0.0,0.0,0.0,0.0,0.0,0.0,0.0,0.0,0.0,0.0,0.0,0.0,0.0,0.0,0.0,0.0,0.0,0.0,0.0,0.0,0.0,-3.1095416377213607,-3.1095416377213607,-3.1095416377213607,6.480820650712976,6.480820650712976,6.480820650712976,1.3444041536922153,1.3444041536922153,1.3444041536922153,4.117711072125625,4.117711072125625,4.117711072125625,-1.130386508010452,-1.130386508010452,-1.130386508010452,0.0,0.0,0.0,0.6439198868543624,0.6439198868543624,0.6439198868543624,3.149432033672578,3.149432033672578,3.149432033672578,0.6898264322388692,0.6898264322388692,0.6898264322388692,0.5390413841800101,0.5390413841800101,0.5390413841800101,-6.448106943055908,-6.448106943055908,-6.448106943055908,-1.1185263105019572,-1.1185263105019572,-1.1185263105019572,-7.259966417504055,-7.259966417504055,-7.259966417504055,0.0,0.0,0.0,53.63777289685269
74,2018-03-17 20:00:00,56.74696967642008,41.31294136885731,60.82069218850048,56.74696967642008,56.74696967642008,0.0,0.0,0.0,0.0,0.0,0.0,0.0,0.0,0.0,0.0,0.0,0.0,0.0,0.0,0.0,0.0,0.0,0.0,0.0,0.0,0.0,0.0,0.0,0.0,0.0,0.0,0.0,0.0,0.0,0.0,-5.212720998390934,-5.212720998390934,-5.212720998390934,4.571716375643448,4.571716375643448,4.571716375643448,1.3444041536922153,1.3444041536922153,1.3444041536922153,4.2310122896648865,4.2310122896648865,4.2310122896648865,-1.108541906712617,-1.108541906712617,-1.108541906712617,0.0,0.0,0.0,0.7358897548489648,0.7358897548489648,0.7358897548489648,2.86557058843226,2.86557058843226,2.86557058843226,0.694239548563645,0.694239548563645,0.694239548563645,0.4934300853009626,0.4934300853009626,0.4934300853009626,-6.754698941503522,-6.754698941503522,-6.754698941503522,-0.7939799344605439,-0.7939799344605439,-0.7939799344605439,-7.260750722195749,-7.260750722195749,-7.260750722195749,0.0,0.0,0.0,51.534248678029144
75,2018-03-17 21:00:00,56.746624818266106,37.352923053866796,57.62066956575901,56.746624818266106,56.746624818266106,0.0,0.0,0.0,0.0,0.0,0.0,0.0,0.0,0.0,0.0,0.0,0.0,0.0,0.0,0.0,0.0,0.0,0.0,0.0,0.0,0.0,0.0,0.0,0.0,0.0,0.0,0.0,0.0,0.0,0.0,-9.315566817770256,-9.315566817770256,-9.315566817770256,1.4513346441355075,1.4513346441355075,1.4513346441355075,1.3444041536922153,1.3444041536922153,1.3444041536922153,3.5388238196623574,3.5388238196623574,3.5388238196623574,-1.7529576449987458,-1.7529576449987458,-1.7529576449987458,0.0,0.0,0.0,0.8278596228435674,0.8278596228435674,0.8278596228435674,2.6703865203000747,2.6703865203000747,2.6703865203000747,0.694239548563645,0.694239548563645,0.694239548563645,0.26637603703493506,0.26637603703493506,0.26637603703493506,-7.044184031389891,-7.044184031389891,-7.044184031389891,-0.5114844177733338,-0.5114844177733338,-0.5114844177733338,-7.261541250178228,-7.261541250178228,-7.261541250178228,0.0,0.0,0.0,47.43105800049585
76,2018-03-17 22:00:00,56.74627996011213,34.43643520292078,53.57153721699962,56.74627996011213,56.74627996011213,0.0,0.0,0.0,0.0,0.0,0.0,0.0,0.0,0.0,0.0,0.0,0.0,0.0,0.0,0.0,0.0,0.0,0.0,0.0,0.0,0.0,0.0,0.0,0.0,0.0,0.0,0.0,0.0,0.0,0.0,-13.140636175336882,-13.140636175336882,-13.140636175336882,-1.6183551821360054,-1.6183551821360054,-1.6183551821360054,1.3444041536922153,1.3444041536922153,1.3444041536922153,3.0542567387663992,3.0542567387663992,3.0542567387663992,-2.0280955994405234,-2.0280955994405234,-2.0280955994405234,0.0,0.0,0.0,0.91982949083817,0.91982949083817,0.91982949083817,2.480363569354077,2.480363569354077,2.480363569354077,0.694239548563645,0.694239548563645,0.694239548563645,-0.08598377738232192,-0.08598377738232192,-0.08598377738232192,-7.314199632369734,-7.314199632369734,-7.314199632369734,-0.27050064685886244,-0.27050064685886244,-0.27050064685886244,-7.262338099597537,-7.262338099597537,-7.262338099597537,0.0,0.0,0.0,43.60564378477525
77,2018-03-17 23:00:00,56.74593510195816,31.42242029917612,50.66993836260159,56.74593510195816,56.74593510195816,0.0,0.0,0.0,0.0,0.0,0.0,0.0,0.0,0.0,0.0,0.0,0.0,0.0,0.0,0.0,0.0,0.0,0.0,0.0,0.0,0.0,0.0,0.0,0.0,0.0,0.0,0.0,0.0,0.0,0.0,-16.19049488645502,-16.19049488645502,-16.19049488645502,-3.9646996313501286,-3.9646996313501286,-3.9646996313501286,1.3444041536922153,1.3444041536922153,1.3444041536922153,2.599814665485744,2.599814665485744,2.599814665485744,-2.0530608580666203,-2.0530608580666203,-2.0530608580666203,0.0,0.0,0.0,1.0117993588327725,1.0117993588327725,1.0117993588327725,2.2410754089035607,2.2410754089035607,2.2410754089035607,0.6947298948219535,0.6947298948219535,0.6947298948219535,-0.45003879664036023,-0.45003879664036023,-0.45003879664036023,-7.562468552456993,-7.562468552456993,-7.562468552456993,-0.189094496057777,-0.189094496057777,-0.189094496057777,-7.263141368133646,-7.263141368133646,-7.263141368133646,0.0,0.0,0.0,40.55544021550314
78,2018-03-18 00:00:00,56.74559024380419,28.22693540860477,47.89404597525218,56.74559024380419,56.74559024380419,0.0,0.0,0.0,0.0,0.0,0.0,0.0,0.0,0.0,0.0,0.0,0.0,0.0,0.0,0.0,0.0,0.0,0.0,0.0,0.0,0.0,0.0,0.0,0.0,0.0,0.0,0.0,0.0,0.0,0.0,-18.85332402864842,-18.85332402864842,-18.85332402864842,-5.6868518399609735,-5.6868518399609735,-5.6868518399609735,2.2412157007945224,2.2412157007945224,2.2412157007945224,1.8843009840775506,1.8843009840775506,1.8843009840775506,-2.0364173523158886,-2.0364173523158886,-2.0364173523158886,0.0,0.0,0.0,0.00013081089214465386,0.00013081089214465386,0.00013081089214465386,1.9342235325611346,1.9342235325611346,1.9342235325611346,0.6947298948219535,0.6947298948219535,0.6947298948219535,-0.7696520375034293,-0.7696520375034293,-0.7696520375034293,-7.786822019771546,-7.786822019771546,-7.786822019771546,-0.1799295651728866,-0.1799295651728866,-0.1799295651728866,-7.26395115299345,-7.26395115299345,-7.26395115299345,0.0,0.0,0.0,37.89226621515577
79,2018-03-18 01:00:00,56.745245385650215,24.342991348350886,44.16425959261339,56.745245385650215,56.745245385650215,0.0,0.0,0.0,0.0,0.0,0.0,0.0,0.0,0.0,0.0,0.0,0.0,0.0,0.0,0.0,0.0,0.0,0.0,0.0,0.0,0.0,0.0,0.0,0.0,0.0,0.0,0.0,0.0,0.0,0.0,-22.405874150922973,-22.405874150922973,-22.405874150922973,-7.084922365971655,-7.084922365971655,-7.084922365971655,2.2412157007945224,2.2412157007945224,2.2412157007945224,-0.07096227864362482,-0.07096227864362482,-0.07096227864362482,-2.3635662622287015,-2.3635662622287015,-2.3635662622287015,0.0,0.0,0.0,-1.011537737048483,-1.011537737048483,-1.011537737048483,1.667722208765266,1.667722208765266,1.667722208765266,0.6947298948219535,0.6947298948219535,0.6947298948219535,-1.0160867109341802,-1.0160867109341802,-1.0160867109341802,-7.985221955404846,-7.985221955404846,-7.985221955404846,-0.2834393728140018,-0.2834393728140018,-0.2834393728140018,-7.264767550902845,-7.264767550902845,-7.264767550902845,0.0,0.0,0.0,34.33937123472724
80,2018-03-18 02:00:00,56.744900527496235,22.9539334268457,42.26868700359632,56.744900527496235,56.744900527496235,0.0,0.0,0.0,0.0,0.0,0.0,0.0,0.0,0.0,0.0,0.0,0.0,0.0,0.0,0.0,0.0,0.0,0.0,0.0,0.0,0.0,0.0,0.0,0.0,0.0,0.0,0.0,0.0,0.0,0.0,-24.070064277512373,-24.070064277512373,-24.070064277512373,-8.020611526082636,-8.020611526082636,-8.020611526082636,2.2412157007945224,2.2412157007945224,2.2412157007945224,-0.6280798585791783,-0.6280798585791783,-0.6280798585791783,-2.4166174368091577,-2.4166174368091577,-2.4166174368091577,0.0,0.0,0.0,-0.9195678690538807,-0.9195678690538807,-0.9195678690538807,1.3908986505970222,1.3908986505970222,1.3908986505970222,0.6947298948219535,0.6947298948219535,0.6947298948219535,-1.1460705590217224,-1.1460705590217224,-1.1460705590217224,-8.155782234748681,-8.155782234748681,-8.155782234748681,-0.4726682399079155,-0.4726682399079155,-0.4726682399079155,-7.265590658101879,-7.265590658101879,-7.265590658101879,0.0,0.0,0.0,32.67483624998386
81,2018-03-18 03:00:00,56.74455566934227,21.72471746741303,41.777528061441004,56.74455566934227,56.74455566934227,0.0,0.0,0.0,0.0,0.0,0.0,0.0,0.0,0.0,0.0,0.0,0.0,0.0,0.0,0.0,0.0,0.0,0.0,0.0,0.0,0.0,0.0,0.0,0.0,0.0,0.0,0.0,0.0,0.0,0.0,-24.71530977091535,-24.71530977091535,-24.71530977091535,-7.895893085274244,-7.895893085274244,-7.895893085274244,2.2412157007945224,2.2412157007945224,2.2412157007945224,-1.2562074206637561,-1.2562074206637561,-1.2562074206637561,-2.619460163146196,-2.619460163146196,-2.619460163146196,0.0,0.0,0.0,-0.827598001059278,-0.827598001059278,-0.827598001059278,1.2365343274828657,1.2365343274828657,1.2365343274828657,0.694239548563645,0.694239548563645,0.694239548563645,-1.208723442097337,-1.208723442097337,-1.208723442097337,-8.296788694638694,-8.296788694638694,-8.296788694638694,-0.7724153912019782,-0.7724153912019782,-0.7724153912019782,-7.266420570338657,-7.266420570338657,-7.266420570338657,0.0,0.0,0.0,32.02924589842692
82,2018-03-18 04:00:00,56.744210811188296,23.691137754325126,44.140204249729955,56.744210811188296,56.744210811188296,0.0,0.0,0.0,0.0,0.0,0.0,0.0,0.0,0.0,0.0,0.0,0.0,0.0,0.0,0.0,0.0,0.0,0.0,0.0,0.0,0.0,0.0,0.0,0.0,0.0,0.0,0.0,0.0,0.0,0.0,-22.95400837200232,-22.95400837200232,-22.95400837200232,-6.259339719473089,-6.259339719473089,-6.259339719473089,2.2412157007945224,2.2412157007945224,2.2412157007945224,-1.0206936142488972,-1.0206936142488972,-1.0206936142488972,-2.5466448254867466,-2.5466448254867466,-2.5466448254867466,0.0,0.0,0.0,-0.7356281330646756,-0.7356281330646756,-0.7356281330646756,1.3636854872516693,1.3636854872516693,1.3636854872516693,0.694239548563645,0.694239548563645,0.694239548563645,-1.194522121933531,-1.194522121933531,-1.194522121933531,-8.40671765541854,-8.40671765541854,-8.40671765541854,-0.8430392703737808,-0.8430392703737808,-0.8430392703737808,-7.267257382861794,-7.267257382861794,-7.267257382861794,0.0,0.0,0.0,33.790202439185975
83,2018-03-18 05:00:00,56.74386595303432,27.136717668559232,46.46493702267534,56.74386595303432,56.74386595303432,0.0,0.0,0.0,0.0,0.0,0.0,0.0,0.0,0.0,0.0,0.0,0.0,0.0,0.0,0.0,0.0,0.0,0.0,0.0,0.0,0.0,0.0,0.0,0.0,0.0,0.0,0.0,0.0,0.0,0.0,-20.034871699264166,-20.034871699264166,-20.034871699264166,-3.394785498408948,-3.394785498408948,-3.394785498408948,2.2412157007945224,2.2412157007945224,2.2412157007945224,-0.8877322671635343,-0.8877322671635343,-0.8877322671635343,-2.5424839490490636,-2.5424839490490636,-2.5424839490490636,0.0,0.0,0.0,-0.6436582650700731,-0.6436582650700731,-0.6436582650700731,1.3416334410925042,1.3416334410925042,1.3416334410925042,0.694239548563645,0.694239548563645,0.694239548563645,-1.1081446804666168,-1.1081446804666168,-1.1081446804666168,-8.484252743278779,-8.484252743278779,-8.484252743278779,-0.870534063028452,-0.870534063028452,-0.870534063028452,-7.268101190412903,-7.268101190412903,-7.268101190412903,0.0,0.0,0.0,36.70899425377016
84,2018-03-18 06:00:00,56.74352109488035,28.73310521615616,50.02858864390008,56.74352109488035,56.74352109488035,0.0,0.0,0.0,0.0,0.0,0.0,0.0,0.0,0.0,0.0,0.0,0.0,0.0,0.0,0.0,0.0,0.0,0.0,0.0,0.0,0.0,0.0,0.0,0.0,0.0,0.0,0.0,0.0,0.0,0.0,-16.797149602606357,-16.797149602606357,-16.797149602606357,-0.26796723197784794,-0.26796723197784794,-0.26796723197784794,2.2412157007945224,2.2412157007945224,2.2412157007945224,-0.7319304679735211,-0.7319304679735211,-0.7319304679735211,-2.494633870015711,-2.494633870015711,-2.494633870015711,0.0,0.0,0.0,-0.5516883970754705,-0.5516883970754705,-0.5516883970754705,1.3632162947801978,1.3632162947801978,1.3632162947801978,0.6721739669397654,0.6721739669397654,0.6721739669397654,-1.0906018732054448,-1.0906018732054448,-1.0906018732054448,-8.5282998154348,-8.5282998154348,-8.5282998154348,-0.8716122901913804,-0.8716122901913804,-0.8716122901913804,-7.268952087220188,-7.268952087220188,-7.268952087220188,0.0,0.0,0.0,39.946371492274
85,2018-03-18 07:00:00,56.74317623672638,33.124683211314675,52.45790540335039,56.74317623672638,56.74317623672638,0.0,0.0,0.0,0.0,0.0,0.0,0.0,0.0,0.0,0.0,0.0,0.0,0.0,0.0,0.0,0.0,0.0,0.0,0.0,0.0,0.0,0.0,0.0,0.0,0.0,0.0,0.0,0.0,0.0,0.0,-14.03684619078795,-14.03684619078795,-14.03684619078795,2.1383636348138166,2.1383636348138166,2.1383636348138166,2.2412157007945224,2.2412157007945224,2.2412157007945224,-0.3673998471507998,-0.3673998471507998,-0.3673998471507998,-2.466027844506642,-2.466027844506642,-2.466027844506642,0.0,0.0,0.0,-0.45971852908086797,-0.45971852908086797,-0.45971852908086797,1.5485473210114797,1.5485473210114797,1.5485473210114797,0.4245491064940059,0.4245491064940059,0.4245491064940059,-0.87708084768375,-0.87708084768375,-0.87708084768375,-8.537999811455627,-8.537999811455627,-8.537999811455627,-0.778884754179548,-0.778884754179548,-0.778884754179548,-7.269810166995341,-7.269810166995341,-7.269810166995341,0.0,0.0,0.0,42.70633004593843
86,2018-03-18 08:00:00,56.742831378572404,35.042307081136165,54.010232061383334,56.742831378572404,56.742831378572404,0.0,0.0,0.0,0.0,0.0,0.0,0.0,0.0,0.0,0.0,0.0,0.0,0.0,0.0,0.0,0.0,0.0,0.0,0.0,0.0,0.0,0.0,0.0,0.0,0.0,0.0,0.0,0.0,0.0,0.0,-12.369375183607906,-12.369375183607906,-12.369375183607906,3.4600433733479146,3.4600433733479146,3.4600433733479146,2.2412157007945224,2.2412157007945224,2.2412157007945224,-0.04600365763119505,-0.04600365763119505,-0.04600365763119505,-2.657948270194762,-2.657948270194762,-2.657948270194762,0.0,0.0,0.0,-0.36774866108626547,-0.36774866108626547,-0.36774866108626547,1.8408542307382862,1.8408542307382862,1.8408542307382862,0.07395153180347509,0.07395153180347509,0.07395153180347509,-0.4659108603528493,-0.4659108603528493,-0.4659108603528493,-8.512739376402887,-8.512739376402887,-8.512739376402887,-0.7104173293336019,-0.7104173293336019,-0.7104173293336019,-7.270675522921738,-7.270675522921738,-7.270675522921738,0.0,0.0,0.0,44.3734561949645
87,2018-03-18 09:00:00,56.74248652041843,34.43471956090874,55.05510456647029,56.74248652041843,56.74248652041843,0.0,0.0,0.0,0.0,0.0,0.0,0.0,0.0,0.0,0.0,0.0,0.0,0.0,0.0,0.0,0.0,0.0,0.0,0.0,0.0,0.0,0.0,0.0,0.0,0.0,0.0,0.0,0.0,0.0,0.0,-11.975218114329905,-11.975218114329905,-11.975218114329905,3.969710763989827,3.969710763989827,3.969710763989827,2.2412157007945224,2.2412157007945224,2.2412157007945224,-0.22122150490444498,-0.22122150490444498,-0.22122150490444498,-2.558607345245085,-2.558607345245085,-2.558607345245085,0.0,0.0,0.0,-0.2757787930916629,-0.2757787930916629,-0.2757787930916629,1.7807975943899217,1.7807975943899217,1.7807975943899217,-0.24330249732208217,-0.24330249732208217,-0.24330249732208217,-0.16400750110582074,-0.16400750110582074,-0.16400750110582074,-8.452159125761709,-8.452159125761709,-8.452159125761709,-1.0015386633242385,-1.0015386633242385,-1.0015386633242385,-7.271548247653579,-7.271548247653579,-7.271548247653579,0.0,0.0,0.0,44.767268406088526
88,2018-03-18 10:00:00,56.74214166226446,34.88345466369444,54.46490150391567,56.74214166226446,56.74214166226446,0.0,0.0,0.0,0.0,0.0,0.0,0.0,0.0,0.0,0.0,0.0,0.0,0.0,0.0,0.0,0.0,0.0,0.0,0.0,0.0,0.0,0.0,0.0,0.0,0.0,0.0,0.0,0.0,0.0,0.0,-12.049747730280055,-12.049747730280055,-12.049747730280055,4.03830968610018,4.03830968610018,4.03830968610018,2.2412157007945224,2.2412157007945224,2.2412157007945224,-0.4594695347612966,-0.4594695347612966,-0.4594695347612966,-2.4925534317968694,-2.4925534317968694,-2.4925534317968694,0.0,0.0,0.0,-0.18380892509706037,-0.18380892509706037,-0.18380892509706037,1.904195214386952,1.904195214386952,1.904195214386952,-0.49288874280107536,-0.49288874280107536,-0.49288874280107536,-0.028677273662493032,-0.028677273662493032,-0.028677273662493032,-8.356159448316019,-8.356159448316019,-8.356159448316019,-1.406952076585273,-1.406952076585273,-1.406952076585273,-7.272428433302918,-7.272428433302918,-7.272428433302918,0.0,0.0,0.0,44.692393931984405
89,2018-03-18 11:00:00,56.741796804110486,34.567139496133976,54.338104888502336,56.741796804110486,56.741796804110486,0.0,0.0,0.0,0.0,0.0,0.0,0.0,0.0,0.0,0.0,0.0,0.0,0.0,0.0,0.0,0.0,0.0,0.0,0.0,0.0,0.0,0.0,0.0,0.0,0.0,0.0,0.0,0.0,0.0,0.0,-12.802250221102096,-12.802250221102096,-12.802250221102096,3.6685128178571578,3.6685128178571578,3.6685128178571578,2.2412157007945224,2.2412157007945224,2.2412157007945224,-0.9725430972738619,-0.9725430972738619,-0.9725430972738619,-2.4941137604610004,-2.4941137604610004,-2.4941137604610004,0.0,0.0,0.0,-0.09183905710245786,-0.09183905710245786,-0.09183905710245786,1.7845511341616944,1.7845511341616944,1.7845511341616944,-0.6032166509204732,-0.6032166509204732,-0.6032166509204732,-0.05607746786089518,-0.05607746786089518,-0.05607746786089518,-8.224903770245866,-8.224903770245866,-8.224903770245866,-1.753062995885252,-1.753062995885252,-1.753062995885252,-7.273316171439528,-7.273316171439528,-7.273316171439528,0.0,0.0,0.0,43.939546583008394
90,2018-03-18 12:00:00,56.74145194595651,32.61678533590456,53.072383808810784,56.74145194595651,56.74145194595651,0.0,0.0,0.0,0.0,0.0,0.0,0.0,0.0,0.0,0.0,0.0,0.0,0.0,0.0,0.0,0.0,0.0,0.0,0.0,0.0,0.0,0.0,0.0,0.0,0.0,0.0,0.0,0.0,0.0,0.0,-13.820525751747798,-13.820525751747798,-13.820525751747798,2.625072992016101,2.625072992016101,2.625072992016101,2.2412157007945224,2.2412157007945224,2.2412157007945224,-1.1125679586798622,-1.1125679586798622,-1.1125679586798622,-2.53728285350196,-2.53728285350196,-2.53728285350196,0.0,0.0,0.0,0.00013081089214465386,0.00013081089214465386,0.00013081089214465386,1.8122334899785186,1.8122334899785186,1.8122334899785186,-0.650289891718083,-0.650289891718083,-0.650289891718083,-0.013640581724345506,-0.013640581724345506,-0.013640581724345506,-8.058819232004815,-8.058819232004815,-8.058819232004815,-1.9649346334006594,-1.9649346334006594,-1.9649346334006594,-7.274211553079222,-7.274211553079222,-7.274211553079222,0.0,0.0,0.0,42.92092619420872
91,2018-03-18 13:00:00,56.74110708780254,30.706120297322858,50.459419145616444,56.74110708780254,56.74110708780254,0.0,0.0,0.0,0.0,0.0,0.0,0.0,0.0,0.0,0.0,0.0,0.0,0.0,0.0,0.0,0.0,0.0,0.0,0.0,0.0,0.0,0.0,0.0,0.0,0.0,0.0,0.0,0.0,0.0,0.0,-15.865388382713824,-15.865388382713824,-15.865388382713824,1.015764477250135,1.015764477250135,1.015764477250135,2.2412157007945224,2.2412157007945224,2.2412157007945224,-1.747443432472381,-1.747443432472381,-1.747443432472381,-2.7193211976505838,-2.7193211976505838,-2.7193211976505838,0.0,0.0,0.0,0.09210067888674718,0.09210067888674718,0.09210067888674718,1.5006896889213766,1.5006896889213766,1.5006896889213766,-0.6841237835413649,-0.6841237835413649,-0.6841237835413649,-0.08314351334956073,-0.08314351334956073,-0.08314351334956073,-7.8585947588108285,-7.8585947588108285,-7.8585947588108285,-2.0948610065335176,-2.0948610065335176,-2.0948610065335176,-7.275114668680754,-7.275114668680754,-7.275114668680754,0.0,0.0,0.0,40.875718705088715
92,2018-03-18 14:00:00,56.74076222964857,29.603210679697437,48.943679895928256,56.74076222964857,56.74076222964857,0.0,0.0,0.0,0.0,0.0,0.0,0.0,0.0,0.0,0.0,0.0,0.0,0.0,0.0,0.0,0.0,0.0,0.0,0.0,0.0,0.0,0.0,0.0,0.0,0.0,0.0,0.0,0.0,0.0,0.0,-17.55352909681094,-17.55352909681094,-17.55352909681094,-0.36307388983139105,-0.36307388983139105,-0.36307388983139105,2.2412157007945224,2.2412157007945224,2.2412157007945224,-2.289253064674267,-2.289253064674267,-2.289253064674267,-2.7994180690759785,-2.7994180690759785,-2.7994180690759785,0.0,0.0,0.0,0.18407054688134972,0.18407054688134972,0.18407054688134972,1.2524868715129003,1.2524868715129003,1.2524868715129003,-0.6110621910534081,-0.6110621910534081,-0.6110621910534081,-0.2864730032242889,-0.2864730032242889,-0.2864730032242889,-7.625176534166236,-7.625176534166236,-7.625176534166236,-2.2700729205093637,-2.2700729205093637,-2.2700729205093637,-7.276025608139047,-7.276025608139047,-7.276025608139047,0.0,0.0,0.0,39.187233132837626
93,2018-03-18 15:00:00,56.740417371494594,29.10482823570544,49.28346124184814,56.740417371494594,56.740417371494594,0.0,0.0,0.0,0.0,0.0,0.0,0.0,0.0,0.0,0.0,0.0,0.0,0.0,0.0,0.0,0.0,0.0,0.0,0.0,0.0,0.0,0.0,0.0,0.0,0.0,0.0,0.0,0.0,0.0,0.0,-17.494927111657788,-17.494927111657788,-17.494927111657788,-0.42710438672361906,-0.42710438672361906,-0.42710438672361906,2.2412157007945224,2.2412157007945224,2.2412157007945224,-2.4311173486659934,-2.4311173486659934,-2.4311173486659934,-2.957011264153216,-2.957011264153216,-2.957011264153216,0.0,0.0,0.0,0.27604041487595227,0.27604041487595227,0.27604041487595227,1.3688466044378569,1.3688466044378569,1.3688466044378569,-0.41835611153819335,-0.41835611153819335,-0.41835611153819335,-0.4383435917995789,-0.4383435917995789,-0.4383435917995789,-7.359760915492246,-7.359760915492246,-7.359760915492246,-2.503509101283337,-2.503509101283337,-2.503509101283337,-7.276944460775928,-7.276944460775928,-7.276944460775928,0.0,0.0,0.0,39.24549025983681
94,2018-03-18 16:00:00,56.74007251334062,31.40907868429538,51.21028518528988,56.74007251334062,56.74007251334062,0.0,0.0,0.0,0.0,0.0,0.0,0.0,0.0,0.0,0.0,0.0,0.0,0.0,0.0,0.0,0.0,0.0,0.0,0.0,0.0,0.0,0.0,0.0,0.0,0.0,0.0,0.0,0.0,0.0,0.0,-15.409868573880237,-15.409868573880237,-15.409868573880237,1.2893588187111242,1.2893588187111242,1.2893588187111242,2.2412157007945224,2.2412157007945224,2.2412157007945224,-2.35757121742524,-2.35757121742524,-2.35757121742524,-3.0163037533901957,-3.0163037533901957,-3.0163037533901957,0.0,0.0,0.0,0.36801028287055476,0.36801028287055476,0.36801028287055476,1.2553020263417298,1.2553020263417298,1.2553020263417298,-0.19917133407432303,-0.19917133407432303,-0.19917133407432303,-0.5014976979397985,-0.5014976979397985,-0.5014976979397985,-7.063784859827831,-7.063784859827831,-7.063784859827831,-2.5051264420277297,-2.5051264420277297,-2.5051264420277297,-7.277871315338289,-7.277871315338289,-7.277871315338289,0.0,0.0,0.0,41.33020393946038
95,2018-03-18 17:00:00,56.73972765518665,36.52617569181322,55.896301537964405,56.73972765518665,56.73972765518665,0.0,0.0,0.0,0.0,0.0,0.0,0.0,0.0,0.0,0.0,0.0,0.0,0.0,0.0,0.0,0.0,0.0,0.0,0.0,0.0,0.0,0.0,0.0,0.0,0.0,0.0,0.0,0.0,0.0,0.0,-10.769374553777483,-10.769374553777483,-10.769374553777483,4.042897978886885,4.042897978886885,4.042897978886885,2.2412157007945224,2.2412157007945224,2.2412157007945224,-0.7945523177005398,-0.7945523177005398,-0.7945523177005398,-2.832184971022731,-2.832184971022731,-2.832184971022731,0.0,0.0,0.0,0.45998015086515726,0.45998015086515726,0.45998015086515726,1.4856755298342852,1.4856755298342852,1.4856755298342852,0.2210554092960055,0.2210554092960055,0.2210554092960055,-0.44201922760668155,-0.44201922760668155,-0.44201922760668155,-6.738913954977214,-6.738913954977214,-6.738913954977214,-1.9282749098610976,-1.9282749098610976,-1.9282749098610976,-7.2788062599866175,-7.2788062599866175,-7.2788062599866175,0.0,0.0,0.0,45.97035310140917
96,2018-03-18 18:00:00,56.781177924786185,40.894298394143355,61.13147401025843,56.781177924786185,56.781177924786185,0.0,0.0,0.0,0.0,0.0,0.0,0.0,0.0,0.0,0.0,0.0,0.0,0.0,0.0,0.0,0.0,0.0,0.0,0.0,0.0,0.0,0.0,0.0,0.0,0.0,0.0,0.0,0.0,0.0,0.0,-5.799436848673988,-5.799436848673988,-5.799436848673988,6.148788831976804,6.148788831976804,6.148788831976804,2.644453193044503,2.644453193044503,2.644453193044503,2.013402320313315,2.013402320313315,2.013402320313315,-2.527752412154393,-2.527752412154393,-2.527752412154393,0.0,0.0,0.0,0.6522794909867006,0.6522794909867006,0.6522794909867006,2.276274901308142,2.276274901308142,2.276274901308142,0.5439799677810914,0.5439799677810914,0.5439799677810914,-0.03779706432437615,-0.03779706432437615,-0.03779706432437615,-6.790352412616226,-6.790352412616226,-6.790352412616226,-1.5380357563283522,-1.5380357563283522,-1.5380357563283522,-7.171275588347881,-7.171275588347881,-7.171275588347881,0.0,0.0,0.0,50.9817410761122
97,2018-03-18 19:00:00,56.78083069600736,43.63172163841015,62.7142344168161,56.78083069600736,56.78083069600736,0.0,0.0,0.0,0.0,0.0,0.0,0.0,0.0,0.0,0.0,0.0,0.0,0.0,0.0,0.0,0.0,0.0,0.0,0.0,0.0,0.0,0.0,0.0,0.0,0.0,0.0,0.0,0.0,0.0,0.0,-3.6345309582327348,-3.6345309582327348,-3.6345309582327348,6.396578142419216,6.396578142419216,6.396578142419216,2.644453193044503,2.644453193044503,2.644453193044503,3.5464987602733262,3.5464987602733262,3.5464987602733262,-2.008200661581117,-2.008200661581117,-2.008200661581117,0.0,0.0,0.0,0.7609669966567889,0.7609669966567889,0.7609669966567889,2.561716150411655,2.561716150411655,2.561716150411655,0.603859598572192,0.603859598572192,0.603859598572192,0.3968852029084553,0.3968852029084553,0.3968852029084553,-6.4054008484754394,-6.4054008484754394,-6.4054008484754394,-1.4131817197391519,-1.4131817197391519,-1.4131817197391519,-7.172207012449839,-7.172207012449839,-7.172207012449839,0.0,0.0,0.0,53.14629973777462
98,2018-03-18 20:00:00,56.780483467228535,42.09749639893716,62.02578988631756,56.780483467228535,56.780483467228535,0.0,0.0,0.0,0.0,0.0,0.0,0.0,0.0,0.0,0.0,0.0,0.0,0.0,0.0,0.0,0.0,0.0,0.0,0.0,0.0,0.0,0.0,0.0,0.0,0.0,0.0,0.0,0.0,0.0,0.0,-4.528842334914602,-4.528842334914602,-4.528842334914602,4.4711491075181735,4.4711491075181735,4.4711491075181735,2.644453193044503,2.644453193044503,2.644453193044503,4.168994502475651,4.168994502475651,4.168994502475651,-1.7307246264553091,-1.7307246264553091,-1.7307246264553091,0.0,0.0,0.0,0.8696545023268774,0.8696545023268774,0.8696545023268774,2.794948487285979,2.794948487285979,2.794948487285979,0.6637392293632924,0.6637392293632924,0.6637392293632924,0.4428947512552242,0.4428947512552242,0.4428947512552242,-5.995836683107514,-5.995836683107514,-5.995836683107514,-1.5159710343449158,-1.5159710343449158,-1.5159710343449158,-7.173149261800912,-7.173149261800912,-7.173149261800912,0.0,0.0,0.0,52.251641132313935
99,2018-03-18 21:00:00,56.780136238449714,39.04977893493534,58.66967965247762,56.780136238449714,56.780136238449714,0.0,0.0,0.0,0.0,0.0,0.0,0.0,0.0,0.0,0.0,0.0,0.0,0.0,0.0,0.0,0.0,0.0,0.0,0.0,0.0,0.0,0.0,0.0,0.0,0.0,0.0,0.0,0.0,0.0,0.0,-8.184421279821123,-8.184421279821123,-8.184421279821123,1.3286489628491027,1.3286489628491027,1.3286489628491027,2.644453193044503,2.644453193044503,2.644453193044503,3.2251013360353635,3.2251013360353635,3.2251013360353635,-2.1633373566420753,-2.1633373566420753,-2.1633373566420753,0.0,0.0,0.0,0.9783420079969655,0.9783420079969655,0.9783420079969655,2.4114325525930527,2.4114325525930527,2.4114325525930527,0.6871068901598195,0.6871068901598195,0.6871068901598195,0.26433783980115705,0.26433783980115705,0.26433783980115705,-5.56406915683913,-5.56406915683913,-5.56406915683913,-1.5972337909180594,-1.5972337909180594,-1.5972337909180594,-7.174102421866459,-7.174102421866459,-7.174102421866459,0.0,0.0,0.0,48.59571495862859
100,2018-03-18 22:00:00,56.77978900967089,34.98374465556625,55.170338141277135,56.77978900967089,56.77978900967089,0.0,0.0,0.0,0.0,0.0,0.0,0.0,0.0,0.0,0.0,0.0,0.0,0.0,0.0,0.0,0.0,0.0,0.0,0.0,0.0,0.0,0.0,0.0,0.0,0.0,0.0,0.0,0.0,0.0,0.0,-11.558848579064309,-11.558848579064309,-11.558848579064309,-1.7409917097246537,-1.7409917097246537,-1.7409917097246537,2.644453193044503,2.644453193044503,2.644453193044503,2.469871736677491,2.469871736677491,2.469871736677491,-2.3543949643178186,-2.3543949643178186,-2.3543949643178186,0.0,0.0,0.0,1.087029513667054,1.087029513667054,1.087029513667054,2.1259913034895392,2.1259913034895392,2.1259913034895392,0.6885673689596025,0.6885673689596025,0.6885673689596025,-0.11054862452612632,-0.11054862452612632,-0.11054862452612632,-5.112662028608437,-5.112662028608437,-5.112662028608437,-1.6112260536392629,-1.6112260536392629,-1.6112260536392629,-7.1750665774087095,-7.1750665774087095,-7.1750665774087095,0.0,0.0,0.0,45.22094043060658
101,2018-03-18 23:00:00,56.77944178089207,32.11420854100305,52.67403270947929,56.77944178089207,56.77944178089207,0.0,0.0,0.0,0.0,0.0,0.0,0.0,0.0,0.0,0.0,0.0,0.0,0.0,0.0,0.0,0.0,0.0,0.0,0.0,0.0,0.0,0.0,0.0,0.0,0.0,0.0,0.0,0.0,0.0,0.0,-14.460821622419179,-14.460821622419179,-14.460821622419179,-4.04136508548677,-4.04136508548677,-4.04136508548677,2.644453193044503,2.644453193044503,2.644453193044503,1.4008961215096716,1.4008961215096716,1.4008961215096716,-2.5225464827899313,-2.5225464827899313,-2.5225464827899313,0.0,0.0,0.0,1.1957170193371423,1.1957170193371423,1.1957170193371423,1.5111947669588952,1.5111947669588952,1.5111947669588952,0.6895410214927911,0.6895410214927911,0.6895410214927911,-0.5191532777140382,-0.5191532777140382,-0.5191532777140382,-4.644310845956794,-4.644310845956794,-4.644310845956794,-1.5983101188196902,-1.5983101188196902,-1.5983101188196902,-7.1760418124852885,-7.1760418124852885,-7.1760418124852885,0.0,0.0,0.0,42.318620158472896
102,2018-03-19 00:00:00,56.77909455211325,29.585882036428128,50.21959526003853,56.77909455211325,56.77909455211325,0.0,0.0,0.0,0.0,0.0,0.0,0.0,0.0,0.0,0.0,0.0,0.0,0.0,0.0,0.0,0.0,0.0,0.0,0.0,0.0,0.0,0.0,0.0,0.0,0.0,0.0,0.0,0.0,0.0,0.0,-17.437637033876523,-17.437637033876523,-17.437637033876523,-5.675960239977903,-5.675960239977903,-5.675960239977903,2.432657654617962,2.432657654617962,2.432657654617962,-0.4228296143212394,-0.4228296143212394,-0.4228296143212394,-2.4954756500947304,-2.4954756500947304,-2.4954756500947304,0.0,0.0,0.0,0.0001544569661706819,0.0001544569661706819,0.0001544569661706819,1.4184873527201474,1.4184873527201474,1.4184873527201474,0.6890541952261968,0.6890541952261968,0.6890541952261968,-0.782753108855996,-0.782753108855996,-0.782753108855996,-4.161818969138753,-4.161818969138753,-4.161818969138753,-1.684954514900989,-1.684954514900989,-1.684954514900989,-7.17702821043863,-7.17702821043863,-7.17702821043863,0.0,0.0,0.0,39.34145751823672
103,2018-03-19 01:00:00,56.77874732333442,27.447005751147202,46.23253295103932,56.77874732333442,56.77874732333442,0.0,0.0,0.0,0.0,0.0,0.0,0.0,0.0,0.0,0.0,0.0,0.0,0.0,0.0,0.0,0.0,0.0,0.0,0.0,0.0,0.0,0.0,0.0,0.0,0.0,0.0,0.0,0.0,0.0,0.0,-20.42755587563094,-20.42755587563094,-20.42755587563094,-6.9795062869114615,-6.9795062869114615,-6.9795062869114615,2.2208621161914204,2.2208621161914204,2.2208621161914204,-2.6019511291192505,-2.6019511291192505,-2.6019511291192505,-2.6084443173035488,-2.6084443173035488,-2.6084443173035488,0.0,0.0,0.0,-1.1954081054048011,-1.1954081054048011,-1.1954081054048011,1.150611718946081,1.150611718946081,1.150611718946081,0.6890541952261968,0.6890541952261968,0.6890541952261968,-0.9460288706786453,-0.9460288706786453,-0.9460288706786453,-3.6680726057078403,-3.6680726057078403,-3.6680726057078403,-1.9125978660959535,-1.9125978660959535,-1.9125978660959535,-7.178025853892386,-7.178025853892386,-7.178025853892386,0.0,0.0,0.0,36.351191447703485
104,2018-03-19 02:00:00,56.7784000945556,24.44824452499585,44.564320746576726,56.7784000945556,56.7784000945556,0.0,0.0,0.0,0.0,0.0,0.0,0.0,0.0,0.0,0.0,0.0,0.0,0.0,0.0,0.0,0.0,0.0,0.0,0.0,0.0,0.0,0.0,0.0,0.0,0.0,0.0,0.0,0.0,0.0,0.0,-21.468666841688073,-21.468666841688073,-21.468666841688073,-7.855309121199257,-7.855309121199257,-7.855309121199257,2.0090665777648797,2.0090665777648797,2.0090665777648797,-3.2683077753889496,-3.2683077753889496,-3.2683077753889496,-2.662065389757504,-2.662065389757504,-2.662065389757504,0.0,0.0,0.0,-1.0867205997347125,-1.0867205997347125,-1.0867205997347125,0.9905694459444528,0.9905694459444528,0.9905694459444528,0.6895410214927911,0.6895410214927911,0.6895410214927911,-1.018946530332911,-1.018946530332911,-1.018946530332911,-3.1660151203547406,-3.1660151203547406,-3.1660151203547406,-2.189752300765946,-2.189752300765946,-2.189752300765946,-7.179034824745126,-7.179034824745126,-7.179034824745126,0.0,0.0,0.0,35.30973325286753
105,2018-03-19 03:00:00,56.77805286577678,25.212335640547046,45.252860666127845,56.77805286577678,56.77805286577678,0.0,0.0,0.0,0.0,0.0,0.0,0.0,0.0,0.0,0.0,0.0,0.0,0.0,0.0,0.0,0.0,0.0,0.0,0.0,0.0,0.0,0.0,0.0,0.0,0.0,0.0,0.0,0.0,0.0,0.0,-21.05669497629486,-21.05669497629486,-21.05669497629486,-7.724479130020907,-7.724479130020907,-7.724479130020907,1.7972710393383386,1.7972710393383386,1.7972710393383386,-3.4935397474739327,-3.4935397474739327,-3.4935397474739327,-2.627706255952057,-2.627706255952057,-2.627706255952057,0.0,0.0,0.0,-0.9780330940646242,-0.9780330940646242,-0.9780330940646242,0.9603175528770718,0.9603175528770718,0.9603175528770718,0.6890541952261968,0.6890541952261968,0.6890541952261968,-1.0123025522322944,-1.0123025522322944,-1.0123025522322944,-2.6586208946351415,-2.6586208946351415,-2.6586208946351415,-2.3221406326665637,-2.3221406326665637,-2.3221406326665637,-7.18005520416488,-7.18005520416488,-7.18005520416488,0.0,0.0,0.0,35.72135788948192
106,2018-03-19 04:00:00,56.77770563699796,28.488994434342786,47.75916158202131,56.77770563699796,56.77770563699796,0.0,0.0,0.0,0.0,0.0,0.0,0.0,0.0,0.0,0.0,0.0,0.0,0.0,0.0,0.0,0.0,0.0,0.0,0.0,0.0,0.0,0.0,0.0,0.0,0.0,0.0,0.0,0.0,0.0,0.0,-18.531362315838983,-18.531362315838983,-18.531362315838983,-6.121552963375492,-6.121552963375492,-6.121552963375492,1.5854755009117973,1.5854755009117973,1.5854755009117973,-3.0798532648095125,-3.0798532648095125,-3.0798532648095125,-2.4501840646239135,-2.4501840646239135,-2.4501840646239135,0.0,0.0,0.0,-0.869345588394536,-0.869345588394536,-0.869345588394536,1.0896199990521678,1.0896199990521678,1.0896199990521678,0.6890541952261968,0.6890541952261968,0.6890541952261968,-0.8765992995272034,-0.8765992995272034,-0.8765992995272034,-2.1488690150726826,-2.1488690150726826,-2.1488690150726826,-2.2478740074540218,-2.2478740074540218,-2.2478740074540218,-7.181087072581299,-7.181087072581299,-7.181087072581299,0.0,0.0,0.0,38.246343321158975
107,2018-03-19 05:00:00,56.777358408219136,32.8456497458751,52.346633291478604,56.777358408219136,56.777358408219136,0.0,0.0,0.0,0.0,0.0,0.0,0.0,0.0,0.0,0.0,0.0,0.0,0.0,0.0,0.0,0.0,0.0,0.0,0.0,0.0,0.0,0.0,0.0,0.0,0.0,0.0,0.0,0.0,0.0,0.0,-14.664882708297208,-14.664882708297208,-14.664882708297208,-3.2989303191788126,-3.2989303191788126,-3.2989303191788126,1.373679962485256,1.373679962485256,1.373679962485256,-2.54410481111499,-2.54410481111499,-2.54410481111499,-2.3684509736018655,-2.3684509736018655,-2.3684509736018655,0.0,0.0,0.0,-0.7606580827244476,-0.7606580827244476,-0.7606580827244476,1.1759842744219486,1.1759842744219486,1.1759842744219486,0.6890541952261968,0.6890541952261968,0.6890541952261968,-0.42198509799252254,-0.42198509799252254,-0.42198509799252254,-1.6397170683252924,-1.6397170683252924,-1.6397170683252924,-2.2317290889295562,-2.2317290889295562,-2.2317290889295562,-7.18213050967811,-7.18213050967811,-7.18213050967811,0.0,0.0,0.0,42.11247569992193
108,2018-03-19 06:00:00,56.777011179440315,36.15901639664312,57.2073895281669,56.777011179440315,56.777011179440315,0.0,0.0,0.0,0.0,0.0,0.0,0.0,0.0,0.0,0.0,0.0,0.0,0.0,0.0,0.0,0.0,0.0,0.0,0.0,0.0,0.0,0.0,0.0,0.0,0.0,0.0,0.0,0.0,0.0,0.0,-10.233689432653307,-10.233689432653307,-10.233689432653307,-0.19994758409037913,-0.19994758409037913,-0.19994758409037913,1.1618844240587147,1.1618844240587147,1.1618844240587147,-1.7164809329705941,-1.7164809329705941,-1.7164809329705941,-2.2960885554358477,-2.2960885554358477,-2.2960885554358477,0.0,0.0,0.0,-0.6519705770543592,-0.6519705770543592,-0.6519705770543592,1.5004602242575664,1.5004602242575664,1.5004602242575664,0.6632524030966982,0.6632524030966982,0.6632524030966982,0.14524453234760715,0.14524453234760715,0.14524453234760715,-1.1340753212028427,-1.1340753212028427,-1.1340753212028427,-2.2392633842409735,-2.2392633842409735,-2.2392633842409735,-7.1831855943894904,-7.1831855943894904,-7.1831855943894904,0.0,0.0,0.0,46.54332174678701
109,2018-03-19 07:00:00,56.776663950661494,40.32212276194942,61.30227650856693,56.776663950661494,56.776663950661494,0.0,0.0,0.0,0.0,0.0,0.0,0.0,0.0,0.0,0.0,0.0,0.0,0.0,0.0,0.0,0.0,0.0,0.0,0.0,0.0,0.0,0.0,0.0,0.0,0.0,0.0,0.0,0.0,0.0,0.0,-6.173240623807152,-6.173240623807152,-6.173240623807152,2.1925820208142675,2.1925820208142675,2.1925820208142675,0.9500888856321742,0.9500888856321742,0.9500888856321742,-0.5467886814673671,-0.5467886814673671,-0.5467886814673671,-2.051409875306149,-2.051409875306149,-2.051409875306149,0.0,0.0,0.0,-0.5432830713842709,-0.5432830713842709,-0.5432830713842709,2.3655667792328305,2.3655667792328305,2.3655667792328305,0.41351052833381546,0.41351052833381546,0.41351052833381546,0.625271950117146,0.625271950117146,0.625271950117146,-0.6347815582586271,-0.6347815582586271,-0.6347815582586271,-2.3065338780929134,-2.3065338780929134,-2.3065338780929134,-7.1842524048954255,-7.1842524048954255,-7.1842524048954255,0.0,0.0,0.0,50.60342332685434
110,2018-03-19 08:00:00,56.776316721882665,41.850139780092775,62.19497165092428,56.776316721882665,56.776316721882665,0.0,0.0,0.0,0.0,0.0,0.0,0.0,0.0,0.0,0.0,0.0,0.0,0.0,0.0,0.0,0.0,0.0,0.0,0.0,0.0,0.0,0.0,0.0,0.0,0.0,0.0,0.0,0.0,0.0,0.0,-5.020218064221831,-5.020218064221831,-5.020218064221831,3.500889785121721,3.500889785121721,3.500889785121721,0.7382933472056329,0.7382933472056329,0.7382933472056329,-1.1911999909718565,-1.1911999909718565,-1.1911999909718565,-1.8660787899313132,-1.8660787899313132,-1.8660787899313132,0.0,0.0,0.0,-0.4345955657141827,-0.4345955657141827,-0.4345955657141827,2.211867645100169,2.211867645100169,2.211867645100169,0.05277226478742932,0.05277226478742932,0.05277226478742932,0.9098003122760455,0.9098003122760455,0.9098003122760455,-0.14457683976080554,-0.14457683976080554,-0.14457683976080554,-2.8032592046956375,-2.8032592046956375,-2.8032592046956375,-7.18533101861089,-7.18533101861089,-7.18533101861089,0.0,0.0,0.0,51.756098657660836
111,2018-03-19 09:00:00,56.775969493103844,42.033147225664585,62.23246165014242,56.775969493103844,56.775969493103844,0.0,0.0,0.0,0.0,0.0,0.0,0.0,0.0,0.0,0.0,0.0,0.0,0.0,0.0,0.0,0.0,0.0,0.0,0.0,0.0,0.0,0.0,0.0,0.0,0.0,0.0,0.0,0.0,0.0,0.0,-5.086008881687765,-5.086008881687765,-5.086008881687765,3.989458269202874,3.989458269202874,3.989458269202874,0.5264978087790916,0.5264978087790916,0.5264978087790916,-2.2229632055522757,-2.2229632055522757,-2.2229632055522757,-2.1242928864086124,-2.1242928864086124,-2.1242928864086124,0.0,0.0,0.0,-0.3259080600440943,-0.3259080600440943,-0.3259080600440943,2.1928382284932684,2.1928382284932684,2.1928382284932684,-0.12735345385246657,-0.12735345385246657,-0.12735345385246657,1.0649372009254396,1.0649372009254396,1.0649372009254396,0.3339175668467803,0.3339175668467803,0.3339175668467803,-3.4296820434449016,-3.4296820434449016,-3.4296820434449016,-7.186421512185144,-7.186421512185144,-7.186421512185144,0.0,0.0,0.0,51.689960611416076
112,2018-03-19 10:00:00,56.77562226432502,41.33142775279408,61.46870840030927,56.77562226432502,56.77562226432502,0.0,0.0,0.0,0.0,0.0,0.0,0.0,0.0,0.0,0.0,0.0,0.0,0.0,0.0,0.0,0.0,0.0,0.0,0.0,0.0,0.0,0.0,0.0,0.0,0.0,0.0,0.0,0.0,0.0,0.0,-5.288921521758267,-5.288921521758267,-5.288921521758267,4.035457393239788,4.035457393239788,4.035457393239788,0.3147022703525503,0.3147022703525503,0.3147022703525503,-2.935076797731818,-2.935076797731818,-2.935076797731818,-2.299732705990971,-2.299732705990971,-2.299732705990971,0.0,0.0,0.0,-0.21722055437400595,-0.21722055437400595,-0.21722055437400595,2.227481525393011,2.227481525393011,2.227481525393011,-0.15218159344877658,-0.15218159344877658,-0.15218159344877658,1.1403463523674366,1.1403463523674366,1.1403463523674366,0.7982218442238674,0.7982218442238674,0.7982218442238674,-3.9484720920310616,-3.9484720920310616,-3.9484720920310616,-7.187523961490105,-7.187523961490105,-7.187523961490105,0.0,0.0,0.0,51.486700742566754
113,2018-03-19 11:00:00,56.7752750355462,41.37968805984144,60.53455128574657,56.7752750355462,56.7752750355462,0.0,0.0,0.0,0.0,0.0,0.0,0.0,0.0,0.0,0.0,0.0,0.0,0.0,0.0,0.0,0.0,0.0,0.0,0.0,0.0,0.0,0.0,0.0,0.0,0.0,0.0,0.0,0.0,0.0,0.0,-5.325179958914738,-5.325179958914738,-5.325179958914738,3.6533706503600514,3.6533706503600514,3.6533706503600514,0.10290673192600937,0.10290673192600937,0.10290673192600937,-3.035929817443311,-3.035929817443311,-3.035929817443311,-2.334612432732864,-2.334612432732864,-2.334612432732864,0.0,0.0,0.0,-0.10853304870391764,-0.10853304870391764,-0.10853304870391764,2.3255562109824233,2.3255562109824233,2.3255562109824233,-0.15607620358153107,-0.15607620358153107,-0.15607620358153107,1.1268922967136883,1.1268922967136883,1.1268922967136883,1.2460176497881275,1.2460176497881275,1.2460176497881275,-3.9920633720471197,-3.9920633720471197,-3.9920633720471197,-7.188638441619606,-7.188638441619606,-7.188638441619606,0.0,0.0,0.0,51.45009507663146
114,2018-03-19 12:00:00,56.77492780676738,40.41281102872566,60.662538802454044,56.77492780676738,56.77492780676738,0.0,0.0,0.0,0.0,0.0,0.0,0.0,0.0,0.0,0.0,0.0,0.0,0.0,0.0,0.0,0.0,0.0,0.0,0.0,0.0,0.0,0.0,0.0,0.0,0.0,0.0,0.0,0.0,0.0,0.0,-6.783468496616238,-6.783468496616238,-6.783468496616238,2.61017748807122,2.61017748807122,2.61017748807122,-0.10888880650053198,-0.10888880650053198,-0.10888880650053198,-3.879047264782116,-3.879047264782116,-3.879047264782116,-2.4283191612931745,-2.4283191612931745,-2.4283191612931745,0.0,0.0,0.0,0.0001544569661706819,0.0001544569661706819,0.0001544569661706819,2.112329158233303,2.112329158233303,2.112329158233303,-0.12394566998630639,-0.12394566998630639,-0.12394566998630639,1.1185873240879176,1.1185873240879176,1.1185873240879176,1.6751663069738856,1.6751663069738856,1.6751663069738856,-4.4489645662894945,-4.4489645662894945,-4.4489645662894945,-7.189765026879228,-7.189765026879228,-7.189765026879228,0.0,0.0,0.0,49.99145931015114
115,2018-03-19 13:00:00,56.77458057798856,38.54889433787985,57.50174010191662,56.77458057798856,56.77458057798856,0.0,0.0,0.0,0.0,0.0,0.0,0.0,0.0,0.0,0.0,0.0,0.0,0.0,0.0,0.0,0.0,0.0,0.0,0.0,0.0,0.0,0.0,0.0,0.0,0.0,0.0,0.0,0.0,0.0,0.0,-8.926560486365972,-8.926560486365972,-8.926560486365972,1.0021365805942826,1.0021365805942826,1.0021365805942826,-0.3206843449270728,-0.3206843449270728,-0.3206843449270728,-4.821518258862411,-4.821518258862411,-4.821518258862411,-2.5537820589767013,-2.5537820589767013,-2.5537820589767013,0.0,0.0,0.0,0.10884196263625902,0.10884196263625902,0.10884196263625902,1.7000251317504502,1.7000251317504502,1.7000251317504502,-0.025606764134255115,-0.025606764134255115,-0.025606764134255115,0.9312271416505336,0.9312271416505336,0.9312271416505336,2.0837249826860345,2.0837249826860345,2.0837249826860345,-4.661539326861624,-4.661539326861624,-4.661539326861624,-7.190903790783878,-7.190903790783878,-7.190903790783878,0.0,0.0,0.0,47.84802009162259
116,2018-03-19 14:00:00,56.77423334920974,36.25568665919398,56.056171825149015,56.77423334920974,56.77423334920974,0.0,0.0,0.0,0.0,0.0,0.0,0.0,0.0,0.0,0.0,0.0,0.0,0.0,0.0,0.0,0.0,0.0,0.0,0.0,0.0,0.0,0.0,0.0,0.0,0.0,0.0,0.0,0.0,0.0,0.0,-10.339976226153528,-10.339976226153528,-10.339976226153528,-0.38799781029222713,-0.38799781029222713,-0.38799781029222713,-0.5324798833536142,-0.5324798833536142,-0.5324798833536142,-5.229884305286926,-5.229884305286926,-5.229884305286926,-2.5230670757263773,-2.5230670757263773,-2.5230670757263773,0.0,0.0,0.0,0.21752946830634734,0.21752946830634734,0.21752946830634734,1.5053395618490795,1.5053395618490795,1.5053395618490795,0.053745917320617946,0.053745917320617946,0.053745917320617946,0.7853918223420023,0.7853918223420023,0.7853918223420023,2.469960695475765,2.469960695475765,2.469960695475765,-4.7363441160249815,-4.7363441160249815,-4.7363441160249815,-7.19205480605014,-7.19205480605014,-7.19205480605014,0.0,0.0,0.0,46.43425712305621
117,2018-03-19 15:00:00,56.77388612043091,37.26994845448852,57.1355635775264,56.77388612043091,56.77388612043091,0.0,0.0,0.0,0.0,0.0,0.0,0.0,0.0,0.0,0.0,0.0,0.0,0.0,0.0,0.0,0.0,0.0,0.0,0.0,0.0,0.0,0.0,0.0,0.0,0.0,0.0,0.0,0.0,0.0,0.0,-10.112281501051916,-10.112281501051916,-10.112281501051916,-0.47668659799159385,-0.47668659799159385,-0.47668659799159385,-0.7442754217801555,-0.7442754217801555,-0.7442754217801555,-5.274738782772847,-5.274738782772847,-5.274738782772847,-2.5209847039805924,-2.5209847039805924,-2.5209847039805924,0.0,0.0,0.0,0.3262169739764356,0.3262169739764356,0.3262169739764356,1.4584979209705542,1.4584979209705542,1.4584979209705542,0.03524651919003404,0.03524651919003404,0.03524651919003404,0.7486838433360965,0.7486838433360965,0.7486838433360965,2.8323620243001715,2.8323620243001715,2.8323620243001715,-4.57812391448522,-4.57812391448522,-4.57812391448522,-7.193218144587647,-7.193218144587647,-7.193218144587647,0.0,0.0,0.0,46.66160461937899
118,2018-03-19 16:00:00,56.77353889165209,38.89759795101827,59.12383159995043,56.77353889165209,56.77353889165209,0.0,0.0,0.0,0.0,0.0,0.0,0.0,0.0,0.0,0.0,0.0,0.0,0.0,0.0,0.0,0.0,0.0,0.0,0.0,0.0,0.0,0.0,0.0,0.0,0.0,0.0,0.0,0.0,0.0,0.0,-7.61038699537932,-7.61038699537932,-7.61038699537932,1.2152968228673984,1.2152968228673984,1.2152968228673984,-0.9560709602066965,-0.9560709602066965,-0.9560709602066965,-4.800938354729358,-4.800938354729358,-4.800938354729358,-2.5360818991375313,-2.5360818991375313,-2.5360818991375313,0.0,0.0,0.0,0.43490447964652396,0.43490447964652396,0.43490447964652396,1.6848991852167596,1.6848991852167596,1.6848991852167596,0.19346505583318585,0.19346505583318585,0.19346505583318585,0.7305790030119167,0.7305790030119167,0.7305790030119167,3.16964841398182,3.16964841398182,3.16964841398182,-4.352633219093517,-4.352633219093517,-4.352633219093517,-7.194393877499181,-7.194393877499181,-7.194393877499181,0.0,0.0,0.0,49.163151896272765
119,2018-03-19 17:00:00,56.773191662873266,42.00337453381236,61.639518395193456,56.773191662873266,56.773191662873266,0.0,0.0,0.0,0.0,0.0,0.0,0.0,0.0,0.0,0.0,0.0,0.0,0.0,0.0,0.0,0.0,0.0,0.0,0.0,0.0,0.0,0.0,0.0,0.0,0.0,0.0,0.0,0.0,0.0,0.0,-4.579455773346947,-4.579455773346947,-4.579455773346947,3.958192793200419,3.958192793200419,3.958192793200419,-1.1678664986332377,-1.1678664986332377,-1.1678664986332377,-4.822843494088723,-4.822843494088723,-4.822843494088723,-2.656338867456596,-2.656338867456596,-2.656338867456596,0.0,0.0,0.0,0.5435919853166123,0.5435919853166123,0.5435919853166123,1.7166148795615945,1.7166148795615945,1.7166148795615945,0.38868238873750544,0.38868238873750544,0.38868238873750544,0.7530024291014972,0.7530024291014972,0.7530024291014972,3.4807770026109837,3.4807770026109837,3.4807770026109837,-4.400529810716098,-4.400529810716098,-4.400529810716098,-7.195582075069627,-7.195582075069627,-7.195582075069627,0.0,0.0,0.0,52.19373588952632
120,2018-03-19 18:00:00,56.723853039953084,46.28289775987409,64.98107764541061,56.723853039953084,56.723853039953084,0.0,0.0,0.0,0.0,0.0,0.0,0.0,0.0,0.0,0.0,0.0,0.0,0.0,0.0,0.0,0.0,0.0,0.0,0.0,0.0,0.0,0.0,0.0,0.0,0.0,0.0,0.0,0.0,0.0,0.0,-0.7319373350633709,-0.7319373350633709,-0.7319373350633709,6.105778400004014,6.105778400004014,6.105778400004014,-1.0707731620138716,-1.0707731620138716,-1.0707731620138716,-3.1956131637719025,-3.1956131637719025,-3.1956131637719025,-2.587969586758929,-2.587969586758929,-2.587969586758929,0.0,0.0,0.0,0.6460073934601047,0.6460073934601047,0.6460073934601047,2.7354697248893043,2.7354697248893043,2.7354697248893043,0.5634674062499183,0.5634674062499183,0.5634674062499183,0.9118473247264475,0.9118473247264475,0.9118473247264475,3.493232951702218,3.493232951702218,3.493232951702218,-4.393662264324877,-4.393662264324877,-4.393662264324877,-7.135335522997699,-7.135335522997699,-7.135335522997699,0.0,0.0,0.0,55.99191570488971
121,2018-03-19 19:00:00,56.72348073727192,47.756338082004625,68.8039475441276,56.72348073727192,56.72348073727192,0.0,0.0,0.0,0.0,0.0,0.0,0.0,0.0,0.0,0.0,0.0,0.0,0.0,0.0,0.0,0.0,0.0,0.0,0.0,0.0,0.0,0.0,0.0,0.0,0.0,0.0,0.0,0.0,0.0,0.0,1.2392940289567989,1.2392940289567989,1.2392940289567989,6.348345972059784,6.348345972059784,6.348345972059784,-1.2350351924601455,-1.2350351924601455,-1.2350351924601455,-1.6807408607569598,-1.6807408607569598,-1.6807408607569598,-2.139363764864373,-2.139363764864373,-2.139363764864373,0.0,0.0,0.0,0.753649818792014,0.753649818792014,0.753649818792014,3.401291953793975,3.401291953793975,3.401291953793975,0.621770485109656,0.621770485109656,0.621770485109656,1.15379390300967,1.15379390300967,1.15379390300967,3.708148751845917,3.708148751845917,3.708148751845917,-4.236848064137757,-4.236848064137757,-4.236848064137757,-7.1364598341919425,-7.1364598341919425,-7.1364598341919425,0.0,0.0,0.0,57.96277476622872
122,2018-03-19 20:00:00,56.723108434590756,46.101474237096845,65.51032487605545,56.723108434590756,56.723108434590756,0.0,0.0,0.0,0.0,0.0,0.0,0.0,0.0,0.0,0.0,0.0,0.0,0.0,0.0,0.0,0.0,0.0,0.0,0.0,0.0,0.0,0.0,0.0,0.0,0.0,0.0,0.0,0.0,0.0,0.0,-1.1970269236377085,-1.1970269236377085,-1.1970269236377085,4.41018598592713,4.41018598592713,4.41018598592713,-1.3992972229064191,-1.3992972229064191,-1.3992972229064191,-2.366589197265349,-2.366589197265349,-2.366589197265349,-2.5170247897173406,-2.5170247897173406,-2.5170247897173406,0.0,0.0,0.0,0.8612922441239235,0.8612922441239235,0.8612922441239235,3.251014004940792,3.251014004940792,3.251014004940792,0.6431008798144381,0.6431008798144381,0.6431008798144381,1.010719724505649,1.010719724505649,1.010719724505649,3.8969751847945533,3.8969751847945533,3.8969751847945533,-4.216394038026392,-4.216394038026392,-4.216394038026392,-7.137598897094042,-7.137598897094042,-7.137598897094042,0.0,0.0,0.0,55.52608151095305
123,2018-03-19 21:00:00,56.72273613190959,42.38048643810363,62.371412573961685,56.72273613190959,56.72273613190959,0.0,0.0,0.0,0.0,0.0,0.0,0.0,0.0,0.0,0.0,0.0,0.0,0.0,0.0,0.0,0.0,0.0,0.0,0.0,0.0,0.0,0.0,0.0,0.0,0.0,0.0,0.0,0.0,0.0,0.0,-5.150576157498909,-5.150576157498909,-5.150576157498909,1.2583344161422187,1.2583344161422187,1.2583344161422187,-1.5635592533526927,-1.5635592533526927,-1.5635592533526927,-3.330003013527039,-3.330003013527039,-3.330003013527039,-2.6135737240370966,-2.6135737240370966,-2.6135737240370966,0.0,0.0,0.0,0.9689346694558331,0.9689346694558331,0.9689346694558331,2.6798508399044962,2.6798508399044962,2.6798508399044962,0.65542510786609,0.65542510786609,0.65542510786609,0.6591411029378412,0.6591411029378412,0.6591411029378412,4.05984522219262,4.05984522219262,4.05984522219262,-4.11622175630151,-4.11622175630151,-4.11622175630151,-7.13875278230671,-7.13875278230671,-7.13875278230671,0.0,0.0,0.0,51.57215997441068
124,2018-03-19 22:00:00,56.72236382922843,37.54889674050494,56.72082948563999,56.72236382922843,56.72236382922843,0.0,0.0,0.0,0.0,0.0,0.0,0.0,0.0,0.0,0.0,0.0,0.0,0.0,0.0,0.0,0.0,0.0,0.0,0.0,0.0,0.0,0.0,0.0,0.0,0.0,0.0,0.0,0.0,0.0,0.0,-9.653250712608806,-9.653250712608806,-9.653250712608806,-1.8019274784749708,-1.8019274784749708,-1.8019274784749708,-1.7278212837989664,-1.7278212837989664,-1.7278212837989664,-4.908509984540366,-4.908509984540366,-4.908509984540366,-2.7607975133865583,-2.7607975133865583,-2.7607975133865583,0.0,0.0,0.0,1.0765770947877427,1.0765770947877427,1.0765770947877427,1.643949107062451,1.643949107062451,1.643949107062451,0.6701193797738288,0.6701193797738288,0.6701193797738288,0.2243933450851756,0.2243933450851756,0.2243933450851756,4.197108309930411,4.197108309930411,4.197108309930411,-4.034930114064039,-4.034930114064039,-4.034930114064039,-7.13992155952388,-7.13992155952388,-7.13992155952388,0.0,0.0,0.0,47.06911311661962
125,2018-03-19 23:00:00,56.72199152654726,33.23511876337885,53.87535418990907,56.72199152654726,56.72199152654726,0.0,0.0,0.0,0.0,0.0,0.0,0.0,0.0,0.0,0.0,0.0,0.0,0.0,0.0,0.0,0.0,0.0,0.0,0.0,0.0,0.0,0.0,0.0,0.0,0.0,0.0,0.0,0.0,0.0,0.0,-12.98439409331698,-12.98439409331698,-12.98439409331698,-4.069721173641099,-4.069721173641099,-4.069721173641099,-1.8920833142452402,-1.8920833142452402,-1.8920833142452402,-6.082888376540483,-6.082888376540483,-6.082888376540483,-3.076581873150621,-3.076581873150621,-3.076581873150621,0.0,0.0,0.0,1.1842195201196521,1.1842195201196521,1.1842195201196521,1.2920527001393398,1.2920527001393398,1.2920527001393398,0.6701193797738288,0.6701193797738288,0.6701193797738288,-0.10348498065320595,-0.10348498065320595,-0.10348498065320595,4.309320754386673,4.309320754386673,4.309320754386673,-4.157129808524236,-4.157129808524236,-4.157129808524236,-7.141105297522071,-7.141105297522071,-7.141105297522071,0.0,0.0,0.0,43.73759743323028
126,2018-03-20 00:00:00,56.72161922386609,30.86882248608342,50.52241354919715,56.72161922386609,56.72161922386609,0.0,0.0,0.0,0.0,0.0,0.0,0.0,0.0,0.0,0.0,0.0,0.0,0.0,0.0,0.0,0.0,0.0,0.0,0.0,0.0,0.0,0.0,0.0,0.0,0.0,0.0,0.0,0.0,0.0,0.0,-16.232135499136767,-16.232135499136767,-16.232135499136767,-5.661634719990429,-5.661634719990429,-5.661634719990429,-2.056345344691513,-2.056345344691513,-2.056345344691513,-7.825430828086845,-7.825430828086845,-7.825430828086845,-3.073914775517479,-3.073914775517479,-3.073914775517479,0.0,0.0,0.0,0.00015284146864771276,0.00015284146864771276,0.00015284146864771276,1.1171740906198,1.1171740906198,1.1171740906198,0.6701193797738288,0.6701193797738288,0.6701193797738288,-0.36796865006257007,-0.36796865006257007,-0.36796865006257007,4.397234113098721,4.397234113098721,4.397234113098721,-4.114648369677559,-4.114648369677559,-4.114648369677559,-7.142304064158211,-7.142304064158211,-7.142304064158211,0.0,0.0,0.0,40.489483724729325
127,2018-03-20 01:00:00,56.72124692118493,27.706523594697444,47.44413060318843,56.72124692118493,56.72124692118493,0.0,0.0,0.0,0.0,0.0,0.0,0.0,0.0,0.0,0.0,0.0,0.0,0.0,0.0,0.0,0.0,0.0,0.0,0.0,0.0,0.0,0.0,0.0,0.0,0.0,0.0,0.0,0.0,0.0,0.0,-18.55233019348047,-18.55233019348047,-18.55233019348047,-6.933836831929912,-6.933836831929912,-6.933836831929912,-2.056345344691513,-2.056345344691513,-2.056345344691513,-8.936757185719614,-8.936757185719614,-8.936757185719614,-3.0952515565826184,-3.0952515565826184,-3.0952515565826184,0.0,0.0,0.0,-1.1839138371823565,-1.1839138371823565,-1.1839138371823565,1.0861558663013493,1.0861558663013493,1.0861558663013493,0.6696453710026113,0.6696453710026113,0.6696453710026113,-0.5271822938246666,-0.5271822938246666,-0.5271822938246666,4.461781750527635,4.461781750527635,4.461781750527635,-3.829865390742421,-3.829865390742421,-3.829865390742421,-7.143517926358577,-7.143517926358577,-7.143517926358577,0.0,0.0,0.0,38.168916727704456
128,2018-03-20 02:00:00,56.720874618503764,27.220584299940768,47.09431535053983,56.720874618503764,56.720874618503764,0.0,0.0,0.0,0.0,0.0,0.0,0.0,0.0,0.0,0.0,0.0,0.0,0.0,0.0,0.0,0.0,0.0,0.0,0.0,0.0,0.0,0.0,0.0,0.0,0.0,0.0,0.0,0.0,0.0,0.0,-19.451556346962168,-19.451556346962168,-19.451556346962168,-7.802203966175007,-7.802203966175007,-7.802203966175007,-2.056345344691513,-2.056345344691513,-2.056345344691513,-9.00866916967024,-9.00866916967024,-9.00866916967024,-3.1549945435650093,-3.1549945435650093,-3.1549945435650093,0.0,0.0,0.0,-1.076271411850447,-1.076271411850447,-1.076271411850447,0.972244111476695,0.972244111476695,0.972244111476695,0.6701193797738288,0.6701193797738288,0.6701193797738288,-0.5907223507415947,-0.5907223507415947,-0.5907223507415947,4.504063739000244,4.504063739000244,4.504063739000244,-3.7726990100721993,-3.7726990100721993,-3.7726990100721993,-7.144746950117161,-7.144746950117161,-7.144746950117161,0.0,0.0,0.0,37.26931827154159
129,2018-03-20 03:00:00,56.72050231582259,27.871985158421857,47.185170159743436,56.72050231582259,56.72050231582259,0.0,0.0,0.0,0.0,0.0,0.0,0.0,0.0,0.0,0.0,0.0,0.0,0.0,0.0,0.0,0.0,0.0,0.0,0.0,0.0,0.0,0.0,0.0,0.0,0.0,0.0,0.0,0.0,0.0,0.0,-18.999018943896605,-18.999018943896605,-18.999018943896605,-7.6821282821888905,-7.6821282821888905,-7.6821282821888905,-2.056345344691513,-2.056345344691513,-2.056345344691513,-8.696229763379488,-8.696229763379488,-8.696229763379488,-3.141125635872668,-3.141125635872668,-3.141125635872668,0.0,0.0,0.0,-0.9686289865185377,-0.9686289865185377,-0.9686289865185377,1.0444417025627435,1.0444417025627435,1.0444417025627435,0.6701193797738288,0.6701193797738288,0.6701193797738288,-0.6046808071810115,-0.6046808071810115,-0.6046808071810115,4.52533030216323,4.52533030216323,4.52533030216323,-3.6400100714523287,-3.6400100714523287,-3.6400100714523287,-7.145991200491456,-7.145991200491456,-7.145991200491456,0.0,0.0,0.0,37.721483371925984
130,2018-03-20 04:00:00,56.720130013141436,30.18113774032496,49.707076665110314,56.720130013141436,56.720130013141436,0.0,0.0,0.0,0.0,0.0,0.0,0.0,0.0,0.0,0.0,0.0,0.0,0.0,0.0,0.0,0.0,0.0,0.0,0.0,0.0,0.0,0.0,0.0,0.0,0.0,0.0,0.0,0.0,0.0,0.0,-16.78974873858046,-16.78974873858046,-16.78974873858046,-6.09098587376859,-6.09098587376859,-6.09098587376859,-2.056345344691513,-2.056345344691513,-2.056345344691513,-8.078476136557454,-8.078476136557454,-8.078476136557454,-2.968297709245039,-2.968297709245039,-2.968297709245039,0.0,0.0,0.0,-0.8609865611866281,-0.8609865611866281,-0.8609865611866281,1.1669102089235222,1.1669102089235222,1.1669102089235222,0.6701193797738288,0.6701193797738288,0.6701193797738288,-0.5094434220995746,-0.5094434220995746,-0.5094434220995746,4.526964013335999,4.526964013335999,4.526964013335999,-3.52043268803205,-3.52043268803205,-3.52043268803205,-7.14725074159042,-7.14725074159042,-7.14725074159042,0.0,0.0,0.0,39.93038127456097
131,2018-03-20 05:00:00,56.719757710460264,34.23243195927438,53.87372002529013,56.719757710460264,56.719757710460264,0.0,0.0,0.0,0.0,0.0,0.0,0.0,0.0,0.0,0.0,0.0,0.0,0.0,0.0,0.0,0.0,0.0,0.0,0.0,0.0,0.0,0.0,0.0,0.0,0.0,0.0,0.0,0.0,0.0,0.0,-13.205221520863088,-13.205221520863088,-13.205221520863088,-3.2687846896393347,-3.2687846896393347,-3.2687846896393347,-2.056345344691513,-2.056345344691513,-2.056345344691513,-7.298372167724517,-7.298372167724517,-7.298372167724517,-2.957629318712469,-2.957629318712469,-2.957629318712469,0.0,0.0,0.0,-0.7533441358547186,-0.7533441358547186,-0.7533441358547186,1.3818985912686448,1.3818985912686448,1.3818985912686448,0.6701193797738288,0.6701193797738288,0.6701193797738288,-0.08676391304348806,-0.08676391304348806,-0.08676391304348806,4.510460973075931,4.510460973075931,4.510460973075931,-3.4963074264648006,-3.4963074264648006,-3.4963074264648006,-7.148525636575169,-7.148525636575169,-7.148525636575169,0.0,0.0,0.0,43.51453618959718
132,2018-03-20 06:00:00,56.7193854077791,38.431361857995924,58.6643892645726,56.7193854077791,56.7193854077791,0.0,0.0,0.0,0.0,0.0,0.0,0.0,0.0,0.0,0.0,0.0,0.0,0.0,0.0,0.0,0.0,0.0,0.0,0.0,0.0,0.0,0.0,0.0,0.0,0.0,0.0,0.0,0.0,0.0,0.0,-8.598324111115248,-8.598324111115248,-8.598324111115248,-0.1613848960480077,-0.1613848960480077,-0.1613848960480077,-2.056345344691513,-2.056345344691513,-2.056345344691513,-5.764534467423726,-5.764534467423726,-5.764534467423726,-2.8648143210791126,-2.8648143210791126,-2.8648143210791126,0.0,0.0,0.0,-0.6457017105228092,-0.6457017105228092,-0.6457017105228092,2.395338851328364,2.395338851328364,2.395338851328364,0.6426268710432208,0.6426268710432208,0.6426268710432208,0.49352983330767863,0.49352983330767863,0.49352983330767863,4.477411200005442,4.477411200005442,4.477411200005442,-3.729168646809554,-3.729168646809554,-3.729168646809554,-7.149815947648956,-7.149815947648956,-7.149815947648956,0.0,0.0,0.0,48.121061296663854
133,2018-03-20 07:00:00,56.719013105097936,41.3766841089508,60.870688929710404,56.719013105097936,56.719013105097936,0.0,0.0,0.0,0.0,0.0,0.0,0.0,0.0,0.0,0.0,0.0,0.0,0.0,0.0,0.0,0.0,0.0,0.0,0.0,0.0,0.0,0.0,0.0,0.0,0.0,0.0,0.0,0.0,0.0,0.0,-5.167418840020012,-5.167418840020012,-5.167418840020012,2.2358543912058986,2.2358543912058986,2.2358543912058986,-2.056345344691513,-2.056345344691513,-2.056345344691513,-4.6816299701927475,-4.6816299701927475,-4.6816299701927475,-2.52075872640374,-2.52075872640374,-2.52075872640374,0.0,0.0,0.0,-0.5380592851908996,-0.5380592851908996,-0.5380592851908996,2.9536668890604734,2.9536668890604734,2.9536668890604734,0.3108207311910551,0.3108207311910551,0.3108207311910551,0.9999600810002653,0.9999600810002653,0.9999600810002653,4.429478475022044,4.429478475022044,4.429478475022044,-3.8309143151583886,-3.8309143151583886,-3.8309143151583886,-7.151121736055208,-7.151121736055208,-7.151121736055208,0.0,0.0,0.0,51.551594265077924
134,2018-03-20 08:00:00,56.71864080241677,42.61671409518783,62.48792716412437,56.71864080241677,56.71864080241677,0.0,0.0,0.0,0.0,0.0,0.0,0.0,0.0,0.0,0.0,0.0,0.0,0.0,0.0,0.0,0.0,0.0,0.0,0.0,0.0,0.0,0.0,0.0,0.0,0.0,0.0,0.0,0.0,0.0,0.0,-4.145675065275471,-4.145675065275471,-4.145675065275471,3.536666660370622,3.536666660370622,3.536666660370622,-2.056345344691513,-2.056345344691513,-2.056345344691513,-4.898278546295463,-4.898278546295463,-4.898278546295463,-2.289788071373606,-2.289788071373606,-2.289788071373606,0.0,0.0,0.0,-0.4304168598589902,-0.4304168598589902,-0.4304168598589902,2.9199746798869843,2.9199746798869843,2.9199746798869843,-0.29306644333988635,-0.29306644333988635,-0.29306644333988635,1.2359452351791538,1.2359452351791538,1.2359452351791538,4.368379882719004,4.368379882719004,4.368379882719004,-3.984581742097606,-3.984581742097606,-3.984581742097606,-7.152443062069634,-7.152443062069634,-7.152443062069634,0.0,0.0,0.0,52.5729657371413
135,2018-03-20 09:00:00,56.71826849973561,41.31825908081985,61.456512665737804,56.71826849973561,56.71826849973561,0.0,0.0,0.0,0.0,0.0,0.0,0.0,0.0,0.0,0.0,0.0,0.0,0.0,0.0,0.0,0.0,0.0,0.0,0.0,0.0,0.0,0.0,0.0,0.0,0.0,0.0,0.0,0.0,0.0,0.0,-5.301581003377445,-5.301581003377445,-5.301581003377445,4.009908559859722,4.009908559859722,4.009908559859722,-2.056345344691513,-2.056345344691513,-2.056345344691513,-6.453574872554645,-6.453574872554645,-6.453574872554645,-2.3057906571724605,-2.3057906571724605,-2.3057906571724605,0.0,0.0,0.0,-0.3227744345270807,-0.3227744345270807,-0.3227744345270807,2.3193976814452606,2.3193976814452606,2.3193976814452606,-0.9988655036825643,-0.9988655036825643,-0.9988655036825643,1.3154793567662466,1.3154793567662466,1.3154793567662466,4.295865294312427,4.295865294312427,4.295865294312427,-4.4046759706925345,-4.4046759706925345,-4.4046759706925345,-7.153779984994949,-7.153779984994949,-7.153779984994949,0.0,0.0,0.0,51.416687496358165
136,2018-03-20 10:00:00,56.717896197054436,41.16578217702598,61.54710431794465,56.717896197054436,56.717896197054436,0.0,0.0,0.0,0.0,0.0,0.0,0.0,0.0,0.0,0.0,0.0,0.0,0.0,0.0,0.0,0.0,0.0,0.0,0.0,0.0,0.0,0.0,0.0,0.0,0.0,0.0,0.0,0.0,0.0,0.0,-5.505121687278268,-5.505121687278268,-5.505121687278268,4.045055150196168,4.045055150196168,4.045055150196168,-2.056345344691513,-2.056345344691513,-2.056345344691513,-6.608741308105679,-6.608741308105679,-6.608741308105679,-2.360732868415195,-2.360732868415195,-2.360732868415195,0.0,0.0,0.0,-0.21513200919517125,-0.21513200919517125,-0.21513200919517125,2.590539745746199,2.590539745746199,2.590539745746199,-1.2154875121289068,-1.2154875121289068,-1.2154875121289068,1.3205683773431174,1.3205683773431174,1.3205683773431174,4.21369703378759,4.21369703378759,4.21369703378759,-4.67215169676421,-4.67215169676421,-4.67215169676421,-7.155132563156347,-7.155132563156347,-7.155132563156347,0.0,0.0,0.0,51.21277450977617
137,2018-03-20 11:00:00,56.71752389437327,41.166956388978264,60.8644021286629,56.71752389437327,56.71752389437327,0.0,0.0,0.0,0.0,0.0,0.0,0.0,0.0,0.0,0.0,0.0,0.0,0.0,0.0,0.0,0.0,0.0,0.0,0.0,0.0,0.0,0.0,0.0,0.0,0.0,0.0,0.0,0.0,0.0,0.0,-5.563052127708911,-5.563052127708911,-5.563052127708911,3.663714314495068,3.663714314495068,3.663714314495068,-2.056345344691513,-2.056345344691513,-2.056345344691513,-6.193895552071515,-6.193895552071515,-6.193895552071515,-2.208708303326076,-2.208708303326076,-2.208708303326076,0.0,0.0,0.0,-0.10748958386326177,-0.10748958386326177,-0.10748958386326177,2.740282897628374,2.740282897628374,2.740282897628374,-1.0751809158485623,-1.0751809158485623,-1.0751809158485623,1.2890164497665193,1.2890164497665193,1.2890164497665193,4.123629963763295,4.123629963763295,4.123629963763295,-4.775470751736995,-4.775470751736995,-4.775470751736995,-7.156500853895759,-7.156500853895759,-7.156500853895759,0.0,0.0,0.0,51.15447176666436
138,2018-03-20 12:00:00,56.71715159169211,40.204084201336194,60.16824954868568,56.71715159169211,56.71715159169211,0.0,0.0,0.0,0.0,0.0,0.0,0.0,0.0,0.0,0.0,0.0,0.0,0.0,0.0,0.0,0.0,0.0,0.0,0.0,0.0,0.0,0.0,0.0,0.0,0.0,0.0,0.0,0.0,0.0,0.0,-6.440768330008864,-6.440768330008864,-6.440768330008864,2.627191744036832,2.627191744036832,2.627191744036832,-2.056345344691513,-2.056345344691513,-2.056345344691513,-5.93746737931239,-5.93746737931239,-5.93746737931239,-2.2167095962255035,-2.2167095962255035,-2.2167095962255035,0.0,0.0,0.0,0.00015284146864771276,0.00015284146864771276,0.00015284146864771276,2.860077419134114,2.860077419134114,2.860077419134114,-0.8642470126568287,-0.8642470126568287,-0.8642470126568287,1.2414704575197562,1.2414704575197562,1.2414704575197562,4.027392218833379,4.027392218833379,4.027392218833379,-4.901866143861062,-4.901866143861062,-4.901866143861062,-7.157884913566685,-7.157884913566685,-7.157884913566685,0.0,0.0,0.0,50.27638326168324
139,2018-03-20 13:00:00,56.716779289010944,38.569059529423086,58.7110431078226,56.716779289010944,56.716779289010944,0.0,0.0,0.0,0.0,0.0,0.0,0.0,0.0,0.0,0.0,0.0,0.0,0.0,0.0,0.0,0.0,0.0,0.0,0.0,0.0,0.0,0.0,0.0,0.0,0.0,0.0,0.0,0.0,0.0,0.0,-8.422182012795231,-8.422182012795231,-8.422182012795231,1.01891846704237,1.01891846704237,1.01891846704237,-2.056345344691513,-2.056345344691513,-2.056345344691513,-6.208482486162897,-6.208482486162897,-6.208482486162897,-2.3233935015512,-2.3233935015512,-2.3233935015512,0.0,0.0,0.0,0.10779526680055719,0.10779526680055719,0.10779526680055719,2.6322539094848048,2.6322539094848048,2.6322539094848048,-0.7196743374355279,-0.7196743374355279,-0.7196743374355279,1.1088651213452978,1.1088651213452978,1.1088651213452978,3.9266668038531733,3.9266668038531733,3.9266668038531733,-4.957983600115316,-4.957983600115316,-4.957983600115316,-7.159284797527878,-7.159284797527878,-7.159284797527878,0.0,0.0,0.0,48.29459727621571
140,2018-03-20 14:00:00,56.71640698632978,37.00646388144767,56.4049866916879,56.71640698632978,56.71640698632978,0.0,0.0,0.0,0.0,0.0,0.0,0.0,0.0,0.0,0.0,0.0,0.0,0.0,0.0,0.0,0.0,0.0,0.0,0.0,0.0,0.0,0.0,0.0,0.0,0.0,0.0,0.0,0.0,0.0,0.0,-9.958832003595106,-9.958832003595106,-9.958832003595106,-0.38531720955394444,-0.38531720955394444,-0.38531720955394444,-2.056345344691513,-2.056345344691513,-2.056345344691513,-6.235888494182394,-6.235888494182394,-6.235888494182394,-2.2465810897166985,-2.2465810897166985,-2.2465810897166985,0.0,0.0,0.0,0.2154376921324667,0.2154376921324667,0.2154376921324667,2.3044233662570432,2.3044233662570432,2.3044233662570432,-0.6362487937012691,-0.6362487937012691,-0.6362487937012691,1.0050491015771361,1.0050491015771361,1.0050491015771361,3.8230742602816896,3.8230742602816896,3.8230742602816896,-4.821623426039559,-4.821623426039559,-4.821623426039559,-7.160700560140457,-7.160700560140457,-7.160700560140457,0.0,0.0,0.0,46.757574982734674
141,2018-03-20 15:00:00,56.71603468364861,36.08353763569336,56.46418438022848,56.71603468364861,56.71603468364861,0.0,0.0,0.0,0.0,0.0,0.0,0.0,0.0,0.0,0.0,0.0,0.0,0.0,0.0,0.0,0.0,0.0,0.0,0.0,0.0,0.0,0.0,0.0,0.0,0.0,0.0,0.0,0.0,0.0,0.0,-10.549613021689972,-10.549613021689972,-10.549613021689972,-0.4960652218456774,-0.4960652218456774,-0.4960652218456774,-2.056345344691513,-2.056345344691513,-2.056345344691513,-6.609572133311383,-6.609572133311383,-6.609572133311383,-2.3415297654565688,-2.3415297654565688,-2.3415297654565688,0.0,0.0,0.0,0.32308011746437615,0.32308011746437615,0.32308011746437615,1.9830103866813755,1.9830103866813755,1.9830103866813755,-0.5864778727234442,-0.5864778727234442,-0.5864778727234442,0.9275505882207913,0.9275505882207913,0.9275505882207913,3.718156588224726,3.718156588224726,3.718156588224726,-4.8588602428064,-4.8588602428064,-4.8588602428064,-7.162132254757638,-7.162132254757638,-7.162132254757638,0.0,0.0,0.0,46.16642166195864
142,2018-03-20 16:00:00,56.715662380967444,38.388391505611736,57.86900648260197,56.715662380967444,56.715662380967444,0.0,0.0,0.0,0.0,0.0,0.0,0.0,0.0,0.0,0.0,0.0,0.0,0.0,0.0,0.0,0.0,0.0,0.0,0.0,0.0,0.0,0.0,0.0,0.0,0.0,0.0,0.0,0.0,0.0,0.0,-8.444180905476388,-8.444180905476388,-8.444180905476388,1.1785762035931548,1.1785762035931548,1.1785762035931548,-2.056345344691513,-2.056345344691513,-2.056345344691513,-6.072539768997055,-6.072539768997055,-6.072539768997055,-2.225244308651559,-2.225244308651559,-2.225244308651559,0.0,0.0,0.0,0.4307225427962857,0.4307225427962857,0.4307225427962857,1.9926367321595153,1.9926367321595153,1.9926367321595153,-0.42341885542466573,-0.42341885542466573,-0.42341885542466573,0.8781143883311906,0.8781143883311906,0.8781143883311906,3.6133625936534277,3.6133625936534277,3.6133625936534277,-4.669004923516309,-4.669004923516309,-4.669004923516309,-7.163579933725915,-7.163579933725915,-7.163579933725915,0.0,0.0,0.0,48.27148147549106
143,2018-03-20 17:00:00,56.71529007828629,41.674505780973156,62.33686371359143,56.71529007828629,56.71529007828629,0.0,0.0,0.0,0.0,0.0,0.0,0.0,0.0,0.0,0.0,0.0,0.0,0.0,0.0,0.0,0.0,0.0,0.0,0.0,0.0,0.0,0.0,0.0,0.0,0.0,0.0,0.0,0.0,0.0,0.0,-4.770149196860813,-4.770149196860813,-4.770149196860813,3.9154600781174205,3.9154600781174205,3.9154600781174205,-2.056345344691513,-2.056345344691513,-2.056345344691513,-5.030600436395283,-5.030600436395283,-5.030600436395283,-2.12282775953889,-2.12282775953889,-2.12282775953889,0.0,0.0,0.0,0.5383649681281951,0.5383649681281951,0.5383649681281951,2.3113757268801445,2.3113757268801445,2.3113757268801445,-0.0792884875208482,-0.0792884875208482,-0.0792884875208482,0.854123291325943,0.854123291325943,0.854123291325943,3.51003480979332,3.51003480979332,3.51003480979332,-4.476002830978314,-4.476002830978314,-4.476002830978314,-7.165043648376269,-7.165043648376269,-7.165043648376269,0.0,0.0,0.0,51.94514088142547
144,2018-03-20 18:00:00,56.907373532724996,45.827669900561965,65.97296359576056,56.907373532724996,56.907373532724996,0.0,0.0,0.0,0.0,0.0,0.0,0.0,0.0,0.0,0.0,0.0,0.0,0.0,0.0,0.0,0.0,0.0,0.0,0.0,0.0,0.0,0.0,0.0,0.0,0.0,0.0,0.0,0.0,0.0,0.0,-0.9977199136767966,-0.9977199136767966,-0.9977199136767966,6.153752831950108,6.153752831950108,6.153752831950108,-2.0462470624353983,-2.0462470624353983,-2.0462470624353983,-3.3983449809802773,-3.3983449809802773,-3.3983449809802773,-1.9150880990980552,-1.9150880990980552,-1.9150880990980552,0.0,0.0,0.0,0.6067023281013874,0.6067023281013874,0.6067023281013874,2.7819821559059514,2.7819821559059514,2.7819821559059514,0.37624013312019333,0.37624013312019333,0.37624013312019333,1.2213133653693935,1.2213133653693935,1.2213133653693935,3.3859388942026984,3.3859388942026984,3.3859388942026984,-4.423247801943749,-4.423247801943749,-4.423247801943749,-7.139066658849325,-7.139066658849325,-7.139066658849325,0.0,0.0,0.0,55.9096536190482
145,2018-03-20 19:00:00,56.90704806830029,48.14202511602538,68.11381286234221,56.90704806830029,56.90704806830029,0.0,0.0,0.0,0.0,0.0,0.0,0.0,0.0,0.0,0.0,0.0,0.0,0.0,0.0,0.0,0.0,0.0,0.0,0.0,0.0,0.0,0.0,0.0,0.0,0.0,0.0,0.0,0.0,0.0,0.0,1.0550084507156745,1.0550084507156745,1.0550084507156745,6.402194373120386,6.402194373120386,6.402194373120386,-2.0462470624353983,-2.0462470624353983,-2.0462470624353983,-1.4960692920827197,-1.4960692920827197,-1.4960692920827197,-1.389298629871143,-1.389298629871143,-1.389298629871143,0.0,0.0,0.0,0.7077954794566182,0.7077954794566182,0.7077954794566182,3.7093881918793343,3.7093881918793343,3.7093881918793343,0.5325259798833708,0.5325259798833708,0.5325259798833708,1.5140044725692803,1.5140044725692803,1.5140044725692803,3.2893591814246856,3.2893591814246856,3.2893591814246856,-4.524237723564782,-4.524237723564782,-4.524237723564782,-7.140475811746678,-7.140475811746678,-7.140475811746678,0.0,0.0,0.0,57.96205651901597
146,2018-03-20 20:00:00,56.906722603875586,45.24845025998495,65.35574379358434,56.906722603875586,56.906722603875586,0.0,0.0,0.0,0.0,0.0,0.0,0.0,0.0,0.0,0.0,0.0,0.0,0.0,0.0,0.0,0.0,0.0,0.0,0.0,0.0,0.0,0.0,0.0,0.0,0.0,0.0,0.0,0.0,0.0,0.0,-1.470195298109283,-1.470195298109283,-1.470195298109283,4.473875022620796,4.473875022620796,4.473875022620796,-2.0462470624353983,-2.0462470624353983,-2.0462470624353983,-1.9998074555051228,-1.9998074555051228,-1.9998074555051228,-1.636541710254333,-1.636541710254333,-1.636541710254333,0.0,0.0,0.0,0.8088886308118491,0.8088886308118491,0.8088886308118491,3.3775919404971724,3.3775919404971724,3.3775919404971724,0.5455901218728625,0.5455901218728625,0.5455901218728625,1.3884344881651536,1.3884344881651536,1.3884344881651536,3.1976378410436617,3.1976378410436617,3.1976378410436617,-4.437523864162429,-4.437523864162429,-4.437523864162429,-7.1419007062686175,-7.1419007062686175,-7.1419007062686175,0.0,0.0,0.0,55.436527305766305
147,2018-03-20 21:00:00,56.90639713945088,40.27066798361624,61.373437741956955,56.90639713945088,56.90639713945088,0.0,0.0,0.0,0.0,0.0,0.0,0.0,0.0,0.0,0.0,0.0,0.0,0.0,0.0,0.0,0.0,0.0,0.0,0.0,0.0,0.0,0.0,0.0,0.0,0.0,0.0,0.0,0.0,0.0,0.0,-6.110662134669228,-6.110662134669228,-6.110662134669228,1.3292713768082254,1.3292713768082254,1.3292713768082254,-2.0462470624353983,-2.0462470624353983,-2.0462470624353983,-3.4081847245125214,-3.4081847245125214,-3.4081847245125214,-1.7850997843043181,-1.7850997843043181,-1.7850997843043181,0.0,0.0,0.0,0.9099817821670799,0.9099817821670799,0.9099817821670799,2.3487191609818434,2.3487191609818434,2.3487191609818434,0.5596219780837979,0.5596219780837979,0.5596219780837979,0.9545917196642778,0.9545917196642778,0.9545917196642778,3.1115926040399335,3.1115926040399335,3.1115926040399335,-4.349752518669804,-4.349752518669804,-4.349752518669804,-7.143341391004865,-7.143341391004865,-7.143341391004865,0.0,0.0,0.0,50.795735004781655
148,2018-03-20 22:00:00,56.90607167502617,37.20842974748558,56.70870924764758,56.90607167502617,56.90607167502617,0.0,0.0,0.0,0.0,0.0,0.0,0.0,0.0,0.0,0.0,0.0,0.0,0.0,0.0,0.0,0.0,0.0,0.0,0.0,0.0,0.0,0.0,0.0,0.0,0.0,0.0,0.0,0.0,0.0,0.0,-10.47628472321632,-10.47628472321632,-10.47628472321632,-1.7384603191396142,-1.7384603191396142,-1.7384603191396142,-2.0462470624353983,-2.0462470624353983,-2.0462470624353983,-4.624922461740112,-4.624922461740112,-4.624922461740112,-2.235549087405881,-2.235549087405881,-2.235549087405881,0.0,0.0,0.0,1.0110749335223108,1.0110749335223108,1.0110749335223108,1.7734027250990116,1.7734027250990116,1.7734027250990116,0.608007689155989,0.608007689155989,0.608007689155989,0.43489696669245376,0.43489696669245376,0.43489696669245376,3.0318959711824793,3.0318959711824793,3.0318959711824793,-4.170508626368598,-4.170508626368598,-4.170508626368598,-7.144797913519074,-7.144797913519074,-7.144797913519074,0.0,0.0,0.0,46.429786951809845
149,2018-03-20 23:00:00,56.90574621060147,33.1107494823556,52.93460337451551,56.90574621060147,56.90574621060147,0.0,0.0,0.0,0.0,0.0,0.0,0.0,0.0,0.0,0.0,0.0,0.0,0.0,0.0,0.0,0.0,0.0,0.0,0.0,0.0,0.0,0.0,0.0,0.0,0.0,0.0,0.0,0.0,0.0,0.0,-13.518708394637823,-13.518708394637823,-13.518708394637823,-4.0356935048213955,-4.0356935048213955,-4.0356935048213955,-2.0462470624353983,-2.0462470624353983,-2.0462470624353983,-5.295818039468469,-5.295818039468469,-5.295818039468469,-2.5385014455578157,-2.5385014455578157,-2.5385014455578157,0.0,0.0,0.0,1.1121680848775417,1.1121680848775417,1.1121680848775417,1.3102070408300297,1.3102070408300297,1.3102070408300297,0.623974973809812,0.623974973809812,0.623974973809812,0.03450897505837065,0.03450897505837065,0.03450897505837065,2.959073469997049,2.959073469997049,2.959073469997049,-3.791928606051009,-3.791928606051009,-3.791928606051009,-7.1462703203450095,-7.1462703203450095,-7.1462703203450095,0.0,0.0,0.0,43.38703781596365
150,2018-03-21 00:00:00,56.905420746176766,31.723649369775273,50.89939715695472,56.905420746176766,56.905420746176766,0.0,0.0,0.0,0.0,0.0,0.0,0.0,0.0,0.0,0.0,0.0,0.0,0.0,0.0,0.0,0.0,0.0,0.0,0.0,0.0,0.0,0.0,0.0,0.0,0.0,0.0,0.0,0.0,0.0,0.0,-15.51756180712851,-15.51756180712851,-15.51756180712851,-5.673085792002533,-5.673085792002533,-5.673085792002533,-1.2283226266730882,-1.2283226266730882,-1.2283226266730882,-5.590221231785803,-5.590221231785803,-5.590221231785803,-2.686528955057622,-2.686528955057622,-2.686528955057622,0.0,0.0,0.0,0.00014341997000214161,0.00014341997000214161,0.00014341997000214161,1.3837704298979403,1.3837704298979403,1.3837704298979403,0.6617158284461212,0.6617158284461212,0.6617158284461212,-0.27804113210810544,-0.27804113210810544,-0.27804113210810544,2.89350387363934,2.89350387363934,2.89350387363934,-3.4429581962610514,-3.4429581962610514,-3.4429581962610514,-7.147758656979515,-7.147758656979515,-7.147758656979515,0.0,0.0,0.0,41.38785893904826
151,2018-03-21 01:00:00,56.90509528175206,28.011971705566793,49.19282508281796,56.90509528175206,56.90509528175206,0.0,0.0,0.0,0.0,0.0,0.0,0.0,0.0,0.0,0.0,0.0,0.0,0.0,0.0,0.0,0.0,0.0,0.0,0.0,0.0,0.0,0.0,0.0,0.0,0.0,0.0,0.0,0.0,0.0,0.0,-18.587311174084352,-18.587311174084352,-18.587311174084352,-6.989654814968803,-6.989654814968803,-6.989654814968803,-1.2283226266730882,-1.2283226266730882,-1.2283226266730882,-7.283814726171615,-7.283814726171615,-7.283814726171615,-2.8594929984158193,-2.8594929984158193,-2.8594929984158193,0.0,0.0,0.0,-1.1118812449375375,-1.1118812449375375,-1.1118812449375375,1.044364172750132,1.044364172750132,1.044364172750132,0.6859086839822168,0.6859086839822168,0.6859086839822168,-0.4512727164320468,-0.4512727164320468,-0.4512727164320468,2.835421334937898,2.835421334937898,2.835421334937898,-3.3631179964454705,-3.3631179964454705,-3.3631179964454705,-7.149262967881833,-7.149262967881833,-7.149262967881833,0.0,0.0,0.0,38.317784107667705
152,2018-03-21 02:00:00,56.90476981732735,27.912138367679063,47.7207625343937,56.90476981732735,56.90476981732735,0.0,0.0,0.0,0.0,0.0,0.0,0.0,0.0,0.0,0.0,0.0,0.0,0.0,0.0,0.0,0.0,0.0,0.0,0.0,0.0,0.0,0.0,0.0,0.0,0.0,0.0,0.0,0.0,0.0,0.0,-19.326146890634327,-19.326146890634327,-19.326146890634327,-7.884246094722839,-7.884246094722839,-7.884246094722839,-1.2283226266730882,-1.2283226266730882,-1.2283226266730882,-7.076036864157156,-7.076036864157156,-7.076036864157156,-2.7714192830861846,-2.7714192830861846,-2.7714192830861846,0.0,0.0,0.0,-1.0107880935823066,-1.0107880935823066,-1.0107880935823066,1.0230561566063234,1.0230561566063234,1.0230561566063234,0.6859086839822168,0.6859086839822168,0.6859086839822168,-0.5297921470691771,-0.5297921470691771,-0.5297921470691771,2.784919364709435,2.784919364709435,2.784919364709435,-3.24467955433494,-3.24467955433494,-3.24467955433494,-7.150783296463767,-7.150783296463767,-7.150783296463767,0.0,0.0,0.0,37.57862292669302
153,2018-03-21 03:00:00,56.904444352902644,27.95741543850324,47.47092310626421,56.904444352902644,56.904444352902644,0.0,0.0,0.0,0.0,0.0,0.0,0.0,0.0,0.0,0.0,0.0,0.0,0.0,0.0,0.0,0.0,0.0,0.0,0.0,0.0,0.0,0.0,0.0,0.0,0.0,0.0,0.0,0.0,0.0,0.0,-19.10566494797655,-19.10566494797655,-19.10566494797655,-7.766643184617244,-7.766643184617244,-7.766643184617244,-1.2283226266730882,-1.2283226266730882,-1.2283226266730882,-6.928658638854174,-6.928658638854174,-6.928658638854174,-2.7873362195915408,-2.7873362195915408,-2.7873362195915408,0.0,0.0,0.0,-0.9096949422270756,-0.9096949422270756,-0.9096949422270756,1.1199568966888815,1.1199568966888815,1.1199568966888815,0.6859086839822168,0.6859086839822168,0.6859086839822168,-0.5459848701188578,-0.5459848701188578,-0.5459848701188578,2.741956560584299,2.741956560584299,2.741956560584299,-3.2631855609147102,-3.2631855609147102,-3.2631855609147102,-7.152319685089427,-7.152319685089427,-7.152319685089427,0.0,0.0,0.0,37.798779404926094
154,2018-03-21 04:00:00,56.904118888477946,29.58451924399756,49.1394444891911,56.904118888477946,56.904118888477946,0.0,0.0,0.0,0.0,0.0,0.0,0.0,0.0,0.0,0.0,0.0,0.0,0.0,0.0,0.0,0.0,0.0,0.0,0.0,0.0,0.0,0.0,0.0,0.0,0.0,0.0,0.0,0.0,0.0,0.0,-17.553233362280913,-17.553233362280913,-17.553233362280913,-6.161948046446731,-6.161948046446731,-6.161948046446731,-1.2283226266730882,-1.2283226266730882,-1.2283226266730882,-6.943777111745303,-6.943777111745303,-6.943777111745303,-2.7974169460449323,-2.7974169460449323,-2.7974169460449323,0.0,0.0,0.0,-0.8086017908718448,-0.8086017908718448,-0.8086017908718448,1.130103571043076,1.130103571043076,1.130103571043076,0.6859086839822168,0.6859086839822168,0.6859086839822168,-0.42591430109009415,-0.42591430109009415,-0.42591430109009415,2.706363970977381,2.706363970977381,2.706363970977381,-3.4995337020906354,-3.4995337020906354,-3.4995337020906354,-7.153872175066261,-7.153872175066261,-7.153872175066261,0.0,0.0,0.0,39.35088552619703
155,2018-03-21 05:00:00,56.903793424053234,33.26053942686815,53.42239221954734,56.903793424053234,56.903793424053234,0.0,0.0,0.0,0.0,0.0,0.0,0.0,0.0,0.0,0.0,0.0,0.0,0.0,0.0,0.0,0.0,0.0,0.0,0.0,0.0,0.0,0.0,0.0,0.0,0.0,0.0,0.0,0.0,0.0,0.0,-13.8563368972147,-13.8563368972147,-13.8563368972147,-3.322958987013413,-3.322958987013413,-3.322958987013413,-1.2283226266730882,-1.2283226266730882,-1.2283226266730882,-6.055791062625106,-6.055791062625106,-6.055791062625106,-2.610658224382094,-2.610658224382094,-2.610658224382094,0.0,0.0,0.0,-0.7075086395166139,-0.7075086395166139,-0.7075086395166139,1.2949870292987378,1.2949870292987378,1.2949870292987378,0.6859086839822168,0.6859086839822168,0.6859086839822168,-0.014985763319898295,-0.014985763319898295,-0.014985763319898295,2.6778539590672827,2.6778539590672827,2.6778539590672827,-3.475211522014366,-3.475211522014366,-3.475211522014366,-7.155440806643465,-7.155440806643465,-7.155440806643465,0.0,0.0,0.0,43.04745652683853
156,2018-03-21 06:00:00,56.90346795962853,38.20899811225649,58.11175003651235,56.90346795962853,56.90346795962853,0.0,0.0,0.0,0.0,0.0,0.0,0.0,0.0,0.0,0.0,0.0,0.0,0.0,0.0,0.0,0.0,0.0,0.0,0.0,0.0,0.0,0.0,0.0,0.0,0.0,0.0,0.0,0.0,0.0,0.0,-8.984284676558195,-8.984284676558195,-8.984284676558195,-0.20304044800526969,-0.20304044800526969,-0.20304044800526969,-1.2283226266730882,-1.2283226266730882,-1.2283226266730882,-4.280249023221585,-4.280249023221585,-4.280249023221585,-2.3459065138430124,-2.3459065138430124,-2.3459065138430124,0.0,0.0,0.0,-0.6064154881613831,-0.6064154881613831,-0.6064154881613831,2.052943603557072,2.052943603557072,2.052943603557072,0.6365552586885819,0.6365552586885819,0.6365552586885819,0.5629111357078531,0.5629111357078531,0.5629111357078531,2.6560304136775077,2.6560304136775077,2.6560304136775077,-3.3520143924976082,-3.3520143924976082,-3.3520143924976082,-7.157025619008849,-7.157025619008849,-7.157025619008849,0.0,0.0,0.0,47.91918328307033
157,2018-03-21 07:00:00,56.903142495203824,41.98668037391761,61.37195737711272,56.903142495203824,56.903142495203824,0.0,0.0,0.0,0.0,0.0,0.0,0.0,0.0,0.0,0.0,0.0,0.0,0.0,0.0,0.0,0.0,0.0,0.0,0.0,0.0,0.0,0.0,0.0,0.0,0.0,0.0,0.0,0.0,0.0,0.0,-5.261623652106951,-5.261623652106951,-5.261623652106951,2.2036045424821196,2.2036045424821196,2.2036045424821196,-1.2283226266730882,-1.2283226266730882,-1.2283226266730882,-2.9470016828015284,-2.9470016828015284,-2.9470016828015284,-2.0503820593935775,-2.0503820593935775,-2.0503820593935775,0.0,0.0,0.0,-0.5053223368061522,-0.5053223368061522,-0.5053223368061522,2.762703474632981,2.762703474632981,2.762703474632981,0.1565690048524455,0.1565690048524455,0.1565690048524455,1.0609137502546333,1.0609137502546333,1.0609137502546333,2.6404001384914815,2.6404001384914815,2.6404001384914815,-3.1431608896687706,-3.1431608896687706,-3.1431608896687706,-7.158626650279023,-7.158626650279023,-7.158626650279023,0.0,0.0,0.0,51.641518843096875
158,2018-03-21 08:00:00,56.90281703077912,42.27402553362497,61.4197358580351,56.90281703077912,56.90281703077912,0.0,0.0,0.0,0.0,0.0,0.0,0.0,0.0,0.0,0.0,0.0,0.0,0.0,0.0,0.0,0.0,0.0,0.0,0.0,0.0,0.0,0.0,0.0,0.0,0.0,0.0,0.0,0.0,0.0,0.0,-4.836747907327035,-4.836747907327035,-4.836747907327035,3.51529267919889,3.51529267919889,3.51529267919889,-1.2283226266730882,-1.2283226266730882,-1.2283226266730882,-3.822181886248835,-3.822181886248835,-3.822181886248835,-2.004753508078225,-2.004753508078225,-2.004753508078225,0.0,0.0,0.0,-0.40422918545092135,-0.40422918545092135,-0.40422918545092135,2.4709865869498877,2.4709865869498877,2.4709865869498877,-0.7738882190657904,-0.7738882190657904,-0.7738882190657904,1.2818069344983891,1.2818069344983891,1.2818069344983891,2.6303852372222454,2.6303852372222454,2.6303852372222454,-3.1637818684290866,-3.1637818684290866,-3.1637818684290866,-7.1602439374993345,-7.1602439374993345,-7.1602439374993345,0.0,0.0,0.0,52.06606912345208
159,2018-03-21 09:00:00,56.90249156635441,41.594979780207716,61.37295286299553,56.90249156635441,56.90249156635441,0.0,0.0,0.0,0.0,0.0,0.0,0.0,0.0,0.0,0.0,0.0,0.0,0.0,0.0,0.0,0.0,0.0,0.0,0.0,0.0,0.0,0.0,0.0,0.0,0.0,0.0,0.0,0.0,0.0,0.0,-5.624006402095645,-5.624006402095645,-5.624006402095645,4.00165815933733,4.00165815933733,4.00165815933733,-1.2283226266730882,-1.2283226266730882,-1.2283226266730882,-5.0891233467732295,-5.0891233467732295,-5.0891233467732295,-2.0662989958989333,-2.0662989958989333,-2.0662989958989333,0.0,0.0,0.0,-0.30313603409569045,-0.30313603409569045,-0.30313603409569045,2.171659693501148,2.171659693501148,2.171659693501148,-1.5611237382103405,-1.5611237382103405,-1.5611237382103405,1.3595625574444967,1.3595625574444967,1.3595625574444967,2.6253363019771587,2.6253363019771587,2.6253363019771587,-3.461464202840822,-3.461464202840822,-3.461464202840822,-7.161877516636904,-7.161877516636904,-7.161877516636904,0.0,0.0,0.0,51.27848516425877
160,2018-03-21 10:00:00,56.90216610192971,41.36485118899996,60.778000883552835,56.90216610192971,56.90216610192971,0.0,0.0,0.0,0.0,0.0,0.0,0.0,0.0,0.0,0.0,0.0,0.0,0.0,0.0,0.0,0.0,0.0,0.0,0.0,0.0,0.0,0.0,0.0,0.0,0.0,0.0,0.0,0.0,0.0,0.0,-5.84027364300722,-5.84027364300722,-5.84027364300722,4.0476183827251795,4.0476183827251795,4.0476183827251795,-1.2283226266730882,-1.2283226266730882,-1.2283226266730882,-5.348910806663354,-5.348910806663354,-5.348910806663354,-2.1771869868862437,-2.1771869868862437,-2.1771869868862437,0.0,0.0,0.0,-0.20204288274045962,-0.20204288274045962,-0.20204288274045962,2.233047073344025,2.233047073344025,2.233047073344025,-1.8262774348859485,-1.8262774348859485,-1.8262774348859485,1.33237100364409,1.33237100364409,1.33237100364409,2.6245462035079345,2.6245462035079345,2.6245462035079345,-3.480498952465729,-3.480498952465729,-3.480498952465729,-7.163527422576979,-7.163527422576979,-7.163527422576979,0.0,0.0,0.0,51.061892458922486
161,2018-03-21 11:00:00,56.901840637505,40.66956569371331,60.61684089174912,56.901840637505,56.901840637505,0.0,0.0,0.0,0.0,0.0,0.0,0.0,0.0,0.0,0.0,0.0,0.0,0.0,0.0,0.0,0.0,0.0,0.0,0.0,0.0,0.0,0.0,0.0,0.0,0.0,0.0,0.0,0.0,0.0,0.0,-6.330326904377612,-6.330326904377612,-6.330326904377612,3.6701439333695633,3.6701439333695633,3.6701439333695633,-1.2283226266730882,-1.2283226266730882,-1.2283226266730882,-5.46254142536869,-5.46254142536869,-5.46254142536869,-2.2122042471980263,-2.2122042471980263,-2.2122042471980263,0.0,0.0,0.0,-0.10094973138522872,-0.10094973138522872,-0.10094973138522872,2.1300583286489503,2.1300583286489503,2.1300583286489503,-1.970466853881078,-1.970466853881078,-1.970466853881078,1.24544968840571,1.24544968840571,1.24544968840571,2.6272642767415944,2.6272642767415944,2.6272642767415944,-3.3261059832859297,-3.3261059832859297,-3.3261059832859297,-7.16519368912008,-7.16519368912008,-7.16519368912008,0.0,0.0,0.0,50.57151373312739
162,2018-03-21 12:00:00,56.90151517308029,40.5186487664755,59.55685357211287,56.90151517308029,56.90151517308029,0.0,0.0,0.0,0.0,0.0,0.0,0.0,0.0,0.0,0.0,0.0,0.0,0.0,0.0,0.0,0.0,0.0,0.0,0.0,0.0,0.0,0.0,0.0,0.0,0.0,0.0,0.0,0.0,0.0,0.0,-7.399917551741518,-7.399917551741518,-7.399917551741518,2.631693216002756,2.631693216002756,2.631693216002756,-1.2283226266730882,-1.2283226266730882,-1.2283226266730882,-5.497445110975837,-5.497445110975837,-5.497445110975837,-2.284891590572483,-2.284891590572483,-2.284891590572483,0.0,0.0,0.0,0.00014341997000214161,0.00014341997000214161,0.00014341997000214161,2.082876292901946,2.082876292901946,2.082876292901946,-1.9491771410093135,-1.9491771410093135,-1.9491771410093135,1.181595365436215,1.181595365436215,1.181595365436215,2.6327106922083146,2.6327106922083146,2.6327106922083146,-3.299668831029115,-3.299668831029115,-3.299668831029115,-7.166876348976751,-7.166876348976751,-7.166876348976751,0.0,0.0,0.0,49.501597621338775
163,2018-03-21 13:00:00,56.901189708655586,37.26293216987471,57.59700224213298,56.901189708655586,56.901189708655586,0.0,0.0,0.0,0.0,0.0,0.0,0.0,0.0,0.0,0.0,0.0,0.0,0.0,0.0,0.0,0.0,0.0,0.0,0.0,0.0,0.0,0.0,0.0,0.0,0.0,0.0,0.0,0.0,0.0,0.0,-9.432496796752554,-9.432496796752554,-9.432496796752554,1.0224729616029293,1.0224729616029293,1.0224729616029293,-1.2283226266730882,-1.2283226266730882,-1.2283226266730882,-5.926485128661619,-5.926485128661619,-5.926485128661619,-2.4928728942424625,-2.4928728942424625,-2.4928728942424625,0.0,0.0,0.0,0.10123657132523302,0.10123657132523302,0.10123657132523302,1.8682741303107306,1.8682741303107306,1.8682741303107306,-1.8761147172903048,-1.8761147172903048,-1.8761147172903048,0.9898796349895249,0.9898796349895249,0.9898796349895249,2.6400908040667477,2.6400908040667477,2.6400908040667477,-3.288565227081252,-3.288565227081252,-3.288565227081252,-7.168575433760612,-7.168575433760612,-7.168575433760612,0.0,0.0,0.0,47.468692911903034
164,2018-03-21 14:00:00,56.90086424423088,35.460043819559665,55.50448738893538,56.90086424423088,56.90086424423088,0.0,0.0,0.0,0.0,0.0,0.0,0.0,0.0,0.0,0.0,0.0,0.0,0.0,0.0,0.0,0.0,0.0,0.0,0.0,0.0,0.0,0.0,0.0,0.0,0.0,0.0,0.0,0.0,0.0,0.0,-11.267587611572873,-11.267587611572873,-11.267587611572873,-0.37562435280352785,-0.37562435280352785,-0.37562435280352785,-1.2283226266730882,-1.2283226266730882,-1.2283226266730882,-6.370281553231484,-6.370281553231484,-6.370281553231484,-2.532665235505852,-2.532665235505852,-2.532665235505852,0.0,0.0,0.0,0.2023297226804639,0.2023297226804639,0.2023297226804639,1.6252612795277708,1.6252612795277708,1.6252612795277708,-1.7619244391599338,-1.7619244391599338,-1.7619244391599338,0.8843214120901922,0.8843214120901922,0.8843214120901922,2.648609268449481,2.648609268449481,2.648609268449481,-3.5592816661910374,-3.5592816661910374,-3.5592816661910374,-7.17029097398734,-7.17029097398734,-7.17029097398734,0.0,0.0,0.0,45.63327663265801
165,2018-03-21 15:00:00,56.90053877980618,34.58269068399781,54.70892855333154,56.90053877980618,56.90053877980618,0.0,0.0,0.0,0.0,0.0,0.0,0.0,0.0,0.0,0.0,0.0,0.0,0.0,0.0,0.0,0.0,0.0,0.0,0.0,0.0,0.0,0.0,0.0,0.0,0.0,0.0,0.0,0.0,0.0,0.0,-11.69893871590931,-11.69893871590931,-11.69893871590931,-0.4736061593909583,-0.4736061593909583,-0.4736061593909583,-1.2283226266730882,-1.2283226266730882,-1.2283226266730882,-6.710793288835,-6.710793288835,-6.710793288835,-2.502423056145676,-2.502423056145676,-2.502423056145676,0.0,0.0,0.0,0.30342287403569473,0.30342287403569473,0.30342287403569473,1.4005124425823612,1.4005124425823612,1.4005124425823612,-1.5238667406847533,-1.5238667406847533,-1.5238667406847533,0.8300910660275826,0.8300910660275826,0.8300910660275826,2.657483731387176,2.657483731387176,2.657483731387176,-3.990207247977121,-3.990207247977121,-3.990207247977121,-7.17202299907053,-7.17202299907053,-7.17202299907053,0.0,0.0,0.0,45.201600063896876
166,2018-03-21 16:00:00,56.90021331538147,36.79444951283429,57.84610869402984,56.90021331538147,56.90021331538147,0.0,0.0,0.0,0.0,0.0,0.0,0.0,0.0,0.0,0.0,0.0,0.0,0.0,0.0,0.0,0.0,0.0,0.0,0.0,0.0,0.0,0.0,0.0,0.0,0.0,0.0,0.0,0.0,0.0,0.0,-9.308626527126378,-9.308626527126378,-9.308626527126378,1.2141729207952998,1.2141729207952998,1.2141729207952998,-1.2283226266730882,-1.2283226266730882,-1.2283226266730882,-6.0149858044727,-6.0149858044727,-6.0149858044727,-2.3087669953305165,-2.3087669953305165,-2.3087669953305165,0.0,0.0,0.0,0.4045160253909256,0.4045160253909256,0.4045160253909256,1.5385072137994076,1.5385072137994076,1.5385072137994076,-1.1121043394604067,-1.1121043394604067,-1.1121043394604067,0.7781521430380411,0.7781521430380411,0.7781521430380411,2.6659578938673762,2.6659578938673762,2.6659578938673762,-4.086967225237063,-4.086967225237063,-4.086967225237063,-7.173771537316353,-7.173771537316353,-7.173771537316353,0.0,0.0,0.0,47.59158678825509
167,2018-03-21 17:00:00,56.899887850956766,41.962849866196734,61.91520342148446,56.899887850956766,56.899887850956766,0.0,0.0,0.0,0.0,0.0,0.0,0.0,0.0,0.0,0.0,0.0,0.0,0.0,0.0,0.0,0.0,0.0,0.0,0.0,0.0,0.0,0.0,0.0,0.0,0.0,0.0,0.0,0.0,0.0,0.0,-4.594599269212543,-4.594599269212543,-4.594599269212543,3.9592113040721553,3.9592113040721553,3.9592113040721553,-1.2283226266730882,-1.2283226266730882,-1.2283226266730882,-4.051587729900108,-4.051587729900108,-4.051587729900108,-1.8742346287343095,-1.8742346287343095,-1.8742346287343095,0.0,0.0,0.0,0.5056091767461565,0.5056091767461565,0.5056091767461565,2.0093129038340347,2.0093129038340347,2.0093129038340347,-0.4201886711280731,-0.4201886711280731,-0.4201886711280731,0.7576820969186336,0.7576820969186336,0.7576820969186336,2.6733137725328895,2.6733137725328895,2.6733137725328895,-3.801445980863462,-3.801445980863462,-3.801445980863462,-7.175536615917478,-7.175536615917478,-7.175536615917478,0.0,0.0,0.0,52.30528858174422
168,2018-03-21 18:00:00,56.96572416701004,47.28784409795778,67.00252147098678,56.96572416701004,56.96572416701004,0.0,0.0,0.0,0.0,0.0,0.0,0.0,0.0,0.0,0.0,0.0,0.0,0.0,0.0,0.0,0.0,0.0,0.0,0.0,0.0,0.0,0.0,0.0,0.0,0.0,0.0,0.0,0.0,0.0,0.0,0.2405179936466833,0.2405179936466833,0.2405179936466833,6.160788863977018,6.160788863977018,6.160788863977018,-1.2994825241960943,-1.2994825241960943,-1.2994825241960943,-1.516897504942221,-1.516897504942221,-1.516897504942221,-1.2962682219947839,-1.2962682219947839,-1.2962682219947839,0.0,0.0,0.0,0.6141637528866428,0.6141637528866428,0.6141637528866428,2.606166340874152,2.606166340874152,2.606166340874152,0.22205576640116553,0.22205576640116553,0.22205576640116553,1.0019817864013552,1.0019817864013552,1.0019817864013552,2.7407944819042123,2.7407944819042123,2.7407944819042123,-3.365514405314658,-3.365514405314658,-3.365514405314658,-7.144167847292327,-7.144167847292327,-7.144167847292327,0.0,0.0,0.0,57.20624216065672
169,2018-03-21 19:00:00,56.96540769405737,49.85584211201267,69.57725323750249,56.96540769405737,56.96540769405737,0.0,0.0,0.0,0.0,0.0,0.0,0.0,0.0,0.0,0.0,0.0,0.0,0.0,0.0,0.0,0.0,0.0,0.0,0.0,0.0,0.0,0.0,0.0,0.0,0.0,0.0,0.0,0.0,0.0,0.0,2.5065682356895476,2.5065682356895476,2.5065682356895476,6.422901470034062,6.422901470034062,6.422901470034062,-1.2994825241960943,-1.2994825241960943,-1.2994825241960943,0.4878626839300977,0.4878626839300977,0.4878626839300977,-0.5690650031157233,-0.5690650031157233,-0.5690650031157233,0.0,0.0,0.0,0.716500201643142,0.716500201643142,0.716500201643142,3.240315848654036,3.240315848654036,3.240315848654036,0.36161320834082616,0.36161320834082616,0.36161320834082616,1.336620995818539,1.336620995818539,1.336620995818539,2.741731378485942,2.741731378485942,2.741731378485942,-3.2986400432146277,-3.2986400432146277,-3.2986400432146277,-7.145927296760553,-7.145927296760553,-7.145927296760553,0.0,0.0,0.0,59.47197592974692
170,2018-03-21 20:00:00,56.9650912211047,47.32797830365422,67.42596168152039,56.9650912211047,56.9650912211047,0.0,0.0,0.0,0.0,0.0,0.0,0.0,0.0,0.0,0.0,0.0,0.0,0.0,0.0,0.0,0.0,0.0,0.0,0.0,0.0,0.0,0.0,0.0,0.0,0.0,0.0,0.0,0.0,0.0,0.0,0.1500573885861894,0.1500573885861894,0.1500573885861894,4.500893970337738,4.500893970337738,4.500893970337738,-1.2994825241960943,-1.2994825241960943,-1.2994825241960943,0.05708267246008294,0.05708267246008294,0.05708267246008294,-0.8873879215684441,-0.8873879215684441,-0.8873879215684441,0.0,0.0,0.0,0.8188366503996413,0.8188366503996413,0.8188366503996413,3.0791879916936242,3.0791879916936242,3.0791879916936242,0.37928444287214685,0.37928444287214685,0.37928444287214685,1.2132139624722864,1.2132139624722864,1.2132139624722864,2.739785571183157,2.739785571183157,2.739785571183157,-3.246569929213077,-3.246569929213077,-3.246569929213077,-7.147704825394788,-7.147704825394788,-7.147704825394788,0.0,0.0,0.0,57.11514860969089
171,2018-03-21 21:00:00,56.964774748152024,43.27125652104536,62.67889672435504,56.964774748152024,56.964774748152024,0.0,0.0,0.0,0.0,0.0,0.0,0.0,0.0,0.0,0.0,0.0,0.0,0.0,0.0,0.0,0.0,0.0,0.0,0.0,0.0,0.0,0.0,0.0,0.0,0.0,0.0,0.0,0.0,0.0,0.0,-3.968780619679172,-3.968780619679172,-3.968780619679172,1.3557345242517833,1.3557345242517833,1.3557345242517833,-1.2994825241960943,-1.2994825241960943,-1.2994825241960943,-0.9094998812278426,-0.9094998812278426,-0.9094998812278426,-1.5591590460272897,-1.5591590460272897,-1.5591590460272897,0.0,0.0,0.0,0.9211730991561405,0.9211730991561405,0.9211730991561405,2.837237158251462,2.837237158251462,2.837237158251462,0.3842686372271347,0.3842686372271347,0.3842686372271347,0.855983076469976,0.855983076469976,0.855983076469976,2.7344851924608244,2.7344851924608244,2.7344851924608244,-3.049520282109172,-3.049520282109172,-3.049520282109172,-7.149500455163937,-7.149500455163937,-7.149500455163937,0.0,0.0,0.0,52.99599412847285
172,2018-03-21 22:00:00,56.964458275199355,37.191960195077904,58.09368125564935,56.964458275199355,56.964458275199355,0.0,0.0,0.0,0.0,0.0,0.0,0.0,0.0,0.0,0.0,0.0,0.0,0.0,0.0,0.0,0.0,0.0,0.0,0.0,0.0,0.0,0.0,0.0,0.0,0.0,0.0,0.0,0.0,0.0,0.0,-8.763408788394013,-8.763408788394013,-8.763408788394013,-1.7159650972130411,-1.7159650972130411,-1.7159650972130411,-1.2994825241960943,-1.2994825241960943,-1.2994825241960943,-2.6215694360658306,-2.6215694360658306,-2.6215694360658306,-1.906570093235173,-1.906570093235173,-1.906570093235173,0.0,0.0,0.0,1.02350954791264,1.02350954791264,1.02350954791264,1.6896545114112305,1.6896545114112305,1.6896545114112305,0.4119082604684311,0.4119082604684311,0.4119082604684311,0.36037817138376677,0.36037817138376677,0.36037817138376677,2.7254399517354035,2.7254399517354035,2.7254399517354035,-2.900967309810631,-2.900967309810631,-2.900967309810631,-7.151314206850546,-7.151314206850546,-7.151314206850546,0.0,0.0,0.0,48.201049486805346
173,2018-03-21 23:00:00,56.96414180224668,35.479465892711445,54.34281550121559,56.96414180224668,56.96414180224668,0.0,0.0,0.0,0.0,0.0,0.0,0.0,0.0,0.0,0.0,0.0,0.0,0.0,0.0,0.0,0.0,0.0,0.0,0.0,0.0,0.0,0.0,0.0,0.0,0.0,0.0,0.0,0.0,0.0,0.0,-11.466431445343824,-11.466431445343824,-11.466431445343824,-4.016968585711317,-4.016968585711317,-4.016968585711317,-1.2994825241960943,-1.2994825241960943,-1.2994825241960943,-3.008662610991471,-3.008662610991471,-3.008662610991471,-2.278678608254043,-2.278678608254043,-2.278678608254043,0.0,0.0,0.0,1.125845996669139,1.125845996669139,1.125845996669139,1.5798181587565447,1.5798181587565447,1.5798181587565447,0.42232975775613313,0.42232975775613313,0.42232975775613313,0.005547651018626064,0.005547651018626064,0.005547651018626064,2.7123458514101464,2.7123458514101464,2.7123458514101464,-2.564043042741776,-2.564043042741776,-2.564043042741776,-7.153146100051182,-7.153146100051182,-7.153146100051182,0.0,0.0,0.0,45.49771035690286
174,2018-03-22 00:00:00,56.96382532929402,34.325999330704754,53.550084293109705,56.96382532929402,56.96382532929402,0.0,0.0,0.0,0.0,0.0,0.0,0.0,0.0,0.0,0.0,0.0,0.0,0.0,0.0,0.0,0.0,0.0,0.0,0.0,0.0,0.0,0.0,0.0,0.0,0.0,0.0,0.0,0.0,0.0,0.0,-13.649273250424988,-13.649273250424988,-13.649273250424988,-5.656110079946095,-5.656110079946095,-5.656110079946095,-0.4333143139190349,-0.4333143139190349,-0.4333143139190349,-3.5331553213081617,-3.5331553213081617,-3.5331553213081617,-2.3878962992404076,-2.3878962992404076,-2.3878962992404076,0.0,0.0,0.0,0.00014506034764725703,0.00014506034764725703,0.00014506034764725703,1.3632540294657016,1.3632540294657016,1.3632540294657016,0.42323597491158543,0.42323597491158543,0.42323597491158543,-0.2765659103381392,-0.2765659103381392,-0.2765659103381392,2.6949883039996156,2.6949883039996156,2.6949883039996156,-2.2220138625355146,-2.2220138625355146,-2.2220138625355146,-7.154996153170347,-7.154996153170347,-7.154996153170347,0.0,0.0,0.0,43.31455207886903
175,2018-03-22 01:00:00,56.96350885634134,31.028947983121817,51.171747289797224,56.96350885634134,56.96350885634134,0.0,0.0,0.0,0.0,0.0,0.0,0.0,0.0,0.0,0.0,0.0,0.0,0.0,0.0,0.0,0.0,0.0,0.0,0.0,0.0,0.0,0.0,0.0,0.0,0.0,0.0,0.0,0.0,0.0,0.0,-15.907618546910474,-15.907618546910474,-15.907618546910474,-6.9721751158548955,-6.9721751158548955,-6.9721751158548955,-0.4333143139190349,-0.4333143139190349,-0.4333143139190349,-4.451822667010704,-4.451822667010704,-4.451822667010704,-2.441681895806558,-2.441681895806558,-2.441681895806558,0.0,0.0,0.0,-1.1255558759738444,-1.1255558759738444,-1.1255558759738444,1.4119550537559868,1.4119550537559868,1.4119550537559868,0.44861005526425096,0.44861005526425096,0.44861005526425096,-0.439508377708363,-0.439508377708363,-0.439508377708363,2.673243619371438,2.673243619371438,2.673243619371438,-1.8723273126231426,-1.8723273126231426,-1.8723273126231426,-7.156864383416313,-7.156864383416313,-7.156864383416313,0.0,0.0,0.0,41.055890309430865
176,2018-03-22 02:00:00,56.96319238338867,30.646728121616384,50.34006164399806,56.96319238338867,56.96319238338867,0.0,0.0,0.0,0.0,0.0,0.0,0.0,0.0,0.0,0.0,0.0,0.0,0.0,0.0,0.0,0.0,0.0,0.0,0.0,0.0,0.0,0.0,0.0,0.0,0.0,0.0,0.0,0.0,0.0,0.0,-16.696563722750064,-16.696563722750064,-16.696563722750064,-7.864130237536283,-7.864130237536283,-7.864130237536283,-0.4333143139190349,-0.4333143139190349,-0.4333143139190349,-4.3207615332331715,-4.3207615332331715,-4.3207615332331715,-2.4795513464500702,-2.4795513464500702,-2.4795513464500702,0.0,0.0,0.0,-1.0232194272173452,-1.0232194272173452,-1.0232194272173452,1.3347587492958541,1.3347587492958541,1.3347587492958541,0.5279040563663309,0.5279040563663309,0.5279040563663309,-0.5000823105522331,-0.5000823105522331,-0.5000823105522331,2.647078854817718,2.647078854817718,2.647078854817718,-1.7472569407566738,-1.7472569407566738,-1.7472569407566738,-7.158750806798324,-7.158750806798324,-7.158750806798324,0.0,0.0,0.0,40.26662866063861
177,2018-03-22 03:00:00,56.962875910436,30.85460737920632,51.228438607507336,56.962875910436,56.962875910436,0.0,0.0,0.0,0.0,0.0,0.0,0.0,0.0,0.0,0.0,0.0,0.0,0.0,0.0,0.0,0.0,0.0,0.0,0.0,0.0,0.0,0.0,0.0,0.0,0.0,0.0,0.0,0.0,0.0,0.0,-16.22039810042457,-16.22039810042457,-16.22039810042457,-7.741896084828554,-7.741896084828554,-7.741896084828554,-0.4333143139190349,-0.4333143139190349,-0.4333143139190349,-3.934396621894015,-3.934396621894015,-3.934396621894015,-2.4076542734891975,-2.4076542734891975,-2.4076542734891975,0.0,0.0,0.0,-0.9208829784608459,-0.9208829784608459,-0.9208829784608459,1.3953759816571665,1.3953759816571665,1.3953759816571665,0.5605278739626152,0.5605278739626152,0.5605278739626152,-0.513919712460623,-0.513919712460623,-0.513919712460623,2.6165500444199425,2.6165500444199425,2.6165500444199425,-1.6145291991840947,-1.6145291991840947,-1.6145291991840947,-7.160655438121946,-7.160655438121946,-7.160655438121946,0.0,0.0,0.0,40.74247781001142
178,2018-03-22 04:00:00,56.96255943748333,32.60693475131498,53.15729346854285,56.96255943748333,56.96255943748333,0.0,0.0,0.0,0.0,0.0,0.0,0.0,0.0,0.0,0.0,0.0,0.0,0.0,0.0,0.0,0.0,0.0,0.0,0.0,0.0,0.0,0.0,0.0,0.0,0.0,0.0,0.0,0.0,0.0,0.0,-14.02241015830079,-14.02241015830079,-14.02241015830079,-6.1317933941472855,-6.1317933941472855,-6.1317933941472855,-0.4333143139190349,-0.4333143139190349,-0.4333143139190349,-3.3098373208924983,-3.3098373208924983,-3.3098373208924983,-2.2852645996703065,-2.2852645996703065,-2.2852645996703065,0.0,0.0,0.0,-0.8185465297043468,-0.8185465297043468,-0.8185465297043468,1.551840974589785,1.551840974589785,1.551840974589785,0.6139946861343034,0.6139946861343034,0.6139946861343034,-0.40110252751364817,-0.40110252751364817,-0.40110252751364817,2.5817988477274865,2.5817988477274865,2.5817988477274865,-1.5374450108092506,-1.5374450108092506,-1.5374450108092506,-7.1625782909884945,-7.1625782909884945,-7.1625782909884945,0.0,0.0,0.0,42.940149279182535
179,2018-03-22 05:00:00,56.96224296453066,36.8033228230263,56.341672411751674,56.96224296453066,56.96224296453066,0.0,0.0,0.0,0.0,0.0,0.0,0.0,0.0,0.0,0.0,0.0,0.0,0.0,0.0,0.0,0.0,0.0,0.0,0.0,0.0,0.0,0.0,0.0,0.0,0.0,0.0,0.0,0.0,0.0,0.0,-10.287300622851953,-10.287300622851953,-10.287300622851953,-3.289845173154578,-3.289845173154578,-3.289845173154578,-0.4333143139190349,-0.4333143139190349,-0.4333143139190349,-2.375983752325849,-2.375983752325849,-2.375983752325849,-2.0898801876544986,-2.0898801876544986,-2.0898801876544986,0.0,0.0,0.0,-0.7162100809478475,-0.7162100809478475,-0.7162100809478475,1.8419747363191439,1.8419747363191439,1.8419747363191439,0.6253224005774576,0.6253224005774576,0.6253224005774576,-0.020997568968897394,-0.020997568968897394,-0.020997568968897394,2.5430476804167146,2.5430476804167146,2.5430476804167146,-1.582878737732172,-1.582878737732172,-1.582878737732172,-7.164519377788239,-7.164519377788239,-7.164519377788239,0.0,0.0,0.0,46.67494234167871
180,2018-03-22 06:00:00,56.961926491577984,41.942018568459495,60.85751341497398,56.961926491577984,56.961926491577984,0.0,0.0,0.0,0.0,0.0,0.0,0.0,0.0,0.0,0.0,0.0,0.0,0.0,0.0,0.0,0.0,0.0,0.0,0.0,0.0,0.0,0.0,0.0,0.0,0.0,0.0,0.0,0.0,0.0,0.0,-5.201785765311471,-5.201785765311471,-5.201785765311471,-0.1735928321182778,-0.1735928321182778,-0.1735928321182778,-0.4333143139190349,-0.4333143139190349,-0.4333143139190349,-0.36230763523824716,-0.36230763523824716,-0.36230763523824716,-1.288035732724455,-1.288035732724455,-1.288035732724455,0.0,0.0,0.0,-0.6138736321913483,-0.6138736321913483,-0.6138736321913483,2.3486726273393455,2.3486726273393455,2.3486726273393455,0.5596216568071629,0.5596216568071629,0.5596216568071629,0.5127307903547127,0.5127307903547127,0.5127307903547127,2.5005934117458364,2.5005934117458364,2.5005934117458364,-1.4481090309046303,-1.4481090309046303,-1.4481090309046303,-7.166478709700783,-7.166478709700783,-7.166478709700783,0.0,0.0,0.0,51.76014072626651
181,2018-03-22 07:00:00,56.961610018625315,45.51494563927761,64.13956100722709,56.961610018625315,56.961610018625315,0.0,0.0,0.0,0.0,0.0,0.0,0.0,0.0,0.0,0.0,0.0,0.0,0.0,0.0,0.0,0.0,0.0,0.0,0.0,0.0,0.0,0.0,0.0,0.0,0.0,0.0,0.0,0.0,0.0,0.0,-1.483641890605271,-1.483641890605271,-1.483641890605271,2.2205389022444244,2.2205389022444244,2.2205389022444244,-0.4333143139190349,-0.4333143139190349,-0.4333143139190349,1.0094757696684455,1.0094757696684455,1.0094757696684455,-0.7265799644880179,-0.7265799644880179,-0.7265799644880179,0.0,0.0,0.0,-0.511537183434849,-0.511537183434849,-0.511537183434849,2.986448807140847,2.986448807140847,2.986448807140847,0.045796529665685044,0.045796529665685044,0.045796529665685044,0.9471969706824236,0.9471969706824236,0.9471969706824236,2.454799734168819,2.454799734168819,2.454799734168819,-1.298535075978608,-1.298535075978608,-1.298535075978608,-7.16845629668696,-7.16845629668696,-7.16845629668696,0.0,0.0,0.0,55.477968128020045
182,2018-03-22 08:00:00,56.961293545672646,44.8516410059146,66.00357893312813,56.961293545672646,56.961293545672646,0.0,0.0,0.0,0.0,0.0,0.0,0.0,0.0,0.0,0.0,0.0,0.0,0.0,0.0,0.0,0.0,0.0,0.0,0.0,0.0,0.0,0.0,0.0,0.0,0.0,0.0,0.0,0.0,0.0,0.0,-1.1446676333884704,-1.1446676333884704,-1.1446676333884704,3.5129878899862597,3.5129878899862597,3.5129878899862597,-0.4333143139190349,-0.4333143139190349,-0.4333143139190349,0.1067082942201291,0.1067082942201291,0.1067082942201291,-0.7227381361618644,-0.7227381361618644,-0.7227381361618644,0.0,0.0,0.0,-0.4092007346783498,-0.4092007346783498,-0.4092007346783498,2.70978554149178,2.70978554149178,2.70978554149178,-0.9261213695569515,-0.9261213695569515,-0.9261213695569515,1.1286363732567195,1.1286363732567195,1.1286363732567195,2.406088329895708,2.406088329895708,2.406088329895708,-1.2403390662121696,-1.2403390662121696,-1.2403390662121696,-7.170452147490568,-7.170452147490568,-7.170452147490568,0.0,0.0,0.0,55.816625912284174
183,2018-03-22 09:00:00,56.96097707271997,45.09236209106111,65.27129018222823,56.96097707271997,56.96097707271997,0.0,0.0,0.0,0.0,0.0,0.0,0.0,0.0,0.0,0.0,0.0,0.0,0.0,0.0,0.0,0.0,0.0,0.0,0.0,0.0,0.0,0.0,0.0,0.0,0.0,0.0,0.0,0.0,0.0,0.0,-1.272244777871936,-1.272244777871936,-1.272244777871936,3.979264323843238,3.979264323843238,3.979264323843238,-0.4333143139190349,-0.4333143139190349,-0.4333143139190349,-0.4339718085624661,-0.4339718085624661,-0.4339718085624661,-0.9905684537565674,-0.9905684537565674,-0.9905684537565674,0.0,0.0,0.0,-0.3068642859218505,-0.3068642859218505,-0.3068642859218505,2.817031414131025,2.817031414131025,2.817031414131025,-1.6533606368074558,-1.6533606368074558,-1.6533606368074558,1.1753729041921999,1.1753729041921999,1.1753729041921999,2.3549289764777384,2.3549289764777384,2.3549289764777384,-1.0422684364807824,-1.0422684364807824,-1.0422684364807824,-7.172466269630447,-7.172466269630447,-7.172466269630447,0.0,0.0,0.0,55.68873229484804
184,2018-03-22 10:00:00,56.9606605997673,45.184991785698074,65.8126274007963,56.9606605997673,56.9606605997673,0.0,0.0,0.0,0.0,0.0,0.0,0.0,0.0,0.0,0.0,0.0,0.0,0.0,0.0,0.0,0.0,0.0,0.0,0.0,0.0,0.0,0.0,0.0,0.0,0.0,0.0,0.0,0.0,0.0,0.0,-1.1445875754388668,-1.1445875754388668,-1.1445875754388668,4.0103609575632415,4.0103609575632415,4.0103609575632415,-0.4333143139190349,-0.4333143139190349,-0.4333143139190349,-0.2822786128755097,-0.2822786128755097,-0.2822786128755097,-0.8396394838005361,-0.8396394838005361,-0.8396394838005361,0.0,0.0,0.0,-0.20452783716535125,-0.20452783716535125,-0.20452783716535125,2.7356903416461864,2.7356903416461864,2.7356903416461864,-1.8731182970046487,-1.8731182970046487,-1.8731182970046487,1.14007340952794,1.14007340952794,1.14007340952794,2.3018287492761313,2.3018287492761313,2.3018287492761313,-0.8074424321600654,-0.8074424321600654,-0.8074424321600654,-7.17449866940273,-7.17449866940273,-7.17449866940273,0.0,0.0,0.0,55.81607302432843
185,2018-03-22 11:00:00,56.96034412681463,45.154455532276586,64.5390664389937,56.96034412681463,56.96034412681463,0.0,0.0,0.0,0.0,0.0,0.0,0.0,0.0,0.0,0.0,0.0,0.0,0.0,0.0,0.0,0.0,0.0,0.0,0.0,0.0,0.0,0.0,0.0,0.0,0.0,0.0,0.0,0.0,0.0,0.0,-1.777011080925293,-1.777011080925293,-1.777011080925293,3.6257799255688523,3.6257799255688523,3.6257799255688523,-0.4333143139190349,-0.4333143139190349,-0.4333143139190349,-0.47356214639872646,-0.47356214639872646,-0.47356214639872646,-0.7183474752176889,-0.7183474752176889,-0.7183474752176889,0.0,0.0,0.0,-0.102191388408852,-0.102191388408852,-0.102191388408852,2.3590345474011083,2.3590345474011083,2.3590345474011083,-1.9750677269930375,-1.9750677269930375,-1.9750677269930375,1.0353045093644162,1.0353045093644162,1.0353045093644162,2.247320491777798,2.247320491777798,2.247320491777798,-0.6389802986256379,-0.6389802986256379,-0.6389802986256379,-7.176549351873216,-7.176549351873216,-7.176549351873216,0.0,0.0,0.0,55.18333304588934
186,2018-03-22 12:00:00,56.960027653861964,44.08003584597977,63.49018474539693,56.960027653861964,56.960027653861964,0.0,0.0,0.0,0.0,0.0,0.0,0.0,0.0,0.0,0.0,0.0,0.0,0.0,0.0,0.0,0.0,0.0,0.0,0.0,0.0,0.0,0.0,0.0,0.0,0.0,0.0,0.0,0.0,0.0,0.0,-3.093410390352546,-3.093410390352546,-3.093410390352546,2.5861669119687094,2.5861669119687094,2.5861669119687094,-0.4333143139190349,-0.4333143139190349,-0.4333143139190349,-0.6929097173798713,-0.6929097173798713,-0.6929097173798713,-0.8840949258603125,-0.8840949258603125,-0.8840949258603125,0.0,0.0,0.0,0.00014506034764725703,0.00014506034764725703,0.00014506034764725703,2.213449570533341,2.213449570533341,2.213449570533341,-1.9700835326380495,-1.9700835326380495,-1.9700835326380495,0.980660891624142,0.980660891624142,0.980660891624142,2.191950735934195,2.191950735934195,2.191950735934195,-0.5996724674676049,-0.5996724674676049,-0.5996724674676049,-7.17861832087558,-7.17861832087558,-7.17861832087558,0.0,0.0,0.0,53.86661726350942
187,2018-03-22 13:00:00,56.95971118090929,41.30707215062317,60.51469172670865,56.95971118090929,56.95971118090929,0.0,0.0,0.0,0.0,0.0,0.0,0.0,0.0,0.0,0.0,0.0,0.0,0.0,0.0,0.0,0.0,0.0,0.0,0.0,0.0,0.0,0.0,0.0,0.0,0.0,0.0,0.0,0.0,0.0,0.0,-5.61391095889402,-5.61391095889402,-5.61391095889402,0.9782775753593843,0.9782775753593843,0.9782775753593843,-0.4333143139190349,-0.4333143139190349,-0.4333143139190349,-1.5477502183413443,-1.5477502183413443,-1.5477502183413443,-1.2907798958145646,-1.2907798958145646,-1.2907798958145646,0.0,0.0,0.0,0.10248150910414651,0.10248150910414651,0.10248150910414651,1.9393767848997143,1.9393767848997143,1.9393767848997143,-1.924319566287706,-1.924319566287706,-1.924319566287706,0.816730038403319,0.816730038403319,0.816730038403319,2.1362672630981514,2.1362672630981514,2.1362672630981514,-0.7579247747272184,-0.7579247747272184,-0.7579247747272184,-7.180705579010211,-7.180705579010211,-7.180705579010211,0.0,0.0,0.0,51.34580022201527
188,2018-03-22 14:00:00,56.95939470795662,39.026140022000234,58.96197832744173,56.95939470795662,56.95939470795662,0.0,0.0,0.0,0.0,0.0,0.0,0.0,0.0,0.0,0.0,0.0,0.0,0.0,0.0,0.0,0.0,0.0,0.0,0.0,0.0,0.0,0.0,0.0,0.0,0.0,0.0,0.0,0.0,0.0,0.0,-7.598918008193871,-7.598918008193871,-7.598918008193871,-0.41746165478070163,-0.41746165478070163,-0.41746165478070163,-0.4333143139190349,-0.4333143139190349,-0.4333143139190349,-2.07945172759905,-2.07945172759905,-2.07945172759905,-1.3626769687754379,-1.3626769687754379,-1.3626769687754379,0.0,0.0,0.0,0.20481795786064574,0.20481795786064574,0.20481795786064574,1.6881002234019662,1.6881002234019662,1.6881002234019662,-1.8173859419443297,-1.8173859419443297,-1.8173859419443297,0.7215626007884742,0.7215626007884742,0.7215626007884742,2.0808065018247888,2.0808065018247888,2.0808065018247888,-1.080555285011334,-1.080555285011334,-1.080555285011334,-7.182811127638907,-7.182811127638907,-7.182811127638907,0.0,0.0,0.0,49.36047669976275
189,2018-03-22 15:00:00,56.95907823500394,37.850532442165495,58.700011288521026,56.95907823500394,56.95907823500394,0.0,0.0,0.0,0.0,0.0,0.0,0.0,0.0,0.0,0.0,0.0,0.0,0.0,0.0,0.0,0.0,0.0,0.0,0.0,0.0,0.0,0.0,0.0,0.0,0.0,0.0,0.0,0.0,0.0,0.0,-8.203495334085263,-8.203495334085263,-8.203495334085263,-0.5103556271944184,-0.5103556271944184,-0.5103556271944184,-0.4333143139190349,-0.4333143139190349,-0.4333143139190349,-2.534285702380668,-2.534285702380668,-2.534285702380668,-1.5289732520360835,-1.5289732520360835,-1.5289732520360835,0.0,0.0,0.0,0.30715440661714505,0.30715440661714505,0.30715440661714505,1.4694637100987709,1.4694637100987709,1.4694637100987709,-1.5650044641508523,-1.5650044641508523,-1.5650044641508523,0.6364202196582792,0.6364202196582792,0.6364202196582792,2.0260809623751377,2.0260809623751377,2.0260809623751377,-1.4200320086488922,-1.4200320086488922,-1.4200320086488922,-7.184934966885315,-7.184934966885315,-7.184934966885315,0.0,0.0,0.0,48.75558290091868
190,2018-03-22 16:00:00,56.958761762051275,40.5962634172137,60.59943047308492,56.958761762051275,56.958761762051275,0.0,0.0,0.0,0.0,0.0,0.0,0.0,0.0,0.0,0.0,0.0,0.0,0.0,0.0,0.0,0.0,0.0,0.0,0.0,0.0,0.0,0.0,0.0,0.0,0.0,0.0,0.0,0.0,0.0,0.0,-6.516110214842394,-6.516110214842394,-6.516110214842394,1.1878547020849628,1.1878547020849628,1.1878547020849628,-0.4333143139190349,-0.4333143139190349,-0.4333143139190349,-2.489454729002396,-2.489454729002396,-2.489454729002396,-1.490554968774548,-1.490554968774548,-1.490554968774548,0.0,0.0,0.0,0.40949085537364427,0.40949085537364427,0.40949085537364427,1.4684275180925943,1.4684275180925943,1.4684275180925943,-1.1694406757959053,-1.1694406757959053,-1.1694406757959053,0.5992851512714779,0.5992851512714779,0.5992851512714779,1.9725669077015313,1.9725669077015313,1.9725669077015313,-1.8733482952506242,-1.8733482952506242,-1.8733482952506242,-7.187077095626492,-7.187077095626492,-7.187077095626492,0.0,0.0,0.0,50.44265154720888
191,2018-03-22 17:00:00,56.958445289098606,44.561801281991144,64.08070317917306,56.958445289098606,56.958445289098606,0.0,0.0,0.0,0.0,0.0,0.0,0.0,0.0,0.0,0.0,0.0,0.0,0.0,0.0,0.0,0.0,0.0,0.0,0.0,0.0,0.0,0.0,0.0,0.0,0.0,0.0,0.0,0.0,0.0,0.0,-2.947770555006915,-2.947770555006915,-2.947770555006915,3.94874386549755,3.94874386549755,3.94874386549755,-0.4333143139190349,-0.4333143139190349,-0.4333143139190349,-1.6279693676441747,-1.6279693676441747,-1.6279693676441747,-1.3319423421662095,-1.3319423421662095,-1.3319423421662095,0.0,0.0,0.0,0.5118273041301434,0.5118273041301434,0.5118273041301434,1.6010600948831584,1.6010600948831584,1.6010600948831584,-0.47165346609760206,-0.47165346609760206,-0.47165346609760206,0.5577729455463082,0.5577729455463082,0.5577729455463082,1.9206924586363043,1.9206924586363043,1.9206924586363043,-2.0617195900209384,-2.0617195900209384,-2.0617195900209384,-7.189237511496595,-7.189237511496595,-7.189237511496595,0.0,0.0,0.0,54.010674734091694
192,2018-03-22 18:00:00,57.08970325335448,48.265856686254615,69.50650453618553,57.08970325335448,57.08970325335448,0.0,0.0,0.0,0.0,0.0,0.0,0.0,0.0,0.0,0.0,0.0,0.0,0.0,0.0,0.0,0.0,0.0,0.0,0.0,0.0,0.0,0.0,0.0,0.0,0.0,0.0,0.0,0.0,0.0,0.0,1.4458974145077426,1.4458974145077426,1.4458974145077426,6.201925823986049,6.201925823986049,6.201925823986049,-0.4384970927248046,-0.4384970927248046,-0.4384970927248046,0.3333395136344764,0.3333395136344764,0.3333395136344764,-0.6642569985687923,-0.6642569985687923,-0.6642569985687923,0.0,0.0,0.0,0.5486309781010461,0.5486309781010461,0.5486309781010461,2.155885839601436,2.155885839601436,2.155885839601436,0.21251721860509082,0.21251721860509082,0.21251721860509082,0.8969747814392398,0.8969747814392398,0.8969747814392398,1.896398216730555,1.896398216730555,1.896398216730555,-2.3779152128187393,-2.3779152128187393,-2.3779152128187393,-6.985766139843339,-6.985766139843339,-6.985766139843339,0.0,0.0,0.0,58.53560066786222
193,2018-03-22 19:00:00,57.08941249265173,50.340875459441826,69.30562549052276,57.08941249265173,57.08941249265173,0.0,0.0,0.0,0.0,0.0,0.0,0.0,0.0,0.0,0.0,0.0,0.0,0.0,0.0,0.0,0.0,0.0,0.0,0.0,0.0,0.0,0.0,0.0,0.0,0.0,0.0,0.0,0.0,0.0,0.0,2.229411740460056,2.229411740460056,2.229411740460056,6.471053384938594,6.471053384938594,6.471053384938594,-0.4384970927248046,-0.4384970927248046,-0.4384970927248046,0.9008363900305932,0.9008363900305932,0.9008363900305932,-0.13057749673649094,-0.13057749673649094,-0.13057749673649094,0.0,0.0,0.0,0.6400478957903868,0.6400478957903868,0.6400478957903868,2.392235370653209,2.392235370653209,2.392235370653209,0.3534948233936419,0.3534948233936419,0.3534948233936419,1.2388334638060872,1.2388334638060872,1.2388334638060872,1.845382030725412,1.845382030725412,1.845382030725412,-3.1547005741514362,-3.1547005741514362,-3.1547005741514362,-6.9878600652345435,-6.9878600652345435,-6.9878600652345435,0.0,0.0,0.0,59.31882423311179
194,2018-03-22 20:00:00,57.08912173194898,47.43022506180238,65.64400851052618,57.08912173194898,57.08912173194898,0.0,0.0,0.0,0.0,0.0,0.0,0.0,0.0,0.0,0.0,0.0,0.0,0.0,0.0,0.0,0.0,0.0,0.0,0.0,0.0,0.0,0.0,0.0,0.0,0.0,0.0,0.0,0.0,0.0,0.0,-0.5900461479009372,-0.5900461479009372,-0.5900461479009372,4.580237613772372,4.580237613772372,4.580237613772372,-0.4384970927248046,-0.4384970927248046,-0.4384970927248046,0.022879675192212283,0.022879675192212283,0.022879675192212283,-0.46939555995104937,-0.46939555995104937,-0.46939555995104937,0.0,0.0,0.0,0.7314648134797272,0.7314648134797272,0.7314648134797272,2.1092448013229266,2.1092448013229266,2.1092448013229266,0.3708318751152113,0.3708318751152113,0.3708318751152113,1.1350831617174517,1.1350831617174517,1.1350831617174517,1.7968118840493568,1.7968118840493568,1.7968118840493568,-3.4158523237672505,-3.4158523237672505,-3.4158523237672505,-6.989975320914878,-6.989975320914878,-6.989975320914878,0.0,0.0,0.0,56.49907558404804
195,2018-03-22 21:00:00,57.08883097124623,42.34554081932378,61.76458331677021,57.08883097124623,57.08883097124623,0.0,0.0,0.0,0.0,0.0,0.0,0.0,0.0,0.0,0.0,0.0,0.0,0.0,0.0,0.0,0.0,0.0,0.0,0.0,0.0,0.0,0.0,0.0,0.0,0.0,0.0,0.0,0.0,0.0,0.0,-5.323843296726338,-5.323843296726338,-5.323843296726338,1.4729052592059755,1.4729052592059755,1.4729052592059755,-0.4384970927248046,-0.4384970927248046,-0.4384970927248046,-1.5554849749838209,-1.5554849749838209,-1.5554849749838209,-1.4842076588198563,-1.4842076588198563,-1.4842076588198563,0.0,0.0,0.0,0.8228817311690678,0.8228817311690678,0.8228817311690678,1.863462251293477,1.863462251293477,1.863462251293477,0.3735693043344065,0.3735693043344065,0.3735693043344065,0.7893446204082314,0.7893446204082314,0.7893446204082314,1.7508483218659625,1.7508483218659625,1.7508483218659625,-3.482038130644343,-3.482038130644343,-3.482038130644343,-6.992111902814455,-6.992111902814455,-6.992111902814455,0.0,0.0,0.0,51.764987674519894
196,2018-03-22 22:00:00,57.088540210543485,37.8828419280468,57.94383641516143,57.088540210543485,57.088540210543485,0.0,0.0,0.0,0.0,0.0,0.0,0.0,0.0,0.0,0.0,0.0,0.0,0.0,0.0,0.0,0.0,0.0,0.0,0.0,0.0,0.0,0.0,0.0,0.0,0.0,0.0,0.0,0.0,0.0,0.0,-9.578412089230435,-9.578412089230435,-9.578412089230435,-1.5877333301805847,-1.5877333301805847,-1.5877333301805847,-0.4384970927248046,-0.4384970927248046,-0.4384970927248046,-2.7039665071429098,-2.7039665071429098,-2.7039665071429098,-1.935235258317104,-1.935235258317104,-1.935235258317104,0.0,0.0,0.0,0.9142986488584083,0.9142986488584083,0.9142986488584083,1.5270179077563635,1.5270179077563635,1.5270179077563635,0.3735693043344065,0.3735693043344065,0.3735693043344065,0.3292220895386873,0.3292220895386873,0.3292220895386873,1.707557553596558,1.707557553596558,1.707557553596558,-3.474342106588867,-3.474342106588867,-3.474342106588867,-6.9942698055034995,-6.9942698055034995,-6.9942698055034995,0.0,0.0,0.0,47.51012812131305
197,2018-03-22 23:00:00,57.08824944984073,33.454323855728866,53.270547421920654,57.08824944984073,57.08824944984073,0.0,0.0,0.0,0.0,0.0,0.0,0.0,0.0,0.0,0.0,0.0,0.0,0.0,0.0,0.0,0.0,0.0,0.0,0.0,0.0,0.0,0.0,0.0,0.0,0.0,0.0,0.0,0.0,0.0,0.0,-12.960916572430536,-12.960916572430536,-12.960916572430536,-3.9265586547154125,-3.9265586547154125,-3.9265586547154125,-0.4384970927248046,-0.4384970927248046,-0.4384970927248046,-3.7048144137620764,-3.7048144137620764,-3.7048144137620764,-2.3802418583064995,-2.3802418583064995,-2.3802418583064995,0.0,0.0,0.0,1.005715566547749,1.005715566547749,1.005715566547749,1.1470768655999655,1.1470768655999655,1.1470768655999655,0.3744817807408049,0.3744817807408049,0.3744817807408049,-0.03649054039978548,-0.03649054039978548,-0.03649054039978548,1.666905518238083,1.666905518238083,1.666905518238083,-3.3768591352195063,-3.3768591352195063,-3.3768591352195063,-6.99644902219113,-6.99644902219113,-6.99644902219113,0.0,0.0,0.0,44.1273328774102
198,2018-03-23 00:00:00,57.087958689137984,31.385436219207044,51.8665686326224,57.087958689137984,57.087958689137984,0.0,0.0,0.0,0.0,0.0,0.0,0.0,0.0,0.0,0.0,0.0,0.0,0.0,0.0,0.0,0.0,0.0,0.0,0.0,0.0,0.0,0.0,0.0,0.0,0.0,0.0,0.0,0.0,0.0,0.0,-15.369798413464212,-15.369798413464212,-15.369798413464212,-5.642490031958314,-5.642490031958314,-5.642490031958314,0.4391496644027312,0.4391496644027312,0.4391496644027312,-4.357412320325117,-4.357412320325117,-4.357412320325117,-2.5072302115630056,-2.5072302115630056,-2.5072302115630056,0.0,0.0,0.0,0.00012947196500282847,0.00012947196500282847,0.00012947196500282847,0.987763656199214,0.987763656199214,0.987763656199214,0.3776754481631992,0.3776754481631992,0.3776754481631992,-0.329348041309258,-0.329348041309258,-0.329348041309258,1.6287534835459174,1.6287534835459174,1.6287534835459174,-3.325552308183,-3.325552308183,-3.325552308183,-6.998649544726698,-6.998649544726698,-6.998649544726698,0.0,0.0,0.0,41.718160275673775
199,2018-03-23 01:00:00,57.08766792843523,28.78481202341154,48.47541848841949,57.08766792843523,57.08766792843523,0.0,0.0,0.0,0.0,0.0,0.0,0.0,0.0,0.0,0.0,0.0,0.0,0.0,0.0,0.0,0.0,0.0,0.0,0.0,0.0,0.0,0.0,0.0,0.0,0.0,0.0,0.0,0.0,0.0,0.0,-18.29644446764005,-18.29644446764005,-18.29644446764005,-7.037448413959687,-7.037448413959687,-7.037448413959687,0.4391496644027312,0.4391496644027312,0.4391496644027312,-5.850979962843604,-5.850979962843604,-5.850979962843604,-2.6287449289032843,-2.6287449289032843,-2.6287449289032843,0.0,0.0,0.0,-1.0054566226177435,-1.0054566226177435,-1.0054566226177435,0.5821438401591422,0.5821438401591422,0.5821438401591422,0.419193124654326,0.419193124654326,0.419193124654326,-0.49589457887259397,-0.49589457887259397,-0.49589457887259397,1.5928552727550687,1.5928552727550687,1.5928552727550687,-3.161370461666182,-3.161370461666182,-3.161370461666182,-7.000871363591829,-7.000871363591829,-7.000871363591829,0.0,0.0,0.0,38.79122346079518
200,2018-03-23 02:00:00,57.087377167732484,27.7433629296367,47.66663537714715,57.087377167732484,57.087377167732484,0.0,0.0,0.0,0.0,0.0,0.0,0.0,0.0,0.0,0.0,0.0,0.0,0.0,0.0,0.0,0.0,0.0,0.0,0.0,0.0,0.0,0.0,0.0,0.0,0.0,0.0,0.0,0.0,0.0,0.0,-19.11143051693307,-19.11143051693307,-19.11143051693307,-7.974040713410276,-7.974040713410276,-7.974040713410276,0.4391496644027312,0.4391496644027312,0.4391496644027312,-5.693131525859754,-5.693131525859754,-5.693131525859754,-2.6396922007357415,-2.6396922007357415,-2.6396922007357415,0.0,0.0,0.0,-0.9140397049284027,-0.9140397049284027,-0.9140397049284027,0.5224013866338604,0.5224013866338604,0.5224013866338604,0.4771353764606237,0.4771353764606237,0.4771353764606237,-0.56242697481032,-0.56242697481032,-0.56242697481032,1.55885619023843,1.55885619023843,1.55885619023843,-3.015659072882506,-3.015659072882506,-3.015659072882506,-7.003114467901467,-7.003114467901467,-7.003114467901467,0.0,0.0,0.0,37.975946650799415
201,2018-03-23 03:00:00,57.08708640702973,29.376007870078105,48.77625143701069,57.08708640702973,57.08708640702973,0.0,0.0,0.0,0.0,0.0,0.0,0.0,0.0,0.0,0.0,0.0,0.0,0.0,0.0,0.0,0.0,0.0,0.0,0.0,0.0,0.0,0.0,0.0,0.0,0.0,0.0,0.0,0.0,0.0,0.0,-18.15745342073002,-18.15745342073002,-18.15745342073002,-7.852515578209988,-7.852515578209988,-7.852515578209988,0.4391496644027312,0.4391496644027312,0.4391496644027312,-4.8258526917006765,-4.8258526917006765,-4.8258526917006765,-2.567987570233145,-2.567987570233145,-2.567987570233145,0.0,0.0,0.0,-0.8226227872390622,-0.8226227872390622,-0.8226227872390622,0.7922905407173707,0.7922905407173707,0.7922905407173707,0.5788764957740441,0.5788764957740441,0.5788764957740441,-0.5726295668439669,-0.5726295668439669,-0.5726295668439669,1.5262936945803498,1.5262936945803498,1.5262936945803498,-2.6729294682786477,-2.6729294682786477,-2.6729294682786477,-7.005378845399708,-7.005378845399708,-7.005378845399708,0.0,0.0,0.0,38.92963298629971
202,2018-03-23 04:00:00,57.08679564632698,31.10571976321472,51.554761015567124,57.08679564632698,57.08679564632698,0.0,0.0,0.0,0.0,0.0,0.0,0.0,0.0,0.0,0.0,0.0,0.0,0.0,0.0,0.0,0.0,0.0,0.0,0.0,0.0,0.0,0.0,0.0,0.0,0.0,0.0,0.0,0.0,0.0,0.0,-15.671673924594533,-15.671673924594533,-15.671673924594533,-6.21901636561244,-6.21901636561244,-6.21901636561244,0.4391496644027312,0.4391496644027312,0.4391496644027312,-3.939592919855018,-3.939592919855018,-3.939592919855018,-2.503398666421646,-2.503398666421646,-2.503398666421646,0.0,0.0,0.0,-0.7312058695497217,-0.7312058695497217,-0.7312058695497217,1.027067901939531,1.027067901939531,1.027067901939531,0.6390999385963377,0.6390999385963377,0.6390999385963377,-0.4718969328216214,-0.4718969328216214,-0.4718969328216214,1.4945998433337613,1.4945998433337613,1.4945998433337613,-2.3384089560006296,-2.3384089560006296,-2.3384089560006296,-7.007664482460835,-7.007664482460835,-7.007664482460835,0.0,0.0,0.0,41.41512172173245
203,2018-03-23 05:00:00,57.08650488562424,36.66410152913917,55.82364476739961,57.08650488562424,57.08650488562424,0.0,0.0,0.0,0.0,0.0,0.0,0.0,0.0,0.0,0.0,0.0,0.0,0.0,0.0,0.0,0.0,0.0,0.0,0.0,0.0,0.0,0.0,0.0,0.0,0.0,0.0,0.0,0.0,0.0,0.0,-11.344174648820884,-11.344174648820884,-11.344174648820884,-3.3578299227675448,-3.3578299227675448,-3.3578299227675448,0.4391496644027312,0.4391496644027312,0.4391496644027312,-2.4394788712007762,-2.4394788712007762,-2.4394788712007762,-2.3391895889347842,-2.3391895889347842,-2.3391895889347842,0.0,0.0,0.0,-0.6397889518603811,-0.6397889518603811,-0.6397889518603811,1.702576872063113,1.702576872063113,1.702576872063113,0.6436623206283297,0.6436623206283297,0.6436623206283297,-0.09526321845276596,-0.09526321845276596,-0.09526321845276596,1.4631055092306318,1.4631055092306318,1.4631055092306318,-2.150625969047019,-2.150625969047019,-2.150625969047019,-7.009971364083193,-7.009971364083193,-7.009971364083193,0.0,0.0,0.0,45.742330236803355
204,2018-03-23 06:00:00,57.08621412492148,41.00932953542334,60.75040836543607,57.08621412492148,57.08621412492148,0.0,0.0,0.0,0.0,0.0,0.0,0.0,0.0,0.0,0.0,0.0,0.0,0.0,0.0,0.0,0.0,0.0,0.0,0.0,0.0,0.0,0.0,0.0,0.0,0.0,0.0,0.0,0.0,0.0,0.0,-6.295542830802135,-6.295542830802135,-6.295542830802135,-0.23887001605698172,-0.23887001605698172,-0.23887001605698172,0.4391496644027312,0.4391496644027312,0.4391496644027312,-0.47541968378984223,-0.47541968378984223,-0.47541968378984223,-1.8213836312595462,-1.8213836312595462,-1.8213836312595462,0.0,0.0,0.0,-0.5483720341710405,-0.5483720341710405,-0.5483720341710405,2.380182068626178,2.380182068626178,2.380182068626178,0.6085319789819917,0.6085319789819917,0.6085319789819917,0.41802774977522017,0.41802774977522017,0.41802774977522017,1.4310463429351499,1.4310463429351499,1.4310463429351499,-1.9515554801453767,-1.9515554801453767,-1.9515554801453767,-7.012299473890461,-7.012299473890461,-7.012299473890461,0.0,0.0,0.0,50.79067129411935
205,2018-03-23 07:00:00,57.085923364218736,44.70431746061818,64.78182365907047,57.085923364218736,57.085923364218736,0.0,0.0,0.0,0.0,0.0,0.0,0.0,0.0,0.0,0.0,0.0,0.0,0.0,0.0,0.0,0.0,0.0,0.0,0.0,0.0,0.0,0.0,0.0,0.0,0.0,0.0,0.0,0.0,0.0,0.0,-2.3341067953682475,-2.3341067953682475,-2.3341067953682475,2.1510234362650364,2.1510234362650364,2.1510234362650364,0.4391496644027312,0.4391496644027312,0.4391496644027312,1.1319481295668095,1.1319481295668095,1.1319481295668095,-0.9581912472702752,-0.9581912472702752,-0.9581912472702752,0.0,0.0,0.0,-0.45695511648169995,-0.45695511648169995,-0.45695511648169995,2.7449254690963207,2.7449254690963207,2.7449254690963207,0.3717443515216097,0.3717443515216097,0.3717443515216097,0.8509912680481547,0.8509912680481547,0.8509912680481547,1.3975704329284349,1.3975704329284349,1.3975704329284349,-1.8597162597500316,-1.8597162597500316,-1.8597162597500316,-7.014648794128528,-7.014648794128528,-7.014648794128528,0.0,0.0,0.0,54.75181656885049
206,2018-03-23 08:00:00,57.085632603516,46.017671535088084,66.51705332283994,57.085632603516,57.085632603516,0.0,0.0,0.0,0.0,0.0,0.0,0.0,0.0,0.0,0.0,0.0,0.0,0.0,0.0,0.0,0.0,0.0,0.0,0.0,0.0,0.0,0.0,0.0,0.0,0.0,0.0,0.0,0.0,0.0,0.0,-0.596349790216825,-0.596349790216825,-0.596349790216825,3.4489927706881214,3.4489927706881214,3.4489927706881214,0.4391496644027312,0.4391496644027312,0.4391496644027312,1.6099291560366975,1.6099291560366975,1.6099291560366975,-0.8054768052074934,-0.8054768052074934,-0.8054768052074934,0.0,0.0,0.0,-0.3655381987923594,-0.3655381987923594,-0.3655381987923594,3.160502360723939,3.160502360723939,3.160502360723939,0.0774707104581292,0.0774707104581292,0.0774707104581292,1.0748734988709998,1.0748734988709998,1.0748734988709998,1.3617475887202448,1.3617475887202448,1.3617475887202448,-1.9710520744192488,-1.9710520744192488,-1.9710520744192488,-7.017019305661888,-7.017019305661888,-7.017019305661888,0.0,0.0,0.0,56.48928281329917
207,2018-03-23 09:00:00,57.08534184281324,46.334514276716114,65.86465469127954,57.08534184281324,57.08534184281324,0.0,0.0,0.0,0.0,0.0,0.0,0.0,0.0,0.0,0.0,0.0,0.0,0.0,0.0,0.0,0.0,0.0,0.0,0.0,0.0,0.0,0.0,0.0,0.0,0.0,0.0,0.0,0.0,0.0,0.0,-0.8287548502324232,-0.8287548502324232,-0.8287548502324232,3.9356635728146863,3.9356635728146863,3.9356635728146863,0.4391496644027312,0.4391496644027312,0.4391496644027312,0.9324124141870098,0.9324124141870098,0.9324124141870098,-0.8629499823278952,-0.8629499823278952,-0.8629499823278952,0.0,0.0,0.0,-0.2741212811030188,-0.2741212811030188,-0.2741212811030188,3.0163867930094432,3.0163867930094432,3.0163867930094432,-0.2720077531924539,-0.2720077531924539,-0.2720077531924539,1.1602303956032012,1.1602303956032012,1.1602303956032012,1.3225801507416257,1.3225801507416257,1.3225801507416257,-2.274275422204998,-2.274275422204998,-2.274275422204998,-7.019410987975745,-7.019410987975745,-7.019410987975745,0.0,0.0,0.0,56.25658699258082
208,2018-03-23 10:00:00,57.085051082110496,45.24842405459187,64.68057926474795,57.085051082110496,57.085051082110496,0.0,0.0,0.0,0.0,0.0,0.0,0.0,0.0,0.0,0.0,0.0,0.0,0.0,0.0,0.0,0.0,0.0,0.0,0.0,0.0,0.0,0.0,0.0,0.0,0.0,0.0,0.0,0.0,0.0,0.0,-1.8979322491126198,-1.8979322491126198,-1.8979322491126198,3.9916185694372577,3.9916185694372577,3.9916185694372577,0.4391496644027312,0.4391496644027312,0.4391496644027312,-0.14674220685892156,-0.14674220685892156,-0.14674220685892156,-1.0890111456681417,-1.0890111456681417,-1.0890111456681417,0.0,0.0,0.0,-0.1827043634136783,-0.1827043634136783,-0.1827043634136783,2.72134292165213,2.72134292165213,2.72134292165213,-0.44811569962734293,-0.44811569962734293,-0.44811569962734293,1.1537639640325799,1.1537639640325799,1.1537639640325799,1.2790152074807568,1.2790152074807568,1.2790152074807568,-2.7411675482372,-2.7411675482372,-2.7411675482372,-7.021823819171713,-7.021823819171713,-7.021823819171713,0.0,0.0,0.0,55.187118832997875
209,2018-03-23 11:00:00,57.08476032140775,42.990234106533016,63.548446027670785,57.08476032140775,57.08476032140775,0.0,0.0,0.0,0.0,0.0,0.0,0.0,0.0,0.0,0.0,0.0,0.0,0.0,0.0,0.0,0.0,0.0,0.0,0.0,0.0,0.0,0.0,0.0,0.0,0.0,0.0,0.0,0.0,0.0,0.0,-3.5593724736605163,-3.5593724736605163,-3.5593724736605163,3.6232301216473934,3.6232301216473934,3.6232301216473934,0.4391496644027312,0.4391496644027312,0.4391496644027312,-1.3883028993845232,-1.3883028993845232,-1.3883028993845232,-1.7162898216679543,-1.7162898216679543,-1.7162898216679543,0.0,0.0,0.0,-0.09128744572433772,-0.09128744572433772,-0.09128744572433772,2.475560371622681,2.475560371622681,2.475560371622681,-0.3961045444626348,-0.3961045444626348,-0.3961045444626348,1.1225813940142506,1.1225813940142506,1.1225813940142506,1.2299580800425236,1.2299580800425236,1.2299580800425236,-3.2219125175692587,-3.2219125175692587,-3.2219125175692587,-7.0242577759659115,-7.0242577759659115,-7.0242577759659115,0.0,0.0,0.0,53.52538784774723
210,2018-03-23 12:00:00,57.084469560704996,40.76567251321327,61.2478082673648,57.084469560704996,57.084469560704996,0.0,0.0,0.0,0.0,0.0,0.0,0.0,0.0,0.0,0.0,0.0,0.0,0.0,0.0,0.0,0.0,0.0,0.0,0.0,0.0,0.0,0.0,0.0,0.0,0.0,0.0,0.0,0.0,0.0,0.0,-5.3708342565957325,-5.3708342565957325,-5.3708342565957325,2.5896136800240526,2.5896136800240526,2.5896136800240526,0.4391496644027312,0.4391496644027312,0.4391496644027312,-2.108022017745649,-2.108022017745649,-2.108022017745649,-2.0956127906626056,-2.0956127906626056,-2.0956127906626056,0.0,0.0,0.0,0.00012947196500282847,0.00012947196500282847,0.00012947196500282847,2.3288245208588307,2.3288245208588307,2.3288245208588307,-0.2514770340484901,-0.2514770340484901,-0.2514770340484901,1.0484329786711257,1.0484329786711257,1.0484329786711257,1.1742869148134663,1.1742869148134663,1.1742869148134663,-3.5774688289322434,-3.5774688289322434,-3.5774688289322434,-7.026712833687602,-7.026712833687602,-7.026712833687602,0.0,0.0,0.0,51.71363530410926
211,2018-03-23 13:00:00,57.08417880000225,39.39475970730928,59.37445490715198,57.08417880000225,57.08417880000225,0.0,0.0,0.0,0.0,0.0,0.0,0.0,0.0,0.0,0.0,0.0,0.0,0.0,0.0,0.0,0.0,0.0,0.0,0.0,0.0,0.0,0.0,0.0,0.0,0.0,0.0,0.0,0.0,0.0,0.0,-7.840072191087178,-7.840072191087178,-7.840072191087178,0.9878403857797937,0.9878403857797937,0.9878403857797937,0.4391496644027312,0.4391496644027312,0.4391496644027312,-2.909591818483368,-2.909591818483368,-2.909591818483368,-2.145422877500287,-2.145422877500287,-2.145422877500287,0.0,0.0,0.0,0.09154638965434339,0.09154638965434339,0.09154638965434339,1.8660825343428316,1.8660825343428316,1.8660825343428316,-0.05438213026643804,-0.05438213026643804,-0.05438213026643804,0.9008546403816126,0.9008546403816126,0.9008546403816126,1.1108682078949073,1.1108682078949073,1.1108682078949073,-4.007420039498162,-4.007420039498162,-4.007420039498162,-7.029188966278512,-7.029188966278512,-7.029188966278512,0.0,0.0,0.0,49.24410660891507
212,2018-03-23 14:00:00,57.083888039299495,37.78117598741845,56.552858235736,57.083888039299495,57.083888039299495,0.0,0.0,0.0,0.0,0.0,0.0,0.0,0.0,0.0,0.0,0.0,0.0,0.0,0.0,0.0,0.0,0.0,0.0,0.0,0.0,0.0,0.0,0.0,0.0,0.0,0.0,0.0,0.0,0.0,0.0,-10.10617567154234,-10.10617567154234,-10.10617567154234,-0.39290033382871614,-0.39290033382871614,-0.39290033382871614,0.4391496644027312,0.4391496644027312,0.4391496644027312,-3.7201622611741176,-3.7201622611741176,-3.7201622611741176,-2.2844532297724967,-2.2844532297724967,-2.2844532297724967,0.0,0.0,0.0,0.18296330734368393,0.18296330734368393,0.18296330734368393,1.3577476227680647,1.3577476227680647,1.3577476227680647,0.09708895319569456,0.09708895319569456,0.09708895319569456,0.7897757158462729,0.7897757158462729,0.7897757158462729,1.0385730697518671,1.0385730697518671,1.0385730697518671,-4.3024342949580685,-4.3024342949580685,-4.3024342949580685,-7.031686146291373,-7.031686146291373,-7.031686146291373,0.0,0.0,0.0,46.97771236775716
213,2018-03-23 15:00:00,57.08359727859675,36.59659214720173,57.00551999754466,57.08359727859675,57.08359727859675,0.0,0.0,0.0,0.0,0.0,0.0,0.0,0.0,0.0,0.0,0.0,0.0,0.0,0.0,0.0,0.0,0.0,0.0,0.0,0.0,0.0,0.0,0.0,0.0,0.0,0.0,0.0,0.0,0.0,0.0,-10.46787509204924,-10.46787509204924,-10.46787509204924,-0.46623270983680515,-0.46623270983680515,-0.46623270983680515,0.4391496644027312,0.4391496644027312,0.4391496644027312,-3.9237320629776526,-3.9237320629776526,-3.9237320629776526,-2.417462582536855,-2.417462582536855,-2.417462582536855,0.0,0.0,0.0,0.2743802250330245,0.2743802250330245,0.2743802250330245,1.2068193191252474,1.2068193191252474,1.2068193191252474,0.2380665579842457,0.2380665579842457,0.2380665579842457,0.735745087611748,0.735745087611748,0.735745087611748,0.956294025652733,0.956294025652733,0.956294025652733,-4.400430334597795,-4.400430334597795,-4.400430334597795,-7.034204344887514,-7.034204344887514,-7.034204344887514,0.0,0.0,0.0,46.61572218654751
214,2018-03-23 16:00:00,57.083306517894,38.75720412974651,58.68638300879221,57.083306517894,57.083306517894,0.0,0.0,0.0,0.0,0.0,0.0,0.0,0.0,0.0,0.0,0.0,0.0,0.0,0.0,0.0,0.0,0.0,0.0,0.0,0.0,0.0,0.0,0.0,0.0,0.0,0.0,0.0,0.0,0.0,0.0,-8.461392216919306,-8.461392216919306,-8.461392216919306,1.2426623332547768,1.2426623332547768,1.2426623332547768,0.4391496644027312,0.4391496644027312,0.4391496644027312,-3.530273156173795,-3.530273156173795,-3.530273156173795,-2.4185573097201005,-2.4185573097201005,-2.4185573097201005,0.0,0.0,0.0,0.3657971427223651,0.3657971427223651,0.3657971427223651,1.3944315854590275,1.3944315854590275,1.3944315854590275,0.4461111786430784,0.4461111786430784,0.4461111786430784,0.7222374305531167,0.7222374305531167,0.7222374305531167,0.8629621378360022,0.8629621378360022,0.8629621378360022,-4.479442848234013,-4.479442848234013,-4.479442848234013,-7.03674353183629,-7.03674353183629,-7.03674353183629,0.0,0.0,0.0,48.621914300974694
215,2018-03-23 17:00:00,57.083015757191255,41.8397475432166,62.081662052493506,57.083015757191255,57.083015757191255,0.0,0.0,0.0,0.0,0.0,0.0,0.0,0.0,0.0,0.0,0.0,0.0,0.0,0.0,0.0,0.0,0.0,0.0,0.0,0.0,0.0,0.0,0.0,0.0,0.0,0.0,0.0,0.0,0.0,0.0,-5.463639787678978,-5.463639787678978,-5.463639787678978,3.9988691186349854,3.9988691186349854,3.9988691186349854,0.4391496644027312,0.4391496644027312,0.4391496644027312,-3.180769457977488,-3.180769457977488,-3.180769457977488,-2.5805769328404713,-2.5805769328404713,-2.5805769328404713,0.0,0.0,0.0,0.45721406041170565,0.45721406041170565,0.45721406041170565,1.6470268714167982,1.6470268714167982,1.6470268714167982,0.5911949272604223,0.5911949272604223,0.5911949272604223,0.7077238841390556,0.7077238841390556,0.7077238841390556,0.7575642271768149,0.7575642271768149,0.7575642271768149,-4.44250193276773,-4.44250193276773,-4.44250193276773,-7.03930367551329,-7.03930367551329,-7.03930367551329,0.0,0.0,0.0,51.61937596951228
216,2018-03-23 18:00:00,57.162585967064246,44.82715789608817,64.57539718147467,57.162585967064246,57.162585967064246,0.0,0.0,0.0,0.0,0.0,0.0,0.0,0.0,0.0,0.0,0.0,0.0,0.0,0.0,0.0,0.0,0.0,0.0,0.0,0.0,0.0,0.0,0.0,0.0,0.0,0.0,0.0,0.0,0.0,0.0,-2.06502318525164,-2.06502318525164,-2.06502318525164,6.127969231931865,6.127969231931865,6.127969231931865,0.46989740579340816,0.46989740579340816,0.46989740579340816,-1.8652319995910158,-1.8652319995910158,-1.8652319995910158,-2.282295519115333,-2.282295519115333,-2.282295519115333,0.0,0.0,0.0,0.627135921788999,0.627135921788999,0.627135921788999,2.292892128446562,2.292892128446562,2.292892128446562,0.6609652960238548,0.6609652960238548,0.6609652960238548,0.9808874191786146,0.9808874191786146,0.9808874191786146,0.6007748160026697,0.6007748160026697,0.6007748160026697,-4.614714651707121,-4.614714651707121,-4.614714651707121,-6.9285352335951575,-6.9285352335951575,-6.9285352335951575,0.0,0.0,0.0,55.097562781812606
217,2018-03-23 19:00:00,57.16230665387887,46.22575881032934,66.00633318893938,57.16230665387887,57.16230665387887,0.0,0.0,0.0,0.0,0.0,0.0,0.0,0.0,0.0,0.0,0.0,0.0,0.0,0.0,0.0,0.0,0.0,0.0,0.0,0.0,0.0,0.0,0.0,0.0,0.0,0.0,0.0,0.0,0.0,0.0,-0.9789219495120522,-0.9789219495120522,-0.9789219495120522,6.385517328509715,6.385517328509715,6.385517328509715,0.46989740579340816,0.46989740579340816,0.46989740579340816,-0.8982383938954982,-0.8982383938954982,-0.8982383938954982,-1.903065740051832,-1.903065740051832,-1.903065740051832,0.0,0.0,0.0,0.7316339299544865,0.7316339299544865,0.7316339299544865,2.666292482711466,2.666292482711466,2.666292482711466,0.6666375102504379,0.6666375102504379,0.6666375102504379,1.1755701895456148,1.1755701895456148,1.1755701895456148,0.4648765751296541,0.4648765751296541,0.4648765751296541,-4.705204172099079,-4.705204172099079,-4.705204172099079,-6.931077459255923,-6.931077459255923,-6.931077459255923,0.0,0.0,0.0,56.18338470436682
218,2018-03-23 20:00:00,57.162027340693484,44.78375784397218,64.9430086626943,57.162027340693484,57.162027340693484,0.0,0.0,0.0,0.0,0.0,0.0,0.0,0.0,0.0,0.0,0.0,0.0,0.0,0.0,0.0,0.0,0.0,0.0,0.0,0.0,0.0,0.0,0.0,0.0,0.0,0.0,0.0,0.0,0.0,0.0,-3.0766928047568967,-3.0766928047568967,-3.0766928047568967,4.467721818829869,4.467721818829869,4.467721818829869,0.46989740579340816,0.46989740579340816,0.46989740579340816,-0.9252265618840534,-0.9252265618840534,-0.9252265618840534,-2.067995429372725,-2.067995429372725,-2.067995429372725,0.0,0.0,0.0,0.8361319381199739,0.8361319381199739,0.8361319381199739,2.5997252886363853,2.5997252886363853,2.5997252886363853,0.6713643554392571,0.6713643554392571,0.6713643554392571,1.051314135647783,1.051314135647783,1.051314135647783,0.3144548727894554,0.3144548727894554,0.3144548727894554,-4.4856642561481355,-4.4856642561481355,-4.4856642561481355,-6.933642934492167,-6.933642934492167,-6.933642934492167,0.0,0.0,0.0,54.08533453593659
219,2018-03-23 21:00:00,57.16174802750811,40.314651686942724,59.82456974934626,57.16174802750811,57.16174802750811,0.0,0.0,0.0,0.0,0.0,0.0,0.0,0.0,0.0,0.0,0.0,0.0,0.0,0.0,0.0,0.0,0.0,0.0,0.0,0.0,0.0,0.0,0.0,0.0,0.0,0.0,0.0,0.0,0.0,0.0,-7.345920596320245,-7.345920596320245,-7.345920596320245,1.329744675530822,1.329744675530822,1.329744675530822,0.46989740579340816,0.46989740579340816,0.46989740579340816,-1.8883175735602509,-1.8883175735602509,-1.8883175735602509,-2.4472252084362256,-2.4472252084362256,-2.4472252084362256,0.0,0.0,0.0,0.9406299462854616,0.9406299462854616,0.9406299462854616,2.0136219470534518,2.0136219470534518,2.0136219470534518,0.6713643554392571,0.6713643554392571,0.6713643554392571,0.7202637104615013,0.7202637104615013,0.7202637104615013,0.14888392436388884,0.14888392436388884,0.14888392436388884,-4.2568697301571055,-4.2568697301571055,-4.2568697301571055,-6.936231622654706,-6.936231622654706,-6.936231622654706,0.0,0.0,0.0,49.81582743118786
220,2018-03-23 22:00:00,57.16146871432273,35.63701856847038,55.80427055819291,57.16146871432273,57.16146871432273,0.0,0.0,0.0,0.0,0.0,0.0,0.0,0.0,0.0,0.0,0.0,0.0,0.0,0.0,0.0,0.0,0.0,0.0,0.0,0.0,0.0,0.0,0.0,0.0,0.0,0.0,0.0,0.0,0.0,0.0,-11.852360291861961,-11.852360291861961,-11.852360291861961,-1.735605828343417,-1.735605828343417,-1.735605828343417,0.46989740579340816,0.46989740579340816,0.46989740579340816,-3.1455824036397986,-3.1455824036397986,-3.1455824036397986,-2.708183039236718,-2.708183039236718,-2.708183039236718,0.0,0.0,0.0,1.0451279544509493,1.0451279544509493,1.0451279544509493,1.2741020253756068,1.2741020253756068,1.2741020253756068,0.6713643554392571,0.6713643554392571,0.6713643554392571,0.3029368194520559,0.3029368194520559,0.3029368194520559,-0.03232857426742402,-0.03232857426742402,-0.03232857426742402,-4.200827924914358,-4.200827924914358,-4.200827924914358,-6.938843485611323,-6.938843485611323,-6.938843485611323,0.0,0.0,0.0,45.30910842246077
221,2018-03-23 23:00:00,57.16118940113735,33.25085399670733,53.19380787208094,57.16118940113735,57.16118940113735,0.0,0.0,0.0,0.0,0.0,0.0,0.0,0.0,0.0,0.0,0.0,0.0,0.0,0.0,0.0,0.0,0.0,0.0,0.0,0.0,0.0,0.0,0.0,0.0,0.0,0.0,0.0,0.0,0.0,0.0,-14.446961482488925,-14.446961482488925,-14.446961482488925,-4.0302375196490425,-4.0302375196490425,-4.0302375196490425,0.46989740579340816,0.46989740579340816,0.46989740579340816,-3.245717277012379,-3.245717277012379,-3.245717277012379,-2.9186854058699634,-2.9186854058699634,-2.9186854058699634,0.0,0.0,0.0,1.1496259626164367,1.1496259626164367,1.1496259626164367,1.4223180434334026,1.4223180434334026,1.4223180434334026,0.6708916709203753,0.6708916709203753,0.6708916709203753,-0.02557166480009431,-0.02557166480009431,-0.02557166480009431,-0.22952820208177546,-0.22952820208177546,-0.22952820208177546,-4.014193289105944,-4.014193289105944,-4.014193289105944,-6.941478483745728,-6.941478483745728,-6.941478483745728,0.0,0.0,0.0,42.714227918648426
222,2018-03-24 00:00:00,57.16091008795197,30.32296063058825,49.62598999672376,57.16091008795197,57.16091008795197,0.0,0.0,0.0,0.0,0.0,0.0,0.0,0.0,0.0,0.0,0.0,0.0,0.0,0.0,0.0,0.0,0.0,0.0,0.0,0.0,0.0,0.0,0.0,0.0,0.0,0.0,0.0,0.0,0.0,0.0,-17.197115093456922,-17.197115093456922,-17.197115093456922,-5.660366272015838,-5.660366272015838,-5.660366272015838,1.4093930890274067,1.4093930890274067,1.4093930890274067,-4.149710289054809,-4.149710289054809,-4.149710289054809,-2.9349613620529458,-2.9349613620529458,-2.9349613620529458,0.0,0.0,0.0,0.00014787279607378692,0.00014787279607378692,0.00014787279607378692,0.9818304388897072,0.9818304388897072,0.9818304388897072,0.6751458315903126,0.6751458315903126,0.6751458315903126,-0.3056337453664473,-0.3056337453664473,-0.3056337453664473,-0.4429019564296217,-0.4429019564296217,-0.4429019564296217,-3.9756324139389165,-3.9756324139389165,-3.9756324139389165,-6.944136575956651,-6.944136575956651,-6.944136575956651,0.0,0.0,0.0,39.963794994495046
223,2018-03-24 01:00:00,57.16063077476659,27.301201777598507,46.93109280873476,57.16063077476659,57.16063077476659,0.0,0.0,0.0,0.0,0.0,0.0,0.0,0.0,0.0,0.0,0.0,0.0,0.0,0.0,0.0,0.0,0.0,0.0,0.0,0.0,0.0,0.0,0.0,0.0,0.0,0.0,0.0,0.0,0.0,0.0,-20.31668785757328,-20.31668785757328,-20.31668785757328,-6.965438857869138,-6.965438857869138,-6.965438857869138,1.4093930890274067,1.4093930890274067,1.4093930890274067,-5.731963314555956,-5.731963314555956,-5.731963314555956,-2.914345150887834,-2.914345150887834,-2.914345150887834,0.0,0.0,0.0,-1.1493302170242892,-1.1493302170242892,-1.1493302170242892,0.7888895873127167,0.7888895873127167,0.7888895873127167,0.6746731470714308,0.6746731470714308,0.6746731470714308,-0.5378475259962103,-0.5378475259962103,-0.5378475259962103,-0.6724679654911754,-0.6724679654911754,-0.6724679654911754,-4.003396244059177,-4.003396244059177,-4.003396244059177,-6.9468177196570124,-6.9468177196570124,-6.9468177196570124,0.0,0.0,0.0,36.8439429171933
224,2018-03-24 02:00:00,57.16035146158121,25.06460477959438,44.615273245063065,57.16035146158121,57.16035146158121,0.0,0.0,0.0,0.0,0.0,0.0,0.0,0.0,0.0,0.0,0.0,0.0,0.0,0.0,0.0,0.0,0.0,0.0,0.0,0.0,0.0,0.0,0.0,0.0,0.0,0.0,0.0,0.0,0.0,0.0,-21.885294943949347,-21.885294943949347,-21.885294943949347,-7.849817299822677,-7.849817299822677,-7.849817299822677,1.4093930890274067,1.4093930890274067,1.4093930890274067,-6.167888839280207,-6.167888839280207,-6.167888839280207,-2.882878302267401,-2.882878302267401,-2.882878302267401,0.0,0.0,0.0,-1.0448322088588013,-1.0448322088588013,-1.0448322088588013,0.7015201450891738,0.7015201450891738,0.7015201450891738,0.6699463018826114,0.6699463018826114,0.6699463018826114,-0.6227782583836574,-0.6227782583836574,-0.6227782583836574,-0.9180669340738967,-0.9180669340738967,-0.9180669340738967,-4.39825960576954,-4.39825960576954,-4.39825960576954,-6.949521870772566,-6.949521870772566,-6.949521870772566,0.0,0.0,0.0,35.27505651763186
225,2018-03-24 03:00:00,57.160072148395834,25.20602082862642,44.73662783469907,57.160072148395834,57.160072148395834,0.0,0.0,0.0,0.0,0.0,0.0,0.0,0.0,0.0,0.0,0.0,0.0,0.0,0.0,0.0,0.0,0.0,0.0,0.0,0.0,0.0,0.0,0.0,0.0,0.0,0.0,0.0,0.0,0.0,0.0,-21.918968182516085,-21.918968182516085,-21.918968182516085,-7.7293071657014,-7.7293071657014,-7.7293071657014,1.4093930890274067,1.4093930890274067,1.4093930890274067,-6.058056565837559,-6.058056565837559,-6.058056565837559,-2.768404077113755,-2.768404077113755,-2.768404077113755,0.0,0.0,0.0,-0.940334200693314,-0.940334200693314,-0.940334200693314,0.6287122765695549,0.6287122765695549,0.6287122765695549,0.6680555638070836,0.6680555638070836,0.6680555638070836,-0.676757121749623,-0.676757121749623,-0.676757121749623,-1.1793554672335091,-1.1793554672335091,-1.1793554672335091,-4.378722095684912,-4.378722095684912,-4.378722095684912,-6.952248983743617,-6.952248983743617,-6.952248983743617,0.0,0.0,0.0,35.241103965879745
226,2018-03-24 04:00:00,57.15979283521045,25.995886425691424,46.3430595875346,57.15979283521045,57.15979283521045,0.0,0.0,0.0,0.0,0.0,0.0,0.0,0.0,0.0,0.0,0.0,0.0,0.0,0.0,0.0,0.0,0.0,0.0,0.0,0.0,0.0,0.0,0.0,0.0,0.0,0.0,0.0,0.0,0.0,0.0,-20.871487988505276,-20.871487988505276,-20.871487988505276,-6.130519322698601,-6.130519322698601,-6.130519322698601,1.4093930890274067,1.4093930890274067,1.4093930890274067,-6.330168259522861,-6.330168259522861,-6.330168259522861,-2.9382165532895423,-2.9382165532895423,-2.9382165532895423,0.0,0.0,0.0,-0.8358361925278265,-0.8358361925278265,-0.8358361925278265,0.5668255883278785,0.5668255883278785,0.5668255883278785,0.6680555638070836,0.6680555638070836,0.6680555638070836,-0.689018248608374,-0.689018248608374,-0.689018248608374,-1.4558013947620907,-1.4558013947620907,-1.4558013947620907,-4.511371506259487,-4.511371506259487,-4.511371506259487,-6.9549990115217275,-6.9549990115217275,-6.9549990115217275,0.0,0.0,0.0,36.288304846705174
227,2018-03-24 05:00:00,57.15951352202507,28.93726586882273,48.198810290459164,57.15951352202507,57.15951352202507,0.0,0.0,0.0,0.0,0.0,0.0,0.0,0.0,0.0,0.0,0.0,0.0,0.0,0.0,0.0,0.0,0.0,0.0,0.0,0.0,0.0,0.0,0.0,0.0,0.0,0.0,0.0,0.0,0.0,0.0,-18.280514103722894,-18.280514103722894,-18.280514103722894,-3.3023878360961016,-3.3023878360961016,-3.3023878360961016,1.4093930890274067,1.4093930890274067,1.4093930890274067,-6.273673164840643,-6.273673164840643,-6.273673164840643,-2.9317061708163488,-2.9317061708163488,-2.9317061708163488,0.0,0.0,0.0,-0.7313381843623389,-0.7313381843623389,-0.7313381843623389,0.4867369329562976,0.4867369329562976,0.4867369329562976,0.6680555638070836,0.6680555638070836,0.6680555638070836,-0.621282999010639,-0.621282999010639,-0.621282999010639,-1.746681197213668,-1.746681197213668,-1.746681197213668,-4.5535313964421045,-4.5535313964421045,-4.5535313964421045,-6.957771905572479,-6.957771905572479,-6.957771905572479,0.0,0.0,0.0,38.87899941830218
228,2018-03-24 06:00:00,57.15923420883969,32.310946509984085,51.56966835882336,57.15923420883969,57.15923420883969,0.0,0.0,0.0,0.0,0.0,0.0,0.0,0.0,0.0,0.0,0.0,0.0,0.0,0.0,0.0,0.0,0.0,0.0,0.0,0.0,0.0,0.0,0.0,0.0,0.0,0.0,0.0,0.0,0.0,0.0,-15.376948047148543,-15.376948047148543,-15.376948047148543,-0.1927912480142977,-0.1927912480142977,-0.1927912480142977,1.4093930890274067,1.4093930890274067,1.4093930890274067,-6.172509574401384,-6.172509574401384,-6.172509574401384,-2.8638896867205874,-2.8638896867205874,-2.8638896867205874,0.0,0.0,0.0,-0.6268401761968514,-0.6268401761968514,-0.6268401761968514,0.5096194059196065,0.5096194059196065,0.5096194059196065,0.6359130165231123,0.6359130165231123,0.6359130165231123,-0.5027089307302771,-0.5027089307302771,-0.5027089307302771,-2.051079608860908,-2.051079608860908,-2.051079608860908,-4.733996292223793,-4.733996292223793,-4.733996292223793,-6.9605676158719545,-6.9605676158719545,-6.9605676158719545,0.0,0.0,0.0,41.78228616169115
229,2018-03-24 07:00:00,57.15895489565431,33.26019667171477,54.29551105516742,57.15895489565431,57.15895489565431,0.0,0.0,0.0,0.0,0.0,0.0,0.0,0.0,0.0,0.0,0.0,0.0,0.0,0.0,0.0,0.0,0.0,0.0,0.0,0.0,0.0,0.0,0.0,0.0,0.0,0.0,0.0,0.0,0.0,0.0,-13.314810168714976,-13.314810168714976,-13.314810168714976,2.206703711891012,2.206703711891012,2.206703711891012,1.4093930890274067,1.4093930890274067,1.4093930890274067,-6.190236342528752,-6.190236342528752,-6.190236342528752,-2.953407445726993,-2.953407445726993,-2.953407445726993,0.0,0.0,0.0,-0.5223421680313638,-0.5223421680313638,-0.5223421680313638,0.6625159298108065,0.6625159298108065,0.6625159298108065,0.2265682231713602,0.2265682231713602,0.2265682231713602,-0.16328505305509222,-0.16328505305509222,-0.16328505305509222,-2.3678914471690726,-2.3678914471690726,-2.3678914471690726,-4.8496789177248765,-4.8496789177248765,-4.8496789177248765,-6.963386090908164,-6.963386090908164,-6.963386090908164,0.0,0.0,0.0,43.844144726939334
230,2018-03-24 08:00:00,57.15867558246894,34.676141702199374,54.21476595934365,57.15867558246894,57.15867558246894,0.0,0.0,0.0,0.0,0.0,0.0,0.0,0.0,0.0,0.0,0.0,0.0,0.0,0.0,0.0,0.0,0.0,0.0,0.0,0.0,0.0,0.0,0.0,0.0,0.0,0.0,0.0,0.0,0.0,0.0,-12.617882943580817,-12.617882943580817,-12.617882943580817,3.5132223911924667,3.5132223911924667,3.5132223911924667,1.4093930890274067,1.4093930890274067,1.4093930890274067,-6.469052364600292,-6.469052364600292,-6.469052364600292,-2.995724931802749,-2.995724931802749,-2.995724931802749,0.0,0.0,0.0,-0.41784415986587636,-0.41784415986587636,-0.41784415986587636,0.7592463837011576,0.7592463837011576,0.7592463837011576,-0.34396199111913045,-0.34396199111913045,-0.34396199111913045,0.2718354244932725,0.2718354244932725,0.2718354244932725,-2.695825692491611,-2.695825692491611,-2.695825692491611,-5.151996179034373,-5.151996179034373,-5.151996179034373,-6.966227277681378,-6.966227277681378,-6.966227277681378,0.0,0.0,0.0,44.54079263888812
231,2018-03-24 09:00:00,57.15839626928356,34.69647576146597,54.97494972270099,57.15839626928356,57.15839626928356,0.0,0.0,0.0,0.0,0.0,0.0,0.0,0.0,0.0,0.0,0.0,0.0,0.0,0.0,0.0,0.0,0.0,0.0,0.0,0.0,0.0,0.0,0.0,0.0,0.0,0.0,0.0,0.0,0.0,0.0,-12.686259178075671,-12.686259178075671,-12.686259178075671,3.9942936604399475,3.9942936604399475,3.9942936604399475,1.4093930890274067,1.4093930890274067,1.4093930890274067,-6.678049902996252,-6.678049902996252,-6.678049902996252,-3.031532035405311,-3.031532035405311,-3.031532035405311,0.0,0.0,0.0,-0.31334615170038876,-0.31334615170038876,-0.31334615170038876,0.868458186480586,0.868458186480586,0.868458186480586,-0.920637104155086,-0.920637104155086,-0.920637104155086,0.5634110022318675,0.5634110022318675,0.5634110022318675,-3.0334118138145767,-3.0334118138145767,-3.0334118138145767,-5.253796889475325,-5.253796889475325,-5.253796889475325,-6.969091121704792,-6.969091121704792,-6.969091121704792,0.0,0.0,0.0,44.472137091207884
232,2018-03-24 10:00:00,57.158116956098176,34.775241593476245,54.21341291171304,57.158116956098176,57.158116956098176,0.0,0.0,0.0,0.0,0.0,0.0,0.0,0.0,0.0,0.0,0.0,0.0,0.0,0.0,0.0,0.0,0.0,0.0,0.0,0.0,0.0,0.0,0.0,0.0,0.0,0.0,0.0,0.0,0.0,0.0,-12.665409932311253,-12.665409932311253,-12.665409932311253,4.035066227847086,4.035066227847086,4.035066227847086,1.4093930890274067,1.4093930890274067,1.4093930890274067,-6.349490284256143,-6.349490284256143,-6.349490284256143,-2.9805340393652977,-2.9805340393652977,-2.9805340393652977,0.0,0.0,0.0,-0.20884814353490128,-0.20884814353490128,-0.20884814353490128,0.9719493710191874,0.9719493710191874,0.9719493710191874,-1.0681146740462486,-1.0681146740462486,-1.0681146740462486,0.6390711265066003,0.6390711265066003,0.6390711265066003,-3.37900830890124,-3.37900830890124,-3.37900830890124,-5.1124070138628905,-5.1124070138628905,-5.1124070138628905,-6.971977567000954,-6.971977567000954,-6.971977567000954,0.0,0.0,0.0,44.49270702378692
233,2018-03-24 11:00:00,57.157837642912796,33.31760205651812,53.062487854733625,57.157837642912796,57.157837642912796,0.0,0.0,0.0,0.0,0.0,0.0,0.0,0.0,0.0,0.0,0.0,0.0,0.0,0.0,0.0,0.0,0.0,0.0,0.0,0.0,0.0,0.0,0.0,0.0,0.0,0.0,0.0,0.0,0.0,0.0,-13.394524195777187,-13.394524195777187,-13.394524195777187,3.6550226233903067,3.6550226233903067,3.6550226233903067,1.4093930890274067,1.4093930890274067,1.4093930890274067,-6.3438468622505475,-6.3438468622505475,-6.3438468622505475,-2.998980123039345,-2.998980123039345,-2.998980123039345,0.0,0.0,0.0,-0.10435013536941375,-0.10435013536941375,-0.10435013536941375,0.9121429075923576,0.9121429075923576,0.9121429075923576,-1.0529887694420268,-1.0529887694420268,-1.0529887694420268,0.5411316375738927,0.5411316375738927,0.5411316375738927,-3.7308134008118707,-3.7308134008118707,-3.7308134008118707,-5.05019546859342,-5.05019546859342,-5.05019546859342,-6.9748865561050755,-6.9748865561050755,-6.9748865561050755,0.0,0.0,0.0,43.76331344713561
234,2018-03-24 12:00:00,57.157558329727415,32.85152527072002,52.58696196152341,57.157558329727415,57.157558329727415,0.0,0.0,0.0,0.0,0.0,0.0,0.0,0.0,0.0,0.0,0.0,0.0,0.0,0.0,0.0,0.0,0.0,0.0,0.0,0.0,0.0,0.0,0.0,0.0,0.0,0.0,0.0,0.0,0.0,0.0,-14.592905832210509,-14.592905832210509,-14.592905832210509,2.61815609603399,2.61815609603399,2.61815609603399,1.4093930890274067,1.4093930890274067,1.4093930890274067,-6.146366092873707,-6.146366092873707,-6.146366092873707,-3.011458356112965,-3.011458356112965,-3.011458356112965,0.0,0.0,0.0,0.00014787279607378692,0.00014787279607378692,0.00014787279607378692,0.8601372872212011,0.8601372872212011,0.8601372872212011,-0.9263093183816693,-0.9263093183816693,-0.9263093183816693,0.5919704562565196,0.5919704562565196,0.5919704562565196,-4.086877805306975,-4.086877805306975,-4.086877805306975,-5.070247123680274,-5.070247123680274,-5.070247123680274,-6.977818030063814,-6.977818030063814,-6.977818030063814,0.0,0.0,0.0,42.5646524975169
235,2018-03-24 13:00:00,57.157279016542034,30.2630304111959,50.65724074372753,57.157279016542034,57.157279016542034,0.0,0.0,0.0,0.0,0.0,0.0,0.0,0.0,0.0,0.0,0.0,0.0,0.0,0.0,0.0,0.0,0.0,0.0,0.0,0.0,0.0,0.0,0.0,0.0,0.0,0.0,0.0,0.0,0.0,0.0,-16.613965787714395,-16.613965787714395,-16.613965787714395,1.0124914519532402,1.0124914519532402,1.0124914519532402,1.4093930890274067,1.4093930890274067,1.4093930890274067,-6.200565854025112,-6.200565854025112,-6.200565854025112,-3.066254075262341,-3.066254075262341,-3.066254075262341,0.0,0.0,0.0,0.10464588096156131,0.10464588096156131,0.10464588096156131,0.7420845289786759,0.7420845289786759,0.7420845289786759,-0.7665419509995767,-0.7665419509995767,-0.7665419509995767,0.4684620320451968,0.4684620320451968,0.4684620320451968,-4.445119457205741,-4.445119457205741,-4.445119457205741,-5.092355358776036,-5.092355358776036,-5.092355358776036,-6.980771928436782,-6.980771928436782,-6.980771928436782,0.0,0.0,0.0,40.54331322882764
236,2018-03-24 14:00:00,57.15699970335666,29.29902961539517,49.2946432277327,57.15699970335666,57.15699970335666,0.0,0.0,0.0,0.0,0.0,0.0,0.0,0.0,0.0,0.0,0.0,0.0,0.0,0.0,0.0,0.0,0.0,0.0,0.0,0.0,0.0,0.0,0.0,0.0,0.0,0.0,0.0,0.0,0.0,0.0,-18.158215855073056,-18.158215855073056,-18.158215855073056,-0.38482108357670386,-0.38482108357670386,-0.38482108357670386,1.4093930890274067,1.4093930890274067,1.4093930890274067,-5.986306521623904,-5.986306521623904,-5.986306521623904,-3.1731328541972617,-3.1731328541972617,-3.1731328541972617,0.0,0.0,0.0,0.20914388912704884,0.20914388912704884,0.20914388912704884,0.9241042002777236,0.9241042002777236,0.9241042002777236,-0.6006296848720188,-0.6006296848720188,-0.6006296848720188,0.23639777735273554,0.23639777735273554,0.23639777735273554,-4.803340060577531,-4.803340060577531,-4.803340060577531,-4.991582938339538,-4.991582938339538,-4.991582938339538,-6.983748189294921,-6.983748189294921,-6.983748189294921,0.0,0.0,0.0,38.99878384828361
237,2018-03-24 15:00:00,57.15672039017128,28.748936747492372,48.39641255610209,57.15672039017128,57.15672039017128,0.0,0.0,0.0,0.0,0.0,0.0,0.0,0.0,0.0,0.0,0.0,0.0,0.0,0.0,0.0,0.0,0.0,0.0,0.0,0.0,0.0,0.0,0.0,0.0,0.0,0.0,0.0,0.0,0.0,0.0,-18.576298369487272,-18.576298369487272,-18.576298369487272,-0.4876989783170047,-0.4876989783170047,-0.4876989783170047,1.4093930890274067,1.4093930890274067,1.4093930890274067,-5.942609339309009,-5.942609339309009,-5.942609339309009,-3.210567553418122,-3.210567553418122,-3.210567553418122,0.0,0.0,0.0,0.31364189729253633,0.31364189729253633,0.31364189729253633,0.8096918354611794,0.8096918354611794,0.8096918354611794,-0.43424473422557924,-0.43424473422557924,-0.43424473422557924,0.11632844969935521,0.11632844969935521,0.11632844969935521,-5.1592433026372335,-5.1592433026372335,-5.1592433026372335,-4.946852323145786,-4.946852323145786,-4.946852323145786,-6.986746749224023,-6.986746749224023,-6.986746749224023,0.0,0.0,0.0,38.58042202068401
238,2018-03-24 16:00:00,57.1564410769859,30.143451206316414,50.0877938264604,57.1564410769859,57.1564410769859,0.0,0.0,0.0,0.0,0.0,0.0,0.0,0.0,0.0,0.0,0.0,0.0,0.0,0.0,0.0,0.0,0.0,0.0,0.0,0.0,0.0,0.0,0.0,0.0,0.0,0.0,0.0,0.0,0.0,0.0,-17.065548802062775,-17.065548802062775,-17.065548802062775,1.1917852888261298,1.1917852888261298,1.1917852888261298,1.4093930890274067,1.4093930890274067,1.4093930890274067,-5.757111997545918,-5.757111997545918,-5.757111997545918,-3.254512635112176,-3.254512635112176,-3.254512635112176,0.0,0.0,0.0,0.4181399054580239,0.4181399054580239,0.4181399054580239,0.6796777845332881,0.6796777845332881,0.6796777845332881,-0.14118033251878206,-0.14118033251878206,-0.14118033251878206,0.06279816414529522,0.06279816414529522,0.06279816414529522,-5.510454550022548,-5.510454550022548,-5.510454550022548,-4.931427973078975,-4.931427973078975,-4.931427973078975,-6.9897675433204425,-6.9897675433204425,-6.9897675433204425,0.0,0.0,0.0,40.09089227492312
239,2018-03-24 17:00:00,57.15616176380052,34.34677999933857,53.70538368800629,57.15616176380052,57.15616176380052,0.0,0.0,0.0,0.0,0.0,0.0,0.0,0.0,0.0,0.0,0.0,0.0,0.0,0.0,0.0,0.0,0.0,0.0,0.0,0.0,0.0,0.0,0.0,0.0,0.0,0.0,0.0,0.0,0.0,0.0,-13.336248997323773,-13.336248997323773,-13.336248997323773,3.931296905632428,3.931296905632428,3.931296905632428,1.4093930890274067,1.4093930890274067,1.4093930890274067,-4.420193570536306,-4.420193570536306,-4.420193570536306,-3.140580941831296,-3.140580941831296,-3.140580941831296,0.0,0.0,0.0,0.5226379136235114,0.5226379136235114,0.5226379136235114,1.0281154410200364,1.0281154410200364,1.0281154410200364,0.2568200323798038,0.2568200323798038,0.2568200323798038,0.10631021190013171,0.10631021190013171,0.10631021190013171,-5.85454182722367,-5.85454182722367,-5.85454182722367,-4.602889316655899,-4.602889316655899,-4.602889316655899,-6.992810505196225,-6.992810505196225,-6.992810505196225,0.0,0.0,0.0,43.81991276647675
240,2018-03-24 18:00:00,56.9577979813891,37.859042965836295,56.99600354131797,56.9577979813891,56.9577979813891,0.0,0.0,0.0,0.0,0.0,0.0,0.0,0.0,0.0,0.0,0.0,0.0,0.0,0.0,0.0,0.0,0.0,0.0,0.0,0.0,0.0,0.0,0.0,0.0,0.0,0.0,0.0,0.0,0.0,0.0,-9.549721759063516,-9.549721759063516,-9.549721759063516,6.101215023958841,6.101215023958841,6.101215023958841,1.2682140231988264,1.2682140231988264,1.2682140231988264,-2.4710178825635456,-2.4710178825635456,-2.4710178825635456,-2.869841137502101,-2.869841137502101,-2.869841137502101,0.0,0.0,0.0,0.6576124453226495,0.6576124453226495,0.6576124453226495,1.9224019764626048,1.9224019764626048,1.9224019764626048,0.4662172116150268,0.4662172116150268,0.4662172116150268,0.3758407520169797,0.3758407520169797,0.3758407520169797,-6.0627589603167875,-6.0627589603167875,-6.0627589603167875,-4.291463153677531,-4.291463153677531,-4.291463153677531,-7.117159940142024,-7.117159940142024,-7.117159940142024,0.0,0.0,0.0,47.40807622232558
241,2018-03-24 19:00:00,56.9574834562083,39.517875929341294,59.0123839410611,56.9574834562083,56.9574834562083,0.0,0.0,0.0,0.0,0.0,0.0,0.0,0.0,0.0,0.0,0.0,0.0,0.0,0.0,0.0,0.0,0.0,0.0,0.0,0.0,0.0,0.0,0.0,0.0,0.0,0.0,0.0,0.0,0.0,0.0,-7.670842094436665,-7.670842094436665,-7.670842094436665,6.365204790095144,6.365204790095144,6.365204790095144,1.2682140231988264,1.2682140231988264,1.2682140231988264,-0.5398349973484008,-0.5398349973484008,-0.5398349973484008,-2.6725171359453213,-2.6725171359453213,-2.6725171359453213,0.0,0.0,0.0,0.7671886983153761,0.7671886983153761,0.7671886983153761,2.97341979984728,2.97341979984728,2.97341979984728,0.5291769769820067,0.5291769769820067,0.5291769769820067,0.6528286091820857,0.6528286091820857,0.6528286091820857,-6.375850517342929,-6.375850517342929,-6.375850517342929,-4.058145968928654,-4.058145968928654,-4.058145968928654,-7.12036136984048,-7.12036136984048,-7.12036136984048,0.0,0.0,0.0,49.286641361771636
242,2018-03-24 20:00:00,56.9571689310275,37.427061175016405,57.63629686868383,56.9571689310275,56.9571689310275,0.0,0.0,0.0,0.0,0.0,0.0,0.0,0.0,0.0,0.0,0.0,0.0,0.0,0.0,0.0,0.0,0.0,0.0,0.0,0.0,0.0,0.0,0.0,0.0,0.0,0.0,0.0,0.0,0.0,0.0,-9.55114822183333,-9.55114822183333,-9.55114822183333,4.440159561250705,4.440159561250705,4.440159561250705,1.2682140231988264,1.2682140231988264,1.2682140231988264,-0.1936287821053132,-0.1936287821053132,-0.1936287821053132,-2.6035598235733284,-2.6035598235733284,-2.6035598235733284,0.0,0.0,0.0,0.8767649513081027,0.8767649513081027,0.8767649513081027,2.8744690124039387,2.8744690124039387,2.8744690124039387,0.552396181230822,0.552396181230822,0.552396181230822,0.6407452462856214,0.6407452462856214,0.6407452462856214,-6.674097655694356,-6.674097655694356,-6.674097655694356,-3.802658372959296,-3.802658372959296,-3.802658372959296,-7.123581345284368,-7.123581345284368,-7.123581345284368,0.0,0.0,0.0,47.40602070919417
243,2018-03-24 21:00:00,56.956854405846705,33.07137801285606,53.46367059661295,56.956854405846705,56.956854405846705,0.0,0.0,0.0,0.0,0.0,0.0,0.0,0.0,0.0,0.0,0.0,0.0,0.0,0.0,0.0,0.0,0.0,0.0,0.0,0.0,0.0,0.0,0.0,0.0,0.0,0.0,0.0,0.0,0.0,0.0,-13.322678713067935,-13.322678713067935,-13.322678713067935,1.2959076922577042,1.2959076922577042,1.2959076922577042,1.2682140231988264,1.2682140231988264,1.2682140231988264,-0.5366250905087582,-0.5366250905087582,-0.5366250905087582,-2.6406906840813247,-2.6406906840813247,-2.6406906840813247,0.0,0.0,0.0,0.9863412043008292,0.9863412043008292,0.9863412043008292,2.4273184269843013,2.4273184269843013,2.4273184269843013,0.5782945244314237,0.5782945244314237,0.5782945244314237,0.3984583287206181,0.3984583287206181,0.3984583287206181,-6.955141523479137,-6.955141523479137,-6.955141523479137,-3.554560914063432,-3.554560914063432,-3.554560914063432,-7.126819791337744,-7.126819791337744,-7.126819791337744,0.0,0.0,0.0,43.63417569277877
244,2018-03-24 22:00:00,56.95653988066591,29.29146956263997,49.63464483038598,56.95653988066591,56.95653988066591,0.0,0.0,0.0,0.0,0.0,0.0,0.0,0.0,0.0,0.0,0.0,0.0,0.0,0.0,0.0,0.0,0.0,0.0,0.0,0.0,0.0,0.0,0.0,0.0,0.0,0.0,0.0,0.0,0.0,0.0,-17.106087227135063,-17.106087227135063,-17.106087227135063,-1.7550365263519403,-1.7550365263519403,-1.7550365263519403,1.2682140231988264,1.2682140231988264,1.2682140231988264,-1.004286137535764,-1.004286137535764,-1.004286137535764,-2.711769759910917,-2.711769759910917,-2.711769759910917,0.0,0.0,0.0,1.0959174572935557,1.0959174572935557,1.0959174572935557,1.977493495958086,1.977493495958086,1.977493495958086,0.5961554507766663,0.5961554507766663,0.5961554507766663,0.06508144470534502,0.06508144470534502,0.06508144470534502,-7.2166879317437,-7.2166879317437,-7.2166879317437,-3.2953782495573263,-3.2953782495573263,-3.2953782495573263,-7.130076631503659,-7.130076631503659,-7.130076631503659,0.0,0.0,0.0,39.850452653530844
245,2018-03-24 23:00:00,56.95622535548511,27.018243823955224,46.3537441704812,56.95622535548511,56.95622535548511,0.0,0.0,0.0,0.0,0.0,0.0,0.0,0.0,0.0,0.0,0.0,0.0,0.0,0.0,0.0,0.0,0.0,0.0,0.0,0.0,0.0,0.0,0.0,0.0,0.0,0.0,0.0,0.0,0.0,0.0,-19.958824959218163,-19.958824959218163,-19.958824959218163,-4.006943745392871,-4.006943745392871,-4.006943745392871,1.2682140231988264,1.2682140231988264,1.2682140231988264,-1.361999160209821,-1.361999160209821,-1.361999160209821,-2.6401602432169247,-2.6401602432169247,-2.6401602432169247,0.0,0.0,0.0,1.2054937102862824,1.2054937102862824,1.2054937102862824,1.4442289820066758,1.4442289820066758,1.4442289820066758,0.6113372381701224,0.6113372381701224,0.6113372381701224,-0.2972645272796567,-0.2972645272796567,-0.2972645272796567,-7.456530265689965,-7.456530265689965,-7.456530265689965,-2.953848343375147,-2.953848343375147,-2.953848343375147,-7.133351787925507,-7.133351787925507,-7.133351787925507,0.0,0.0,0.0,36.99740039626695
246,2018-03-25 00:00:00,56.95591083030431,24.3130596060431,43.898327447026396,56.95591083030431,56.95591083030431,0.0,0.0,0.0,0.0,0.0,0.0,0.0,0.0,0.0,0.0,0.0,0.0,0.0,0.0,0.0,0.0,0.0,0.0,0.0,0.0,0.0,0.0,0.0,0.0,0.0,0.0,0.0,0.0,0.0,0.0,-22.447464933923307,-22.447464933923307,-22.447464933923307,-5.57873825596201,-5.57873825596201,-5.57873825596201,2.114198388819019,2.114198388819019,2.114198388819019,-2.0595096317219563,-2.0595096317219563,-2.0595096317219563,-2.6215948129629267,-2.6215948129629267,-2.6215948129629267,0.0,0.0,0.0,0.00015492736628999594,0.00015492736628999594,0.00015492736628999594,1.1468417505553379,1.1468417505553379,1.1468417505553379,0.6291981645153649,0.6291981645153649,0.6291981645153649,-0.621501431668117,-0.621501431668117,-0.621501431668117,-7.672571864852138,-7.672571864852138,-7.672571864852138,-2.706806618346924,-2.706806618346924,-2.706806618346924,-7.136645181387202,-7.136645181387202,-7.136645181387202,0.0,0.0,0.0,34.508445896381005
247,2018-03-25 01:00:00,56.955596305123514,21.424173435722555,41.5642683395235,56.955596305123514,56.955596305123514,0.0,0.0,0.0,0.0,0.0,0.0,0.0,0.0,0.0,0.0,0.0,0.0,0.0,0.0,0.0,0.0,0.0,0.0,0.0,0.0,0.0,0.0,0.0,0.0,0.0,0.0,0.0,0.0,0.0,0.0,-25.337610443143458,-25.337610443143458,-25.337610443143458,-6.834466028450637,-6.834466028450637,-6.834466028450637,2.114198388819019,2.114198388819019,2.114198388819019,-3.500340063705031,-3.500340063705031,-3.500340063705031,-2.5377851563877356,-2.5377851563877356,-2.5377851563877356,0.0,0.0,0.0,-1.2051838555537024,-1.2051838555537024,-1.2051838555537024,0.7745728421198497,0.7745728421198497,0.7745728421198497,0.6318773034671514,0.6318773034671514,0.6318773034671514,-0.8272284307258692,-0.8272284307258692,-0.8272284307258692,-7.862847619670917,-7.862847619670917,-7.862847619670917,-2.4507911554437447,-2.4507911554437447,-2.4507911554437447,-7.139956731316874,-7.139956731316874,-7.139956731316874,0.0,0.0,0.0,31.617985861980056
248,2018-03-25 02:00:00,56.955281779942716,21.084573261471316,41.06733257893637,56.955281779942716,56.955281779942716,0.0,0.0,0.0,0.0,0.0,0.0,0.0,0.0,0.0,0.0,0.0,0.0,0.0,0.0,0.0,0.0,0.0,0.0,0.0,0.0,0.0,0.0,0.0,0.0,0.0,0.0,0.0,0.0,0.0,0.0,-25.91548989603494,-25.91548989603494,-25.91548989603494,-7.697103004479216,-7.697103004479216,-7.697103004479216,2.114198388819019,2.114198388819019,2.114198388819019,-3.0495559962400813,-3.0495559962400813,-3.0495559962400813,-2.5648376404721325,-2.5648376404721325,-2.5648376404721325,0.0,0.0,0.0,-1.095607602560976,-1.095607602560976,-1.095607602560976,0.9344987093931414,0.9344987093931414,0.9344987093931414,0.6332168729430445,0.6332168729430445,0.6332168729430445,-0.9585962734976868,-0.9585962734976868,-0.9585962734976868,-8.02554453953173,-8.02554453953173,-8.02554453953173,-2.112428450864491,-2.112428450864491,-2.112428450864491,-7.143286355783912,-7.143286355783912,-7.143286355783912,0.0,0.0,0.0,31.039791883907775
249,2018-03-25 03:00:00,56.95496725476191,20.93633282757954,40.70288074193895,56.95496725476191,56.95496725476191,0.0,0.0,0.0,0.0,0.0,0.0,0.0,0.0,0.0,0.0,0.0,0.0,0.0,0.0,0.0,0.0,0.0,0.0,0.0,0.0,0.0,0.0,0.0,0.0,0.0,0.0,0.0,0.0,0.0,0.0,-25.71167077485712,-25.71167077485712,-25.71167077485712,-7.583457268752863,-7.583457268752863,-7.583457268752863,2.114198388819019,2.114198388819019,2.114198388819019,-2.822558478297786,-2.822558478297786,-2.822558478297786,-2.6311427485221257,-2.6311427485221257,-2.6311427485221257,0.0,0.0,0.0,-0.9860313495682492,-0.9860313495682492,-0.9860313495682492,0.9216618504815727,0.9216618504815727,0.9216618504815727,0.6327703497844135,0.6327703497844135,0.6327703497844135,-0.9970151709120862,-0.9970151709120862,-0.9970151709120862,-8.159021056300354,-8.159021056300354,-8.159021056300354,-1.8769997983803304,-1.8769997983803304,-1.8769997983803304,-7.146633971506115,-7.146633971506115,-7.146633971506115,0.0,0.0,0.0,31.243296479904792
250,2018-03-25 04:00:00,56.95465272958111,23.573761136782164,43.472216382996855,56.95465272958111,56.95465272958111,0.0,0.0,0.0,0.0,0.0,0.0,0.0,0.0,0.0,0.0,0.0,0.0,0.0,0.0,0.0,0.0,0.0,0.0,0.0,0.0,0.0,0.0,0.0,0.0,0.0,0.0,0.0,0.0,0.0,0.0,-23.060854598735585,-23.060854598735585,-23.060854598735585,-6.007462553102313,-6.007462553102313,-6.007462553102313,2.114198388819019,2.114198388819019,2.114198388819019,-1.6415677110795948,-1.6415677110795948,-1.6415677110795948,-2.5409678015741353,-2.5409678015741353,-2.5409678015741353,0.0,0.0,0.0,-0.8764550965755226,-0.8764550965755226,-0.8764550965755226,1.452252018826406,1.452252018826406,1.452252018826406,0.6323238266257825,0.6323238266257825,0.6323238266257825,-0.9486817193262288,-0.9486817193262288,-0.9486817193262288,-8.261824840706895,-8.261824840706895,-8.261824840706895,-1.474237327874916,-1.474237327874916,-1.474237327874916,-7.149999493846783,-7.149999493846783,-7.149999493846783,0.0,0.0,0.0,33.893798130845525
251,2018-03-25 05:00:00,56.954338204400315,27.87946625552982,46.971088393550914,56.954338204400315,56.954338204400315,0.0,0.0,0.0,0.0,0.0,0.0,0.0,0.0,0.0,0.0,0.0,0.0,0.0,0.0,0.0,0.0,0.0,0.0,0.0,0.0,0.0,0.0,0.0,0.0,0.0,0.0,0.0,0.0,0.0,0.0,-19.47816222072718,-19.47816222072718,-19.47816222072718,-3.2057849571096,-3.2057849571096,-3.2057849571096,2.114198388819019,2.114198388819019,2.114198388819019,-0.7862855028405815,-0.7862855028405815,-0.7862855028405815,-2.4592799084565433,-2.4592799084565433,-2.4592799084565433,0.0,0.0,0.0,-0.766878843582796,-0.766878843582796,-0.766878843582796,1.7025707676019928,1.7025707676019928,1.7025707676019928,0.6287516413567339,0.6287516413567339,0.6287516413567339,-0.8534090503348752,-0.8534090503348752,-0.8534090503348752,-8.332708923959503,-8.332708923959503,-8.332708923959503,-1.1522384982441132,-1.1522384982441132,-1.1522384982441132,-7.153382836817498,-7.153382836817498,-7.153382836817498,0.0,0.0,0.0,37.47617598367313
252,2018-03-25 06:00:00,56.95402367921952,30.621037389810628,50.750885282727744,56.95402367921952,56.95402367921952,0.0,0.0,0.0,0.0,0.0,0.0,0.0,0.0,0.0,0.0,0.0,0.0,0.0,0.0,0.0,0.0,0.0,0.0,0.0,0.0,0.0,0.0,0.0,0.0,0.0,0.0,0.0,0.0,0.0,0.0,-16.168400955896622,-16.168400955896622,-16.168400955896622,-0.12449595197189678,-0.12449595197189678,-0.12449595197189678,2.114198388819019,2.114198388819019,2.114198388819019,-0.5164751555417297,-0.5164751555417297,-0.5164751555417297,-2.449731972897345,-2.449731972897345,-2.449731972897345,0.0,0.0,0.0,-0.6573025905900695,-0.6573025905900695,-0.6573025905900695,1.7544530723695826,1.7544530723695826,1.7544530723695826,0.6104441918528604,0.6104441918528604,0.6104441918528604,-0.8191728554615596,-0.8191728554615596,-0.8191728554615596,-8.370645935305157,-8.370645935305157,-8.370645935305157,-1.0693633896342178,-1.0693633896342178,-1.0693633896342178,-7.156783913077835,-7.156783913077835,-7.156783913077835,0.0,0.0,0.0,40.785622723322895
253,2018-03-25 07:00:00,56.95370915403872,33.481510508791224,54.087749053974086,56.95370915403872,56.95370915403872,0.0,0.0,0.0,0.0,0.0,0.0,0.0,0.0,0.0,0.0,0.0,0.0,0.0,0.0,0.0,0.0,0.0,0.0,0.0,0.0,0.0,0.0,0.0,0.0,0.0,0.0,0.0,0.0,0.0,0.0,-13.539491798103958,-13.539491798103958,-13.539491798103958,2.2391070711602903,2.2391070711602903,2.2391070711602903,2.114198388819019,2.114198388819019,2.114198388819019,-0.243555949349593,-0.243555949349593,-0.243555949349593,-2.4815584247613414,-2.4815584247613414,-2.4815584247613414,0.0,0.0,0.0,-0.5477263375973429,-0.5477263375973429,-0.5477263375973429,1.882821661485268,1.882821661485268,1.882821661485268,0.40057830729626037,0.40057830729626037,0.40057830729626037,-0.5514798928321953,-0.5514798928321953,-0.5514798928321953,-8.374840285972121,-8.374840285972121,-8.374840285972121,-1.060389651759261,-1.060389651759261,-1.060389651759261,-7.160202633942532,-7.160202633942532,-7.160202633942532,0.0,0.0,0.0,43.41421735593476
254,2018-03-25 08:00:00,56.95339462885792,34.720048547352306,55.14922607890329,56.95339462885792,56.95339462885792,0.0,0.0,0.0,0.0,0.0,0.0,0.0,0.0,0.0,0.0,0.0,0.0,0.0,0.0,0.0,0.0,0.0,0.0,0.0,0.0,0.0,0.0,0.0,0.0,0.0,0.0,0.0,0.0,0.0,0.0,-11.9951247032809,-11.9951247032809,-11.9951247032809,3.500185428431773,3.500185428431773,3.500185428431773,2.114198388819019,2.114198388819019,2.114198388819019,0.013066930328406367,0.013066930328406367,0.013066930328406367,-2.429044779185747,-2.429044779185747,-2.429044779185747,0.0,0.0,0.0,-0.4381500846046163,-0.4381500846046163,-0.4381500846046163,1.9288204059183887,1.9288204059183887,1.9288204059183887,0.05809504462623466,0.05809504462623466,0.05809504462623466,-0.2084982844633224,-0.2084982844633224,-0.2084982844633224,-8.344738152664245,-8.344738152664245,-8.344738152664245,-1.012353760781551,-1.012353760781551,-1.012353760781551,-7.163638909376835,-7.163638909376835,-7.163638909376835,0.0,0.0,0.0,44.95826992557702
255,2018-03-25 09:00:00,56.953080103677124,34.61410922200543,55.605715450151905,56.953080103677124,56.953080103677124,0.0,0.0,0.0,0.0,0.0,0.0,0.0,0.0,0.0,0.0,0.0,0.0,0.0,0.0,0.0,0.0,0.0,0.0,0.0,0.0,0.0,0.0,0.0,0.0,0.0,0.0,0.0,0.0,0.0,0.0,-11.790939428866016,-11.790939428866016,-11.790939428866016,3.935010675856603,3.935010675856603,3.935010675856603,2.114198388819019,2.114198388819019,2.114198388819019,-0.2788223191467019,-0.2788223191467019,-0.2788223191467019,-2.4316969835077464,-2.4316969835077464,-2.4316969835077464,0.0,0.0,0.0,-0.32857383161188974,-0.32857383161188974,-0.32857383161188974,1.5586909739681623,1.5586909739681623,1.5586909739681623,-0.20267448001430646,-0.20267448001430646,-0.20267448001430646,0.013030035305190864,0.013030035305190864,0.013030035305190864,-8.280035137572627,-8.280035137572627,-8.280035137572627,-1.0017964221051312,-1.0017964221051312,-1.0017964221051312,-7.1670926480032895,-7.1670926480032895,-7.1670926480032895,0.0,0.0,0.0,45.162140674811106
256,2018-03-25 10:00:00,56.952765578496326,34.74074056398563,54.4670364426168,56.952765578496326,56.952765578496326,0.0,0.0,0.0,0.0,0.0,0.0,0.0,0.0,0.0,0.0,0.0,0.0,0.0,0.0,0.0,0.0,0.0,0.0,0.0,0.0,0.0,0.0,0.0,0.0,0.0,0.0,0.0,0.0,0.0,0.0,-12.107998489223663,-12.107998489223663,-12.107998489223663,3.9430984444829464,3.9430984444829464,3.9430984444829464,2.114198388819019,2.114198388819019,2.114198388819019,-0.699851668861659,-0.699851668861659,-0.699851668861659,-2.389261714355751,-2.389261714355751,-2.389261714355751,0.0,0.0,0.0,-0.2189975786191632,-0.2189975786191632,-0.2189975786191632,1.1869569346539894,1.1869569346539894,1.1869569346539894,-0.39959119297060547,-0.39959119297060547,-0.39959119297060547,0.0608987421642612,0.0608987421642612,0.0608987421642612,-8.180681507745197,-8.180681507745197,-8.180681507745197,-1.0540552485534092,-1.0540552485534092,-1.0540552485534092,-7.170563757099755,-7.170563757099755,-7.170563757099755,0.0,0.0,0.0,44.844767089272665
257,2018-03-25 11:00:00,56.95245105331553,35.32750641950791,54.79360498636859,56.95245105331553,56.95245105331553,0.0,0.0,0.0,0.0,0.0,0.0,0.0,0.0,0.0,0.0,0.0,0.0,0.0,0.0,0.0,0.0,0.0,0.0,0.0,0.0,0.0,0.0,0.0,0.0,0.0,0.0,0.0,0.0,0.0,0.0,-12.128992675858004,-12.128992675858004,-12.128992675858004,3.551901036261053,3.551901036261053,3.551901036261053,2.114198388819019,2.114198388819019,2.114198388819019,-0.45995662618256666,-0.45995662618256666,-0.45995662618256666,-2.4332883061009465,-2.4332883061009465,-2.4332883061009465,0.0,0.0,0.0,-0.10942132562643657,-0.10942132562643657,-0.10942132562643657,1.2832333764907535,1.2832333764907535,1.2832333764907535,-0.4308478140747799,-0.4308478140747799,-0.4308478140747799,0.0773197225107384,0.0773197225107384,0.0773197225107384,-8.04688494333241,-8.04688494333241,-8.04688494333241,-0.9611506682009152,-0.9611506682009152,-0.9611506682009152,-7.174052142604082,-7.174052142604082,-7.174052142604082,0.0,0.0,0.0,44.82345837745753
258,2018-03-25 12:00:00,56.95213652813473,34.17242722140327,53.565360529898534,56.95213652813473,56.95213652813473,0.0,0.0,0.0,0.0,0.0,0.0,0.0,0.0,0.0,0.0,0.0,0.0,0.0,0.0,0.0,0.0,0.0,0.0,0.0,0.0,0.0,0.0,0.0,0.0,0.0,0.0,0.0,0.0,0.0,0.0,-13.173584605682187,-13.173584605682187,-13.173584605682187,2.520369967999914,2.520369967999914,2.520369967999914,2.114198388819019,2.114198388819019,2.114198388819019,-0.6372861125650962,-0.6372861125650962,-0.6372861125650962,-2.3977487681861502,-2.3977487681861502,-2.3977487681861502,0.0,0.0,0.0,0.00015492736628999594,0.00015492736628999594,0.00015492736628999594,1.1602134785882217,1.1602134785882217,1.1602134785882217,-0.4228103972194208,-0.4228103972194208,-0.4228103972194208,0.05408248617138388,0.05408248617138388,0.05408248617138388,-7.879110752000929,-7.879110752000929,-7.879110752000929,-1.1453762281044402,-1.1453762281044402,-1.1453762281044402,-7.177557709116075,-7.177557709116075,-7.177557709116075,0.0,0.0,0.0,43.77855192245254
259,2018-03-25 13:00:00,56.95182200295393,31.913394818371874,51.02015869811659,56.95182200295393,56.95182200295393,0.0,0.0,0.0,0.0,0.0,0.0,0.0,0.0,0.0,0.0,0.0,0.0,0.0,0.0,0.0,0.0,0.0,0.0,0.0,0.0,0.0,0.0,0.0,0.0,0.0,0.0,0.0,0.0,0.0,0.0,-15.308516628429041,-15.308516628429041,-15.308516628429041,0.9240689504913094,0.9240689504913094,0.9240689504913094,2.114198388819019,2.114198388819019,2.114198388819019,-1.3734256835942715,-1.3734256835942715,-1.3734256835942715,-2.4698887257445423,-2.4698887257445423,-2.4698887257445423,0.0,0.0,0.0,0.10973118035901656,0.10973118035901656,0.10973118035901656,0.8061301202774558,0.8061301202774558,0.8061301202774558,-0.42950824459888676,-0.42950824459888676,-0.42950824459888676,-0.12856219145594278,-0.12856219145594278,-0.12856219145594278,-7.678079535430001,-7.678079535430001,-7.678079535430001,-1.3755262112503912,-1.3755262112503912,-1.3755262112503912,-7.181080359896079,-7.181080359896079,-7.181080359896079,0.0,0.0,0.0,41.64330537452489
260,2018-03-25 14:00:00,56.95150747777313,29.903780664307416,49.51291941691163,56.95150747777313,56.95150747777313,0.0,0.0,0.0,0.0,0.0,0.0,0.0,0.0,0.0,0.0,0.0,0.0,0.0,0.0,0.0,0.0,0.0,0.0,0.0,0.0,0.0,0.0,0.0,0.0,0.0,0.0,0.0,0.0,0.0,0.0,-16.887279325664753,-16.887279325664753,-16.887279325664753,-0.467677985637105,-0.467677985637105,-0.467677985637105,2.114198388819019,2.114198388819019,2.114198388819019,-1.790219021249395,-1.790219021249395,-1.790219021249395,-2.504897822794939,-2.504897822794939,-2.504897822794939,0.0,0.0,0.0,0.21930743335174316,0.21930743335174316,0.21930743335174316,0.7574570302377583,0.7574570302377583,0.7574570302377583,-0.3567249697420234,-0.3567249697420234,-0.3567249697420234,-0.3014472298207405,-0.3014472298207405,-0.3014472298207405,-7.44476232190535,-7.44476232190535,-7.44476232190535,-1.7181118513002127,-1.7181118513002127,-1.7181118513002127,-7.184619996872904,-7.184619996872904,-7.184619996872904,0.0,0.0,0.0,40.06422815210837
261,2018-03-25 15:00:00,56.95119295259233,29.725647262217443,49.34472700761249,56.95119295259233,56.95119295259233,0.0,0.0,0.0,0.0,0.0,0.0,0.0,0.0,0.0,0.0,0.0,0.0,0.0,0.0,0.0,0.0,0.0,0.0,0.0,0.0,0.0,0.0,0.0,0.0,0.0,0.0,0.0,0.0,0.0,0.0,-17.013127814154725,-17.013127814154725,-17.013127814154725,-0.5658118832984952,-0.5658118832984952,-0.5658118832984952,2.114198388819019,2.114198388819019,2.114198388819019,-2.078766202387054,-2.078766202387054,-2.078766202387054,-2.5658985222009325,-2.5658985222009325,-2.5658985222009325,0.0,0.0,0.0,0.32888368634446974,0.32888368634446974,0.32888368634446974,0.7371320036277748,0.7371320036277748,0.7371320036277748,-0.39512596138429495,-0.39512596138429495,-0.39512596138429495,-0.3892839831835007,-0.3892839831835007,-0.3892839831835007,-7.180373207827556,-7.180373207827556,-7.180373207827556,-1.9086718144095893,-1.9086718144095893,-1.9086718144095893,-7.188176520641622,-7.188176520641622,-7.188176520641622,0.0,0.0,0.0,39.93806513843761
262,2018-03-25 16:00:00,56.95087842741154,31.703452719906892,51.98796066264656,56.95087842741154,56.95087842741154,0.0,0.0,0.0,0.0,0.0,0.0,0.0,0.0,0.0,0.0,0.0,0.0,0.0,0.0,0.0,0.0,0.0,0.0,0.0,0.0,0.0,0.0,0.0,0.0,0.0,0.0,0.0,0.0,0.0,0.0,-14.667419823561751,-14.667419823561751,-14.667419823561751,1.1254858516197024,1.1254858516197024,1.1254858516197024,2.114198388819019,2.114198388819019,2.114198388819019,-1.7147962655611981,-1.7147962655611981,-1.7147962655611981,-2.6040902644377284,-2.6040902644377284,-2.6040902644377284,0.0,0.0,0.0,0.4384599393371963,0.4384599393371963,0.4384599393371963,0.8013162981856176,0.8013162981856176,0.8013162981856176,-0.2897464959473639,-0.2897464959473639,-0.2897464959473639,-0.3881995788209974,-0.3881995788209974,-0.3881995788209974,-6.8863595791524155,-6.8863595791524155,-6.8863595791524155,-1.7867345526969414,-1.7867345526969414,-1.7867345526969414,-7.191749830467843,-7.191749830467843,-7.191749830467843,0.0,0.0,0.0,42.28345860384979
263,2018-03-25 17:00:00,56.95056390223074,36.410829954437055,57.137735841379325,56.95056390223074,56.95056390223074,0.0,0.0,0.0,0.0,0.0,0.0,0.0,0.0,0.0,0.0,0.0,0.0,0.0,0.0,0.0,0.0,0.0,0.0,0.0,0.0,0.0,0.0,0.0,0.0,0.0,0.0,0.0,0.0,0.0,0.0,-9.69646262623765,-9.69646262623765,-9.69646262623765,3.885263666793081,3.885263666793081,3.885263666793081,2.114198388819019,2.114198388819019,2.114198388819019,0.17800354177247119,0.17800354177247119,0.17800354177247119,-2.517628403540537,-2.517628403540537,-2.517628403540537,0.0,0.0,0.0,0.5480361923299228,0.5480361923299228,0.5480361923299228,1.6292936979817891,1.6292936979817891,1.6292936979817891,-0.031656110258609114,-0.031656110258609114,-0.031656110258609114,-0.2531137782348831,-0.2531137782348831,-0.2531137782348831,-6.564390010514921,-6.564390010514921,-6.564390010514921,-1.3111264453242306,-1.3111264453242306,-1.3111264453242306,-7.195339824288284,-7.195339824288284,-7.195339824288284,0.0,0.0,0.0,47.254101275993094
264,2018-03-25 18:00:00,57.08143845464111,42.93098467504747,63.07111687568859,57.08143845464111,57.08143845464111,0.0,0.0,0.0,0.0,0.0,0.0,0.0,0.0,0.0,0.0,0.0,0.0,0.0,0.0,0.0,0.0,0.0,0.0,0.0,0.0,0.0,0.0,0.0,0.0,0.0,0.0,0.0,0.0,0.0,0.0,-3.79196411464394,-3.79196411464394,-3.79196411464394,6.1506681439865325,6.1506681439865325,6.1506681439865325,2.152714734844199,2.152714734844199,2.152714734844199,3.3782001272016653,3.3782001272016653,3.3782001272016653,-2.045212887321662,-2.045212887321662,-2.045212887321662,0.0,0.0,0.0,0.5662643607590173,0.5662643607590173,0.5662643607590173,2.856500733933402,2.856500733933402,2.856500733933402,0.3539342798301614,0.3539342798301614,0.3539342798301614,0.13990068691218818,0.13990068691218818,0.13990068691218818,-6.230326125602387,-6.230326125602387,-6.230326125602387,-0.6459017817556408,-0.6459017817556408,-0.6459017817556408,-7.09050626022975,-7.09050626022975,-7.09050626022975,0.0,0.0,0.0,53.28947433999717
265,2018-03-25 19:00:00,57.081147945207206,45.80500334180027,65.27273769240048,57.081147945207206,57.081147945207206,0.0,0.0,0.0,0.0,0.0,0.0,0.0,0.0,0.0,0.0,0.0,0.0,0.0,0.0,0.0,0.0,0.0,0.0,0.0,0.0,0.0,0.0,0.0,0.0,0.0,0.0,0.0,0.0,0.0,0.0,-1.5392284624773431,-1.5392284624773431,-1.5392284624773431,6.418428958252637,6.418428958252637,6.418428958252637,2.152714734844199,2.152714734844199,2.152714734844199,4.996205423624719,4.996205423624719,4.996205423624719,-2.00931524259226,-2.00931524259226,-2.00931524259226,0.0,0.0,0.0,0.6606195386257364,0.6606195386257364,0.6606195386257364,3.6010621945072536,3.6010621945072536,3.6010621945072536,0.49029547973257853,0.49029547973257853,0.49029547973257853,0.5197206164725747,0.5197206164725747,0.5197206164725747,-5.859848300825192,-5.859848300825192,-5.859848300825192,-0.4188918979653634,-0.4188918979653634,-0.4188918979653634,-7.094014543529507,-7.094014543529507,-7.094014543529507,0.0,0.0,0.0,55.54191948272987
266,2018-03-25 20:00:00,57.080857435773304,42.620588802907875,62.541034097309634,57.080857435773304,57.080857435773304,0.0,0.0,0.0,0.0,0.0,0.0,0.0,0.0,0.0,0.0,0.0,0.0,0.0,0.0,0.0,0.0,0.0,0.0,0.0,0.0,0.0,0.0,0.0,0.0,0.0,0.0,0.0,0.0,0.0,0.0,-3.9830809076425635,-3.9830809076425635,-3.9830809076425635,4.53241557804625,4.53241557804625,4.53241557804625,2.152714734844199,2.152714734844199,2.152714734844199,4.049513817565686,4.049513817565686,4.049513817565686,-2.0966483185757303,-2.0966483185757303,-2.0966483185757303,0.0,0.0,0.0,0.7549747164924555,0.7549747164924555,0.7549747164924555,2.9976924313575632,2.9976924313575632,2.9976924313575632,0.5291237536030974,0.5291237536030974,0.5291237536030974,0.3872361792512238,0.3872361792512238,0.3872361792512238,-5.467468582694359,-5.467468582694359,-5.467468582694359,-0.6755796794071219,-0.6755796794071219,-0.6755796794071219,-7.097541720560139,-7.097541720560139,-7.097541720560139,0.0,0.0,0.0,53.09777652813074
267,2018-03-25 21:00:00,57.080566926339394,37.160843629951486,57.969940168389634,57.080566926339394,57.080566926339394,0.0,0.0,0.0,0.0,0.0,0.0,0.0,0.0,0.0,0.0,0.0,0.0,0.0,0.0,0.0,0.0,0.0,0.0,0.0,0.0,0.0,0.0,0.0,0.0,0.0,0.0,0.0,0.0,0.0,0.0,-8.641639855708885,-8.641639855708885,-8.641639855708885,1.4363479547379618,1.4363479547379618,1.4363479547379618,2.152714734844199,2.152714734844199,2.152714734844199,2.078656810308081,2.078656810308081,2.078656810308081,-2.327571973476807,-2.327571973476807,-2.327571973476807,0.0,0.0,0.0,0.8493298943591746,0.8493298943591746,0.8493298943591746,1.7301400016732436,1.7301400016732436,1.7301400016732436,0.5624051312063992,0.5624051312063992,0.5624051312063992,0.12304754295470184,0.12304754295470184,0.12304754295470184,-5.055556933619036,-5.055556933619036,-5.055556933619036,-1.0114085212528305,-1.0114085212528305,-1.0114085212528305,-7.10108768713589,-7.10108768713589,-7.10108768713589,0.0,0.0,0.0,48.43892707063051
268,2018-03-25 22:00:00,57.0802764169055,34.49481353758724,54.97258856721814,57.0802764169055,57.0802764169055,0.0,0.0,0.0,0.0,0.0,0.0,0.0,0.0,0.0,0.0,0.0,0.0,0.0,0.0,0.0,0.0,0.0,0.0,0.0,0.0,0.0,0.0,0.0,0.0,0.0,0.0,0.0,0.0,0.0,0.0,-12.191430439649139,-12.191430439649139,-12.191430439649139,-1.603834532898098,-1.603834532898098,-1.603834532898098,2.152714734844199,2.152714734844199,2.152714734844199,1.1436723521597403,1.1436723521597403,1.1436723521597403,-2.3559686178149906,-2.3559686178149906,-2.3559686178149906,0.0,0.0,0.0,0.9436850722258936,0.9436850722258936,0.9436850722258936,1.0945129593367597,1.0945129593367597,1.0945129593367597,0.5864416816976727,0.5864416816976727,0.5864416816976727,-0.2522470053578411,-0.2522470053578411,-0.2522470053578411,-4.626615921245823,-4.626615921245823,-4.626615921245823,-1.0254664727719534,-1.0254664727719534,-1.0254664727719534,-7.10465233766496,-7.10465233766496,-7.10465233766496,0.0,0.0,0.0,44.88884597725636
269,2018-03-25 23:00:00,57.079985907471595,33.02301314761319,52.57276416960965,57.079985907471595,57.079985907471595,0.0,0.0,0.0,0.0,0.0,0.0,0.0,0.0,0.0,0.0,0.0,0.0,0.0,0.0,0.0,0.0,0.0,0.0,0.0,0.0,0.0,0.0,0.0,0.0,0.0,0.0,0.0,0.0,0.0,0.0,-14.461357521809388,-14.461357521809388,-14.461357521809388,-3.9113970324532596,-3.9113970324532596,-3.9113970324532596,2.152714734844199,2.152714734844199,2.152714734844199,0.7415333976082906,0.7415333976082906,0.7415333976082906,-2.330786687930186,-2.330786687930186,-2.330786687930186,0.0,0.0,0.0,1.0380402500926127,1.0380402500926127,1.0380402500926127,0.8200616823212564,0.8200616823212564,0.8200616823212564,0.6100159908333449,0.6100159908333449,0.6100159908333449,-0.5719885976623735,-0.5719885976623735,-0.5719885976623735,-4.18325832181,-4.18325832181,-4.18325832181,-0.9765239748905633,-0.9765239748905633,-0.9765239748905633,-7.108235565154418,-7.108235565154418,-7.108235565154418,0.0,0.0,0.0,42.618628385662205
270,2018-03-26 00:00:00,57.07969539803769,29.658333936664306,50.12754484031251,57.07969539803769,57.07969539803769,0.0,0.0,0.0,0.0,0.0,0.0,0.0,0.0,0.0,0.0,0.0,0.0,0.0,0.0,0.0,0.0,0.0,0.0,0.0,0.0,0.0,0.0,0.0,0.0,0.0,0.0,0.0,0.0,0.0,0.0,-17.243317674462112,-17.243317674462112,-17.243317674462112,-5.589772351970911,-5.589772351970911,-5.589772351970911,1.9803039249864356,1.9803039249864356,1.9803039249864356,-0.8135243609022021,-0.8135243609022021,-0.8135243609022021,-2.409547192037978,-2.409547192037978,-2.409547192037978,0.0,0.0,0.0,0.00013329355870284106,0.00013329355870284106,0.00013329355870284106,0.7428557354151609,0.7428557354151609,0.7428557354151609,0.6192608179453732,0.6192608179453732,0.6192608179453732,-0.7762549443322774,-0.7762549443322774,-0.7762549443322774,-3.7281837003766762,-3.7281837003766762,-3.7281837003766762,-0.9702759964376197,-0.9702759964376197,-0.9702759964376197,-7.111837261212322,-7.111837261212322,-7.111837261212322,0.0,0.0,0.0,39.83637772357558
271,2018-03-26 01:00:00,57.07940488860379,27.528905276051137,46.31688474950999,57.07940488860379,57.07940488860379,0.0,0.0,0.0,0.0,0.0,0.0,0.0,0.0,0.0,0.0,0.0,0.0,0.0,0.0,0.0,0.0,0.0,0.0,0.0,0.0,0.0,0.0,0.0,0.0,0.0,0.0,0.0,0.0,0.0,0.0,-19.842768564173515,-19.842768564173515,-19.842768564173515,-6.9522621402821025,-6.9522621402821025,-6.9522621402821025,1.8078931151286728,1.8078931151286728,1.8078931151286728,-2.5108948895489527,-2.5108948895489527,-2.5108948895489527,-2.502773911185976,-2.502773911185976,-2.502773911185976,0.0,0.0,0.0,-1.0377736629752072,-1.0377736629752072,-1.0377736629752072,0.5678203352376433,0.5678203352376433,0.5678203352376433,0.6192608179453732,0.6192608179453732,0.6192608179453732,-0.8758133317848356,-0.8758133317848356,-0.8758133317848356,-3.2641542182910297,-3.2641542182910297,-3.2641542182910297,-1.0895082519146233,-1.0895082519146233,-1.0895082519146233,-7.115457316051428,-7.115457316051428,-7.115457316051428,0.0,0.0,0.0,37.23663632443028
272,2018-03-26 02:00:00,57.07911437916988,26.548902948897823,46.514875004332595,57.07911437916988,57.07911437916988,0.0,0.0,0.0,0.0,0.0,0.0,0.0,0.0,0.0,0.0,0.0,0.0,0.0,0.0,0.0,0.0,0.0,0.0,0.0,0.0,0.0,0.0,0.0,0.0,0.0,0.0,0.0,0.0,0.0,0.0,-20.52331465890226,-20.52331465890226,-20.52331465890226,-7.873959519461994,-7.873959519461994,-7.873959519461994,1.6354823052709104,1.6354823052709104,1.6354823052709104,-2.736289595133646,-2.736289595133646,-2.736289595133646,-2.5756407721292387,-2.5756407721292387,-2.5756407721292387,0.0,0.0,0.0,-0.9434184851084881,-0.9434184851084881,-0.9434184851084881,0.5424375581726257,0.5424375581726257,0.5424375581726257,0.6192608179453732,0.6192608179453732,0.6192608179453732,-0.8853322371682306,-0.8853322371682306,-0.8853322371682306,-2.793969925817719,-2.793969925817719,-2.793969925817719,-1.1290787821165982,-1.1290787821165982,-1.1290787821165982,-7.119095618488903,-7.119095618488903,-7.119095618488903,0.0,0.0,0.0,36.555799720267615
273,2018-03-26 03:00:00,57.07882386973598,27.26385958708579,47.08038813542326,57.07882386973598,57.07882386973598,0.0,0.0,0.0,0.0,0.0,0.0,0.0,0.0,0.0,0.0,0.0,0.0,0.0,0.0,0.0,0.0,0.0,0.0,0.0,0.0,0.0,0.0,0.0,0.0,0.0,0.0,0.0,0.0,0.0,0.0,-19.998096554502204,-19.998096554502204,-19.998096554502204,-7.760487450946127,-7.760487450946127,-7.760487450946127,1.4630714954131474,1.4630714954131474,1.4630714954131474,-2.7944132435797786,-2.7944132435797786,-2.7944132435797786,-2.618503631507629,-2.618503631507629,-2.618503631507629,0.0,0.0,0.0,-0.849063307241769,-0.849063307241769,-0.849063307241769,0.6883885262964773,0.6883885262964773,0.6883885262964773,0.6192608179453732,0.6192608179453732,0.6192608179453732,-0.7721977059721418,-0.7721977059721418,-0.7721977059721418,-2.32044380402024,-2.32044380402024,-2.32044380402024,-1.325369438513237,-1.325369438513237,-1.325369438513237,-7.122752055956061,-7.122752055956061,-7.122752055956061,0.0,0.0,0.0,37.08072731523377
274,2018-03-26 04:00:00,57.078533360302075,30.291891504107966,50.21205177852379,57.078533360302075,57.078533360302075,0.0,0.0,0.0,0.0,0.0,0.0,0.0,0.0,0.0,0.0,0.0,0.0,0.0,0.0,0.0,0.0,0.0,0.0,0.0,0.0,0.0,0.0,0.0,0.0,0.0,0.0,0.0,0.0,0.0,0.0,-17.198707225711022,-17.198707225711022,-17.198707225711022,-6.152500489884809,-6.152500489884809,-6.152500489884809,1.2906606855553844,1.2906606855553844,1.2906606855553844,-2.0734033991819887,-2.0734033991819887,-2.0734033991819887,-2.404725120357909,-2.404725120357909,-2.404725120357909,0.0,0.0,0.0,-0.7547081293750499,-0.7547081293750499,-0.7547081293750499,1.0040868160426344,1.0040868160426344,1.0040868160426344,0.6201853006565761,0.6201853006565761,0.6201853006565761,-0.3452513923824879,-0.3452513923824879,-0.3452513923824879,-1.846376822149343,-1.846376822149343,-1.846376822149343,-1.483651559321137,-1.483651559321137,-1.483651559321137,-7.126426514494882,-7.126426514494882,-7.126426514494882,0.0,0.0,0.0,39.879826134591056
275,2018-03-26 05:00:00,57.078242850868165,35.4399698391204,55.963367014378264,57.078242850868165,57.078242850868165,0.0,0.0,0.0,0.0,0.0,0.0,0.0,0.0,0.0,0.0,0.0,0.0,0.0,0.0,0.0,0.0,0.0,0.0,0.0,0.0,0.0,0.0,0.0,0.0,0.0,0.0,0.0,0.0,0.0,0.0,-11.408762630228617,-11.408762630228617,-11.408762630228617,-3.3220157455789527,-3.3220157455789527,-3.3220157455789527,1.1182498756976214,1.1182498756976214,1.1182498756976214,0.41790526905558917,0.41790526905558917,0.41790526905558917,-1.9284115955155492,-1.9284115955155492,-1.9284115955155492,0.0,0.0,0.0,-0.6603529515083308,-0.6603529515083308,-0.6603529515083308,2.3213471841459463,2.3213471841459463,2.3213471841459463,0.6174118525229676,0.6174118525229676,0.6174118525229676,0.28284031529235004,0.28284031529235004,0.28284031529235004,-1.3745332749418369,-1.3745332749418369,-1.3745332749418369,-1.3331794115794164,-1.3331794115794164,-1.3331794115794164,-7.130118878763416,-7.130118878763416,-7.130118878763416,0.0,0.0,0.0,45.66948022063955
276,2018-03-26 06:00:00,57.07795234143427,41.328478489799735,60.62186957327742,57.07795234143427,57.07795234143427,0.0,0.0,0.0,0.0,0.0,0.0,0.0,0.0,0.0,0.0,0.0,0.0,0.0,0.0,0.0,0.0,0.0,0.0,0.0,0.0,0.0,0.0,0.0,0.0,0.0,0.0,0.0,0.0,0.0,0.0,-6.143890103942804,-6.143890103942804,-6.143890103942804,-0.22836385608381654,-0.22836385608381654,-0.22836385608381654,0.9458390658398583,0.9458390658398583,0.9458390658398583,2.125919444969571,2.125919444969571,2.125919444969571,-1.5426458611100389,-1.5426458611100389,-1.5426458611100389,0.0,0.0,0.0,-0.5659977736416116,-0.5659977736416116,-0.5659977736416116,3.3303125724803984,3.3303125724803984,3.3303125724803984,0.5508490973163639,0.5508490973163639,0.5508490973163639,0.6813859603610547,0.6813859603610547,0.6813859603610547,-0.9076166607878505,-0.9076166607878505,-0.9076166607878505,-1.273823616276454,-1.273823616276454,-1.273823616276454,-7.13382903204071,-7.13382903204071,-7.13382903204071,0.0,0.0,0.0,50.93406223749147
277,2018-03-26 07:00:00,57.077661832000366,44.385103876089346,64.71357200070516,57.077661832000366,57.077661832000366,0.0,0.0,0.0,0.0,0.0,0.0,0.0,0.0,0.0,0.0,0.0,0.0,0.0,0.0,0.0,0.0,0.0,0.0,0.0,0.0,0.0,0.0,0.0,0.0,0.0,0.0,0.0,0.0,0.0,0.0,-2.842397391022599,-2.842397391022599,-2.842397391022599,2.144783531799366,2.144783531799366,2.144783531799366,0.7734282559820961,0.7734282559820961,0.7734282559820961,2.598622289139964,2.598622289139964,2.598622289139964,-1.2158165583498146,-1.2158165583498146,-1.2158165583498146,0.0,0.0,0.0,-0.47164259577489254,-0.47164259577489254,-0.47164259577489254,3.618512853739453,3.618512853739453,3.618512853739453,0.05948653631206052,0.05948653631206052,0.05948653631206052,1.01267507722905,1.01267507722905,1.01267507722905,-0.4482463557333692,-0.4482463557333692,-0.4482463557333692,-1.1780212799979883,-1.1780212799979883,-1.1780212799979883,-7.13755685622856,-7.13755685622856,-7.13755685622856,0.0,0.0,0.0,54.235264440977765
278,2018-03-26 08:00:00,57.077371322566464,44.31069861700459,64.62025467972676,57.077371322566464,57.077371322566464,0.0,0.0,0.0,0.0,0.0,0.0,0.0,0.0,0.0,0.0,0.0,0.0,0.0,0.0,0.0,0.0,0.0,0.0,0.0,0.0,0.0,0.0,0.0,0.0,0.0,0.0,0.0,0.0,0.0,0.0,-2.310045709618174,-2.310045709618174,-2.310045709618174,3.4315714665461274,3.4315714665461274,3.4315714665461274,0.601017446124333,0.601017446124333,0.601017446124333,1.3986203816088905,1.3986203816088905,1.3986203816088905,-1.3369041360937663,-1.3369041360937663,-1.3369041360937663,0.0,0.0,0.0,-0.3772874179081735,-0.3772874179081735,-0.3772874179081735,3.3266109174917498,3.3266109174917498,3.3266109174917498,-0.7961222129061573,-0.7961222129061573,-0.7961222129061573,1.1395417997979056,1.1395417997979056,1.1395417997979056,0.0010646740823268414,0.0010646740823268414,0.0010646740823268414,-1.158236014897001,-1.158236014897001,-1.158236014897001,-7.141302231855518,-7.141302231855518,-7.141302231855518,0.0,0.0,0.0,54.76732561294829
279,2018-03-26 09:00:00,57.07708081313256,42.920353145892584,64.27444439813175,57.07708081313256,57.07708081313256,0.0,0.0,0.0,0.0,0.0,0.0,0.0,0.0,0.0,0.0,0.0,0.0,0.0,0.0,0.0,0.0,0.0,0.0,0.0,0.0,0.0,0.0,0.0,0.0,0.0,0.0,0.0,0.0,0.0,0.0,-3.1340494861413832,-3.1340494861413832,-3.1340494861413832,3.909347437301952,3.909347437301952,3.909347437301952,0.42860663626657,0.42860663626657,0.42860663626657,-0.3362627749269478,-0.3362627749269478,-0.3362627749269478,-1.7130257271391394,-1.7130257271391394,-1.7130257271391394,0.0,0.0,0.0,-0.28293224004145445,-0.28293224004145445,-0.28293224004145445,2.8739513931656018,2.8739513931656018,2.8739513931656018,-1.555584760159281,-1.555584760159281,-1.555584760159281,1.1521816577660202,1.1521816577660202,1.1521816577660202,0.4379308895641666,0.4379308895641666,0.4379308895641666,-1.2394597347852652,-1.2394597347852652,-1.2394597347852652,-7.1450650380805545,-7.1450650380805545,-7.1450650380805545,0.0,0.0,0.0,53.943031326991175
280,2018-03-26 10:00:00,57.07679030369865,43.65529417803907,64.02552440738621,57.07679030369865,57.07679030369865,0.0,0.0,0.0,0.0,0.0,0.0,0.0,0.0,0.0,0.0,0.0,0.0,0.0,0.0,0.0,0.0,0.0,0.0,0.0,0.0,0.0,0.0,0.0,0.0,0.0,0.0,0.0,0.0,0.0,0.0,-3.2694850877715744,-3.2694850877715744,-3.2694850877715744,3.9593689754928323,3.9593689754928323,3.9593689754928323,0.256195826408807,0.256195826408807,0.256195826408807,-0.9401226197240632,-0.9401226197240632,-0.9401226197240632,-1.7869641595668622,-1.7869641595668622,-1.7869641595668622,0.0,0.0,0.0,-0.18857706217473533,-0.18857706217473533,-0.18857706217473533,2.601615347572183,2.601615347572183,2.601615347572183,-1.774687162714351,-1.774687162714351,-1.774687162714351,1.0964726541287737,1.0964726541287737,1.0964726541287737,0.8601137091545363,0.8601137091545363,0.8601137091545363,-1.1441780633778782,-1.1441780633778782,-1.1441780633778782,-7.1488451526948795,-7.1488451526948795,-7.1488451526948795,0.0,0.0,0.0,53.80730521592707
281,2018-03-26 11:00:00,57.07649979426475,43.48642747806219,63.06602038722492,57.07649979426475,57.07649979426475,0.0,0.0,0.0,0.0,0.0,0.0,0.0,0.0,0.0,0.0,0.0,0.0,0.0,0.0,0.0,0.0,0.0,0.0,0.0,0.0,0.0,0.0,0.0,0.0,0.0,0.0,0.0,0.0,0.0,0.0,-4.222428266762859,-4.222428266762859,-4.222428266762859,3.5912347505039066,3.5912347505039066,3.5912347505039066,0.08378501655104433,0.08378501655104433,0.08378501655104433,-1.9265599209009496,-1.9265599209009496,-1.9265599209009496,-1.912338023248653,-1.912338023248653,-1.912338023248653,0.0,0.0,0.0,-0.09422188430801624,-0.09422188430801624,-0.09422188430801624,2.1145833126371567,2.1145833126371567,2.1145833126371567,-1.8236847464081012,-1.8236847464081012,-1.8236847464081012,0.963520074019715,0.963520074019715,0.963520074019715,1.2655393557626442,1.2655393557626442,1.2655393557626442,-1.2582036701440955,-1.2582036701440955,-1.2582036701440955,-7.15264245212846,-7.15264245212846,-7.15264245212846,0.0,0.0,0.0,52.85407152750189
282,2018-03-26 12:00:00,57.076209284830846,41.83349096611878,61.52568922617128,57.076209284830846,57.076209284830846,0.0,0.0,0.0,0.0,0.0,0.0,0.0,0.0,0.0,0.0,0.0,0.0,0.0,0.0,0.0,0.0,0.0,0.0,0.0,0.0,0.0,0.0,0.0,0.0,0.0,0.0,0.0,0.0,0.0,0.0,-5.721705870777055,-5.721705870777055,-5.721705870777055,2.564822880054011,2.564822880054011,2.564822880054011,-0.08862579330671873,-0.08862579330671873,-0.08862579330671873,-2.7823867808073337,-2.7823867808073337,-2.7823867808073337,-2.207555967217315,-2.207555967217315,-2.207555967217315,0.0,0.0,0.0,0.00013329355870284106,0.00013329355870284106,0.00013329355870284106,1.8723893148084467,1.8723893148084467,1.8723893148084467,-1.7876299206711908,-1.7876299206711908,-1.7876299206711908,0.7959249202202674,0.7959249202202674,0.7959249202202674,1.652314841429251,1.652314841429251,1.652314841429251,-1.3670226281995266,-1.3670226281995266,-1.3670226281995266,-7.156456811452983,-7.156456811452983,-7.156456811452983,0.0,0.0,0.0,51.35450341405379
283,2018-03-26 13:00:00,57.075918775396936,39.89443066719699,59.45166150429839,57.075918775396936,57.075918775396936,0.0,0.0,0.0,0.0,0.0,0.0,0.0,0.0,0.0,0.0,0.0,0.0,0.0,0.0,0.0,0.0,0.0,0.0,0.0,0.0,0.0,0.0,0.0,0.0,0.0,0.0,0.0,0.0,0.0,0.0,-7.6257766353672345,-7.6257766353672345,-7.6257766353672345,0.9725527800667063,0.9725527800667063,0.9725527800667063,-0.26103660316448135,-0.26103660316448135,-0.26103660316448135,-3.456783245343799,-3.456783245343799,-3.456783245343799,-2.4165124066869663,-2.4165124066869663,-2.4165124066869663,0.0,0.0,0.0,0.09448847142542192,0.09448847142542192,0.09448847142542192,1.8353727649219627,1.8353727649219627,1.8353727649219627,-1.7048887180185377,-1.7048887180185377,-1.7048887180185377,0.6559501967955892,0.6559501967955892,0.6559501967955892,2.0187419342939488,2.0187419342939488,2.0187419342939488,-1.6601569506167884,-1.6601569506167884,-1.6601569506167884,-7.160288104384093,-7.160288104384093,-7.160288104384093,0.0,0.0,0.0,49.4501421400297
284,2018-03-26 14:00:00,57.07562826596304,37.63874633512931,57.92829511321641,57.07562826596304,57.07562826596304,0.0,0.0,0.0,0.0,0.0,0.0,0.0,0.0,0.0,0.0,0.0,0.0,0.0,0.0,0.0,0.0,0.0,0.0,0.0,0.0,0.0,0.0,0.0,0.0,0.0,0.0,0.0,0.0,0.0,0.0,-8.877531439090319,-8.877531439090319,-8.877531439090319,-0.40387921112337083,-0.40387921112337083,-0.40387921112337083,-0.4334474130222445,-0.4334474130222445,-0.4334474130222445,-3.672845000508526,-3.672845000508526,-3.672845000508526,-2.4834856244657004,-2.4834856244657004,-2.4834856244657004,0.0,0.0,0.0,0.18884364929214104,0.18884364929214104,0.18884364929214104,1.8697452755308408,1.8697452755308408,1.8697452755308408,-1.5287747615343987,-1.5287747615343987,-1.5287747615343987,0.5446882371503322,0.5446882371503322,0.5446882371503322,2.363328975828523,2.363328975828523,2.363328975828523,-1.8304143634594963,-1.8304143634594963,-1.8304143634594963,-7.164136203286945,-7.164136203286945,-7.164136203286945,0.0,0.0,0.0,48.19809682687272
285,2018-03-26 15:00:00,57.07533775652914,38.057496348551865,57.40722741433316,57.07533775652914,57.07533775652914,0.0,0.0,0.0,0.0,0.0,0.0,0.0,0.0,0.0,0.0,0.0,0.0,0.0,0.0,0.0,0.0,0.0,0.0,0.0,0.0,0.0,0.0,0.0,0.0,0.0,0.0,0.0,0.0,0.0,0.0,-9.200187789431526,-9.200187789431526,-9.200187789431526,-0.48256275711043234,-0.48256275711043234,-0.48256275711043234,-0.6058582228800075,-0.6058582228800075,-0.6058582228800075,-4.234424495039028,-4.234424495039028,-4.234424495039028,-2.5729618434180894,-2.5729618434180894,-2.5729618434180894,0.0,0.0,0.0,0.2831988271588601,0.2831988271588601,0.2831988271588601,1.6455307447898515,1.6455307447898515,1.6455307447898515,-1.315681496602147,-1.315681496602147,-1.315681496602147,0.4679128035662278,0.4679128035662278,0.4679128035662278,2.6848004418966567,2.6848004418966567,2.6848004418966567,-2.136565307653724,-2.136565307653724,-2.136565307653724,-7.168000979178721,-7.168000979178721,-7.168000979178721,0.0,0.0,0.0,47.87514996709761
286,2018-03-26 16:00:00,57.07504724709523,40.14546888451562,59.063103852468736,57.07504724709523,57.07504724709523,0.0,0.0,0.0,0.0,0.0,0.0,0.0,0.0,0.0,0.0,0.0,0.0,0.0,0.0,0.0,0.0,0.0,0.0,0.0,0.0,0.0,0.0,0.0,0.0,0.0,0.0,0.0,0.0,0.0,0.0,-7.164195270529915,-7.164195270529915,-7.164195270529915,1.2134629173768832,1.2134629173768832,1.2134629173768832,-0.7782690327377702,-0.7782690327377702,-0.7782690327377702,-4.187880053146087,-4.187880053146087,-4.187880053146087,-2.433121764696092,-2.433121764696092,-2.433121764696092,0.0,0.0,0.0,0.3775540050255792,0.3775540050255792,0.3775540050255792,1.4921764666887032,1.4921764666887032,1.4921764666887032,-1.0133756500388218,-1.0133756500388218,-1.0133756500388218,0.38754827450969576,0.38754827450969576,0.38754827450969576,2.9821041669745796,2.9821041669745796,2.9821041669745796,-2.2203923518973814,-2.2203923518973814,-2.2203923518973814,-7.171882301735289,-7.171882301735289,-7.171882301735289,0.0,0.0,0.0,49.91085197656531
287,2018-03-26 17:00:00,57.07475673766133,43.96921974790485,64.6295654666825,57.07475673766133,57.07475673766133,0.0,0.0,0.0,0.0,0.0,0.0,0.0,0.0,0.0,0.0,0.0,0.0,0.0,0.0,0.0,0.0,0.0,0.0,0.0,0.0,0.0,0.0,0.0,0.0,0.0,0.0,0.0,0.0,0.0,0.0,-3.1032905085003226,-3.1032905085003226,-3.1032905085003226,3.9560297135088254,3.9560297135088254,3.9560297135088254,-0.9506798425955332,-0.9506798425955332,-0.9506798425955332,-3.1379563613069874,-3.1379563613069874,-3.1379563613069874,-2.0918262468956614,-2.0918262468956614,-2.0918262468956614,0.0,0.0,0.0,0.4719091828922983,0.4719091828922983,0.4719091828922983,1.5958228063708586,1.5958228063708586,1.5958228063708586,-0.4697798158515588,-0.4697798158515588,-0.4697798158515588,0.43327022987583924,0.43327022987583924,0.43327022987583924,3.2544161785903047,3.2544161785903047,3.2544161785903047,-2.1266726751032303,-2.1266726751032303,-2.1266726751032303,-7.175780039292465,-7.175780039292465,-7.175780039292465,0.0,0.0,0.0,53.97146622916101
288,2018-03-26 18:00:00,57.235130749559474,50.759804235216684,69.47542244443731,57.235130749559474,57.235130749559474,0.0,0.0,0.0,0.0,0.0,0.0,0.0,0.0,0.0,0.0,0.0,0.0,0.0,0.0,0.0,0.0,0.0,0.0,0.0,0.0,0.0,0.0,0.0,0.0,0.0,0.0,0.0,0.0,0.0,0.0,2.913869693119229,2.913869693119229,2.913869693119229,6.177479584014146,6.177479584014146,6.177479584014146,-1.1241533058947988,-1.1241533058947988,-1.1241533058947988,0.2575663697411545,0.2575663697411545,0.2575663697411545,-1.3120996184446212,-1.3120996184446212,-1.3120996184446212,0.0,0.0,0.0,0.6091638556777302,0.6091638556777302,0.6091638556777302,2.9263897207352825,2.9263897207352825,2.9263897207352825,0.16913355061902463,0.16913355061902463,0.16913355061902463,0.6604198498053901,0.6604198498053901,0.6604198498053901,3.528896827363217,3.528896827363217,3.528896827363217,-1.6712876827568535,-1.6712876827568535,-1.6712876827568535,-7.050073087999291,-7.050073087999291,-7.050073087999291,0.0,0.0,0.0,60.149000442678705
289,2018-03-26 19:00:00,57.23486931203936,51.45137831476713,72.03767136082406,57.23486931203936,57.23486931203936,0.0,0.0,0.0,0.0,0.0,0.0,0.0,0.0,0.0,0.0,0.0,0.0,0.0,0.0,0.0,0.0,0.0,0.0,0.0,0.0,0.0,0.0,0.0,0.0,0.0,0.0,0.0,0.0,0.0,0.0,4.501086050966464,4.501086050966464,4.501086050966464,6.457529999173051,6.457529999173051,6.457529999173051,-1.2966070520960262,-1.2966070520960262,-1.2966070520960262,1.350151713840765,1.350151713840765,1.350151713840765,-0.8862578964529332,-0.8862578964529332,-0.8862578964529332,0.0,0.0,0.0,0.7106672865728182,0.7106672865728182,0.7106672865728182,3.149760933822385,3.149760933822385,3.149760933822385,0.32176186810942164,0.32176186810942164,0.32176186810942164,0.8960648984228959,0.8960648984228959,0.8960648984228959,3.7473192745778627,3.7473192745778627,3.7473192745778627,-1.5452383245377965,-1.5452383245377965,-1.5452383245377965,-7.053914936625214,-7.053914936625214,-7.053914936625214,0.0,0.0,0.0,61.73595536300582
290,2018-03-26 20:00:00,57.23460787451924,47.97381417717489,67.42396040946922,57.23460787451924,57.23460787451924,0.0,0.0,0.0,0.0,0.0,0.0,0.0,0.0,0.0,0.0,0.0,0.0,0.0,0.0,0.0,0.0,0.0,0.0,0.0,0.0,0.0,0.0,0.0,0.0,0.0,0.0,0.0,0.0,0.0,0.0,0.7394503792038977,0.7394503792038977,0.7394503792038977,4.543008006181416,4.543008006181416,4.543008006181416,-1.4690607982972534,-1.4690607982972534,-1.4690607982972534,-0.6853364759912979,-0.6853364759912979,-0.6853364759912979,-2.008631427283739,-2.008631427283739,-2.008631427283739,0.0,0.0,0.0,0.8121707174679063,0.8121707174679063,0.8121707174679063,2.4410072505910345,2.4410072505910345,2.4410072505910345,0.33040936485108724,0.33040936485108724,0.33040936485108724,0.5662189218298882,0.5662189218298882,0.5662189218298882,3.939554456664426,3.939554456664426,3.939554456664426,-1.3574505051502221,-1.3574505051502221,-1.3574505051502221,-7.057775607650647,-7.057775607650647,-7.057775607650647,0.0,0.0,0.0,57.974058253723136
291,2018-03-26 21:00:00,57.23434643699913,43.89523734602897,63.81123106913602,57.23434643699913,57.23434643699913,0.0,0.0,0.0,0.0,0.0,0.0,0.0,0.0,0.0,0.0,0.0,0.0,0.0,0.0,0.0,0.0,0.0,0.0,0.0,0.0,0.0,0.0,0.0,0.0,0.0,0.0,0.0,0.0,0.0,0.0,-3.6239321348827347,-3.6239321348827347,-3.6239321348827347,1.3983914212562718,1.3983914212562718,1.3983914212562718,-1.6415145444984807,-1.6415145444984807,-1.6415145444984807,-2.0663856103573797,-2.0663856103573797,-2.0663856103573797,-2.477387431336605,-2.477387431336605,-2.477387431336605,0.0,0.0,0.0,0.9136741483629942,0.9136741483629942,0.9136741483629942,1.633271536915874,1.633271536915874,1.633271536915874,0.33559786289608656,0.33559786289608656,0.33559786289608656,0.21924550378678914,0.21924550378678914,0.21924550378678914,4.105717020938731,4.105717020938731,4.105717020938731,-1.0492726864840385,-1.0492726864840385,-1.0492726864840385,-7.061654966720358,-7.061654966720358,-7.061654966720358,0.0,0.0,0.0,53.610414302116396
292,2018-03-26 22:00:00,57.234084999479016,39.981952377430154,59.440860779322605,57.234084999479016,57.234084999479016,0.0,0.0,0.0,0.0,0.0,0.0,0.0,0.0,0.0,0.0,0.0,0.0,0.0,0.0,0.0,0.0,0.0,0.0,0.0,0.0,0.0,0.0,0.0,0.0,0.0,0.0,0.0,0.0,0.0,0.0,-7.396518536591416,-7.396518536591416,-7.396518536591416,-1.6737043630511144,-1.6737043630511144,-1.6737043630511144,-1.8139682906997077,-1.8139682906997077,-1.8139682906997077,-2.9033998689573774,-2.9033998689573774,-2.9033998689573774,-2.7205683630166124,-2.7205683630166124,-2.7205683630166124,0.0,0.0,0.0,1.0151775792580822,1.0151775792580822,1.0151775792580822,1.2267571017241807,1.2267571017241807,1.2267571017241807,0.3364626125702531,0.3364626125702531,0.3364626125702531,-0.0780583340510452,-0.0780583340510452,-0.0780583340510452,4.246138573482275,4.246138573482275,4.246138573482275,-0.8692021747425286,-0.8692021747425286,-0.8692021747425286,-7.0655528780651995,-7.0655528780651995,-7.0655528780651995,0.0,0.0,0.0,49.8375664628876
293,2018-03-26 23:00:00,57.2338235619589,37.57786838720412,57.22099138416702,57.2338235619589,57.2338235619589,0.0,0.0,0.0,0.0,0.0,0.0,0.0,0.0,0.0,0.0,0.0,0.0,0.0,0.0,0.0,0.0,0.0,0.0,0.0,0.0,0.0,0.0,0.0,0.0,0.0,0.0,0.0,0.0,0.0,0.0,-10.000436359413351,-10.000436359413351,-10.000436359413351,-3.9727090586274323,-3.9727090586274323,-3.9727090586274323,-1.9864220369009353,-1.9864220369009353,-1.9864220369009353,-3.319616401205891,-3.319616401205891,-3.319616401205891,-2.725520010946749,-2.725520010946749,-2.725520010946749,0.0,0.0,0.0,1.1166810101531701,1.1166810101531701,1.1166810101531701,1.0261464624824468,1.0261464624824468,1.0261464624824468,0.3368949874073364,0.3368949874073364,0.3368949874073364,-0.3689393813450953,-0.3689393813450953,-0.3689393813450953,4.36135830492544,4.36135830492544,4.36135830492544,-0.7184574320560647,-0.7184574320560647,-0.7184574320560647,-7.069469204505468,-7.069469204505468,-7.069469204505468,0.0,0.0,0.0,47.23338720254555
294,2018-03-27 00:00:00,57.233562124438784,33.69350340681149,53.98565974534341,57.233562124438784,57.233562124438784,0.0,0.0,0.0,0.0,0.0,0.0,0.0,0.0,0.0,0.0,0.0,0.0,0.0,0.0,0.0,0.0,0.0,0.0,0.0,0.0,0.0,0.0,0.0,0.0,0.0,0.0,0.0,0.0,0.0,0.0,-13.304708158895457,-13.304708158895457,-13.304708158895457,-5.608664751984356,-5.608664751984356,-5.608664751984356,-2.1588757831021623,-2.1588757831021623,-2.1588757831021623,-5.074751214503216,-5.074751214503216,-5.074751214503216,-2.804746377828923,-2.804746377828923,-2.804746377828923,0.0,0.0,0.0,0.00014327030720221368,0.00014327030720221368,0.00014327030720221368,0.7688990464627037,0.7688990464627037,0.7688990464627037,0.3490014828456682,0.3490014828456682,0.3490014828456682,-0.5631931131248805,-0.5631931131248805,-0.5631931131248805,4.452111615053834,4.452111615053834,4.452111615053834,-0.6659797400628248,-0.6659797400628248,-0.6659797400628248,-7.073403807461718,-7.073403807461718,-7.073403807461718,0.0,0.0,0.0,43.928853965543325
295,2018-03-27 01:00:00,57.233300686918675,30.540845686557855,50.883972569574325,57.233300686918675,57.233300686918675,0.0,0.0,0.0,0.0,0.0,0.0,0.0,0.0,0.0,0.0,0.0,0.0,0.0,0.0,0.0,0.0,0.0,0.0,0.0,0.0,0.0,0.0,0.0,0.0,0.0,0.0,0.0,0.0,0.0,0.0,-16.301366202969177,-16.301366202969177,-16.301366202969177,-6.923482810785527,-6.923482810785527,-6.923482810785527,-2.1588757831021623,-2.1588757831021623,-2.1588757831021623,-6.81984373854017,-6.81984373854017,-6.81984373854017,-2.9290877591856694,-2.9290877591856694,-2.9290877591856694,0.0,0.0,0.0,-1.1163944695387658,-1.1163944695387658,-1.1163944695387658,0.6905603271809712,0.6905603271809712,0.6905603271809712,0.3710525995369154,0.3710525995369154,0.3710525995369154,-0.6458330181215709,-0.6458330181215709,-0.6458330181215709,4.519316893309184,4.519316893309184,4.519316893309184,-1.0312656353098875,-1.0312656353098875,-1.0312656353098875,-7.077356546952666,-7.077356546952666,-7.077356546952666,0.0,0.0,0.0,40.9319344839495
296,2018-03-27 02:00:00,57.233039249398566,30.223930324024817,50.10878047709022,57.233039249398566,57.233039249398566,0.0,0.0,0.0,0.0,0.0,0.0,0.0,0.0,0.0,0.0,0.0,0.0,0.0,0.0,0.0,0.0,0.0,0.0,0.0,0.0,0.0,0.0,0.0,0.0,0.0,0.0,0.0,0.0,0.0,0.0,-17.305977534830433,-17.305977534830433,-17.305977534830433,-7.817318168878465,-7.817318168878465,-7.817318168878465,-2.1588757831021623,-2.1588757831021623,-2.1588757831021623,-6.971392716609257,-6.971392716609257,-6.971392716609257,-2.9742027736602408,-2.9742027736602408,-2.9742027736602408,0.0,0.0,0.0,-1.0148910386436778,-1.0148910386436778,-1.0148910386436778,0.6969121152308414,0.6969121152308414,0.6969121152308414,0.4220728303127422,0.4220728303127422,0.4220728303127422,-0.6857970481717838,-0.6857970481717838,-0.6857970481717838,4.56406063226128,4.56406063226128,4.56406063226128,-1.2566110185749766,-1.2566110185749766,-1.2566110185749766,-7.081327281603989,-7.081327281603989,-7.081327281603989,0.0,0.0,0.0,39.92706171456813
297,2018-03-27 03:00:00,57.23277781187844,29.926743983809185,49.760809036199596,57.23277781187844,57.23277781187844,0.0,0.0,0.0,0.0,0.0,0.0,0.0,0.0,0.0,0.0,0.0,0.0,0.0,0.0,0.0,0.0,0.0,0.0,0.0,0.0,0.0,0.0,0.0,0.0,0.0,0.0,0.0,0.0,0.0,0.0,-17.018225472400466,-17.018225472400466,-17.018225472400466,-7.698448051093945,-7.698448051093945,-7.698448051093945,-2.1588757831021623,-2.1588757831021623,-2.1588757831021623,-6.8220426210044005,-6.8220426210044005,-6.8220426210044005,-2.9439427029760767,-2.9439427029760767,-2.9439427029760767,0.0,0.0,0.0,-0.9133876077485896,-0.9133876077485896,-0.9133876077485896,0.7763094658542189,0.7763094658542189,0.7763094658542189,0.5115744215889806,0.5115744215889806,0.5115744215889806,-0.6225682434851969,-0.6225682434851969,-0.6225682434851969,4.587581068349687,4.587581068349687,4.587581068349687,-1.4711521711355755,-1.4711521711355755,-1.4711521711355755,-7.085315868651808,-7.085315868651808,-7.085315868651808,0.0,0.0,0.0,40.214552339477976
298,2018-03-27 04:00:00,57.232516374358326,32.64761041895325,52.868266365838444,57.232516374358326,57.232516374358326,0.0,0.0,0.0,0.0,0.0,0.0,0.0,0.0,0.0,0.0,0.0,0.0,0.0,0.0,0.0,0.0,0.0,0.0,0.0,0.0,0.0,0.0,0.0,0.0,0.0,0.0,0.0,0.0,0.0,0.0,-13.735914448247732,-13.735914448247732,-13.735914448247732,-6.091558758002241,-6.091558758002241,-6.091558758002241,-2.1588757831021623,-2.1588757831021623,-2.1588757831021623,-5.146284085709285,-5.146284085709285,-5.146284085709285,-2.7359734899103687,-2.7359734899103687,-2.7359734899103687,0.0,0.0,0.0,-0.8118841768535018,-0.8118841768535018,-0.8118841768535018,1.6396233249657441,1.6396233249657441,1.6396233249657441,0.5690802749210565,0.5690802749210565,0.5690802749210565,-0.2733111665820857,-0.2733111665820857,-0.2733111665820857,4.591250559410741,4.591250559410741,4.591250559410741,-1.3749430691479687,-1.3749430691479687,-1.3749430691479687,-7.089322163946949,-7.089322163946949,-7.089322163946949,0.0,0.0,0.0,43.49660192611059
299,2018-03-27 05:00:00,57.23225493683822,38.97194576086395,59.16038453219386,57.23225493683822,57.23225493683822,0.0,0.0,0.0,0.0,0.0,0.0,0.0,0.0,0.0,0.0,0.0,0.0,0.0,0.0,0.0,0.0,0.0,0.0,0.0,0.0,0.0,0.0,0.0,0.0,0.0,0.0,0.0,0.0,0.0,0.0,-8.549614719181724,-8.549614719181724,-8.549614719181724,-3.254253870114717,-3.254253870114717,-3.254253870114717,-2.1588757831021623,-2.1588757831021623,-2.1588757831021623,-2.7785717479602896,-2.7785717479602896,-2.7785717479602896,-2.233656316553249,-2.233656316553249,-2.233656316553249,0.0,0.0,0.0,-0.7103807459584138,-0.7103807459584138,-0.7103807459584138,2.7506569180222074,2.7506569180222074,2.7506569180222074,0.5660536510614737,0.5660536510614737,0.5660536510614737,0.28019064961336393,0.28019064961336393,0.28019064961336393,4.576556920853955,4.576556920853955,4.576556920853955,-1.2725601210435105,-1.2725601210435105,-1.2725601210435105,-7.093346021960673,-7.093346021960673,-7.093346021960673,0.0,0.0,0.0,48.68264021765649
300,2018-03-27 06:00:00,57.23199349931811,42.656990265380166,62.96120100787349,57.23199349931811,57.23199349931811,0.0,0.0,0.0,0.0,0.0,0.0,0.0,0.0,0.0,0.0,0.0,0.0,0.0,0.0,0.0,0.0,0.0,0.0,0.0,0.0,0.0,0.0,0.0,0.0,0.0,0.0,0.0,0.0,0.0,0.0,-3.912605264241261,-3.912605264241261,-3.912605264241261,-0.14852521604166583,-0.14852521604166583,-0.14852521604166583,-2.1588757831021623,-2.1588757831021623,-2.1588757831021623,-1.2117767044053418,-1.2117767044053418,-1.2117767044053418,-1.6229530718364866,-1.6229530718364866,-1.6229530718364866,0.0,0.0,0.0,-0.6088773150633258,-0.6088773150633258,-0.6088773150633258,3.2974400059818674,3.2974400059818674,3.2974400059818674,0.4947118029427328,0.4947118029427328,0.4947118029427328,0.5909109832537697,0.5909109832537697,0.5909109832537697,4.545083951997338,4.545083951997338,4.545083951997338,-1.2041333265817367,-1.2041333265817367,-1.2041333265817367,-7.097387295791591,-7.097387295791591,-7.097387295791591,0.0,0.0,0.0,53.31938823507684
301,2018-03-27 07:00:00,57.231732061797985,46.62446456848332,66.88963966233855,57.231732061797985,57.231732061797985,0.0,0.0,0.0,0.0,0.0,0.0,0.0,0.0,0.0,0.0,0.0,0.0,0.0,0.0,0.0,0.0,0.0,0.0,0.0,0.0,0.0,0.0,0.0,0.0,0.0,0.0,0.0,0.0,0.0,0.0,-0.8876192323299635,-0.8876192323299635,-0.8876192323299635,2.22602680463919,2.22602680463919,2.22602680463919,-2.1588757831021623,-2.1588757831021623,-2.1588757831021623,-0.5106915905034699,-0.5106915905034699,-0.5106915905034699,-1.3412593229220882,-1.3412593229220882,-1.3412593229220882,0.0,0.0,0.0,-0.5073738841682378,-0.5073738841682378,-0.5073738841682378,3.603913779388104,3.603913779388104,3.603913779388104,0.015640483454461035,0.015640483454461035,0.015640483454461035,0.8503917212226526,0.8503917212226526,0.8503917212226526,4.498491390701146,4.498491390701146,4.498491390701146,-0.9731285843762,-0.9731285843762,-0.9731285843762,-7.101445837166829,-7.101445837166829,-7.101445837166829,0.0,0.0,0.0,56.344112829468024
302,2018-03-27 08:00:00,57.231470624277875,46.6629180463319,66.32505311847922,57.231470624277875,57.231470624277875,0.0,0.0,0.0,0.0,0.0,0.0,0.0,0.0,0.0,0.0,0.0,0.0,0.0,0.0,0.0,0.0,0.0,0.0,0.0,0.0,0.0,0.0,0.0,0.0,0.0,0.0,0.0,0.0,0.0,0.0,-0.9612947210550682,-0.9612947210550682,-0.9612947210550682,3.4919849711930566,3.4919849711930566,3.4919849711930566,-2.1588757831021623,-2.1588757831021623,-2.1588757831021623,-1.786252734286163,-1.786252734286163,-1.786252734286163,-1.284040280173851,-1.284040280173851,-1.284040280173851,0.0,0.0,0.0,-0.4058704532731498,-0.4058704532731498,-0.4058704532731498,2.9179206700021223,2.9179206700021223,2.9179206700021223,-0.8940761737687554,-0.8940761737687554,-0.8940761737687554,0.9233260760642911,0.9233260760642911,0.9233260760642911,4.438494538488319,4.438494538488319,4.438494538488319,-0.8846367900346581,-0.8846367900346581,-0.8846367900346581,-7.105521496450281,-7.105521496450281,-7.105521496450281,0.0,0.0,0.0,56.27017590322281
303,2018-03-27 09:00:00,57.23120918675776,45.741344630566395,65.5505218895158,57.23120918675776,57.23120918675776,0.0,0.0,0.0,0.0,0.0,0.0,0.0,0.0,0.0,0.0,0.0,0.0,0.0,0.0,0.0,0.0,0.0,0.0,0.0,0.0,0.0,0.0,0.0,0.0,0.0,0.0,0.0,0.0,0.0,0.0,-1.763549593230898,-1.763549593230898,-1.763549593230898,3.9320615707345556,3.9320615707345556,3.9320615707345556,-2.1588757831021623,-2.1588757831021623,-2.1588757831021623,-2.95284084016124,-2.95284084016124,-2.95284084016124,-1.4705523522089703,-1.4705523522089703,-1.4705523522089703,0.0,0.0,0.0,-0.3043670223780618,-0.3043670223780618,-0.3043670223780618,2.5569273825011662,2.5569273825011662,2.5569273825011662,-1.4959419469886779,-1.4959419469886779,-1.4959419469886779,0.9141914406242425,0.9141914406242425,0.9141914406242425,4.366843798841766,4.366843798841766,4.366843798841766,-0.9942225586087767,-0.9942225586087767,-0.9942225586087767,-7.10961412264598,-7.10961412264598,-7.10961412264598,0.0,0.0,0.0,55.46765959352686
304,2018-03-27 10:00:00,57.23094774923765,43.62443429787124,63.181774809709516,57.23094774923765,57.23094774923765,0.0,0.0,0.0,0.0,0.0,0.0,0.0,0.0,0.0,0.0,0.0,0.0,0.0,0.0,0.0,0.0,0.0,0.0,0.0,0.0,0.0,0.0,0.0,0.0,0.0,0.0,0.0,0.0,0.0,0.0,-3.5856266033466575,-3.5856266033466575,-3.5856266033466575,3.9447347448881955,3.9447347448881955,3.9447347448881955,-2.1588757831021623,-2.1588757831021623,-2.1588757831021623,-4.70194215442936,-4.70194215442936,-4.70194215442936,-2.208898076902569,-2.208898076902569,-2.208898076902569,0.0,0.0,0.0,-0.20286359148297378,-0.20286359148297378,-0.20286359148297378,1.8974000566563098,1.8974000566563098,1.8974000566563098,-1.7086703668336503,-1.7086703668336503,-1.7086703668336503,0.8218459854725004,0.8218459854725004,0.8218459854725004,4.285304369600407,4.285304369600407,4.285304369600407,-1.1418803782368148,-1.1418803782368148,-1.1418803782368148,-7.113723563405902,-7.113723563405902,-7.113723563405902,0.0,0.0,0.0,53.64532114589099
305,2018-03-27 11:00:00,57.23068631171753,42.43378159562283,62.09775390382073,57.23068631171753,57.23068631171753,0.0,0.0,0.0,0.0,0.0,0.0,0.0,0.0,0.0,0.0,0.0,0.0,0.0,0.0,0.0,0.0,0.0,0.0,0.0,0.0,0.0,0.0,0.0,0.0,0.0,0.0,0.0,0.0,0.0,0.0,-4.658730601911824,-4.658730601911824,-4.658730601911824,3.5522103029856544,3.5522103029856544,3.5522103029856544,-2.1588757831021623,-2.1588757831021623,-2.1588757831021623,-5.288727564802983,-5.288727564802983,-5.288727564802983,-2.5511119671852946,-2.5511119671852946,-2.5511119671852946,0.0,0.0,0.0,-0.10136016058788577,-0.10136016058788577,-0.10136016058788577,1.8550548029905085,1.8550548029905085,1.8550548029905085,-1.8141698270819704,-1.8141698270819704,-1.8141698270819704,0.7409188246208191,0.7409188246208191,0.7409188246208191,4.1956363249367845,4.1956363249367845,4.1956363249367845,-1.2591834544569982,-1.2591834544569982,-1.2591834544569982,-7.1178496650312795,-7.1178496650312795,-7.1178496650312795,0.0,0.0,0.0,52.57195570980571
306,2018-03-27 12:00:00,57.23042487419742,40.49589084191392,60.68670937174163,57.23042487419742,57.23042487419742,0.0,0.0,0.0,0.0,0.0,0.0,0.0,0.0,0.0,0.0,0.0,0.0,0.0,0.0,0.0,0.0,0.0,0.0,0.0,0.0,0.0,0.0,0.0,0.0,0.0,0.0,0.0,0.0,0.0,0.0,-6.385824424731541,-6.385824424731541,-6.385824424731541,2.512315440020412,2.512315440020412,2.512315440020412,-2.1588757831021623,-2.1588757831021623,-2.1588757831021623,-5.875722907063638,-5.875722907063638,-5.875722907063638,-2.764583011284487,-2.764583011284487,-2.764583011284487,0.0,0.0,0.0,0.00014327030720221368,0.00014327030720221368,0.00014327030720221368,1.6914962607063508,1.6914962607063508,1.6914962607063508,-1.8630281836723808,-1.8630281836723808,-1.8630281836723808,0.6033283783050859,0.6033283783050859,0.6033283783050859,4.0995753147972325,4.0995753147972325,4.0995753147972325,-1.3842038383232464,-1.3842038383232464,-1.3842038383232464,-7.121992272485547,-7.121992272485547,-7.121992272485547,0.0,0.0,0.0,50.84460044946588
307,2018-03-27 13:00:00,57.2301634366773,39.064770013105054,58.984350643186495,57.2301634366773,57.2301634366773,0.0,0.0,0.0,0.0,0.0,0.0,0.0,0.0,0.0,0.0,0.0,0.0,0.0,0.0,0.0,0.0,0.0,0.0,0.0,0.0,0.0,0.0,0.0,0.0,0.0,0.0,0.0,0.0,0.0,0.0,-8.038982259864696,-8.038982259864696,-8.038982259864696,0.9075392903531939,0.9075392903531939,0.9075392903531939,-2.1588757831021623,-2.1588757831021623,-2.1588757831021623,-5.8191844198282325,-5.8191844198282325,-5.8191844198282325,-2.7546797154242157,-2.7546797154242157,-2.7546797154242157,0.0,0.0,0.0,0.1016467012022902,0.1016467012022902,0.1016467012022902,1.7301363046763945,1.7301363046763945,1.7301363046763945,-1.8024957064807219,-1.8024957064807219,-1.8024957064807219,0.47758441232566584,0.47758441232566584,0.47758441232566584,3.998814099001138,3.998814099001138,3.998814099001138,-1.4125006330254837,-1.4125006330254837,-1.4125006330254837,-7.126151229390795,-7.126151229390795,-7.126151229390795,0.0,0.0,0.0,49.191181176812606
308,2018-03-27 14:00:00,57.22990199915719,38.03435932672835,57.57722028728797,57.22990199915719,57.22990199915719,0.0,0.0,0.0,0.0,0.0,0.0,0.0,0.0,0.0,0.0,0.0,0.0,0.0,0.0,0.0,0.0,0.0,0.0,0.0,0.0,0.0,0.0,0.0,0.0,0.0,0.0,0.0,0.0,0.0,0.0,-9.541721958922855,-9.541721958922855,-9.541721958922855,-0.48266658098424037,-0.48266658098424037,-0.48266658098424037,-2.1588757831021623,-2.1588757831021623,-2.1588757831021623,-5.823714119777819,-5.823714119777819,-5.823714119777819,-2.7491778843907313,-2.7491778843907313,-2.7491778843907313,0.0,0.0,0.0,0.2031501320973782,0.2031501320973782,0.2031501320973782,1.6549734794195972,1.6549734794195972,1.6549734794195972,-1.6801336275861545,-1.6801336275861545,-1.6801336275861545,0.37853070927263793,0.37853070927263793,0.37853070927263793,3.894985119877931,3.894985119877931,3.894985119877931,-1.472181145488384,-1.472181145488384,-1.472181145488384,-7.130326378038727,-7.130326378038727,-7.130326378038727,0.0,0.0,0.0,47.688180040234336
309,2018-03-27 15:00:00,57.22964056163707,37.54204845055227,58.109610207780285,57.22964056163707,57.22964056163707,0.0,0.0,0.0,0.0,0.0,0.0,0.0,0.0,0.0,0.0,0.0,0.0,0.0,0.0,0.0,0.0,0.0,0.0,0.0,0.0,0.0,0.0,0.0,0.0,0.0,0.0,0.0,0.0,0.0,0.0,-9.644732655257664,-9.644732655257664,-9.644732655257664,-0.564609996935617,-0.564609996935617,-0.564609996935617,-2.1588757831021623,-2.1588757831021623,-2.1588757831021623,-5.735249400725605,-5.735249400725605,-5.735249400725605,-2.737624039220414,-2.737624039220414,-2.737624039220414,0.0,0.0,0.0,0.30465356299246626,0.30465356299246626,0.30465356299246626,1.5602259743423665,1.5602259743423665,1.5602259743423665,-1.4578929613253495,-1.4578929613253495,-1.4578929613253495,0.3103064008297744,0.3103064008297744,0.3103064008297744,3.7896443018003834,3.7896443018003834,3.7896443018003834,-1.556042555242287,-1.556042555242287,-1.556042555242287,-7.134517559396827,-7.134517559396827,-7.134517559396827,0.0,0.0,0.0,47.58490790637941
310,2018-03-27 16:00:00,57.22937912411696,39.56360637673438,59.62542917606702,57.22937912411696,57.22937912411696,0.0,0.0,0.0,0.0,0.0,0.0,0.0,0.0,0.0,0.0,0.0,0.0,0.0,0.0,0.0,0.0,0.0,0.0,0.0,0.0,0.0,0.0,0.0,0.0,0.0,0.0,0.0,0.0,0.0,0.0,-7.765027965403735,-7.765027965403735,-7.765027965403735,1.1529150927628555,1.1529150927628555,1.1529150927628555,-2.1588757831021623,-2.1588757831021623,-2.1588757831021623,-5.46347469351949,-5.46347469351949,-5.46347469351949,-2.70736396853625,-2.70736396853625,-2.70736396853625,0.0,0.0,0.0,0.4061569938875542,0.4061569938875542,0.4061569938875542,1.3823759089460008,1.3823759089460008,1.3823759089460008,-1.1470154534624726,-1.1470154534624726,-1.1470154534624726,0.2143927287092633,0.2143927287092633,0.2143927287092633,3.684256248464587,3.684256248464587,3.684256248464587,-1.4531451199614243,-1.4531451199614243,-1.4531451199614243,-7.138724613111687,-7.138724613111687,-7.138724613111687,0.0,0.0,0.0,49.46435115871323
311,2018-03-27 17:00:00,57.229117686596844,44.485815460436115,63.708377992404806,57.229117686596844,57.229117686596844,0.0,0.0,0.0,0.0,0.0,0.0,0.0,0.0,0.0,0.0,0.0,0.0,0.0,0.0,0.0,0.0,0.0,0.0,0.0,0.0,0.0,0.0,0.0,0.0,0.0,0.0,0.0,0.0,0.0,0.0,-3.339263405399661,-3.339263405399661,-3.339263405399661,3.939744398144312,3.939744398144312,3.939744398144312,-2.1588757831021623,-2.1588757831021623,-2.1588757831021623,-3.7162414144896,-3.7162414144896,-3.7162414144896,-2.465833586166288,-2.465833586166288,-2.465833586166288,0.0,0.0,0.0,0.5076604247826422,0.5076604247826422,0.5076604247826422,1.7671884016339707,1.7671884016339707,1.7671884016339707,-0.5550943014954656,-0.5550943014954656,-0.5550943014954656,0.2045444498754608,0.2045444498754608,0.2045444498754608,3.5801809884614,3.5801809884614,3.5801809884614,-1.0158310200177578,-1.0158310200177578,-1.0158310200177578,-7.142947377515772,-7.142947377515772,-7.142947377515772,0.0,0.0,0.0,53.88985428119718
312,2018-03-27 18:00:00,57.210931519767456,48.56801717661423,68.30849181336077,57.210931519767456,57.210931519767456,0.0,0.0,0.0,0.0,0.0,0.0,0.0,0.0,0.0,0.0,0.0,0.0,0.0,0.0,0.0,0.0,0.0,0.0,0.0,0.0,0.0,0.0,0.0,0.0,0.0,0.0,0.0,0.0,0.0,0.0,1.3887862055560627,1.3887862055560627,1.3887862055560627,6.166281967959466,6.166281967959466,6.166281967959466,-2.3013664603081434,-2.3013664603081434,-2.3013664603081434,-1.3365685424685214,-1.3365685424685214,-1.3365685424685214,-2.17057148703678,-2.17057148703678,-2.17057148703678,0.0,0.0,0.0,0.5839712597802801,0.5839712597802801,0.5839712597802801,2.651642251514088,2.651642251514088,2.651642251514088,0.11974599164055665,0.11974599164055665,0.11974599164055665,0.4578135432517318,0.4578135432517318,0.4578135432517318,3.6372995946527293,3.6372995946527293,3.6372995946527293,-0.6778036413102536,-0.6778036413102536,-0.6778036413102536,-7.078226814587612,-7.078226814587612,-7.078226814587612,0.0,0.0,0.0,58.59971772532352
313,2018-03-27 19:00:00,57.21065808540314,49.83933663105422,69.79277967708812,57.21065808540314,57.21065808540314,0.0,0.0,0.0,0.0,0.0,0.0,0.0,0.0,0.0,0.0,0.0,0.0,0.0,0.0,0.0,0.0,0.0,0.0,0.0,0.0,0.0,0.0,0.0,0.0,0.0,0.0,0.0,0.0,0.0,0.0,2.516900987049571,2.516900987049571,2.516900987049571,6.437043226844051,6.437043226844051,6.437043226844051,-2.3013664603081434,-2.3013664603081434,-2.3013664603081434,-0.3726981017869238,-0.3726981017869238,-0.3726981017869238,-1.8913021435157826,-1.8913021435157826,-1.8913021435157826,0.0,0.0,0.0,0.6812769315726174,0.6812769315726174,0.6812769315726174,2.914400340814127,2.914400340814127,2.914400340814127,0.304898363415852,0.304898363415852,0.304898363415852,0.747999053016155,0.747999053016155,0.747999053016155,3.5348909197536638,3.5348909197536638,3.5348909197536638,-0.8286041867817485,-0.8286041867817485,-0.8286041867817485,-7.082335057761221,-7.082335057761221,-7.082335057761221,0.0,0.0,0.0,59.72755907245271
314,2018-03-27 20:00:00,57.210384651038815,46.53099505333794,67.00759043902987,57.210384651038815,57.210384651038815,0.0,0.0,0.0,0.0,0.0,0.0,0.0,0.0,0.0,0.0,0.0,0.0,0.0,0.0,0.0,0.0,0.0,0.0,0.0,0.0,0.0,0.0,0.0,0.0,0.0,0.0,0.0,0.0,0.0,0.0,-0.8066809989903748,-0.8066809989903748,-0.8066809989903748,4.541606342331437,4.541606342331437,4.541606342331437,-2.3013664603081434,-2.3013664603081434,-2.3013664603081434,-1.6986846912628213,-1.6986846912628213,-1.6986846912628213,-2.1257371436862136,-2.1257371436862136,-2.1257371436862136,0.0,0.0,0.0,0.7785826033649548,0.7785826033649548,0.7785826033649548,2.179119301008136,2.179119301008136,2.179119301008136,0.3227278510682879,0.3227278510682879,0.3227278510682879,0.42791389142433733,0.42791389142433733,0.42791389142433733,3.4368571973509257,3.4368571973509257,3.4368571973509257,-0.9799247341341797,-0.9799247341341797,-0.9799247341341797,-7.086459847409916,-7.086459847409916,-7.086459847409916,0.0,0.0,0.0,56.40370365204844
315,2018-03-27 21:00:00,57.2101112166745,42.07056291574874,62.16306739985584,57.2101112166745,57.2101112166745,0.0,0.0,0.0,0.0,0.0,0.0,0.0,0.0,0.0,0.0,0.0,0.0,0.0,0.0,0.0,0.0,0.0,0.0,0.0,0.0,0.0,0.0,0.0,0.0,0.0,0.0,0.0,0.0,0.0,0.0,-4.933383711439984,-4.933383711439984,-4.933383711439984,1.426714660814433,1.426714660814433,1.426714660814433,-2.3013664603081434,-2.3013664603081434,-2.3013664603081434,-2.6135961016620985,-2.6135961016620985,-2.6135961016620985,-2.4590237683524725,-2.4590237683524725,-2.4590237683524725,0.0,0.0,0.0,0.8758882751572921,0.8758882751572921,0.8758882751572921,1.900904853513977,1.900904853513977,1.900904853513977,0.3254708491686626,0.3254708491686626,0.3254708491686626,0.12169523502783294,0.12169523502783294,0.12169523502783294,3.3440987511882025,3.3440987511882025,3.3440987511882025,-1.077165085869247,-1.077165085869247,-1.077165085869247,-7.090601021780522,-7.090601021780522,-7.090601021780522,0.0,0.0,0.0,52.27672750523451
316,2018-03-27 22:00:00,57.20983778231018,38.43991274994997,58.02898681992266,57.20983778231018,57.20983778231018,0.0,0.0,0.0,0.0,0.0,0.0,0.0,0.0,0.0,0.0,0.0,0.0,0.0,0.0,0.0,0.0,0.0,0.0,0.0,0.0,0.0,0.0,0.0,0.0,0.0,0.0,0.0,0.0,0.0,0.0,-8.926419039433831,-8.926419039433831,-8.926419039433831,-1.6325869733162166,-1.6325869733162166,-1.6325869733162166,-2.3013664603081434,-2.3013664603081434,-2.3013664603081434,-3.4564450972040848,-3.4564450972040848,-3.4564450972040848,-2.636200450508927,-2.636200450508927,-2.636200450508927,0.0,0.0,0.0,0.9731939469496296,0.9731939469496296,0.9731939469496296,1.423413787874201,1.423413787874201,1.423413787874201,0.3263851818687875,0.3263851818687875,0.3263851818687875,-0.15534598335353275,-0.15534598335353275,-0.15534598335353275,3.2573714488792707,3.2573714488792707,3.2573714488792707,-1.0865251197260986,-1.0865251197260986,-1.0865251197260986,-7.094758417792803,-7.094758417792803,-7.094758417792803,0.0,0.0,0.0,48.28341874287635
317,2018-03-27 23:00:00,57.209564347945864,35.60916811709767,54.986092496080836,57.209564347945864,57.209564347945864,0.0,0.0,0.0,0.0,0.0,0.0,0.0,0.0,0.0,0.0,0.0,0.0,0.0,0.0,0.0,0.0,0.0,0.0,0.0,0.0,0.0,0.0,0.0,0.0,0.0,0.0,0.0,0.0,0.0,0.0,-11.847242238227155,-11.847242238227155,-11.847242238227155,-3.9507323177115183,-3.9507323177115183,-3.9507323177115183,-2.3013664603081434,-2.3013664603081434,-2.3013664603081434,-3.9748620887070527,-3.9748620887070527,-3.9748620887070527,-2.7172263722268184,-2.7172263722268184,-2.7172263722268184,0.0,0.0,0.0,1.070499618741967,1.070499618741967,1.070499618741967,1.2158569778388761,1.2158569778388761,1.2158569778388761,0.32684234821885,0.32684234821885,0.32684234821885,-0.4231428649380229,-0.4231428649380229,-0.4231428649380229,3.177284039235932,3.177284039235932,3.177284039235932,-1.1463253360337602,-1.1463253360337602,-1.1463253360337602,-7.098931871044516,-7.098931871044516,-7.098931871044516,0.0,0.0,0.0,45.36232210971871
318,2018-03-28 00:00:00,57.20929091358154,32.585707694561854,52.69842908569122,57.20929091358154,57.20929091358154,0.0,0.0,0.0,0.0,0.0,0.0,0.0,0.0,0.0,0.0,0.0,0.0,0.0,0.0,0.0,0.0,0.0,0.0,0.0,0.0,0.0,0.0,0.0,0.0,0.0,0.0,0.0,0.0,0.0,0.0,-14.264241551628281,-14.264241551628281,-14.264241551628281,-5.628164511926364,-5.628164511926364,-5.628164511926364,-1.3814620546297767,-1.3814620546297767,-1.3814620546297767,-4.63725328577501,-4.63725328577501,-4.63725328577501,-2.7237084459642498,-2.7237084459642498,-2.7237084459642498,0.0,0.0,0.0,0.00013722902625574256,0.00013722902625574256,0.00013722902625574256,0.9762834258300173,0.9762834258300173,0.9762834258300173,0.32821384726903735,0.32821384726903735,0.32821384726903735,-0.6191516935842758,-0.6191516935842758,-0.6191516935842758,3.1042974618947667,3.1042974618947667,3.1042974618947667,-1.2175655937220182,-1.2175655937220182,-1.2175655937220182,-7.103121215821672,-7.103121215821672,-7.103121215821672,0.0,0.0,0.0,42.94504936195326
319,2018-03-28 01:00:00,57.20901747921722,29.81450736381739,49.986442361858195,57.20901747921722,57.20901747921722,0.0,0.0,0.0,0.0,0.0,0.0,0.0,0.0,0.0,0.0,0.0,0.0,0.0,0.0,0.0,0.0,0.0,0.0,0.0,0.0,0.0,0.0,0.0,0.0,0.0,0.0,0.0,0.0,0.0,0.0,-17.190444815283307,-17.190444815283307,-17.190444815283307,-6.981561467215912,-6.981561467215912,-6.981561467215912,-1.3814620546297767,-1.3814620546297767,-1.3814620546297767,-6.140283155991232,-6.140283155991232,-6.140283155991232,-2.8457875013525396,-2.8457875013525396,-2.8457875013525396,0.0,0.0,0.0,-1.0702251606894555,-1.0702251606894555,-1.0702251606894555,0.9028657244079477,0.9028657244079477,0.9028657244079477,0.34330033682109845,0.34330033682109845,0.34330033682109845,-0.7159283444265673,-0.7159283444265673,-0.7159283444265673,3.0387260930250375,3.0387260930250375,3.0387260930250375,-1.373046156121939,-1.373046156121939,-1.373046156121939,-7.107326285101199,-7.107326285101199,-7.107326285101199,0.0,0.0,0.0,40.01857266393392
320,2018-03-28 02:00:00,57.20874404485291,28.540410086355646,48.59415443711783,57.20874404485291,57.20874404485291,0.0,0.0,0.0,0.0,0.0,0.0,0.0,0.0,0.0,0.0,0.0,0.0,0.0,0.0,0.0,0.0,0.0,0.0,0.0,0.0,0.0,0.0,0.0,0.0,0.0,0.0,0.0,0.0,0.0,0.0,-18.081993439496298,-18.081993439496298,-18.081993439496298,-7.891655316421453,-7.891655316421453,-7.891655316421453,-1.3814620546297767,-1.3814620546297767,-1.3814620546297767,-6.0595320789364475,-6.0595320789364475,-6.0595320789364475,-2.8409259460494654,-2.8409259460494654,-2.8409259460494654,0.0,0.0,0.0,-0.972919488897118,-0.972919488897118,-0.972919488897118,0.8912734557623577,0.8912734557623577,0.8912734557623577,0.37484481497540806,0.37484481497540806,0.37484481497540806,-0.7604167152615312,-0.7604167152615312,-0.7604167152615312,2.9807408664211255,2.9807408664211255,2.9807408664211255,-1.3699261448363216,-1.3699261448363216,-1.3699261448363216,-7.111546910559521,-7.111546910559521,-7.111546910559521,0.0,0.0,0.0,39.126750605356605
321,2018-03-28 03:00:00,57.20847061048859,29.875257094042823,49.796138519318255,57.20847061048859,57.20847061048859,0.0,0.0,0.0,0.0,0.0,0.0,0.0,0.0,0.0,0.0,0.0,0.0,0.0,0.0,0.0,0.0,0.0,0.0,0.0,0.0,0.0,0.0,0.0,0.0,0.0,0.0,0.0,0.0,0.0,0.0,-17.585152830715195,-17.585152830715195,-17.585152830715195,-7.767493586930702,-7.767493586930702,-7.767493586930702,-1.3814620546297767,-1.3814620546297767,-1.3814620546297767,-5.63225050719434,-5.63225050719434,-5.63225050719434,-2.7998728123790673,-2.7998728123790673,-2.7998728123790673,0.0,0.0,0.0,-0.8756138171047807,-0.8756138171047807,-0.8756138171047807,0.9299143512476574,0.9299143512476574,0.9299143512476574,0.477707243739461,0.477707243739461,0.477707243739461,-0.6889175478481964,-0.6889175478481964,-0.6889175478481964,2.9303741859854893,2.9303741859854893,2.9303741859854893,-1.2940058702196382,-1.2940058702196382,-1.2940058702196382,-7.115782922575644,-7.115782922575644,-7.115782922575644,0.0,0.0,0.0,39.623317779773394
322,2018-03-28 04:00:00,57.208197176124266,32.286690599137,52.70516869172428,57.208197176124266,57.208197176124266,0.0,0.0,0.0,0.0,0.0,0.0,0.0,0.0,0.0,0.0,0.0,0.0,0.0,0.0,0.0,0.0,0.0,0.0,0.0,0.0,0.0,0.0,0.0,0.0,0.0,0.0,0.0,0.0,0.0,0.0,-14.865153245673945,-14.865153245673945,-14.865153245673945,-6.149918982138657,-6.149918982138657,-6.149918982138657,-1.3814620546297767,-1.3814620546297767,-1.3814620546297767,-4.482726636977858,-4.482726636977858,-4.482726636977858,-2.7366725934391125,-2.7366725934391125,-2.7366725934391125,0.0,0.0,0.0,-0.7783081453124433,-0.7783081453124433,-0.7783081453124433,1.4736469520050905,1.4736469520050905,1.4736469520050905,0.5407962000480802,0.5407962000480802,0.5407962000480802,-0.3639213323330385,-0.3639213323330385,-0.3639213323330385,2.8875265236852794,2.8875265236852794,2.8875265236852794,-1.2368056633166573,-1.2368056633166573,-1.2368056633166573,-7.120034150242713,-7.120034150242713,-7.120034150242713,0.0,0.0,0.0,42.34304393045032
323,2018-03-28 05:00:00,57.207923741759956,36.32683222794281,56.40499966702526,57.207923741759956,57.207923741759956,0.0,0.0,0.0,0.0,0.0,0.0,0.0,0.0,0.0,0.0,0.0,0.0,0.0,0.0,0.0,0.0,0.0,0.0,0.0,0.0,0.0,0.0,0.0,0.0,0.0,0.0,0.0,0.0,0.0,0.0,-10.280671695519635,-10.280671695519635,-10.280671695519635,-3.310293775333115,-3.310293775333115,-3.310293775333115,-1.3814620546297767,-1.3814620546297767,-1.3814620546297767,-2.6980520751628343,-2.6980520751628343,-2.6980520751628343,-2.2732043212127757,-2.2732043212127757,-2.2732043212127757,0.0,0.0,0.0,-0.6810024735201059,-0.6810024735201059,-0.6810024735201059,2.156486776509603,2.156486776509603,2.156486776509603,0.5558826896001413,0.5558826896001413,0.5558826896001413,0.13397286983618337,0.13397286983618337,0.13397286983618337,2.8519745763461266,2.8519745763461266,2.8519745763461266,-1.208725561746103,-1.208725561746103,-1.208725561746103,-7.124300421369812,-7.124300421369812,-7.124300421369812,0.0,0.0,0.0,46.92725204624032
324,2018-03-28 06:00:00,57.20765030739563,41.573230216090145,62.39299443858534,57.20765030739563,57.20765030739563,0.0,0.0,0.0,0.0,0.0,0.0,0.0,0.0,0.0,0.0,0.0,0.0,0.0,0.0,0.0,0.0,0.0,0.0,0.0,0.0,0.0,0.0,0.0,0.0,0.0,0.0,0.0,0.0,0.0,0.0,-5.876508637993983,-5.876508637993983,-5.876508637993983,-0.20894001599925646,-0.20894001599925646,-0.20894001599925646,-1.3814620546297767,-1.3814620546297767,-1.3814620546297767,-1.3623678957110026,-1.3623678957110026,-1.3623678957110026,-1.9615246090046214,-1.9615246090046214,-1.9615246090046214,0.0,0.0,0.0,-0.5836968017277685,-0.5836968017277685,-0.5836968017277685,2.762596822836163,2.762596822836163,2.762596822836163,0.46079208878715017,0.46079208878715017,0.46079208878715017,0.42069175330177827,0.42069175330177827,0.42069175330177827,2.8233808362103625,2.8233808362103625,2.8233808362103625,-1.079765095273928,-1.079765095273928,-1.079765095273928,-7.1285815624940865,-7.1285815624940865,-7.1285815624940865,0.0,0.0,0.0,51.331141669401646
325,2018-03-28 07:00:00,57.207376873031315,44.59391240747402,64.21603517714775,57.207376873031315,57.207376873031315,0.0,0.0,0.0,0.0,0.0,0.0,0.0,0.0,0.0,0.0,0.0,0.0,0.0,0.0,0.0,0.0,0.0,0.0,0.0,0.0,0.0,0.0,0.0,0.0,0.0,0.0,0.0,0.0,0.0,0.0,-2.694892224912437,-2.694892224912437,-2.694892224912437,2.1681170107878383,2.1681170107878383,2.1681170107878383,-1.3814620546297767,-1.3814620546297767,-1.3814620546297767,-0.5314362504251108,-0.5314362504251108,-0.5314362504251108,-1.81621812272387,-1.81621812272387,-1.81621812272387,0.0,0.0,0.0,-0.48639112993543115,-0.48639112993543115,-0.48639112993543115,3.212487248843583,3.212487248843583,3.212487248843583,-0.09512219288879846,-0.09512219288879846,-0.09512219288879846,0.6574334409592644,0.6574334409592644,0.6574334409592644,2.8013044136050333,2.8013044136050333,2.8013044136050333,-0.6221634400500812,-0.6221634400500812,-0.6221634400500812,-7.132877398880199,-7.132877398880199,-7.132877398880199,0.0,0.0,0.0,54.51248464811888
326,2018-03-28 08:00:00,57.20710343866699,44.85817912882933,65.27299837181292,57.20710343866699,57.20710343866699,0.0,0.0,0.0,0.0,0.0,0.0,0.0,0.0,0.0,0.0,0.0,0.0,0.0,0.0,0.0,0.0,0.0,0.0,0.0,0.0,0.0,0.0,0.0,0.0,0.0,0.0,0.0,0.0,0.0,0.0,-2.3166053368727595,-2.3166053368727595,-2.3166053368727595,3.4538481407163,3.4538481407163,3.4538481407163,-1.3814620546297767,-1.3814620546297767,-1.3814620546297767,-1.4184786589012581,-1.4184786589012581,-1.4184786589012581,-1.6622688714598772,-1.6622688714598772,-1.6622688714598772,0.0,0.0,0.0,-0.38908545814309375,-0.38908545814309375,-0.38908545814309375,2.655506341062618,2.655506341062618,2.655506341062618,-1.0707151839220832,-1.0707151839220832,-1.0707151839220832,0.6845886803000865,0.6845886803000865,0.6845886803000865,2.7852129358456446,2.7852129358456446,2.7852129358456446,-0.2550421121091314,-0.2550421121091314,-0.2550421121091314,-7.137187754533446,-7.137187754533446,-7.137187754533446,0.0,0.0,0.0,54.89049810179423
327,2018-03-28 09:00:00,57.206830004302674,44.42383448161088,64.24256216018203,57.206830004302674,57.206830004302674,0.0,0.0,0.0,0.0,0.0,0.0,0.0,0.0,0.0,0.0,0.0,0.0,0.0,0.0,0.0,0.0,0.0,0.0,0.0,0.0,0.0,0.0,0.0,0.0,0.0,0.0,0.0,0.0,0.0,0.0,-3.202036238363126,-3.202036238363126,-3.202036238363126,3.9272992273185925,3.9272992273185925,3.9272992273185925,-1.3814620546297767,-1.3814620546297767,-1.3814620546297767,-2.7623183478049502,-2.7623183478049502,-2.7623183478049502,-2.0933267749990576,-2.0933267749990576,-2.0933267749990576,0.0,0.0,0.0,-0.2917797863507564,-0.2917797863507564,-0.2917797863507564,2.3585234586184565,2.3585234586184565,2.3585234586184565,-1.670517435204028,-1.670517435204028,-1.670517435204028,0.6643666935569211,0.6643666935569211,0.6643666935569211,2.7744953343274537,2.7744953343274537,2.7744953343274537,-0.34812244879670934,-0.34812244879670934,-0.34812244879670934,-7.141512452204222,-7.141512452204222,-7.141512452204222,0.0,0.0,0.0,54.004793765939546
328,2018-03-28 10:00:00,57.20655656993836,42.441229212391875,63.26370125832523,57.20655656993836,57.20655656993836,0.0,0.0,0.0,0.0,0.0,0.0,0.0,0.0,0.0,0.0,0.0,0.0,0.0,0.0,0.0,0.0,0.0,0.0,0.0,0.0,0.0,0.0,0.0,0.0,0.0,0.0,0.0,0.0,0.0,0.0,-4.104911083747516,-4.104911083747516,-4.104911083747516,3.9729756044307747,3.9729756044307747,3.9729756044307747,-1.3814620546297767,-1.3814620546297767,-1.3814620546297767,-3.700510697853207,-3.700510697853207,-3.700510697853207,-2.4050064872072117,-2.4050064872072117,-2.4050064872072117,0.0,0.0,0.0,-0.19447411455841898,-0.19447411455841898,-0.19447411455841898,2.198439748750786,2.198439748750786,2.198439748750786,-1.8145248354737018,-1.8145248354737018,-1.8145248354737018,0.599800778741243,0.599800778741243,0.599800778741243,2.768475323069321,2.768475323069321,2.768475323069321,-0.7032837334761268,-0.7032837334761268,-0.7032837334761268,-7.145851313394405,-7.145851313394405,-7.145851313394405,0.0,0.0,0.0,53.10164548619084
329,2018-03-28 11:00:00,57.20628313557404,41.084571077875246,60.877813520077076,57.20628313557404,57.20628313557404,0.0,0.0,0.0,0.0,0.0,0.0,0.0,0.0,0.0,0.0,0.0,0.0,0.0,0.0,0.0,0.0,0.0,0.0,0.0,0.0,0.0,0.0,0.0,0.0,0.0,0.0,0.0,0.0,0.0,0.0,-5.685051373086895,-5.685051373086895,-5.685051373086895,3.6021687522055283,3.6021687522055283,3.6021687522055283,-1.3814620546297767,-1.3814620546297767,-1.3814620546297767,-4.903441331738727,-4.903441331738727,-4.903441331738727,-2.5508531462994157,-2.5508531462994157,-2.5508531462994157,0.0,0.0,0.0,-0.09716844276608164,-0.09716844276608164,-0.09716844276608164,1.62434644439776,1.62434644439776,1.62434644439776,-1.8794424571825707,-1.8794424571825707,-1.8794424571825707,0.5394237040366492,0.5394237040366492,0.5394237040366492,2.766425364811756,2.766425364811756,2.766425364811756,-1.1582853792952925,-1.1582853792952925,-1.1582853792952925,-7.150204158365453,-7.150204158365453,-7.150204158365453,0.0,0.0,0.0,51.52123176248715
330,2018-03-28 12:00:00,57.206009701209716,40.917678382952026,59.98294683333981,57.206009701209716,57.206009701209716,0.0,0.0,0.0,0.0,0.0,0.0,0.0,0.0,0.0,0.0,0.0,0.0,0.0,0.0,0.0,0.0,0.0,0.0,0.0,0.0,0.0,0.0,0.0,0.0,0.0,0.0,0.0,0.0,0.0,0.0,-7.102174059299766,-7.102174059299766,-7.102174059299766,2.5734053440304776,2.5734053440304776,2.5734053440304776,-1.3814620546297767,-1.3814620546297767,-1.3814620546297767,-5.288589514486825,-5.288589514486825,-5.288589514486825,-2.69886049663743,-2.69886049663743,-2.69886049663743,0.0,0.0,0.0,0.00013722902625574256,0.00013722902625574256,0.00013722902625574256,1.4753029903830321,1.4753029903830321,1.4753029903830321,-1.8876714514836952,-1.8876714514836952,-1.8876714514836952,0.3991697816965522,0.3991697816965522,0.3991697816965522,2.767580917302418,2.767580917302418,2.767580917302418,-1.195205512841762,-1.195205512841762,-1.195205512841762,-7.154570806145836,-7.154570806145836,-7.154570806145836,0.0,0.0,0.0,50.10383564190995
331,2018-03-28 13:00:00,57.2057362668454,39.051122193475486,57.38812066986963,57.2057362668454,57.2057362668454,0.0,0.0,0.0,0.0,0.0,0.0,0.0,0.0,0.0,0.0,0.0,0.0,0.0,0.0,0.0,0.0,0.0,0.0,0.0,0.0,0.0,0.0,0.0,0.0,0.0,0.0,0.0,0.0,0.0,0.0,-8.759277969985515,-8.759277969985515,-8.759277969985515,0.9767079133467359,0.9767079133467359,0.9767079133467359,-1.3814620546297767,-1.3814620546297767,-1.3814620546297767,-5.348189560124154,-5.348189560124154,-5.348189560124154,-2.859831994450307,-2.859831994450307,-2.859831994450307,0.0,0.0,0.0,0.09744290081859312,0.09744290081859312,0.09744290081859312,1.4460463123727336,1.4460463123727336,1.4460463123727336,-1.8364688202766999,-1.8364688202766999,-1.8364688202766999,0.26064917250586933,0.26064917250586933,0.26064917250586933,2.771154751329192,2.771154751329192,2.771154751329192,-1.074565076464566,-1.074565076464566,-1.074565076464566,-7.158951074537289,-7.158951074537289,-7.158951074537289,0.0,0.0,0.0,48.44645829685989
332,2018-03-28 14:00:00,57.20546283248108,36.888935975452995,56.52233798944288,57.20546283248108,57.20546283248108,0.0,0.0,0.0,0.0,0.0,0.0,0.0,0.0,0.0,0.0,0.0,0.0,0.0,0.0,0.0,0.0,0.0,0.0,0.0,0.0,0.0,0.0,0.0,0.0,0.0,0.0,0.0,0.0,0.0,0.0,-10.065583805552784,-10.065583805552784,-10.065583805552784,-0.4060752666320776,-0.4060752666320776,-0.4060752666320776,-1.3814620546297767,-1.3814620546297767,-1.3814620546297767,-5.272514892323152,-5.272514892323152,-5.272514892323152,-2.9181706580871882,-2.9181706580871882,-2.9181706580871882,0.0,0.0,0.0,0.1947485726109305,0.1947485726109305,0.1947485726109305,1.4543265042624405,1.4543265042624405,1.4543265042624405,-1.7084622422592115,-1.7084622422592115,-1.7084622422592115,0.17875012619604955,0.17875012619604955,0.17875012619604955,2.7763511335233866,2.7763511335233866,2.7763511335233866,-1.0922451404163964,-1.0922451404163964,-1.0922451404163964,-7.163344780120941,-7.163344780120941,-7.163344780120941,0.0,0.0,0.0,47.1398790269283
333,2018-03-28 15:00:00,57.20518939811676,37.362406589664126,57.22017926068123,57.20518939811676,57.20518939811676,0.0,0.0,0.0,0.0,0.0,0.0,0.0,0.0,0.0,0.0,0.0,0.0,0.0,0.0,0.0,0.0,0.0,0.0,0.0,0.0,0.0,0.0,0.0,0.0,0.0,0.0,0.0,0.0,0.0,0.0,-9.787615657854975,-9.787615657854975,-9.787615657854975,-0.4891030850713656,-0.4891030850713656,-0.4891030850713656,-1.3814620546297767,-1.3814620546297767,-1.3814620546297767,-4.913140506492928,-4.913140506492928,-4.913140506492928,-2.916009966841378,-2.916009966841378,-2.916009966841378,0.0,0.0,0.0,0.2920542444032679,0.2920542444032679,0.2920542444032679,1.5547928325242202,1.5547928325242202,1.5547928325242202,-1.4501632544739231,-1.4501632544739231,-1.4501632544739231,0.1235729909396983,0.1235729909396983,0.1235729909396983,2.7823796719789393,2.7823796719789393,2.7823796719789393,-1.1359252984150365,-1.1359252984150365,-1.1359252984150365,-7.167751738269622,-7.167751738269622,-7.167751738269622,0.0,0.0,0.0,47.41757374026179
334,2018-03-28 16:00:00,57.20491596375244,39.49140317778606,59.82411772385989,57.20491596375244,57.20491596375244,0.0,0.0,0.0,0.0,0.0,0.0,0.0,0.0,0.0,0.0,0.0,0.0,0.0,0.0,0.0,0.0,0.0,0.0,0.0,0.0,0.0,0.0,0.0,0.0,0.0,0.0,0.0,0.0,0.0,0.0,-7.251686092020058,-7.251686092020058,-7.251686092020058,1.2092236673135879,1.2092236673135879,1.2092236673135879,-1.3814620546297767,-1.3814620546297767,-1.3814620546297767,-4.07720662553225,-4.07720662553225,-4.07720662553225,-2.8447071557296337,-2.8447071557296337,-2.8447071557296337,0.0,0.0,0.0,0.3893599161956052,0.3893599161956052,0.3893599161956052,1.8203109857874948,1.8203109857874948,1.8203109857874948,-1.0208840517652755,-1.0208840517652755,-1.0208840517652755,0.026940782859858025,0.026940782859858025,0.026940782859858025,2.788468629347486,2.788468629347486,2.788468629347486,-1.0667650482505233,-1.0667650482505233,-1.0667650482505233,-7.172171763148881,-7.172171763148881,-7.172171763148881,0.0,0.0,0.0,49.95322987173238
335,2018-03-28 17:00:00,57.204642529388124,44.18554142562638,64.46021648902442,57.204642529388124,57.204642529388124,0.0,0.0,0.0,0.0,0.0,0.0,0.0,0.0,0.0,0.0,0.0,0.0,0.0,0.0,0.0,0.0,0.0,0.0,0.0,0.0,0.0,0.0,0.0,0.0,0.0,0.0,0.0,0.0,0.0,0.0,-3.146743199921029,-3.146743199921029,-3.146743199921029,3.961133440907415,3.961133440907415,3.961133440907415,-1.3814620546297767,-1.3814620546297767,-1.3814620546297767,-2.725149491305354,-2.725149491305354,-2.725149491305354,-2.6405218330005487,-2.6405218330005487,-2.6405218330005487,0.0,0.0,0.0,0.4866655879879426,0.4866655879879426,0.4866655879879426,2.041116102846351,2.041116102846351,2.041116102846351,-0.3351345266715888,-0.3351345266715888,-0.3351345266715888,0.03575179136938009,0.03575179136938009,0.03575179136938009,2.793877518204512,2.793877518204512,2.793877518204512,-0.9315645592071139,-0.9315645592071139,-0.9315645592071139,-7.176604667727601,-7.176604667727601,-7.176604667727601,0.0,0.0,0.0,54.0578993294671
336,2018-03-28 18:00:00,57.26606849613185,48.16284462004304,68.71695685775133,57.26606849613185,57.26606849613185,0.0,0.0,0.0,0.0,0.0,0.0,0.0,0.0,0.0,0.0,0.0,0.0,0.0,0.0,0.0,0.0,0.0,0.0,0.0,0.0,0.0,0.0,0.0,0.0,0.0,0.0,0.0,0.0,0.0,0.0,0.6681185452697787,0.6681185452697787,0.6681185452697787,6.12947478398692,6.12947478398692,6.12947478398692,-1.4123928987368632,-1.4123928987368632,-1.4123928987368632,-1.1697495604823271,-1.1697495604823271,-1.1697495604823271,-2.619731891557058,-2.619731891557058,-2.619731891557058,0.0,0.0,0.0,0.6294777408750736,0.6294777408750736,0.6294777408750736,2.5442166383608655,2.5442166383608655,2.5442166383608655,0.1788772404189252,0.1788772404189252,0.1788772404189252,0.23447259425171177,0.23447259425171177,0.23447259425171177,2.8262837530599416,2.8262837530599416,2.8262837530599416,-0.7246689840949819,-0.7246689840949819,-0.7246689840949819,-7.1178904312947555,-7.1178904312947555,-7.1178904312947555,0.0,0.0,0.0,57.93418704140163
337,2018-03-28 19:00:00,57.26580715617469,48.697949693764414,69.18634919116728,57.26580715617469,57.26580715617469,0.0,0.0,0.0,0.0,0.0,0.0,0.0,0.0,0.0,0.0,0.0,0.0,0.0,0.0,0.0,0.0,0.0,0.0,0.0,0.0,0.0,0.0,0.0,0.0,0.0,0.0,0.0,0.0,0.0,0.0,1.8115446984422363,1.8115446984422363,1.8115446984422363,6.404007803892402,6.404007803892402,6.404007803892402,-1.4123928987368632,-1.4123928987368632,-1.4123928987368632,-0.2972858102134755,-0.2972858102134755,-0.2972858102134755,-2.5430393780642206,-2.5430393780642206,-2.5430393780642206,0.0,0.0,0.0,0.734366064739672,0.734366064739672,0.734366064739672,2.8279146853609634,2.8279146853609634,2.8279146853609634,0.304009216000643,0.304009216000643,0.304009216000643,0.45582894014671255,0.45582894014671255,0.45582894014671255,2.8271154498456936,2.8271154498456936,2.8271154498456936,-0.663972439660382,-0.663972439660382,-0.663972439660382,-7.122292745082385,-7.122292745082385,-7.122292745082385,0.0,0.0,0.0,59.07735185461692
338,2018-03-28 20:00:00,57.26554581621752,45.84996423605259,65.12102833129461,57.26554581621752,57.26554581621752,0.0,0.0,0.0,0.0,0.0,0.0,0.0,0.0,0.0,0.0,0.0,0.0,0.0,0.0,0.0,0.0,0.0,0.0,0.0,0.0,0.0,0.0,0.0,0.0,0.0,0.0,0.0,0.0,0.0,0.0,-1.0726155369890227,-1.0726155369890227,-1.0726155369890227,4.498956613487314,4.498956613487314,4.498956613487314,-1.4123928987368632,-1.4123928987368632,-1.4123928987368632,-1.270235868098175,-1.270235868098175,-1.270235868098175,-2.591448127715729,-2.591448127715729,-2.591448127715729,0.0,0.0,0.0,0.8392543886042705,0.8392543886042705,0.8392543886042705,2.2945846954296774,2.2945846954296774,2.2945846954296774,0.31356790857980205,0.31356790857980205,0.31356790857980205,0.16620915338860834,0.16620915338860834,0.16620915338860834,2.825371671239143,2.825371671239143,2.825371671239143,-0.8800109876479413,-0.8800109876479413,-0.8800109876479413,-7.126707953617303,-7.126707953617303,-7.126707953617303,0.0,0.0,0.0,56.1929302792285
339,2018-03-28 21:00:00,57.265284476260355,43.3675407389109,62.801552635168164,57.265284476260355,57.265284476260355,0.0,0.0,0.0,0.0,0.0,0.0,0.0,0.0,0.0,0.0,0.0,0.0,0.0,0.0,0.0,0.0,0.0,0.0,0.0,0.0,0.0,0.0,0.0,0.0,0.0,0.0,0.0,0.0,0.0,0.0,-4.46032660649759,-4.46032660649759,-4.46032660649759,1.3719276773540041,1.3719276773540041,1.3719276773540041,-1.4123928987368632,-1.4123928987368632,-1.4123928987368632,-1.521659644218503,-1.521659644218503,-1.521659644218503,-2.446765797296616,-2.446765797296616,-2.446765797296616,0.0,0.0,0.0,0.9441427124688688,0.9441427124688688,0.9441427124688688,2.1577618184315988,2.1577618184315988,2.1577618184315988,0.31487136665877824,0.31487136665877824,0.31487136665877824,-0.09741911404505064,-0.09741911404505064,-0.09741911404505064,2.820541226310262,2.820541226310262,2.820541226310262,-0.981857731699219,-0.981857731699219,-0.981857731699219,-7.131135865943353,-7.131135865943353,-7.131135865943353,0.0,0.0,0.0,52.80495786976277
340,2018-03-28 22:00:00,57.26502313630319,40.197670387463944,59.31616530389577,57.26502313630319,57.26502313630319,0.0,0.0,0.0,0.0,0.0,0.0,0.0,0.0,0.0,0.0,0.0,0.0,0.0,0.0,0.0,0.0,0.0,0.0,0.0,0.0,0.0,0.0,0.0,0.0,0.0,0.0,0.0,0.0,0.0,0.0,-7.7497780185840766,-7.7497780185840766,-7.7497780185840766,-1.683181704891117,-1.683181704891117,-1.683181704891117,-1.4123928987368632,-1.4123928987368632,-1.4123928987368632,-1.7432104990077264,-1.7432104990077264,-1.7432104990077264,-2.546302889276682,-2.546302889276682,-2.546302889276682,0.0,0.0,0.0,1.0490310363334672,1.0490310363334672,1.0490310363334672,2.151060289762305,2.151060289762305,2.151060289762305,0.3166093107640799,0.3166093107640799,0.3166093107640799,-0.35433528582899027,-0.35433528582899027,-0.35433528582899027,2.812190475238156,2.812190475238156,2.812190475238156,-0.9468800620250428,-0.9468800620250428,-0.9468800620250428,-7.135576289923389,-7.135576289923389,-7.135576289923389,0.0,0.0,0.0,49.51524511771912
341,2018-03-28 23:00:00,57.26476179634603,37.1465311425053,57.53361720821803,57.26476179634603,57.26476179634603,0.0,0.0,0.0,0.0,0.0,0.0,0.0,0.0,0.0,0.0,0.0,0.0,0.0,0.0,0.0,0.0,0.0,0.0,0.0,0.0,0.0,0.0,0.0,0.0,0.0,0.0,0.0,0.0,0.0,0.0,-10.069820395929682,-10.069820395929682,-10.069820395929682,-3.9696381938493177,-3.9696381938493177,-3.9696381938493177,-1.4123928987368632,-1.4123928987368632,-1.4123928987368632,-1.7601217962297502,-1.7601217962297502,-1.7601217962297502,-2.593623801857369,-2.593623801857369,-2.593623801857369,0.0,0.0,0.0,1.1539193601980655,1.1539193601980655,1.1539193601980655,2.0555635062248707,2.0555635062248707,2.0555635062248707,0.34571987452788233,0.34571987452788233,0.34571987452788233,-0.6268178070984493,-0.6268178070984493,-0.6268178070984493,2.7999686263987353,2.7999686263987353,2.7999686263987353,-0.682490029487887,-0.682490029487887,-0.682490029487887,-7.140029032249351,-7.140029032249351,-7.140029032249351,0.0,0.0,0.0,47.19494140041635
342,2018-03-29 00:00:00,57.26450045638886,35.17047280332174,55.16215534182542,57.26450045638886,57.26450045638886,0.0,0.0,0.0,0.0,0.0,0.0,0.0,0.0,0.0,0.0,0.0,0.0,0.0,0.0,0.0,0.0,0.0,0.0,0.0,0.0,0.0,0.0,0.0,0.0,0.0,0.0,0.0,0.0,0.0,0.0,-12.218844138311065,-12.218844138311065,-12.218844138311065,-5.5950493759852264,-5.5950493759852264,-5.5950493759852264,-0.4709634534367003,-0.4709634534367003,-0.4709634534367003,-2.2629123358759062,-2.2629123358759062,-2.2629123358759062,-2.6142927062029564,-2.6142927062029564,-2.6142927062029564,0.0,0.0,0.0,0.00014779768748319127,0.00014779768748319127,0.00014779768748319127,1.8305038350810925,1.8305038350810925,1.8305038350810925,0.42175492913482887,0.42175492913482887,0.42175492913482887,-0.8154705380192855,-0.8154705380192855,-0.8154705380192855,2.783611472001143,2.783611472001143,2.783611472001143,-0.6145922001203683,-0.6145922001203683,-0.6145922001203683,-7.144493898451076,-7.144493898451076,-7.144493898451076,0.0,0.0,0.0,45.045656318077796
343,2018-03-29 01:00:00,57.264239116431696,33.05582286775887,52.44377475987014,57.264239116431696,57.264239116431696,0.0,0.0,0.0,0.0,0.0,0.0,0.0,0.0,0.0,0.0,0.0,0.0,0.0,0.0,0.0,0.0,0.0,0.0,0.0,0.0,0.0,0.0,0.0,0.0,0.0,0.0,0.0,0.0,0.0,0.0,-14.896718844119071,-14.896718844119071,-14.896718844119071,-6.89738134568186,-6.89738134568186,-6.89738134568186,-0.4709634534367003,-0.4709634534367003,-0.4709634534367003,-3.613310329123394,-3.613310329123394,-3.613310329123394,-2.4500293085090767,-2.4500293085090767,-2.4500293085090767,0.0,0.0,0.0,-1.1536237648230991,-1.1536237648230991,-1.1536237648230991,1.4630366797148242,1.4630366797148242,1.4630366797148242,0.46563801779369524,0.46563801779369524,0.46563801779369524,-0.9021565392826824,-0.9021565392826824,-0.9021565392826824,2.7629435235881754,2.7629435235881754,2.7629435235881754,-0.5652119605803548,-0.5652119605803548,-0.5652119605803548,-7.148970692901994,-7.148970692901994,-7.148970692901994,0.0,0.0,0.0,42.367520272312625
344,2018-03-29 02:00:00,57.26397777647453,31.210757797557243,50.85054276577066,57.26397777647453,57.26397777647453,0.0,0.0,0.0,0.0,0.0,0.0,0.0,0.0,0.0,0.0,0.0,0.0,0.0,0.0,0.0,0.0,0.0,0.0,0.0,0.0,0.0,0.0,0.0,0.0,0.0,0.0,0.0,0.0,0.0,0.0,-16.32088842684672,-16.32088842684672,-16.32088842684672,-7.777263683380255,-7.777263683380255,-7.777263683380255,-0.4709634534367003,-0.4709634534367003,-0.4709634534367003,-4.128044056740207,-4.128044056740207,-4.128044056740207,-2.6344176920131335,-2.6344176920131335,-2.6344176920131335,0.0,0.0,0.0,-1.0487354409585008,-1.0487354409585008,-1.0487354409585008,1.2653415839706619,1.2653415839706619,1.2653415839706619,0.521686715189673,0.521686715189673,0.521686715189673,-0.9745614859722085,-0.9745614859722085,-0.9745614859722085,2.7378785321026635,2.7378785321026635,2.7378785321026635,-0.7863942835199987,-0.7863942835199987,-0.7863942835199987,-7.15345921882892,-7.15345921882892,-7.15345921882892,0.0,0.0,0.0,40.94308934962781
345,2018-03-29 03:00:00,57.26371643651736,30.748177736200983,50.953330453254154,57.26371643651736,57.26371643651736,0.0,0.0,0.0,0.0,0.0,0.0,0.0,0.0,0.0,0.0,0.0,0.0,0.0,0.0,0.0,0.0,0.0,0.0,0.0,0.0,0.0,0.0,0.0,0.0,0.0,0.0,0.0,0.0,0.0,0.0,-16.40811213766538,-16.40811213766538,-16.40811213766538,-7.649037413854247,-7.649037413854247,-7.649037413854247,-0.4709634534367003,-0.4709634534367003,-0.4709634534367003,-4.309533846213276,-4.309533846213276,-4.309533846213276,-2.742113562024353,-2.742113562024353,-2.742113562024353,0.0,0.0,0.0,-0.9438471170939025,-0.9438471170939025,-0.9438471170939025,1.2134047367836363,1.2134047367836363,1.2134047367836363,0.5338523239267845,0.5338523239267845,0.5338523239267845,-0.9735618121520375,-0.9735618121520375,-0.9735618121520375,2.708418400722,2.708418400722,2.708418400722,-0.9263049622167038,-0.9263049622167038,-0.9263049622167038,-7.157959278319856,-7.157959278319856,-7.157959278319856,0.0,0.0,0.0,40.855604298851986
346,2018-03-29 04:00:00,57.26345509656019,33.49220019991065,53.04027542501247,57.26345509656019,57.26345509656019,0.0,0.0,0.0,0.0,0.0,0.0,0.0,0.0,0.0,0.0,0.0,0.0,0.0,0.0,0.0,0.0,0.0,0.0,0.0,0.0,0.0,0.0,0.0,0.0,0.0,0.0,0.0,0.0,0.0,0.0,-14.468976241373873,-14.468976241373873,-14.468976241373873,-6.044227621321893,-6.044227621321893,-6.044227621321893,-0.4709634534367003,-0.4709634534367003,-0.4709634534367003,-3.9369284698258165,-3.9369284698258165,-3.9369284698258165,-2.674123745098078,-2.674123745098078,-2.674123745098078,0.0,0.0,0.0,-0.838958793229304,-0.838958793229304,-0.838958793229304,1.359162985340773,1.359162985340773,1.359162985340773,0.5616594296116106,0.5616594296116106,0.5616594296116106,-0.8321793718707144,-0.8321793718707144,-0.8321793718707144,2.674650522105333,2.674650522105333,2.674650522105333,-1.041525521143402,-1.041525521143402,-1.041525521143402,-7.162470672331497,-7.162470672331497,-7.162470672331497,0.0,0.0,0.0,42.79447885518632
347,2018-03-29 05:00:00,57.26319375660303,35.89770976780814,55.80785339780909,57.26319375660303,57.26319375660303,0.0,0.0,0.0,0.0,0.0,0.0,0.0,0.0,0.0,0.0,0.0,0.0,0.0,0.0,0.0,0.0,0.0,0.0,0.0,0.0,0.0,0.0,0.0,0.0,0.0,0.0,0.0,0.0,0.0,0.0,-11.525589336990787,-11.525589336990787,-11.525589336990787,-3.221787018852184,-3.221787018852184,-3.221787018852184,-0.4709634534367003,-0.4709634534367003,-0.4709634534367003,-3.7735527117895256,-3.7735527117895256,-3.7735527117895256,-2.699143997726947,-2.699143997726947,-2.699143997726947,0.0,0.0,0.0,-0.7340704693647057,-0.7340704693647057,-0.7340704693647057,1.2820954056438958,1.2820954056438958,1.2820954056438958,0.5677422339801664,0.5677422339801664,0.5677422339801664,-0.6211053852689008,-0.6211053852689008,-0.6211053852689008,2.636743594350749,2.636743594350749,2.636743594350749,-1.0981070456163342,-1.0981070456163342,-1.0981070456163342,-7.1669932006998245,-7.1669932006998245,-7.1669932006998245,0.0,0.0,0.0,45.73760441961224
348,2018-03-29 06:00:00,57.262932416645874,40.02472264146394,58.781703773435005,57.262932416645874,57.262932416645874,0.0,0.0,0.0,0.0,0.0,0.0,0.0,0.0,0.0,0.0,0.0,0.0,0.0,0.0,0.0,0.0,0.0,0.0,0.0,0.0,0.0,0.0,0.0,0.0,0.0,0.0,0.0,0.0,0.0,0.0,-7.903460106753556,-7.903460106753556,-7.903460106753556,-0.13768150411091232,-0.13768150411091232,-0.13768150411091232,-0.4709634534367003,-0.4709634534367003,-0.4709634534367003,-3.189193932574111,-3.189193932574111,-3.189193932574111,-2.681738604593821,-2.681738604593821,-2.681738604593821,0.0,0.0,0.0,-0.6291821455001072,-0.6291821455001072,-0.6291821455001072,1.5456888666361126,1.5456888666361126,1.5456888666361126,0.5021348440050296,0.5021348440050296,0.5021348440050296,-0.5144259076020844,-0.5144259076020844,-0.5144259076020844,2.594941992077605,2.594941992077605,2.594941992077605,-0.9407075320825411,-0.9407075320825411,-0.9407075320825411,-7.171526662146137,-7.171526662146137,-7.171526662146137,0.0,0.0,0.0,49.35947230989232
349,2018-03-29 07:00:00,57.262671076688704,42.15085140987472,61.526371014051115,57.262671076688704,57.262671076688704,0.0,0.0,0.0,0.0,0.0,0.0,0.0,0.0,0.0,0.0,0.0,0.0,0.0,0.0,0.0,0.0,0.0,0.0,0.0,0.0,0.0,0.0,0.0,0.0,0.0,0.0,0.0,0.0,0.0,0.0,-5.0380784207486125,-5.0380784207486125,-5.0380784207486125,2.2177945854880705,2.2177945854880705,2.2177945854880705,-0.4709634534367003,-0.4709634534367003,-0.4709634534367003,-2.6293609420021404,-2.6293609420021404,-2.6293609420021404,-2.9749106951799167,-2.9749106951799167,-2.9749106951799167,0.0,0.0,0.0,-0.5242938216355089,-0.5242938216355089,-0.5242938216355089,2.1895940796107434,2.1895940796107434,2.1895940796107434,0.1423804142075908,0.1423804142075908,0.1423804142075908,-0.22637703684710592,-0.22637703684710592,-0.22637703684710592,2.549558790052669,2.549558790052669,2.549558790052669,-0.7647904287212429,-0.7647904287212429,-0.7647904287212429,-7.176070854287212,-7.176070854287212,-7.176070854287212,0.0,0.0,0.0,52.22459265594009
350,2018-03-29 08:00:00,57.26240973673154,43.53558566618029,63.21261623700166,57.26240973673154,57.26240973673154,0.0,0.0,0.0,0.0,0.0,0.0,0.0,0.0,0.0,0.0,0.0,0.0,0.0,0.0,0.0,0.0,0.0,0.0,0.0,0.0,0.0,0.0,0.0,0.0,0.0,0.0,0.0,0.0,0.0,0.0,-3.805010923223688,-3.805010923223688,-3.805010923223688,3.473622724612247,3.473622724612247,3.473622724612247,-0.4709634534367003,-0.4709634534367003,-0.4709634534367003,-2.598975630155151,-2.598975630155151,-2.598975630155151,-2.9944917624546843,-2.9944917624546843,-2.9944917624546843,0.0,0.0,0.0,-0.4194054977709104,-0.4194054977709104,-0.4194054977709104,2.476642890945488,2.476642890945488,2.476642890945488,-0.2990573885390249,-0.2990573885390249,-0.2990573885390249,-0.04100894847826013,-0.04100894847826013,-0.04100894847826013,2.5009675559612106,2.5009675559612106,2.5009675559612106,-0.8506914704210582,-0.8506914704210582,-0.8506914704210582,-7.180625573641995,-7.180625573641995,-7.180625573641995,0.0,0.0,0.0,53.45739881350785
351,2018-03-29 09:00:00,57.26214839677437,43.28265935246784,63.61958238171937,57.26214839677437,57.26214839677437,0.0,0.0,0.0,0.0,0.0,0.0,0.0,0.0,0.0,0.0,0.0,0.0,0.0,0.0,0.0,0.0,0.0,0.0,0.0,0.0,0.0,0.0,0.0,0.0,0.0,0.0,0.0,0.0,0.0,0.0,-3.7665426125957495,-3.7665426125957495,-3.7665426125957495,3.9130854427071675,3.9130854427071675,3.9130854427071675,-0.4709634534367003,-0.4709634534367003,-0.4709634534367003,-2.944030487017624,-2.944030487017624,-2.944030487017624,-3.061393742310138,-3.061393742310138,-3.061393742310138,0.0,0.0,0.0,-0.314517173906312,-0.314517173906312,-0.314517173906312,2.5028905449002217,2.5028905449002217,2.5028905449002217,-0.6805361196527342,-0.6805361196527342,-0.6805361196527342,0.02582638692745623,0.02582638692745623,0.02582638692745623,2.4495930473570637,2.4495930473570637,2.4495930473570637,-0.9453369295394174,-0.9453369295394174,-0.9453369295394174,-7.185190615642355,-7.185190615642355,-7.185190615642355,0.0,0.0,0.0,53.49560578417862
352,2018-03-29 10:00:00,57.26188705681721,42.640720454423764,62.11593167367046,57.26188705681721,57.26188705681721,0.0,0.0,0.0,0.0,0.0,0.0,0.0,0.0,0.0,0.0,0.0,0.0,0.0,0.0,0.0,0.0,0.0,0.0,0.0,0.0,0.0,0.0,0.0,0.0,0.0,0.0,0.0,0.0,0.0,0.0,-4.790471401916985,-4.790471401916985,-4.790471401916985,3.9314438114134305,3.9314438114134305,3.9314438114134305,-0.4709634534367003,-0.4709634534367003,-0.4709634534367003,-3.9280504018769102,-3.9280504018769102,-3.9280504018769102,-3.143525441157078,-3.143525441157078,-3.143525441157078,0.0,0.0,0.0,-0.2096288500417136,-0.2096288500417136,-0.2096288500417136,1.8964022003291467,1.8964022003291467,1.8964022003291467,-0.8786617476571207,-0.8786617476571207,-0.8786617476571207,-0.0065916069552309775,-0.0065916069552309775,-0.0065916069552309775,2.3959009631879664,2.3959009631879664,2.3959009631879664,-1.115081502958214,-1.115081502958214,-1.115081502958214,-7.1897657746414705,-7.1897657746414705,-7.1897657746414705,0.0,0.0,0.0,52.47141565490023
353,2018-03-29 11:00:00,57.261625716860046,41.93478213452605,61.45943239658945,57.261625716860046,57.261625716860046,0.0,0.0,0.0,0.0,0.0,0.0,0.0,0.0,0.0,0.0,0.0,0.0,0.0,0.0,0.0,0.0,0.0,0.0,0.0,0.0,0.0,0.0,0.0,0.0,0.0,0.0,0.0,0.0,0.0,0.0,-5.576426730799803,-5.576426730799803,-5.576426730799803,3.547756444597517,3.547756444597517,3.547756444597517,-0.4709634534367003,-0.4709634534367003,-0.4709634534367003,-4.270219246352177,-4.270219246352177,-4.270219246352177,-3.110890329032466,-3.110890329032466,-3.110890329032466,0.0,0.0,0.0,-0.10474052617711521,-0.10474052617711521,-0.10474052617711521,1.8863499073252064,1.8863499073252064,1.8863499073252064,-1.1063324254516351,-1.1063324254516351,-1.1063324254516351,-0.03972365356661174,-0.03972365356661174,-0.03972365356661174,2.3403869148757996,2.3403869148757996,2.3403869148757996,-1.3239187660128544,-1.3239187660128544,-1.3239187660128544,-7.194350843920944,-7.194350843920944,-7.194350843920944,0.0,0.0,0.0,51.68519898606024
354,2018-03-29 12:00:00,57.261364376902876,39.24247868893083,58.80995796900051,57.261364376902876,57.261364376902876,0.0,0.0,0.0,0.0,0.0,0.0,0.0,0.0,0.0,0.0,0.0,0.0,0.0,0.0,0.0,0.0,0.0,0.0,0.0,0.0,0.0,0.0,0.0,0.0,0.0,0.0,0.0,0.0,0.0,0.0,-7.988371328908812,-7.988371328908812,-7.988371328908812,2.5181636159970417,2.5181636159970417,2.5181636159970417,-0.4709634534367003,-0.4709634534367003,-0.4709634534367003,-5.5911541221187315,-5.5911541221187315,-5.5911541221187315,-3.167457856715127,-3.167457856715127,-3.167457856715127,0.0,0.0,0.0,0.00014779768748319127,0.00014779768748319127,0.00014779768748319127,1.1408048428662882,1.1408048428662882,1.1408048428662882,-1.2922924447189101,-1.2922924447189101,-1.2922924447189101,-0.12255377009506364,-0.12255377009506364,-0.12255377009506364,2.2835647929145586,2.2835647929145586,2.2835647929145586,-1.678839237706702,-1.678839237706702,-1.678839237706702,-7.198945615701681,-7.198945615701681,-7.198945615701681,0.0,0.0,0.0,49.27299304799406
355,2018-03-29 13:00:00,57.261103036945705,37.528176410602256,57.35862079601736,57.261103036945705,57.261103036945705,0.0,0.0,0.0,0.0,0.0,0.0,0.0,0.0,0.0,0.0,0.0,0.0,0.0,0.0,0.0,0.0,0.0,0.0,0.0,0.0,0.0,0.0,0.0,0.0,0.0,0.0,0.0,0.0,0.0,0.0,-10.275053047554094,-10.275053047554094,-10.275053047554094,0.9230104276781579,0.9230104276781579,0.9230104276781579,-0.4709634534367003,-0.4709634534367003,-0.4709634534367003,-6.22046830873104,-6.22046830873104,-6.22046830873104,-3.172897042069229,-3.172897042069229,-3.172897042069229,0.0,0.0,0.0,0.1050361215520816,0.1050361215520816,0.1050361215520816,0.8492883457520148,0.8492883457520148,0.8492883457520148,-1.3426928237726576,-1.3426928237726576,-1.3426928237726576,-0.28050223368207705,-0.28050223368207705,-0.28050223368207705,2.2259547146495917,2.2259547146495917,2.2259547146495917,-1.9077372230744731,-1.9077372230744731,-1.9077372230744731,-7.203549881150803,-7.203549881150803,-7.203549881150803,0.0,0.0,0.0,46.98604998939161
356,2018-03-29 14:00:00,57.26084169698854,35.69483567587636,55.110669467879745,57.26084169698854,57.26084169698854,0.0,0.0,0.0,0.0,0.0,0.0,0.0,0.0,0.0,0.0,0.0,0.0,0.0,0.0,0.0,0.0,0.0,0.0,0.0,0.0,0.0,0.0,0.0,0.0,0.0,0.0,0.0,0.0,0.0,0.0,-11.900055744792002,-11.900055744792002,-11.900055744792002,-0.4627917031256648,-0.4627917031256648,-0.4627917031256648,-0.4709634534367003,-0.4709634534367003,-0.4709634534367003,-6.397171356515053,-6.397171356515053,-6.397171356515053,-3.233815918035171,-3.233815918035171,-3.233815918035171,0.0,0.0,0.0,0.20992444541667998,0.20992444541667998,0.20992444541667998,0.8286252990216928,0.8286252990216928,0.8286252990216928,-1.2957683329295135,-1.2957683329295135,-1.2957683329295135,-0.3854679848000291,-0.3854679848000291,-0.3854679848000291,2.168070745241977,2.168070745241977,2.168070745241977,-2.049705411752012,-2.049705411752012,-2.049705411752012,-7.208163430393263,-7.208163430393263,-7.208163430393263,0.0,0.0,0.0,45.36078595219654
357,2018-03-29 15:00:00,57.26058035703139,35.39609429757785,55.43256752415116,57.26058035703139,57.26058035703139,0.0,0.0,0.0,0.0,0.0,0.0,0.0,0.0,0.0,0.0,0.0,0.0,0.0,0.0,0.0,0.0,0.0,0.0,0.0,0.0,0.0,0.0,0.0,0.0,0.0,0.0,0.0,0.0,0.0,0.0,-12.173860084943547,-12.173860084943547,-12.173860084943547,-0.5508832261626689,-0.5508832261626689,-0.5508832261626689,-0.4709634534367003,-0.4709634534367003,-0.4709634534367003,-6.5205993940973155,-6.5205993940973155,-6.5205993940973155,-3.2267449770748384,-3.2267449770748384,-3.2267449770748384,0.0,0.0,0.0,0.3148127692812784,0.3148127692812784,0.3148127692812784,0.7348038976515817,0.7348038976515817,0.7348038976515817,-1.1145876599518179,-1.1145876599518179,-1.1145876599518179,-0.43559448635431636,-0.43559448635431636,-0.43559448635431636,2.11040858783541,2.11040858783541,2.11040858783541,-2.322325484212503,-2.322325484212503,-2.322325484212503,-7.212786052518972,-7.212786052518972,-7.212786052518972,0.0,0.0,0.0,45.08672027208784
358,2018-03-29 16:00:00,57.26031901707422,37.139766092729005,57.266232350657944,57.26031901707422,57.26031901707422,0.0,0.0,0.0,0.0,0.0,0.0,0.0,0.0,0.0,0.0,0.0,0.0,0.0,0.0,0.0,0.0,0.0,0.0,0.0,0.0,0.0,0.0,0.0,0.0,0.0,0.0,0.0,0.0,0.0,0.0,-10.441052528357336,-10.441052528357336,-10.441052528357336,1.14853404334661,1.14853404334661,1.14853404334661,-0.4709634534367003,-0.4709634534367003,-0.4709634534367003,-6.425602476472805,-6.425602476472805,-6.425602476472805,-3.0989241212534417,-3.0989241212534417,-3.0989241212534417,0.0,0.0,0.0,0.4197010931458768,0.4197010931458768,0.4197010931458768,0.5750841310334165,0.5750841310334165,0.5750841310334165,-0.8304337987350003,-0.8304337987350003,-0.8304337987350003,-0.46472783768501313,-0.46472783768501313,-0.46472783768501313,2.0534334403610486,2.0534334403610486,2.0534334403610486,-2.5553384895419424,-2.5553384895419424,-2.5553384895419424,-7.217417535592189,-7.217417535592189,-7.217417535592189,0.0,0.0,0.0,46.81926648871688
359,2018-03-29 17:00:00,57.260057677117054,41.329464432581474,61.168952392175335,57.260057677117054,57.260057677117054,0.0,0.0,0.0,0.0,0.0,0.0,0.0,0.0,0.0,0.0,0.0,0.0,0.0,0.0,0.0,0.0,0.0,0.0,0.0,0.0,0.0,0.0,0.0,0.0,0.0,0.0,0.0,0.0,0.0,0.0,-6.181801411949048,-6.181801411949048,-6.181801411949048,3.911144816551742,3.911144816551742,3.911144816551742,-0.4709634534367003,-0.4709634534367003,-0.4709634534367003,-4.8684567764995075,-4.8684567764995075,-4.8684567764995075,-3.0287586301855267,-3.0287586301855267,-3.0287586301855267,0.0,0.0,0.0,0.5245894170104752,0.5245894170104752,0.5245894170104752,1.4468413187640314,1.4468413187640314,1.4468413187640314,-0.31426439946041423,-0.31426439946041423,-0.31426439946041423,-0.39803531282503557,-0.39803531282503557,-0.39803531282503557,1.9975682146586204,1.9975682146586204,1.9975682146586204,-2.6278657163663373,-2.6278657163663373,-2.6278657163663373,-7.222057666659903,-7.222057666659903,-7.222057666659903,0.0,0.0,0.0,51.07825626516801
360,2018-03-29 18:00:00,57.17520142998769,44.818408091442066,65.1516759516897,57.17520142998769,57.17520142998769,0.0,0.0,0.0,0.0,0.0,0.0,0.0,0.0,0.0,0.0,0.0,0.0,0.0,0.0,0.0,0.0,0.0,0.0,0.0,0.0,0.0,0.0,0.0,0.0,0.0,0.0,0.0,0.0,0.0,0.0,-2.254516118307598,-2.254516118307598,-2.254516118307598,6.082121727995878,6.082121727995878,6.082121727995878,-0.4308296423903345,-0.4308296423903345,-0.4308296423903345,-2.8564492397302734,-2.8564492397302734,-2.8564492397302734,-2.813895362471472,-2.813895362471472,-2.813895362471472,0.0,0.0,0.0,0.6198203324152586,0.6198203324152586,0.6198203324152586,2.1486685904551748,2.1486685904551748,2.1486685904551748,0.27919812590260984,0.27919812590260984,0.27919812590260984,-0.20722167702834396,-0.20722167702834396,-0.20722167702834396,1.8773886739508099,1.8773886739508099,1.8773886739508099,-2.4521896066131665,-2.4521896066131665,-2.4521896066131665,-7.357577280524013,-7.357577280524013,-7.357577280524013,0.0,0.0,0.0,54.92068531168009
361,2018-03-29 19:00:00,57.17492921342075,46.89763752902883,66.24351433941104,57.17492921342075,57.17492921342075,0.0,0.0,0.0,0.0,0.0,0.0,0.0,0.0,0.0,0.0,0.0,0.0,0.0,0.0,0.0,0.0,0.0,0.0,0.0,0.0,0.0,0.0,0.0,0.0,0.0,0.0,0.0,0.0,0.0,0.0,-0.6669130510251419,-0.6669130510251419,-0.6669130510251419,6.341533076903672,6.341533076903672,6.341533076903672,-0.4308296423903345,-0.4308296423903345,-0.4308296423903345,-1.4770050337128622,-1.4770050337128622,-1.4770050337128622,-2.6646657398738602,-2.6646657398738602,-2.6646657398738602,0.0,0.0,0.0,0.7230994866048468,0.7230994866048468,0.7230994866048468,2.740231555889501,2.740231555889501,2.740231555889501,0.464856861190791,0.464856861190791,0.464856861190791,0.09964604654290353,0.09964604654290353,0.09964604654290353,1.8308636538461438,1.8308636538461438,1.8308636538461438,-2.40934360167671,-2.40934360167671,-2.40934360167671,-7.362304748062095,-7.362304748062095,-7.362304748062095,0.0,0.0,0.0,56.508016162395606
362,2018-03-29 20:00:00,57.1746569968538,43.837572927707974,63.453707268321644,57.1746569968538,57.1746569968538,0.0,0.0,0.0,0.0,0.0,0.0,0.0,0.0,0.0,0.0,0.0,0.0,0.0,0.0,0.0,0.0,0.0,0.0,0.0,0.0,0.0,0.0,0.0,0.0,0.0,0.0,0.0,0.0,0.0,0.0,-3.7834155284109903,-3.7834155284109903,-3.7834155284109903,4.434683763539246,4.434683763539246,4.434683763539246,-0.4308296423903345,-0.4308296423903345,-0.4308296423903345,-2.6376655698688065,-2.6376655698688065,-2.6376655698688065,-2.701318629634677,-2.701318629634677,-2.701318629634677,0.0,0.0,0.0,0.8263786407944348,0.8263786407944348,0.8263786407944348,2.0435018410446277,2.0435018410446277,2.0435018410446277,0.5147140663193308,0.5147140663193308,0.5147140663193308,-0.13747124180992112,-0.13747124180992112,-0.13747124180992112,1.7866032395683227,1.7866032395683227,1.7866032395683227,-2.7526406041922677,-2.7526406041922677,-2.7526406041922677,-7.367036961649753,-7.367036961649753,-7.367036961649753,0.0,0.0,0.0,53.39124146844281
363,2018-03-29 21:00:00,57.17438478028686,38.92353142000164,58.817771883085484,57.17438478028686,57.17438478028686,0.0,0.0,0.0,0.0,0.0,0.0,0.0,0.0,0.0,0.0,0.0,0.0,0.0,0.0,0.0,0.0,0.0,0.0,0.0,0.0,0.0,0.0,0.0,0.0,0.0,0.0,0.0,0.0,0.0,0.0,-8.110280146530117,-8.110280146530117,-8.110280146530117,1.3200502799594651,1.3200502799594651,1.3200502799594651,-0.4308296423903345,-0.4308296423903345,-0.4308296423903345,-3.803275852106228,-3.803275852106228,-3.803275852106228,-2.756821576986771,-2.756821576986771,-2.756821576986771,0.0,0.0,0.0,0.9296577949840229,0.9296577949840229,0.9296577949840229,1.2805170740711098,1.2805170740711098,1.2805170740711098,0.5659957630229716,0.5659957630229716,0.5659957630229716,-0.33817470001195155,-0.33817470001195155,-0.33817470001195155,1.7447191260211348,1.7447191260211348,1.7447191260211348,-3.053620564795275,-3.053620564795275,-3.053620564795275,-7.37177370040449,-7.37177370040449,-7.37177370040449,0.0,0.0,0.0,49.06410463375674
364,2018-03-29 22:00:00,57.174112563719916,35.935925446509,55.78686648307871,57.174112563719916,57.174112563719916,0.0,0.0,0.0,0.0,0.0,0.0,0.0,0.0,0.0,0.0,0.0,0.0,0.0,0.0,0.0,0.0,0.0,0.0,0.0,0.0,0.0,0.0,0.0,0.0,0.0,0.0,0.0,0.0,0.0,0.0,-11.65342745830606,-11.65342745830606,-11.65342745830606,-1.7120642794535563,-1.7120642794535563,-1.7120642794535563,-0.4308296423903345,-0.4308296423903345,-0.4308296423903345,-4.270079939080642,-4.270079939080642,-4.270079939080642,-3.011297354469014,-3.011297354469014,-3.011297354469014,0.0,0.0,0.0,1.0329369491736111,1.0329369491736111,1.0329369491736111,1.0696577415029636,1.0696577415029636,1.0696577415029636,0.6149033071014439,0.6149033071014439,0.6149033071014439,-0.5997388320810372,-0.5997388320810372,-0.5997388320810372,1.7052315028168366,1.7052315028168366,1.7052315028168366,-2.945712107918274,-2.945712107918274,-2.945712107918274,-7.376514742588699,-7.376514742588699,-7.376514742588699,0.0,0.0,0.0,45.520685105413854
365,2018-03-29 23:00:00,57.173840347152975,33.5389781614741,52.53609222726854,57.173840347152975,57.173840347152975,0.0,0.0,0.0,0.0,0.0,0.0,0.0,0.0,0.0,0.0,0.0,0.0,0.0,0.0,0.0,0.0,0.0,0.0,0.0,0.0,0.0,0.0,0.0,0.0,0.0,0.0,0.0,0.0,0.0,0.0,-14.828829233015208,-14.828829233015208,-14.828829233015208,-3.9710278050792516,-3.9710278050792516,-3.9710278050792516,-0.4308296423903345,-0.4308296423903345,-0.4308296423903345,-5.144605300136985,-5.144605300136985,-5.144605300136985,-3.0725600416406644,-3.0725600416406644,-3.0725600416406644,0.0,0.0,0.0,1.1362161033631992,1.1362161033631992,1.1362161033631992,0.5695898480558127,0.5695898480558127,0.5695898480558127,0.6310475449525901,0.6310475449525901,0.6310475449525901,-0.8942976553196217,-0.8942976553196217,-0.8942976553196217,1.6680637378231165,1.6680637378231165,1.6680637378231165,-3.0837714571579666,-3.0837714571579666,-3.0837714571579666,-7.381259865622087,-7.381259865622087,-7.381259865622087,0.0,0.0,0.0,42.34501111413777
366,2018-03-30 00:00:00,57.17356813058603,32.006718554867156,51.370140454635745,57.17356813058603,57.17356813058603,0.0,0.0,0.0,0.0,0.0,0.0,0.0,0.0,0.0,0.0,0.0,0.0,0.0,0.0,0.0,1.41624672,1.41624672,1.41624672,0.0,0.0,0.0,0.0,0.0,0.0,0.0,0.0,0.0,0.0,0.0,0.0,-15.746616770518491,-15.746616770518491,-15.746616770518491,-5.571245535997926,-5.571245535997926,-5.571245535997926,0.4314670092441702,0.4314670092441702,0.4314670092441702,-5.838647662535133,-5.838647662535133,-5.838647662535133,-3.2830523514099275,-3.2830523514099275,-3.2830523514099275,1.41624672,1.41624672,1.41624672,0.0001454072777299023,0.0001454072777299023,0.0001454072777299023,0.43076973883389075,0.43076973883389075,0.43076973883389075,0.6438679691285004,0.6438679691285004,0.6438679691285004,-1.135175996551871,-1.135175996551871,-1.135175996551871,1.6330385541074623,1.6330385541074623,1.6330385541074623,-2.9266694390576267,-2.9266694390576267,-2.9266694390576267,-7.386008846092895,-7.386008846092895,-7.386008846092895,0.0,0.0,0.0,41.426951360067534
367,2018-03-30 01:00:00,57.173295914019086,29.219990609070052,49.45686083563498,57.173295914019086,57.173295914019086,0.0,0.0,0.0,0.0,0.0,0.0,0.0,0.0,0.0,0.0,0.0,0.0,0.0,0.0,0.0,1.41624672,1.41624672,1.41624672,0.0,0.0,0.0,0.0,0.0,0.0,0.0,0.0,0.0,0.0,0.0,0.0,-18.129896637692124,-18.129896637692124,-18.129896637692124,-6.857029793887256,-6.857029793887256,-6.857029793887256,0.4314670092441702,0.4314670092441702,0.4314670092441702,-6.8982278904469805,-6.8982278904469805,-6.8982278904469805,-3.270485646349076,-3.270485646349076,-3.270485646349076,1.41624672,1.41624672,1.41624672,-1.1359252888077391,-1.1359252888077391,-1.1359252888077391,0.4113138901929395,0.4113138901929395,0.4113138901929395,0.6438679691285004,0.6438679691285004,0.6438679691285004,-1.2750187808868465,-1.2750187808868465,-1.2750187808868465,1.5998757864073312,1.5998757864073312,1.5998757864073312,-2.703447042968929,-2.703447042968929,-2.703447042968929,-7.390761459765219,-7.390761459765219,-7.390761459765219,0.0,0.0,0.0,39.043399276326966
368,2018-03-30 02:00:00,57.17302369745215,28.223001042453777,47.68066752530811,57.17302369745215,57.17302369745215,0.0,0.0,0.0,0.0,0.0,0.0,0.0,0.0,0.0,0.0,0.0,0.0,0.0,0.0,0.0,1.41624672,1.41624672,1.41624672,0.0,0.0,0.0,0.0,0.0,0.0,0.0,0.0,0.0,0.0,0.0,0.0,-18.951394916894166,-18.951394916894166,-18.951394916894166,-7.733577332837927,-7.733577332837927,-7.733577332837927,0.4314670092441702,0.4314670092441702,0.4314670092441702,-6.8067386039691,-6.8067386039691,-6.8067386039691,-3.2354035947208653,-3.2354035947208653,-3.2354035947208653,1.41624672,1.41624672,1.41624672,-1.0326461346181512,-1.0326461346181512,-1.0326461346181512,0.3902805403108302,0.3902805403108302,0.3902805403108302,0.6433931386034667,0.6433931386034667,0.6433931386034667,-1.3601553415210978,-1.3601553415210978,-1.3601553415210978,1.5681917815021145,1.5681917815021145,1.5681917815021145,-2.6436742212674527,-2.6436742212674527,-2.6436742212674527,-7.395517481589254,-7.395517481589254,-7.395517481589254,0.0,0.0,0.0,38.221628780557985
369,2018-03-30 03:00:00,57.1727514808852,28.43213318133306,48.70783874003815,57.1727514808852,57.1727514808852,0.0,0.0,0.0,0.0,0.0,0.0,0.0,0.0,0.0,0.0,0.0,0.0,0.0,0.0,0.0,1.41624672,1.41624672,1.41624672,0.0,0.0,0.0,0.0,0.0,0.0,0.0,0.0,0.0,0.0,0.0,0.0,-18.521808613890634,-18.521808613890634,-18.521808613890634,-7.61599197366404,-7.61599197366404,-7.61599197366404,0.4314670092441702,0.4314670092441702,0.4314670092441702,-6.459287159100006,-6.459287159100006,-6.459287159100006,-3.1762353583926894,-3.1762353583926894,-3.1762353583926894,1.41624672,1.41624672,1.41624672,-0.929366980428563,-0.929366980428563,-0.929366980428563,0.4823014460450587,0.4823014460450587,0.4823014460450587,0.6438679691285004,0.6438679691285004,0.6438679691285004,-1.3919533340471435,-1.3919533340471435,-1.3919533340471435,1.5375004845882987,1.5375004845882987,1.5375004845882987,-2.519367910649339,-2.519367910649339,-2.519367910649339,-7.400276685714883,-7.400276685714883,-7.400276685714883,0.0,0.0,0.0,38.65094286699457
370,2018-03-30 04:00:00,57.17247926431826,30.747716710962038,50.566045434902264,57.17247926431826,57.17247926431826,0.0,0.0,0.0,0.0,0.0,0.0,0.0,0.0,0.0,0.0,0.0,0.0,0.0,0.0,0.0,1.41624672,1.41624672,1.41624672,0.0,0.0,0.0,0.0,0.0,0.0,0.0,0.0,0.0,0.0,0.0,0.0,-16.920090208959397,-16.920090208959397,-16.920090208959397,-6.031182083403642,-6.031182083403642,-6.031182083403642,0.4314670092441702,0.4314670092441702,0.4314670092441702,-6.407332230445032,-6.407332230445032,-6.407332230445032,-3.2207424388165387,-3.2207424388165387,-3.2207424388165387,1.41624672,1.41624672,1.41624672,-0.8260878262389751,-0.8260878262389751,-0.8260878262389751,0.5538148356442307,0.5538148356442307,0.5538148356442307,0.6400693249282307,0.6400693249282307,0.6400693249282307,-1.292456389691452,-1.292456389691452,-1.292456389691452,1.5072162303859609,1.5072162303859609,1.5072162303859609,-2.6933967455146983,-2.6933967455146983,-2.6933967455146983,-7.405038845496684,-7.405038845496684,-7.405038845496684,0.0,0.0,0.0,40.25238905535886
371,2018-03-30 05:00:00,57.172207047751314,34.18374286188985,53.459274551550486,57.172207047751314,57.172207047751314,0.0,0.0,0.0,0.0,0.0,0.0,0.0,0.0,0.0,0.0,0.0,0.0,0.0,0.0,0.0,1.41624672,1.41624672,1.41624672,0.0,0.0,0.0,0.0,0.0,0.0,0.0,0.0,0.0,0.0,0.0,0.0,-13.342134222148557,-13.342134222148557,-13.342134222148557,-3.229035192439265,-3.229035192439265,-3.229035192439265,0.4314670092441702,0.4314670092441702,0.4314670092441702,-5.596200250173207,-5.596200250173207,-5.596200250173207,-2.999254262119031,-2.999254262119031,-2.999254262119031,1.41624672,1.41624672,1.41624672,-0.7228086720493869,-0.7228086720493869,-0.7228086720493869,0.8698409176229243,0.8698409176229243,0.8698409176229243,0.6315223754776239,0.6315223754776239,0.6315223754776239,-1.1606485819625207,-1.1606485819625207,-1.1606485819625207,1.4766582339703778,1.4766582339703778,1.4766582339703778,-2.646319036386987,-2.646319036386987,-2.646319036386987,-7.409803733506459,-7.409803733506459,-7.409803733506459,0.0,0.0,0.0,43.830072825602755
372,2018-03-30 06:00:00,57.17193483118438,36.69388190265693,56.38003403645626,57.17193483118438,57.17193483118438,0.0,0.0,0.0,0.0,0.0,0.0,0.0,0.0,0.0,0.0,0.0,0.0,0.0,0.0,0.0,1.41624672,1.41624672,1.41624672,0.0,0.0,0.0,0.0,0.0,0.0,0.0,0.0,0.0,0.0,0.0,0.0,-10.160301138689986,-10.160301138689986,-10.160301138689986,-0.15610787205001342,-0.15610787205001342,-0.15610787205001342,0.4314670092441702,0.4314670092441702,0.4314670092441702,-5.450925617671117,-5.450925617671117,-5.450925617671117,-3.210270184599162,-3.210270184599162,-3.210270184599162,1.41624672,1.41624672,1.41624672,-0.6195295178597988,-0.6195295178597988,-0.6195295178597988,1.1106727737730766,1.1106727737730766,1.1106727737730766,0.5688447461731739,0.5688447461731739,0.5688447461731739,-1.1244057087607913,-1.1244057087607913,-1.1244057087607913,1.4450567525754683,1.4450567525754683,1.4450567525754683,-2.6077047356417857,-2.6077047356417857,-2.6077047356417857,-7.4145711215443235,-7.4145711215443235,-7.4145711215443235,0.0,0.0,0.0,47.01163369249439
373,2018-03-30 07:00:00,57.17166261461744,39.69501463149557,59.416999239140324,57.17166261461744,57.17166261461744,0.0,0.0,0.0,0.0,0.0,0.0,0.0,0.0,0.0,0.0,0.0,0.0,0.0,0.0,0.0,1.41624672,1.41624672,1.41624672,0.0,0.0,0.0,0.0,0.0,0.0,0.0,0.0,0.0,0.0,0.0,0.0,-7.4827186689757434,-7.4827186689757434,-7.4827186689757434,2.201915112086848,2.201915112086848,2.201915112086848,0.4314670092441702,0.4314670092441702,0.4314670092441702,-5.093100586388523,-5.093100586388523,-5.093100586388523,-3.1374880177883973,-3.1374880177883973,-3.1374880177883973,1.41624672,1.41624672,1.41624672,-0.5162503636702107,-0.5162503636702107,-0.5162503636702107,1.3404621212351215,1.3404621212351215,1.3404621212351215,0.2089232081976205,0.2089232081976205,0.2089232081976205,-0.8204442533236448,-0.8204442533236448,-0.8204442533236448,1.4115608659731447,1.4115608659731447,1.4115608659731447,-2.5997702902831827,-2.5997702902831827,-2.5997702902831827,-7.419340780647211,-7.419340780647211,-7.419340780647211,0.0,0.0,0.0,49.6889439456417
374,2018-03-30 08:00:00,57.17139039805049,40.02241443448571,60.740819966282515,57.17139039805049,57.17139039805049,0.0,0.0,0.0,0.0,0.0,0.0,0.0,0.0,0.0,0.0,0.0,0.0,0.0,0.0,0.0,1.41624672,1.41624672,1.41624672,0.0,0.0,0.0,0.0,0.0,0.0,0.0,0.0,0.0,0.0,0.0,0.0,-6.549265526533282,-6.549265526533282,-6.549265526533282,3.471308730211189,3.471308730211189,3.471308730211189,0.4314670092441702,0.4314670092441702,0.4314670092441702,-5.387956295509185,-5.387956295509185,-5.387956295509185,-3.123874087305808,-3.123874087305808,-3.123874087305808,1.41624672,1.41624672,1.41624672,-0.41297120948062255,-0.41297120948062255,-0.41297120948062255,1.3020762577002722,1.3020762577002722,1.3020762577002722,-0.2872746904626082,-0.2872746904626082,-0.2872746904626082,-0.5431520819406009,-0.5431520819406009,-0.5431520819406009,1.375247799864742,1.375247799864742,1.375247799864742,-2.754227493263988,-2.754227493263988,-2.754227493263988,-7.4241124811000265,-7.4241124811000265,-7.4241124811000265,0.0,0.0,0.0,50.62212487151721
375,2018-03-30 09:00:00,57.17111818148355,39.5293024852778,60.36904907392439,57.17111818148355,57.17111818148355,0.0,0.0,0.0,0.0,0.0,0.0,0.0,0.0,0.0,0.0,0.0,0.0,0.0,0.0,0.0,1.41624672,1.41624672,1.41624672,0.0,0.0,0.0,0.0,0.0,0.0,0.0,0.0,0.0,0.0,0.0,0.0,-7.088469323471996,-7.088469323471996,-7.088469323471996,3.927537784050453,3.927537784050453,3.927537784050453,0.4314670092441702,0.4314670092441702,0.4314670092441702,-6.3385015294728815,-6.3385015294728815,-6.3385015294728815,-3.2474466870708483,-3.2474466870708483,-3.2474466870708483,1.41624672,1.41624672,1.41624672,-0.30969205529103444,-0.30969205529103444,-0.30969205529103444,0.8619534114171332,0.8619534114171332,0.8619534114171332,-0.640073770562656,-0.640073770562656,-0.640073770562656,-0.39219709591641627,-0.39219709591641627,-0.39219709591641627,1.3351336943974343,1.3351336943974343,1.3351336943974343,-3.042512341293231,-3.042512341293231,-3.042512341293231,-7.428885992447,-7.428885992447,-7.428885992447,0.0,0.0,0.0,50.08264885801155
376,2018-03-30 10:00:00,57.17084596491661,39.75779739674433,59.88285946495246,57.17084596491661,57.17084596491661,0.0,0.0,0.0,0.0,0.0,0.0,0.0,0.0,0.0,0.0,0.0,0.0,0.0,0.0,0.0,1.41624672,1.41624672,1.41624672,0.0,0.0,0.0,0.0,0.0,0.0,0.0,0.0,0.0,0.0,0.0,0.0,-6.80756391343368,-6.80756391343368,-6.80756391343368,3.9582964848701625,3.9582964848701625,3.9582964848701625,0.4314670092441702,0.4314670092441702,0.4314670092441702,-6.0386317336911475,-6.0386317336911475,-6.0386317336911475,-3.2202188261056697,-3.2202188261056697,-3.2202188261056697,1.41624672,1.41624672,1.41624672,-0.20641290110144633,-0.20641290110144633,-0.20641290110144633,0.909804282398932,0.909804282398932,0.909804282398932,-0.742162333444904,-0.742162333444904,-0.742162333444904,-0.38176872202346585,-0.38176872202346585,-0.38176872202346585,1.2901856988868174,1.2901856988868174,1.2901856988868174,-2.829340242658763,-2.829340242658763,-2.829340242658763,-7.433661083499512,-7.433661083499512,-7.433661083499512,0.0,0.0,0.0,50.363282051482926
377,2018-03-30 11:00:00,57.17057374834967,39.39762911725456,59.827181017754796,57.17057374834967,57.17057374834967,0.0,0.0,0.0,0.0,0.0,0.0,0.0,0.0,0.0,0.0,0.0,0.0,0.0,0.0,0.0,1.41624672,1.41624672,1.41624672,0.0,0.0,0.0,0.0,0.0,0.0,0.0,0.0,0.0,0.0,0.0,0.0,-7.6061366693105175,-7.6061366693105175,-7.6061366693105175,3.5797080322125368,3.5797080322125368,3.5797080322125368,0.4314670092441702,0.4314670092441702,0.4314670092441702,-6.402989152829758,-6.402989152829758,-6.402989152829758,-3.124921312727546,-3.124921312727546,-3.124921312727546,1.41624672,1.41624672,1.41624672,-0.10313374691185821,-0.10313374691185821,-0.10313374691185821,0.7914916893120667,0.7914916893120667,0.7914916893120667,-0.8114875900998259,-0.8114875900998259,-0.8114875900998259,-0.3846749901575668,-0.3846749901575668,-0.3846749901575668,1.239335253654752,1.239335253654752,1.239335253654752,-3.201730211489198,-3.201730211489198,-3.201730211489198,-7.438437522348049,-7.438437522348049,-7.438437522348049,0.0,0.0,0.0,49.56443707903915
378,2018-03-30 12:00:00,57.17030153178272,38.40170592832368,58.446124855149776,57.17030153178272,57.17030153178272,0.0,0.0,0.0,0.0,0.0,0.0,0.0,0.0,0.0,0.0,0.0,0.0,0.0,0.0,0.0,1.41624672,1.41624672,1.41624672,0.0,0.0,0.0,0.0,0.0,0.0,0.0,0.0,0.0,0.0,0.0,0.0,-9.14105315783523,-9.14105315783523,-9.14105315783523,2.5497720320513437,2.5497720320513437,2.5497720320513437,0.4314670092441702,0.4314670092441702,0.4314670092441702,-6.845349235582786,-6.845349235582786,-6.845349235582786,-3.2652495192403874,-3.2652495192403874,-3.2652495192403874,1.41624672,1.41624672,1.41624672,0.0001454072777299023,0.0001454072777299023,0.0001454072777299023,0.5785290217557092,0.5785290217557092,0.5785290217557092,-0.8537475068278263,-0.8537475068278263,-0.8537475068278263,-0.4564769087647667,-0.4564769087647667,-0.4564769087647667,1.1814924020697815,1.1814924020697815,1.1814924020697815,-3.2800167390274146,-3.2800167390274146,-3.2800167390274146,-7.443215076373572,-7.443215076373572,-7.443215076373572,0.0,0.0,0.0,48.02924837394749
379,2018-03-30 13:00:00,57.17002931521578,36.097202579339275,55.36699140816269,57.17002931521578,57.17002931521578,0.0,0.0,0.0,0.0,0.0,0.0,0.0,0.0,0.0,0.0,0.0,0.0,0.0,0.0,0.0,1.41624672,1.41624672,1.41624672,0.0,0.0,0.0,0.0,0.0,0.0,0.0,0.0,0.0,0.0,0.0,0.0,-11.337153261987497,-11.337153261987497,-11.337153261987497,0.9518683890399223,0.9518683890399223,0.9518683890399223,0.4314670092441702,0.4314670092441702,0.4314670092441702,-7.3728358182145035,-7.3728358182145035,-7.3728358182145035,-3.3710192868358875,-3.3710192868358875,-3.3710192868358875,1.41624672,1.41624672,1.41624672,0.10342456146731802,0.10342456146731802,0.10342456146731802,0.4696814361157931,0.4696814361157931,0.4696814361157931,-0.8817625078048152,-0.8817625078048152,-0.8817625078048152,-0.65153878764766,-0.65153878764766,-0.65153878764766,1.1155609594450167,1.1155609594450167,1.1155609594450167,-3.473088242753421,-3.473088242753421,-3.473088242753421,-7.447993512257934,-7.447993512257934,-7.447993512257934,0.0,0.0,0.0,45.83287605322828
380,2018-03-30 14:00:00,57.16975709864884,34.89870358514092,54.57192146450477,57.16975709864884,57.16975709864884,0.0,0.0,0.0,0.0,0.0,0.0,0.0,0.0,0.0,0.0,0.0,0.0,0.0,0.0,0.0,1.41624672,1.41624672,1.41624672,0.0,0.0,0.0,0.0,0.0,0.0,0.0,0.0,0.0,0.0,0.0,0.0,-12.579359307152451,-12.579359307152451,-12.579359307152451,-0.43866872857572364,-0.43866872857572364,-0.43866872857572364,0.4314670092441702,0.4314670092441702,0.4314670092441702,-7.144619053902765,-7.144619053902765,-7.144619053902765,-3.4270458468988503,-3.4270458468988503,-3.4270458468988503,1.41624672,1.41624672,1.41624672,0.20670371565690615,0.20670371565690615,0.20670371565690615,0.4933439547331661,0.4933439547331661,0.4933439547331661,-0.6481458894882289,-0.6481458894882289,-0.6481458894882289,-0.7818079828350085,-0.7818079828350085,-0.7818079828350085,1.040454351316507,1.040454351316507,1.040454351316507,-3.4191340143149205,-3.4191340143149205,-3.4191340143149205,-7.45277259599047,-7.45277259599047,-7.45277259599047,0.0,0.0,0.0,44.590397791496386
381,2018-03-30 15:00:00,57.169484882081896,35.02884243436082,55.10540718886245,57.169484882081896,57.169484882081896,0.0,0.0,0.0,0.0,0.0,0.0,0.0,0.0,0.0,0.0,0.0,0.0,0.0,0.0,0.0,1.41624672,1.41624672,1.41624672,0.0,0.0,0.0,0.0,0.0,0.0,0.0,0.0,0.0,0.0,0.0,0.0,-12.495958692666333,-12.495958692666333,-12.495958692666333,-0.5361364423750131,-0.5361364423750131,-0.5361364423750131,0.4314670092441702,0.4314670092441702,0.4314670092441702,-6.873628799245482,-6.873628799245482,-6.873628799245482,-3.4605570603944544,-3.4605570603944544,-3.4605570603944544,1.41624672,1.41624672,1.41624672,0.3099828698464942,0.3099828698464942,0.3099828698464942,0.606398210349504,0.606398210349504,0.606398210349504,-0.41452927117164284,-0.41452927117164284,-0.41452927117164284,-0.8272825312862351,-0.8272825312862351,-0.8272825312862351,0.9551119218406218,0.9551119218406218,0.9551119218406218,-3.5191080258333187,-3.5191080258333187,-3.5191080258333187,-7.457552092886458,-7.457552092886458,-7.457552092886458,0.0,0.0,0.0,44.67352618941556
382,2018-03-30 16:00:00,57.169212665514955,35.81526823961396,55.7825246654943,57.169212665514955,57.169212665514955,0.0,0.0,0.0,0.0,0.0,0.0,0.0,0.0,0.0,0.0,0.0,0.0,0.0,0.0,0.0,1.41624672,1.41624672,1.41624672,0.0,0.0,0.0,0.0,0.0,0.0,0.0,0.0,0.0,0.0,0.0,0.0,-10.9130955816312,-10.9130955816312,-10.9130955816312,1.1466630937681437,1.1466630937681437,1.1466630937681437,0.4314670092441702,0.4314670092441702,0.4314670092441702,-6.872189131576948,-6.872189131576948,-6.872189131576948,-3.3704956741250185,-3.3704956741250185,-3.3704956741250185,1.41624672,1.41624672,1.41624672,0.4132620240360823,0.4132620240360823,0.4132620240360823,0.5459273294384396,0.5459273294384396,0.5459273294384396,-0.20228002648157375,-0.20228002648157375,-0.20228002648157375,-0.8038614292643628,-0.8038614292643628,-0.8038614292643628,0.8585155037681732,0.8585155037681732,0.8585155037681732,-3.8862083644246845,-3.8862083644246845,-3.8862083644246845,-7.4623317675905705,-7.4623317675905705,-7.4623317675905705,0.0,0.0,0.0,46.25611708388375
383,2018-03-30 17:00:00,57.168940448948014,40.24776621627844,59.7695760187259,57.168940448948014,57.168940448948014,0.0,0.0,0.0,0.0,0.0,0.0,0.0,0.0,0.0,0.0,0.0,0.0,0.0,0.0,0.0,1.41624672,1.41624672,1.41624672,0.0,0.0,0.0,0.0,0.0,0.0,0.0,0.0,0.0,0.0,0.0,0.0,-7.337172519186041,-7.337172519186041,-7.337172519186041,3.8866085330348907,3.8866085330348907,3.8866085330348907,0.4314670092441702,0.4314670092441702,0.4314670092441702,-5.922622422771601,-5.922622422771601,-5.922622422771601,-3.2846231895425335,-3.2846231895425335,-3.2846231895425335,1.41624672,1.41624672,1.41624672,0.5165411782256706,0.5165411782256706,0.5165411782256706,0.7478474883066898,0.7478474883066898,0.7478474883066898,0.2450103281001826,0.2450103281001826,0.2450103281001826,-0.7122285045656503,-0.7122285045656503,-0.7122285045656503,0.7497060346411043,0.7497060346411043,0.7497060346411043,-3.8666367325401305,-3.8666367325401305,-3.8666367325401305,-7.467111384090434,-7.467111384090434,-7.467111384090434,0.0,0.0,0.0,49.83176792976197
384,2018-03-30 18:00:00,56.964837331583006,38.14350726426986,58.48148399150592,56.964837331583006,56.964837331583006,0.0,0.0,0.0,0.0,0.0,0.0,0.0,0.0,0.0,0.0,0.0,0.0,0.0,0.0,0.0,-2.5524304,-2.5524304,-2.5524304,0.0,0.0,0.0,0.0,0.0,0.0,0.0,0.0,0.0,0.0,0.0,0.0,-8.32339699172834,-8.32339699172834,-8.32339699172834,6.096245183941683,6.096245183941683,6.096245183941683,0.3972392409151398,0.3972392409151398,0.3972392409151398,-4.783297813453141,-4.783297813453141,-4.783297813453141,-3.1277345905781884,-3.1277345905781884,-3.1277345905781884,-2.5524304,-2.5524304,-2.5524304,0.5815765194201392,0.5815765194201392,0.5815765194201392,1.2686934970082502,1.2686934970082502,1.2686934970082502,0.5260136130655725,0.5260136130655725,0.5260136130655725,-0.4384437915266793,-0.4384437915266793,-0.4384437915266793,0.6598779519966533,0.6598779519966533,0.6598779519966533,-3.9906423017573753,-3.9906423017573753,-3.9906423017573753,-7.743791914213533,-7.743791914213533,-7.743791914213533,0.0,0.0,0.0,48.64144033985467
385,2018-03-30 19:00:00,56.96453883373349,40.22472414701877,60.12175392288443,56.96453883373349,56.96453883373349,0.0,0.0,0.0,0.0,0.0,0.0,0.0,0.0,0.0,0.0,0.0,0.0,0.0,0.0,0.0,-2.5524304,-2.5524304,-2.5524304,0.0,0.0,0.0,0.0,0.0,0.0,0.0,0.0,0.0,0.0,0.0,0.0,-7.044473105962917,-7.044473105962917,-7.044473105962917,6.361258652753645,6.361258652753645,6.361258652753645,0.3972392409151398,0.3972392409151398,0.3972392409151398,-3.6349278652776666,-3.6349278652776666,-3.6349278652776666,-3.165558292345268,-3.165558292345268,-3.165558292345268,-2.5524304,-2.5524304,-2.5524304,0.6784832192719508,0.6784832192719508,0.6784832192719508,2.0228445609642334,2.0228445609642334,2.0228445609642334,0.5978622104072961,0.5978622104072961,0.5978622104072961,-0.030792791688833598,-0.030792791688833598,-0.030792791688833598,0.530132963420426,0.530132963420426,0.530132963420426,-4.135006012802185,-4.135006012802185,-4.135006012802185,-7.748506456859322,-7.748506456859322,-7.748506456859322,0.0,0.0,0.0,49.92006572777058
386,2018-03-30 20:00:00,56.96424033588397,38.09497204245149,57.991213269849624,56.96424033588397,56.96424033588397,0.0,0.0,0.0,0.0,0.0,0.0,0.0,0.0,0.0,0.0,0.0,0.0,0.0,0.0,0.0,-2.5524304,-2.5524304,-2.5524304,0.0,0.0,0.0,0.0,0.0,0.0,0.0,0.0,0.0,0.0,0.0,0.0,-9.25597249578992,-9.25597249578992,-9.25597249578992,4.470686377229383,4.470686377229383,4.470686377229383,0.3972392409151398,0.3972392409151398,0.3972392409151398,-3.806783044630985,-3.806783044630985,-3.806783044630985,-3.243222959973672,-3.243222959973672,-3.243222959973672,-2.5524304,-2.5524304,-2.5524304,0.7753899191237625,0.7753899191237625,0.7753899191237625,1.864049383727512,1.864049383727512,1.864049383727512,0.6266961869720667,0.6266961869720667,0.6266961869720667,-0.19841762366848828,-0.19841762366848828,-0.19841762366848828,0.385768297043411,0.385768297043411,0.385768297043411,-4.028517191727306,-4.028517191727306,-4.028517191727306,-7.753213725431727,-7.753213725431727,-7.753213725431727,0.0,0.0,0.0,47.70826784009405
387,2018-03-30 21:00:00,56.963941838034465,34.38346152463793,54.16425824333697,56.963941838034465,56.963941838034465,0.0,0.0,0.0,0.0,0.0,0.0,0.0,0.0,0.0,0.0,0.0,0.0,0.0,0.0,0.0,-2.5524304,-2.5524304,-2.5524304,0.0,0.0,0.0,0.0,0.0,0.0,0.0,0.0,0.0,0.0,0.0,0.0,-12.576919218757968,-12.576919218757968,-12.576919218757968,1.3816216148812739,1.3816216148812739,1.3816216148812739,0.3972392409151398,0.3972392409151398,0.3972392409151398,-3.8744051351903357,-3.8744051351903357,-3.8744051351903357,-3.1115964778242335,-3.1115964778242335,-3.1115964778242335,-2.5524304,-2.5524304,-2.5524304,0.8722966189755742,0.8722966189755742,0.8722966189755742,1.3972419738189292,1.3972419738189292,1.3972419738189292,0.6451310244479036,0.6451310244479036,0.6451310244479036,-0.43647636392128425,-0.43647636392128425,-0.43647636392128425,0.22620818405279658,0.22620818405279658,0.22620818405279658,-3.6382411516023643,-3.6382411516023643,-3.6382411516023643,-7.757913482501704,-7.757913482501704,-7.757913482501704,0.0,0.0,0.0,44.38702261927649
388,2018-03-30 22:00:00,56.96364334018495,30.264061133612493,49.959505712428985,56.96364334018495,56.96364334018495,0.0,0.0,0.0,0.0,0.0,0.0,0.0,0.0,0.0,0.0,0.0,0.0,0.0,0.0,0.0,-2.5524304,-2.5524304,-2.5524304,0.0,0.0,0.0,0.0,0.0,0.0,0.0,0.0,0.0,0.0,0.0,0.0,-17.126131928627405,-17.126131928627405,-17.126131928627405,-1.6276264125393491,-1.6276264125393491,-1.6276264125393491,0.3972392409151398,0.3972392409151398,0.3972392409151398,-5.23448385537833,-5.23448385537833,-5.23448385537833,-3.3385386884267136,-3.3385386884267136,-3.3385386884267136,-2.5524304,-2.5524304,-2.5524304,0.9692033188273856,0.9692033188273856,0.9692033188273856,0.7847462901915765,0.7847462901915765,0.7847462901915765,0.6451310244479036,0.6451310244479036,0.6451310244479036,-0.7609051760509211,-0.7609051760509211,-0.7609051760509211,0.05101422956952943,0.05101422956952943,0.05101422956952943,-3.931359865282701,-3.931359865282701,-3.931359865282701,-7.762605490279256,-7.762605490279256,-7.762605490279256,0.0,0.0,0.0,39.83751141155754
389,2018-03-30 23:00:00,56.96334484233544,26.618009349649807,45.91569513612554,56.96334484233544,56.96334484233544,0.0,0.0,0.0,0.0,0.0,0.0,0.0,0.0,0.0,0.0,0.0,0.0,0.0,0.0,0.0,-2.5524304,-2.5524304,-2.5524304,0.0,0.0,0.0,0.0,0.0,0.0,0.0,0.0,0.0,0.0,0.0,0.0,-20.20741325791078,-20.20741325791078,-20.20741325791078,-3.8794750230474135,-3.8794750230474135,-3.8794750230474135,0.3972392409151398,0.3972392409151398,0.3972392409151398,-5.8681160773264205,-5.8681160773264205,-5.8681160773264205,-3.378883970311599,-3.378883970311599,-3.378883970311599,-2.5524304,-2.5524304,-2.5524304,1.0661100186791976,1.0661100186791976,1.0661100186791976,0.4560654788952523,0.4560654788952523,0.4560654788952523,0.6451310244479036,0.6451310244479036,0.6451310244479036,-1.105401749755587,-1.105401749755587,-1.105401749755587,-0.14010224691549258,-0.14010224691549258,-0.14010224691549258,-3.948376120196728,-3.948376120196728,-3.948376120196728,-7.767289510621452,-7.767289510621452,-7.767289510621452,0.0,0.0,0.0,36.75593158442466
390,2018-03-31 00:00:00,56.963046344485925,26.90348476082873,46.96393023757913,56.963046344485925,56.963046344485925,0.0,0.0,0.0,0.0,0.0,0.0,0.0,0.0,0.0,0.0,0.0,0.0,0.0,0.0,0.0,0.0,0.0,0.0,0.0,0.0,0.0,0.0,0.0,0.0,0.0,0.0,0.0,0.0,0.0,0.0,-19.702820231513076,-19.702820231513076,-19.702820231513076,-5.491246880009965,-5.491246880009965,-5.491246880009965,1.1914663408604353,1.1914663408604353,1.1914663408604353,-6.092338720465906,-6.092338720465906,-6.092338720465906,-3.3859443946414536,-3.3859443946414536,-3.3859443946414536,0.0,0.0,0.0,0.0001363203092692455,0.0001363203092692455,0.0001363203092692455,0.346169134013966,0.346169134013966,0.346169134013966,0.6456037125883097,0.6456037125883097,0.6456037125883097,-1.3684468205968996,-1.3684468205968996,-1.3684468205968996,-0.34726932598977234,-0.34726932598977234,-0.34726932598977234,-3.5213230129995337,-3.5213230129995337,-3.5213230129995337,-7.7719653050474315,-7.7719653050474315,-7.7719653050474315,0.0,0.0,0.0,37.260226112972845
391,2018-03-31 01:00:00,56.96274784663641,26.05905355972635,45.70622878072585,56.96274784663641,56.96274784663641,0.0,0.0,0.0,0.0,0.0,0.0,0.0,0.0,0.0,0.0,0.0,0.0,0.0,0.0,0.0,0.0,0.0,0.0,0.0,0.0,0.0,0.0,0.0,0.0,0.0,0.0,0.0,0.0,0.0,0.0,-21.525223463687702,-21.525223463687702,-21.525223463687702,-6.797581550190801,-6.797581550190801,-6.797581550190801,1.1914663408604353,1.1914663408604353,1.1914663408604353,-6.3805640530492145,-6.3805640530492145,-6.3805640530492145,-3.2684387611517254,-3.2684387611517254,-3.2684387611517254,0.0,0.0,0.0,-1.065837378060659,-1.065837378060659,-1.065837378060659,0.4505202504838113,0.4505202504838113,0.4505202504838113,0.6456037125883097,0.6456037125883097,0.6456037125883097,-1.5327270256473826,-1.5327270256473826,-1.5327270256473826,-0.5704452257021376,-0.5704452257021376,-0.5704452257021376,-2.801151192122004,-2.801151192122004,-2.801151192122004,-7.776632634745545,-7.776632634745545,-7.776632634745545,0.0,0.0,0.0,35.43752438294871
392,2018-03-31 02:00:00,56.9624493487869,24.240250175589296,44.27102653803362,56.9624493487869,56.9624493487869,0.0,0.0,0.0,0.0,0.0,0.0,0.0,0.0,0.0,0.0,0.0,0.0,0.0,0.0,0.0,0.0,0.0,0.0,0.0,0.0,0.0,0.0,0.0,0.0,0.0,0.0,0.0,0.0,0.0,0.0,-22.976432098284526,-22.976432098284526,-22.976432098284526,-7.6901352886696674,-7.6901352886696674,-7.6901352886696674,1.1914663408604353,1.1914663408604353,1.1914663408604353,-6.695594736753575,-6.695594736753575,-6.695594736753575,-3.3521552210628625,-3.3521552210628625,-3.3521552210628625,0.0,0.0,0.0,-0.9689306782088473,-0.9689306782088473,-0.9689306782088473,0.332558118822247,0.332558118822247,0.332558118822247,0.6456037125883097,0.6456037125883097,0.6456037125883097,-1.6167361843977495,-1.6167361843977495,-1.6167361843977495,-0.8094108122736315,-0.8094108122736315,-0.8094108122736315,-2.9274008253551074,-2.9274008253551074,-2.9274008253551074,-7.781291260587645,-7.781291260587645,-7.781291260587645,0.0,0.0,0.0,33.98601725050237
393,2018-03-31 03:00:00,56.962150850937384,23.971423144868336,44.15944478679231,56.962150850937384,56.962150850937384,0.0,0.0,0.0,0.0,0.0,0.0,0.0,0.0,0.0,0.0,0.0,0.0,0.0,0.0,0.0,0.0,0.0,0.0,0.0,0.0,0.0,0.0,0.0,0.0,0.0,0.0,0.0,0.0,0.0,0.0,-22.53698954297237,-22.53698954297237,-22.53698954297237,-7.578548589532416,-7.578548589532416,-7.578548589532416,1.1914663408604353,1.1914663408604353,1.1914663408604353,-6.108735996206532,-6.108735996206532,-6.108735996206532,-3.2064078902537148,-3.2064078902537148,-3.2064078902537148,0.0,0.0,0.0,-0.8720239783570357,-0.8720239783570357,-0.8720239783570357,0.43791745863962706,0.43791745863962706,0.43791745863962706,0.6456037125883097,0.6456037125883097,0.6456037125883097,-1.5974553938648783,-1.5974553938648783,-1.5974553938648783,-1.063764014094101,-1.063764014094101,-1.063764014094101,-2.707836245819275,-2.707836245819275,-2.707836245819275,-7.7859409431393205,-7.7859409431393205,-7.7859409431393205,0.0,0.0,0.0,34.42516130796501
394,2018-03-31 04:00:00,56.96185235308787,25.252836853424157,46.255389554787605,56.96185235308787,56.96185235308787,0.0,0.0,0.0,0.0,0.0,0.0,0.0,0.0,0.0,0.0,0.0,0.0,0.0,0.0,0.0,0.0,0.0,0.0,0.0,0.0,0.0,0.0,0.0,0.0,0.0,0.0,0.0,0.0,0.0,0.0,-21.009234934642528,-21.009234934642528,-21.009234934642528,-5.996581433079149,-5.996581433079149,-5.996581433079149,1.1914663408604353,1.1914663408604353,1.1914663408604353,-5.889155811467377,-5.889155811467377,-5.889155811467377,-3.1287432226253102,-3.1287432226253102,-3.1287432226253102,0.0,0.0,0.0,-0.775117278505224,-0.775117278505224,-0.775117278505224,0.604778422656626,0.604778422656626,0.604778422656626,0.6456037125883097,0.6456037125883097,0.6456037125883097,-1.4091725720285762,-1.4091725720285762,-1.4091725720285762,-1.3329162474263938,-1.3329162474263938,-1.3329162474263938,-3.0179712144136377,-3.0179712144136377,-3.0179712144136377,-7.7905814426696045,-7.7905814426696045,-7.7905814426696045,0.0,0.0,0.0,35.95261741844534
395,2018-03-31 05:00:00,56.961553855238364,28.095240724364185,48.29270373662551,56.961553855238364,56.961553855238364,0.0,0.0,0.0,0.0,0.0,0.0,0.0,0.0,0.0,0.0,0.0,0.0,0.0,0.0,0.0,0.0,0.0,0.0,0.0,0.0,0.0,0.0,0.0,0.0,0.0,0.0,0.0,0.0,0.0,0.0,-18.34026849551838,-18.34026849551838,-18.34026849551838,-3.2061793372733356,-3.2061793372733356,-3.2061793372733356,1.1914663408604353,1.1914663408604353,1.1914663408604353,-5.722785700357244,-5.722785700357244,-5.722785700357244,-3.2467531721386,-3.2467531721386,-3.2467531721386,0.0,0.0,0.0,-0.6782105786534124,-0.6782105786534124,-0.6782105786534124,0.7050966457363322,0.7050966457363322,0.7050966457363322,0.6418222074650611,0.6418222074650611,0.6418222074650611,-1.2079047279966668,-1.2079047279966668,-1.2079047279966668,-1.6160909387235842,-1.6160909387235842,-1.6160909387235842,-3.128302415630394,-3.128302415630394,-3.128302415630394,-7.795212519164218,-7.795212519164218,-7.795212519164218,0.0,0.0,0.0,38.621285359719984
396,2018-03-31 06:00:00,56.96125535738884,30.813385785494514,51.663513726389944,56.96125535738884,56.96125535738884,0.0,0.0,0.0,0.0,0.0,0.0,0.0,0.0,0.0,0.0,0.0,0.0,0.0,0.0,0.0,0.0,0.0,0.0,0.0,0.0,0.0,0.0,0.0,0.0,0.0,0.0,0.0,0.0,0.0,0.0,-15.478926821048216,-15.478926821048216,-15.478926821048216,-0.1595978560078688,-0.1595978560078688,-0.1595978560078688,1.1914663408604353,1.1914663408604353,1.1914663408604353,-5.6071708287448905,-5.6071708287448905,-5.6071708287448905,-3.258352440680504,-3.258352440680504,-3.258352440680504,0.0,0.0,0.0,-0.5813038788016007,-0.5813038788016007,-0.5813038788016007,0.740384462900048,0.740384462900048,0.740384462900048,0.5728097389657741,0.5728097389657741,0.5728097389657741,-1.0198186489209042,-1.0198186489209042,-1.0198186489209042,-1.9123242039576533,-1.9123242039576533,-1.9123242039576533,-3.252356403068139,-3.252356403068139,-3.252356403068139,-7.799833932337802,-7.799833932337802,-7.799833932337802,0.0,0.0,0.0,41.48232853634063
397,2018-03-31 07:00:00,56.96095685953933,33.80000173144736,54.97503166968543,56.96095685953933,56.96095685953933,0.0,0.0,0.0,0.0,0.0,0.0,0.0,0.0,0.0,0.0,0.0,0.0,0.0,0.0,0.0,0.0,0.0,0.0,0.0,0.0,0.0,0.0,0.0,0.0,0.0,0.0,0.0,0.0,0.0,0.0,-13.017235348568592,-13.017235348568592,-13.017235348568592,2.1635119959632254,2.1635119959632254,2.1635119959632254,1.1914663408604353,1.1914663408604353,1.1914663408604353,-5.155834183792316,-5.155834183792316,-5.155834183792316,-3.2497790682799663,-3.2497790682799663,-3.2497790682799663,0.0,0.0,0.0,-0.48439717894978895,-0.48439717894978895,-0.48439717894978895,1.0977996396011123,1.0977996396011123,1.0977996396011123,0.1294282632648749,0.1294282632648749,0.1294282632648749,-0.5517676215974318,-0.5517676215974318,-0.5517676215974318,-2.220467719097698,-2.220467719097698,-2.220467719097698,-3.2885845586915514,-3.2885845586915514,-3.2885845586915514,-7.804445441641803,-7.804445441641803,-7.804445441641803,0.0,0.0,0.0,43.94372151097074
398,2018-03-31 08:00:00,56.96065836168982,33.15699123047103,54.34996664445395,56.96065836168982,56.96065836168982,0.0,0.0,0.0,0.0,0.0,0.0,0.0,0.0,0.0,0.0,0.0,0.0,0.0,0.0,0.0,0.0,0.0,0.0,0.0,0.0,0.0,0.0,0.0,0.0,0.0,0.0,0.0,0.0,0.0,0.0,-12.825809729339671,-12.825809729339671,-12.825809729339671,3.402034886432152,3.402034886432152,3.402034886432152,1.1914663408604353,1.1914663408604353,1.1914663408604353,-5.879604018961564,-5.879604018961564,-5.879604018961564,-3.265412865010359,-3.265412865010359,-3.265412865010359,0.0,0.0,0.0,-0.38749047909797735,-0.38749047909797735,-0.38749047909797735,0.9480784724922039,0.9480784724922039,0.9480784724922039,-0.53611663842688,-0.53611663842688,-0.53611663842688,-0.17048015167187916,-0.17048015167187916,-0.17048015167187916,-2.5391937905322512,-2.5391937905322512,-2.5391937905322512,-3.6596486981071084,-3.6596486981071084,-3.6596486981071084,-7.8090468062780065,-7.8090468062780065,-7.8090468062780065,0.0,0.0,0.0,44.134848632350156
399,2018-03-31 09:00:00,56.96035986384031,33.95945507453301,52.10775717574074,56.96035986384031,56.96035986384031,0.0,0.0,0.0,0.0,0.0,0.0,0.0,0.0,0.0,0.0,0.0,0.0,0.0,0.0,0.0,0.0,0.0,0.0,0.0,0.0,0.0,0.0,0.0,0.0,0.0,0.0,0.0,0.0,0.0,0.0,-13.67279831966835,-13.67279831966835,-13.67279831966835,3.840546097225492,3.840546097225492,3.840546097225492,1.1914663408604353,1.1914663408604353,1.1914663408604353,-6.8327040248043724,-6.8327040248043724,-6.8327040248043724,-3.3783796542880378,-3.3783796542880378,-3.3783796542880378,0.0,0.0,0.0,-0.29058377924616574,-0.29058377924616574,-0.29058377924616574,0.8049107571422712,0.8049107571422712,0.8049107571422712,-1.192680465450919,-1.192680465450919,-1.192680465450919,-0.07230551416266826,-0.07230551416266826,-0.07230551416266826,-2.867002606878031,-2.867002606878031,-2.867002606878031,-3.895131709659288,-3.895131709659288,-3.895131709659288,-7.813637785211438,-7.813637785211438,-7.813637785211438,0.0,0.0,0.0,43.28756154417196
400,2018-03-31 10:00:00,56.960061365990796,32.55686089100509,53.53859873491647,56.960061365990796,56.960061365990796,0.0,0.0,0.0,0.0,0.0,0.0,0.0,0.0,0.0,0.0,0.0,0.0,0.0,0.0,0.0,0.0,0.0,0.0,0.0,0.0,0.0,0.0,0.0,0.0,0.0,0.0,0.0,0.0,0.0,0.0,-13.657775075134369,-13.657775075134369,-13.657775075134369,3.866917384682629,3.866917384682629,3.866917384682629,1.1914663408604353,1.1914663408604353,1.1914663408604353,-6.504242696052725,-6.504242696052725,-6.504242696052725,-3.3380343724031523,-3.3380343724031523,-3.3380343724031523,0.0,0.0,0.0,-0.19367707939435405,-0.19367707939435405,-0.19367707939435405,1.0307527869900523,1.0307527869900523,1.0307527869900523,-1.4205161491266478,-1.4205161491266478,-1.4205161491266478,-0.10909641038355491,-0.10909641038355491,-0.10909641038355491,-3.20223162658568,-3.20223162658568,-3.20223162658568,-3.665137812595504,-3.665137812595504,-3.665137812595504,-7.818218137178594,-7.818218137178594,-7.818218137178594,0.0,0.0,0.0,43.30228629085643
401,2018-03-31 11:00:00,56.95976286814128,32.11236990365791,51.670662370988865,56.95976286814128,56.95976286814128,0.0,0.0,0.0,0.0,0.0,0.0,0.0,0.0,0.0,0.0,0.0,0.0,0.0,0.0,0.0,0.0,0.0,0.0,0.0,0.0,0.0,0.0,0.0,0.0,0.0,0.0,0.0,0.0,0.0,0.0,-14.678800051915301,-14.678800051915301,-14.678800051915301,3.4918403424809923,3.4918403424809923,3.4918403424809923,1.1914663408604353,1.1914663408604353,1.1914663408604353,-6.80478574301218,-6.80478574301218,-6.80478574301218,-3.3218962596491983,-3.3218962596491983,-3.3218962596491983,0.0,0.0,0.0,-0.0967703795425424,-0.0967703795425424,-0.0967703795425424,0.782729843496507,0.782729843496507,0.782729843496507,-1.5566503335635977,-1.5566503335635977,-1.5566503335635977,-0.1270000015926495,-0.1270000015926495,-0.1270000015926495,-3.543067030682571,-3.543067030682571,-3.543067030682571,-3.6766649530211346,-3.6766649530211346,-3.6766649530211346,-7.8227876207015425,-7.8227876207015425,-7.8227876207015425,0.0,0.0,0.0,42.28096281622598
402,2018-03-31 12:00:00,56.95946437029176,30.62363438825526,51.341647330711304,56.95946437029176,56.95946437029176,0.0,0.0,0.0,0.0,0.0,0.0,0.0,0.0,0.0,0.0,0.0,0.0,0.0,0.0,0.0,0.0,0.0,0.0,0.0,0.0,0.0,0.0,0.0,0.0,0.0,0.0,0.0,0.0,0.0,0.0,-16.13192174354615,-16.13192174354615,-16.13192174354615,2.4695678080173047,2.4695678080173047,2.4695678080173047,1.1914663408604353,1.1914663408604353,1.1914663408604353,-6.886586414357172,-6.886586414357172,-6.886586414357172,-3.2321280074553287,-3.2321280074553287,-3.2321280074553287,0.0,0.0,0.0,0.0001363203092692455,0.0001363203092692455,0.0001363203092692455,0.6183894378483449,0.6183894378483449,0.6183894378483449,-1.5982468899193325,-1.5982468899193325,-1.5982468899193325,-0.21533750107488536,-0.21533750107488536,-0.21533750107488536,-3.8875571431080256,-3.8875571431080256,-3.8875571431080256,-3.650866114925675,-3.650866114925675,-3.650866114925675,-7.82734599409826,-7.82734599409826,-7.82734599409826,0.0,0.0,0.0,40.82754262674561
403,2018-03-31 13:00:00,56.959165872442256,29.154024786097274,48.29412248361234,56.959165872442256,56.959165872442256,0.0,0.0,0.0,0.0,0.0,0.0,0.0,0.0,0.0,0.0,0.0,0.0,0.0,0.0,0.0,0.0,0.0,0.0,0.0,0.0,0.0,0.0,0.0,0.0,0.0,0.0,0.0,0.0,0.0,0.0,-18.47190797800672,-18.47190797800672,-18.47190797800672,0.8845621210158767,0.8845621210158767,0.8845621210158767,1.1914663408604353,1.1914663408604353,1.1914663408604353,-7.290949387139272,-7.290949387139272,-7.290949387139272,-3.3229048916963206,-3.3229048916963206,-3.3229048916963206,0.0,0.0,0.0,0.09704302016108089,0.09704302016108089,0.09704302016108089,0.49084918438520075,0.49084918438520075,0.49084918438520075,-1.602973771323393,-1.602973771323393,-1.602973771323393,-0.43647636392128425,-0.43647636392128425,-0.43647636392128425,-4.233627696389491,-4.233627696389491,-4.233627696389491,-3.7079529056049916,-3.7079529056049916,-3.7079529056049916,-7.831893015493829,-7.831893015493829,-7.831893015493829,0.0,0.0,0.0,38.48725789443554
404,2018-03-31 14:00:00,56.95886737459274,26.8871139422229,46.77689125611259,56.95886737459274,56.95886737459274,0.0,0.0,0.0,0.0,0.0,0.0,0.0,0.0,0.0,0.0,0.0,0.0,0.0,0.0,0.0,0.0,0.0,0.0,0.0,0.0,0.0,0.0,0.0,0.0,0.0,0.0,0.0,0.0,0.0,0.0,-19.965956003305948,-19.965956003305948,-19.965956003305948,-0.4858030113872438,-0.4858030113872438,-0.4858030113872438,1.1914663408604353,1.1914663408604353,1.1914663408604353,-7.0646257511350266,-7.0646257511350266,-7.0646257511350266,-3.31786173146071,-3.31786173146071,-3.31786173146071,0.0,0.0,0.0,0.19394972001289254,0.19394972001289254,0.19394972001289254,0.5266411132226839,0.5266411132226839,0.5266411132226839,-1.5453058181938517,-1.5453058181938517,-1.5453058181938517,-0.5960347427188194,-0.5960347427188194,-0.5960347427188194,-4.57909879795073,-4.57909879795073,-4.57909879795073,-3.517480632857657,-3.517480632857657,-3.517480632857657,-7.836428442832945,-7.836428442832945,-7.836428442832945,0.0,0.0,0.0,36.992911371286795
405,2018-03-31 15:00:00,56.95856887674323,27.33896964760036,47.0492171053479,56.95856887674323,56.95856887674323,0.0,0.0,0.0,0.0,0.0,0.0,0.0,0.0,0.0,0.0,0.0,0.0,0.0,0.0,0.0,0.0,0.0,0.0,0.0,0.0,0.0,0.0,0.0,0.0,0.0,0.0,0.0,0.0,0.0,0.0,-19.857304464299585,-19.857304464299585,-19.857304464299585,-0.5585873784803813,-0.5585873784803813,-0.5585873784803813,1.1914663408604353,1.1914663408604353,1.1914663408604353,-6.536061622459078,-6.536061622459078,-6.536061622459078,-3.31786173146071,-3.31786173146071,-3.31786173146071,0.0,0.0,0.0,0.2908564198647042,0.2908564198647042,0.2908564198647042,0.4958903011228744,0.4958903011228744,0.4958903011228744,-1.3940456132639074,-1.3940456132639074,-1.3940456132639074,-0.6965702933545044,-0.6965702933545044,-0.6965702933545044,-4.921703429468136,-4.921703429468136,-4.921703429468136,-3.105797046227971,-3.105797046227971,-3.105797046227971,-7.840952033891989,-7.840952033891989,-7.840952033891989,0.0,0.0,0.0,37.10126441244364
406,2018-03-31 16:00:00,56.958270378893715,29.20022739278167,49.10663191309228,56.958270378893715,56.958270378893715,0.0,0.0,0.0,0.0,0.0,0.0,0.0,0.0,0.0,0.0,0.0,0.0,0.0,0.0,0.0,0.0,0.0,0.0,0.0,0.0,0.0,0.0,0.0,0.0,0.0,0.0,0.0,0.0,0.0,0.0,-17.5080802731131,-17.5080802731131,-17.5080802731131,1.1455392415790357,1.1455392415790357,1.1455392415790357,1.1914663408604353,1.1914663408604353,1.1914663408604353,-5.549048676817258,-5.549048676817258,-5.549048676817258,-3.207416522300836,-3.207416522300836,-3.207416522300836,0.0,0.0,0.0,0.38776311971651584,0.38776311971651584,0.38776311971651584,0.49084918438520075,0.49084918438520075,0.49084918438520075,-1.060800474277624,-1.060800474277624,-1.060800474277624,-0.7138836562819804,-0.7138836562819804,-0.7138836562819804,-5.259107291585259,-5.259107291585259,-5.259107291585259,-2.637026668918969,-2.637026668918969,-2.637026668918969,-7.8454635462896185,-7.8454635462896185,-7.8454635462896185,0.0,0.0,0.0,39.450190105780614
407,2018-03-31 17:00:00,56.9579718810442,34.57855691613035,54.450674858325925,56.9579718810442,56.9579718810442,0.0,0.0,0.0,0.0,0.0,0.0,0.0,0.0,0.0,0.0,0.0,0.0,0.0,0.0,0.0,0.0,0.0,0.0,0.0,0.0,0.0,0.0,0.0,0.0,0.0,0.0,0.0,0.0,0.0,0.0,-12.216581176942968,-12.216581176942968,-12.216581176942968,3.8970310541361424,3.8970310541361424,3.8970310541361424,1.1914663408604353,1.1914663408604353,1.1914663408604353,-2.6747197040476456,-2.6747197040476456,-2.6747197040476456,-3.0520871870440285,-3.0520871870440285,-3.0520871870440285,0.0,0.0,0.0,0.48466981956832744,0.48466981956832744,0.48466981956832744,1.3281786745127995,1.3281786745127995,1.3281786745127995,-0.41747191518495486,-0.41747191518495486,-0.41747191518495486,-0.6554510564017487,-0.6554510564017487,-0.6554510564017487,-5.588929789534412,-5.588929789534412,-5.588929789534412,-1.554024380358476,-1.554024380358476,-1.554024380358476,-7.8499627374970515,-7.8499627374970515,-7.8499627374970515,0.0,0.0,0.0,44.741390704101235
408,2018-03-31 18:00:00,56.611542256994085,38.70525598528836,58.441290321472735,56.611542256994085,56.611542256994085,0.0,0.0,0.0,0.0,0.0,0.0,0.0,0.0,0.0,0.0,0.0,0.0,0.0,0.0,0.0,0.0,0.0,0.0,0.0,0.0,0.0,0.0,0.0,0.0,0.0,0.0,0.0,0.0,0.0,0.0,-7.932053177985407,-7.932053177985407,-7.932053177985407,6.037109343969633,6.037109343969633,6.037109343969633,1.2250625301332105,1.2250625301332105,1.2250625301332105,0.23059090273512087,0.23059090273512087,0.23059090273512087,-2.695657907255902,-2.695657907255902,-2.695657907255902,0.0,0.0,0.0,0.6076518600484935,0.6076518600484935,0.6076518600484935,2.224042539060285,2.224042539060285,2.224042539060285,0.2327474628676243,0.2327474628676243,0.2327474628676243,-0.3803364308050793,-0.3803364308050793,-0.3803364308050793,-5.987090913473868,-5.987090913473868,-5.987090913473868,-0.9829191513135114,-0.9829191513135114,-0.9829191513135114,-8.21266251121629,-8.21266251121629,-8.21266251121629,0.0,0.0,0.0,48.679489079008675
409,2018-03-31 19:00:00,56.61118739237216,40.246171708305795,59.85580423972268,56.61118739237216,56.61118739237216,0.0,0.0,0.0,0.0,0.0,0.0,0.0,0.0,0.0,0.0,0.0,0.0,0.0,0.0,0.0,0.0,0.0,0.0,0.0,0.0,0.0,0.0,0.0,0.0,0.0,0.0,0.0,0.0,0.0,0.0,-6.2209294608923384,-6.2209294608923384,-6.2209294608923384,6.2806018654504205,6.2806018654504205,6.2806018654504205,1.2250625301332105,1.2250625301332105,1.2250625301332105,2.0049986713002137,2.0049986713002137,2.0049986713002137,-2.3829694210691326,-2.3829694210691326,-2.3829694210691326,0.0,0.0,0.0,0.7089034513521698,0.7089034513521698,0.7089034513521698,2.567355099086368,2.567355099086368,2.567355099086368,0.3988828677702506,0.3988828677702506,0.3988828677702506,0.14816952918834772,0.14816952918834772,0.14816952918834772,-6.289210205605422,-6.289210205605422,-6.289210205605422,-0.6604053851610003,-0.6604053851610003,-0.6604053851610003,-8.217319792037548,-8.217319792037548,-8.217319792037548,0.0,0.0,0.0,50.39025793147982
410,2018-03-31 20:00:00,56.61083252775023,38.57311748737034,58.35703669770747,56.61083252775023,56.61083252775023,0.0,0.0,0.0,0.0,0.0,0.0,0.0,0.0,0.0,0.0,0.0,0.0,0.0,0.0,0.0,0.0,0.0,0.0,0.0,0.0,0.0,0.0,0.0,0.0,0.0,0.0,0.0,0.0,0.0,0.0,-8.567610425030514,-8.567610425030514,-8.567610425030514,4.385245195040909,4.385245195040909,4.385245195040909,1.2250625301332105,1.2250625301332105,1.2250625301332105,1.8456074433163279,1.8456074433163279,1.8456074433163279,-2.4411440231503923,-2.4411440231503923,-2.4411440231503923,0.0,0.0,0.0,0.810155042655846,0.810155042655846,0.810155042655846,2.3412712180935813,2.3412712180935813,2.3412712180935813,0.4113930639225568,0.4113930639225568,0.4113930639225568,-0.11520480415833519,-0.11520480415833519,-0.11520480415833519,-6.576505251294272,-6.576505251294272,-6.576505251294272,-0.3859255841801398,-0.3859255841801398,-0.3859255841801398,-8.221957812093478,-8.221957812093478,-8.221957812093478,0.0,0.0,0.0,48.04322210271972
411,2018-03-31 21:00:00,56.61047766312831,34.51688696176794,55.18993393098516,56.61047766312831,56.61047766312831,0.0,0.0,0.0,0.0,0.0,0.0,0.0,0.0,0.0,0.0,0.0,0.0,0.0,0.0,0.0,0.0,0.0,0.0,0.0,0.0,0.0,0.0,0.0,0.0,0.0,0.0,0.0,0.0,0.0,0.0,-11.948853913215979,-11.948853913215979,-11.948853913215979,1.3084327217891192,1.3084327217891192,1.3084327217891192,1.2250625301332105,1.2250625301332105,1.2250625301332105,1.8159761360979407,1.8159761360979407,1.8159761360979407,-2.553614920507494,-2.553614920507494,-2.553614920507494,0.0,0.0,0.0,0.911406633959522,0.911406633959522,0.911406633959522,2.4112143795336163,2.4112143795336163,2.4112143795336163,0.4559293622247669,0.4559293622247669,0.4559293622247669,-0.3921981605804929,-0.3921981605804929,-0.3921981605804929,-6.8466864456144,-6.8466864456144,-6.8466864456144,-0.24182368866518805,-0.24182368866518805,-0.24182368866518805,-8.22657632548864,-8.22657632548864,-8.22657632548864,0.0,0.0,0.0,44.66162374991233
412,2018-03-31 22:00:00,56.61012279850638,25.198849546107553,45.33037282303605,56.61012279850638,56.61012279850638,0.0,0.0,0.0,0.0,0.0,0.0,0.0,0.0,0.0,0.0,0.0,0.0,0.0,0.0,0.0,0.0,0.0,0.0,0.0,0.0,0.0,0.0,0.0,0.0,0.0,0.0,0.0,0.0,0.0,0.0,-21.29168964019805,-21.29168964019805,-21.29168964019805,-1.6745030466698663,-1.6745030466698663,-1.6745030466698663,1.2250625301332105,1.2250625301332105,1.2250625301332105,-4.28848129307042,-4.28848129307042,-4.28848129307042,-2.60209375557521,-2.60209375557521,-2.60209375557521,0.0,0.0,0.0,1.0126582252631984,1.0126582252631984,1.0126582252631984,-0.3490777099730821,-0.3490777099730821,-0.3490777099730821,0.7086353245013522,0.7086353245013522,0.7086353245013522,-0.36781571604214275,-0.36781571604214275,-0.36781571604214275,-7.09753021401257,-7.09753021401257,-7.09753021401257,-3.9158501913777473,-3.9158501913777473,-3.9158501913777473,-8.231175086445196,-8.231175086445196,-8.231175086445196,0.0,0.0,0.0,35.31843315830833
413,2018-03-31 23:00:00,56.609767933884456,22.71239963008349,42.653316283998855,56.609767933884456,56.609767933884456,0.0,0.0,0.0,0.0,0.0,0.0,0.0,0.0,0.0,0.0,0.0,0.0,0.0,0.0,0.0,0.0,0.0,0.0,0.0,0.0,0.0,0.0,0.0,0.0,0.0,0.0,0.0,0.0,0.0,0.0,-24.320132044051007,-24.320132044051007,-24.320132044051007,-3.8898940687764707,-3.8898940687764707,-3.8898940687764707,1.2250625301332105,1.2250625301332105,1.2250625301332105,-4.86758285877537,-4.86758285877537,-4.86758285877537,-2.810067958015712,-2.810067958015712,-2.810067958015712,0.0,0.0,0.0,1.1139098165668746,1.1139098165668746,1.1139098165668746,-0.5894457577388331,-0.5894457577388331,-0.5894457577388331,0.70813491665526,0.70813491665526,0.70813491665526,-0.8211973874579506,-0.8211973874579506,-0.8211973874579506,-7.326901267178128,-7.326901267178128,-7.326901267178128,-3.6939790189182182,-3.6939790189182182,-3.6939790189182182,-8.235753849321037,-8.235753849321037,-8.235753849321037,0.0,0.0,0.0,32.28963588983345
414,2018-04-01 00:00:00,56.60941306926253,20.106690496673934,39.85000097661171,56.60941306926253,56.60941306926253,0.0,0.0,0.0,0.0,0.0,0.0,0.0,0.0,0.0,0.0,0.0,0.0,0.0,0.0,0.0,0.0,0.0,0.0,0.0,0.0,0.0,0.0,0.0,0.0,0.0,0.0,0.0,0.0,0.0,0.0,-26.658146884510085,-26.658146884510085,-26.658146884510085,-5.4607025119554455,-5.4607025119554455,-5.4607025119554455,2.0422590363578323,2.0422590363578323,2.0422590363578323,-5.424357697475043,-5.424357697475043,-5.424357697475043,-2.8919971892801524,-2.8919971892801524,-2.8919971892801524,0.0,0.0,0.0,0.0001423122264361234,0.0001423122264361234,0.0001423122264361234,-0.654463344429569,-0.654463344429569,-0.654463344429569,0.70813491665526,0.70813491665526,0.70813491665526,-1.1111507819680602,-1.1111507819680602,-1.1111507819680602,-7.532774306459136,-7.532774306459136,-7.532774306459136,-3.5172826470367897,-3.5172826470367897,-3.5172826470367897,-8.24031236862046,-8.24031236862046,-8.24031236862046,0.0,0.0,0.0,29.951266184752445
415,2018-04-01 01:00:00,56.609058204640604,16.6041408547833,37.3863301805873,56.609058204640604,56.609058204640604,0.0,0.0,0.0,0.0,0.0,0.0,0.0,0.0,0.0,0.0,0.0,0.0,0.0,0.0,0.0,0.0,0.0,0.0,0.0,0.0,0.0,0.0,0.0,0.0,0.0,0.0,0.0,0.0,0.0,0.0,-29.103880459143042,-29.103880459143042,-29.103880459143042,-6.730745801907303,-6.730745801907303,-6.730745801907303,2.0422590363578323,2.0422590363578323,2.0422590363578323,-6.41502932379753,-6.41502932379753,-6.41502932379753,-2.825581185237381,-2.825581185237381,-2.825581185237381,0.0,0.0,0.0,-1.1136251921140023,-1.1136251921140023,-1.1136251921140023,-0.6406717351315342,-0.6406717351315342,-0.6406717351315342,0.7086353245013522,0.7086353245013522,0.7086353245013522,-1.2042873268713077,-1.2042873268713077,-1.2042873268713077,-7.71325493443489,-7.71325493443489,-7.71325493443489,-3.38175824530249,-3.38175824530249,-3.38175824530249,-8.244850399003322,-8.244850399003322,-8.244850399003322,0.0,0.0,0.0,27.505177745497562
416,2018-04-01 02:00:00,56.60870334001868,16.877828111844803,36.89799379109753,56.60870334001868,56.60870334001868,0.0,0.0,0.0,0.0,0.0,0.0,0.0,0.0,0.0,0.0,0.0,0.0,0.0,0.0,0.0,0.0,0.0,0.0,0.0,0.0,0.0,0.0,0.0,0.0,0.0,0.0,0.0,0.0,0.0,0.0,-30.320809343665996,-30.320809343665996,-30.320809343665996,-7.602992800462902,-7.602992800462902,-7.602992800462902,2.0422590363578323,2.0422590363578323,2.0422590363578323,-6.601849314450162,-6.601849314450162,-6.601849314450162,-2.885210152370672,-2.885210152370672,-2.885210152370672,0.0,0.0,0.0,-1.0123736008103263,-1.0123736008103263,-1.0123736008103263,-0.6741656434267617,-0.6741656434267617,-0.6741656434267617,0.7086353245013522,0.7086353245013522,0.7086353245013522,-1.241410147835102,-1.241410147835102,-1.241410147835102,-7.866599533451572,-7.866599533451572,-7.866599533451572,-3.5395841308664844,-3.5395841308664844,-3.5395841308664844,-8.24936769530136,-8.24936769530136,-8.24936769530136,0.0,0.0,0.0,26.287893996352683
417,2018-04-01 03:00:00,56.60834847539675,16.181361847875486,35.77016533036708,56.60834847539675,56.60834847539675,0.0,0.0,0.0,0.0,0.0,0.0,0.0,0.0,0.0,0.0,0.0,0.0,0.0,0.0,0.0,0.0,0.0,0.0,0.0,0.0,0.0,0.0,0.0,0.0,0.0,0.0,0.0,0.0,0.0,0.0,-30.528030290857487,-30.528030290857487,-30.528030290857487,-7.494732826218388,-7.494732826218388,-7.494732826218388,2.0422590363578323,2.0422590363578323,2.0422590363578323,-6.788199568167472,-6.788199568167472,-6.788199568167472,-2.9055712630991124,-2.9055712630991124,-2.9055712630991124,0.0,0.0,0.0,-0.9111220095066499,-0.9111220095066499,-0.9111220095066499,-0.6864795803000072,-0.6864795803000072,-0.6864795803000072,0.7091357323474444,0.7091357323474444,0.7091357323474444,-1.1405854447440864,-1.1405854447440864,-1.1405854447440864,-7.991233883944727,-7.991233883944727,-7.991233883944727,-3.8958360392228935,-3.8958360392228935,-3.8958360392228935,-8.253864012526897,-8.253864012526897,-8.253864012526897,0.0,0.0,0.0,26.080318184539266
418,2018-04-01 04:00:00,56.60799361077482,18.4519566284145,38.10091776873588,56.60799361077482,56.60799361077482,0.0,0.0,0.0,0.0,0.0,0.0,0.0,0.0,0.0,0.0,0.0,0.0,0.0,0.0,0.0,0.0,0.0,0.0,0.0,0.0,0.0,0.0,0.0,0.0,0.0,0.0,0.0,0.0,0.0,0.0,-28.22605314004982,-28.22605314004982,-28.22605314004982,-5.937630490874786,-5.937630490874786,-5.937630490874786,2.0422590363578323,2.0422590363578323,2.0422590363578323,-5.944313235991169,-5.944313235991169,-5.944313235991169,-2.812491899769098,-2.812491899769098,-2.812491899769098,0.0,0.0,0.0,-0.8098704182029737,-0.8098704182029737,-0.8098704182029737,-0.4781277684046943,-0.4781277684046943,-0.4781277684046943,0.7086353245013522,0.7086353245013522,0.7086353245013522,-0.670289825315189,-0.670289825315189,-0.670289825315189,-8.085770307297224,-8.085770307297224,-8.085770307297224,-3.9244276851583986,-3.9244276851583986,-3.9244276851583986,-8.25833910588664,-8.25833910588664,-8.25833910588664,0.0,0.0,0.0,28.381940470725
419,2018-04-01 05:00:00,56.6076387461529,22.82809736798956,42.35028518690591,56.6076387461529,56.6076387461529,0.0,0.0,0.0,0.0,0.0,0.0,0.0,0.0,0.0,0.0,0.0,0.0,0.0,0.0,0.0,0.0,0.0,0.0,0.0,0.0,0.0,0.0,0.0,0.0,0.0,0.0,0.0,0.0,0.0,0.0,-24.308645252027567,-24.308645252027567,-24.308645252027567,-3.181355032232248,-3.181355032232248,-3.181355032232248,2.0422590363578323,2.0422590363578323,2.0422590363578323,-4.715474355125944,-4.715474355125944,-4.715474355125944,-2.5439191534939507,-2.5439191534939507,-2.5439191534939507,0.0,0.0,0.0,-0.7086188268992974,-0.7086188268992974,-0.7086188268992974,-0.41409529666381806,-0.41409529666381806,-0.41409529666381806,0.7076345088091676,0.7076345088091676,0.7076345088091676,0.041633622872133215,0.041633622872133215,0.041633622872133215,-8.149023133878204,-8.149023133878204,-8.149023133878204,-3.8403682461080106,-3.8403682461080106,-3.8403682461080106,-8.262792730791176,-8.262792730791176,-8.262792730791176,0.0,0.0,0.0,32.298993494125334
420,2018-04-01 06:00:00,56.60728388153097,25.764569382036925,45.30206955800082,56.60728388153097,56.60728388153097,0.0,0.0,0.0,0.0,0.0,0.0,0.0,0.0,0.0,0.0,0.0,0.0,0.0,0.0,0.0,0.0,0.0,0.0,0.0,0.0,0.0,0.0,0.0,0.0,0.0,0.0,0.0,0.0,0.0,0.0,-20.75156802659984,-20.75156802659984,-20.75156802659984,-0.16266502411706238,-0.16266502411706238,-0.16266502411706238,2.0422590363578323,2.0422590363578323,2.0422590363578323,-4.141656045880672,-4.141656045880672,-4.141656045880672,-2.5894892584576037,-2.5894892584576037,-2.5894892584576037,0.0,0.0,0.0,-0.6073672355956212,-0.6073672355956212,-0.6073672355956212,-0.29095592793136366,-0.29095592793136366,-0.29095592793136366,0.6986271675795073,0.6986271675795073,0.6986271675795073,0.5136865356010919,0.5136865356010919,0.5136865356010919,-8.180022313730182,-8.180022313730182,-8.180022313730182,-3.9084163634345153,-3.9084163634345153,-3.9084163634345153,-8.267224642871923,-8.267224642871923,-8.267224642871923,0.0,0.0,0.0,35.85571585493113
421,2018-04-01 07:00:00,56.60692901690905,28.64703659048785,48.762774550820346,56.60692901690905,56.60692901690905,0.0,0.0,0.0,0.0,0.0,0.0,0.0,0.0,0.0,0.0,0.0,0.0,0.0,0.0,0.0,0.0,0.0,0.0,0.0,0.0,0.0,0.0,0.0,0.0,0.0,0.0,0.0,0.0,0.0,0.0,-17.335992415290622,-17.335992415290622,-17.335992415290622,2.1480034857427888,2.1480034857427888,2.1480034857427888,2.0422590363578323,2.0422590363578323,2.0422590363578323,-3.0343362949198514,-3.0343362949198514,-3.0343362949198514,-2.392180399731999,-2.392180399731999,-2.392180399731999,0.0,0.0,0.0,-0.506115644291945,-0.506115644291945,-0.506115644291945,0.28188841541201426,0.28188841541201426,0.28188841541201426,0.5339929862151576,0.5339929862151576,0.5339929862151576,0.8644862106258231,0.8644862106258231,0.8644862106258231,-8.178025008126061,-8.178025008126061,-8.178025008126061,-3.858666899506734,-3.858666899506734,-3.858666899506734,-8.2716345979875,-8.2716345979875,-8.2716345979875,0.0,0.0,0.0,39.27093660161843
422,2018-04-01 08:00:00,56.60657415228712,31.218904992614245,50.93101562829177,56.60657415228712,56.60657415228712,0.0,0.0,0.0,0.0,0.0,0.0,0.0,0.0,0.0,0.0,0.0,0.0,0.0,0.0,0.0,0.0,0.0,0.0,0.0,0.0,0.0,0.0,0.0,0.0,0.0,0.0,0.0,0.0,0.0,0.0,-15.692417617005958,-15.692417617005958,-15.692417617005958,3.3879627993085313,3.3879627993085313,3.3879627993085313,2.0422590363578323,2.0422590363578323,2.0422590363578323,-2.6618330424066823,-2.6618330424066823,-2.6618330424066823,-2.2680745819586456,-2.2680745819586456,-2.2680745819586456,0.0,0.0,0.0,-0.4048640529882688,-0.4048640529882688,-0.4048640529882688,0.469060255885345,0.469060255885345,0.469060255885345,0.22824379225279406,0.22824379225279406,0.22824379225279406,1.0432908039070574,1.0432908039070574,1.0432908039070574,-8.142525021667472,-8.142525021667472,-8.142525021667472,-3.771748295862796,-3.771748295862796,-3.771748295862796,-8.276022352240332,-8.276022352240332,-8.276022352240332,0.0,0.0,0.0,40.914156535281165
423,2018-04-01 09:00:00,56.6062192876652,30.74139341425265,51.152562969672495,56.6062192876652,56.6062192876652,0.0,0.0,0.0,0.0,0.0,0.0,0.0,0.0,0.0,0.0,0.0,0.0,0.0,0.0,0.0,0.0,0.0,0.0,0.0,0.0,0.0,0.0,0.0,0.0,0.0,0.0,0.0,0.0,0.0,0.0,-15.815043050540098,-15.815043050540098,-15.815043050540098,3.8333251983113503,3.8333251983113503,3.8333251983113503,2.0422590363578323,2.0422590363578323,2.0422590363578323,-3.2947206283505,-3.2947206283505,-3.2947206283505,-2.219110958540252,-2.219110958540252,-2.219110958540252,0.0,0.0,0.0,-0.3036124616845926,-0.3036124616845926,-0.3036124616845926,0.14692766728124423,0.14692766728124423,0.14692766728124423,0.0130684184331274,0.0130684184331274,0.0130684184331274,1.0742630983206374,1.0742630983206374,1.0742630983206374,-8.073259958515736,-8.073259958515736,-8.073259958515736,-4.048515428518496,-4.048515428518496,-4.048515428518496,-8.280387661985213,-8.280387661985213,-8.280387661985213,0.0,0.0,0.0,40.7911762371251
424,2018-04-01 10:00:00,56.605864423043265,29.62231660712236,49.89133148974805,56.605864423043265,56.605864423043265,0.0,0.0,0.0,0.0,0.0,0.0,0.0,0.0,0.0,0.0,0.0,0.0,0.0,0.0,0.0,0.0,0.0,0.0,0.0,0.0,0.0,0.0,0.0,0.0,0.0,0.0,0.0,0.0,0.0,0.0,-16.654461285863228,-16.654461285863228,-16.654461285863228,3.8649734885003766,3.8649734885003766,3.8649734885003766,2.0422590363578323,2.0422590363578323,2.0422590363578323,-4.2644884791466104,-4.2644884791466104,-4.2644884791466104,-2.316068628675685,-2.316068628675685,-2.316068628675685,0.0,0.0,0.0,-0.2023608703809163,-0.2023608703809163,-0.2023608703809163,-0.24268529538824152,-0.24268529538824152,-0.24268529538824152,-0.08551192724704546,-0.08551192724704546,-0.08551192724704546,1.0281341491940288,1.0281341491940288,1.0281341491940288,-7.9702160113738945,-7.9702160113738945,-7.9702160113738945,-4.4882549430065835,-4.4882549430065835,-4.4882549430065835,-8.284730283843102,-8.284730283843102,-8.284730283843102,0.0,0.0,0.0,39.95140313718004
425,2018-04-01 11:00:00,56.605509558421346,30.005183656344485,49.241323557508835,56.605509558421346,56.605509558421346,0.0,0.0,0.0,0.0,0.0,0.0,0.0,0.0,0.0,0.0,0.0,0.0,0.0,0.0,0.0,0.0,0.0,0.0,0.0,0.0,0.0,0.0,0.0,0.0,0.0,0.0,0.0,0.0,0.0,0.0,-17.278026030110823,-17.278026030110823,-17.278026030110823,3.493262637699516,3.493262637699516,3.493262637699516,2.0422590363578323,2.0422590363578323,2.0422590363578323,-4.648608374998851,-4.648608374998851,-4.648608374998851,-2.4275699493314318,-2.4275699493314318,-2.4275699493314318,0.0,0.0,0.0,-0.10110927907724011,-0.10110927907724011,-0.10110927907724011,-0.30770288207897745,-0.30770288207897745,-0.30770288207897745,-0.11953966078131834,-0.11953966078131834,-0.11953966078131834,1.0226426076313375,1.0226426076313375,1.0226426076313375,-7.833630318096508,-7.833630318096508,-7.833630318096508,-4.7575882477190525,-4.7575882477190525,-4.7575882477190525,-8.289049974714978,-8.289049974714978,-8.289049974714978,0.0,0.0,0.0,39.32748352831052
426,2018-04-01 12:00:00,56.60515469379941,29.222643172192946,49.46847460984793,56.60515469379941,56.60515469379941,0.0,0.0,0.0,0.0,0.0,0.0,0.0,0.0,0.0,0.0,0.0,0.0,0.0,0.0,0.0,0.0,0.0,0.0,0.0,0.0,0.0,0.0,0.0,0.0,0.0,0.0,0.0,0.0,0.0,0.0,-18.280927980259275,-18.280927980259275,-18.280927980259275,2.4764741919836153,2.4764741919836153,2.4764741919836153,2.0422590363578323,2.0422590363578323,2.0422590363578323,-4.8000648324538115,-4.8000648324538115,-4.8000648324538115,-2.5138622757519666,-2.5138622757519666,-2.5138622757519666,0.0,0.0,0.0,0.0001423122264361234,0.0001423122264361234,0.0001423122264361234,-0.2623875943854342,-0.2623875943854342,-0.2623875943854342,-0.08401070370876872,-0.08401070370876872,-0.08401070370876872,0.8176982765116917,0.8176982765116917,0.8176982765116917,-7.663990847998354,-7.663990847998354,-7.663990847998354,-4.799903883703602,-4.799903883703602,-4.799903883703602,-8.293346491790725,-8.293346491790725,-8.293346491790725,0.0,0.0,0.0,38.32422671354014
427,2018-04-01 13:00:00,56.60479982917749,27.390265128474383,47.09450298489706,56.60479982917749,56.60479982917749,0.0,0.0,0.0,0.0,0.0,0.0,0.0,0.0,0.0,0.0,0.0,0.0,0.0,0.0,0.0,0.0,0.0,0.0,0.0,0.0,0.0,0.0,0.0,0.0,0.0,0.0,0.0,0.0,0.0,0.0,-19.46371454621821,-19.46371454621821,-19.46371454621821,0.9006496829942532,0.9006496829942532,0.9006496829942532,2.0422590363578323,2.0422590363578323,2.0422590363578323,-4.604710829133869,-4.604710829133869,-4.604710829133869,-2.4741096309964394,-2.4741096309964394,-2.4741096309964394,0.0,0.0,0.0,0.10139390353011235,0.10139390353011235,0.10139390353011235,-0.22249043891611897,-0.22249043891611897,-0.22249043891611897,0.05460226965878399,0.05460226965878399,0.05460226965878399,0.6643744360813458,0.6643744360813458,0.6643744360813458,-7.4620338075165105,-7.4620338075165105,-7.4620338075165105,-4.770740404849385,-4.770740404849385,-4.770740404849385,-8.297619592562087,-8.297619592562087,-8.297619592562087,0.0,0.0,0.0,37.14108528295928
428,2018-04-01 14:00:00,56.60444496455556,27.26106731557007,45.856451989856275,56.60444496455556,56.60444496455556,0.0,0.0,0.0,0.0,0.0,0.0,0.0,0.0,0.0,0.0,0.0,0.0,0.0,0.0,0.0,0.0,0.0,0.0,0.0,0.0,0.0,0.0,0.0,0.0,0.0,0.0,0.0,0.0,0.0,0.0,-20.077616858065515,-20.077616858065515,-20.077616858065515,-0.46192196132398683,-0.46192196132398683,-0.46192196132398683,2.0422590363578323,2.0422590363578323,2.0422590363578323,-4.085087279232058,-4.085087279232058,-4.085087279232058,-2.498833836880974,-2.498833836880974,-2.498833836880974,0.0,0.0,0.0,0.20264549483378858,0.20264549483378858,0.20264549483378858,-0.23775972063894335,-0.23775972063894335,-0.23775972063894335,0.32081924377985993,0.32081924377985993,0.32081924377985993,0.5837586059410351,0.5837586059410351,0.5837586059410351,-7.228738582673486,-7.228738582673486,-7.228738582673486,-4.497976102624656,-4.497976102624656,-4.497976102624656,-8.301869034835988,-8.301869034835988,-8.301869034835988,0.0,0.0,0.0,36.52682810649004
429,2018-04-01 15:00:00,56.60409009993364,27.560830136439417,48.57303263943641,56.60409009993364,56.60409009993364,0.0,0.0,0.0,0.0,0.0,0.0,0.0,0.0,0.0,0.0,0.0,0.0,0.0,0.0,0.0,0.0,0.0,0.0,0.0,0.0,0.0,0.0,0.0,0.0,0.0,0.0,0.0,0.0,0.0,0.0,-18.406381375197743,-18.406381375197743,-18.406381375197743,-0.5372410938263656,-0.5372410938263656,-0.5372410938263656,2.0422590363578323,2.0422590363578323,2.0422590363578323,-2.59772544120564,-2.59772544120564,-2.59772544120564,-2.35097338992444,-2.35097338992444,-2.35097338992444,0.0,0.0,0.0,0.3038970861374648,0.3038970861374648,0.3038970861374648,0.43753657748983665,0.43753657748983665,0.43753657748983665,0.5970443748227808,0.5970443748227808,0.5970443748227808,0.6028691705792014,0.6028691705792014,0.6028691705792014,-6.965320263418818,-6.965320263418818,-6.965320263418818,-4.230358296668316,-4.230358296668316,-4.230358296668316,-8.306094576746919,-8.306094576746919,-8.306094576746919,0.0,0.0,0.0,38.197708724735904
430,2018-04-01 16:00:00,56.60373523531172,31.41703422691401,51.2714775653715,56.60373523531172,56.60373523531172,0.0,0.0,0.0,0.0,0.0,0.0,0.0,0.0,0.0,0.0,0.0,0.0,0.0,0.0,0.0,0.0,0.0,0.0,0.0,0.0,0.0,0.0,0.0,0.0,0.0,0.0,0.0,0.0,0.0,0.0,-15.56124759010659,-15.56124759010659,-15.56124759010659,1.148650816732029,1.148650816732029,1.148650816732029,2.0422590363578323,2.0422590363578323,2.0422590363578323,-1.7263826075139954,-1.7263826075139954,-1.7263826075139954,-2.4459919066571643,-2.4459919066571643,-2.4459919066571643,0.0,0.0,0.0,0.405148677441141,0.405148677441141,0.405148677441141,0.8458667242066554,0.8458667242066554,0.8458667242066554,0.6996279832716916,0.6996279832716916,0.6996279832716916,0.9462003490786722,0.9462003490786722,0.9462003490786722,-6.673219822558639,-6.673219822558639,-6.673219822558639,-4.219493471212824,-4.219493471212824,-4.219493471212824,-8.310295976765982,-8.310295976765982,-8.310295976765982,0.0,0.0,0.0,41.04248764520513
431,2018-04-01 17:00:00,56.603380370689784,33.316923075645434,53.005520571498295,56.603380370689784,56.603380370689784,0.0,0.0,0.0,0.0,0.0,0.0,0.0,0.0,0.0,0.0,0.0,0.0,0.0,0.0,0.0,0.0,0.0,0.0,0.0,0.0,0.0,0.0,0.0,0.0,0.0,0.0,0.0,0.0,0.0,0.0,-12.84319181845998,-12.84319181845998,-12.84319181845998,3.8696932308857117,3.8696932308857117,3.8696932308857117,2.0422590363578323,2.0422590363578323,2.0422590363578323,-2.044320008002699,-2.044320008002699,-2.044320008002699,-2.3907260346799677,-2.3907260346799677,-2.3907260346799677,0.0,0.0,0.0,0.5064002687448173,0.5064002687448173,0.5064002687448173,0.5404810897501685,0.5404810897501685,0.5404810897501685,0.7066336931169832,0.7066336931169832,0.7066336931169832,1.0474643754947026,1.0474643754947026,1.0474643754947026,-6.354092047625333,-6.354092047625333,-6.354092047625333,-4.496832436787235,-4.496832436787235,-4.496832436787235,-8.314472993717661,-8.314472993717661,-8.314472993717661,0.0,0.0,0.0,43.760188552229806
432,2018-04-01 18:00:00,56.475575976400165,36.34067268195223,56.543942456436255,56.475575976400165,56.475575976400165,0.0,0.0,0.0,0.0,0.0,0.0,0.0,0.0,0.0,0.0,0.0,0.0,0.0,0.0,0.0,0.0,0.0,0.0,0.0,0.0,0.0,0.0,0.0,0.0,0.0,0.0,0.0,0.0,0.0,0.0,-10.319330340359656,-10.319330340359656,-10.319330340359656,6.040322511996322,6.040322511996322,6.040322511996322,2.0563249557053047,2.0563249557053047,2.0563249557053047,-2.0092765485575095,-2.0092765485575095,-2.0092765485575095,-2.407935724961918,-2.407935724961918,-2.407935724961918,0.0,0.0,0.0,0.6042804266921677,0.6042804266921677,0.6042804266921677,0.5439812651059438,0.5439812651059438,0.5439812651059438,0.6716001552055968,0.6716001552055968,0.6716001552055968,1.0922029990468607,1.0922029990468607,1.0922029990468607,-6.032336619143424,-6.032336619143424,-6.032336619143424,-4.569730625351465,-4.569730625351465,-4.569730625351465,-8.318039684655046,-8.318039684655046,-8.318039684655046,0.0,0.0,0.0,46.15624563604051
433,2018-04-01 19:00:00,56.47519656184864,37.40756045372099,57.39475556305769,56.47519656184864,56.47519656184864,0.0,0.0,0.0,0.0,0.0,0.0,0.0,0.0,0.0,0.0,0.0,0.0,0.0,0.0,0.0,0.0,0.0,0.0,0.0,0.0,0.0,0.0,0.0,0.0,0.0,0.0,0.0,0.0,0.0,0.0,-9.573104063008946,-9.573104063008946,-9.573104063008946,6.295743412650461,6.295743412650461,6.295743412650461,2.0563249557053047,2.0563249557053047,2.0563249557053047,-1.881369834280672,-1.881369834280672,-1.881369834280672,-2.473567148694917,-2.473567148694917,-2.473567148694917,0.0,0.0,0.0,0.7049702639049175,0.7049702639049175,0.7049702639049175,0.509635634560444,0.509635634560444,0.509635634560444,0.6716001552055968,0.6716001552055968,0.6716001552055968,0.9998957381609529,0.9998957381609529,0.9998957381609529,-5.66525518421029,-5.66525518421029,-5.66525518421029,-4.350229433122971,-4.350229433122971,-4.350229433122971,-8.322222457168442,-8.322222457168442,-8.322222457168442,0.0,0.0,0.0,46.90209249883969
434,2018-04-01 20:00:00,56.47481714729711,34.828671150883835,55.16240297599069,56.47481714729711,56.47481714729711,0.0,0.0,0.0,0.0,0.0,0.0,0.0,0.0,0.0,0.0,0.0,0.0,0.0,0.0,0.0,0.0,0.0,0.0,0.0,0.0,0.0,0.0,0.0,0.0,0.0,0.0,0.0,0.0,0.0,0.0,-11.615300039545849,-11.615300039545849,-11.615300039545849,4.413217275176594,4.413217275176594,4.413217275176594,2.0563249557053047,2.0563249557053047,2.0563249557053047,-2.425049153233262,-2.425049153233262,-2.425049153233262,-2.465006528208004,-2.465006528208004,-2.465006528208004,0.0,0.0,0.0,0.8056601011176672,0.8056601011176672,0.8056601011176672,-0.0886752047973907,-0.0886752047973907,-0.0886752047973907,0.6716001552055968,0.6716001552055968,0.6716001552055968,0.5545416942817826,0.5545416942817826,0.5545416942817826,-5.277088313422964,-5.277088313422964,-5.277088313422964,-3.959494326538219,-3.959494326538219,-3.959494326538219,-8.326379848066217,-8.326379848066217,-8.326379848066217,0.0,0.0,0.0,44.85951710775126
435,2018-04-01 21:00:00,56.474437732745585,31.43548633691709,51.50016394412597,56.474437732745585,56.474437732745585,0.0,0.0,0.0,0.0,0.0,0.0,0.0,0.0,0.0,0.0,0.0,0.0,0.0,0.0,0.0,0.0,0.0,0.0,0.0,0.0,0.0,0.0,0.0,0.0,0.0,0.0,0.0,0.0,0.0,0.0,-14.688944651492125,-14.688944651492125,-14.688944651492125,1.3517540603739615,1.3517540603739615,1.3517540603739615,2.0563249557053047,2.0563249557053047,2.0563249557053047,-2.840006204041311,-2.840006204041311,-2.840006204041311,-2.4255325559627945,-2.4255325559627945,-2.4255325559627945,0.0,0.0,0.0,0.9063499383304168,0.9063499383304168,0.9063499383304168,-0.31515726129307686,-0.31515726129307686,-0.31515726129307686,0.6711243029306297,0.6711243029306297,0.6711243029306297,-0.009786152517002255,-0.009786152517002255,-0.009786152517002255,-4.870180891367035,-4.870180891367035,-4.870180891367035,-3.7233294312347884,-3.7233294312347884,-3.7233294312347884,-8.33051161645774,-8.33051161645774,-8.33051161645774,0.0,0.0,0.0,41.78549308125346
436,2018-04-01 22:00:00,56.474058318194054,32.89301324064841,53.38768961023288,56.474058318194054,56.474058318194054,0.0,0.0,0.0,0.0,0.0,0.0,0.0,0.0,0.0,0.0,0.0,0.0,0.0,0.0,0.0,0.0,0.0,0.0,0.0,0.0,0.0,0.0,0.0,0.0,0.0,0.0,0.0,0.0,0.0,0.0,-13.78747599031698,-13.78747599031698,-13.78747599031698,-1.6158893822435707,-1.6158893822435707,-1.6158893822435707,2.0563249557053047,2.0563249557053047,2.0563249557053047,0.6100351741610626,0.6100351741610626,0.6100351741610626,-1.364966795639712,-1.364966795639712,-1.364966795639712,0.0,0.0,0.0,1.0070397755431664,1.0070397755431664,1.0070397755431664,-0.6436806839022041,-0.6436806839022041,-0.6436806839022041,0.6739794165804321,0.6739794165804321,0.6739794165804321,-0.22471392292542475,-0.22471392292542475,-0.22471392292542475,-4.447004260357725,-4.447004260357725,-4.447004260357725,-0.8939475712004997,-0.8939475712004997,-0.8939475712004997,-8.334617521876746,-8.334617521876746,-8.334617521876746,0.0,0.0,0.0,42.686582327877076
437,2018-04-01 23:00:00,56.47367890364253,30.73926253605679,50.89464968484481,56.47367890364253,56.47367890364253,0.0,0.0,0.0,0.0,0.0,0.0,0.0,0.0,0.0,0.0,0.0,0.0,0.0,0.0,0.0,0.0,0.0,0.0,0.0,0.0,0.0,0.0,0.0,0.0,0.0,0.0,0.0,0.0,0.0,0.0,-15.95239923310339,-15.95239923310339,-15.95239923310339,-3.820625837254984,-3.820625837254984,-3.820625837254984,2.0563249557053047,2.0563249557053047,2.0563249557053047,0.217058013434809,0.217058013434809,0.217058013434809,-1.6117980196790305,-1.6117980196790305,-1.6117980196790305,0.0,0.0,0.0,1.1077296127559162,1.1077296127559162,1.1077296127559162,-0.7701124253305653,-0.7701124253305653,-0.7701124253305653,0.6739794165804321,0.6739794165804321,0.6739794165804321,-0.7186147484557021,-0.7186147484557021,-0.7186147484557021,-4.010134084993083,-4.010134084993083,-4.010134084993083,-0.520450778141546,-0.520450778141546,-0.520450778141546,-8.338697324290134,-8.338697324290134,-8.338697324290134,0.0,0.0,0.0,40.52127967053914
438,2018-04-02 00:00:00,56.473299489091005,27.267982914756885,46.66352289911356,56.473299489091005,56.473299489091005,0.0,0.0,0.0,0.0,0.0,0.0,0.0,0.0,0.0,0.0,0.0,0.0,0.0,0.0,0.0,0.0,0.0,0.0,0.0,0.0,0.0,0.0,0.0,0.0,0.0,0.0,0.0,0.0,0.0,0.0,-18.75435194125332,-18.75435194125332,-18.75435194125332,-5.387583375967137,-5.387583375967137,-5.387583375967137,1.8916350903545165,1.8916350903545165,1.8916350903545165,-1.4617905271446041,-1.4617905271446041,-1.4617905271446041,-1.7506703075778376,-1.7506703075778376,-1.7506703075778376,0.0,0.0,0.0,0.00014140341566940803,0.00014140341566940803,0.00014140341566940803,-0.8646873500210717,-0.8646873500210717,-0.8646873500210717,0.6739794165804321,0.6739794165804321,0.6739794165804321,-1.10721692082724,-1.10721692082724,-1.10721692082724,-3.5622272540232163,-3.5622272540232163,-3.5622272540232163,-0.3049718590690728,-0.3049718590690728,-0.3049718590690728,-8.34275078411836,-8.34275078411836,-8.34275078411836,0.0,0.0,0.0,37.718947547837686
439,2018-04-02 01:00:00,56.47292007453947,25.969142232904655,45.25368268738819,56.47292007453947,56.47292007453947,0.0,0.0,0.0,0.0,0.0,0.0,0.0,0.0,0.0,0.0,0.0,0.0,0.0,0.0,0.0,0.0,0.0,0.0,0.0,0.0,0.0,0.0,0.0,0.0,0.0,0.0,0.0,0.0,0.0,0.0,-20.96166689348107,-20.96166689348107,-20.96166689348107,-6.658136247261835,-6.658136247261835,-6.658136247261835,1.7269452250037285,1.7269452250037285,1.7269452250037285,-2.8507549171134694,-2.8507549171134694,-2.8507549171134694,-1.8543489334748922,-1.8543489334748922,-1.8543489334748922,0.0,0.0,0.0,-1.1074468059245777,-1.1074468059245777,-1.1074468059245777,-0.8960464039973974,-0.8960464039973974,-0.8960464039973974,0.6739794165804321,0.6739794165804321,0.6739794165804321,-1.2934268767378247,-1.2934268767378247,-1.2934268767378247,-3.1059980668666087,-3.1059980668666087,-3.1059980668666087,-0.10041053856293819,-0.10041053856293819,-0.10041053856293819,-8.346777662239157,-8.346777662239157,-8.346777662239157,0.0,0.0,0.0,35.51125318105841
440,2018-04-02 02:00:00,56.47254065998794,25.140708044084978,45.283871797537884,56.47254065998794,56.47254065998794,0.0,0.0,0.0,0.0,0.0,0.0,0.0,0.0,0.0,0.0,0.0,0.0,0.0,0.0,0.0,0.0,0.0,0.0,0.0,0.0,0.0,0.0,0.0,0.0,0.0,0.0,0.0,0.0,0.0,0.0,-21.491782852167482,-21.491782852167482,-21.491782852167482,-7.5307392187034825,-7.5307392187034825,-7.5307392187034825,1.5622553596529414,1.5622553596529414,1.5622553596529414,-2.9660719547929784,-2.9660719547929784,-2.9660719547929784,-1.927114207613651,-1.927114207613651,-1.927114207613651,0.0,0.0,0.0,-1.0067569687118278,-1.0067569687118278,-1.0067569687118278,-0.8910687763821077,-0.8910687763821077,-0.8910687763821077,0.6739794165804321,0.6739794165804321,0.6739794165804321,-1.3930275508295327,-1.3930275508295327,-1.3930275508295327,-2.6441939586673495,-2.6441939586673495,-2.6441939586673495,0.01566077251076742,0.01566077251076742,0.01566077251076742,-8.350777720003668,-8.350777720003668,-8.350777720003668,0.0,0.0,0.0,34.98075780782046
441,2018-04-02 03:00:00,56.47216124543642,26.859745798643925,46.40499960970423,56.47216124543642,56.47216124543642,0.0,0.0,0.0,0.0,0.0,0.0,0.0,0.0,0.0,0.0,0.0,0.0,0.0,0.0,0.0,0.0,0.0,0.0,0.0,0.0,0.0,0.0,0.0,0.0,0.0,0.0,0.0,0.0,0.0,0.0,-20.17343329048618,-20.17343329048618,-20.17343329048618,-7.421223551770379,-7.421223551770379,-7.421223551770379,1.3975654943021532,1.3975654943021532,1.3975654943021532,-2.217887996256139,-2.217887996256139,-2.217887996256139,-1.5884941083535458,-1.5884941083535458,-1.5884941083535458,0.0,0.0,0.0,-0.906067131499078,-0.906067131499078,-0.906067131499078,-0.7890274102686665,-0.7890274102686665,-0.7890274102686665,0.6739794165804321,0.6739794165804321,0.6739794165804321,-1.404195589800914,-1.404195589800914,-1.404195589800914,-2.179571023208421,-2.179571023208421,-2.179571023208421,0.39835133278347995,0.39835133278347995,0.39835133278347995,-8.35475071925124,-8.35475071925124,-8.35475071925124,0.0,0.0,0.0,36.29872795495024
442,2018-04-02 04:00:00,56.47178183088489,29.75294541459158,48.333290230810924,56.47178183088489,56.47178183088489,0.0,0.0,0.0,0.0,0.0,0.0,0.0,0.0,0.0,0.0,0.0,0.0,0.0,0.0,0.0,0.0,0.0,0.0,0.0,0.0,0.0,0.0,0.0,0.0,0.0,0.0,0.0,0.0,0.0,0.0,-18.186658111992664,-18.186658111992664,-18.186658111992664,-5.865600746996291,-5.865600746996291,-5.865600746996291,1.2328756289513652,1.2328756289513652,1.2328756289513652,-2.247491347367091,-2.247491347367091,-2.247491347367091,-1.6018106291109655,-1.6018106291109655,-1.6018106291109655,0.0,0.0,0.0,-0.8053772942863283,-0.8053772942863283,-0.8053772942863283,-0.8522432809828471,-0.8522432809828471,-0.8522432809828471,0.6739794165804321,0.6739794165804321,0.6739794165804321,-1.326019317001244,-1.326019317001244,-1.326019317001244,-1.7148695953153397,-1.7148695953153397,-1.7148695953153397,0.43110412848249585,0.43110412848249585,0.43110412848249585,-8.358696422313944,-8.358696422313944,-8.358696422313944,0.0,0.0,0.0,38.28512371889223
443,2018-04-02 05:00:00,56.471402416333355,30.909373711091344,51.12394128346115,56.471402416333355,56.471402416333355,0.0,0.0,0.0,0.0,0.0,0.0,0.0,0.0,0.0,0.0,0.0,0.0,0.0,0.0,0.0,0.0,0.0,0.0,0.0,0.0,0.0,0.0,0.0,0.0,0.0,0.0,0.0,0.0,0.0,0.0,-14.916881872636488,-14.916881872636488,-14.916881872636488,-3.1210028066845825,-3.1210028066845825,-3.1210028066845825,1.0681857636005772,1.0681857636005772,1.0681857636005772,-2.1804743232036077,-2.1804743232036077,-2.1804743232036077,-1.517155604295939,-1.517155604295939,-1.517155604295939,0.0,0.0,0.0,-0.7046874570735785,-0.7046874570735785,-0.7046874570735785,-0.8751403680131802,-0.8751403680131802,-0.8751403680131802,0.6739794165804321,0.6739794165804321,0.6739794165804321,-1.1309205137460907,-1.1309205137460907,-1.1309205137460907,-1.2527901507103545,-1.2527901507103545,-1.2527901507103545,0.3052644397441715,0.3052644397441715,0.3052644397441715,-8.362614592037945,-8.362614592037945,-8.362614592037945,0.0,0.0,0.0,41.55452054369687
444,2018-04-02 06:00:00,56.47102300178184,35.78936667589683,55.10416544587942,56.47102300178184,56.47102300178184,0.0,0.0,0.0,0.0,0.0,0.0,0.0,0.0,0.0,0.0,0.0,0.0,0.0,0.0,0.0,0.0,0.0,0.0,0.0,0.0,0.0,0.0,0.0,0.0,0.0,0.0,0.0,0.0,0.0,0.0,-11.154158026032524,-11.154158026032524,-11.154158026032524,-0.1285676000749024,-0.1285676000749024,-0.1285676000749024,0.9034958982497893,0.9034958982497893,0.9034958982497893,-1.8631156551078016,-1.8631156551078016,-1.8631156551078016,-1.5395083355673227,-1.5395083355673227,-1.5395083355673227,0.0,0.0,0.0,-0.6039976198608289,-0.6039976198608289,-0.6039976198608289,-0.7342735065004786,-0.7342735065004786,-0.7342735065004786,0.6696967461057286,0.6696967461057286,0.6696967461057286,-0.9597532225724688,-0.9597532225724688,-0.9597532225724688,-0.7959697790604129,-0.7959697790604129,-0.7959697790604129,0.40122438503777963,0.40122438503777963,0.40122438503777963,-8.366504991789409,-8.366504991789409,-8.366504991789409,0.0,0.0,0.0,45.31686497574931
445,2018-04-02 07:00:00,56.4706435872303,39.390842514230236,58.971225417753224,56.4706435872303,56.4706435872303,0.0,0.0,0.0,0.0,0.0,0.0,0.0,0.0,0.0,0.0,0.0,0.0,0.0,0.0,0.0,0.0,0.0,0.0,0.0,0.0,0.0,0.0,0.0,0.0,0.0,0.0,0.0,0.0,0.0,0.0,-7.424214505321025,-7.424214505321025,-7.424214505321025,2.1443828180933964,2.1443828180933964,2.1443828180933964,0.7388060328990019,0.7388060328990019,0.7388060328990019,-0.851270460025667,-0.851270460025667,-0.851270460025667,-1.342138474341278,-1.342138474341278,-1.342138474341278,0.0,0.0,0.0,-0.5033077826480792,-0.5033077826480792,-0.5033077826480792,-0.43561584958309024,-0.43561584958309024,-0.43561584958309024,0.5773814047621184,0.5773814047621184,0.5773814047621184,-0.4100122021852843,-0.4100122021852843,-0.4100122021852843,-0.3469594779194815,-0.3469594779194815,-0.3469594779194815,0.5236164110709444,0.5236164110709444,0.5236164110709444,-8.370367385469272,-8.370367385469272,-8.370367385469272,0.0,0.0,0.0,49.046429081909274
446,2018-04-02 08:00:00,56.470264172678775,42.28486974362053,60.732768990758316,56.470264172678775,56.470264172678775,0.0,0.0,0.0,0.0,0.0,0.0,0.0,0.0,0.0,0.0,0.0,0.0,0.0,0.0,0.0,0.0,0.0,0.0,0.0,0.0,0.0,0.0,0.0,0.0,0.0,0.0,0.0,0.0,0.0,0.0,-5.072362537557643,-5.072362537557643,-5.072362537557643,3.3445544268729814,3.3445544268729814,3.3445544268729814,0.5741161675482139,0.5741161675482139,0.5741161675482139,-0.13451292279191274,-0.13451292279191274,-0.13451292279191274,-0.7990146634493677,-0.7990146634493677,-0.7990146634493677,0.0,0.0,0.0,-0.4026179454353294,-0.4026179454353294,-0.4026179454353294,-0.3509961801231635,-0.3509961801231635,-0.3509961801231635,0.4022677675742395,0.4022677675742395,0.4022677675742395,0.17209333930263843,0.17209333930263843,0.17209333930263843,0.09179749588527852,0.09179749588527852,0.09179749588527852,0.2696385917908559,0.2696385917908559,0.2696385917908559,-8.37420153752399,-8.37420153752399,-8.37420153752399,0.0,0.0,0.0,51.39790163512113
447,2018-04-02 09:00:00,56.46988475812725,42.23780128808625,62.143685187797956,56.46988475812725,56.46988475812725,0.0,0.0,0.0,0.0,0.0,0.0,0.0,0.0,0.0,0.0,0.0,0.0,0.0,0.0,0.0,0.0,0.0,0.0,0.0,0.0,0.0,0.0,0.0,0.0,0.0,0.0,0.0,0.0,0.0,0.0,-3.9405176419027534,-3.9405176419027534,-3.9405176419027534,3.7579959876555264,3.7579959876555264,3.7579959876555264,0.409426302197426,0.409426302197426,0.409426302197426,0.1615075906290557,0.1615075906290557,0.1615075906290557,-0.5265015779493111,-0.5265015779493111,-0.5265015779493111,0.0,0.0,0.0,-0.3019281082225797,-0.3019281082225797,-0.3019281082225797,-0.2554257299095992,-0.2554257299095992,-0.2554257299095992,0.23000924403616288,0.23000924403616288,0.23000924403616288,0.47476998734334375,0.47476998734334375,0.47476998734334375,0.5179859927720509,0.5179859927720509,0.5179859927720509,0.1311574731336131,0.1311574731336131,0.1311574731336131,-8.378007212959385,-8.378007212959385,-8.378007212959385,0.0,0.0,0.0,52.5293671162245
448,2018-04-02 10:00:00,56.46950534357572,43.09568233722741,62.95908890786972,56.46950534357572,56.46950534357572,0.0,0.0,0.0,0.0,0.0,0.0,0.0,0.0,0.0,0.0,0.0,0.0,0.0,0.0,0.0,0.0,0.0,0.0,0.0,0.0,0.0,0.0,0.0,0.0,0.0,0.0,0.0,0.0,0.0,0.0,-3.514819895245899,-3.514819895245899,-3.514819895245899,3.770686754721519,3.770686754721519,3.770686754721519,0.24473643684663798,0.24473643684663798,0.24473643684663798,0.16683968173709002,0.16683968173709002,0.16683968173709002,-0.42567649221456055,-0.42567649221456055,-0.42567649221456055,0.0,0.0,0.0,-0.20123827100983002,-0.20123827100983002,-0.20123827100983002,-0.14143805751946265,-0.14143805751946265,-0.14143805751946265,0.08106748197147236,0.08106748197147236,0.08106748197147236,0.6092422933252836,0.6092422933252836,0.6092422933252836,0.9294378456486186,0.9294378456486186,0.9294378456486186,0.00014629033754934195,0.00014629033754934195,0.00014629033754934195,-8.381784177353127,-8.381784177353127,-8.381784177353127,0.0,0.0,0.0,52.95468544832982
449,2018-04-02 11:00:00,56.46912592902419,43.450475422179004,63.9680028747848,56.46912592902419,56.46912592902419,0.0,0.0,0.0,0.0,0.0,0.0,0.0,0.0,0.0,0.0,0.0,0.0,0.0,0.0,0.0,0.0,0.0,0.0,0.0,0.0,0.0,0.0,0.0,0.0,0.0,0.0,0.0,0.0,0.0,0.0,-3.3003512701974467,-3.3003512701974467,-3.3003512701974467,3.392295158641844,3.392295158641844,3.392295158641844,0.08004657149585033,0.08004657149585033,0.08004657149585033,0.368736704153682,0.368736704153682,0.368736704153682,-0.3419726474536357,-0.3419726474536357,-0.3419726474536357,0.0,0.0,0.0,-0.10054843379708031,-0.10054843379708031,-0.10054843379708031,-0.06179601567482575,-0.06179601567482575,-0.06179601567482575,0.00017259522707175793,0.00017259522707175793,0.00017259522707175793,0.7961360067239118,0.7961360067239118,0.7961360067239118,1.3241490638709583,1.3241490638709583,1.3241490638709583,-0.0033013723676102304,-0.0033013723676102304,-0.0033013723676102304,-8.385532196863933,-8.385532196863933,-8.385532196863933,0.0,0.0,0.0,53.16877465882674
450,2018-04-02 12:00:00,56.46874651447266,42.523000549816196,62.91720318691396,56.46874651447266,56.46874651447266,0.0,0.0,0.0,0.0,0.0,0.0,0.0,0.0,0.0,0.0,0.0,0.0,0.0,0.0,0.0,0.0,0.0,0.0,0.0,0.0,0.0,0.0,0.0,0.0,0.0,0.0,0.0,0.0,0.0,0.0,-3.865569637528823,-3.865569637528823,-3.865569637528823,2.3778739680370244,2.3778739680370244,2.3778739680370244,-0.08464329385493767,-0.08464329385493767,-0.08464329385493767,0.4455122579988593,0.4455122579988593,0.4455122579988593,-0.4104576113489379,-0.4104576113489379,-0.4104576113489379,0.0,0.0,0.0,0.00014140341566940803,0.00014140341566940803,0.00014140341566940803,0.06164914918436147,0.06164914918436147,0.06164914918436147,0.0039794134268082565,0.0039794134268082565,0.0039794134268082565,0.7471333867474423,0.7471333867474423,0.7471333867474423,1.7002951746828565,1.7002951746828565,1.7002951746828565,0.1277098104284535,0.1277098104284535,0.1277098104284535,-8.389251038247563,-8.389251038247563,-8.389251038247563,0.0,0.0,0.0,52.60317687694384
451,2018-04-02 13:00:00,56.46836709992114,41.38025413988671,60.60679168971518,56.46836709992114,56.46836709992114,0.0,0.0,0.0,0.0,0.0,0.0,0.0,0.0,0.0,0.0,0.0,0.0,0.0,0.0,0.0,0.0,0.0,0.0,0.0,0.0,0.0,0.0,0.0,0.0,0.0,0.0,0.0,0.0,0.0,0.0,-5.688266963039713,-5.688266963039713,-5.688266963039713,0.8112749379158841,0.8112749379158841,0.8112749379158841,-0.2493331592057253,-0.2493331592057253,-0.2493331592057253,-0.16284599515958142,-0.16284599515958142,-0.16284599515958142,-0.4523095337294003,-0.4523095337294003,-0.4523095337294003,0.0,0.0,0.0,0.10083124062841912,0.10083124062841912,0.10083124062841912,-0.25492796714807026,-0.25492796714807026,-0.25492796714807026,0.11865981169387028,0.11865981169387028,0.11865981169387028,0.39021197798859847,0.39021197798859847,0.39021197798859847,2.056244563069659,2.056244563069659,2.056244563069659,0.18402163461272653,0.18402163461272653,0.18402163461272653,-8.392940468865675,-8.392940468865675,-8.392940468865675,0.0,0.0,0.0,50.78010013688142
452,2018-04-02 14:00:00,56.46798768536961,40.143408337268184,58.989818263823445,56.46798768536961,56.46798768536961,0.0,0.0,0.0,0.0,0.0,0.0,0.0,0.0,0.0,0.0,0.0,0.0,0.0,0.0,0.0,0.0,0.0,0.0,0.0,0.0,0.0,0.0,0.0,0.0,0.0,0.0,0.0,0.0,0.0,0.0,-7.0087361026542565,-7.0087361026542565,-7.0087361026542565,-0.5358130657990627,-0.5358130657990627,-0.5358130657990627,-0.4140230245565133,-0.4140230245565133,-0.4140230245565133,-0.4668924656676246,-0.4668924656676246,-0.4668924656676246,-0.4066528911325322,-0.4066528911325322,-0.4066528911325322,0.0,0.0,0.0,0.20152107784116885,0.20152107784116885,0.20152107784116885,-0.45502859728272044,-0.45502859728272044,-0.45502859728272044,0.19098935748886378,0.19098935748886378,0.19098935748886378,0.2167654951881642,0.2167654951881642,0.2167654951881642,2.390569685513869,2.390569685513869,2.390569685513869,0.19953611678594463,0.19953611678594463,0.19953611678594463,-8.396600256701438,-8.396600256701438,-8.396600256701438,0.0,0.0,0.0,49.45925158271535
453,2018-04-02 15:00:00,56.46760827081808,40.23569953819059,59.999127586670284,56.46760827081808,56.46760827081808,0.0,0.0,0.0,0.0,0.0,0.0,0.0,0.0,0.0,0.0,0.0,0.0,0.0,0.0,0.0,0.0,0.0,0.0,0.0,0.0,0.0,0.0,0.0,0.0,0.0,0.0,0.0,0.0,0.0,0.0,-6.394343029938028,-6.394343029938028,-6.394343029938028,-0.5905720002800783,-0.5905720002800783,-0.5905720002800783,-0.5787128899073013,-0.5787128899073013,-0.5787128899073013,-0.10559691635773644,-0.10559691635773644,-0.10559691635773644,-0.33578997710197644,-0.33578997710197644,-0.33578997710197644,0.0,0.0,0.0,0.3022109150539185,0.3022109150539185,0.3022109150539185,-0.38882614999936604,-0.38882614999936604,-0.38882614999936604,0.4017919152992724,0.4017919152992724,0.4017919152992724,0.15226437214936933,0.15226437214936933,0.15226437214936933,2.702056057067832,2.702056057067832,2.702056057067832,0.341464898148347,0.341464898148347,0.341464898148347,-8.400230170368046,-8.400230170368046,-8.400230170368046,0.0,0.0,0.0,50.073265240880055
454,2018-04-02 16:00:00,56.46722885626655,43.39450981458027,64.52701134886134,56.46722885626655,56.46722885626655,0.0,0.0,0.0,0.0,0.0,0.0,0.0,0.0,0.0,0.0,0.0,0.0,0.0,0.0,0.0,0.0,0.0,0.0,0.0,0.0,0.0,0.0,0.0,0.0,0.0,0.0,0.0,0.0,0.0,0.0,-2.558645554251426,-2.558645554251426,-2.558645554251426,1.1175384530451564,1.1175384530451564,1.1175384530451564,-0.743402755258089,-0.743402755258089,-0.743402755258089,1.737937034440091,1.737937034440091,1.737937034440091,-0.06613043176422409,-0.06613043176422409,-0.06613043176422409,0.0,0.0,0.0,0.4029007522666682,0.4029007522666682,0.4029007522666682,0.3548314157249311,0.3548314157249311,0.3548314157249311,0.6420973141576389,0.6420973141576389,0.6420973141576389,0.4918639245444378,0.4918639245444378,0.4918639245444378,2.989708937387619,2.989708937387619,2.989708937387619,0.6557768147687281,0.6557768147687281,0.6557768147687281,-8.403829979124293,-8.403829979124293,-8.403829979124293,0.0,0.0,0.0,53.908583302015124
455,2018-04-02 17:00:00,56.46684944171503,47.997333553984866,68.85616144759801,56.46684944171503,56.46684944171503,0.0,0.0,0.0,0.0,0.0,0.0,0.0,0.0,0.0,0.0,0.0,0.0,0.0,0.0,0.0,0.0,0.0,0.0,0.0,0.0,0.0,0.0,0.0,0.0,0.0,0.0,0.0,0.0,0.0,0.0,2.4581391531424845,2.4581391531424845,2.4581391531424845,3.8581140677640424,3.8581140677640424,3.8581140677640424,-0.908092620608877,-0.908092620608877,-0.908092620608877,3.7546668695990726,3.7546668695990726,3.7546668695990726,0.3424014014723355,0.3424014014723355,0.3424014014723355,0.0,0.0,0.0,0.5035905894794179,0.5035905894794179,0.5035905894794179,1.310535917860574,1.310535917860574,1.310535917860574,0.6744552688553992,0.6744552688553992,0.6744552688553992,1.0220038969410343,1.0220038969410343,1.0220038969410343,3.2527576686637727,3.2527576686637727,3.2527576686637727,0.8097724155991889,0.8097724155991889,0.8097724155991889,-8.407399452884404,-8.407399452884404,-8.407399452884404,0.0,0.0,0.0,58.92498859485751
456,2018-04-02 18:00:00,56.70620338477811,52.1925351376153,71.66073893664075,56.70620338477811,56.70620338477811,0.0,0.0,0.0,0.0,0.0,0.0,0.0,0.0,0.0,0.0,0.0,0.0,0.0,0.0,0.0,0.0,0.0,0.0,0.0,0.0,0.0,0.0,0.0,0.0,0.0,0.0,0.0,0.0,0.0,0.0,5.352694774197341,5.352694774197341,5.352694774197341,5.960857632005384,5.960857632005384,5.960857632005384,-1.0876073255226655,-1.0876073255226655,-1.0876073255226655,4.482985995728768,4.482985995728768,4.482985995728768,0.42785159199088096,0.42785159199088096,0.42785159199088096,0.0,0.0,0.0,0.7509440918342825,0.7509440918342825,0.7509440918342825,1.7773700068443967,1.7773700068443967,1.7773700068443967,0.6439589730948563,0.6439589730948563,0.6439589730948563,1.1847351034190319,1.1847351034190319,1.1847351034190319,3.474899797456381,3.474899797456381,3.474899797456381,0.7857335540679852,0.7857335540679852,0.7857335540679852,-8.566048650993192,-8.566048650993192,-8.566048650993192,0.0,0.0,0.0,62.058898158975445
457,2018-04-02 19:00:00,56.70588564575596,51.79031271010647,72.64637991686035,56.70588564575596,56.70588564575596,0.0,0.0,0.0,0.0,0.0,0.0,0.0,0.0,0.0,0.0,0.0,0.0,0.0,0.0,0.0,0.0,0.0,0.0,0.0,0.0,0.0,0.0,0.0,0.0,0.0,0.0,0.0,0.0,0.0,0.0,5.453465649103066,5.453465649103066,5.453465649103066,6.21506669104261,6.21506669104261,6.21506669104261,-1.2544574403028026,-1.2544574403028026,-1.2544574403028026,4.1174181988201415,4.1174181988201415,4.1174181988201415,0.29140874526473004,0.29140874526473004,0.29140874526473004,0.0,0.0,0.0,0.8760721779328776,0.8760721779328776,0.8760721779328776,1.7677791023453244,1.7677791023453244,1.7677791023453244,0.6439589730948563,0.6439589730948563,0.6439589730948563,1.178999286825251,1.178999286825251,1.178999286825251,3.690548027997296,3.690548027997296,3.690548027997296,0.6136573536599044,0.6136573536599044,0.6136573536599044,-8.56956726875698,-8.56956726875698,-8.56956726875698,0.0,0.0,0.0,62.15935129485903
458,2018-04-02 20:00:00,56.70556790673382,49.690597810548105,70.53411274430657,56.70556790673382,56.70556790673382,0.0,0.0,0.0,0.0,0.0,0.0,0.0,0.0,0.0,0.0,0.0,0.0,0.0,0.0,0.0,0.0,0.0,0.0,0.0,0.0,0.0,0.0,0.0,0.0,0.0,0.0,0.0,0.0,0.0,0.0,2.9808964672357385,2.9808964672357385,2.9808964672357385,4.265962037811385,4.265962037811385,4.265962037811385,-1.42130755508294,-1.42130755508294,-1.42130755508294,3.407328320397147,3.407328320397147,3.407328320397147,0.2837145997726539,0.2837145997726539,0.2837145997726539,0.0,0.0,0.0,1.001200264031473,1.001200264031473,1.001200264031473,1.3265974953879889,1.3265974953879889,1.3265974953879889,0.6444139157309613,0.6444139157309613,0.6444139157309613,0.9004024808416178,0.9004024808416178,0.9004024808416178,3.88065799802374,3.88065799802374,3.88065799802374,0.6723071197153918,0.6723071197153918,0.6723071197153918,-8.573051888996535,-8.573051888996535,-8.573051888996535,0.0,0.0,0.0,59.68646437396956
459,2018-04-02 21:00:00,56.705250167711675,45.734202170171045,65.14030335544122,56.705250167711675,56.705250167711675,0.0,0.0,0.0,0.0,0.0,0.0,0.0,0.0,0.0,0.0,0.0,0.0,0.0,0.0,0.0,0.0,0.0,0.0,0.0,0.0,0.0,0.0,0.0,0.0,0.0,0.0,0.0,0.0,0.0,0.0,-1.5538555936279856,-1.5538555936279856,-1.5538555936279856,1.1099324027111281,1.1099324027111281,1.1099324027111281,-1.5881576698630768,-1.5881576698630768,-1.5881576698630768,1.8673853313677589,1.8673853313677589,1.8673853313677589,0.28268871370704374,0.28268871370704374,0.28268871370704374,0.0,0.0,0.0,1.1263283501300685,1.1263283501300685,1.1263283501300685,0.4044320278021669,0.4044320278021669,0.4044320278021669,0.6439589730948563,0.6439589730948563,0.6439589730948563,0.29650293375356507,0.29650293375356507,0.29650293375356507,4.0453289558776495,4.0453289558776495,4.0453289558776495,0.7016320027431354,0.7016320027431354,0.7016320027431354,-8.57650228358452,-8.57650228358452,-8.57650228358452,0.0,0.0,0.0,55.15139457408369
460,2018-04-02 22:00:00,56.70493242868953,35.45659126894308,56.09467530805733,56.70493242868953,56.70493242868953,0.0,0.0,0.0,0.0,0.0,0.0,0.0,0.0,0.0,0.0,0.0,0.0,0.0,0.0,0.0,0.0,0.0,0.0,0.0,0.0,0.0,0.0,0.0,0.0,0.0,0.0,0.0,0.0,0.0,0.0,-10.841134850475617,-10.841134850475617,-10.841134850475617,-1.9003194601813997,-1.9003194601813997,-1.9003194601813997,-1.7550077846432142,-1.7550077846432142,-1.7550077846432142,-4.54576824687838,-4.54576824687838,-4.54576824687838,-2.326139551139586,-2.326139551139586,-2.326139551139586,0.0,0.0,0.0,1.251456436228664,1.251456436228664,1.251456436228664,0.46821154272099913,0.46821154272099913,0.46821154272099913,0.6407743746421208,0.6407743746421208,0.6407743746421208,-0.48520692774168905,-0.48520692774168905,-0.48520692774168905,4.184871081803945,4.184871081803945,4.184871081803945,-2.339856336945674,-2.339856336945674,-2.339856336945674,-8.579918225219782,-8.579918225219782,-8.579918225219782,0.0,0.0,0.0,45.86379757821391
461,2018-04-02 23:00:00,56.70461468966738,32.78647688507506,53.244181093951916,56.70461468966738,56.70461468966738,0.0,0.0,0.0,0.0,0.0,0.0,0.0,0.0,0.0,0.0,0.0,0.0,0.0,0.0,0.0,0.0,0.0,0.0,0.0,0.0,0.0,0.0,0.0,0.0,0.0,0.0,0.0,0.0,0.0,0.0,-13.826379183166933,-13.826379183166933,-13.826379183166933,-4.038403335152577,-4.038403335152577,-4.038403335152577,-1.9218578994233513,-1.9218578994233513,-1.9218578994233513,-5.504472832543156,-5.504472832543156,-5.504472832543156,-2.477457745817084,-2.477457745817084,-2.477457745817084,0.0,0.0,0.0,1.3765845223272593,1.3765845223272593,1.3765845223272593,0.22268438754474287,0.22268438754474287,0.22268438754474287,0.6407743746421208,0.6407743746421208,0.6407743746421208,-0.8908111011590378,-0.8908111011590378,-0.8908111011590378,4.299796471970951,4.299796471970951,4.299796471970951,-2.454389370657805,-2.454389370657805,-2.454389370657805,-8.583299487442153,-8.583299487442153,-8.583299487442153,0.0,0.0,0.0,42.878235506500445
462,2018-04-03 00:00:00,56.70429695064524,29.647265295809582,49.735686133490624,56.70429695064524,56.70429695064524,0.0,0.0,0.0,0.0,0.0,0.0,0.0,0.0,0.0,0.0,0.0,0.0,0.0,0.0,0.0,0.0,0.0,0.0,0.0,0.0,0.0,0.0,0.0,0.0,0.0,0.0,0.0,0.0,0.0,0.0,-17.30147041893558,-17.30147041893558,-17.30147041893558,-5.44665964797668,-5.44665964797668,-5.44665964797668,-2.0887080142034877,-2.0887080142034877,-2.0887080142034877,-7.658973105800286,-7.658973105800286,-7.658973105800286,-2.649293661806785,-2.649293661806785,-2.649293661806785,0.0,0.0,0.0,0.00017557524271036558,0.00017557524271036558,0.00017557524271036558,0.03662084026273617,0.03662084026273617,0.03662084026273617,0.6407743746421208,0.6407743746421208,0.6407743746421208,-1.191736621739889,-1.191736621739889,-1.191736621739889,4.390808179486265,4.390808179486265,4.390808179486265,-2.4068055981976926,-2.4068055981976926,-2.4068055981976926,-8.586645844644876,-8.586645844644876,-8.586645844644876,0.0,0.0,0.0,39.40282653170966
463,2018-04-03 01:00:00,56.70397921162309,26.852883884368964,46.942963863121655,56.70397921162309,56.70397921162309,0.0,0.0,0.0,0.0,0.0,0.0,0.0,0.0,0.0,0.0,0.0,0.0,0.0,0.0,0.0,0.0,0.0,0.0,0.0,0.0,0.0,0.0,0.0,0.0,0.0,0.0,0.0,0.0,0.0,0.0,-20.177457108748623,-20.177457108748623,-20.177457108748623,-6.548709289858755,-6.548709289858755,-6.548709289858755,-2.0887080142034877,-2.0887080142034877,-2.0887080142034877,-9.497578211024914,-9.497578211024914,-9.497578211024914,-2.726235116727547,-2.726235116727547,-2.726235116727547,0.0,0.0,0.0,-1.3762333718418385,-1.3762333718418385,-1.3762333718418385,-0.043463212304519286,-0.043463212304519286,-0.043463212304519286,0.6407743746421208,0.6407743746421208,0.6407743746421208,-1.372414844443981,-1.372414844443981,-1.372414844443981,4.4587874642200065,4.4587874642200065,4.4587874642200065,-2.5312980261456612,-2.5312980261456612,-2.5312980261456612,-8.589957072084964,-8.589957072084964,-8.589957072084964,0.0,0.0,0.0,36.526522102874466
464,2018-04-03 02:00:00,56.703661472600956,26.391662291767823,46.30525022187878,56.703661472600956,56.703661472600956,0.0,0.0,0.0,0.0,0.0,0.0,0.0,0.0,0.0,0.0,0.0,0.0,0.0,0.0,0.0,0.0,0.0,0.0,0.0,0.0,0.0,0.0,0.0,0.0,0.0,0.0,0.0,0.0,0.0,0.0,-20.751721960032715,-20.751721960032715,-20.751721960032715,-7.3262587866111515,-7.3262587866111515,-7.3262587866111515,-2.0887080142034877,-2.0887080142034877,-2.0887080142034877,-9.337009649666562,-9.337009649666562,-9.337009649666562,-2.7334163191868184,-2.7334163191868184,-2.7334163191868184,0.0,0.0,0.0,-1.2511052857432432,-1.2511052857432432,-1.2511052857432432,-0.03195412690563227,-0.03195412690563227,-0.03195412690563227,0.6407743746421208,0.6407743746421208,0.6407743746421208,-1.441449494161984,-1.441449494161984,-1.441449494161984,4.504779422140027,4.504779422140027,4.504779422140027,-2.4311507841075173,-2.4311507841075173,-2.4311507841075173,-8.593232945895029,-8.593232945895029,-8.593232945895029,0.0,0.0,0.0,35.951939512568245
465,2018-04-03 03:00:00,56.703343733578805,27.14263107361933,46.57462261326158,56.703343733578805,56.703343733578805,0.0,0.0,0.0,0.0,0.0,0.0,0.0,0.0,0.0,0.0,0.0,0.0,0.0,0.0,0.0,0.0,0.0,0.0,0.0,0.0,0.0,0.0,0.0,0.0,0.0,0.0,0.0,0.0,0.0,0.0,-20.284829553426302,-20.284829553426302,-20.284829553426302,-7.216972515620907,-7.216972515620907,-7.216972515620907,-2.0887080142034877,-2.0887080142034877,-2.0887080142034877,-9.00136097701096,-9.00136097701096,-9.00136097701096,-2.7344422052524284,-2.7344422052524284,-2.7344422052524284,0.0,0.0,0.0,-1.1259771996446477,-1.1259771996446477,-1.1259771996446477,-0.006538229983090122,-0.006538229983090122,-0.006538229983090122,0.6407743746421208,0.6407743746421208,0.6407743746421208,-1.431821516308138,-1.431821516308138,-1.431821516308138,4.529977182303218,4.529977182303218,4.529977182303218,-2.254648186261287,-2.254648186261287,-2.254648186261287,-8.596473243097657,-8.596473243097657,-8.596473243097657,0.0,0.0,0.0,36.4185141801525
466,2018-04-03 04:00:00,56.703025994556654,28.67583210864405,48.76139302328631,56.703025994556654,56.703025994556654,0.0,0.0,0.0,0.0,0.0,0.0,0.0,0.0,0.0,0.0,0.0,0.0,0.0,0.0,0.0,0.0,0.0,0.0,0.0,0.0,0.0,0.0,0.0,0.0,0.0,0.0,0.0,0.0,0.0,0.0,-17.864704320816223,-17.864704320816223,-17.864704320816223,-5.709965109659049,-5.709965109659049,-5.709965109659049,-2.0887080142034877,-2.0887080142034877,-2.0887080142034877,-8.090766343087862,-8.090766343087862,-8.090766343087862,-2.546705055245769,-2.546705055245769,-2.546705055245769,0.0,0.0,0.0,-1.0008491135460524,-1.0008491135460524,-1.0008491135460524,0.043334473412086925,0.043334473412086925,0.043334473412086925,0.6407743746421208,0.6407743746421208,0.6407743746421208,-1.3420969567339973,-1.3420969567339973,-1.3420969567339973,4.535704873547651,4.535704873547651,4.535704873547651,-1.7965160514127634,-1.7965160514127634,-1.7965160514127634,-8.599677741616967,-8.599677741616967,-8.599677741616967,0.0,0.0,0.0,38.83832167374043
467,2018-04-03 05:00:00,56.70270825553451,32.53230386230617,53.126324357576145,56.70270825553451,56.70270825553451,0.0,0.0,0.0,0.0,0.0,0.0,0.0,0.0,0.0,0.0,0.0,0.0,0.0,0.0,0.0,0.0,0.0,0.0,0.0,0.0,0.0,0.0,0.0,0.0,0.0,0.0,0.0,0.0,0.0,0.0,-14.051617160769379,-14.051617160769379,-14.051617160769379,-2.996547433819832,-2.996547433819832,-2.996547433819832,-2.0887080142034877,-2.0887080142034877,-2.0887080142034877,-6.975623082513605,-6.975623082513605,-6.975623082513605,-2.5159284732774645,-2.5159284732774645,-2.5159284732774645,0.0,0.0,0.0,-0.875721027447457,-0.875721027447457,-0.875721027447457,0.22604120411941825,0.22604120411941825,0.22604120411941825,0.6384996614615954,0.6384996614615954,0.6384996614615954,-1.248275385307156,-1.248275385307156,-1.248275385307156,4.523399575851631,4.523399575851631,4.523399575851631,-1.1115310478590528,-1.1115310478590528,-1.1115310478590528,-8.602846220287573,-8.602846220287573,-8.602846220287573,0.0,0.0,0.0,42.651091094765135
468,2018-04-03 06:00:00,56.702390516512374,35.93464367988454,56.08392878497448,56.702390516512374,56.702390516512374,0.0,0.0,0.0,0.0,0.0,0.0,0.0,0.0,0.0,0.0,0.0,0.0,0.0,0.0,0.0,0.0,0.0,0.0,0.0,0.0,0.0,0.0,0.0,0.0,0.0,0.0,0.0,0.0,0.0,0.0,-10.307507557288435,-10.307507557288435,-10.307507557288435,0.00891651198378966,0.00891651198378966,0.00891651198378966,-2.0887080142034877,-2.0887080142034877,-2.0887080142034877,-6.205038090408125,-6.205038090408125,-6.205038090408125,-2.542601510983329,-2.542601510983329,-2.542601510983329,0.0,0.0,0.0,-0.7505929413488618,-0.7505929413488618,-0.7505929413488618,0.37470022385504215,0.37470022385504215,0.37470022385504215,0.5843614877650923,0.5843614877650923,0.5843614877650923,-1.0950471420161574,-1.0950471420161574,-1.0950471420161574,4.494592480007526,4.494592480007526,4.494592480007526,-0.6871501934764227,-0.6871501934764227,-0.6871501934764227,-8.605978458871625,-8.605978458871625,-8.605978458871625,0.0,0.0,0.0,46.394882959223935
469,2018-04-03 07:00:00,56.70207277749023,40.35520435073538,60.45989894235769,56.70207277749023,56.70207277749023,0.0,0.0,0.0,0.0,0.0,0.0,0.0,0.0,0.0,0.0,0.0,0.0,0.0,0.0,0.0,0.0,0.0,0.0,0.0,0.0,0.0,0.0,0.0,0.0,0.0,0.0,0.0,0.0,0.0,0.0,-6.6944235611036715,-6.6944235611036715,-6.6944235611036715,2.3125641451398833,2.3125641451398833,2.3125641451398833,-2.0887080142034877,-2.0887080142034877,-2.0887080142034877,-4.848802954254556,-4.848802954254556,-4.848802954254556,-2.2445816089235784,-2.2445816089235784,-2.2445816089235784,0.0,0.0,0.0,-0.6254648552502663,-0.6254648552502663,-0.6254648552502663,0.7698454892168295,0.7698454892168295,0.7698454892168295,0.36371430925413456,0.36371430925413456,0.36371430925413456,-0.634133308587352,-0.634133308587352,-0.634133308587352,4.45088948607672,4.45088948607672,4.45088948607672,-0.38947496576083623,-0.38947496576083623,-0.38947496576083623,-8.609074238065718,-8.609074238065718,-8.609074238065718,0.0,0.0,0.0,50.00764921638656
470,2018-04-03 08:00:00,56.70175503846808,41.98637319147314,61.652460998363544,56.70175503846808,56.70175503846808,0.0,0.0,0.0,0.0,0.0,0.0,0.0,0.0,0.0,0.0,0.0,0.0,0.0,0.0,0.0,0.0,0.0,0.0,0.0,0.0,0.0,0.0,0.0,0.0,0.0,0.0,0.0,0.0,0.0,0.0,-4.959044211501765,-4.959044211501765,-4.959044211501765,3.5173546751537774,3.5173546751537774,3.5173546751537774,-2.0887080142034877,-2.0887080142034877,-2.0887080142034877,-4.258217022353196,-4.258217022353196,-4.258217022353196,-2.1260917683456055,-2.1260917683456055,-2.1260917683456055,0.0,0.0,0.0,-0.500336769151671,-0.500336769151671,-0.500336769151671,0.8326659136857545,0.8326659136857545,0.8326659136857545,0.07482573532741664,0.07482573532741664,0.07482573532741664,-0.24921904502614067,-0.24921904502614067,-0.24921904502614067,4.393951475214299,4.393951475214299,4.393951475214299,-0.2013530746394618,-0.2013530746394618,-0.2013530746394618,-8.612133339516646,-8.612133339516646,-8.612133339516646,0.0,0.0,0.0,51.74271082696632
471,2018-04-03 09:00:00,56.701437299445935,42.322040636133146,62.16921595716724,56.701437299445935,56.701437299445935,0.0,0.0,0.0,0.0,0.0,0.0,0.0,0.0,0.0,0.0,0.0,0.0,0.0,0.0,0.0,0.0,0.0,0.0,0.0,0.0,0.0,0.0,0.0,0.0,0.0,0.0,0.0,0.0,0.0,0.0,-4.112128937057418,-4.112128937057418,-4.112128937057418,3.8940272132689406,3.8940272132689406,3.8940272132689406,-2.0887080142034877,-2.0887080142034877,-2.0887080142034877,-3.7164750938212103,-3.7164750938212103,-3.7164750938212103,-2.1307082556408505,-2.1307082556408505,-2.1307082556408505,0.0,0.0,0.0,-0.3752086830530757,-0.3752086830530757,-0.3752086830530757,0.9784476620716567,0.9784476620716567,0.9784476620716567,-0.18403662461636683,-0.18403662461636683,-0.18403662461636683,-0.047441211280641375,-0.047441211280641375,-0.047441211280641375,4.325474489327517,4.325474489327517,4.325474489327517,0.13118003290155592,0.13118003290155592,0.13118003290155592,-8.615155545832666,-8.615155545832666,-8.615155545832666,0.0,0.0,0.0,52.589308362388515
472,2018-04-03 10:00:00,56.70111956042379,41.018830359230755,60.32680247011853,56.70111956042379,56.70111956042379,0.0,0.0,0.0,0.0,0.0,0.0,0.0,0.0,0.0,0.0,0.0,0.0,0.0,0.0,0.0,0.0,0.0,0.0,0.0,0.0,0.0,0.0,0.0,0.0,0.0,0.0,0.0,0.0,0.0,0.0,-5.269081266413343,-5.269081266413343,-5.269081266413343,3.851804514624739,3.851804514624739,3.851804514624739,-2.0887080142034877,-2.0887080142034877,-2.0887080142034877,-4.749915192877424,-4.749915192877424,-4.749915192877424,-2.4569400245048802,-2.4569400245048802,-2.4569400245048802,0.0,0.0,0.0,-0.2500805969544803,-0.2500805969544803,-0.2500805969544803,0.6840068939501306,0.6840068939501306,0.6840068939501306,-0.36100931006123815,-0.36100931006123815,-0.36100931006123815,-0.08247066262123058,-0.08247066262123058,-0.08247066262123058,4.247170052432375,4.247170052432375,4.247170052432375,-0.19471347848223683,-0.19471347848223683,-0.19471347848223683,-8.618140640593033,-8.618140640593033,-8.618140640593033,0.0,0.0,0.0,51.43203829401045
473,2018-04-03 11:00:00,56.70080182140165,40.829028786784306,60.669697631651815,56.70080182140165,56.70080182140165,0.0,0.0,0.0,0.0,0.0,0.0,0.0,0.0,0.0,0.0,0.0,0.0,0.0,0.0,0.0,0.0,0.0,0.0,0.0,0.0,0.0,0.0,0.0,0.0,0.0,0.0,0.0,0.0,0.0,0.0,-6.365947572560494,-6.365947572560494,-6.365947572560494,3.4317140031271034,3.4317140031271034,3.4317140031271034,-2.0887080142034877,-2.0887080142034877,-2.0887080142034877,-5.337319028694682,-5.337319028694682,-5.337319028694682,-2.6118488204120145,-2.6118488204120145,-2.6118488204120145,0.0,0.0,0.0,-0.12495251085588498,-0.12495251085588498,-0.12495251085588498,0.5770683087854721,0.5770683087854721,0.5770683087854721,-0.494307502440023,-0.494307502440023,-0.494307502440023,-0.03412592275936477,-0.03412592275936477,-0.03412592275936477,4.160745861369457,4.160745861369457,4.160745861369457,-0.5604445668093795,-0.5604445668093795,-0.5604445668093795,-8.621088408362374,-8.621088408362374,-8.621088408362374,0.0,0.0,0.0,50.334854248841154
474,2018-04-03 12:00:00,56.7004840823795,39.21877494106808,59.34542668432467,56.7004840823795,56.7004840823795,0.0,0.0,0.0,0.0,0.0,0.0,0.0,0.0,0.0,0.0,0.0,0.0,0.0,0.0,0.0,0.0,0.0,0.0,0.0,0.0,0.0,0.0,0.0,0.0,0.0,0.0,0.0,0.0,0.0,0.0,-7.702171568351982,-7.702171568351982,-7.702171568351982,2.3938673920020137,2.3938673920020137,2.3938673920020137,-2.0887080142034877,-2.0887080142034877,-2.0887080142034877,-5.539927392487392,-5.539927392487392,-5.539927392487392,-2.571839263853218,-2.571839263853218,-2.571839263853218,0.0,0.0,0.0,0.00017557524271036558,0.00017557524271036558,0.00017557524271036558,0.46869108794595277,0.46869108794595277,0.46869108794595277,-0.5120502652481206,-0.5120502652481206,-0.5120502652481206,-0.09537624995723713,-0.09537624995723713,-0.09537624995723713,4.067887066835654,4.067887066835654,4.067887066835654,-0.7408202624139915,-0.7408202624139915,-0.7408202624139915,-8.623998634702257,-8.623998634702257,-8.623998634702257,0.0,0.0,0.0,48.99831251402752
475,2018-04-03 13:00:00,56.70016634335735,35.85259035872093,55.5610237369392,56.70016634335735,56.70016634335735,0.0,0.0,0.0,0.0,0.0,0.0,0.0,0.0,0.0,0.0,0.0,0.0,0.0,0.0,0.0,0.0,0.0,0.0,0.0,0.0,0.0,0.0,0.0,0.0,0.0,0.0,0.0,0.0,0.0,0.0,-10.463053115261165,-10.463053115261165,-10.463053115261165,0.8001178561852474,0.8001178561852474,0.8001178561852474,-2.0887080142034877,-2.0887080142034877,-2.0887080142034877,-6.606538220569247,-6.606538220569247,-6.606538220569247,-2.831901381485393,-2.831901381485393,-2.831901381485393,0.0,0.0,0.0,0.12530366134130572,0.12530366134130572,0.12530366134130572,0.17904577207396294,0.17904577207396294,0.17904577207396294,-0.48611853499013175,-0.48611853499013175,-0.48611853499013175,-0.35389769786263825,-0.35389769786263825,-0.35389769786263825,3.9702383553060905,3.9702383553060905,3.9702383553060905,-1.150262025442865,-1.150262025442865,-1.150262025442865,-8.626871106183257,-8.626871106183257,-8.626871106183257,0.0,0.0,0.0,46.23711322809619
476,2018-04-03 14:00:00,56.699848604335216,34.39941572689284,54.29309439228253,56.699848604335216,56.699848604335216,0.0,0.0,0.0,0.0,0.0,0.0,0.0,0.0,0.0,0.0,0.0,0.0,0.0,0.0,0.0,0.0,0.0,0.0,0.0,0.0,0.0,0.0,0.0,0.0,0.0,0.0,0.0,0.0,0.0,0.0,-12.179428342159378,-12.179428342159378,-12.179428342159378,-0.5950004117214677,-0.5950004117214677,-0.5950004117214677,-2.0887080142034877,-2.0887080142034877,-2.0887080142034877,-6.824109349353713,-6.824109349353713,-6.824109349353713,-2.851906159764791,-2.851906159764791,-2.851906159764791,0.0,0.0,0.0,0.2504317474399011,0.2504317474399011,0.2504317474399011,0.22843893024418638,0.22843893024418638,0.22843893024418638,-0.34281160461703547,-0.34281160461703547,-0.34281160461703547,-0.5046677340420165,-0.5046677340420165,-0.5046677340420165,3.869387029310043,3.869387029310043,3.869387029310043,-1.5148865144104702,-1.5148865144104702,-1.5148865144104702,-8.62970561039424,-8.62970561039424,-8.62970561039424,0.0,0.0,0.0,44.52042026217584
477,2018-04-03 15:00:00,56.699530865313065,34.74096644957608,54.483299636118545,56.699530865313065,56.699530865313065,0.0,0.0,0.0,0.0,0.0,0.0,0.0,0.0,0.0,0.0,0.0,0.0,0.0,0.0,0.0,0.0,0.0,0.0,0.0,0.0,0.0,0.0,0.0,0.0,0.0,0.0,0.0,0.0,0.0,0.0,-12.266645591367492,-12.266645591367492,-12.266645591367492,-0.7039689884013091,-0.7039689884013091,-0.7039689884013091,-2.0887080142034877,-2.0887080142034877,-2.0887080142034877,-6.6970219360899605,-6.6970219360899605,-6.6970219360899605,-2.773938818778419,-2.773938818778419,-2.773938818778419,0.0,0.0,0.0,0.37555983353849637,0.37555983353849637,0.37555983353849637,0.3176343420855607,0.3176343420855607,0.3176343420855607,0.035245725986275754,0.035245725986275754,0.035245725986275754,-0.5538318762744223,-0.5538318762744223,-0.5538318762744223,3.7668472690812687,3.7668472690812687,3.7668472690812687,-2.0089831284439623,-2.0089831284439623,-2.0089831284439623,-8.632501935957492,-8.632501935957492,-8.632501935957492,0.0,0.0,0.0,44.43288527394557
478,2018-04-03 16:00:00,56.69921312629092,36.644770763184155,57.63433748904085,56.69921312629092,56.69921312629092,0.0,0.0,0.0,0.0,0.0,0.0,0.0,0.0,0.0,0.0,0.0,0.0,0.0,0.0,0.0,0.0,0.0,0.0,0.0,0.0,0.0,0.0,0.0,0.0,0.0,0.0,0.0,0.0,0.0,0.0,-9.74079752108775,-9.74079752108775,-9.74079752108775,0.9794406528394499,0.9794406528394499,0.9794406528394499,-2.0887080142034877,-2.0887080142034877,-2.0887080142034877,-5.7490240424443275,-5.7490240424443275,-5.7490240424443275,-2.6015899597559127,-2.6015899597559127,-2.6015899597559127,0.0,0.0,0.0,0.5006879196370917,0.5006879196370917,0.5006879196370917,0.5339092385396458,0.5339092385396458,0.5339092385396458,0.44787869693357213,0.44787869693357213,0.44787869693357213,-0.368442089939725,-0.368442089939725,-0.368442089939725,3.664045741056567,3.664045741056567,3.664045741056567,-2.1727598336555123,-2.1727598336555123,-2.1727598336555123,-8.635259872539436,-8.635259872539436,-8.635259872539436,0.0,0.0,0.0,46.95841560520317
479,2018-04-03 17:00:00,56.69889538726878,40.5954184504232,61.793323906438154,56.69889538726878,56.69889538726878,0.0,0.0,0.0,0.0,0.0,0.0,0.0,0.0,0.0,0.0,0.0,0.0,0.0,0.0,0.0,0.0,0.0,0.0,0.0,0.0,0.0,0.0,0.0,0.0,0.0,0.0,0.0,0.0,0.0,0.0,-5.600476396154173,-5.600476396154173,-5.600476396154173,3.7411792511151964,3.7411792511151964,3.7411792511151964,-2.0887080142034877,-2.0887080142034877,-2.0887080142034877,-4.26598513614243,-4.26598513614243,-4.26598513614243,-2.1342988568704864,-2.1342988568704864,-2.1342988568704864,0.0,0.0,0.0,0.6258160057356871,0.6258160057356871,0.6258160057356871,1.0057817398940132,1.0057817398940132,1.0057817398940132,0.581631831948462,0.581631831948462,0.581631831948462,0.23525260655569266,0.23525260655569266,0.23525260655569266,3.5623086997338493,3.5623086997338493,3.5623086997338493,-2.491460449202311,-2.491460449202311,-2.491460449202311,-8.63797921086079,-8.63797921086079,-8.63797921086079,0.0,0.0,0.0,51.098418991114606
480,2018-04-03 18:00:00,56.489569381325225,43.49860436062044,63.49473593523382,56.489569381325225,56.489569381325225,0.0,0.0,0.0,0.0,0.0,0.0,0.0,0.0,0.0,0.0,0.0,0.0,0.0,0.0,0.0,0.0,0.0,0.0,0.0,0.0,0.0,0.0,0.0,0.0,0.0,0.0,0.0,0.0,0.0,0.0,-2.8643848172693356,-2.8643848172693356,-2.8643848172693356,5.937965999950636,5.937965999950636,5.937965999950636,-2.044193931486836,-2.044193931486836,-2.044193931486836,-3.4348417752350087,-3.4348417752350087,-3.4348417752350087,-1.8357889033713795,-1.8357889033713795,-1.8357889033713795,0.0,0.0,0.0,0.7462016564917576,0.7462016564917576,0.7462016564917576,1.2048328275325357,1.2048328275325357,1.2048328275325357,0.5815242508719148,0.5815242508719148,0.5815242508719148,0.538740000814575,0.538740000814575,0.538740000814575,3.4058099745116843,3.4058099745116843,3.4058099745116843,-2.626157676087576,-2.626157676087576,-2.626157676087576,-8.773319016496648,-8.773319016496648,-8.773319016496648,0.0,0.0,0.0,53.62518456405589
481,2018-04-03 19:00:00,56.489213994566796,43.193441175421135,62.169066827391916,56.489213994566796,56.489213994566796,0.0,0.0,0.0,0.0,0.0,0.0,0.0,0.0,0.0,0.0,0.0,0.0,0.0,0.0,0.0,0.0,0.0,0.0,0.0,0.0,0.0,0.0,0.0,0.0,0.0,0.0,0.0,0.0,0.0,0.0,-3.5946313969149264,-3.5946313969149264,-3.5946313969149264,6.196328873357054,6.196328873357054,6.196328873357054,-2.044193931486836,-2.044193931486836,-2.044193931486836,-4.327847071334425,-4.327847071334425,-4.327847071334425,-2.2386177449594755,-2.2386177449594755,-2.2386177449594755,0.0,0.0,0.0,0.8705395459557781,0.8705395459557781,0.8705395459557781,0.9707271145371781,0.9707271145371781,0.9707271145371781,0.5962804206565745,0.5962804206565745,0.5962804206565745,0.5807061878201731,0.5807061878201731,0.5807061878201731,3.3128918008818995,3.3128918008818995,3.3128918008818995,-3.0632886638578167,-3.0632886638578167,-3.0632886638578167,-8.776004999819454,-8.776004999819454,-8.776004999819454,0.0,0.0,0.0,52.89458259765187
482,2018-04-03 20:00:00,56.48885860780836,40.77977512380674,60.275060716149376,56.48885860780836,56.48885860780836,0.0,0.0,0.0,0.0,0.0,0.0,0.0,0.0,0.0,0.0,0.0,0.0,0.0,0.0,0.0,0.0,0.0,0.0,0.0,0.0,0.0,0.0,0.0,0.0,0.0,0.0,0.0,0.0,0.0,0.0,-5.750229770796299,-5.750229770796299,-5.750229770796299,4.260051309767415,4.260051309767415,4.260051309767415,-2.044193931486836,-2.044193931486836,-2.044193931486836,-4.456018641769731,-4.456018641769731,-4.456018641769731,-2.191472626958268,-2.191472626958268,-2.191472626958268,0.0,0.0,0.0,0.9948774354197982,0.9948774354197982,0.9948774354197982,0.9702181890741447,0.9702181890741447,0.9702181890741447,0.5997524606059061,0.5997524606059061,0.5997524606059061,0.3933222830509906,0.3933222830509906,0.3933222830509906,3.224386542977303,3.224386542977303,3.224386542977303,-3.1785224514754664,-3.1785224514754664,-3.1785224514754664,-8.778648981771287,-8.778648981771287,-8.778648981771287,0.0,0.0,0.0,50.73862883701206
483,2018-04-03 21:00:00,56.48850322104994,37.11777867177483,57.760102232454315,56.48850322104994,56.48850322104994,0.0,0.0,0.0,0.0,0.0,0.0,0.0,0.0,0.0,0.0,0.0,0.0,0.0,0.0,0.0,0.0,0.0,0.0,0.0,0.0,0.0,0.0,0.0,0.0,0.0,0.0,0.0,0.0,0.0,0.0,-9.874906891650664,-9.874906891650664,-9.874906891650664,1.1215538291678817,1.1215538291678817,1.1215538291678817,-2.044193931486836,-2.044193931486836,-2.044193931486836,-5.356302813261872,-5.356302813261872,-5.356302813261872,-2.319812114850444,-2.319812114850444,-2.319812114850444,0.0,0.0,0.0,1.1192153248838186,1.1192153248838186,1.1192153248838186,0.6165149922659413,0.6165149922659413,0.6165149922659413,0.5993184556122396,0.5993184556122396,0.5993184556122396,-0.1050017886945542,-0.1050017886945542,-0.1050017886945542,3.141092848358389,3.141092848358389,3.141092848358389,-3.2223437509920374,-3.2223437509920374,-3.2223437509920374,-8.781250755915062,-8.781250755915062,-8.781250755915062,0.0,0.0,0.0,46.61359632939927
484,2018-04-03 22:00:00,56.48814783429152,33.033145617368575,52.44886355629929,56.48814783429152,56.48814783429152,0.0,0.0,0.0,0.0,0.0,0.0,0.0,0.0,0.0,0.0,0.0,0.0,0.0,0.0,0.0,0.0,0.0,0.0,0.0,0.0,0.0,0.0,0.0,0.0,0.0,0.0,0.0,0.0,0.0,0.0,-13.763623570121169,-13.763623570121169,-13.763623570121169,-1.8741690658983612,-1.8741690658983612,-1.8741690658983612,-2.044193931486836,-2.044193931486836,-2.044193931486836,-6.169315464603899,-6.169315464603899,-6.169315464603899,-2.810121342063004,-2.810121342063004,-2.810121342063004,0.0,0.0,0.0,1.243553214347839,1.243553214347839,1.243553214347839,0.738657103393954,0.738657103393954,0.738657103393954,0.5515779063089293,0.5515779063089293,0.5515779063089293,-0.39056705190008967,-0.39056705190008967,-0.39056705190008967,3.063671077398085,3.063671077398085,3.063671077398085,-3.4582213632046916,-3.4582213632046916,-3.4582213632046916,-8.783810117016994,-8.783810117016994,-8.783810117016994,0.0,0.0,0.0,42.72452426417035
485,2018-04-03 23:00:00,56.48779244753309,30.0868879409929,49.74424225288037,56.48779244753309,56.48779244753309,0.0,0.0,0.0,0.0,0.0,0.0,0.0,0.0,0.0,0.0,0.0,0.0,0.0,0.0,0.0,0.0,0.0,0.0,0.0,0.0,0.0,0.0,0.0,0.0,0.0,0.0,0.0,0.0,0.0,0.0,-16.427822521327485,-16.427822521327485,-16.427822521327485,-4.006633900654549,-4.006633900654549,-4.006633900654549,-2.044193931486836,-2.044193931486836,-2.044193931486836,-6.627503268436811,-6.627503268436811,-6.627503268436811,-2.8787436804869833,-2.8787436804869833,-2.8787436804869833,0.0,0.0,0.0,1.3678911038118593,1.3678911038118593,1.3678911038118593,0.6256756506005423,0.6256756506005423,0.6256756506005423,0.555049946258261,0.555049946258261,0.555049946258261,-0.7067773911980852,-0.7067773911980852,-0.7067773911980852,2.9926415088197116,2.9926415088197116,2.9926415088197116,-3.546404965935569,-3.546404965935569,-3.546404965935569,-8.786326861055837,-8.786326861055837,-8.786326861055837,0.0,0.0,0.0,40.0599699262056
486,2018-04-04 00:00:00,56.48743706077466,28.17679544538686,47.967906319648975,56.48743706077466,56.48743706077466,0.0,0.0,0.0,0.0,0.0,0.0,0.0,0.0,0.0,0.0,0.0,0.0,0.0,0.0,0.0,0.0,0.0,0.0,0.0,0.0,0.0,0.0,0.0,0.0,0.0,0.0,0.0,0.0,0.0,0.0,-18.74850491076669,-18.74850491076669,-18.74850491076669,-5.417611487929692,-5.417611487929692,-5.417611487929692,-1.227083418867212,-1.227083418867212,-1.227083418867212,-7.47047705263672,-7.47047705263672,-7.47047705263672,-2.9248411291992755,-2.9248411291992755,-2.9248411291992755,0.0,0.0,0.0,0.00017431970763591645,0.00017431970763591645,0.00017431970763591645,0.5936133464294389,0.5936133464294389,0.5936133464294389,0.5780522109225832,0.5780522109225832,0.5780522109225832,-0.9185602419007549,-0.9185602419007549,-0.9185602419007549,2.9283844150360983,2.9283844150360983,2.9283844150360983,-3.571832139729135,-3.571832139729135,-3.571832139729135,-8.788800785236374,-8.788800785236374,-8.788800785236374,0.0,0.0,0.0,37.73893215000797
487,2018-04-04 01:00:00,56.48708167401624,24.41757200863783,45.32839713139343,56.48708167401624,56.48708167401624,0.0,0.0,0.0,0.0,0.0,0.0,0.0,0.0,0.0,0.0,0.0,0.0,0.0,0.0,0.0,0.0,0.0,0.0,0.0,0.0,0.0,0.0,0.0,0.0,0.0,0.0,0.0,0.0,0.0,0.0,-21.68629267783666,-21.68629267783666,-21.68629267783666,-6.5241462336347,-6.5241462336347,-6.5241462336347,-1.227083418867212,-1.227083418867212,-1.227083418867212,-9.242056719860262,-9.242056719860262,-9.242056719860262,-3.05108527851362,-3.05108527851362,-3.05108527851362,0.0,0.0,0.0,-1.3675424643965872,-1.3675424643965872,-1.3675424643965872,0.44602496214975684,0.44602496214975684,0.44602496214975684,0.590204350745244,0.590204350745244,0.590204350745244,-1.0001503171023367,-1.0001503171023367,-1.0001503171023367,2.871141963659977,2.871141963659977,2.871141963659977,-3.6324245538755044,-3.6324245538755044,-3.6324245538755044,-8.791231688001675,-8.791231688001675,-8.791231688001675,0.0,0.0,0.0,34.80078899617958
488,2018-04-04 02:00:00,56.48672628725781,23.53447947665587,44.41843130467966,56.48672628725781,56.48672628725781,0.0,0.0,0.0,0.0,0.0,0.0,0.0,0.0,0.0,0.0,0.0,0.0,0.0,0.0,0.0,0.0,0.0,0.0,0.0,0.0,0.0,0.0,0.0,0.0,0.0,0.0,0.0,0.0,0.0,0.0,-22.2240527545876,-22.2240527545876,-22.2240527545876,-7.300997234494335,-7.300997234494335,-7.300997234494335,-1.227083418867212,-1.227083418867212,-1.227083418867212,-8.950458029577332,-8.950458029577332,-8.950458029577332,-2.9887489558231346,-2.9887489558231346,-2.9887489558231346,0.0,0.0,0.0,-1.243204574932567,-1.243204574932567,-1.243204574932567,0.5819080607796709,0.5819080607796709,0.5819080607796709,0.590204350745244,0.590204350745244,0.590204350745244,-1.0159608340672361,-1.0159608340672361,-1.0159608340672361,2.8210218785250647,2.8210218785250647,2.8210218785250647,-3.647572657412098,-3.647572657412098,-3.647572657412098,-8.793619369040995,-8.793619369040995,-8.793619369040995,0.0,0.0,0.0,34.262673532670206
489,2018-04-04 03:00:00,56.48637090049938,24.38553964722844,44.186923551894644,56.48637090049938,56.48637090049938,0.0,0.0,0.0,0.0,0.0,0.0,0.0,0.0,0.0,0.0,0.0,0.0,0.0,0.0,0.0,0.0,0.0,0.0,0.0,0.0,0.0,0.0,0.0,0.0,0.0,0.0,0.0,0.0,0.0,0.0,-22.181024147967257,-22.181024147967257,-22.181024147967257,-7.184691911003727,-7.184691911003727,-7.184691911003727,-1.227083418867212,-1.227083418867212,-1.227083418867212,-8.978371379273716,-8.978371379273716,-8.978371379273716,-2.9725100818449413,-2.9725100818449413,-2.9725100818449413,0.0,0.0,0.0,-1.1188666854685467,-1.1188666854685467,-1.1188666854685467,0.5035335394725295,0.5035335394725295,0.5035335394725295,0.590204350745244,0.590204350745244,0.590204350745244,-0.9205121575754338,-0.9205121575754338,-0.9205121575754338,2.7780027716166886,2.7780027716166886,2.7780027716166886,-3.8331369257353556,-3.8331369257353556,-3.8331369257353556,-8.795963629306502,-8.795963629306502,-8.795963629306502,0.0,0.0,0.0,34.305346752532124
490,2018-04-04 04:00:00,56.48601551374095,26.20391873000742,46.71710274761394,56.48601551374095,56.48601551374095,0.0,0.0,0.0,0.0,0.0,0.0,0.0,0.0,0.0,0.0,0.0,0.0,0.0,0.0,0.0,0.0,0.0,0.0,0.0,0.0,0.0,0.0,0.0,0.0,0.0,0.0,0.0,0.0,0.0,0.0,-19.86660430743223,-19.86660430743223,-19.86660430743223,-5.6704101415938615,-5.6704101415938615,-5.6704101415938615,-1.227083418867212,-1.227083418867212,-1.227083418867212,-8.139870931945845,-8.139870931945845,-8.139870931945845,-2.814835853863124,-2.814835853863124,-2.814835853863124,0.0,0.0,0.0,-0.9945287960045266,-0.9945287960045266,-0.9945287960045266,0.575292029760237,0.575292029760237,0.575292029760237,0.590204350745244,0.590204350745244,0.590204350745244,-0.4633735065656157,-0.4633735065656157,-0.4633735065656157,2.741941037127373,2.741941037127373,2.741941037127373,-3.805545737150848,-3.805545737150848,-3.805545737150848,-8.798264271019894,-8.798264271019894,-8.798264271019894,0.0,0.0,0.0,36.619411206308726
491,2018-04-04 05:00:00,56.48566012698253,30.76323518577877,50.59200625003826,56.48566012698253,56.48566012698253,0.0,0.0,0.0,0.0,0.0,0.0,0.0,0.0,0.0,0.0,0.0,0.0,0.0,0.0,0.0,0.0,0.0,0.0,0.0,0.0,0.0,0.0,0.0,0.0,0.0,0.0,0.0,0.0,0.0,0.0,-15.779802380088837,-15.779802380088837,-15.779802380088837,-2.9580290725466933,-2.9580290725466933,-2.9580290725466933,-1.227083418867212,-1.227083418867212,-1.227083418867212,-6.73383138936057,-6.73383138936057,-6.73383138936057,-2.5801579331460025,-2.5801579331460025,-2.5801579331460025,0.0,0.0,0.0,-0.8701909065405061,-0.8701909065405061,-0.8701909065405061,0.9345934066618077,0.9345934066618077,0.9345934066618077,0.5841282808339137,0.5841282808339137,0.5841282808339137,0.25044205566448896,0.25044205566448896,0.25044205566448896,2.7125791795059966,2.7125791795059966,2.7125791795059966,-3.825562873967059,-3.825562873967059,-3.825562873967059,-8.800521097687573,-8.800521097687573,-8.800521097687573,0.0,0.0,0.0,40.70585774689369
492,2018-04-04 06:00:00,56.4853047402241,34.90849979969515,54.28922614024803,56.4853047402241,56.4853047402241,0.0,0.0,0.0,0.0,0.0,0.0,0.0,0.0,0.0,0.0,0.0,0.0,0.0,0.0,0.0,0.0,0.0,0.0,0.0,0.0,0.0,0.0,0.0,0.0,0.0,0.0,0.0,0.0,0.0,0.0,-11.736261646698015,-11.736261646698015,-11.736261646698015,0.03389886402481382,0.03389886402481382,0.03389886402481382,-1.227083418867212,-1.227083418867212,-1.227083418867212,-5.656982027261849,-5.656982027261849,-5.656982027261849,-2.4874392010769606,-2.4874392010769606,-2.4874392010769606,0.0,0.0,0.0,-0.7458530170764859,-0.7458530170764859,-0.7458530170764859,1.3295195659757153,1.3295195659757153,1.3295195659757153,0.4990633020752879,0.4990633020752879,0.4990633020752879,0.6781067799866545,0.6781067799866545,0.6781067799866545,2.689555430646731,2.689555430646731,2.689555430646731,-3.703296038278848,-3.703296038278848,-3.703296038278848,-8.80273391410771,-8.80273391410771,-8.80273391410771,0.0,0.0,0.0,44.74904309352608
493,2018-04-04 07:00:00,56.48494935346567,37.55794160557726,57.324466688316846,56.48494935346567,56.48494935346567,0.0,0.0,0.0,0.0,0.0,0.0,0.0,0.0,0.0,0.0,0.0,0.0,0.0,0.0,0.0,0.0,0.0,0.0,0.0,0.0,0.0,0.0,0.0,0.0,0.0,0.0,0.0,0.0,0.0,0.0,-9.128467031138774,-9.128467031138774,-9.128467031138774,2.315097396083124,2.315097396083124,2.315097396083124,-1.227083418867212,-1.227083418867212,-1.227083418867212,-5.311076397045008,-5.311076397045008,-5.311076397045008,-2.418293028008523,-2.418293028008523,-2.418293028008523,0.0,0.0,0.0,-0.6215151276124656,-0.6215151276124656,-0.6215151276124656,1.6404730238891143,1.6404730238891143,1.6404730238891143,0.14751925720545694,0.14751925720545694,0.14751925720545694,0.9252193044010139,0.9252193044010139,0.9252193044010139,2.6724144962109464,2.6724144962109464,2.6724144962109464,-3.7573964080523923,-3.7573964080523923,-3.7573964080523923,-8.804902526387835,-8.804902526387835,-8.804902526387835,0.0,0.0,0.0,47.3564823223269
494,2018-04-04 08:00:00,56.48459396670725,37.13756761687254,56.73772517604314,56.48459396670725,56.48459396670725,0.0,0.0,0.0,0.0,0.0,0.0,0.0,0.0,0.0,0.0,0.0,0.0,0.0,0.0,0.0,0.0,0.0,0.0,0.0,0.0,0.0,0.0,0.0,0.0,0.0,0.0,0.0,0.0,0.0,0.0,-9.103790216574225,-9.103790216574225,-9.103790216574225,3.497310063285858,3.497310063285858,3.497310063285858,-1.227083418867212,-1.227083418867212,-1.227083418867212,-6.454692796214432,-6.454692796214432,-6.454692796214432,-2.561823720589977,-2.561823720589977,-2.561823720589977,0.0,0.0,0.0,-0.4971772381484453,-0.4971772381484453,-0.4971772381484453,1.3310463423648158,1.3310463423648158,1.3310463423648158,-0.2791076515686712,-0.2791076515686712,-0.2791076515686712,1.0161785748410548,1.0161785748410548,1.0161785748410548,2.6606192583044006,2.6606192583044006,2.6606192583044006,-4.2367256842459975,-4.2367256842459975,-4.2367256842459975,-8.807026741950054,-8.807026741950054,-8.807026741950054,0.0,0.0,0.0,47.380803750133026
495,2018-04-04 09:00:00,56.48423857994882,37.213190135522744,57.01093528461132,56.48423857994882,56.48423857994882,0.0,0.0,0.0,0.0,0.0,0.0,0.0,0.0,0.0,0.0,0.0,0.0,0.0,0.0,0.0,0.0,0.0,0.0,0.0,0.0,0.0,0.0,0.0,0.0,0.0,0.0,0.0,0.0,0.0,0.0,-9.537697785413982,-9.537697785413982,-9.537697785413982,3.8592677069537396,3.8592677069537396,3.8592677069537396,-1.227083418867212,-1.227083418867212,-1.227083418867212,-7.241422374301517,-7.241422374301517,-7.241422374301517,-2.622064704702631,-2.622064704702631,-2.622064704702631,0.0,0.0,0.0,-0.37283934868442503,-0.37283934868442503,-0.37283934868442503,1.1162797969647267,1.1162797969647267,1.1162797969647267,-0.6080834367678463,-0.6080834367678463,-0.6080834367678463,1.02125355559522,1.02125355559522,1.02125355559522,2.653563251479943,2.653563251479943,2.653563251479943,-4.548884817839349,-4.548884817839349,-4.548884817839349,-8.809106369546148,-8.809106369546148,-8.809106369546148,0.0,0.0,0.0,46.94654079453484
496,2018-04-04 10:00:00,56.48388319319039,36.20489766540962,56.11170951579713,56.48388319319039,56.48388319319039,0.0,0.0,0.0,0.0,0.0,0.0,0.0,0.0,0.0,0.0,0.0,0.0,0.0,0.0,0.0,0.0,0.0,0.0,0.0,0.0,0.0,0.0,0.0,0.0,0.0,0.0,0.0,0.0,0.0,0.0,-9.949070059185514,-9.949070059185514,-9.949070059185514,3.8129439385064474,3.8129439385064474,3.8129439385064474,-1.227083418867212,-1.227083418867212,-1.227083418867212,-7.601456499345071,-7.601456499345071,-7.601456499345071,-2.636732074747451,-2.636732074747451,-2.636732074747451,0.0,0.0,0.0,-0.24850145922040467,-0.24850145922040467,-0.24850145922040467,1.0160214807471493,1.0160214807471493,1.0160214807471493,-0.8823745927650477,-0.8823745927650477,-0.8823745927650477,1.0196920230554767,1.0196920230554767,1.0196920230554767,2.650583720919457,2.650583720919457,2.650583720919457,-4.642478457547582,-4.642478457547582,-4.642478457547582,-8.811141219266345,-8.811141219266345,-8.811141219266345,0.0,0.0,0.0,46.53481313400487
497,2018-04-04 11:00:00,56.483527806431965,36.72447316130902,56.19959834188554,56.483527806431965,56.483527806431965,0.0,0.0,0.0,0.0,0.0,0.0,0.0,0.0,0.0,0.0,0.0,0.0,0.0,0.0,0.0,0.0,0.0,0.0,0.0,0.0,0.0,0.0,0.0,0.0,0.0,0.0,0.0,0.0,0.0,0.0,-10.445672760515203,-10.445672760515203,-10.445672760515203,3.3968654552430517,3.3968654552430517,3.3968654552430517,-1.227083418867212,-1.227083418867212,-1.227083418867212,-7.68038217983113,-7.68038217983113,-7.68038217983113,-2.616826358258052,-2.616826358258052,-2.616826358258052,0.0,0.0,0.0,-0.1241635697563844,-0.1241635697563844,-0.1241635697563844,1.0898156728869905,1.0898156728869905,1.0898156728869905,-0.9722136264540046,-0.9722136264540046,-0.9722136264540046,0.9283423694805003,0.9283423694805003,0.9283423694805003,2.6509750666248086,2.6509750666248086,2.6509750666248086,-4.758253248862967,-4.758253248862967,-4.758253248862967,-8.813131102551933,-8.813131102551933,-8.813131102551933,0.0,0.0,0.0,46.037855045916764
498,2018-04-04 12:00:00,56.483172419673544,34.6354968054126,54.723201025757255,56.483172419673544,56.483172419673544,0.0,0.0,0.0,0.0,0.0,0.0,0.0,0.0,0.0,0.0,0.0,0.0,0.0,0.0,0.0,0.0,0.0,0.0,0.0,0.0,0.0,0.0,0.0,0.0,0.0,0.0,0.0,0.0,0.0,0.0,-11.926299750700348,-11.926299750700348,-11.926299750700348,2.3665829120153155,2.3665829120153155,2.3665829120153155,-1.227083418867212,-1.227083418867212,-1.227083418867212,-8.13180930518987,-8.13180930518987,-8.13180930518987,-2.7179264446384197,-2.7179264446384197,-2.7179264446384197,0.0,0.0,0.0,0.00017431970763591645,0.00017431970763591645,0.00017431970763591645,0.886245487673636,0.886245487673636,0.886245487673636,-1.0390503954786392,-1.0390503954786392,-1.0390503954786392,0.704067258459885,0.704067258459885,0.704067258459885,2.6540024746827457,2.6540024746827457,2.6540024746827457,-4.7382361120467555,-4.7382361120467555,-4.7382361120467555,-8.815075832208539,-8.815075832208539,-8.815075832208539,0.0,0.0,0.0,44.5568726689732
499,2018-04-04 13:00:00,56.482817032915115,33.264491990786425,52.59038161475697,56.482817032915115,56.482817032915115,0.0,0.0,0.0,0.0,0.0,0.0,0.0,0.0,0.0,0.0,0.0,0.0,0.0,0.0,0.0,0.0,0.0,0.0,0.0,0.0,0.0,0.0,0.0,0.0,0.0,0.0,0.0,0.0,0.0,0.0,-13.614919235438364,-13.614919235438364,-13.614919235438364,0.7802778883598595,0.7802778883598595,0.7802778883598595,-1.227083418867212,-1.227083418867212,-1.227083418867212,-8.237137438051814,-8.237137438051814,-8.237137438051814,-2.760880885483965,-2.760880885483965,-2.760880885483965,0.0,0.0,0.0,0.12451220917165622,0.12451220917165622,0.12451220917165622,0.7422195816351876,0.7422195816351876,0.7422195816351876,-1.0642226851112937,-1.0642226851112937,-1.0642226851112937,0.5734840998238608,0.5734840998238608,0.5734840998238608,2.658915536664108,2.658915536664108,2.658915536664108,-4.625166339220048,-4.625166339220048,-4.625166339220048,-8.816975222410518,-8.816975222410518,-8.816975222410518,0.0,0.0,0.0,42.86789779747675
500,2018-04-04 14:00:00,56.482461646156686,30.797973585045163,51.720275216818735,56.482461646156686,56.482461646156686,0.0,0.0,0.0,0.0,0.0,0.0,0.0,0.0,0.0,0.0,0.0,0.0,0.0,0.0,0.0,0.0,0.0,0.0,0.0,0.0,0.0,0.0,0.0,0.0,0.0,0.0,0.0,0.0,0.0,0.0,-14.752719919136588,-14.752719919136588,-14.752719919136588,-0.6096425020718761,-0.6096425020718761,-0.6096425020718761,-1.227083418867212,-1.227083418867212,-1.227083418867212,-7.989209989435346,-7.989209989435346,-7.989209989435346,-2.7713575783731215,-2.7713575783731215,-2.7713575783731215,0.0,0.0,0.0,0.24885009863567653,0.24885009863567653,0.24885009863567653,0.6923448862579158,0.6923448862579158,0.6923448862579158,-1.0781108449086203,-1.0781108449086203,-1.0781108449086203,0.5024343692655457,0.5024343692655457,0.5024343692655457,2.664961661091158,2.664961661091158,2.664961661091158,-4.3562875014455305,-4.3562875014455305,-4.3562875014455305,-8.818829088720525,-8.818829088720525,-8.818829088720525,0.0,0.0,0.0,41.7297417270201
501,2018-04-04 15:00:00,56.48210625939826,31.93476062109688,52.31925886623336,56.48210625939826,56.48210625939826,0.0,0.0,0.0,0.0,0.0,0.0,0.0,0.0,0.0,0.0,0.0,0.0,0.0,0.0,0.0,0.0,0.0,0.0,0.0,0.0,0.0,0.0,0.0,0.0,0.0,0.0,0.0,0.0,0.0,0.0,-14.271693832332168,-14.271693832332168,-14.271693832332168,-0.7169659130306973,-0.7169659130306973,-0.7169659130306973,-1.227083418867212,-1.227083418867212,-1.227083418867212,-7.405489757215212,-7.405489757215212,-7.405489757215212,-2.7545948697504703,-2.7545948697504703,-2.7545948697504703,0.0,0.0,0.0,0.37318798809969683,0.37318798809969683,0.37318798809969683,0.774281885806291,0.774281885806291,0.774281885806291,-0.9140569573026993,-0.9140569573026993,-0.9140569573026993,0.44641438940225897,0.44641438940225897,0.44641438940225897,2.671399086007357,2.671399086007357,2.671399086007357,-4.103638774603078,-4.103638774603078,-4.103638774603078,-8.820637248093616,-8.820637248093616,-8.820637248093616,0.0,0.0,0.0,42.21041242706609
502,2018-04-04 16:00:00,56.481750872639836,34.23920497413954,55.48162991834821,56.481750872639836,56.481750872639836,0.0,0.0,0.0,0.0,0.0,0.0,0.0,0.0,0.0,0.0,0.0,0.0,0.0,0.0,0.0,0.0,0.0,0.0,0.0,0.0,0.0,0.0,0.0,0.0,0.0,0.0,0.0,0.0,0.0,0.0,-11.833532275871105,-11.833532275871105,-11.833532275871105,0.9640773447835009,0.9640773447835009,0.9640773447835009,-1.227083418867212,-1.227083418867212,-1.227083418867212,-6.652719411435318,-6.652719411435318,-6.652719411435318,-2.6011113189243162,-2.6011113189243162,-2.6011113189243162,0.0,0.0,0.0,0.49752587756371724,0.49752587756371724,0.49752587756371724,0.8679241710044341,0.8679241710044341,0.8679241710044341,-0.6388977913181648,-0.6388977913181648,-0.6388977913181648,0.3199302536830607,0.3199302536830607,0.3199302536830607,2.677509309673036,2.677509309673036,2.677509309673036,-3.8710071845768366,-3.8710071845768366,-3.8710071845768366,-8.822399518892322,-8.822399518892322,-8.822399518892322,0.0,0.0,0.0,44.64821859676873
503,2018-04-04 17:00:00,56.48139548588141,38.07944283739318,58.521890216312016,56.48139548588141,56.48139548588141,0.0,0.0,0.0,0.0,0.0,0.0,0.0,0.0,0.0,0.0,0.0,0.0,0.0,0.0,0.0,0.0,0.0,0.0,0.0,0.0,0.0,0.0,0.0,0.0,0.0,0.0,0.0,0.0,0.0,0.0,-7.981085729085488,-7.981085729085488,-7.981085729085488,3.721075881539789,3.721075881539789,3.721075881539789,-1.227083418867212,-1.227083418867212,-1.227083418867212,-5.560654656254431,-5.560654656254431,-5.560654656254431,-2.528822137989131,-2.528822137989131,-2.528822137989131,0.0,0.0,0.0,0.6218637670277374,0.6218637670277374,0.6218637670277374,1.0165304062101828,1.0165304062101828,1.0165304062101828,-0.2921278013786649,-0.2921278013786649,-0.2921278013786649,0.3494041803707134,0.3494041803707134,0.3494041803707134,2.6826087665244125,2.6826087665244125,2.6826087665244125,-3.5004196516280564,-3.5004196516280564,-3.5004196516280564,-8.824115720895259,-8.824115720895259,-8.824115720895259,0.0,0.0,0.0,48.50030975679592
504,2018-04-04 18:00:00,56.50165123151767,43.95830655384363,64.2668712804534,56.50165123151767,56.50165123151767,0.0,0.0,0.0,0.0,0.0,0.0,0.0,0.0,0.0,0.0,0.0,0.0,0.0,0.0,0.0,0.0,0.0,0.0,0.0,0.0,0.0,0.0,0.0,0.0,0.0,0.0,0.0,0.0,0.0,0.0,-2.618236176941591,-2.618236176941591,-2.618236176941591,5.999824447978222,5.999824447978222,5.999824447978222,-1.2297576710504436,-1.2297576710504436,-1.2297576710504436,-2.3244285857449105,-2.3244285857449105,-2.3244285857449105,-1.9525966614346304,-1.9525966614346304,-1.9525966614346304,0.0,0.0,0.0,0.688860332862078,0.688860332862078,0.688860332862078,1.9935152377441507,1.9935152377441507,1.9935152377441507,0.23830960919487232,0.23830960919487232,0.23830960919487232,0.706081797159507,0.706081797159507,0.706081797159507,2.674694028445401,2.674694028445401,2.674694028445401,-2.768841230220445,-2.768841230220445,-2.768841230220445,-8.968326067620303,-8.968326067620303,-8.968326067620303,0.0,0.0,0.0,53.883415054576076
505,2018-04-04 19:00:00,56.50130765606207,46.33967323267482,65.77884232265905,56.50130765606207,56.50130765606207,0.0,0.0,0.0,0.0,0.0,0.0,0.0,0.0,0.0,0.0,0.0,0.0,0.0,0.0,0.0,0.0,0.0,0.0,0.0,0.0,0.0,0.0,0.0,0.0,0.0,0.0,0.0,0.0,0.0,0.0,-0.45933490937458205,-0.45933490937458205,-0.45933490937458205,6.263442783308585,6.263442783308585,6.263442783308585,-1.2297576710504436,-1.2297576710504436,-1.2297576710504436,-0.43000618235317256,-0.43000618235317256,-0.43000618235317256,-1.712867639132663,-1.712867639132663,-1.712867639132663,0.0,0.0,0.0,0.8036435901701051,0.8036435901701051,0.8036435901701051,2.274465056453262,2.274465056453262,2.274465056453262,0.44133123987663686,0.44133123987663686,0.44133123987663686,1.0592064515046515,1.0592064515046515,1.0592064515046515,2.6772255402664014,2.6772255402664014,2.6772255402664014,-2.0660272101747212,-2.0660272101747212,-2.0660272101747212,-8.969997050596396,-8.969997050596396,-8.969997050596396,0.0,0.0,0.0,56.041972746687485
506,2018-04-04 20:00:00,56.50096408060647,42.56685769817346,62.470408209173684,56.50096408060647,56.50096408060647,0.0,0.0,0.0,0.0,0.0,0.0,0.0,0.0,0.0,0.0,0.0,0.0,0.0,0.0,0.0,0.0,0.0,0.0,0.0,0.0,0.0,0.0,0.0,0.0,0.0,0.0,0.0,0.0,0.0,0.0,-3.47147661769894,-3.47147661769894,-3.47147661769894,4.345595980403385,4.345595980403385,4.345595980403385,-1.2297576710504436,-1.2297576710504436,-1.2297576710504436,-1.5224840956802028,-1.5224840956802028,-1.5224840956802028,-2.165858785308355,-2.165858785308355,-2.165858785308355,0.0,0.0,0.0,0.9184268474781325,0.9184268474781325,0.9184268474781325,1.9075493957801664,1.9075493957801664,1.9075493957801664,0.48739121335730146,0.48739121335730146,0.48739121335730146,0.5165899358242374,0.5165899358242374,0.5165899358242374,2.6770312452554452,2.6770312452554452,2.6770312452554452,-1.9568250317612423,-1.9568250317612423,-1.9568250317612423,-8.971619747677567,-8.971619747677567,-8.971619747677567,0.0,0.0,0.0,53.02948746290753
507,2018-04-04 21:00:00,56.50062050515088,40.319842079673336,59.47563290325794,56.50062050515088,56.50062050515088,0.0,0.0,0.0,0.0,0.0,0.0,0.0,0.0,0.0,0.0,0.0,0.0,0.0,0.0,0.0,0.0,0.0,0.0,0.0,0.0,0.0,0.0,0.0,0.0,0.0,0.0,0.0,0.0,0.0,0.0,-6.511050007602469,-6.511050007602469,-6.511050007602469,1.2285036524025437,1.2285036524025437,1.2285036524025437,-1.2297576710504436,-1.2297576710504436,-1.2297576710504436,-1.440009409470831,-1.440009409470831,-1.440009409470831,-2.3256781335096663,-2.3256781335096663,-2.3256781335096663,0.0,0.0,0.0,1.0332101047861597,1.0332101047861597,1.0332101047861597,1.945489627708405,1.945489627708405,1.945489627708405,0.4940989764855536,0.4940989764855536,0.4940989764855536,-0.0014392689894079428,-0.0014392689894079428,-0.0014392689894079428,2.6736497338494565,2.6736497338494565,2.6736497338494565,-1.3559330449014324,-1.3559330449014324,-1.3559330449014324,-8.973193984383638,-8.973193984383638,-8.973193984383638,0.0,0.0,0.0,49.98957049754841
508,2018-04-04 22:00:00,56.50027692969528,32.76243709630546,52.72449370327702,56.50027692969528,56.50027692969528,0.0,0.0,0.0,0.0,0.0,0.0,0.0,0.0,0.0,0.0,0.0,0.0,0.0,0.0,0.0,0.0,0.0,0.0,0.0,0.0,0.0,0.0,0.0,0.0,0.0,0.0,0.0,0.0,0.0,0.0,-13.42536840616746,-13.42536840616746,-13.42536840616746,-1.7665841721028586,-1.7665841721028586,-1.7665841721028586,-1.2297576710504436,-1.2297576710504436,-1.2297576710504436,-5.350761249034202,-5.350761249034202,-5.350761249034202,-2.8366928647011207,-2.8366928647011207,-2.8366928647011207,0.0,0.0,0.0,1.1479933620941871,1.1479933620941871,1.1479933620941871,0.4999187656324648,0.4999187656324648,0.4999187656324648,0.5008067396138057,0.5008067396138057,0.5008067396138057,-0.5527461273037663,-0.5527461273037663,-0.5527461273037663,2.666696602730509,2.666696602730509,2.666696602730509,-2.880283453319329,-2.880283453319329,-2.880283453319329,-8.974719587760907,-8.974719587760907,-8.974719587760907,0.0,0.0,0.0,43.074908523527824
509,2018-04-04 23:00:00,56.49993335423968,29.889103954964547,50.401013836844115,56.49993335423968,56.49993335423968,0.0,0.0,0.0,0.0,0.0,0.0,0.0,0.0,0.0,0.0,0.0,0.0,0.0,0.0,0.0,0.0,0.0,0.0,0.0,0.0,0.0,0.0,0.0,0.0,0.0,0.0,0.0,0.0,0.0,0.0,-16.23875962690773,-16.23875962690773,-16.23875962690773,-3.9359949743386835,-3.9359949743386835,-3.9359949743386835,-1.2297576710504436,-1.2297576710504436,-1.2297576710504436,-5.982437231785248,-5.982437231785248,-5.982437231785248,-3.0316317512014463,-3.0316317512014463,-3.0316317512014463,0.0,0.0,0.0,1.2627766194022145,1.2627766194022145,1.2627766194022145,0.26651430085874156,0.26651430085874156,0.26651430085874156,0.5195884763729118,0.5195884763729118,0.5195884763729118,-0.8997239539322185,-0.8997239539322185,-0.8997239539322185,2.655868965615058,2.655868965615058,2.655868965615058,-2.8702032522350076,-2.8702032522350076,-2.8702032522350076,-8.976196386398852,-8.976196386398852,-8.976196386398852,0.0,0.0,0.0,40.26117372733195
510,2018-04-05 00:00:00,56.499589778784085,27.813136616246823,47.83703153510274,56.499589778784085,56.499589778784085,0.0,0.0,0.0,0.0,0.0,0.0,0.0,0.0,0.0,0.0,0.0,0.0,0.0,0.0,0.0,0.0,0.0,0.0,0.0,0.0,0.0,0.0,0.0,0.0,0.0,0.0,0.0,0.0,0.0,0.0,-18.51240584943369,-18.51240584943369,-18.51240584943369,-5.41387622398329,-5.41387622398329,-5.41387622398329,-0.41006275282342647,-0.41006275282342647,-0.41006275282342647,-6.761853863016877,-6.761853863016877,-6.761853863016877,-3.1716009255815756,-3.1716009255815756,-3.1716009255815756,0.0,0.0,0.0,0.00016078901391429644,0.00016078901391429644,0.00016078901391429644,0.13972669036437332,0.13972669036437332,0.13972669036437332,0.5571519498911237,0.5571519498911237,0.5571519498911237,-1.1263087411440789,-1.1263087411440789,-1.1263087411440789,2.640948448000154,2.640948448000154,2.640948448000154,-2.750920872737207,-2.750920872737207,-2.750920872737207,-8.977624210433678,-8.977624210433678,-8.977624210433678,0.0,0.0,0.0,37.987183929350394
511,2018-04-05 01:00:00,56.49924620332849,26.198940182842154,45.4573895473734,56.49924620332849,56.49924620332849,0.0,0.0,0.0,0.0,0.0,0.0,0.0,0.0,0.0,0.0,0.0,0.0,0.0,0.0,0.0,0.0,0.0,0.0,0.0,0.0,0.0,0.0,0.0,0.0,0.0,0.0,0.0,0.0,0.0,0.0,-21.053982987808148,-21.053982987808148,-21.053982987808148,-6.587641618726854,-6.587641618726854,-6.587641618726854,-0.41006275282342647,-0.41006275282342647,-0.41006275282342647,-8.109141114468486,-8.109141114468486,-8.109141114468486,-3.276959540478619,-3.276959540478619,-3.276959540478619,0.0,0.0,0.0,-1.2624550413743858,-1.2624550413743858,-1.2624550413743858,0.1325228488590115,0.1325228488590115,0.1325228488590115,0.5835358181955822,0.5835358181955822,0.5835358181955822,-1.1981630375564463,-1.1981630375564463,-1.1981630375564463,2.6218026369514935,2.6218026369514935,2.6218026369514935,-2.6775594092902035,-2.6775594092902035,-2.6775594092902035,-8.979002891564297,-8.979002891564297,-8.979002891564297,0.0,0.0,0.0,35.44526321552034
512,2018-04-05 02:00:00,56.498902627872894,25.13568596115896,46.092173698897525,56.498902627872894,56.498902627872894,0.0,0.0,0.0,0.0,0.0,0.0,0.0,0.0,0.0,0.0,0.0,0.0,0.0,0.0,0.0,0.0,0.0,0.0,0.0,0.0,0.0,0.0,0.0,0.0,0.0,0.0,0.0,0.0,0.0,0.0,-21.548101551604134,-21.548101551604134,-21.548101551604134,-7.401865472949712,-7.401865472949712,-7.401865472949712,-0.41006275282342647,-0.41006275282342647,-0.41006275282342647,-7.764288795116288,-7.764288795116288,-7.764288795116288,-3.2199539130947112,-3.2199539130947112,-3.2199539130947112,0.0,0.0,0.0,-1.1476717840663584,-1.1476717840663584,-1.1476717840663584,0.12531900735364965,0.12531900735364965,0.12531900735364965,0.5835358181955822,0.5835358181955822,0.5835358181955822,-1.234620084703724,-1.234620084703724,-1.234620084703724,2.598384979522406,2.598384979522406,2.598384979522406,-2.4608350859772994,-2.4608350859772994,-2.4608350859772994,-8.98033226306054,-8.98033226306054,-8.98033226306054,0.0,0.0,0.0,34.95080107626876
513,2018-04-05 03:00:00,56.49855905241729,24.86993110068093,44.807551399743566,56.49855905241729,56.49855905241729,0.0,0.0,0.0,0.0,0.0,0.0,0.0,0.0,0.0,0.0,0.0,0.0,0.0,0.0,0.0,0.0,0.0,0.0,0.0,0.0,0.0,0.0,0.0,0.0,0.0,0.0,0.0,0.0,0.0,0.0,-21.173719351559246,-21.173719351559246,-21.173719351559246,-7.284361126983132,-7.284361126983132,-7.284361126983132,-0.41006275282342647,-0.41006275282342647,-0.41006275282342647,-7.47847921073102,-7.47847921073102,-7.47847921073102,-3.2123192308557953,-3.2123192308557953,-3.2123192308557953,0.0,0.0,0.0,-1.0328885267583312,-1.0328885267583312,-1.0328885267583312,0.2074428005147745,0.2074428005147745,0.2074428005147745,0.5929266865751351,0.5929266865751351,0.5929266865751351,-1.137542598695275,-1.137542598695275,-1.137542598695275,2.570733145927697,2.570733145927697,2.570733145927697,-2.486035588688102,-2.486035588688102,-2.486035588688102,-8.981612159772792,-8.981612159772792,-8.981612159772792,0.0,0.0,0.0,35.32483970085805
514,2018-04-05 04:00:00,56.4982154769617,27.654574376139692,47.5969349977987,56.4982154769617,56.4982154769617,0.0,0.0,0.0,0.0,0.0,0.0,0.0,0.0,0.0,0.0,0.0,0.0,0.0,0.0,0.0,0.0,0.0,0.0,0.0,0.0,0.0,0.0,0.0,0.0,0.0,0.0,0.0,0.0,0.0,0.0,-18.822821873210557,-18.822821873210557,-18.822821873210557,-5.746704252263061,-5.746704252263061,-5.746704252263061,-0.41006275282342647,-0.41006275282342647,-0.41006275282342647,-6.632241098690593,-6.632241098690593,-6.632241098690593,-3.1369903660984892,-3.1369903660984892,-3.1369903660984892,0.0,0.0,0.0,-0.918105269450304,-0.918105269450304,-0.918105269450304,0.4307618871809912,0.4307618871809912,0.4307618871809912,0.6045534759974388,0.6045534759974388,0.6045534759974388,-0.6614813900162867,-0.6614813900162867,-0.6614813900162867,2.5389658958892833,2.5389658958892833,2.5389658958892833,-2.5409166834805172,-2.5409166834805172,-2.5409166834805172,-8.98284241814619,-8.98284241814619,-8.98284241814619,0.0,0.0,0.0,37.67539360375114
515,2018-04-05 05:00:00,56.4978719015061,32.083667947205285,51.76059349594109,56.4978719015061,56.4978719015061,0.0,0.0,0.0,0.0,0.0,0.0,0.0,0.0,0.0,0.0,0.0,0.0,0.0,0.0,0.0,0.0,0.0,0.0,0.0,0.0,0.0,0.0,0.0,0.0,0.0,0.0,0.0,0.0,0.0,0.0,-14.901477817563519,-14.901477817563519,-14.901477817563519,-3.0135602423735213,-3.0135602423735213,-3.0135602423735213,-0.41006275282342647,-0.41006275282342647,-0.41006275282342647,-5.4071732070676894,-5.4071732070676894,-5.4071732070676894,-2.920674369329198,-2.920674369329198,-2.920674369329198,0.0,0.0,0.0,-0.8033220121422767,-0.8033220121422767,-0.8033220121422767,0.8231311211730322,0.8231311211730322,0.8231311211730322,0.5821942655699317,0.5821942655699317,0.5821942655699317,-0.05464112267526104,-0.05464112267526104,-0.05464112267526104,2.50327850810172,2.50327850810172,2.50327850810172,-2.623798336840491,-2.623798336840491,-2.623798336840491,-8.98402287622403,-8.98402287622403,-8.98402287622403,0.0,0.0,0.0,41.596394083942585
516,2018-04-05 06:00:00,56.4975283260505,35.49074799029514,55.862758793283476,56.4975283260505,56.4975283260505,0.0,0.0,0.0,0.0,0.0,0.0,0.0,0.0,0.0,0.0,0.0,0.0,0.0,0.0,0.0,0.0,0.0,0.0,0.0,0.0,0.0,0.0,0.0,0.0,0.0,0.0,0.0,0.0,0.0,0.0,-10.471978209157617,-10.471978209157617,-10.471978209157617,-0.01582172808354448,-0.01582172808354448,-0.01582172808354448,-0.41006275282342647,-0.41006275282342647,-0.41006275282342647,-3.9349399610214837,-3.9349399610214837,-3.9349399610214837,-2.5898381389761647,-2.5898381389761647,-2.5898381389761647,0.0,0.0,0.0,-0.6885387548342494,-0.6885387548342494,-0.6885387548342494,1.523344515494202,1.523344515494202,1.523344515494202,0.28213366163278625,0.28213366163278625,0.28213366163278625,0.41781677320428706,0.41781677320428706,0.41781677320428706,2.4639368536123065,2.4639368536123065,2.4639368536123065,-2.4697952647189183,-2.4697952647189183,-2.4697952647189183,-8.985153373664897,-8.985153373664897,-8.985153373664897,0.0,0.0,0.0,46.02555011689288
517,2018-04-05 07:00:00,56.497184750594904,37.27683520435097,57.18110475596482,56.497184750594904,56.497184750594904,0.0,0.0,0.0,0.0,0.0,0.0,0.0,0.0,0.0,0.0,0.0,0.0,0.0,0.0,0.0,0.0,0.0,0.0,0.0,0.0,0.0,0.0,0.0,0.0,0.0,0.0,0.0,0.0,0.0,0.0,-8.741866310263845,-8.741866310263845,-8.741866310263845,2.2627492101513464,2.2627492101513464,2.2627492101513464,-0.41006275282342647,-0.41006275282342647,-0.41006275282342647,-4.439651982242594,-4.439651982242594,-4.439651982242594,-2.6412449993848672,-2.6412449993848672,-2.6412449993848672,0.0,0.0,0.0,-0.5737554975262221,-0.5737554975262221,-0.5737554975262221,1.315393624039424,1.315393624039424,1.315393624039424,-0.3779102301872237,-0.3779102301872237,-0.3779102301872237,0.662842043566224,0.662842043566224,0.662842043566224,2.421270213577355,2.421270213577355,2.421270213577355,-2.414914169926503,-2.414914169926503,-2.414914169926503,-8.986233751749953,-8.986233751749953,-8.986233751749953,0.0,0.0,0.0,47.75531844033106
518,2018-04-05 08:00:00,56.4968411751393,37.31107418627644,58.23752710158394,56.4968411751393,56.4968411751393,0.0,0.0,0.0,0.0,0.0,0.0,0.0,0.0,0.0,0.0,0.0,0.0,0.0,0.0,0.0,0.0,0.0,0.0,0.0,0.0,0.0,0.0,0.0,0.0,0.0,0.0,0.0,0.0,0.0,0.0,-8.575443293378854,-8.575443293378854,-8.575443293378854,3.447672681115556,3.447672681115556,3.447672681115556,-0.41006275282342647,-0.41006275282342647,-0.41006275282342647,-5.411515080972404,-5.411515080972404,-5.411515080972404,-2.7623819575756703,-2.7623819575756703,-2.7623819575756703,0.0,0.0,0.0,-0.4589722402181948,-0.4589722402181948,-0.4589722402181948,1.154027574319319,1.154027574319319,1.154027574319319,-1.1841833582031303,-1.1841833582031303,-1.1841833582031303,0.7495335103292277,0.7495335103292277,0.7495335103292277,2.3756629598693597,2.3756629598693597,2.3756629598693597,-2.49947585680053,-2.49947585680053,-2.49947585680053,-8.987263853391365,-8.987263853391365,-8.987263853391365,0.0,0.0,0.0,47.92139788176045
519,2018-04-05 09:00:00,56.49649759968371,37.71359883491273,58.306076226838144,56.49649759968371,56.49649759968371,0.0,0.0,0.0,0.0,0.0,0.0,0.0,0.0,0.0,0.0,0.0,0.0,0.0,0.0,0.0,0.0,0.0,0.0,0.0,0.0,0.0,0.0,0.0,0.0,0.0,0.0,0.0,0.0,0.0,0.0,-8.658538853231564,-8.658538853231564,-8.658538853231564,3.822687547648598,3.822687547648598,3.822687547648598,-0.41006275282342647,-0.41006275282342647,-0.41006275282342647,-5.82052811148819,-5.82052811148819,-5.82052811148819,-2.9476502465733687,-2.9476502465733687,-2.9476502465733687,0.0,0.0,0.0,-0.34418898291016753,-0.34418898291016753,-0.34418898291016753,1.0099507442120823,1.0099507442120823,1.0099507442120823,-1.5097334620276337,-1.5097334620276337,-1.5097334620276337,0.7859905574765055,0.7859905574765055,0.7859905574765055,2.3275452337544134,2.3275452337544134,2.3275452337544134,-2.4048339688421816,-2.4048339688421816,-2.4048339688421816,-8.988243523146387,-8.988243523146387,-8.988243523146387,0.0,0.0,0.0,47.837958746452145
520,2018-04-05 10:00:00,56.49615402422811,36.827317204831424,58.7364947369167,56.49615402422811,56.49615402422811,0.0,0.0,0.0,0.0,0.0,0.0,0.0,0.0,0.0,0.0,0.0,0.0,0.0,0.0,0.0,0.0,0.0,0.0,0.0,0.0,0.0,0.0,0.0,0.0,0.0,0.0,0.0,0.0,0.0,0.0,-8.463555939837901,-8.463555939837901,-8.463555939837901,3.7918075689880992,3.7918075689880992,3.7918075689880992,-0.41006275282342647,-0.41006275282342647,-0.41006275282342647,-5.543573673977318,-5.543573673977318,-5.543573673977318,-2.8982793014283774,-2.8982793014283774,-2.8982793014283774,0.0,0.0,0.0,-0.2294057256021403,-0.2294057256021403,-0.2294057256021403,1.0286807321260232,1.0286807321260232,1.0286807321260232,-1.6224238825822694,-1.6224238825822694,-1.6224238825822694,0.8213878067415951,0.8213878067415951,0.8213878067415951,2.277382772373138,2.277382772373138,2.277382772373138,-2.233470550408722,-2.233470550408722,-2.233470550408722,-8.989172607221821,-8.989172607221821,-8.989172607221821,0.0,0.0,0.0,48.03259808439021
521,2018-04-05 11:00:00,56.49581044877252,38.18668815517885,58.02901520220067,56.49581044877252,56.49581044877252,0.0,0.0,0.0,0.0,0.0,0.0,0.0,0.0,0.0,0.0,0.0,0.0,0.0,0.0,0.0,0.0,0.0,0.0,0.0,0.0,0.0,0.0,0.0,0.0,0.0,0.0,0.0,0.0,0.0,0.0,-8.887402120567415,-8.887402120567415,-8.887402120567415,3.3831199409744155,3.3831199409744155,3.3831199409744155,-0.41006275282342647,-0.41006275282342647,-0.41006275282342647,-5.50613715347574,-5.50613715347574,-5.50613715347574,-2.817351669695866,-2.817351669695866,-2.817351669695866,0.0,0.0,0.0,-0.11462246829411299,-0.11462246829411299,-0.11462246829411299,0.9062154265348721,0.9062154265348721,0.9062154265348721,-1.6707197771056848,-1.6707197771056848,-1.6707197771056848,0.7711533871258692,0.7711533871258692,0.7711533871258692,2.2256660454244117,2.2256660454244117,2.2256660454244117,-2.170749299217391,-2.170749299217391,-2.170749299217391,-8.990050953490503,-8.990050953490503,-8.990050953490503,0.0,0.0,0.0,47.6084083282051
522,2018-04-05 12:00:00,56.495466873316914,35.4243538765813,57.13727336114889,56.495466873316914,56.495466873316914,0.0,0.0,0.0,0.0,0.0,0.0,0.0,0.0,0.0,0.0,0.0,0.0,0.0,0.0,0.0,0.0,0.0,0.0,0.0,0.0,0.0,0.0,0.0,0.0,0.0,0.0,0.0,0.0,0.0,0.0,-10.177910780428364,-10.177910780428364,-10.177910780428364,2.35199926406889,2.35199926406889,2.35199926406889,-0.41006275282342647,-0.41006275282342647,-0.41006275282342647,-5.711930507716302,-5.711930507716302,-5.711930507716302,-2.930344966831825,-2.930344966831825,-2.930344966831825,0.0,0.0,0.0,0.00016078901391429644,0.00016078901391429644,0.00016078901391429644,0.8375388041837559,0.8375388041837559,0.8375388041837559,-1.6170576720796679,-1.6170576720796679,-1.6170576720796679,0.5668243554399632,0.5668243554399632,0.5668243554399632,2.1728988747155866,2.1728988747155866,2.1728988747155866,-2.1589890646190164,-2.1589890646190164,-2.1589890646190164,-8.990878411496539,-8.990878411496539,-8.990878411496539,0.0,0.0,0.0,46.31755609288855
523,2018-04-05 13:00:00,56.49512329786132,35.92848610029437,55.64301159469406,56.49512329786132,56.49512329786132,0.0,0.0,0.0,0.0,0.0,0.0,0.0,0.0,0.0,0.0,0.0,0.0,0.0,0.0,0.0,0.0,0.0,0.0,0.0,0.0,0.0,0.0,0.0,0.0,0.0,0.0,0.0,0.0,0.0,0.0,-11.586696066525956,-11.586696066525956,-11.586696066525956,0.7676179297404382,0.7676179297404382,0.7676179297404382,-0.41006275282342647,-0.41006275282342647,-0.41006275282342647,-5.482245881078873,-5.482245881078873,-5.482245881078873,-2.9461233101255857,-2.9461233101255857,-2.9461233101255857,0.0,0.0,0.0,0.11494404632194158,0.11494404632194158,0.11494404632194158,0.8812421093162843,0.8812421093162843,0.8812421093162843,-1.5034728831079318,-1.5034728831079318,-1.5034728831079318,0.4142134604048468,0.4142134604048468,0.4142134604048468,2.1195867172782967,2.1195867172782967,2.1195867172782967,-2.032986551065002,-2.032986551065002,-2.032986551065002,-8.991654832465821,-8.991654832465821,-8.991654832465821,0.0,0.0,0.0,44.90842723133537
524,2018-04-05 14:00:00,56.494779722405724,33.49228995962719,54.07299109665944,56.494779722405724,56.494779722405724,0.0,0.0,0.0,0.0,0.0,0.0,0.0,0.0,0.0,0.0,0.0,0.0,0.0,0.0,0.0,0.0,0.0,0.0,0.0,0.0,0.0,0.0,0.0,0.0,0.0,0.0,0.0,0.0,0.0,0.0,-12.911327338476793,-12.911327338476793,-12.911327338476793,-0.607360643935226,-0.607360643935226,-0.607360643935226,-0.41006275282342647,-0.41006275282342647,-0.41006275282342647,-5.377811423361206,-5.377811423361206,-5.377811423361206,-2.9980391493502156,-2.9980391493502156,-2.9980391493502156,0.0,0.0,0.0,0.2297273036299689,0.2297273036299689,0.2297273036299689,0.8096839503630234,0.8096839503630234,0.8096839503630234,-1.3818387783822932,-1.3818387783822932,-1.3818387783822932,0.303782521080825,0.303782521080825,0.303782521080825,2.0662247981374824,2.0662247981374824,2.0662247981374824,-1.9310645178790884,-1.9310645178790884,-1.9310645178790884,-8.992380069317843,-8.992380069317843,-8.992380069317843,0.0,0.0,0.0,43.58345238392893
525,2018-04-05 15:00:00,56.49443614695012,33.46633260962228,53.824365338005975,56.49443614695012,56.49443614695012,0.0,0.0,0.0,0.0,0.0,0.0,0.0,0.0,0.0,0.0,0.0,0.0,0.0,0.0,0.0,0.0,0.0,0.0,0.0,0.0,0.0,0.0,0.0,0.0,0.0,0.0,0.0,0.0,0.0,0.0,-12.535456726035001,-12.535456726035001,-12.535456726035001,-0.6889558330456129,-0.6889558330456129,-0.6889558330456129,-0.41006275282342647,-0.41006275282342647,-0.41006275282342647,-4.8667331980506825,-4.8667331980506825,-4.8667331980506825,-2.91354866590621,-2.91354866590621,-2.91354866590621,0.0,0.0,0.0,0.34451056093799615,0.34451056093799615,0.34451056093799615,0.830334962678394,0.830334962678394,0.830334962678394,-1.1166585427120588,-1.1166585427120588,-1.1166585427120588,0.20543327761374994,0.20543327761374994,0.20543327761374994,2.013286281734311,2.013286281734311,2.013286281734311,-1.8067420378391275,-1.8067420378391275,-1.8067420378391275,-8.993053976673016,-8.993053976673016,-8.993053976673016,0.0,0.0,0.0,43.95897942091512
526,2018-04-05 16:00:00,56.49409257149452,36.06062577027037,56.698017006676885,56.49409257149452,56.49409257149452,0.0,0.0,0.0,0.0,0.0,0.0,0.0,0.0,0.0,0.0,0.0,0.0,0.0,0.0,0.0,0.0,0.0,0.0,0.0,0.0,0.0,0.0,0.0,0.0,0.0,0.0,0.0,0.0,0.0,0.0,-10.118961046901585,-10.118961046901585,-10.118961046901585,1.015312550829725,1.015312550829725,1.015312550829725,-0.41006275282342647,-0.41006275282342647,-0.41006275282342647,-4.101807858101177,-4.101807858101177,-4.101807858101177,-2.7618729787597425,-2.7618729787597425,-2.7618729787597425,0.0,0.0,0.0,0.45929381824602344,0.45929381824602344,0.45929381824602344,1.0046679271081502,1.0046679271081502,1.0046679271081502,-0.6904919919637731,-0.6904919919637731,-0.6904919919637731,0.08715983396153466,0.08715983396153466,0.08715983396153466,1.9612106712330784,1.9612106712330784,1.9612106712330784,-1.7905017138699433,-1.7905017138699433,-1.7905017138699433,-8.993676410863214,-8.993676410863214,-8.993676410863214,0.0,0.0,0.0,46.37513152459293
527,2018-04-05 17:00:00,56.493748996038924,39.91023530755793,59.30199457312555,56.493748996038924,56.493748996038924,0.0,0.0,0.0,0.0,0.0,0.0,0.0,0.0,0.0,0.0,0.0,0.0,0.0,0.0,0.0,0.0,0.0,0.0,0.0,0.0,0.0,0.0,0.0,0.0,0.0,0.0,0.0,0.0,0.0,0.0,-6.745774538667701,-6.745774538667701,-6.745774538667701,3.7823927310750127,3.7823927310750127,3.7823927310750127,-0.41006275282342647,-0.41006275282342647,-0.41006275282342647,-3.444312662613749,-3.444312662613749,-3.444312662613749,-2.676873516499809,-2.676873516499809,-2.676873516499809,0.0,0.0,0.0,0.5740770755540507,0.5740770755540507,0.5740770755540507,1.1343370742046632,1.1343370742046632,1.1343370742046632,-0.28534309901734434,-0.28534309901734434,-0.28534309901734434,0.06829543165858278,0.06829543165858278,0.06829543165858278,1.9103926228128207,1.9103926228128207,1.9103926228128207,-1.8487428756904658,-1.8487428756904658,-1.8487428756904658,-8.994247229941786,-8.994247229941786,-8.994247229941786,0.0,0.0,0.0,49.74797445737122
528,2018-04-05 18:00:00,56.66645667885289,43.37772743634241,63.13070582105398,56.66645667885289,56.66645667885289,0.0,0.0,0.0,0.0,0.0,0.0,0.0,0.0,0.0,0.0,0.0,0.0,0.0,0.0,0.0,0.0,0.0,0.0,0.0,0.0,0.0,0.0,0.0,0.0,0.0,0.0,0.0,0.0,0.0,0.0,-3.3877451805191536,-3.3877451805191536,-3.3877451805191536,6.033362400005794,6.033362400005794,6.033362400005794,-0.41940490045997897,-0.41940490045997897,-0.41940490045997897,-2.480881099195266,-2.480881099195266,-2.480881099195266,-2.4775948442991975,-2.4775948442991975,-2.4775948442991975,0.0,0.0,0.0,0.6624554880941461,0.6624554880941461,0.6624554880941461,1.2927361312214871,1.2927361312214871,1.2927361312214871,0.19599873155197753,0.19599873155197753,0.19599873155197753,0.1895216821595833,0.1895216821595833,0.1895216821595833,1.8918751979543285,1.8918751979543285,1.8918751979543285,-1.924593387463283,-1.924593387463283,-1.924593387463283,-8.83210167928401,-8.83210167928401,-8.83210167928401,0.0,0.0,0.0,53.278711498333735
529,2018-04-05 19:00:00,56.66614968653084,44.65520144425642,64.47769456928404,56.66614968653084,56.66614968653084,0.0,0.0,0.0,0.0,0.0,0.0,0.0,0.0,0.0,0.0,0.0,0.0,0.0,0.0,0.0,0.0,0.0,0.0,0.0,0.0,0.0,0.0,0.0,0.0,0.0,0.0,0.0,0.0,0.0,0.0,-2.192077008830669,-2.192077008830669,-2.192077008830669,6.303606590258757,6.303606590258757,6.303606590258757,-0.41940490045997897,-0.41940490045997897,-0.41940490045997897,-1.5038741119379238,-1.5038741119379238,-1.5038741119379238,-2.3024729885587982,-2.3024729885587982,-2.3024729885587982,0.0,0.0,0.0,0.7728389867837143,0.7728389867837143,0.7728389867837143,1.4922622576462625,1.4922622576462625,1.4922622576462625,0.4217627739103516,0.4217627739103516,0.4217627739103516,0.4994890555901913,0.4994890555901913,0.4994890555901913,1.8406654337919424,1.8406654337919424,1.8406654337919424,-1.9683492968496665,-1.9683492968496665,-1.9683492968496665,-8.832474920943444,-8.832474920943444,-8.832474920943444,0.0,0.0,0.0,54.474072677700164
530,2018-04-05 20:00:00,56.665842694208784,42.75184511765012,61.985934585483264,56.665842694208784,56.665842694208784,0.0,0.0,0.0,0.0,0.0,0.0,0.0,0.0,0.0,0.0,0.0,0.0,0.0,0.0,0.0,0.0,0.0,0.0,0.0,0.0,0.0,0.0,0.0,0.0,0.0,0.0,0.0,0.0,0.0,0.0,-4.388767254846508,-4.388767254846508,-4.388767254846508,4.394190917278302,4.394190917278302,4.394190917278302,-0.41940490045997897,-0.41940490045997897,-0.41940490045997897,-1.7415735442853444,-1.7415735442853444,-1.7415735442853444,-2.369866822254812,-2.369866822254812,-2.369866822254812,0.0,0.0,0.0,0.8832224854732825,0.8832224854732825,0.8832224854732825,1.4135376635466912,1.4135376635466912,1.4135376635466912,0.4615508922665799,0.4615508922665799,0.4615508922665799,0.24876086283637794,0.24876086283637794,0.24876086283637794,1.7914142863589873,1.7914142863589873,1.7914142863589873,-1.9593737256934851,-1.9593737256934851,-1.9593737256934851,-8.832798914198454,-8.832798914198454,-8.832798914198454,0.0,0.0,0.0,52.27707543936228
531,2018-04-05 21:00:00,56.665535701886725,38.332945518612284,57.84480876888477,56.665535701886725,56.665535701886725,0.0,0.0,0.0,0.0,0.0,0.0,0.0,0.0,0.0,0.0,0.0,0.0,0.0,0.0,0.0,0.0,0.0,0.0,0.0,0.0,0.0,0.0,0.0,0.0,0.0,0.0,0.0,0.0,0.0,0.0,-8.281190016539027,-8.281190016539027,-8.281190016539027,1.2846278792542534,1.2846278792542534,1.2846278792542534,-0.41940490045997897,-0.41940490045997897,-0.41940490045997897,-2.477016424506557,-2.477016424506557,-2.477016424506557,-2.428070587719551,-2.428070587719551,-2.428070587719551,0.0,0.0,0.0,0.9936059841628508,0.9936059841628508,0.9936059841628508,0.9651694293359145,0.9651694293359145,0.9651694293359145,0.47093909996861133,0.47093909996861133,0.47093909996861133,-0.23171042545732912,-0.23171042545732912,-0.23171042545732912,1.7442720556008382,1.7442720556008382,1.7442720556008382,-1.8275450243370737,-1.8275450243370737,-1.8275450243370737,-8.833073526887562,-8.833073526887562,-8.833073526887562,0.0,0.0,0.0,48.3843456853477
532,2018-04-05 22:00:00,56.665228709564666,37.75151265857781,57.865007522427355,56.665228709564666,56.665228709564666,0.0,0.0,0.0,0.0,0.0,0.0,0.0,0.0,0.0,0.0,0.0,0.0,0.0,0.0,0.0,0.0,0.0,0.0,0.0,0.0,0.0,0.0,0.0,0.0,0.0,0.0,0.0,0.0,0.0,0.0,-8.740808296018836,-8.740808296018836,-8.740808296018836,-1.7120633512222827,-1.7120633512222827,-1.7120633512222827,-0.41940490045997897,-0.41940490045997897,-0.41940490045997897,0.10525252204603919,0.10525252204603919,0.10525252204603919,-1.1736262741505683,-1.1736262741505683,-1.1736262741505683,0.0,0.0,0.0,1.1039894828524188,1.1039894828524188,1.1039894828524188,0.19737841676710738,0.19737841676710738,0.19737841676710738,0.4365156717278295,0.4365156717278295,0.4365156717278295,-1.227846758830588,-1.227846758830588,-1.227846758830588,1.6993011616881635,1.6993011616881635,1.6993011616881635,1.1882468841398186,1.1882468841398186,1.1882468841398186,-8.833298628530756,-8.833298628530756,-8.833298628530756,0.0,0.0,0.0,47.92442041354583
533,2018-04-05 23:00:00,56.66492171724261,34.797169548985934,55.009329344853484,56.66492171724261,56.66492171724261,0.0,0.0,0.0,0.0,0.0,0.0,0.0,0.0,0.0,0.0,0.0,0.0,0.0,0.0,0.0,0.0,0.0,0.0,0.0,0.0,0.0,0.0,0.0,0.0,0.0,0.0,0.0,0.0,0.0,0.0,-11.622141530443804,-11.622141530443804,-11.622141530443804,-3.898801477999027,-3.898801477999027,-3.898801477999027,-0.41940490045997897,-0.41940490045997897,-0.41940490045997897,-0.5463364962311795,-0.5463364962311795,-0.5463364962311795,-1.4626028640895363,-1.4626028640895363,-1.4626028640895363,0.0,0.0,0.0,1.214372981541987,1.214372981541987,1.214372981541987,0.06888540111033588,0.06888540111033588,0.06888540111033588,0.441880361843276,0.441880361843276,0.441880361843276,-1.526665799366301,-1.526665799366301,-1.526665799366301,1.6564705341236117,1.6564705341236117,1.6564705341236117,1.137198323189038,1.137198323189038,1.137198323189038,-8.833474090337209,-8.833474090337209,-8.833474090337209,0.0,0.0,0.0,45.04278018679881
534,2018-04-06 00:00:00,56.66461472492057,33.02046068319679,53.19495877681361,56.66461472492057,56.66461472492057,0.0,0.0,0.0,0.0,0.0,0.0,0.0,0.0,0.0,0.0,0.0,0.0,0.0,0.0,0.0,0.0,0.0,0.0,0.0,0.0,0.0,0.0,0.0,0.0,0.0,0.0,0.0,0.0,0.0,0.0,-13.91172444122233,-13.91172444122233,-13.91172444122233,-5.407275855992551,-5.407275855992551,-5.407275855992551,0.42002171556675516,0.42002171556675516,0.42002171556675516,-1.2865002508139929,-1.2865002508139929,-1.2865002508139929,-1.4814935598982673,-1.4814935598982673,-1.4814935598982673,0.0,0.0,0.0,0.0001544959567368839,0.0001544959567368839,0.0001544959567368839,-0.002600149853642648,-0.002600149853642648,-0.002600149853642648,0.47049204245899084,0.47049204245899084,0.47049204245899084,-1.695639550890885,-1.695639550890885,-1.695639550890885,1.6156514507982864,1.6156514507982864,1.6156514507982864,1.0025647558463193,1.0025647558463193,1.0025647558463193,-8.833599785214073,-8.833599785214073,-8.833599785214073,0.0,0.0,0.0,42.752890283698235
535,2018-04-06 01:00:00,56.66430773259851,30.249738022518212,49.834268773633234,56.66430773259851,56.66430773259851,0.0,0.0,0.0,0.0,0.0,0.0,0.0,0.0,0.0,0.0,0.0,0.0,0.0,0.0,0.0,0.0,0.0,0.0,0.0,0.0,0.0,0.0,0.0,0.0,0.0,0.0,0.0,0.0,0.0,0.0,-16.136820275790036,-16.136820275790036,-16.136820275790036,-6.6130176847677165,-6.6130176847677165,-6.6130176847677165,0.42002171556675516,0.42002171556675516,0.42002171556675516,-2.2667419189097173,-2.2667419189097173,-2.2667419189097173,-1.4319693033186207,-1.4319693033186207,-1.4319693033186207,0.0,0.0,0.0,-1.2140639896285135,-1.2140639896285135,-1.2140639896285135,0.07069516189423404,0.07069516189423404,0.07069516189423404,0.49329197544963843,0.49329197544963843,0.49329197544963843,-1.7402328824704647,-1.7402328824704647,-1.7402328824704647,1.5766149156656113,1.5766149156656113,1.5766149156656113,1.1355154035972537,1.1355154035972537,1.1355154035972537,-8.833675587778213,-8.833675587778213,-8.833675587778213,0.0,0.0,0.0,40.52748745680847
536,2018-04-06 02:00:00,56.66400074027645,30.08588290559385,50.21761381792937,56.66400074027645,56.66400074027645,0.0,0.0,0.0,0.0,0.0,0.0,0.0,0.0,0.0,0.0,0.0,0.0,0.0,0.0,0.0,0.0,0.0,0.0,0.0,0.0,0.0,0.0,0.0,0.0,0.0,0.0,0.0,0.0,0.0,0.0,-16.827908782589915,-16.827908782589915,-16.827908782589915,-7.447036653644316,-7.447036653644316,-7.447036653644316,0.42002171556675516,0.42002171556675516,0.42002171556675516,-2.0862013975099383,-2.0862013975099383,-2.0862013975099383,-1.4069518953557067,-1.4069518953557067,-1.4069518953557067,0.0,0.0,0.0,-1.1036804909389453,-1.1036804909389453,-1.1036804909389453,0.04535851091965939,0.04535851091965939,0.04535851091965939,0.5080448732671163,0.5080448732671163,0.5080448732671163,-1.7557531106182598,-1.7557531106182598,-1.7557531106182598,1.5390306429267413,1.5390306429267413,1.5390306429267413,1.2067589996494423,1.2067589996494423,1.2067589996494423,-8.833701374362406,-8.833701374362406,-8.833701374362406,0.0,0.0,0.0,39.836091957686534
537,2018-04-06 03:00:00,56.6636937479544,30.839433326686667,51.272553558529715,56.6636937479544,56.6636937479544,0.0,0.0,0.0,0.0,0.0,0.0,0.0,0.0,0.0,0.0,0.0,0.0,0.0,0.0,0.0,0.0,0.0,0.0,0.0,0.0,0.0,0.0,0.0,0.0,0.0,0.0,0.0,0.0,0.0,0.0,-16.314818355693383,-16.314818355693383,-16.314818355693383,-7.331358725681815,-7.331358725681815,-7.331358725681815,0.42002171556675516,0.42002171556675516,0.42002171556675516,-1.652250300515551,-1.652250300515551,-1.652250300515551,-1.1914958512669354,-1.1914958512669354,-1.1914958512669354,0.0,0.0,0.0,-0.993296992249377,-0.993296992249377,-0.993296992249377,-0.004409910637540838,-0.004409910637540838,-0.004409910637540838,0.5156448509306656,0.5156448509306656,0.5156448509306656,-1.6307169063853204,-1.6307169063853204,-1.6307169063853204,1.502467693529509,1.502467693529509,1.502467693529509,1.232002793526202,1.232002793526202,1.232002793526202,-8.83367702302553,-8.83367702302553,-8.83367702302553,0.0,0.0,0.0,40.348875392261014
538,2018-04-06 04:00:00,56.663386755632345,32.76359991235067,53.79881910240361,56.663386755632345,56.663386755632345,0.0,0.0,0.0,0.0,0.0,0.0,0.0,0.0,0.0,0.0,0.0,0.0,0.0,0.0,0.0,0.0,0.0,0.0,0.0,0.0,0.0,0.0,0.0,0.0,0.0,0.0,0.0,0.0,0.0,0.0,-13.616528182467265,-13.616528182467265,-13.616528182467265,-5.7826964691230165,-5.7826964691230165,-5.7826964691230165,0.42002171556675516,0.42002171556675516,0.42002171556675516,-0.4666260868129465,-0.4666260868129465,-0.4666260868129465,-0.8866919215963279,-0.8866919215963279,-0.8866919215963279,0.0,0.0,0.0,-0.8829134935598087,-0.8829134935598087,-0.8829134935598087,0.13358434913469616,0.13358434913469616,0.13358434913469616,0.5402330139597954,0.5402330139597954,0.5402330139597954,-1.1603009771732833,-1.1603009771732833,-1.1603009771732833,1.4663967870282495,1.4663967870282495,1.4663967870282495,1.369441226855227,1.369441226855227,1.369441226855227,-8.833602413559552,-8.833602413559552,-8.833602413559552,0.0,0.0,0.0,43.04685857316508
539,2018-04-06 05:00:00,56.663079763310286,36.27578459722586,57.13679929926586,56.663079763310286,56.663079763310286,0.0,0.0,0.0,0.0,0.0,0.0,0.0,0.0,0.0,0.0,0.0,0.0,0.0,0.0,0.0,0.0,0.0,0.0,0.0,0.0,0.0,0.0,0.0,0.0,0.0,0.0,0.0,0.0,0.0,0.0,-9.348671135970251,-9.348671135970251,-9.348671135970251,-3.0363499005328363,-3.0363499005328363,-3.0363499005328363,0.42002171556675516,0.42002171556675516,0.42002171556675516,1.0909619036042817,1.0909619036042817,1.0909619036042817,-0.31997104733439435,-0.31997104733439435,-0.31997104733439435,0.0,0.0,0.0,-0.7725299948702405,-0.7725299948702405,-0.7725299948702405,0.3643288490817154,0.3643288490817154,0.3643288490817154,0.5232448285942148,0.5232448285942148,0.5232448285942148,-0.5491100208178671,-0.5491100208178671,-0.5491100208178671,1.430194288458438,1.430194288458438,1.430194288458438,1.4249775733840986,1.4249775733840986,1.4249775733840986,-8.833477427500133,-8.833477427500133,-8.833477427500133,0.0,0.0,0.0,47.314408627340036
540,2018-04-06 06:00:00,56.66277277098823,41.71724524349063,62.27744439435613,56.66277277098823,56.66277277098823,0.0,0.0,0.0,0.0,0.0,0.0,0.0,0.0,0.0,0.0,0.0,0.0,0.0,0.0,0.0,0.0,0.0,0.0,0.0,0.0,0.0,0.0,0.0,0.0,0.0,0.0,0.0,0.0,0.0,0.0,-5.0037372040035155,-5.0037372040035155,-5.0037372040035155,-0.03071372804281346,-0.03071372804281346,-0.03071372804281346,0.42002171556675516,0.42002171556675516,0.42002171556675516,2.467130625662312,2.467130625662312,2.467130625662312,-0.02639942327978909,-0.02639942327978909,-0.02639942327978909,0.0,0.0,0.0,-0.6621464961806723,-0.6621464961806723,-0.6621464961806723,0.740759092132539,0.740759092132539,0.740759092132539,0.2679749906008849,0.2679749906008849,0.2679749906008849,0.00743224487629942,0.00743224487629942,0.00743224487629942,1.3931478465123033,1.3931478465123033,1.3931478465123033,1.7194885019462949,1.7194885019462949,1.7194885019462949,-8.833301948135317,-8.833301948135317,-8.833301948135317,0.0,0.0,0.0,51.65903556698471
541,2018-04-06 07:00:00,56.66246577866618,43.12821261139458,64.384286778344,56.66246577866618,56.66246577866618,0.0,0.0,0.0,0.0,0.0,0.0,0.0,0.0,0.0,0.0,0.0,0.0,0.0,0.0,0.0,0.0,0.0,0.0,0.0,0.0,0.0,0.0,0.0,0.0,0.0,0.0,0.0,0.0,0.0,0.0,-2.617472052346438,-2.617472052346438,-2.617472052346438,2.250243256387688,2.250243256387688,2.250243256387688,0.42002171556675516,0.42002171556675516,0.42002171556675516,2.6108969157777175,2.6108969157777175,2.6108969157777175,-0.0381422882419733,-0.0381422882419733,-0.0381422882419733,0.0,0.0,0.0,-0.5517629974911041,-0.5517629974911041,-0.5517629974911041,0.8982082803316815,0.8982082803316815,0.8982082803316815,-0.2810116312131416,-0.2810116312131416,-0.2810116312131416,0.2909496520268626,0.2909496520268626,0.2909496520268626,1.3544636360008027,1.3544636360008027,1.3544636360008027,1.8726341847986372,1.8726341847986372,1.8726341847986372,-8.833075860512645,-8.833075860512645,-8.833075860512645,0.0,0.0,0.0,54.044993726319746
542,2018-04-06 08:00:00,56.66215878634413,45.24369768263067,66.15844657147072,56.66215878634413,56.66215878634413,0.0,0.0,0.0,0.0,0.0,0.0,0.0,0.0,0.0,0.0,0.0,0.0,0.0,0.0,0.0,0.0,0.0,0.0,0.0,0.0,0.0,0.0,0.0,0.0,0.0,0.0,0.0,0.0,0.0,0.0,-1.2644513193716198,-1.2644513193716198,-1.2644513193716198,3.4360669361930745,3.4360669361930745,3.4360669361930745,0.42002171556675516,0.42002171556675516,0.42002171556675516,2.81900566133518,2.81900566133518,2.81900566133518,0.0379310543391331,0.0379310543391331,0.0379310543391331,0.0,0.0,0.0,-0.44137949880153593,-0.44137949880153593,-0.44137949880153593,1.163790675368741,1.163790675368741,1.163790675368741,-0.6203282810151335,-0.6203282810151335,-0.6203282810151335,0.4721647102595665,0.4721647102595665,0.4721647102595665,1.3132751345479845,1.3132751345479845,1.3132751345479845,1.786805285617654,1.786805285617654,1.786805285617654,-8.832799051447859,-8.832799051447859,-8.832799051447859,0.0,0.0,0.0,55.39770746697251
543,2018-04-06 09:00:00,56.66185179402207,45.70728119090812,65.36504616832603,56.66185179402207,56.66185179402207,0.0,0.0,0.0,0.0,0.0,0.0,0.0,0.0,0.0,0.0,0.0,0.0,0.0,0.0,0.0,0.0,0.0,0.0,0.0,0.0,0.0,0.0,0.0,0.0,0.0,0.0,0.0,0.0,0.0,0.0,-1.1067441329445689,-1.1067441329445689,-1.1067441329445689,3.8127413687456055,3.8127413687456055,3.8127413687456055,0.42002171556675516,0.42002171556675516,0.42002171556675516,2.644332566314625,2.644332566314625,2.644332566314625,-0.012103761586695268,-0.012103761586695268,-0.012103761586695268,0.0,0.0,0.0,-0.3309960001119677,-0.3309960001119677,-0.3309960001119677,1.1475028283136575,1.1475028283136575,1.1475028283136575,-0.7039280353141749,-0.7039280353141749,-0.7039280353141749,0.5799319282435509,0.5799319282435509,0.5799319282435509,1.2686533415294217,1.2686533415294217,1.2686533415294217,1.5439038912034997,1.5439038912034997,1.5439038912034997,-8.832471409534222,-8.832471409534222,-8.832471409534222,0.0,0.0,0.0,55.5551076610775
544,2018-04-06 10:00:00,56.66154480170001,44.68433434105059,65.5028005680776,56.66154480170001,56.66154480170001,0.0,0.0,0.0,0.0,0.0,0.0,0.0,0.0,0.0,0.0,0.0,0.0,0.0,0.0,0.0,0.0,0.0,0.0,0.0,0.0,0.0,0.0,0.0,0.0,0.0,0.0,0.0,0.0,0.0,0.0,-1.351317553012254,-1.351317553012254,-1.351317553012254,3.782318685663286,3.782318685663286,3.782318685663286,0.42002171556675516,0.42002171556675516,0.42002171556675516,2.4788382605049835,2.4788382605049835,2.4788382605049835,-0.03507893216488177,-0.03507893216488177,-0.03507893216488177,0.0,0.0,0.0,-0.22061250142239952,-0.22061250142239952,-0.22061250142239952,1.1343820626303955,1.1343820626303955,1.1343820626303955,-0.8071983200365204,-0.8071983200365204,-0.8071983200365204,0.6846388195505052,0.6846388195505052,0.6846388195505052,1.219618325970561,1.219618325970561,1.219618325970561,1.3026854163811292,1.3026854163811292,1.3026854163811292,-8.832092825151085,-8.832092825151085,-8.832092825151085,0.0,0.0,0.0,55.31022724868776
545,2018-04-06 11:00:00,56.66123780937796,44.48715192892031,64.48824268626728,56.66123780937796,56.66123780937796,0.0,0.0,0.0,0.0,0.0,0.0,0.0,0.0,0.0,0.0,0.0,0.0,0.0,0.0,0.0,0.0,0.0,0.0,0.0,0.0,0.0,0.0,0.0,0.0,0.0,0.0,0.0,0.0,0.0,0.0,-2.4979095348966607,-2.4979095348966607,-2.4979095348966607,3.3700156634663374,3.3700156634663374,3.3700156634663374,0.42002171556675516,0.42002171556675516,0.42002171556675516,1.798586021508148,1.798586021508148,1.798586021508148,-0.012103761586695268,-0.012103761586695268,-0.012103761586695268,0.0,0.0,0.0,-0.11022900273283133,-0.11022900273283133,-0.11022900273283133,0.7068260774344479,0.7068260774344479,0.7068260774344479,-0.967691965990295,-0.967691965990295,-0.967691965990295,0.6907594729045652,0.6907594729045652,0.6907594729045652,1.165151970598909,1.165151970598909,1.165151970598909,1.0710034859122013,1.0710034859122013,1.0710034859122013,-8.831663190470056,-8.831663190470056,-8.831663190470056,0.0,0.0,0.0,54.163328274481294
546,2018-04-06 12:00:00,56.660930817055906,42.553680774332626,62.39353277306263,56.660930817055906,56.660930817055906,0.0,0.0,0.0,0.0,0.0,0.0,0.0,0.0,0.0,0.0,0.0,0.0,0.0,0.0,0.0,0.0,0.0,0.0,0.0,0.0,0.0,0.0,0.0,0.0,0.0,0.0,0.0,0.0,0.0,0.0,-4.460187875120623,-4.460187875120623,-4.460187875120623,2.3323219680348775,2.3323219680348775,2.3323219680348775,0.42002171556675516,0.42002171556675516,0.42002171556675516,0.9344607956629952,0.9344607956629952,0.9344607956629952,-0.1463808696325408,-0.1463808696325408,-0.1463808696325408,0.0,0.0,0.0,0.0001544959567368839,0.0001544959567368839,0.0001544959567368839,0.3751874137851046,0.3751874137851046,0.3751874137851046,-1.0302800173371711,-1.0302800173371711,-1.0302800173371711,0.48877791222058653,0.48877791222058653,0.48877791222058653,1.104211760648747,1.104211760648747,1.104211760648747,0.8269801451035241,0.8269801451035241,0.8269801451035241,-8.831182399467243,-8.831182399467243,-8.831182399467243,0.0,0.0,0.0,52.20074294193528
547,2018-04-06 13:00:00,56.66062382473385,40.00015775643915,60.3259000126895,56.66062382473385,56.66062382473385,0.0,0.0,0.0,0.0,0.0,0.0,0.0,0.0,0.0,0.0,0.0,0.0,0.0,0.0,0.0,0.0,0.0,0.0,0.0,0.0,0.0,0.0,0.0,0.0,0.0,0.0,0.0,0.0,0.0,0.0,-6.8358053729150425,-6.8358053729150425,-6.8358053729150425,0.7442164689473894,0.7442164689473894,0.7442164689473894,0.42002171556675516,0.42002171556675516,0.42002171556675516,0.21488305584516085,0.21488305584516085,0.21488305584516085,-0.40727669553150303,-0.40727669553150303,-0.40727669553150303,0.0,0.0,0.0,0.1105379946463051,0.1105379946463051,0.1105379946463051,0.15846855991329628,0.15846855991329628,0.15846855991329628,-0.9806566337692908,-0.9806566337692908,-0.9806566337692908,0.3482214798398523,0.3482214798398523,0.3482214798398523,1.0357454502189278,1.0357454502189278,1.0357454502189278,0.5655666351797459,0.5655666351797459,0.5655666351797459,-8.830650347926522,-8.830650347926522,-8.830650347926522,0.0,0.0,0.0,49.82481845181881
548,2018-04-06 14:00:00,56.66031683241179,38.10704615559077,58.48854378505158,56.66031683241179,56.66031683241179,0.0,0.0,0.0,0.0,0.0,0.0,0.0,0.0,0.0,0.0,0.0,0.0,0.0,0.0,0.0,0.0,0.0,0.0,0.0,0.0,0.0,0.0,0.0,0.0,0.0,0.0,0.0,0.0,0.0,0.0,-8.39172493603265,-8.39172493603265,-8.39172493603265,-0.6258673528110145,-0.6258673528110145,-0.6258673528110145,0.42002171556675516,0.42002171556675516,0.42002171556675516,0.10550292610661034,0.10550292610661034,0.10550292610661034,-0.5231736671147994,-0.5231736671147994,-0.5231736671147994,0.0,0.0,0.0,0.2209214933358733,0.2209214933358733,0.2209214933358733,0.19556865598320916,0.19556865598320916,0.19556865598320916,-0.8223982753636188,-0.8223982753636188,-0.8223982753636188,0.29750749490621264,0.29750749490621264,0.29750749490621264,0.9587064241227495,0.9587064241227495,0.9587064241227495,0.3170555087929782,0.3170555087929782,0.3170555087929782,-8.830066933450997,-8.830066933450997,-8.830066933450997,0.0,0.0,0.0,48.268591896379135
549,2018-04-06 15:00:00,56.66000984008974,38.2762645137411,58.403121562439146,56.66000984008974,56.66000984008974,0.0,0.0,0.0,0.0,0.0,0.0,0.0,0.0,0.0,0.0,0.0,0.0,0.0,0.0,0.0,0.0,0.0,0.0,0.0,0.0,0.0,0.0,0.0,0.0,0.0,0.0,0.0,0.0,0.0,0.0,-8.114715051896422,-8.114715051896422,-8.114715051896422,-0.6937053063519261,-0.6937053063519261,-0.6937053063519261,0.42002171556675516,0.42002171556675516,0.42002171556675516,0.5363527484622318,0.5363527484622318,0.5363527484622318,-0.44199473107187376,-0.44199473107187376,-0.44199473107187376,0.0,0.0,0.0,0.3313049920254415,0.3313049920254415,0.3313049920254415,0.2204528667618093,0.2204528667618093,0.2204528667618093,-0.5072227310811361,-0.5072227310811361,-0.5072227310811361,0.28985667821363764,0.28985667821363764,0.28985667821363764,0.8720695614636877,0.8720695614636877,0.8720695614636877,0.22393395804759803,0.22393395804759803,0.22393395804759803,-8.829432055470413,-8.829432055470413,-8.829432055470413,0.0,0.0,0.0,48.54529478819332
550,2018-04-06 16:00:00,56.65970284776769,40.61342415020798,60.98182485431764,56.65970284776769,56.65970284776769,0.0,0.0,0.0,0.0,0.0,0.0,0.0,0.0,0.0,0.0,0.0,0.0,0.0,0.0,0.0,0.0,0.0,0.0,0.0,0.0,0.0,0.0,0.0,0.0,0.0,0.0,0.0,0.0,0.0,0.0,-5.665931173916168,-5.665931173916168,-5.665931173916168,1.0273925037808977,1.0273925037808977,1.0273925037808977,0.42002171556675516,0.42002171556675516,0.42002171556675516,1.360574539910016,1.360574539910016,1.360574539910016,-0.17599331171109228,-0.17599331171109228,-0.17599331171109228,0.0,0.0,0.0,0.44168849071500965,0.44168849071500965,0.44168849071500965,0.4792486588592505,0.4792486588592505,0.4792486588592505,-0.22378826998171206,-0.22378826998171206,-0.22378826998171206,0.16853658494566343,0.16853658494566343,0.16853658494566343,0.7748473976404895,0.7748473976404895,0.7748473976404895,0.2508606715161417,0.2508606715161417,0.2508606715161417,-8.828745615247572,-8.828745615247572,-8.828745615247572,0.0,0.0,0.0,50.99377167385152
551,2018-04-06 17:00:00,56.65939585544563,45.30457141081377,65.30032349761198,56.65939585544563,56.65939585544563,0.0,0.0,0.0,0.0,0.0,0.0,0.0,0.0,0.0,0.0,0.0,0.0,0.0,0.0,0.0,0.0,0.0,0.0,0.0,0.0,0.0,0.0,0.0,0.0,0.0,0.0,0.0,0.0,0.0,0.0,-1.8519720159688735,-1.8519720159688735,-1.8519720159688735,3.8077818679510504,3.8077818679510504,3.8077818679510504,0.42002171556675516,0.42002171556675516,0.42002171556675516,2.5021472580468096,2.5021472580468096,2.5021472580468096,-0.055501306012158656,-0.055501306012158656,-0.055501306012158656,0.0,0.0,0.0,0.5520719894045779,0.5520719894045779,0.5520719894045779,0.7584042597755463,0.7584042597755463,0.7584042597755463,0.11374014978179767,0.11374014978179767,0.11374014978179767,0.1534535463231585,0.1534535463231585,0.1534535463231585,0.6661063739223592,0.6661063739223592,0.6661063739223592,0.5599569032071327,0.5599569032071327,0.5599569032071327,-8.828007515889093,-8.828007515889093,-8.828007515889093,0.0,0.0,0.0,54.807423839476755
552,2018-04-06 18:00:00,56.67486000402367,48.947639416035244,68.18392991198432,56.67486000402367,56.67486000402367,0.0,0.0,0.0,0.0,0.0,0.0,0.0,0.0,0.0,0.0,0.0,0.0,0.0,0.0,0.0,0.0,0.0,0.0,0.0,0.0,0.0,0.0,0.0,0.0,0.0,0.0,0.0,0.0,0.0,0.0,1.3101429581517876,1.3101429581517876,1.3101429581517876,6.046000159950715,6.046000159950715,6.046000159950715,0.42308039375404477,0.42308039375404477,0.42308039375404477,3.640683174972104,3.640683174972104,3.640683174972104,0.21360989580206416,0.21360989580206416,0.21360989580206416,0.0,0.0,0.0,0.6358865706191518,0.6358865706191518,0.6358865706191518,0.881644383032932,0.881644383032932,0.881644383032932,0.36162254417723566,0.36162254417723566,0.36162254417723566,0.2331477490935125,0.2331477490935125,0.2331477490935125,0.5243887840098761,0.5243887840098761,0.5243887840098761,0.8916916384931635,0.8916916384931635,0.8916916384931635,-8.900929160780908,-8.900929160780908,-8.900929160780908,0.0,0.0,0.0,57.98500296217546
553,2018-04-06 19:00:00,56.67455612341852,48.01191136782151,68.34139962630773,56.67455612341852,56.67455612341852,0.0,0.0,0.0,0.0,0.0,0.0,0.0,0.0,0.0,0.0,0.0,0.0,0.0,0.0,0.0,0.0,0.0,0.0,0.0,0.0,0.0,0.0,0.0,0.0,0.0,0.0,0.0,0.0,0.0,0.0,1.7393190579238786,1.7393190579238786,1.7393190579238786,6.324895766096732,6.324895766096732,6.324895766096732,0.42308039375404477,0.42308039375404477,0.42308039375404477,3.924040370466272,3.924040370466272,3.924040370466272,0.1990586532593345,0.1990586532593345,0.1990586532593345,0.0,0.0,0.0,0.7418429698514601,0.7418429698514601,0.7418429698514601,0.7456337811781723,0.7456337811781723,0.7456337811781723,0.4843963461131126,0.4843963461131126,0.4843963461131126,0.37687219943550865,0.37687219943550865,0.37687219943550865,0.39044578040000727,0.39044578040000727,0.39044578040000727,0.9531560268746393,0.9531560268746393,0.9531560268746393,-8.900062859039133,-8.900062859039133,-8.900062859039133,0.0,0.0,0.0,58.4138751813424
554,2018-04-06 20:00:00,56.674252242813374,45.1467926901074,65.55452262286529,56.674252242813374,56.674252242813374,0.0,0.0,0.0,0.0,0.0,0.0,0.0,0.0,0.0,0.0,0.0,0.0,0.0,0.0,0.0,0.0,0.0,0.0,0.0,0.0,0.0,0.0,0.0,0.0,0.0,0.0,0.0,0.0,0.0,0.0,-0.8799334380865471,-0.8799334380865471,-0.8799334380865471,4.437534097512629,4.437534097512629,4.437534097512629,0.42308039375404477,0.42308039375404477,0.42308039375404477,3.338904286798267,3.338904286798267,3.338904286798267,0.1298148094353106,0.1298148094353106,0.1298148094353106,0.0,0.0,0.0,0.8477993690837685,0.8477993690837685,0.8477993690837685,0.5368415863576551,0.5368415863576551,0.5368415863576551,0.5194128177920071,0.5194128177920071,0.5194128177920071,0.1069896204599825,0.1069896204599825,0.1069896204599825,0.24277172785652953,0.24277172785652953,0.24277172785652953,0.7749656899154984,0.7749656899154984,0.7749656899154984,-8.899143550253973,-8.899143550253973,-8.899143550253973,0.0,0.0,0.0,55.79431880472683
555,2018-04-06 21:00:00,56.67394836220822,41.15921603214194,61.69495420151246,56.67394836220822,56.67394836220822,0.0,0.0,0.0,0.0,0.0,0.0,0.0,0.0,0.0,0.0,0.0,0.0,0.0,0.0,0.0,0.0,0.0,0.0,0.0,0.0,0.0,0.0,0.0,0.0,0.0,0.0,0.0,0.0,0.0,0.0,-4.943460327950749,-4.943460327950749,-4.943460327950749,1.3566531900648082,1.3566531900648082,1.3566531900648082,0.42308039375404477,0.42308039375404477,0.42308039375404477,2.517257346432916,2.517257346432916,2.517257346432916,-0.13010048839689503,-0.13010048839689503,-0.13010048839689503,0.0,0.0,0.0,0.953755768316077,0.953755768316077,0.953755768316077,0.42130080752451476,0.42130080752451476,0.42130080752451476,0.5388664131691707,0.5388664131691707,0.5388664131691707,-0.4555889423072595,-0.4555889423072595,-0.4555889423072595,0.08080028049273714,0.08080028049273714,0.08080028049273714,0.7659433943732634,0.7659433943732634,0.7659433943732634,-8.89817114494121,-8.89817114494121,-8.89817114494121,0.0,0.0,0.0,51.730488034257476
556,2018-04-06 22:00:00,56.67364448160308,41.101410290617906,60.98485994471183,56.67364448160308,56.67364448160308,0.0,0.0,0.0,0.0,0.0,0.0,0.0,0.0,0.0,0.0,0.0,0.0,0.0,0.0,0.0,0.0,0.0,0.0,0.0,0.0,0.0,0.0,0.0,0.0,0.0,0.0,0.0,0.0,0.0,0.0,-6.139142522971654,-6.139142522971654,-6.139142522971654,-1.621793340518078,-1.621793340518078,-1.621793340518078,0.42308039375404477,0.42308039375404477,0.42308039375404477,4.475703394987697,4.475703394987697,4.475703394987697,0.2341823421555785,0.2341823421555785,0.2341823421555785,0.0,0.0,0.0,1.0597121675483854,1.0597121675483854,1.0597121675483854,0.6401004713778237,0.6401004713778237,0.6401004713778237,0.34822117847296735,0.34822117847296735,0.34822117847296735,-0.08441484594785044,-0.08441484594785044,-0.08441484594785044,-0.09590702191118103,-0.09590702191118103,-0.09590702191118103,1.8548216876267483,1.8548216876267483,1.8548216876267483,-8.897145555530091,-8.897145555530091,-8.897145555530091,0.0,0.0,0.0,50.534501958631424
557,2018-04-06 23:00:00,56.67334060099793,36.91317389142548,57.647132528632135,56.67334060099793,56.67334060099793,0.0,0.0,0.0,0.0,0.0,0.0,0.0,0.0,0.0,0.0,0.0,0.0,0.0,0.0,0.0,0.0,0.0,0.0,0.0,0.0,0.0,0.0,0.0,0.0,0.0,0.0,0.0,0.0,0.0,0.0,-9.504017421832584,-9.504017421832584,-9.504017421832584,-3.8138686481977944,-3.8138686481977944,-3.8138686481977944,0.42308039375404477,0.42308039375404477,0.42308039375404477,3.493566307746786,3.493566307746786,3.493566307746786,0.17146146912657131,0.17146146912657131,0.17146146912657131,0.0,0.0,0.0,1.1656685667806939,1.1656685667806939,1.1656685667806939,0.023731355949063556,0.023731355949063556,0.023731355949063556,0.35384110602637026,0.35384110602637026,0.35384110602637026,-0.4781742130752875,-0.4781742130752875,-0.4781742130752875,-0.2876483850044569,-0.2876483850044569,-0.2876483850044569,1.8339576291853297,1.8339576291853297,1.8339576291853297,-8.89606669637712,-8.89606669637712,-8.89606669637712,0.0,0.0,0.0,47.169323179165346
558,2018-04-07 00:00:00,56.67303672039278,35.16793155003913,54.6975385617438,56.67303672039278,56.67303672039278,0.0,0.0,0.0,0.0,0.0,0.0,0.0,0.0,0.0,0.0,0.0,0.0,0.0,0.0,0.0,0.0,0.0,0.0,0.0,0.0,0.0,0.0,0.0,0.0,0.0,0.0,0.0,0.0,0.0,0.0,-12.378005426516069,-12.378005426516069,-12.378005426516069,-5.348213600003262,-5.348213600003262,-5.348213600003262,1.2689750185650992,1.2689750185650992,1.2689750185650992,2.359713389989375,2.359713389989375,2.359713389989375,-0.0001428394807922224,-0.0001428394807922224,-0.0001428394807922224,0.0,0.0,0.0,0.0001481752253012643,0.0001481752253012643,0.0001481752253012643,-0.28013179468297467,-0.28013179468297467,-0.28013179468297467,0.3728623992840413,0.3728623992840413,0.3728623992840413,-0.751935070869566,-0.751935070869566,-0.751935070869566,-0.49457073273496405,-0.49457073273496405,-0.49457073273496405,1.7499375019482664,1.7499375019482664,1.7499375019482664,-8.894934483767221,-8.894934483767221,-8.894934483767221,0.0,0.0,0.0,44.29503129387671
559,2018-04-07 01:00:00,56.67273283978763,31.17464341397355,51.29365040796128,56.67273283978763,56.67273283978763,0.0,0.0,0.0,0.0,0.0,0.0,0.0,0.0,0.0,0.0,0.0,0.0,0.0,0.0,0.0,0.0,0.0,0.0,0.0,0.0,0.0,0.0,0.0,0.0,0.0,0.0,0.0,0.0,0.0,0.0,-15.343927694405265,-15.343927694405265,-15.343927694405265,-6.582520236235678,-6.582520236235678,-6.582520236235678,1.2689750185650992,1.2689750185650992,1.2689750185650992,0.8490015689553957,0.8490015689553957,0.8490015689553957,-0.18077895380433281,-0.18077895380433281,-0.18077895380433281,0.0,0.0,0.0,-1.1653722163300912,-1.1653722163300912,-1.1653722163300912,-0.29650765310027016,-0.29650765310027016,-0.29650765310027016,0.37415930564251887,0.37415930564251887,0.37415930564251887,-0.8557360627832298,-0.8557360627832298,-0.8557360627832298,-0.7166601911982455,-0.7166601911982455,-0.7166601911982455,1.7042621307657018,1.7042621307657018,1.7042621307657018,-8.893748835926738,-8.893748835926738,-8.893748835926738,0.0,0.0,0.0,41.32880514538236
560,2018-04-07 02:00:00,56.67242895918248,29.908686096324743,50.51296502005683,56.67242895918248,56.67242895918248,0.0,0.0,0.0,0.0,0.0,0.0,0.0,0.0,0.0,0.0,0.0,0.0,0.0,0.0,0.0,0.0,0.0,0.0,0.0,0.0,0.0,0.0,0.0,0.0,0.0,0.0,0.0,0.0,0.0,0.0,-16.662566051667152,-16.662566051667152,-16.662566051667152,-7.429750158375747,-7.429750158375747,-7.429750158375747,1.2689750185650992,1.2689750185650992,1.2689750185650992,0.6134280170578466,0.6134280170578466,0.6134280170578466,-0.27611468080842366,-0.27611468080842366,-0.27611468080842366,0.0,0.0,0.0,-1.0594158170977828,-1.0594158170977828,-1.0594158170977828,-0.43570244964728166,-0.43570244964728166,-0.43570244964728166,0.37415930564251887,0.37415930564251887,0.37415930564251887,-0.9531493013483605,-0.9531493013483605,-0.9531493013483605,-0.9537342373209907,-0.9537342373209907,-0.9537342373209907,1.6946759417520771,1.6946759417520771,1.6946759417520771,-8.89250967302826,-8.89250967302826,-8.89250967302826,0.0,0.0,0.0,40.00986290751533
561,2018-04-07 03:00:00,56.67212507857733,29.75503514928299,50.525868987729524,56.67212507857733,56.67212507857733,0.0,0.0,0.0,0.0,0.0,0.0,0.0,0.0,0.0,0.0,0.0,0.0,0.0,0.0,0.0,0.0,0.0,0.0,0.0,0.0,0.0,0.0,0.0,0.0,0.0,0.0,0.0,0.0,0.0,0.0,-16.55704643416367,-16.55704643416367,-16.55704643416367,-7.308698127933491,-7.308698127933491,-7.308698127933491,1.2689750185650992,1.2689750185650992,1.2689750185650992,0.8483042575685178,0.8483042575685178,0.8483042575685178,-0.3779733786075313,-0.3779733786075313,-0.3779733786075313,0.0,0.0,0.0,-0.9534594178654744,-0.9534594178654744,-0.9534594178654744,-0.2814964495510826,-0.2814964495510826,-0.2814964495510826,0.37848232683744415,0.37848232683744415,0.37848232683744415,-0.8769525292622864,-0.8769525292622864,-0.8769525292622864,-1.2054356466034997,-1.2054356466034997,-1.2054356466034997,1.6907286874523493,1.6907286874523493,1.6907286874523493,-8.891216917195194,-8.891216917195194,-8.891216917195194,0.0,0.0,0.0,40.11507864441366
562,2018-04-07 04:00:00,56.671821197972186,32.695831293328055,52.661380417480956,56.671821197972186,56.671821197972186,0.0,0.0,0.0,0.0,0.0,0.0,0.0,0.0,0.0,0.0,0.0,0.0,0.0,0.0,0.0,0.0,0.0,0.0,0.0,0.0,0.0,0.0,0.0,0.0,0.0,0.0,0.0,0.0,0.0,0.0,-14.219333102444129,-14.219333102444129,-14.219333102444129,-5.749804289502653,-5.749804289502653,-5.749804289502653,1.2689750185650992,1.2689750185650992,1.2689750185650992,1.8915700336427839,1.8915700336427839,1.8915700336427839,-0.055838974730550564,-0.055838974730550564,-0.055838974730550564,0.0,0.0,0.0,-0.8475030186331659,-0.8475030186331659,-0.8475030186331659,-0.10272666182894037,-0.10272666182894037,-0.10272666182894037,0.43986922780538257,0.43986922780538257,0.43986922780538257,-0.5149037948293532,-0.5149037948293532,-0.5149037948293532,-1.471228354069343,-1.471228354069343,-1.471228354069343,1.7036982372943121,1.7036982372943121,1.7036982372943121,-8.889870492514916,-8.889870492514916,-8.889870492514916,0.0,0.0,0.0,42.452488095528054
563,2018-04-07 05:00:00,56.671517317367034,36.48500313630967,56.35419530973409,56.671517317367034,56.671517317367034,0.0,0.0,0.0,0.0,0.0,0.0,0.0,0.0,0.0,0.0,0.0,0.0,0.0,0.0,0.0,0.0,0.0,0.0,0.0,0.0,0.0,0.0,0.0,0.0,0.0,0.0,0.0,0.0,0.0,0.0,-9.979016016724477,-9.979016016724477,-9.979016016724477,-3.0066929188420777,-3.0066929188420777,-3.0066929188420777,1.2689750185650992,1.2689750185650992,1.2689750185650992,3.666542547664187,3.666542547664187,3.666542547664187,0.48958173712969555,0.48958173712969555,0.48958173712969555,0.0,0.0,0.0,-0.7415466194008575,-0.7415466194008575,-0.7415466194008575,0.4358571261176663,0.4358571261176663,0.4358571261176663,0.43986922780538257,0.43986922780538257,0.43986922780538257,-0.03308468511142325,-0.03308468511142325,-0.03308468511142325,-1.750395320508639,-1.750395320508639,-1.750395320508639,1.8068907425586247,1.8068907425586247,1.8068907425586247,-8.888470325037948,-8.888470325037948,-8.888470325037948,0.0,0.0,0.0,46.692501300642554
564,2018-04-07 06:00:00,56.67121343676188,41.77163762681315,61.79996113121366,56.67121343676188,56.67121343676188,0.0,0.0,0.0,0.0,0.0,0.0,0.0,0.0,0.0,0.0,0.0,0.0,0.0,0.0,0.0,0.0,0.0,0.0,0.0,0.0,0.0,0.0,0.0,0.0,0.0,0.0,0.0,0.0,0.0,0.0,-5.348239142989983,-5.348239142989983,-5.348239142989983,-0.02516806400194193,-0.02516806400194193,-0.02516806400194193,1.2689750185650992,1.2689750185650992,1.2689750185650992,5.605983735673855,5.605983735673855,5.605983735673855,0.9512073626231883,0.9512073626231883,0.9512073626231883,0.0,0.0,0.0,-0.6355902201685492,-0.6355902201685492,-0.6355902201685492,1.280578489476491,1.280578489476491,1.280578489476491,0.12645019117330236,0.12645019117330236,0.12645019117330236,0.5176309071514,0.5176309071514,0.5176309071514,-2.042038471868375,-2.042038471868375,-2.042038471868375,2.096731986852924,2.096731986852924,2.096731986852924,-8.88701634279352,-8.88701634279352,-8.88701634279352,0.0,0.0,0.0,51.3229742937719
565,2018-04-07 07:00:00,56.67090955615674,43.5463921413136,63.17309855357214,56.67090955615674,56.67090955615674,0.0,0.0,0.0,0.0,0.0,0.0,0.0,0.0,0.0,0.0,0.0,0.0,0.0,0.0,0.0,0.0,0.0,0.0,0.0,0.0,0.0,0.0,0.0,0.0,0.0,0.0,0.0,0.0,0.0,0.0,-2.89150693967541,-2.89150693967541,-2.89150693967541,2.21944785914414,2.21944785914414,2.21944785914414,1.2689750185650992,1.2689750185650992,1.2689750185650992,6.1196344328912495,6.1196344328912495,6.1196344328912495,1.1107692636089823,1.1107692636089823,1.1107692636089823,0.0,0.0,0.0,-0.5296338209362408,-0.5296338209362408,-0.5296338209362408,1.6376631799647396,1.6376631799647396,1.6376631799647396,-0.6153802458758697,-0.6153802458758697,-0.6153802458758697,0.9937466656652827,0.9937466656652827,0.9937466656652827,-2.3450807559221465,-2.3450807559221465,-2.3450807559221465,2.2534943718992566,2.2534943718992566,2.2534943718992566,-8.885508475788654,-8.885508475788654,-8.885508475788654,0.0,0.0,0.0,53.77940261648133
566,2018-04-07 08:00:00,56.67060567555159,44.169188470698025,65.02125483437474,56.67060567555159,56.67060567555159,0.0,0.0,0.0,0.0,0.0,0.0,0.0,0.0,0.0,0.0,0.0,0.0,0.0,0.0,0.0,0.0,0.0,0.0,0.0,0.0,0.0,0.0,0.0,0.0,0.0,0.0,0.0,0.0,0.0,0.0,-2.2977817371796005,-2.2977817371796005,-2.2977817371796005,3.3728629207629,3.3728629207629,3.3728629207629,1.2689750185650992,1.2689750185650992,1.2689750185650992,5.871572332355162,5.871572332355162,5.871572332355162,1.2853841741217384,1.2853841741217384,1.2853841741217384,0.0,0.0,0.0,-0.4236774217039324,-0.4236774217039324,-0.4236774217039324,1.5535094630980824,1.5535094630980824,1.5535094630980824,-1.155757895241525,-1.155757895241525,-1.155757895241525,1.25655708914779,1.25655708914779,1.25655708914779,-2.6582703342764886,-2.6582703342764886,-2.6582703342764886,2.0865819043679092,2.0865819043679092,2.0865819043679092,-8.883946656021173,-8.883946656021173,-8.883946656021173,0.0,0.0,0.0,54.372823938371994
567,2018-04-07 09:00:00,56.67030179494644,42.88572380851123,64.40778614924207,56.67030179494644,56.67030179494644,0.0,0.0,0.0,0.0,0.0,0.0,0.0,0.0,0.0,0.0,0.0,0.0,0.0,0.0,0.0,0.0,0.0,0.0,0.0,0.0,0.0,0.0,0.0,0.0,0.0,0.0,0.0,0.0,0.0,0.0,-2.733343406196707,-2.733343406196707,-2.733343406196707,3.7316430340296622,3.7316430340296622,3.7316430340296622,1.2689750185650992,1.2689750185650992,1.2689750185650992,5.397531279542813,5.397531279542813,5.397531279542813,1.3019424846013963,1.3019424846013963,1.3019424846013963,0.0,0.0,0.0,-0.317721022471624,-0.317721022471624,-0.317721022471624,1.380653179804408,1.380653179804408,1.380653179804408,-1.4263790220438457,-1.4263790220438457,-1.4263790220438457,1.442942606496061,1.442942606496061,1.442942606496061,-2.9801869022883185,-2.9801869022883185,-2.9801869022883185,1.7471180345913178,1.7471180345913178,1.7471180345913178,-8.882330817480863,-8.882330817480863,-8.882330817480863,0.0,0.0,0.0,53.93695838874973
568,2018-04-07 10:00:00,56.669997914341295,42.52772945148054,62.1154856239501,56.669997914341295,56.669997914341295,0.0,0.0,0.0,0.0,0.0,0.0,0.0,0.0,0.0,0.0,0.0,0.0,0.0,0.0,0.0,0.0,0.0,0.0,0.0,0.0,0.0,0.0,0.0,0.0,0.0,0.0,0.0,0.0,0.0,0.0,-4.1152664272463175,-4.1152664272463175,-4.1152664272463175,3.6972274543747825,3.6972274543747825,3.6972274543747825,1.2689750185650992,1.2689750185650992,1.2689750185650992,4.377417117396926,4.377417117396926,4.377417117396926,1.0906985842397001,1.0906985842397001,1.0906985842397001,0.0,0.0,0.0,-0.21176462323931558,-0.21176462323931558,-0.21176462323931558,1.0749704893482257,1.0749704893482257,1.0749704893482257,-1.5556373557721102,-1.5556373557721102,-1.5556373557721102,1.5816481077784954,1.5816481077784954,1.5816481077784954,-3.3092501028582904,-3.3092501028582904,-3.3092501028582904,1.1285268964768318,1.1285268964768318,1.1285268964768318,-8.880660896159736,-8.880660896159736,-8.880660896159736,0.0,0.0,0.0,52.554731487094976
569,2018-04-07 11:00:00,56.66969403373614,39.86939574655674,59.67030502674957,56.66969403373614,56.66969403373614,0.0,0.0,0.0,0.0,0.0,0.0,0.0,0.0,0.0,0.0,0.0,0.0,0.0,0.0,0.0,0.0,0.0,0.0,0.0,0.0,0.0,0.0,0.0,0.0,0.0,0.0,0.0,0.0,0.0,0.0,-6.725898721450578,-6.725898721450578,-6.725898721450578,3.2883379190973807,3.2883379190973807,3.2883379190973807,1.2689750185650992,1.2689750185650992,1.2689750185650992,2.508430164723251,2.508430164723251,2.508430164723251,0.1729667700792675,0.1729667700792675,0.1729667700792675,0.0,0.0,0.0,-0.10580822400700714,-0.10580822400700714,-0.10580822400700714,0.8143214095396061,0.8143214095396061,0.8143214095396061,-1.6217795800544663,-1.6217795800544663,-1.6217795800544663,1.6457537753119889,1.6457537753119889,1.6457537753119889,-3.6437299752121817,-3.6437299752121817,-3.6437299752121817,0.3340009952887635,0.3340009952887635,0.3340009952887635,-8.87893683005903,-8.87893683005903,-8.87893683005903,0.0,0.0,0.0,49.943795312285566
570,2018-04-07 12:00:00,56.66939015313099,36.64012201256134,57.57053656497234,56.66939015313099,56.66939015313099,0.0,0.0,0.0,0.0,0.0,0.0,0.0,0.0,0.0,0.0,0.0,0.0,0.0,0.0,0.0,0.0,0.0,0.0,0.0,0.0,0.0,0.0,0.0,0.0,0.0,0.0,0.0,0.0,0.0,0.0,-9.464062187818275,-9.464062187818275,-9.464062187818275,2.2578981760008867,2.2578981760008867,2.2578981760008867,1.2689750185650992,1.2689750185650992,1.2689750185650992,1.136957548959299,1.136957548959299,1.136957548959299,-0.20486376904747153,-0.20486376904747153,-0.20486376904747153,0.0,0.0,0.0,0.0001481752253012643,0.0001481752253012643,0.0001481752253012643,0.5418453208740509,0.5418453208740509,0.5418453208740509,-1.5932476401679598,-1.5932476401679598,-1.5932476401679598,1.4757939094313743,1.4757939094313743,1.4757939094313743,-3.981759353586876,-3.981759353586876,-3.981759353586876,-0.35169346592109535,-0.35169346592109535,-0.35169346592109535,-8.877158559191583,-8.877158559191583,-8.877158559191583,0.0,0.0,0.0,47.20532796531272
571,2018-04-07 13:00:00,56.669086272525846,34.310192484573534,53.92263515828004,56.669086272525846,56.669086272525846,0.0,0.0,0.0,0.0,0.0,0.0,0.0,0.0,0.0,0.0,0.0,0.0,0.0,0.0,0.0,0.0,0.0,0.0,0.0,0.0,0.0,0.0,0.0,0.0,0.0,0.0,0.0,0.0,0.0,0.0,-12.237115526338362,-12.237115526338362,-12.237115526338362,0.6828240914185951,0.6828240914185951,0.6828240914185951,1.2689750185650992,1.2689750185650992,1.2689750185650992,0.2767345140327607,0.2767345140327607,0.2767345140327607,-0.22694151635368207,-0.22694151635368207,-0.22694151635368207,0.0,0.0,0.0,0.10610457445760968,0.10610457445760968,0.10610457445760968,0.13608794008995195,0.13608794008995195,0.13608794008995195,-1.5746586490297814,-1.5746586490297814,-1.5746586490297814,1.323172231211064,1.323172231211064,1.323172231211064,-4.321348106195724,-4.321348106195724,-4.321348106195724,-0.7560050849075006,-0.7560050849075006,-0.7560050849075006,-8.875326025593994,-8.875326025593994,-8.875326025593994,0.0,0.0,0.0,44.43197074618748
572,2018-04-07 14:00:00,56.66878239192069,32.24933386283308,52.67483453867838,56.66878239192069,56.66878239192069,0.0,0.0,0.0,0.0,0.0,0.0,0.0,0.0,0.0,0.0,0.0,0.0,0.0,0.0,0.0,0.0,0.0,0.0,0.0,0.0,0.0,0.0,0.0,0.0,0.0,0.0,0.0,0.0,0.0,0.0,-14.174669347551578,-14.174669347551578,-14.174669347551578,-0.6665160514141562,-0.6665160514141562,-0.6665160514141562,1.2689750185650992,1.2689750185650992,1.2689750185650992,0.025684959445317724,0.025684959445317724,0.025684959445317724,-0.10049623632720367,-0.10049623632720367,-0.10049623632720367,0.0,0.0,0.0,0.21206097368991808,0.21206097368991808,0.21206097368991808,-0.004926396281203524,-0.004926396281203524,-0.004926396281203524,-1.4155714690565324,-1.4155714690565324,-1.4155714690565324,1.2834769068308938,1.2834769068308938,1.2834769068308938,-4.660399082256173,-4.660399082256173,-4.660399082256173,-1.217833837975654,-1.217833837975654,-1.217833837975654,-8.873439173326567,-8.873439173326567,-8.873439173326567,0.0,0.0,0.0,42.494113044369115
573,2018-04-07 15:00:00,56.66847851131555,32.68942941460334,52.61861066581825,56.66847851131555,56.66847851131555,0.0,0.0,0.0,0.0,0.0,0.0,0.0,0.0,0.0,0.0,0.0,0.0,0.0,0.0,0.0,0.0,0.0,0.0,0.0,0.0,0.0,0.0,0.0,0.0,0.0,0.0,0.0,0.0,0.0,0.0,-14.299415637880433,-14.299415637880433,-14.299415637880433,-0.7101147680736031,-0.7101147680736031,-0.7101147680736031,1.2689750185650992,1.2689750185650992,1.2689750185650992,0.2789226908672502,0.2789226908672502,0.2789226908672502,0.12730597451415032,0.12730597451415032,0.12730597451415032,0.0,0.0,0.0,0.3180173729222265,0.3180173729222265,0.3180173729222265,0.2052304534074217,0.2052304534074217,0.2052304534074217,-1.2439475276180003,-1.2439475276180003,-1.2439475276180003,1.2615760382073515,1.2615760382073515,1.2615760382073515,-4.99672561218985,-4.99672561218985,-4.99672561218985,-1.658234639130999,-1.658234639130999,-1.658234639130999,-8.871497948484231,-8.871497948484231,-8.871497948484231,0.0,0.0,0.0,42.36906287343511
574,2018-04-07 16:00:00,56.668174630710396,33.5323796039388,54.22691881449603,56.668174630710396,56.668174630710396,0.0,0.0,0.0,0.0,0.0,0.0,0.0,0.0,0.0,0.0,0.0,0.0,0.0,0.0,0.0,0.0,0.0,0.0,0.0,0.0,0.0,0.0,0.0,0.0,0.0,0.0,0.0,0.0,0.0,0.0,-12.832924156079082,-12.832924156079082,-12.832924156079082,1.029722695242088,1.029722695242088,1.029722695242088,1.2689750185650992,1.2689750185650992,1.2689750185650992,0.33492583321832675,0.33492583321832675,0.33492583321832675,0.2291646723132579,0.2291646723132579,0.2291646723132579,0.0,0.0,0.0,0.42397377215453486,0.42397377215453486,0.42397377215453486,0.19658763924273798,0.19658763924273798,0.19658763924273798,-0.9348515121808452,-0.9348515121808452,-0.9348515121808452,1.1397524564888977,1.1397524564888977,1.1397524564888977,-5.328070385337147,-5.328070385337147,-5.328070385337147,-1.9886762133653555,-1.9886762133653555,-1.9886762133653555,-8.869502299202347,-8.869502299202347,-8.869502299202347,0.0,0.0,0.0,43.835250474631316
575,2018-04-07 17:00:00,56.667870750105244,36.18109792563148,57.06136291421016,56.667870750105244,56.667870750105244,0.0,0.0,0.0,0.0,0.0,0.0,0.0,0.0,0.0,0.0,0.0,0.0,0.0,0.0,0.0,0.0,0.0,0.0,0.0,0.0,0.0,0.0,0.0,0.0,0.0,0.0,0.0,0.0,0.0,0.0,-9.844652372139908,-9.844652372139908,-9.844652372139908,3.818092839358317,3.818092839358317,3.818092839358317,1.2689750185650992,1.2689750185650992,1.2689750185650992,0.8568324769765672,0.8568324769765672,0.8568324769765672,0.2437159148559876,0.2437159148559876,0.2437159148559876,0.0,0.0,0.0,0.5299301713868433,0.5299301713868433,0.5299301713868433,0.3676243827122685,0.3676243827122685,0.3676243827122685,-0.594197442020736,-0.594197442020736,-0.594197442020736,1.0204383493002247,1.0204383493002247,1.0204383493002247,-5.65212551281494,-5.65212551281494,-5.65212551281494,-1.9796539178231203,-1.9796539178231203,-1.9796539178231203,-8.86745217565985,-8.86745217565985,-8.86745217565985,0.0,0.0,0.0,46.82321837796533
576,2018-04-07 18:00:00,56.52267897170739,38.667596958902166,58.775554524545534,56.52267897170739,56.52267897170739,0.0,0.0,0.0,0.0,0.0,0.0,0.0,0.0,0.0,0.0,0.0,0.0,0.0,0.0,0.0,0.0,0.0,0.0,0.0,0.0,0.0,0.0,0.0,0.0,0.0,0.0,0.0,0.0,0.0,0.0,-7.588290175066683,-7.588290175066683,-7.588290175066683,6.059650575978347,6.059650575978347,6.059650575978347,1.2672953832061375,1.2672953832061375,1.2672953832061375,1.140870133253451,1.140870133253451,1.140870133253451,0.19635446106195178,0.19635446106195178,0.19635446106195178,0.0,0.0,0.0,0.6386089396364966,0.6386089396364966,0.6386089396364966,0.1671732848694387,0.1671732848694387,0.1671732848694387,-0.21047256702929681,-0.21047256702929681,-0.21047256702929681,0.7965790895149688,0.7965790895149688,0.7965790895149688,-5.9708157025875135,-5.9708157025875135,-5.9708157025875135,-1.7146684580062455,-1.7146684580062455,-1.7146684580062455,-8.817995181710968,-8.817995181710968,-8.817995181710968,0.0,0.0,0.0,48.93438879664071
577,2018-04-07 19:00:00,56.522346710937576,39.85165682146937,60.01318218542243,56.522346710937576,56.522346710937576,0.0,0.0,0.0,0.0,0.0,0.0,0.0,0.0,0.0,0.0,0.0,0.0,0.0,0.0,0.0,0.0,0.0,0.0,0.0,0.0,0.0,0.0,0.0,0.0,0.0,0.0,0.0,0.0,0.0,0.0,-6.671857128777675,-6.671857128777675,-6.671857128777675,6.340199430042374,6.340199430042374,6.340199430042374,1.2672953832061375,1.2672953832061375,1.2672953832061375,2.07723558598878,2.07723558598878,2.07723558598878,0.13821687871551255,0.13821687871551255,0.13821687871551255,0.0,0.0,0.0,0.745018982098016,0.745018982098016,0.745018982098016,0.20716813271869397,0.20716813271869397,0.20716813271869397,0.2072337952206509,0.2072337952206509,0.2072337952206509,0.7269529156684956,0.7269529156684956,0.7269529156684956,-6.273403426763908,-6.273403426763908,-6.273403426763908,-1.2146505016387261,-1.2146505016387261,-1.2146505016387261,-8.815888718044922,-8.815888718044922,-8.815888718044922,0.0,0.0,0.0,49.8504895821599
578,2018-04-07 20:00:00,56.52201445016776,38.79246475164573,59.384566348334474,56.52201445016776,56.52201445016776,0.0,0.0,0.0,0.0,0.0,0.0,0.0,0.0,0.0,0.0,0.0,0.0,0.0,0.0,0.0,0.0,0.0,0.0,0.0,0.0,0.0,0.0,0.0,0.0,0.0,0.0,0.0,0.0,0.0,0.0,-7.4862424790555995,-7.4862424790555995,-7.4862424790555995,4.444712198819656,4.444712198819656,4.444712198819656,1.2672953832061375,1.2672953832061375,1.2672953832061375,3.444476123069443,3.444476123069443,3.444476123069443,0.45018729827095905,0.45018729827095905,0.45018729827095905,0.0,0.0,0.0,0.8514290245595356,0.8514290245595356,0.8514290245595356,0.7816823588827021,0.7816823588827021,0.7816823588827021,0.34107032353338923,0.34107032353338923,0.34107032353338923,0.6120277853435941,0.6120277853435941,0.6120277853435941,-6.561703332355861,-6.561703332355861,-6.561703332355861,-0.8592160507268755,-0.8592160507268755,-0.8592160507268755,-8.813727468588837,-8.813727468588837,-8.813727468588837,0.0,0.0,0.0,49.03577197111216
579,2018-04-07 21:00:00,56.52168218939794,33.734642216292634,53.83127173071081,56.52168218939794,56.52168218939794,0.0,0.0,0.0,0.0,0.0,0.0,0.0,0.0,0.0,0.0,0.0,0.0,0.0,0.0,0.0,0.0,0.0,0.0,0.0,0.0,0.0,0.0,0.0,0.0,0.0,0.0,0.0,0.0,0.0,0.0,-12.474568314675187,-12.474568314675187,-12.474568314675187,1.346812503266757,1.346812503266757,1.346812503266757,1.2672953832061375,1.2672953832061375,1.2672953832061375,1.8235510206414742,1.8235510206414742,1.8235510206414742,0.0920182641723599,0.0920182641723599,0.0920182641723599,0.0,0.0,0.0,0.9578390670210551,0.9578390670210551,0.9578390670210551,-0.22195305832272735,-0.22195305832272735,-0.22195305832272735,0.36792287539231444,0.36792287539231444,0.36792287539231444,0.14351913361762692,0.14351913361762692,0.14351913361762692,-6.833420447508678,-6.833420447508678,-6.833420447508678,-0.7830906444452926,-0.7830906444452926,-0.7830906444452926,-8.811511391074736,-8.811511391074736,-8.811511391074736,0.0,0.0,0.0,44.047113874722754
580,2018-04-07 22:00:00,56.521349928628126,32.61040389139734,53.162263336239235,56.521349928628126,56.521349928628126,0.0,0.0,0.0,0.0,0.0,0.0,0.0,0.0,0.0,0.0,0.0,0.0,0.0,0.0,0.0,0.0,0.0,0.0,0.0,0.0,0.0,0.0,0.0,0.0,0.0,0.0,0.0,0.0,0.0,0.0,-13.77046577769893,-13.77046577769893,-13.77046577769893,-1.6510052076536545,-1.6510052076536545,-1.6510052076536545,1.2672953832061375,1.2672953832061375,1.2672953832061375,3.7760990766149094,3.7760990766149094,3.7760990766149094,0.35415647028800123,0.35415647028800123,0.35415647028800123,0.0,0.0,0.0,1.0642491094825748,1.0642491094825748,1.0642491094825748,0.17799542016982542,0.17799542016982542,0.17799542016982542,0.5145463331616839,0.5145463331616839,0.5145463331616839,0.42516958987007725,0.42516958987007725,0.42516958987007725,-7.086319201342634,-7.086319201342634,-7.086319201342634,-0.027313229563390932,-0.027313229563390932,-0.027313229563390932,-8.809240445317554,-8.809240445317554,-8.809240445317554,0.0,0.0,0.0,42.750884150929195
581,2018-04-07 23:00:00,56.52101766785831,28.915676272098242,49.58351156740325,56.52101766785831,56.52101766785831,0.0,0.0,0.0,0.0,0.0,0.0,0.0,0.0,0.0,0.0,0.0,0.0,0.0,0.0,0.0,0.0,0.0,0.0,0.0,0.0,0.0,0.0,0.0,0.0,0.0,0.0,0.0,0.0,0.0,0.0,-17.02635813746864,-17.02635813746864,-17.02635813746864,-3.857613033580312,-3.857613033580312,-3.857613033580312,1.2672953832061375,1.2672953832061375,1.2672953832061375,2.9564153203198718,2.9564153203198718,2.9564153203198718,-0.20022690422983036,-0.20022690422983036,-0.20022690422983036,0.0,0.0,0.0,1.1706591519440943,1.1706591519440943,1.1706591519440943,0.11259208074574913,0.11259208074574913,0.11259208074574913,0.5149725641435716,0.5149725641435716,0.5149725641435716,0.013284633742145446,0.013284633742145446,0.013284633742145446,-7.318245830986598,-7.318245830986598,-7.318245830986598,0.07783841076800409,0.07783841076800409,0.07783841076800409,-8.806914593221606,-8.806914593221606,-8.806914593221606,0.0,0.0,0.0,39.49465953038967
582,2018-04-08 00:00:00,56.5206854070885,26.575075713116732,46.015353987224124,56.5206854070885,56.5206854070885,0.0,0.0,0.0,0.0,0.0,0.0,0.0,0.0,0.0,0.0,0.0,0.0,0.0,0.0,0.0,0.0,0.0,0.0,0.0,0.0,0.0,0.0,0.0,0.0,0.0,0.0,0.0,0.0,0.0,0.0,-19.683936960610303,-19.683936960610303,-19.683936960610303,-5.398771647950361,-5.398771647950361,-5.398771647950361,2.1126609881238143,2.1126609881238143,2.1126609881238143,2.0465188034503936,2.0465188034503936,2.0465188034503936,-0.27705156661619657,-0.27705156661619657,-0.27705156661619657,0.0,0.0,0.0,0.00014868486737905105,0.00014868486737905105,0.00014868486737905105,-0.30100169877772603,-0.30100169877772603,-0.30100169877772603,0.5162512570892346,0.5162512570892346,0.5162512570892346,-0.32603810506385944,-0.32603810506385944,-0.32603810506385944,-7.52715031732628,-7.52715031732628,-7.52715031732628,0.3215492438277477,0.3215492438277477,0.3215492438277477,-8.804533798784053,-8.804533798784053,-8.804533798784053,0.0,0.0,0.0,36.8367484464782
583,2018-04-08 01:00:00,56.520353146318676,24.178079655115578,44.66163927514015,56.520353146318676,56.520353146318676,0.0,0.0,0.0,0.0,0.0,0.0,0.0,0.0,0.0,0.0,0.0,0.0,0.0,0.0,0.0,0.0,0.0,0.0,0.0,0.0,0.0,0.0,0.0,0.0,0.0,0.0,0.0,0.0,0.0,0.0,-22.43412272158665,-22.43412272158665,-22.43412272158665,-6.634331761919892,-6.634331761919892,-6.634331761919892,2.1126609881238143,2.1126609881238143,2.1126609881238143,0.7134146699314324,0.7134146699314324,0.7134146699314324,-0.2734179677195441,-0.2734179677195441,-0.2734179677195441,0.0,0.0,0.0,-1.1703617822093364,-1.1703617822093364,-1.1703617822093364,-0.5602624183652516,-0.5602624183652516,-0.5602624183652516,0.5405464230568336,0.5405464230568336,0.5405464230568336,-0.5141546048839993,-0.5141546048839993,-0.5141546048839993,-7.711107601494734,-7.711107601494734,-7.711107601494734,0.5784040319289158,0.5784040319289158,0.5784040319289158,-8.802098028103455,-8.802098028103455,-8.802098028103455,0.0,0.0,0.0,34.08623042473202
584,2018-04-08 02:00:00,56.52002088554886,23.104159467547323,43.073647206485795,56.52002088554886,56.52002088554886,0.0,0.0,0.0,0.0,0.0,0.0,0.0,0.0,0.0,0.0,0.0,0.0,0.0,0.0,0.0,0.0,0.0,0.0,0.0,0.0,0.0,0.0,0.0,0.0,0.0,0.0,0.0,0.0,0.0,0.0,-23.300899253954068,-23.300899253954068,-23.300899253954068,-7.480772517838538,-7.480772517838538,-7.480772517838538,2.1126609881238143,2.1126609881238143,2.1126609881238143,0.8478183540067951,0.8478183540067951,0.8478183540067951,-0.25836448657626965,-0.25836448657626965,-0.25836448657626965,0.0,0.0,0.0,-1.0639517397478166,-1.0639517397478166,-1.0639517397478166,-0.7047143982443265,-0.7047143982443265,-0.7047143982443265,0.5733662086621867,0.5733662086621867,0.5733662086621867,-0.6672483003897988,-0.6672483003897988,-0.6672483003897988,-7.86833784074152,-7.86833784074152,-7.86833784074152,0.8560700821790057,0.8560700821790057,0.8560700821790057,-8.7996072493808,-8.7996072493808,-8.7996072493808,0.0,0.0,0.0,33.21912163159479
585,2018-04-08 03:00:00,56.51968862477905,23.34493342699372,44.01054025930899,56.51968862477905,56.51968862477905,0.0,0.0,0.0,0.0,0.0,0.0,0.0,0.0,0.0,0.0,0.0,0.0,0.0,0.0,0.0,0.0,0.0,0.0,0.0,0.0,0.0,0.0,0.0,0.0,0.0,0.0,0.0,0.0,0.0,0.0,-22.913264865830755,-22.913264865830755,-22.913264865830755,-7.357519812759004,-7.357519812759004,-7.357519812759004,2.1126609881238143,2.1126609881238143,2.1126609881238143,1.2385418508192907,1.2385418508192907,1.2385418508192907,-0.11094418848351291,-0.11094418848351291,-0.11094418848351291,0.0,0.0,0.0,-0.9575416972862971,-0.9575416972862971,-0.9575416972862971,-0.7456503013370935,-0.7456503013370935,-0.7456503013370935,0.5754973635716253,0.5754973635716253,0.5754973635716253,-0.7779790828926236,-0.7779790828926236,-0.7779790828926236,-7.997225470963522,-7.997225470963522,-7.997225470963522,1.1424987691233786,1.1424987691233786,1.1424987691233786,-8.79706143292752,-8.79706143292752,-8.79706143292752,0.0,0.0,0.0,33.606423758948296
586,2018-04-08 04:00:00,56.51935636400923,25.390115321410132,45.97050297423473,56.51935636400923,56.51935636400923,0.0,0.0,0.0,0.0,0.0,0.0,0.0,0.0,0.0,0.0,0.0,0.0,0.0,0.0,0.0,0.0,0.0,0.0,0.0,0.0,0.0,0.0,0.0,0.0,0.0,0.0,0.0,0.0,0.0,0.0,-20.798208579810726,-20.798208579810726,-20.798208579810726,-5.792046918631703,-5.792046918631703,-5.792046918631703,2.1126609881238143,2.1126609881238143,2.1126609881238143,1.8846357449189806,1.8846357449189806,1.8846357449189806,0.17818646657868953,0.17818646657868953,0.17818646657868953,0.0,0.0,0.0,-0.8511316548247776,-0.8511316548247776,-0.8511316548247776,-0.6727185199649222,-0.6727185199649222,-0.6727185199649222,0.5759235945535129,0.5759235945535129,0.5759235945535129,-0.7502963872669174,-0.7502963872669174,-0.7502963872669174,-8.096336854926887,-8.096336854926887,-8.096336854926887,1.292011257719581,1.292011257719581,1.292011257719581,-8.794460551171118,-8.794460551171118,-8.794460551171118,0.0,0.0,0.0,35.7211477841985
587,2018-04-08 05:00:00,56.51902410323942,28.25618695165782,48.57241067189088,56.51902410323942,56.51902410323942,0.0,0.0,0.0,0.0,0.0,0.0,0.0,0.0,0.0,0.0,0.0,0.0,0.0,0.0,0.0,0.0,0.0,0.0,0.0,0.0,0.0,0.0,0.0,0.0,0.0,0.0,0.0,0.0,0.0,0.0,-18.13325183268653,-18.13325183268653,-18.13325183268653,-3.0347319620550777,-3.0347319620550777,-3.0347319620550777,2.1126609881238143,2.1126609881238143,2.1126609881238143,1.8577210186232942,1.8577210186232942,1.8577210186232942,0.2524157011817325,0.2524157011817325,0.2524157011817325,0.0,0.0,0.0,-0.744721612363258,-0.744721612363258,-0.744721612363258,-0.9352729329047392,-0.9352729329047392,-0.9352729329047392,0.5575956623323417,0.5575956623323417,0.5575956623323417,-0.7465214742270484,-0.7465214742270484,-0.7465214742270484,-8.164436310597287,-8.164436310597287,-8.164436310597287,1.3615646864804514,1.3615646864804514,1.3615646864804514,-8.791804578657457,-8.791804578657457,-8.791804578657457,0.0,0.0,0.0,38.38577227055289
588,2018-04-08 06:00:00,56.5186918424696,32.65782699453958,51.97323399546711,56.5186918424696,56.5186918424696,0.0,0.0,0.0,0.0,0.0,0.0,0.0,0.0,0.0,0.0,0.0,0.0,0.0,0.0,0.0,0.0,0.0,0.0,0.0,0.0,0.0,0.0,0.0,0.0,0.0,0.0,0.0,0.0,0.0,0.0,-14.165163804972401,-14.165163804972401,-14.165163804972401,-0.03181748811011361,-0.03181748811011361,-0.03181748811011361,2.1126609881238143,2.1126609881238143,2.1126609881238143,2.8562475053330947,2.8562475053330947,2.8562475053330947,0.3801107481212331,0.3801107481212331,0.3801107481212331,0.0,0.0,0.0,-0.6383115699017384,-0.6383115699017384,-0.6383115699017384,-0.4887422198583479,-0.4887422198583479,-0.4887422198583479,0.35811956280889734,0.35811956280889734,0.35811956280889734,-0.4575309092859639,-0.4575309092859639,-0.4575309092859639,-8.200500330134917,-8.200500330134917,-8.200500330134917,1.5899409053252,1.5899409053252,1.5899409053252,-8.789093492060465,-8.789093492060465,-8.789093492060465,0.0,0.0,0.0,42.3535280374972
589,2018-04-08 07:00:00,56.51835958169978,36.0660627205978,56.11620665274658,56.51835958169978,56.51835958169978,0.0,0.0,0.0,0.0,0.0,0.0,0.0,0.0,0.0,0.0,0.0,0.0,0.0,0.0,0.0,0.0,0.0,0.0,0.0,0.0,0.0,0.0,0.0,0.0,0.0,0.0,0.0,0.0,0.0,0.0,-10.65994210833238,-10.65994210833238,-10.65994210833238,2.236482830739964,2.236482830739964,2.236482830739964,2.1126609881238143,2.1126609881238143,2.1126609881238143,4.093632151098342,4.093632151098342,4.093632151098342,0.729974413313198,0.729974413313198,0.729974413313198,0.0,0.0,0.0,-0.5319015274402189,-0.5319015274402189,-0.5319015274402189,-0.004098769449725102,-0.004098769449725102,-0.004098769449725102,-0.03102932365457437,-0.03102932365457437,-0.03102932365457437,0.015591525044287631,0.015591525044287631,0.015591525044287631,-8.20372981999146,-8.20372981999146,-8.20372981999146,1.802434845161561,1.802434845161561,1.802434845161561,-8.786327270179223,-8.786327270179223,-8.786327270179223,0.0,0.0,0.0,45.858417473367396
590,2018-04-08 08:00:00,56.51802732092997,37.757694772387964,58.35972005019543,56.51802732092997,56.51802732092997,0.0,0.0,0.0,0.0,0.0,0.0,0.0,0.0,0.0,0.0,0.0,0.0,0.0,0.0,0.0,0.0,0.0,0.0,0.0,0.0,0.0,0.0,0.0,0.0,0.0,0.0,0.0,0.0,0.0,0.0,-8.595767555400888,-8.595767555400888,-8.595767555400888,3.409579250241753,3.409579250241753,3.409579250241753,2.1126609881238143,2.1126609881238143,2.1126609881238143,4.951719302294189,4.951719302294189,4.951719302294189,1.1249985219349863,1.1249985219349863,1.1249985219349863,0.0,0.0,0.0,-0.42549148497869926,-0.42549148497869926,-0.42549148497869926,0.2970389084740794,0.2970389084740794,0.2970389084740794,-0.4598176914336023,-0.4598176914336023,-0.4598176914336023,0.43691376377189195,0.43691376377189195,0.43691376377189195,-8.173560213984272,-8.173560213984272,-8.173560213984272,1.8654162964017191,1.8654162964017191,1.8654162964017191,-8.783505893952556,-8.783505893952556,-8.783505893952556,0.0,0.0,0.0,47.92225976552908
591,2018-04-08 09:00:00,56.51769506016015,38.00650479804693,59.224281393331694,56.51769506016015,56.51769506016015,0.0,0.0,0.0,0.0,0.0,0.0,0.0,0.0,0.0,0.0,0.0,0.0,0.0,0.0,0.0,0.0,0.0,0.0,0.0,0.0,0.0,0.0,0.0,0.0,0.0,0.0,0.0,0.0,0.0,0.0,-8.02916135141444,-8.02916135141444,-8.02916135141444,3.78022160880389,3.78022160880389,3.78022160880389,2.1126609881238143,2.1126609881238143,2.1126609881238143,5.080915720559965,5.080915720559965,5.080915720559965,1.546495993946671,1.546495993946671,1.546495993946671,0.0,0.0,0.0,-0.3190814425171797,-0.3190814425171797,-0.3190814425171797,0.024132887855631564,0.024132887855631564,0.024132887855631564,-0.8510977328065126,-0.8510977328065126,-0.8510977328065126,0.6415979374892349,0.6415979374892349,0.6415979374892349,-8.10966933432445,-8.10966933432445,-8.10966933432445,1.926207088468307,1.926207088468307,1.926207088468307,-8.780629346453846,-8.780629346453846,-8.780629346453846,0.0,0.0,0.0,48.488533708745706
592,2018-04-08 10:00:00,56.517362799390334,39.085104009228566,58.88811320946272,56.517362799390334,56.517362799390334,0.0,0.0,0.0,0.0,0.0,0.0,0.0,0.0,0.0,0.0,0.0,0.0,0.0,0.0,0.0,0.0,0.0,0.0,0.0,0.0,0.0,0.0,0.0,0.0,0.0,0.0,0.0,0.0,0.0,0.0,-7.693716648911062,-7.693716648911062,-7.693716648911062,3.749806757863403,3.749806757863403,3.749806757863403,2.1126609881238143,2.1126609881238143,2.1126609881238143,5.34615710669031,5.34615710669031,5.34615710669031,1.6279924263430188,1.6279924263430188,1.6279924263430188,0.0,0.0,0.0,-0.21267140005566007,-0.21267140005566007,-0.21267140005566007,0.17752489254806947,0.17752489254806947,0.17752489254806947,-1.1434921863814762,-1.1434921863814762,-1.1434921863814762,0.8404100242556704,0.8404100242556704,0.8404100242556704,-8.011982900561154,-8.011982900561154,-8.011982900561154,1.943732361856873,1.943732361856873,1.943732361856873,-8.777697612903623,-8.777697612903623,-8.777697612903623,0.0,0.0,0.0,48.82364615047927
593,2018-04-08 11:00:00,56.51703053862052,38.032176439797226,60.07871309425155,56.51703053862052,56.51703053862052,0.0,0.0,0.0,0.0,0.0,0.0,0.0,0.0,0.0,0.0,0.0,0.0,0.0,0.0,0.0,0.0,0.0,0.0,0.0,0.0,0.0,0.0,0.0,0.0,0.0,0.0,0.0,0.0,0.0,0.0,-7.796101789788109,-7.796101789788109,-7.796101789788109,3.338934740908002,3.338934740908002,3.338934740908002,2.1126609881238143,2.1126609881238143,2.1126609881238143,5.520351762461672,5.520351762461672,5.520351762461672,1.4925110960535488,1.4925110960535488,1.4925110960535488,0.0,0.0,0.0,-0.10626135759414052,-0.10626135759414052,-0.10626135759414052,0.4043192062344347,0.4043192062344347,0.4043192062344347,-1.2858533343319685,-1.2858533343319685,-1.2858533343319685,1.0151046110451647,1.0151046110451647,1.0151046110451647,-7.880677612487201,-7.880677612487201,-7.880677612487201,1.8878705529308193,1.8878705529308193,1.8878705529308193,-8.774710680670584,-8.774710680670584,-8.774710680670584,0.0,0.0,0.0,48.72092874883241
594,2018-04-08 12:00:00,56.5166982778507,37.52305556656491,57.89786251908625,56.5166982778507,56.5166982778507,0.0,0.0,0.0,0.0,0.0,0.0,0.0,0.0,0.0,0.0,0.0,0.0,0.0,0.0,0.0,0.0,0.0,0.0,0.0,0.0,0.0,0.0,0.0,0.0,0.0,0.0,0.0,0.0,0.0,0.0,-8.878670947555948,-8.878670947555948,-8.878670947555948,2.301908416012106,2.301908416012106,2.301908416012106,2.1126609881238143,2.1126609881238143,2.1126609881238143,5.30727093570197,5.30727093570197,5.30727093570197,1.4670759037769816,1.4670759037769816,1.4670759037769816,0.0,0.0,0.0,0.00014868486737905105,0.00014868486737905105,0.00014868486737905105,0.3327990077275311,0.3327990077275311,0.3327990077275311,-1.4265095583549101,-1.4265095583549101,-1.4265095583549101,1.0876668283670916,1.0876668283670916,1.0876668283670916,-7.716181759995732,-7.716181759995732,-7.716181759995732,1.7334290811940827,1.7334290811940827,1.7334290811940827,-8.771668539274293,-8.771668539274293,-8.771668539274293,0.0,0.0,0.0,47.638027330294754
595,2018-04-08 13:00:00,56.516366017080884,35.496635510358104,55.377809145095966,56.516366017080884,56.516366017080884,0.0,0.0,0.0,0.0,0.0,0.0,0.0,0.0,0.0,0.0,0.0,0.0,0.0,0.0,0.0,0.0,0.0,0.0,0.0,0.0,0.0,0.0,0.0,0.0,0.0,0.0,0.0,0.0,0.0,0.0,-10.672906200710306,-10.672906200710306,-10.672906200710306,0.716276167796552,0.716276167796552,0.716276167796552,2.1126609881238143,2.1126609881238143,2.1126609881238143,4.898562152677211,4.898562152677211,4.898562152677211,1.5646639884299334,1.5646639884299334,1.5646639884299334,0.0,0.0,0.0,0.10655872732889862,0.10655872732889862,0.10655872732889862,-0.013979849506599936,-0.013979849506599936,-0.013979849506599936,-1.407755395151851,-1.407755395151851,-1.407755395151851,1.0067159154010115,1.0067159154010115,1.0067159154010115,-7.519173340791028,-7.519173340791028,-7.519173340791028,1.5296977780520051,1.5296977780520051,1.5296977780520051,-8.768571180393039,-8.768571180393039,-8.768571180393039,0.0,0.0,0.0,45.843459816370576
596,2018-04-08 14:00:00,56.51603375631107,33.68348795274772,54.51938766588875,56.51603375631107,56.51603375631107,0.0,0.0,0.0,0.0,0.0,0.0,0.0,0.0,0.0,0.0,0.0,0.0,0.0,0.0,0.0,0.0,0.0,0.0,0.0,0.0,0.0,0.0,0.0,0.0,0.0,0.0,0.0,0.0,0.0,0.0,-12.639251083582058,-12.639251083582058,-12.639251083582058,-0.6458621203446541,-0.6458621203446541,-0.6458621203446541,2.1126609881238143,2.1126609881238143,2.1126609881238143,4.062605329104404,4.062605329104404,4.062605329104404,0.7683867445063811,0.7683867445063811,0.7683867445063811,0.0,0.0,0.0,0.2129687697904182,0.2129687697904182,0.2129687697904182,0.10459311117589806,0.10459311117589806,0.10459311117589806,-1.2973615708429365,-1.2973615708429365,-1.2973615708429365,0.9087778937555204,0.9087778937555204,0.9087778937555204,-7.290575694476349,-7.290575694476349,-7.290575694476349,1.2525793925953077,1.2525793925953077,1.2525793925953077,-8.765418597865459,-8.765418597865459,-8.765418597865459,0.0,0.0,0.0,43.87678267272901
597,2018-04-08 15:00:00,56.51570149554125,32.58645598014656,52.7842901341726,56.51570149554125,56.51570149554125,0.0,0.0,0.0,0.0,0.0,0.0,0.0,0.0,0.0,0.0,0.0,0.0,0.0,0.0,0.0,0.0,0.0,0.0,0.0,0.0,0.0,0.0,0.0,0.0,0.0,0.0,0.0,0.0,0.0,0.0,-12.988085037630189,-12.988085037630189,-12.988085037630189,-0.7004841552610572,-0.7004841552610572,-0.7004841552610572,2.1126609881238143,2.1126609881238143,2.1126609881238143,3.5061605953045922,3.5061605953045922,3.5061605953045922,0.5145539072973739,0.5145539072973739,0.5145539072973739,0.0,0.0,0.0,0.31937881225193776,0.31937881225193776,0.31937881225193776,-0.0003345484756775465,-0.0003345484756775465,-0.0003345484756775465,-1.1110986317580107,-1.1110986317580107,-1.1110986317580107,0.8100010025456144,0.8100010025456144,0.8100010025456144,-7.031550689977231,-7.031550689977231,-7.031550689977231,0.86099906531954,0.86099906531954,0.86099906531954,-8.762210787696494,-8.762210787696494,-8.762210787696494,0.0,0.0,0.0,43.527616457911066
598,2018-04-08 16:00:00,56.515369234771434,35.086782775733255,54.67453257776283,56.515369234771434,56.515369234771434,0.0,0.0,0.0,0.0,0.0,0.0,0.0,0.0,0.0,0.0,0.0,0.0,0.0,0.0,0.0,0.0,0.0,0.0,0.0,0.0,0.0,0.0,0.0,0.0,0.0,0.0,0.0,0.0,0.0,0.0,-11.188424900657854,-11.188424900657854,-11.188424900657854,1.0346187018372202,1.0346187018372202,1.0346187018372202,2.1126609881238143,2.1126609881238143,2.1126609881238143,3.279393675962225,3.279393675962225,3.279393675962225,0.547256297367246,0.547256297367246,0.547256297367246,0.0,0.0,0.0,0.42578885471345734,0.42578885471345734,0.42578885471345734,-0.18007609998644833,-0.18007609998644833,-0.18007609998644833,-0.8114582514909563,-0.8114582514909563,-0.8114582514909563,0.7141601548111617,0.7141601548111617,0.7141601548111617,-6.743489530396393,-6.743489530396393,-6.743489530396393,0.47106173242395005,0.47106173242395005,0.47106173242395005,-8.758947748060903,-8.758947748060903,-8.758947748060903,0.0,0.0,0.0,45.32694433411358
599,2018-04-08 17:00:00,56.51503697400162,37.889293931714974,58.25734129122085,56.51503697400162,56.51503697400162,0.0,0.0,0.0,0.0,0.0,0.0,0.0,0.0,0.0,0.0,0.0,0.0,0.0,0.0,0.0,0.0,0.0,0.0,0.0,0.0,0.0,0.0,0.0,0.0,0.0,0.0,0.0,0.0,0.0,0.0,-7.831595262011165,-7.831595262011165,-7.831595262011165,3.825753444030551,3.825753444030551,3.825753444030551,2.1126609881238143,2.1126609881238143,2.1126609881238143,3.5262820397885535,3.5262820397885535,3.5262820397885535,0.7180354455099114,0.7180354455099114,0.7180354455099114,0.0,0.0,0.0,0.5321988971749769,0.5321988971749769,0.5321988971749769,-0.2191298925921917,-0.2191298925921917,-0.2191298925921917,-0.3511287910522384,-0.3511287910522384,-0.3511287910522384,0.6963341765673356,0.6963341765673356,0.6963341765673356,-6.428001266523549,-6.428001266523549,-6.428001266523549,0.03731121605694559,0.03731121605694559,0.03731121605694559,-8.75562947930672,-8.75562947930672,-8.75562947930672,0.0,0.0,0.0,48.683441711990454
600,2018-04-08 18:00:00,56.496741577960464,41.46668544032177,61.30212631523137,56.496741577960464,56.496741577960464,0.0,0.0,0.0,0.0,0.0,0.0,0.0,0.0,0.0,0.0,0.0,0.0,0.0,0.0,0.0,0.0,0.0,0.0,0.0,0.0,0.0,0.0,0.0,0.0,0.0,0.0,0.0,0.0,0.0,0.0,-4.819504101520592,-4.819504101520592,-4.819504101520592,6.0203356960061045,6.0203356960061045,6.0203356960061045,1.8668118482471758,1.8668118482471758,1.8668118482471758,3.8060711722181413,3.8060711722181413,3.8060711722181413,0.8192823564426545,0.8192823564426545,0.8192823564426545,0.0,0.0,0.0,0.648155933463777,0.648155933463777,0.648155933463777,-0.1268757100794582,-0.1268757100794582,-0.1268757100794582,0.1777388975736724,0.1777388975736724,0.1777388975736724,0.6797677295992923,0.6797677295992923,0.6797677295992923,-5.846462098941782,-5.846462098941782,-5.846462098941782,-0.25880988302897195,-0.25880988302897195,-0.25880988302897195,-8.799448870803054,-8.799448870803054,-8.799448870803054,0.0,0.0,0.0,51.67723747643987
601,2018-04-08 19:00:00,56.496401991126774,43.49028704033121,62.41462962952269,56.496401991126774,56.496401991126774,0.0,0.0,0.0,0.0,0.0,0.0,0.0,0.0,0.0,0.0,0.0,0.0,0.0,0.0,0.0,0.0,0.0,0.0,0.0,0.0,0.0,0.0,0.0,0.0,0.0,0.0,0.0,0.0,0.0,0.0,-3.3039487689530573,-3.3039487689530573,-3.3039487689530573,6.291899786303984,6.291899786303984,6.291899786303984,1.8668118482471758,1.8668118482471758,1.8668118482471758,4.689213353928891,4.689213353928891,4.689213353928891,0.8472113823190923,0.8472113823190923,0.8472113823190923,0.0,0.0,0.0,0.7561567921616861,0.7561567921616861,0.7561567921616861,0.37113148504979815,0.37113148504979815,0.37113148504979815,0.4266501209975257,0.4266501209975257,0.4266501209975257,0.8039087147855115,0.8039087147855115,0.8039087147855115,-5.489040798079672,-5.489040798079672,-5.489040798079672,-0.3826569896318983,-0.3826569896318983,-0.3826569896318983,-8.79602111110626,-8.79602111110626,-8.79602111110626,0.0,0.0,0.0,53.19245322217372
602,2018-04-08 20:00:00,56.49606240429308,40.59757611514705,62.328405037077424,56.49606240429308,56.49606240429308,0.0,0.0,0.0,0.0,0.0,0.0,0.0,0.0,0.0,0.0,0.0,0.0,0.0,0.0,0.0,0.0,0.0,0.0,0.0,0.0,0.0,0.0,0.0,0.0,0.0,0.0,0.0,0.0,0.0,0.0,-4.844393255006325,-4.844393255006325,-4.844393255006325,4.387347589070442,4.387347589070442,4.387347589070442,1.8668118482471758,1.8668118482471758,1.8668118482471758,4.672000916318179,4.672000916318179,4.672000916318179,0.870570203961204,0.870570203961204,0.870570203961204,0.0,0.0,0.0,0.8641576508595952,0.8641576508595952,0.8641576508595952,0.2812265944357264,0.2812265944357264,0.2812265944357264,0.49063082279309367,0.49063082279309367,0.49063082279309367,0.7173597180711755,0.7173597180711755,0.7173597180711755,-5.1112033279665035,-5.1112033279665035,-5.1112033279665035,-0.4187559220497917,-0.4187559220497917,-0.4187559220497917,-8.792538432428442,-8.792538432428442,-8.792538432428442,0.0,0.0,0.0,51.651669149286754
603,2018-04-08 21:00:00,56.49572281745939,37.695310098694506,58.5586176222527,56.49572281745939,56.49572281745939,0.0,0.0,0.0,0.0,0.0,0.0,0.0,0.0,0.0,0.0,0.0,0.0,0.0,0.0,0.0,0.0,0.0,0.0,0.0,0.0,0.0,0.0,0.0,0.0,0.0,0.0,0.0,0.0,0.0,0.0,-8.267339645647372,-8.267339645647372,-8.267339645647372,1.2872434273485074,1.2872434273485074,1.2872434273485074,1.8668118482471758,1.8668118482471758,1.8668118482471758,3.9496800153488496,3.9496800153488496,3.9496800153488496,0.8142043517378476,0.8142043517378476,0.8142043517378476,0.0,0.0,0.0,0.9721585095575042,0.9721585095575042,0.9721585095575042,-0.28456229832927,-0.28456229832927,-0.28456229832927,0.5432177009812317,0.5432177009812317,0.5432177009812317,0.3222067229713792,0.3222067229713792,0.3222067229713792,-4.715262245115659,-4.715262245115659,-4.715262245115659,-0.28435681981701955,-0.28435681981701955,-0.28435681981701955,-8.789000843229068,-8.789000843229068,-8.789000843229068,0.0,0.0,0.0,48.22838317181201
604,2018-04-08 22:00:00,56.4953832306257,33.105919151229436,53.69817065806647,56.4953832306257,56.4953832306257,0.0,0.0,0.0,0.0,0.0,0.0,0.0,0.0,0.0,0.0,0.0,0.0,0.0,0.0,0.0,0.0,0.0,0.0,0.0,0.0,0.0,0.0,0.0,0.0,0.0,0.0,0.0,0.0,0.0,0.0,-12.914959871523976,-12.914959871523976,-12.914959871523976,-1.6971029906637776,-1.6971029906637776,-1.6971029906637776,1.8668118482471758,1.8668118482471758,1.8668118482471758,1.871204594174769,1.871204594174769,1.871204594174769,0.06519865777883205,0.06519865777883205,0.06519865777883205,0.0,0.0,0.0,1.0801593682554134,1.0801593682554134,1.0801593682554134,-0.8969511082188376,-0.8969511082188376,-0.8969511082188376,0.6071984027767997,0.6071984027767997,0.6071984027767997,-0.16976749825076776,-0.16976749825076776,-0.16976749825076776,-4.3036531208944115,-4.3036531208944115,-4.3036531208944115,-0.6814450764138461,-0.6814450764138461,-0.6814450764138461,-8.785408354140557,-8.785408354140557,-8.785408354140557,0.0,0.0,0.0,43.58042335910172
605,2018-04-08 23:00:00,56.49504364379201,31.4124537637539,52.47964443496917,56.49504364379201,56.49504364379201,0.0,0.0,0.0,0.0,0.0,0.0,0.0,0.0,0.0,0.0,0.0,0.0,0.0,0.0,0.0,0.0,0.0,0.0,0.0,0.0,0.0,0.0,0.0,0.0,0.0,0.0,0.0,0.0,0.0,0.0,-14.739566990970872,-14.739566990970872,-14.739566990970872,-3.872036145219453,-3.872036145219453,-3.872036145219453,1.8668118482471758,1.8668118482471758,1.8668118482471758,1.793142713130872,1.793142713130872,1.793142713130872,-0.0526110513726877,-0.0526110513726877,-0.0526110513726877,0.0,0.0,0.0,1.1881602269533225,1.1881602269533225,1.1881602269533225,-1.008037779344078,-1.008037779344078,-1.008037779344078,0.6028161629277882,0.6028161629277882,0.6028161629277882,-0.5085325106427392,-0.5085325106427392,-0.5085325106427392,-3.8789125809075995,-3.8789125809075995,-3.8789125809075995,-0.2954641836379098,-0.2954641836379098,-0.2954641836379098,-8.781760977974692,-8.781760977974692,-8.781760977974692,0.0,0.0,0.0,41.75547665282114
606,2018-04-09 00:00:00,56.49470405695832,29.420296187600307,49.361157555343446,56.49470405695832,56.49470405695832,0.0,0.0,0.0,0.0,0.0,0.0,0.0,0.0,0.0,0.0,0.0,0.0,0.0,0.0,0.0,0.0,0.0,0.0,0.0,0.0,0.0,0.0,0.0,0.0,0.0,0.0,0.0,0.0,0.0,0.0,-17.38355171140714,-17.38355171140714,-17.38355171140714,-5.371952032007217,-5.371952032007217,-5.371952032007217,1.7173009569179147,1.7173009569179147,1.7173009569179147,0.21011445353867222,0.21011445353867222,0.21011445353867222,-0.3044800847311092,-0.3044800847311092,-0.3044800847311092,0.0,0.0,0.0,0.00015078127632244372,0.00015078127632244372,0.00015078127632244372,-1.0245124975194315,-1.0245124975194315,-1.0245124975194315,0.6010632669881835,0.6010632669881835,0.6010632669881835,-0.7072017985551922,-0.7072017985551922,-0.7072017985551922,-3.4436554032150224,-3.4436554032150224,-3.4436554032150224,-0.07220617083801563,-0.07220617083801563,-0.07220617083801563,-8.778058729723575,-8.778058729723575,-8.778058729723575,0.0,0.0,0.0,39.111152345551176
607,2018-04-09 01:00:00,56.49436447012463,26.62394802221764,47.87772154208098,56.49436447012463,56.49436447012463,0.0,0.0,0.0,0.0,0.0,0.0,0.0,0.0,0.0,0.0,0.0,0.0,0.0,0.0,0.0,0.0,0.0,0.0,0.0,0.0,0.0,0.0,0.0,0.0,0.0,0.0,0.0,0.0,0.0,0.0,-19.196721440927618,-19.196721440927618,-19.196721440927618,-6.572815203466263,-6.572815203466263,-6.572815203466263,1.5677900655886534,1.5677900655886534,1.5677900655886534,-0.8490536892112398,-0.8490536892112398,-0.8490536892112398,-0.31869849790456845,-0.31869849790456845,-0.31869849790456845,0.0,0.0,0.0,-1.1878586644006777,-1.1878586644006777,-1.1878586644006777,-0.9877974113000725,-0.9877974113000725,-0.9877974113000725,0.6010632669881835,0.6010632669881835,0.6010632669881835,-0.8051158150400974,-0.8051158150400974,-0.8051158150400974,-3.000550921685733,-3.000550921685733,-3.000550921685733,0.281563366857339,0.281563366857339,0.281563366857339,-8.77430162656438,-8.77430162656438,-8.77430162656438,0.0,0.0,0.0,37.29764302919701
608,2018-04-09 02:00:00,56.49402488329093,27.075306252350313,47.03422566670952,56.49402488329093,56.49402488329093,0.0,0.0,0.0,0.0,0.0,0.0,0.0,0.0,0.0,0.0,0.0,0.0,0.0,0.0,0.0,0.0,0.0,0.0,0.0,0.0,0.0,0.0,0.0,0.0,0.0,0.0,0.0,0.0,0.0,0.0,-19.43325449830186,-19.43325449830186,-19.43325449830186,-7.404556362220336,-7.404556362220336,-7.404556362220336,1.4182791742593932,1.4182791742593932,1.4182791742593932,-0.705909461400533,-0.705909461400533,-0.705909461400533,-0.24862203297823346,-0.24862203297823346,-0.24862203297823346,0.0,0.0,0.0,-1.0798578057027683,-1.0798578057027683,-1.0798578057027683,-1.0212175538843609,-1.0212175538843609,-1.0212175538843609,0.6006250430032823,0.6006250430032823,0.6006250430032823,-0.888823556811791,-0.888823556811791,-0.888823556811791,-2.552298986818568,-2.552298986818568,-2.552298986818568,0.5137072707139454,0.5137072707139454,0.5137072707139454,-8.77048968786242,-8.77048968786242,-8.77048968786242,0.0,0.0,0.0,37.06077038498907
609,2018-04-09 03:00:00,56.493685296457244,27.80700530226112,47.334885535811125,56.493685296457244,56.493685296457244,0.0,0.0,0.0,0.0,0.0,0.0,0.0,0.0,0.0,0.0,0.0,0.0,0.0,0.0,0.0,0.0,0.0,0.0,0.0,0.0,0.0,0.0,0.0,0.0,0.0,0.0,0.0,0.0,0.0,0.0,-18.376743716164633,-18.376743716164633,-18.376743716164633,-7.288808547927865,-7.288808547927865,-7.288808547927865,1.268768282930132,1.268768282930132,1.268768282930132,-0.21970649116525792,-0.21970649116525792,-0.21970649116525792,-0.00741680949990642,-0.00741680949990642,-0.00741680949990642,0.0,0.0,0.0,-0.9718569470048595,-0.9718569470048595,-0.9718569470048595,-1.008037779344078,-1.008037779344078,-1.008037779344078,0.6006250430032823,0.6006250430032823,0.6006250430032823,-0.7926580049069734,-0.7926580049069734,-0.7926580049069734,-2.101605741899897,-2.101605741899897,-2.101605741899897,0.6908697236571449,0.6908697236571449,0.6908697236571449,-8.766622935171611,-8.766622935171611,-8.766622935171611,0.0,0.0,0.0,38.11694158029261
610,2018-04-09 04:00:00,56.493345709623554,31.994270831150907,51.91979986819713,56.493345709623554,56.493345709623554,0.0,0.0,0.0,0.0,0.0,0.0,0.0,0.0,0.0,0.0,0.0,0.0,0.0,0.0,0.0,0.0,0.0,0.0,0.0,0.0,0.0,0.0,0.0,0.0,0.0,0.0,0.0,0.0,0.0,0.0,-14.386615985509916,-14.386615985509916,-14.386615985509916,-5.743839428912552,-5.743839428912552,-5.743839428912552,1.119257391600871,1.119257391600871,1.119257391600871,1.7710843098752653,1.7710843098752653,1.7710843098752653,0.925920455243599,0.925920455243599,0.925920455243599,0.0,0.0,0.0,-0.8638560883069503,-0.8638560883069503,-0.8638560883069503,-0.5335658958938982,-0.5335658958938982,-0.5335658958938982,0.6010632669881835,0.6010632669881835,0.6010632669881835,-0.36909246038075355,-0.36909246038075355,-0.36909246038075355,-1.6511594742307332,-1.6511594742307332,-1.6511594742307332,0.8913576406242141,0.8913576406242141,0.8913576406242141,-8.762701392241896,-8.762701392241896,-8.762701392241896,0.0,0.0,0.0,42.106729724113634
611,2018-04-09 05:00:00,56.493006122789865,37.78182828813584,58.42157041062045,56.493006122789865,56.493006122789865,0.0,0.0,0.0,0.0,0.0,0.0,0.0,0.0,0.0,0.0,0.0,0.0,0.0,0.0,0.0,0.0,0.0,0.0,0.0,0.0,0.0,0.0,0.0,0.0,0.0,0.0,0.0,0.0,0.0,0.0,-8.80937859057964,-8.80937859057964,-8.80937859057964,-3.0072660866346026,-3.0072660866346026,-3.0072660866346026,0.9697465002716098,0.9697465002716098,0.9697465002716098,4.1602193790215285,4.1602193790215285,4.1602193790215285,1.8978505557436367,1.8978505557436367,1.8978505557436367,0.0,0.0,0.0,-0.7558552296090412,-0.7558552296090412,-0.7558552296090412,0.20214794719402968,0.20214794719402968,0.20214794719402968,0.6006250430032823,0.6006250430032823,0.6006250430032823,0.1777398370416417,0.1777398370416417,0.1777398370416417,-1.2036067979481833,-1.2036067979481833,-1.2036067979481833,1.067964725376369,1.067964725376369,1.067964725376369,-8.758725085018382,-8.758725085018382,-8.758725085018382,0.0,0.0,0.0,47.683627532210224
612,2018-04-09 06:00:00,56.49266653595617,41.044584759418626,61.783161969787685,56.49266653595617,56.49266653595617,0.0,0.0,0.0,0.0,0.0,0.0,0.0,0.0,0.0,0.0,0.0,0.0,0.0,0.0,0.0,0.0,0.0,0.0,0.0,0.0,0.0,0.0,0.0,0.0,0.0,0.0,0.0,0.0,0.0,0.0,-4.829930900454098,-4.829930900454098,-4.829930900454098,-0.017862224069123956,-0.017862224069123956,-0.017862224069123956,0.8202356089423486,0.8202356089423486,0.8202356089423486,4.704154787154794,4.704154787154794,4.704154787154794,2.31323134059684,2.31323134059684,2.31323134059684,0.0,0.0,0.0,-0.6478543709111322,-0.6478543709111322,-0.6478543709111322,-0.07509802438549015,-0.07509802438549015,-0.07509802438549015,0.4840574630195763,0.4840574630195763,0.4840574630195763,0.5455730730775694,0.5455730730775694,0.5455730730775694,-0.7615294218938088,-0.7615294218938088,-0.7615294218938088,1.2640096968150822,1.2640096968150822,1.2640096968150822,-8.754694041645962,-8.754694041645962,-8.754694041645962,0.0,0.0,0.0,51.662735635502074
613,2018-04-09 07:00:00,56.49232694912248,45.51682201078728,65.67977131059858,56.49232694912248,56.49232694912248,0.0,0.0,0.0,0.0,0.0,0.0,0.0,0.0,0.0,0.0,0.0,0.0,0.0,0.0,0.0,0.0,0.0,0.0,0.0,0.0,0.0,0.0,0.0,0.0,0.0,0.0,0.0,0.0,0.0,0.0,-1.3692607743393193,-1.3692607743393193,-1.3692607743393193,2.2435937889019466,2.2435937889019466,2.2435937889019466,0.670724717613088,0.670724717613088,0.670724717613088,5.4651754777069925,5.4651754777069925,5.4651754777069925,2.4229162422206687,2.4229162422206687,2.4229162422206687,0.0,0.0,0.0,-0.539853512213223,-0.539853512213223,-0.539853512213223,0.2849922443043786,0.2849922443043786,0.2849922443043786,0.09359989247265157,0.09359989247265157,0.09359989247265157,0.9844376826795557,0.9844376826795557,0.9844376826795557,-0.3274217484775251,-0.3274217484775251,-0.3274217484775251,1.548358210629873,1.548358210629873,1.548358210629873,-8.750608292470732,-8.750608292470732,-8.750608292470732,0.0,0.0,0.0,55.12306617478316
614,2018-04-09 08:00:00,56.49198736228879,47.05160605014735,67.24438014517933,56.49198736228879,56.49198736228879,0.0,0.0,0.0,0.0,0.0,0.0,0.0,0.0,0.0,0.0,0.0,0.0,0.0,0.0,0.0,0.0,0.0,0.0,0.0,0.0,0.0,0.0,0.0,0.0,0.0,0.0,0.0,0.0,0.0,0.0,0.07763051004056243,0.07763051004056243,0.07763051004056243,3.4121954058669295,3.4121954058669295,3.4121954058669295,0.5212138262838268,0.5212138262838268,0.5212138262838268,5.315572511959396,5.315572511959396,5.315572511959396,2.4513530685675873,2.4513530685675873,2.4513530685675873,0.0,0.0,0.0,-0.43185265351531393,-0.43185265351531393,-0.43185265351531393,0.2901700128737753,0.2901700128737753,0.2901700128737753,-0.4765295118837448,-0.4765295118837448,-0.4765295118837448,1.23403100148706,1.23403100148706,1.23403100148706,0.09633046225865109,0.09633046225865109,0.09633046225865109,1.7271867681462059,1.7271867681462059,1.7271867681462059,-8.746467870044414,-8.746467870044414,-8.746467870044414,0.0,0.0,0.0,56.56961787232935
615,2018-04-09 09:00:00,56.4916477754551,47.3736224949942,67.5334459658946,56.4916477754551,56.4916477754551,0.0,0.0,0.0,0.0,0.0,0.0,0.0,0.0,0.0,0.0,0.0,0.0,0.0,0.0,0.0,0.0,0.0,0.0,0.0,0.0,0.0,0.0,0.0,0.0,0.0,0.0,0.0,0.0,0.0,0.0,1.0666964730006991,1.0666964730006991,1.0666964730006991,3.778554780671142,3.778554780671142,3.778554780671142,0.37170293495456574,0.37170293495456574,0.37170293495456574,5.522944360869492,5.522944360869492,5.522944360869492,2.612833618180446,2.612833618180446,2.612833618180446,0.0,0.0,0.0,-0.32385179481740484,-0.32385179481740484,-0.32385179481740484,0.47186261903624505,0.47186261903624505,0.47186261903624505,-0.8902129536304306,-0.8902129536304306,-0.8902129536304306,1.4267992214417173,1.4267992214417173,1.4267992214417173,0.5074701405843552,0.5074701405843552,0.5074701405843552,1.8538107157043546,1.8538107157043546,1.8538107157043546,-8.742272809124291,-8.742272809124291,-8.742272809124291,0.0,0.0,0.0,57.558344248455796
616,2018-04-09 10:00:00,56.49130818862141,47.54874155506103,68.45170431663814,56.49130818862141,56.49130818862141,0.0,0.0,0.0,0.0,0.0,0.0,0.0,0.0,0.0,0.0,0.0,0.0,0.0,0.0,0.0,0.0,0.0,0.0,0.0,0.0,0.0,0.0,0.0,0.0,0.0,0.0,0.0,0.0,0.0,0.0,1.7097655003988983,1.7097655003988983,1.7097655003988983,3.7457589862434357,3.7457589862434357,3.7457589862434357,0.22219204362530462,0.22219204362530462,0.22219204362530462,5.798142200526988,5.798142200526988,5.798142200526988,2.7397837358006183,2.7397837358006183,2.7397837358006183,0.0,0.0,0.0,-0.21585093611949577,-0.21585093611949577,-0.21585093611949577,0.5749472841905996,0.5749472841905996,0.5749472841905996,-1.122033441643139,-1.122033441643139,-1.122033441643139,1.5931219146225495,1.5931219146225495,1.5931219146225495,0.9038874603058727,0.9038874603058727,0.9038874603058727,2.0059816000505513,2.0059816000505513,2.0059816000505513,-8.7380231466774,-8.7380231466774,-8.7380231466774,0.0,0.0,0.0,58.201073689020305
617,2018-04-09 11:00:00,56.49096860178772,47.66844375537169,67.7899108940427,56.49096860178772,56.49096860178772,0.0,0.0,0.0,0.0,0.0,0.0,0.0,0.0,0.0,0.0,0.0,0.0,0.0,0.0,0.0,0.0,0.0,0.0,0.0,0.0,0.0,0.0,0.0,0.0,0.0,0.0,0.0,0.0,0.0,0.0,1.5163358698245848,1.5163358698245848,1.5163358698245848,3.336506282136672,3.336506282136672,3.336506282136672,0.07268115229604377,0.07268115229604377,0.07268115229604377,5.629911800266526,5.629911800266526,5.629911800266526,2.664121465698996,2.664121465698996,2.664121465698996,0.0,0.0,0.0,-0.10785007742158664,-0.10785007742158664,-0.10785007742158664,0.5518826787451048,0.5518826787451048,0.5518826787451048,-1.2815469721471577,-1.2815469721471577,-1.2815469721471577,1.660219242883411,1.660219242883411,1.660219242883411,1.2836367093051466,1.2836367093051466,1.2836367093051466,2.070404310211715,2.070404310211715,2.070404310211715,-8.73371892188376,-8.73371892188376,-8.73371892188376,0.0,0.0,0.0,58.00730447161231
618,2018-04-09 12:00:00,56.49062901495403,46.12975524653981,65.88301350119103,56.49062901495403,56.49062901495403,0.0,0.0,0.0,0.0,0.0,0.0,0.0,0.0,0.0,0.0,0.0,0.0,0.0,0.0,0.0,0.0,0.0,0.0,0.0,0.0,0.0,0.0,0.0,0.0,0.0,0.0,0.0,0.0,0.0,0.0,-0.20806083762515748,-0.20806083762515748,-0.20806083762515748,2.3036440640663765,2.3036440640663765,2.3036440640663765,-0.07682973903321738,-0.07682973903321738,-0.07682973903321738,4.572703965910432,4.572703965910432,4.572703965910432,2.600138606418429,2.600138606418429,2.600138606418429,0.0,0.0,0.0,0.00015078127632244372,0.00015078127632244372,0.00015078127632244372,0.036459352973331915,0.036459352973331915,0.036459352973331915,-1.376641576870707,-1.376641576870707,-1.376641576870707,1.543946348307586,1.543946348307586,1.543946348307586,1.6449513085313714,1.6449513085313714,1.6449513085313714,1.845480192838687,1.845480192838687,1.845480192838687,-8.729360176133337,-8.729360176133337,-8.729360176133337,0.0,0.0,0.0,56.282568177328876
619,2018-04-09 13:00:00,56.49028942812034,44.187239468544455,64.3595839893227,56.49028942812034,56.49028942812034,0.0,0.0,0.0,0.0,0.0,0.0,0.0,0.0,0.0,0.0,0.0,0.0,0.0,0.0,0.0,0.0,0.0,0.0,0.0,0.0,0.0,0.0,0.0,0.0,0.0,0.0,0.0,0.0,0.0,0.0,-1.9452517034168249,-1.9452517034168249,-1.9452517034168249,0.7199006594305605,0.7199006594305605,0.7199006594305605,-0.22634063036247823,-0.22634063036247823,-0.22634063036247823,4.0735377578221925,4.0735377578221925,4.0735377578221925,2.5696705781895877,2.5696705781895877,2.5696705781895877,0.0,0.0,0.0,0.10815163997423154,0.10815163997423154,0.10815163997423154,-0.10522322333470793,-0.10522322333470793,-0.10522322333470793,-1.356045049580353,-1.356045049580353,-1.356045049580353,1.4549932127956295,1.4549932127956295,1.4549932127956295,1.986256832365531,1.986256832365531,1.986256832365531,1.6283312301402828,1.6283312301402828,1.6283312301402828,-8.72494695303511,-8.72494695303511,-8.72494695303511,0.0,0.0,0.0,54.54503772470352
620,2018-04-09 14:00:00,56.489949841286645,43.02663446353471,62.927926066002385,56.489949841286645,56.489949841286645,0.0,0.0,0.0,0.0,0.0,0.0,0.0,0.0,0.0,0.0,0.0,0.0,0.0,0.0,0.0,0.0,0.0,0.0,0.0,0.0,0.0,0.0,0.0,0.0,0.0,0.0,0.0,0.0,0.0,0.0,-3.594687235937992,-3.594687235937992,-3.594687235937992,-0.6465731053471846,-0.6465731053471846,-0.6465731053471846,-0.37585152169173935,-0.37585152169173935,-0.37585152169173935,3.4661832595424733,3.4661832595424733,3.4661832595424733,2.368581591879235,2.368581591879235,2.368581591879235,0.0,0.0,0.0,0.21615249867214062,0.21615249867214062,0.21615249867214062,-0.13487771605034418,-0.13487771605034418,-0.13487771605034418,-1.282861644101861,-1.282861644101861,-1.282861644101861,1.4265806633692062,1.4265806633692062,1.4265806633692062,2.3061819082832495,2.3061819082832495,2.3061819082832495,1.2484593874658358,1.2484593874658358,1.2484593874658358,-8.72047929841653,-8.72047929841653,-8.72047929841653,0.0,0.0,0.0,52.895262605348655
621,2018-04-09 15:00:00,56.489610254452955,42.97770236943748,62.7995275712983,56.489610254452955,56.489610254452955,0.0,0.0,0.0,0.0,0.0,0.0,0.0,0.0,0.0,0.0,0.0,0.0,0.0,0.0,0.0,0.0,0.0,0.0,0.0,0.0,0.0,0.0,0.0,0.0,0.0,0.0,0.0,0.0,0.0,0.0,-3.8393171251334177,-3.8393171251334177,-3.8393171251334177,-0.711155164116328,-0.711155164116328,-0.711155164116328,-0.5253624130210005,-0.5253624130210005,-0.5253624130210005,2.9842284020912815,2.9842284020912815,2.9842284020912815,2.2766697067222306,2.2766697067222306,2.2766697067222306,0.0,0.0,0.0,0.3241533573700497,0.3241533573700497,0.3241533573700497,-0.2407866186061879,-0.2407866186061879,-0.2407866186061879,-1.081278611047332,-1.081278611047332,-1.081278611047332,1.3739081678940674,1.3739081678940674,1.3739081678940674,2.603566897212302,2.603566897212302,2.603566897212302,0.8569248127794543,0.8569248127794543,0.8569248127794543,-8.715957260320673,-8.715957260320673,-8.715957260320673,0.0,0.0,0.0,52.650293129319536
622,2018-04-09 16:00:00,56.489270667619266,45.25210954032692,64.24277025927304,56.489270667619266,56.489270667619266,0.0,0.0,0.0,0.0,0.0,0.0,0.0,0.0,0.0,0.0,0.0,0.0,0.0,0.0,0.0,0.0,0.0,0.0,0.0,0.0,0.0,0.0,0.0,0.0,0.0,0.0,0.0,0.0,0.0,0.0,-2.0669242577156197,-2.0669242577156197,-2.0669242577156197,1.0126044020878344,1.0126044020878344,1.0126044020878344,-0.6748733043502613,-0.6748733043502613,-0.6748733043502613,2.754381946967427,2.754381946967427,2.754381946967427,2.3533475777648145,2.3533475777648145,2.3533475777648145,0.0,0.0,0.0,0.4321542160679588,0.4321542160679588,0.4321542160679588,-0.21442706952562235,-0.21442706952562235,-0.21442706952562235,-0.7631279980090969,-0.7631279980090969,-0.7631279980090969,1.20867826507579,1.20867826507579,1.20867826507579,2.877470282244713,2.877470282244713,2.877470282244713,0.41263025994384406,0.41263025994384406,0.41263025994384406,-8.711380889015594,-8.711380889015594,-8.711380889015594,0.0,0.0,0.0,54.422346409903646
623,2018-04-09 17:00:00,56.48893108078557,48.295433733440746,67.27039200808876,56.48893108078557,56.48893108078557,0.0,0.0,0.0,0.0,0.0,0.0,0.0,0.0,0.0,0.0,0.0,0.0,0.0,0.0,0.0,0.0,0.0,0.0,0.0,0.0,0.0,0.0,0.0,0.0,0.0,0.0,0.0,0.0,0.0,0.0,1.6607410512002372,1.6607410512002372,1.6607410512002372,3.7943824224160956,3.7943824224160956,3.7943824224160956,-0.8243841956795225,-0.8243841956795225,-0.8243841956795225,3.4459361449219124,3.4459361449219124,3.4459361449219124,2.6092790148870812,2.6092790148870812,2.6092790148870812,0.0,0.0,0.0,0.5401550747658679,0.5401550747658679,0.5401550747658679,0.07599867659418025,0.07599867659418025,0.07599867659418025,-0.22192137665617653,-0.22192137665617653,-0.22192137665617653,1.0502236625053514,1.0502236625053514,1.0502236625053514,3.127172720852502,3.127172720852502,3.127172720852502,0.216585288505131,0.216585288505131,0.216585288505131,-8.706750236990272,-8.706750236990272,-8.706750236990272,0.0,0.0,0.0,58.14967213198581
624,2018-04-09 18:00:00,56.74007562899917,51.89651281749909,72.34881046650594,56.74007562899917,56.74007562899917,0.0,0.0,0.0,0.0,0.0,0.0,0.0,0.0,0.0,0.0,0.0,0.0,0.0,0.0,0.0,0.0,0.0,0.0,0.0,0.0,0.0,0.0,0.0,0.0,0.0,0.0,0.0,0.0,0.0,0.0,4.959511211516959,4.959511211516959,4.959511211516959,6.085670111950707,6.085670111950707,6.085670111950707,-1.1145146193965774,-1.1145146193965774,-1.1145146193965774,3.9983067334230453,3.9983067334230453,3.9983067334230453,2.7471705580465007,2.7471705580465007,2.7471705580465007,0.0,0.0,0.0,0.6144310055758555,0.6144310055758555,0.6144310055758555,0.17768865490255537,0.17768865490255537,0.17768865490255537,0.295779316594101,0.295779316594101,0.295779316594101,1.121375112474754,1.121375112474754,1.121375112474754,3.4948589487281403,3.4948589487281403,3.4948589487281403,0.1563767052258563,0.1563767052258563,0.1563767052258563,-8.619324582584934,-8.619324582584934,-8.619324582584934,0.0,0.0,0.0,61.69958684051613
625,2018-04-09 19:00:00,56.73979098303998,52.20778999604373,72.4219861839381,56.73979098303998,56.73979098303998,0.0,0.0,0.0,0.0,0.0,0.0,0.0,0.0,0.0,0.0,0.0,0.0,0.0,0.0,0.0,0.0,0.0,0.0,0.0,0.0,0.0,0.0,0.0,0.0,0.0,0.0,0.0,0.0,0.0,0.0,5.637503138907274,5.637503138907274,5.637503138907274,6.372206727585,6.372206727585,6.372206727585,-1.2854954272076398,-1.2854954272076398,-1.2854954272076398,4.169100992221993,4.169100992221993,4.169100992221993,2.766305699648513,2.766305699648513,2.766305699648513,0.0,0.0,0.0,0.7168123704714779,0.7168123704714779,0.7168123704714779,0.13313453949179874,0.13313453949179874,0.13313453949179874,0.44082708752803723,0.44082708752803723,0.44082708752803723,1.3132180217748304,1.3132180217748304,1.3132180217748304,3.7106817882925234,3.7106817882925234,3.7106817882925234,0.08429870051497525,0.08429870051497525,0.08429870051497525,-8.614486369192242,-8.614486369192242,-8.614486369192242,0.0,0.0,0.0,62.37729412194726
626,2018-04-09 20:00:00,56.7395063370808,48.44448685617467,69.57129351794069,56.7395063370808,56.7395063370808,0.0,0.0,0.0,0.0,0.0,0.0,0.0,0.0,0.0,0.0,0.0,0.0,0.0,0.0,0.0,0.0,0.0,0.0,0.0,0.0,0.0,0.0,0.0,0.0,0.0,0.0,0.0,0.0,0.0,0.0,1.8593824018386984,1.8593824018386984,1.8593824018386984,4.485695479892189,4.485695479892189,4.485695479892189,-1.4564762350187022,-1.4564762350187022,-1.4564762350187022,2.0826190965073077,2.0826190965073077,2.0826190965073077,1.8912608458483924,1.8912608458483924,1.8912608458483924,0.0,0.0,0.0,0.8191937353671003,0.8191937353671003,0.8191937353671003,-0.34691421380645154,-0.34691421380645154,-0.34691421380645154,0.4599006476202673,0.4599006476202673,0.4599006476202673,0.7319295760434207,0.7319295760434207,0.7319295760434207,3.9006634424067137,3.9006634424067137,3.9006634424067137,-0.016275259546719212,-0.016275259546719212,-0.016275259546719212,-8.60959561696751,-8.60959561696751,-8.60959561696751,0.0,0.0,0.0,58.5988887389195
627,2018-04-09 21:00:00,56.739221691121614,44.41285643668328,65.10121949648311,56.739221691121614,56.739221691121614,0.0,0.0,0.0,0.0,0.0,0.0,0.0,0.0,0.0,0.0,0.0,0.0,0.0,0.0,0.0,0.0,0.0,0.0,0.0,0.0,0.0,0.0,0.0,0.0,0.0,0.0,0.0,0.0,0.0,0.0,-2.714637562339317,-2.714637562339317,-2.714637562339317,1.3953300575008691,1.3953300575008691,1.3953300575008691,-1.6274570428297643,-1.6274570428297643,-1.6274570428297643,0.429784620213229,0.429784620213229,0.429784620213229,1.242217529347712,1.242217529347712,1.242217529347712,0.0,0.0,0.0,0.9215751002627226,0.9215751002627226,0.9215751002627226,-0.7098992128882041,-0.7098992128882041,-0.7098992128882041,0.463449216939752,0.463449216939752,0.463449216939752,0.1818765231657185,0.1818765231657185,0.1818765231657185,4.0649001507714395,4.0649001507714395,4.0649001507714395,-0.041977493784707796,-0.041977493784707796,-0.041977493784707796,-8.604652390824855,-8.604652390824855,-8.604652390824855,0.0,0.0,0.0,54.024584128782294
628,2018-04-09 22:00:00,56.73893704516243,40.18896599618366,60.45549412775124,56.73893704516243,56.73893704516243,0.0,0.0,0.0,0.0,0.0,0.0,0.0,0.0,0.0,0.0,0.0,0.0,0.0,0.0,0.0,0.0,0.0,0.0,0.0,0.0,0.0,0.0,0.0,0.0,0.0,0.0,0.0,0.0,0.0,0.0,-6.817424173091449,-6.817424173091449,-6.817424173091449,-1.6046314649095832,-1.6046314649095832,-1.6046314649095832,-1.798437850640826,-1.798437850640826,-1.798437850640826,-0.8168394559901571,-0.8168394559901571,-0.8168394559901571,0.018085632808181998,0.018085632808181998,0.018085632808181998,0.0,0.0,0.0,1.0239564651583453,1.0239564651583453,1.0239564651583453,-0.8693330572502254,-0.8693330572502254,-0.8693330572502254,0.44082708752803723,0.44082708752803723,0.44082708752803723,-0.6694540778044826,-0.6694540778044826,-0.6694540778044826,4.203703505667295,4.203703505667295,4.203703505667295,1.0375163442108128,1.0375163442108128,1.0375163442108128,-8.599656757859004,-8.599656757859004,-8.599656757859004,0.0,0.0,0.0,49.921512872070984
629,2018-04-09 23:00:00,56.73865239920325,37.60779510285471,57.98566267442897,56.73865239920325,56.73865239920325,0.0,0.0,0.0,0.0,0.0,0.0,0.0,0.0,0.0,0.0,0.0,0.0,0.0,0.0,0.0,0.0,0.0,0.0,0.0,0.0,0.0,0.0,0.0,0.0,0.0,0.0,0.0,0.0,0.0,0.0,-9.144551608085202,-9.144551608085202,-9.144551608085202,-3.827969513978846,-3.827969513978846,-3.827969513978846,-1.9694186584518887,-1.9694186584518887,-1.9694186584518887,-1.0395647757484747,-1.0395647757484747,-1.0395647757484747,-0.1711971192549646,-0.1711971192549646,-0.1711971192549646,0.0,0.0,0.0,1.1263378300539675,1.1263378300539675,1.1263378300539675,-0.8640913966136657,-0.8640913966136657,-0.8640913966136657,0.5069191911034393,0.5069191911034393,0.5069191911034393,-0.9492434478345019,-0.9492434478345019,-0.9492434478345019,4.317591468984157,4.317591468984157,4.317591468984157,1.2811288252491395,1.2811288252491395,1.2811288252491395,-8.594608787342036,-8.594608787342036,-8.594608787342036,0.0,0.0,0.0,47.594100791118045
630,2018-04-10 00:00:00,56.738367753244056,34.87368096703936,55.39161459349078,56.738367753244056,56.738367753244056,0.0,0.0,0.0,0.0,0.0,0.0,0.0,0.0,0.0,0.0,0.0,0.0,0.0,0.0,0.0,0.0,0.0,0.0,0.0,0.0,0.0,0.0,0.0,0.0,0.0,0.0,0.0,0.0,0.0,0.0,-12.192894897555684,-12.192894897555684,-12.192894897555684,-5.396470688017324,-5.396470688017324,-5.396470688017324,-2.1403994662629504,-2.1403994662629504,-2.1403994662629504,-2.6141930449829403,-2.6141930449829403,-2.6141930449829403,-0.30514311046904924,-0.30514311046904924,-0.30514311046904924,0.0,0.0,0.0,0.00014281620212111608,0.00014281620212111608,0.00014281620212111608,-1.0121683095964744,-1.0121683095964744,-1.0121683095964744,0.5823262891424886,0.5823262891424886,0.5823262891424886,-1.1390926086545545,-1.1390926086545545,-1.1390926086545545,4.407277386168822,4.407277386168822,4.407277386168822,1.400141344655478,1.400141344655478,1.400141344655478,-8.589508550724238,-8.589508550724238,-8.589508550724238,0.0,0.0,0.0,44.545472855688374
631,2018-04-10 01:00:00,56.73808310728487,31.99803909938973,52.603203456953594,56.73808310728487,56.73808310728487,0.0,0.0,0.0,0.0,0.0,0.0,0.0,0.0,0.0,0.0,0.0,0.0,0.0,0.0,0.0,0.0,0.0,0.0,0.0,0.0,0.0,0.0,0.0,0.0,0.0,0.0,0.0,0.0,0.0,0.0,-14.444511485426101,-14.444511485426101,-14.444511485426101,-6.658742923489622,-6.658742923489622,-6.658742923489622,-2.1403994662629504,-2.1403994662629504,-2.1403994662629504,-3.675069589535497,-3.675069589535497,-3.675069589535497,-0.3904754986942383,-0.3904754986942383,-0.3904754986942383,0.0,0.0,0.0,-1.1260521976497253,-1.1260521976497253,-1.1260521976497253,-1.0296405117183398,-1.0296405117183398,-1.0296405117183398,0.6204734093269489,0.6204734093269489,0.6204734093269489,-1.1907085415262841,-1.1907085415262841,-1.1907085415262841,4.473657149236733,4.473657149236733,4.473657149236733,1.581733216989093,1.581733216989093,1.581733216989093,-8.584356121637713,-8.584356121637713,-8.584356121637713,0.0,0.0,0.0,42.293571621858774
632,2018-04-10 02:00:00,56.73779846132569,31.353645450930617,52.442301311791766,56.73779846132569,56.73779846132569,0.0,0.0,0.0,0.0,0.0,0.0,0.0,0.0,0.0,0.0,0.0,0.0,0.0,0.0,0.0,0.0,0.0,0.0,0.0,0.0,0.0,0.0,0.0,0.0,0.0,0.0,0.0,0.0,0.0,0.0,-15.079799487675674,-15.079799487675674,-15.079799487675674,-7.5206487829774495,-7.5206487829774495,-7.5206487829774495,-2.1403994662629504,-2.1403994662629504,-2.1403994662629504,-3.497793809033491,-3.497793809033491,-3.497793809033491,-0.35996270532886765,-0.35996270532886765,-0.35996270532886765,0.0,0.0,0.0,-1.0236708327541029,-1.0236708327541029,-1.0236708327541029,-1.036629392567086,-1.036629392567086,-1.036629392567086,0.6271269768009827,0.6271269768009827,0.6271269768009827,-1.2303619835178703,-1.2303619835178703,-1.2303619835178703,4.5177946802287625,4.5177946802287625,4.5177946802287625,1.6661035945964033,1.6661035945964033,1.6661035945964033,-8.579151575893494,-8.579151575893494,-8.579151575893494,0.0,0.0,0.0,41.65799897365002
633,2018-04-10 03:00:00,56.7375138153665,32.661087643248145,52.64702573191494,56.7375138153665,56.7375138153665,0.0,0.0,0.0,0.0,0.0,0.0,0.0,0.0,0.0,0.0,0.0,0.0,0.0,0.0,0.0,0.0,0.0,0.0,0.0,0.0,0.0,0.0,0.0,0.0,0.0,0.0,0.0,0.0,0.0,0.0,-14.149709782502075,-14.149709782502075,-14.149709782502075,-7.399026393853488,-7.399026393853488,-7.399026393853488,-2.1403994662629504,-2.1403994662629504,-2.1403994662629504,-2.7176943218879135,-2.7176943218879135,-2.7176943218879135,0.037737940399437654,0.037737940399437654,0.037737940399437654,0.0,0.0,0.0,-0.9212894678584804,-0.9212894678584804,-0.9212894678584804,-0.9252441040401943,-0.9252441040401943,-0.9252441040401943,0.6271269768009827,0.6271269768009827,0.6271269768009827,-1.1678911978104554,-1.1678911978104554,-1.1678911978104554,4.540905924724602,4.540905924724602,4.540905924724602,1.7722649968837474,1.7722649968837474,1.7722649968837474,-8.573894991485277,-8.573894991485277,-8.573894991485277,0.0,0.0,0.0,42.587804032864426
634,2018-04-10 04:00:00,56.737229169407314,36.22613906080936,56.74955403649537,56.737229169407314,56.737229169407314,0.0,0.0,0.0,0.0,0.0,0.0,0.0,0.0,0.0,0.0,0.0,0.0,0.0,0.0,0.0,0.0,0.0,0.0,0.0,0.0,0.0,0.0,0.0,0.0,0.0,0.0,0.0,0.0,0.0,0.0,-10.206633632601962,-10.206633632601962,-10.206633632601962,-5.8273280237639735,-5.8273280237639735,-5.8273280237639735,-2.1403994662629504,-2.1403994662629504,-2.1403994662629504,-0.35506072033578007,-0.35506072033578007,-0.35506072033578007,1.2060159101006622,1.2060159101006622,1.2060159101006622,0.0,0.0,0.0,-0.818908102962858,-0.818908102962858,-0.818908102962858,-0.40675650607384034,-0.40675650607384034,-0.40675650607384034,0.6275705479659183,0.6275705479659183,0.6275705479659183,-0.6898346178225047,-0.6898346178225047,-0.6898346178225047,4.544341560083759,4.544341560083759,4.544341560083759,1.8672515147197926,1.8672515147197926,1.8672515147197926,-8.568586448585968,-8.568586448585968,-8.568586448585968,0.0,0.0,0.0,46.53059553680535
635,2018-04-10 05:00:00,56.73694452344813,41.95400196722965,62.20268026505289,56.73694452344813,56.73694452344813,0.0,0.0,0.0,0.0,0.0,0.0,0.0,0.0,0.0,0.0,0.0,0.0,0.0,0.0,0.0,0.0,0.0,0.0,0.0,0.0,0.0,0.0,0.0,0.0,0.0,0.0,0.0,0.0,0.0,0.0,-4.454293367200678,-4.454293367200678,-4.454293367200678,-3.064121484026904,-3.064121484026904,-3.064121484026904,-2.1403994662629504,-2.1403994662629504,-2.1403994662629504,2.6434855102166273,2.6434855102166273,2.6434855102166273,2.700108453025336,2.700108453025336,2.700108453025336,0.0,0.0,0.0,-0.7165267380672357,-0.7165267380672357,-0.7165267380672357,0.11435192221079349,0.11435192221079349,0.11435192221079349,0.6253526921412403,0.6253526921412403,0.6253526921412403,0.09836061461360665,0.09836061461360665,0.09836061461360665,4.52956863616354,4.52956863616354,4.52956863616354,1.9622380325558368,1.9622380325558368,1.9622380325558368,-8.563226029553942,-8.563226029553942,-8.563226029553942,0.0,0.0,0.0,52.282651156247454
636,2018-04-10 06:00:00,56.73665987748894,46.023557992132545,67.15344897042274,56.73665987748894,56.73665987748894,0.0,0.0,0.0,0.0,0.0,0.0,0.0,0.0,0.0,0.0,0.0,0.0,0.0,0.0,0.0,0.0,0.0,0.0,0.0,0.0,0.0,0.0,0.0,0.0,0.0,0.0,0.0,0.0,0.0,0.0,-0.24413439835575185,-0.24413439835575185,-0.24413439835575185,-0.05897699201016145,-0.05897699201016145,-0.05897699201016145,-2.1403994662629504,-2.1403994662629504,-2.1403994662629504,3.874505036575872,3.874505036575872,3.874505036575872,3.0610903135173477,3.0610903135173477,3.0610903135173477,0.0,0.0,0.0,-0.6141453731716132,-0.6141453731716132,-0.6141453731716132,0.42317309471476344,0.42317309471476344,0.42317309471476344,0.5565991615762248,0.5565991615762248,0.5565991615762248,0.3974228866171902,0.3974228866171902,0.3974228866171902,4.498151376003354,4.498151376003354,4.498151376003354,2.1907644195849096,2.1907644195849096,2.1907644195849096,-8.557813818924815,-8.557813818924815,-8.557813818924815,0.0,0.0,0.0,56.492525479133185
637,2018-04-10 07:00:00,56.736375231529756,48.8633915227397,69.52508218684815,56.736375231529756,56.736375231529756,0.0,0.0,0.0,0.0,0.0,0.0,0.0,0.0,0.0,0.0,0.0,0.0,0.0,0.0,0.0,0.0,0.0,0.0,0.0,0.0,0.0,0.0,0.0,0.0,0.0,0.0,0.0,0.0,0.0,0.0,2.3536306255803505,2.3536306255803505,2.3536306255803505,2.210844218217049,2.210844218217049,2.210844218217049,-2.1403994662629504,-2.1403994662629504,-2.1403994662629504,4.243404939299411,4.243404939299411,4.243404939299411,3.2095169524302523,3.2095169524302523,3.2095169524302523,0.0,0.0,0.0,-0.5117640082759908,-0.5117640082759908,-0.5117640082759908,0.5625139066366396,0.5625139066366396,0.5625139066366396,0.056694458693821004,0.056694458693821004,0.056694458693821004,0.6196150783354082,0.6196150783354082,0.6196150783354082,4.451731371483321,4.451731371483321,4.451731371483321,2.4472280177422303,2.4472280177422303,2.4472280177422303,-8.55234990341943,-8.55234990341943,-8.55234990341943,0.0,0.0,0.0,59.09000585711011
638,2018-04-10 08:00:00,56.73609058557057,49.41030125790009,70.23256458419812,56.73609058557057,56.73609058557057,0.0,0.0,0.0,0.0,0.0,0.0,0.0,0.0,0.0,0.0,0.0,0.0,0.0,0.0,0.0,0.0,0.0,0.0,0.0,0.0,0.0,0.0,0.0,0.0,0.0,0.0,0.0,0.0,0.0,0.0,2.9513281074548696,2.9513281074548696,2.9513281074548696,3.3891692771290898,3.3891692771290898,3.3891692771290898,-2.1403994662629504,-2.1403994662629504,-2.1403994662629504,3.71698578921962,3.71698578921962,3.71698578921962,3.1934848067637014,3.1934848067637014,3.1934848067637014,0.0,0.0,0.0,-0.4093826433803685,-0.4093826433803685,-0.4093826433803685,0.5149021558545565,0.5149021558545565,0.5149021558545565,-0.8033900301162773,-0.8033900301162773,-0.8033900301162773,0.7301573551722883,0.7301573551722883,0.7301573551722883,4.392007413047377,4.392007413047377,4.392007413047377,2.63161361118867,2.63161361118867,2.63161361118867,-8.546834371941218,-8.546834371941218,-8.546834371941218,0.0,0.0,0.0,59.68741869302544
639,2018-04-10 09:00:00,56.73580593961138,47.89611135807894,68.9653864098997,56.73580593961138,56.73580593961138,0.0,0.0,0.0,0.0,0.0,0.0,0.0,0.0,0.0,0.0,0.0,0.0,0.0,0.0,0.0,0.0,0.0,0.0,0.0,0.0,0.0,0.0,0.0,0.0,0.0,0.0,0.0,0.0,0.0,0.0,1.9446471715263771,1.9446471715263771,1.9446471715263771,3.7689819424675797,3.7689819424675797,3.7689819424675797,-2.1403994662629504,-2.1403994662629504,-2.1403994662629504,2.396217350478768,2.396217350478768,2.396217350478768,3.0243715282810544,3.0243715282810544,3.0243715282810544,0.0,0.0,0.0,-0.30700127848474607,-0.30700127848474607,-0.30700127848474607,-0.15690401573116594,-0.15690401573116594,-0.15690401573116594,-1.4394710806339055,-1.4394710806339055,-1.4394710806339055,0.8320600552623983,0.8320600552623983,0.8320600552623983,4.320715194152615,4.320715194152615,4.320715194152615,2.583561608048083,2.583561608048083,2.583561608048083,-8.541267315572586,-8.541267315572586,-8.541267315572586,0.0,0.0,0.0,58.68045311113776
640,2018-04-10 10:00:00,56.73552129365219,48.188146960742266,68.03813733644526,56.73552129365219,56.73552129365219,0.0,0.0,0.0,0.0,0.0,0.0,0.0,0.0,0.0,0.0,0.0,0.0,0.0,0.0,0.0,0.0,0.0,0.0,0.0,0.0,0.0,0.0,0.0,0.0,0.0,0.0,0.0,0.0,0.0,0.0,1.1432488355097759,1.1432488355097759,1.1432488355097759,3.7470370069995758,3.7470370069995758,3.7470370069995758,-2.1403994662629504,-2.1403994662629504,-2.1403994662629504,1.6922535266275172,1.6922535266275172,1.6922535266275172,2.8273312863792546,2.8273312863792546,2.8273312863792546,0.0,0.0,0.0,-0.20461991358912368,-0.20461991358912368,-0.20461991358912368,-0.5897778233003799,-0.5897778233003799,-0.5897778233003799,-1.6075845521444923,-1.6075845521444923,-1.6075845521444923,0.9505773260193741,0.9505773260193741,0.9505773260193741,4.239607129463696,4.239607129463696,4.239607129463696,2.4567266695258345,2.4567266695258345,2.4567266695258345,-8.535648827581014,-8.535648827581014,-8.535648827581014,0.0,0.0,0.0,57.878770129161964
641,2018-04-10 11:00:00,56.73523664769301,46.72673525258525,67.24769556933252,56.73523664769301,56.73523664769301,0.0,0.0,0.0,0.0,0.0,0.0,0.0,0.0,0.0,0.0,0.0,0.0,0.0,0.0,0.0,0.0,0.0,0.0,0.0,0.0,0.0,0.0,0.0,0.0,0.0,0.0,0.0,0.0,0.0,0.0,0.3529994051467234,0.3529994051467234,0.3529994051467234,3.3391352083298216,3.3391352083298216,3.3391352083298216,-2.1403994662629504,-2.1403994662629504,-2.1403994662629504,1.3934106788278324,1.3934106788278324,1.3934106788278324,2.655632177950389,2.655632177950389,2.655632177950389,0.0,0.0,0.0,-0.1022385486935013,-0.1022385486935013,-0.1022385486935013,-0.6609770469469812,-0.6609770469469812,-0.6609770469469812,-1.655933809122471,-1.655933809122471,-1.655933809122471,0.9523495468905064,0.9523495468905064,0.9523495468905064,4.150432521403032,4.150432521403032,4.150432521403032,2.344977825012841,2.344977825012841,2.344977825012841,-8.529979003413963,-8.529979003413963,-8.529979003413963,0.0,0.0,0.0,57.08823605283973
642,2018-04-10 12:00:00,56.734952001733824,45.128522857636376,65.23440421885284,56.734952001733824,56.734952001733824,0.0,0.0,0.0,0.0,0.0,0.0,0.0,0.0,0.0,0.0,0.0,0.0,0.0,0.0,0.0,0.0,0.0,0.0,0.0,0.0,0.0,0.0,0.0,0.0,0.0,0.0,0.0,0.0,0.0,0.0,-1.418829867333842,-1.418829867333842,-1.418829867333842,2.299682208032191,2.299682208032191,2.299682208032191,-2.1403994662629504,-2.1403994662629504,-2.1403994662629504,0.7508275630403994,0.7508275630403994,0.7508275630403994,2.484450235510767,2.484450235510767,2.484450235510767,0.0,0.0,0.0,0.00014281620212111608,0.00014281620212111608,0.00014281620212111608,-0.973292659875324,-0.973292659875324,-0.973292659875324,-1.655933809122471,-1.655933809122471,-1.655933809122471,0.7735767665150308,0.7735767665150308,0.7735767665150308,4.054918302292932,4.054918302292932,4.054918302292932,2.2622836800732253,2.2622836800732253,2.2622836800732253,-8.524257940699364,-8.524257940699364,-8.524257940699364,0.0,0.0,0.0,55.31612213439998
643,2018-04-10 13:00:00,56.73466735577463,43.111687059636274,63.68823143341269,56.73466735577463,56.73466735577463,0.0,0.0,0.0,0.0,0.0,0.0,0.0,0.0,0.0,0.0,0.0,0.0,0.0,0.0,0.0,0.0,0.0,0.0,0.0,0.0,0.0,0.0,0.0,0.0,0.0,0.0,0.0,0.0,0.0,0.0,-3.308944617331104,-3.308944617331104,-3.308944617331104,0.7113627125916363,0.7113627125916363,0.7113627125916363,-2.1403994662629504,-2.1403994662629504,-2.1403994662629504,0.5434278397404825,0.5434278397404825,0.5434278397404825,2.323611612856017,2.323611612856017,2.323611612856017,0.0,0.0,0.0,0.10252418109774351,0.10252418109774351,0.10252418109774351,-1.016536360126941,-1.016536360126941,-1.016536360126941,-1.596938844186038,-1.596938844186038,-1.596938844186038,0.6703449007715716,0.6703449007715716,0.6703449007715716,3.9547505695842893,3.9547505695842893,3.9547505695842893,2.200821815591079,2.200821815591079,2.200821815591079,-8.518485739247511,-8.518485739247511,-8.518485739247511,0.0,0.0,0.0,53.425722738443525
644,2018-04-10 14:00:00,56.73438270981545,42.06118103935719,62.37283670110198,56.73438270981545,56.73438270981545,0.0,0.0,0.0,0.0,0.0,0.0,0.0,0.0,0.0,0.0,0.0,0.0,0.0,0.0,0.0,0.0,0.0,0.0,0.0,0.0,0.0,0.0,0.0,0.0,0.0,0.0,0.0,0.0,0.0,0.0,-4.174794963691303,-4.174794963691303,-4.174794963691303,-0.6484498790183449,-0.6484498790183449,-0.6484498790183449,-2.1403994662629504,-2.1403994662629504,-2.1403994662629504,1.1347602976929263,1.1347602976929263,1.1347602976929263,2.763719869702295,2.763719869702295,2.763719869702295,0.0,0.0,0.0,0.2049055459933659,0.2049055459933659,0.2049055459933659,-0.9903280569441426,-0.9903280569441426,-0.9903280569441426,-1.4722953468391389,-1.4722953468391389,-1.4722953468391389,0.6683511522915477,0.6683511522915477,0.6683511522915477,3.851557118682384,3.851557118682384,3.851557118682384,2.1008065997519494,2.1008065997519494,2.1008065997519494,-8.512662501048268,-8.512662501048268,-8.512662501048268,0.0,0.0,0.0,52.559587746124144
645,2018-04-10 15:00:00,56.734098063856266,42.98333890508517,62.920358881908435,56.734098063856266,56.734098063856266,0.0,0.0,0.0,0.0,0.0,0.0,0.0,0.0,0.0,0.0,0.0,0.0,0.0,0.0,0.0,0.0,0.0,0.0,0.0,0.0,0.0,0.0,0.0,0.0,0.0,0.0,0.0,0.0,0.0,0.0,-3.066449888968031,-3.066449888968031,-3.066449888968031,-0.6951902461642099,-0.6951902461642099,-0.6951902461642099,-2.1403994662629504,-2.1403994662629504,-2.1403994662629504,2.3886375242495292,2.3886375242495292,2.3886375242495292,3.5989429423306603,3.5989429423306603,3.5989429423306603,0.0,0.0,0.0,0.3072869108889883,0.3072869108889883,0.3072869108889883,-0.7365443211240487,-0.7365443211240487,-0.7365443211240487,-1.2252262079700182,-1.2252262079700182,-1.2252262079700182,0.6776553118649925,0.6776553118649925,0.6776553118649925,3.7468911632157615,3.7468911632157615,3.7468911632157615,1.9069223545219052,1.9069223545219052,1.9069223545219052,-8.506788330269112,-8.506788330269112,-8.506788330269112,0.0,0.0,0.0,53.667648174888235
646,2018-04-10 16:00:00,56.733813417897075,45.80986769562638,65.58640855023658,56.733813417897075,56.733813417897075,0.0,0.0,0.0,0.0,0.0,0.0,0.0,0.0,0.0,0.0,0.0,0.0,0.0,0.0,0.0,0.0,0.0,0.0,0.0,0.0,0.0,0.0,0.0,0.0,0.0,0.0,0.0,0.0,0.0,0.0,-0.9205819913211767,-0.9205819913211767,-0.9205819913211767,1.0492517468997917,1.0492517468997917,1.0492517468997917,-2.1403994662629504,-2.1403994662629504,-2.1403994662629504,2.8888131796264975,2.8888131796264975,2.8888131796264975,3.6573826991151837,3.6573826991151837,3.6573826991151837,0.0,0.0,0.0,0.40966827578461074,0.40966827578461074,0.40966827578461074,-0.6221013972258307,-0.6221013972258307,-0.6221013972258307,-0.7319750725616482,-0.7319750725616482,-0.7319750725616482,0.5679991454636786,0.5679991454636786,0.5679991454636786,3.6422164154099286,3.6422164154099286,3.6422164154099286,1.7482389953134538,1.7482389953134538,1.7482389953134538,-8.500863333257396,-8.500863333257396,-8.500863333257396,0.0,0.0,0.0,55.813231426575896
647,2018-04-10 17:00:00,56.73352877193789,49.39004462129568,69.2628054088971,56.73352877193789,56.73352877193789,0.0,0.0,0.0,0.0,0.0,0.0,0.0,0.0,0.0,0.0,0.0,0.0,0.0,0.0,0.0,0.0,0.0,0.0,0.0,0.0,0.0,0.0,0.0,0.0,0.0,0.0,0.0,0.0,0.0,0.0,2.871309579731563,2.871309579731563,2.871309579731563,3.847189694551296,3.847189694551296,3.847189694551296,-2.1403994662629504,-2.1403994662629504,-2.1403994662629504,3.9801138239967306,3.9801138239967306,3.9801138239967306,3.658417031093671,3.658417031093671,3.658417031093671,0.0,0.0,0.0,0.5120496406802332,0.5120496406802332,0.5120496406802332,-0.24120739096916624,-0.24120739096916624,-0.24120739096916624,0.0540330317042075,0.0540330317042075,0.0540330317042075,0.5549290165390776,0.5549290165390776,0.5549290165390776,3.5388936797228423,3.5388936797228423,3.5388936797228423,1.582291961211658,1.582291961211658,1.582291961211658,-8.494887618539305,-8.494887618539305,-8.494887618539305,0.0,0.0,0.0,59.60483835166946
648,2018-04-10 18:00:00,56.77092581312106,52.972112869726075,73.03223999900843,56.77092581312106,56.77092581312106,0.0,0.0,0.0,0.0,0.0,0.0,0.0,0.0,0.0,0.0,0.0,0.0,0.0,0.0,0.0,0.0,0.0,0.0,0.0,0.0,0.0,0.0,0.0,0.0,0.0,0.0,0.0,0.0,0.0,0.0,6.485187192315397,6.485187192315397,6.485187192315397,6.0807680159604205,6.0807680159604205,6.0807680159604205,-1.5600349376471332,-1.5600349376471332,-1.5600349376471332,6.043986179956724,6.043986179956724,6.043986179956724,3.6420593463267217,3.6420593463267217,3.6420593463267217,0.0,0.0,0.0,0.565752806774942,0.565752806774942,0.565752806774942,0.5920126935245079,0.5920126935245079,0.5920126935245079,0.3416035545594605,0.3416035545594605,0.3416035545594605,0.9942382327355714,0.9942382327355714,0.9942382327355714,2.8693762406539673,2.8693762406539673,2.8693762406539673,1.4683544836826539,1.4683544836826539,1.4683544836826539,-8.508943244255715,-8.508943244255715,-8.508943244255715,0.0,0.0,0.0,63.25611300543646
649,2018-04-10 19:00:00,56.770642918754625,52.732827491706736,72.4936658110612,56.770642918754625,56.770642918754625,0.0,0.0,0.0,0.0,0.0,0.0,0.0,0.0,0.0,0.0,0.0,0.0,0.0,0.0,0.0,0.0,0.0,0.0,0.0,0.0,0.0,0.0,0.0,0.0,0.0,0.0,0.0,0.0,0.0,0.0,5.299245321496003,5.299245321496003,5.299245321496003,6.357760395841048,6.357760395841048,6.357760395841048,-1.5600349376471332,-1.5600349376471332,-1.5600349376471332,4.658075621851041,4.658075621851041,4.658075621851041,3.368058056133308,3.368058056133308,3.368058056133308,0.0,0.0,0.0,0.6600230426263655,0.6600230426263655,0.6600230426263655,-0.3144675831190349,-0.3144675831190349,-0.3144675831190349,0.3647025505612679,0.3647025505612679,0.3647025505612679,0.7707436289567559,0.7707436289567559,0.7707436289567559,2.786246740235048,2.786246740235048,2.786246740235048,1.3690508643395116,1.3690508643395116,1.3690508643395116,-8.502837436431134,-8.502837436431134,-8.502837436431134,0.0,0.0,0.0,62.06988824025063
650,2018-04-10 20:00:00,56.77036002438818,47.81728187110003,68.19312478579894,56.77036002438818,56.77036002438818,0.0,0.0,0.0,0.0,0.0,0.0,0.0,0.0,0.0,0.0,0.0,0.0,0.0,0.0,0.0,0.0,0.0,0.0,0.0,0.0,0.0,0.0,0.0,0.0,0.0,0.0,0.0,0.0,0.0,0.0,0.9230361684534348,0.9230361684534348,0.9230361684534348,4.47151322845622,4.47151322845622,4.47151322845622,-1.5600349376471332,-1.5600349376471332,-1.5600349376471332,2.2394365211506186,2.2394365211506186,2.2394365211506186,1.5829903915028871,1.5829903915028871,1.5829903915028871,0.0,0.0,0.0,0.7542932784777889,0.7542932784777889,0.7542932784777889,-0.35988064216502774,-0.35988064216502774,-0.35988064216502774,0.36515547205149934,0.36515547205149934,0.36515547205149934,0.0980181465693684,0.0980181465693684,0.0980181465693684,2.7087675103464814,2.7087675103464814,2.7087675103464814,1.3588948123612359,1.3588948123612359,1.3588948123612359,-8.496681091499886,-8.496681091499886,-8.496681091499886,0.0,0.0,0.0,57.69339619284162
651,2018-04-10 21:00:00,56.77007713002175,43.13266634187907,62.72565275913255,56.77007713002175,56.77007713002175,0.0,0.0,0.0,0.0,0.0,0.0,0.0,0.0,0.0,0.0,0.0,0.0,0.0,0.0,0.0,0.0,0.0,0.0,0.0,0.0,0.0,0.0,0.0,0.0,0.0,0.0,0.0,0.0,0.0,0.0,-3.6465348230309673,-3.6465348230309673,-3.6465348230309673,1.3921437291412833,1.3921437291412833,1.3921437291412833,-1.5600349376471332,-1.5600349376471332,-1.5600349376471332,0.8141887177982908,0.8141887177982908,0.8141887177982908,0.7325715723099975,0.7325715723099975,0.7325715723099975,0.0,0.0,0.0,0.8485635143292124,0.8485635143292124,0.8485635143292124,-0.5562253386285849,-0.5562253386285849,-0.5562253386285849,0.4181472864085867,0.4181472864085867,0.4181472864085867,-0.4000811609497169,-0.4000811609497169,-0.4000811609497169,2.6376070565288736,2.6376070565288736,2.6376070565288736,1.3312477819759292,1.3312477819759292,1.3312477819759292,-8.490474326499415,-8.490474326499415,-8.490474326499415,0.0,0.0,0.0,53.12354230699078
652,2018-04-10 22:00:00,56.76979423565531,40.452384662287535,60.66924360691458,56.76979423565531,56.76979423565531,0.0,0.0,0.0,0.0,0.0,0.0,0.0,0.0,0.0,0.0,0.0,0.0,0.0,0.0,0.0,0.0,0.0,0.0,0.0,0.0,0.0,0.0,0.0,0.0,0.0,0.0,0.0,0.0,0.0,0.0,-6.1262640014364225,-6.1262640014364225,-6.1262640014364225,-1.592877919112257,-1.592877919112257,-1.592877919112257,-1.5600349376471332,-1.5600349376471332,-1.5600349376471332,1.3775379348243357,1.3775379348243357,1.3775379348243357,0.6879195102044041,0.6879195102044041,0.6879195102044041,0.0,0.0,0.0,0.9428337501806358,0.9428337501806358,0.9428337501806358,-0.6154404058160069,-0.6154404058160069,-0.6154404058160069,0.6473255604657338,0.6473255604657338,0.6473255604657338,-1.0042115091783104,-1.0042115091783104,-1.0042115091783104,2.5732932434973956,2.5732932434973956,2.5732932434973956,2.2791459666150127,2.2791459666150127,2.2791459666150127,-8.484217260645897,-8.484217260645897,-8.484217260645897,0.0,0.0,0.0,50.643530234218886
653,2018-04-10 23:00:00,56.76951134128887,37.07321790105239,57.36757680024786,56.76951134128887,56.76951134128887,0.0,0.0,0.0,0.0,0.0,0.0,0.0,0.0,0.0,0.0,0.0,0.0,0.0,0.0,0.0,0.0,0.0,0.0,0.0,0.0,0.0,0.0,0.0,0.0,0.0,0.0,0.0,0.0,0.0,0.0,-9.36102793228577,-9.36102793228577,-9.36102793228577,-3.807884513309087,-3.807884513309087,-3.807884513309087,-1.5600349376471332,-1.5600349376471332,-1.5600349376471332,0.40855379197333047,0.40855379197333047,0.40855379197333047,0.1992838760261507,0.1992838760261507,0.1992838760261507,0.0,0.0,0.0,1.037103986032059,1.037103986032059,1.037103986032059,-0.7187328538421865,-0.7187328538421865,-0.7187328538421865,0.6473255604657338,0.6473255604657338,0.6473255604657338,-1.3570505325964204,-1.3570505325964204,-1.3570505325964204,2.5162128043809235,2.5162128043809235,2.5162128043809235,2.160658693535127,2.160658693535127,2.160658693535127,-8.477910015330936,-8.477910015330936,-8.477910015330936,0.0,0.0,0.0,47.4084834090031
654,2018-04-11 00:00:00,56.76922844692243,34.489626655951724,54.6149811241548,56.76922844692243,56.76922844692243,0.0,0.0,0.0,0.0,0.0,0.0,0.0,0.0,0.0,0.0,0.0,0.0,0.0,0.0,0.0,0.0,0.0,0.0,0.0,0.0,0.0,0.0,0.0,0.0,0.0,0.0,0.0,0.0,0.0,0.0,-12.375102574689434,-12.375102574689434,-12.375102574689434,-5.381267999962813,-5.381267999962813,-5.381267999962813,-0.9364511851848425,-0.9364511851848425,-0.9364511851848425,-0.9888945571680426,-0.9888945571680426,-0.9888945571680426,-0.3055888716450458,-0.3055888716450458,-0.3055888716450458,0.0,0.0,0.0,0.00013139166640151298,0.00013139166640151298,0.00013139166640151298,-0.8545268049110866,-0.8545268049110866,-0.8545268049110866,0.6473255604657338,0.6473255604657338,0.6473255604657338,-1.622016050817644,-1.622016050817644,-1.622016050817644,2.4666126965579256,2.4666126965579256,2.4666126965579256,2.082231403258441,2.082231403258441,2.082231403258441,-8.471552714116504,-8.471552714116504,-8.471552714116504,0.0,0.0,0.0,44.394125872233
655,2018-04-11 01:00:00,56.76894555255599,31.16634266012907,51.38736180348728,56.76894555255599,56.76894555255599,0.0,0.0,0.0,0.0,0.0,0.0,0.0,0.0,0.0,0.0,0.0,0.0,0.0,0.0,0.0,0.0,0.0,0.0,0.0,0.0,0.0,0.0,0.0,0.0,0.0,0.0,0.0,0.0,0.0,0.0,-15.20464770425067,-15.20464770425067,-15.20464770425067,-6.659222111345803,-6.659222111345803,-6.659222111345803,-0.9364511851848425,-0.9364511851848425,-0.9364511851848425,-2.5048833570000246,-2.5048833570000246,-2.5048833570000246,-0.3578520807004561,-0.3578520807004561,-0.3578520807004561,0.0,0.0,0.0,-1.036841202699256,-1.036841202699256,-1.036841202699256,-0.9480242794175425,-0.9480242794175425,-0.9480242794175425,0.6473255604657338,0.6473255604657338,0.6473255604657338,-1.7679488362339015,-1.7679488362339015,-1.7679488362339015,2.424603246835886,2.424603246835886,2.424603246835886,1.894908666770241,1.894908666770241,1.894908666770241,-8.465145482740727,-8.465145482740727,-8.465145482740727,0.0,0.0,0.0,41.56429784830532
656,2018-04-11 02:00:00,56.768662658189555,29.755497884949293,49.85203634079803,56.768662658189555,56.768662658189555,0.0,0.0,0.0,0.0,0.0,0.0,0.0,0.0,0.0,0.0,0.0,0.0,0.0,0.0,0.0,0.0,0.0,0.0,0.0,0.0,0.0,0.0,0.0,0.0,0.0,0.0,0.0,0.0,0.0,0.0,-16.396262552212832,-16.396262552212832,-16.396262552212832,-7.5381949902014425,-7.5381949902014425,-7.5381949902014425,-0.9364511851848425,-0.9364511851848425,-0.9364511851848425,-2.78954211924578,-2.78954211924578,-2.78954211924578,-0.537475148716138,-0.537475148716138,-0.537475148716138,0.0,0.0,0.0,-0.9425709668478327,-0.9425709668478327,-0.9425709668478327,-0.9262082020327028,-0.9262082020327028,-0.9262082020327028,0.6473255604657338,0.6473255604657338,0.6473255604657338,-1.8423723151251423,-1.8423723151251423,-1.8423723151251423,2.3901630063444745,2.3901630063444745,2.3901630063444745,1.7482101381951451,1.7482101381951451,1.7482101381951451,-8.458688449110085,-8.458688449110085,-8.458688449110085,0.0,0.0,0.0,40.37240010597672
657,2018-04-11 03:00:00,56.76837976382312,30.383006921013315,51.251831467870424,56.76837976382312,56.76837976382312,0.0,0.0,0.0,0.0,0.0,0.0,0.0,0.0,0.0,0.0,0.0,0.0,0.0,0.0,0.0,0.0,0.0,0.0,0.0,0.0,0.0,0.0,0.0,0.0,0.0,0.0,0.0,0.0,0.0,0.0,-16.39582613519042,-16.39582613519042,-16.39582613519042,-7.426030607489798,-7.426030607489798,-7.426030607489798,-0.9364511851848425,-0.9364511851848425,-0.9364511851848425,-2.880758998927597,-2.880758998927597,-2.880758998927597,-0.5836494402116947,-0.5836494402116947,-0.5836494402116947,0.0,0.0,0.0,-0.8483007309964093,-0.8483007309964093,-0.8483007309964093,-0.9288795584471728,-0.9288795584471728,-0.9288795584471728,0.6473255604657338,0.6473255604657338,0.6473255604657338,-1.8278014532940257,-1.8278014532940257,-1.8278014532940257,2.363145214528225,2.363145214528225,2.363145214528225,1.596997808740815,1.596997808740815,1.596997808740815,-8.452181743301248,-8.452181743301248,-8.452181743301248,0.0,0.0,0.0,40.3725536286327
658,2018-04-11 04:00:00,56.76809686945668,31.480207899028304,51.34421667704157,56.76809686945668,56.76809686945668,0.0,0.0,0.0,0.0,0.0,0.0,0.0,0.0,0.0,0.0,0.0,0.0,0.0,0.0,0.0,0.0,0.0,0.0,0.0,0.0,0.0,0.0,0.0,0.0,0.0,0.0,0.0,0.0,0.0,0.0,-14.824142738974876,-14.824142738974876,-14.824142738974876,-5.854040956311305,-5.854040956311305,-5.854040956311305,-0.9364511851848425,-0.9364511851848425,-0.9364511851848425,-2.86776203699946,-2.86776203699946,-2.86776203699946,-0.5268195429863942,-0.5268195429863942,-0.5268195429863942,0.0,0.0,0.0,-0.7540304951449859,-0.7540304951449859,-0.7540304951449859,-0.9547026704537178,-0.9547026704537178,-0.9547026704537178,0.6473255604657338,0.6473255604657338,0.6473255604657338,-1.7448596244092096,-1.7448596244092096,-1.7448596244092096,2.343285751889883,2.343285751889883,2.343285751889883,1.4017759207139562,1.4017759207139562,1.4017759207139562,-8.445625497553992,-8.445625497553992,-8.445625497553992,0.0,0.0,0.0,41.9439541304818
659,2018-04-11 05:00:00,56.76781397509024,34.183814460756416,54.96576353337573,56.76781397509024,56.76781397509024,0.0,0.0,0.0,0.0,0.0,0.0,0.0,0.0,0.0,0.0,0.0,0.0,0.0,0.0,0.0,0.0,0.0,0.0,0.0,0.0,0.0,0.0,0.0,0.0,0.0,0.0,0.0,0.0,0.0,0.0,-12.236745925303039,-12.236745925303039,-12.236745925303039,-3.0856670450064385,-3.0856670450064385,-3.0856670450064385,-0.9364511851848425,-0.9364511851848425,-0.9364511851848425,-3.0422714774119166,-3.0422714774119166,-3.0422714774119166,-0.5562493111923533,-0.5562493111923533,-0.5562493111923533,0.0,0.0,0.0,-0.6597602592935624,-0.6597602592935624,-0.6597602592935624,-0.9782996521148709,-0.9782996521148709,-0.9782996521148709,0.6455138745048076,0.6455138745048076,0.6455138745048076,-1.6637111323651461,-1.6637111323651461,-1.6637111323651461,2.330212443391904,2.330212443391904,2.330212443391904,1.106686188234051,1.106686188234051,1.106686188234051,-8.439019846276587,-8.439019846276587,-8.439019846276587,0.0,0.0,0.0,44.5310680497872
660,2018-04-11 06:00:00,56.7675310807238,37.00162453458512,57.83075836624278,56.7675310807238,56.7675310807238,0.0,0.0,0.0,0.0,0.0,0.0,0.0,0.0,0.0,0.0,0.0,0.0,0.0,0.0,0.0,0.0,0.0,0.0,0.0,0.0,0.0,0.0,0.0,0.0,0.0,0.0,0.0,0.0,0.0,0.0,-9.306101758916075,-9.306101758916075,-9.306101758916075,-0.07675979196942997,-0.07675979196942997,-0.07675979196942997,-0.9364511851848425,-0.9364511851848425,-0.9364511851848425,-3.1204325992721365,-3.1204325992721365,-3.1204325992721365,-0.5217454450198495,-0.5217454450198495,-0.5217454450198495,0.0,0.0,0.0,-0.5654900234421391,-0.5654900234421391,-0.5654900234421391,-0.9217559413419191,-0.9217559413419191,-0.9217559413419191,0.4127122285258086,0.4127122285258086,0.4127122285258086,-1.516657511423418,-1.516657511423418,-1.516657511423418,2.3234555583615784,2.3234555583615784,2.3234555583615784,0.9289552786142231,0.9289552786142231,0.9289552786142231,-8.432364926036085,-8.432364926036085,-8.432364926036085,0.0,0.0,0.0,47.46142932180773
661,2018-04-11 07:00:00,56.767248186357364,40.061239851310816,59.64951491599122,56.767248186357364,56.767248186357364,0.0,0.0,0.0,0.0,0.0,0.0,0.0,0.0,0.0,0.0,0.0,0.0,0.0,0.0,0.0,0.0,0.0,0.0,0.0,0.0,0.0,0.0,0.0,0.0,0.0,0.0,0.0,0.0,0.0,0.0,-6.803741445951088,-6.803741445951088,-6.803741445951088,2.1935752767569436,2.1935752767569436,2.1935752767569436,-0.9364511851848425,-0.9364511851848425,-0.9364511851848425,-2.8941151861529186,-2.8941151861529186,-2.8941151861529186,-0.6881758583225154,-0.6881758583225154,-0.6881758583225154,0.0,0.0,0.0,-0.4712197875907156,-0.4712197875907156,-0.4712197875907156,-0.7044856196316791,-0.7044856196316791,-0.7044856196316791,-0.038850497235012715,-0.038850497235012715,-0.038850497235012715,-1.0391815775729896,-1.0391815775729896,-1.0391815775729896,2.322459339006121,2.322459339006121,2.322459339006121,0.9842493393848364,0.9842493393848364,0.9842493393848364,-8.425660875561231,-8.425660875561231,-8.425660875561231,0.0,0.0,0.0,49.963506740406274
662,2018-04-11 08:00:00,56.76696529199093,41.8435001008154,62.32754317934024,56.76696529199093,56.76696529199093,0.0,0.0,0.0,0.0,0.0,0.0,0.0,0.0,0.0,0.0,0.0,0.0,0.0,0.0,0.0,0.0,0.0,0.0,0.0,0.0,0.0,0.0,0.0,0.0,0.0,0.0,0.0,0.0,0.0,0.0,-5.294277230690212,-5.294277230690212,-5.294277230690212,3.372639247378375,3.372639247378375,3.372639247378375,-0.9364511851848425,-0.9364511851848425,-0.9364511851848425,-2.5746030206555814,-2.5746030206555814,-2.5746030206555814,-0.5993791439079833,-0.5993791439079833,-0.5993791439079833,0.0,0.0,0.0,-0.37694955173929223,-0.37694955173929223,-0.37694955173929223,-0.6955810982501118,-0.6955810982501118,-0.6955810982501118,-0.3359669948268871,-0.3359669948268871,-0.3359669948268871,-0.6935159015178909,-0.6935159015178909,-0.6935159015178909,2.326594378326515,2.326594378326515,2.326594378326515,1.0632408547714265,1.0632408547714265,1.0632408547714265,-8.418907835739521,-8.418907835739521,-8.418907835739521,0.0,0.0,0.0,51.472688061300715
663,2018-04-11 09:00:00,56.766682397624486,41.57245936236345,61.3990338558046,56.766682397624486,56.766682397624486,0.0,0.0,0.0,0.0,0.0,0.0,0.0,0.0,0.0,0.0,0.0,0.0,0.0,0.0,0.0,0.0,0.0,0.0,0.0,0.0,0.0,0.0,0.0,0.0,0.0,0.0,0.0,0.0,0.0,0.0,-4.801299656588889,-4.801299656588889,-4.801299656588889,3.757967726922403,3.757967726922403,3.757967726922403,-0.9364511851848425,-0.9364511851848425,-0.9364511851848425,-2.482332092915422,-2.482332092915422,-2.482332092915422,-0.55472708180239,-0.55472708180239,-0.55472708180239,0.0,0.0,0.0,-0.28267931588786877,-0.28267931588786877,-0.28267931588786877,-0.6292424139574361,-0.6292424139574361,-0.6292424139574361,-0.4627850120917115,-0.4627850120917115,-0.4627850120917115,-0.5363747608469285,-0.5363747608469285,-0.5363747608469285,2.3351706590142594,2.3351706590142594,2.3351706590142594,0.9199276768557555,0.9199276768557555,0.9199276768557555,-8.41210594961013,-8.41210594961013,-8.41210594961013,0.0,0.0,0.0,51.9653827410356
664,2018-04-11 10:00:00,56.76639950325805,42.635748499344544,61.62935915926711,56.76639950325805,56.76639950325805,0.0,0.0,0.0,0.0,0.0,0.0,0.0,0.0,0.0,0.0,0.0,0.0,0.0,0.0,0.0,0.0,0.0,0.0,0.0,0.0,0.0,0.0,0.0,0.0,0.0,0.0,0.0,0.0,0.0,0.0,-5.116762278961222,-5.116762278961222,-5.116762278961222,3.7471438062089217,3.7471438062089217,3.7471438062089217,-0.9364511851848425,-0.9364511851848425,-0.9364511851848425,-2.8061017814595934,-2.8061017814595934,-2.8061017814595934,-0.5937976361447841,-0.5937976361447841,-0.5937976361447841,0.0,0.0,0.0,-0.18840908003644535,-0.18840908003644535,-0.18840908003644535,-0.7084926542533843,-0.7084926542533843,-0.7084926542533843,-0.5375170579799116,-0.5375170579799116,-0.5375170579799116,-0.5401856016335281,-0.5401856016335281,-0.5401856016335281,2.3474510586577373,2.3474510586577373,2.3474510586577373,0.6987514337733028,0.6987514337733028,0.6987514337733028,-8.405255362368287,-8.405255362368287,-8.405255362368287,0.0,0.0,0.0,51.649637224296825
665,2018-04-11 11:00:00,56.766116608891615,40.163603688441725,61.554925191109156,56.766116608891615,56.766116608891615,0.0,0.0,0.0,0.0,0.0,0.0,0.0,0.0,0.0,0.0,0.0,0.0,0.0,0.0,0.0,0.0,0.0,0.0,0.0,0.0,0.0,0.0,0.0,0.0,0.0,0.0,0.0,0.0,0.0,0.0,-5.495018406982918,-5.495018406982918,-5.495018406982918,3.3522581848328485,3.3522581848328485,3.3522581848328485,-0.9364511851848425,-0.9364511851848425,-0.9364511851848425,-2.8115854929275854,-2.8115854929275854,-2.8115854929275854,-0.5024638727469798,-0.5024638727469798,-0.5024638727469798,0.0,0.0,0.0,-0.0941388441850219,-0.0941388441850219,-0.0941388441850219,-0.7588032000592391,-0.7588032000592391,-0.7588032000592391,-0.5117005330367153,-0.5117005330367153,-0.5117005330367153,-0.46867629510851083,-0.46867629510851083,-0.46867629510851083,2.362665122467732,2.362665122467732,2.362665122467732,0.4606484373937236,0.4606484373937236,0.4606484373937236,-8.398356221355915,-8.398356221355915,-8.398356221355915,0.0,0.0,0.0,51.2710982019087
666,2018-04-11 12:00:00,56.76583371452517,39.92663540472987,60.545985298073745,56.76583371452517,56.76583371452517,0.0,0.0,0.0,0.0,0.0,0.0,0.0,0.0,0.0,0.0,0.0,0.0,0.0,0.0,0.0,0.0,0.0,0.0,0.0,0.0,0.0,0.0,0.0,0.0,0.0,0.0,0.0,0.0,0.0,0.0,-6.8146301803941975,-6.8146301803941975,-6.8146301803941975,2.322857663998255,2.322857663998255,2.322857663998255,-0.9364511851848425,-0.9364511851848425,-0.9364511851848425,-3.1261020723758923,-3.1261020723758923,-3.1261020723758923,-0.5958272753314019,-0.5958272753314019,-0.5958272753314019,0.0,0.0,0.0,0.00013139166640151298,0.00013139166640151298,0.00013139166640151298,-0.8549720309801649,-0.8549720309801649,-0.8549720309801649,-0.45734995420893326,-0.45734995420893326,-0.45734995420893326,-0.4917655069332028,-0.4917655069332028,-0.4917655069332028,2.380022904048039,2.380022904048039,2.380022904048039,0.21013248859625158,0.21013248859625158,0.21013248859625158,-8.391408676064598,-8.391408676064598,-8.391408676064598,0.0,0.0,0.0,49.951203534130975
667,2018-04-11 13:00:00,56.76555082015874,37.4800784673692,58.261095010814635,56.76555082015874,56.76555082015874,0.0,0.0,0.0,0.0,0.0,0.0,0.0,0.0,0.0,0.0,0.0,0.0,0.0,0.0,0.0,0.0,0.0,0.0,0.0,0.0,0.0,0.0,0.0,0.0,0.0,0.0,0.0,0.0,0.0,0.0,-8.842264610177951,-8.842264610177951,-8.842264610177951,0.7393626912085847,0.7393626912085847,0.7393626912085847,-0.9364511851848425,-0.9364511851848425,-0.9364511851848425,-3.595943098938362,-3.595943098938362,-3.595943098938362,-0.931225150920006,-0.931225150920006,-0.931225150920006,0.0,0.0,0.0,0.09440162751782494,0.09440162751782494,0.09440162751782494,-0.8010996766216834,-0.8010996766216834,-0.8010996766216834,-0.2811634945088737,-0.2811634945088737,-0.2811634945088737,-0.7491093435812272,-0.7491093435812272,-0.7491093435812272,2.398728675680831,2.398728675680831,2.398728675680831,0.00870412436044637,0.00870412436044637,0.00870412436044637,-8.384412878129005,-8.384412878129005,-8.384412878129005,0.0,0.0,0.0,47.92328620998079
668,2018-04-11 14:00:00,56.7652679257923,37.121659220445956,57.393835197231205,56.7652679257923,56.7652679257923,0.0,0.0,0.0,0.0,0.0,0.0,0.0,0.0,0.0,0.0,0.0,0.0,0.0,0.0,0.0,0.0,0.0,0.0,0.0,0.0,0.0,0.0,0.0,0.0,0.0,0.0,0.0,0.0,0.0,0.0,-9.688125072520661,-9.688125072520661,-9.688125072520661,-0.6200791208640467,-0.6200791208640467,-0.6200791208640467,-0.9364511851848425,-0.9364511851848425,-0.9364511851848425,-3.1086712844896622,-3.1086712844896622,-3.1086712844896622,-0.7556613612775597,-0.7556613612775597,-0.7556613612775597,0.0,0.0,0.0,0.18867186336924835,0.18867186336924835,0.18867186336924835,-0.7921951552401161,-0.7921951552401161,-0.7921951552401161,0.05128087932105892,0.05128087932105892,0.05128087932105892,-0.8809196013765566,-0.8809196013765566,-0.8809196013765566,2.41799431415902,2.41799431415902,2.41799431415902,0.0166032758991054,0.0166032758991054,0.0166032758991054,-8.377368981325969,-8.377368981325969,-8.377368981325969,0.0,0.0,0.0,47.07714285327164
669,2018-04-11 15:00:00,56.76498503142586,38.37262644738859,59.14156343809868,56.76498503142586,56.76498503142586,0.0,0.0,0.0,0.0,0.0,0.0,0.0,0.0,0.0,0.0,0.0,0.0,0.0,0.0,0.0,0.0,0.0,0.0,0.0,0.0,0.0,0.0,0.0,0.0,0.0,0.0,0.0,0.0,0.0,0.0,-8.148731197734946,-8.148731197734946,-8.148731197734946,-0.6696787365408966,-0.6696787365408966,-0.6696787365408966,-0.9364511851848425,-0.9364511851848425,-0.9364511851848425,-1.5458274943112877,-1.5458274943112877,-1.5458274943112877,-0.2244033041803308,-0.2244033041803308,-0.2244033041803308,0.0,0.0,0.0,0.28294209922067176,0.28294209922067176,0.28294209922067176,-0.41197209224719594,-0.41197209224719594,-0.41197209224719594,0.4838209024921566,0.4838209024921566,0.4838209024921566,-0.8268953290488791,-0.8268953290488791,-0.8268953290488791,2.4370521746844345,2.4370521746844345,2.4370521746844345,0.08713141463713243,0.08713141463713243,0.08713141463713243,-8.370277141567199,-8.370277141567199,-8.370277141567199,0.0,0.0,0.0,48.61625383369091
670,2018-04-11 16:00:00,56.76470213705942,41.25025601410338,61.806734261774096,56.76470213705942,56.76470213705942,0.0,0.0,0.0,0.0,0.0,0.0,0.0,0.0,0.0,0.0,0.0,0.0,0.0,0.0,0.0,0.0,0.0,0.0,0.0,0.0,0.0,0.0,0.0,0.0,0.0,0.0,0.0,0.0,0.0,0.0,-5.013034907599166,-5.013034907599166,-5.013034907599166,1.0682988166801826,1.0682988166801826,1.0682988166801826,-0.9364511851848425,-0.9364511851848425,-0.9364511851848425,-0.17336348183765501,-0.17336348183765501,-0.17336348183765501,-0.04325800677468542,-0.04325800677468542,-0.04325800677468542,0.0,0.0,0.0,0.3772123350720952,0.3772123350720952,0.3772123350720952,0.09692130470937058,0.09692130470937058,0.09692130470937058,0.62830285787601,0.62830285787601,0.62830285787601,-0.30705181233566625,-0.30705181233566625,-0.30705181233566625,2.455167274460448,2.455167274460448,2.455167274460448,0.010961024800063236,0.010961024800063236,0.010961024800063236,-8.36313751690214,-8.36313751690214,-8.36313751690214,0.0,0.0,0.0,51.75166722946026
671,2018-04-11 17:00:00,56.76441924269299,44.8835558761244,64.79970793469543,56.76441924269299,56.76441924269299,0.0,0.0,0.0,0.0,0.0,0.0,0.0,0.0,0.0,0.0,0.0,0.0,0.0,0.0,0.0,0.0,0.0,0.0,0.0,0.0,0.0,0.0,0.0,0.0,0.0,0.0,0.0,0.0,0.0,0.0,-1.834324460434686,-1.834324460434686,-1.834324460434686,3.85541500887318,3.85541500887318,3.85541500887318,-0.9364511851848425,-0.9364511851848425,-0.9364511851848425,0.1945621788197911,0.1945621788197911,0.1945621788197911,0.037420150893375116,0.037420150893375116,0.037420150893375116,0.0,0.0,0.0,0.47148257092351864,0.47148257092351864,0.47148257092351864,0.25275042888679694,0.25275042888679694,0.25275042888679694,0.6468726389755021,0.6468726389755021,0.6468726389755021,0.0478047150282905,0.0478047150282905,0.0478047150282905,2.4716486193845078,2.4716486193845078,2.4716486193845078,-0.32531714070284967,-0.32531714070284967,-0.32531714070284967,-8.355950267512165,-8.355950267512165,-8.355950267512165,0.0,0.0,0.0,54.9300947822583
672,2018-04-11 18:00:00,56.73332072282138,45.5990156004941,65.74380539572589,56.73332072282138,56.73332072282138,0.0,0.0,0.0,0.0,0.0,0.0,0.0,0.0,0.0,0.0,0.0,0.0,0.0,0.0,0.0,0.0,0.0,0.0,0.0,0.0,0.0,0.0,0.0,0.0,0.0,0.0,0.0,0.0,0.0,0.0,-0.5073491501227673,-0.5073491501227673,-0.5073491501227673,6.114900479987793,6.114900479987793,6.114900479987793,-1.2513878157903544,-1.2513878157903544,-1.2513878157903544,-1.032155718506389,-1.032155718506389,-1.032155718506389,-0.11810616027322218,-0.11810616027322218,-0.11810616027322218,0.0,0.0,0.0,0.594627242085332,0.594627242085332,0.594627242085332,-0.4010982522601179,-0.4010982522601179,-0.4010982522601179,0.6154750496148815,0.6154750496148815,0.6154750496148815,0.23079147250689822,0.23079147250689822,0.23079147250689822,2.716959305352521,2.716959305352521,2.716959305352521,-0.7024572543898066,-0.7024572543898066,-0.7024572543898066,-8.30705321695669,-8.30705321695669,-8.30705321695669,0.0,0.0,0.0,56.22597157269861
673,2018-04-11 19:00:00,56.73304073476464,46.48150355708003,66.10381017946858,56.73304073476464,56.73304073476464,0.0,0.0,0.0,0.0,0.0,0.0,0.0,0.0,0.0,0.0,0.0,0.0,0.0,0.0,0.0,0.0,0.0,0.0,0.0,0.0,0.0,0.0,0.0,0.0,0.0,0.0,0.0,0.0,0.0,0.0,-0.3009097012786391,-0.3009097012786391,-0.3009097012786391,6.414193287783256,6.414193287783256,6.414193287783256,-1.2513878157903544,-1.2513878157903544,-1.2513878157903544,-1.1377848656869736,-1.1377848656869736,-1.1377848656869736,-0.07984623432938473,-0.07984623432938473,-0.07984623432938473,0.0,0.0,0.0,0.6937087854053438,0.6937087854053438,0.6937087854053438,-0.5495283190108367,-0.5495283190108367,-0.5495283190108367,0.6154750496148815,0.6154750496148815,0.6154750496148815,0.17478373512628417,0.17478373512628417,0.17478373512628417,2.722456229339827,2.722456229339827,2.722456229339827,-0.7409900667029075,-0.7409900667029075,-0.7409900667029075,-8.299774352714747,-8.299774352714747,-8.299774352714747,0.0,0.0,0.0,56.432131033486
674,2018-04-11 20:00:00,56.732760746707896,43.44006520466514,64.55400849621603,56.732760746707896,56.732760746707896,0.0,0.0,0.0,0.0,0.0,0.0,0.0,0.0,0.0,0.0,0.0,0.0,0.0,0.0,0.0,0.0,0.0,0.0,0.0,0.0,0.0,0.0,0.0,0.0,0.0,0.0,0.0,0.0,0.0,0.0,-2.487091253505019,-2.487091253505019,-2.487091253505019,4.532277755930013,4.532277755930013,4.532277755930013,-1.2513878157903544,-1.2513878157903544,-1.2513878157903544,-1.4519376631884169,-1.4519376631884169,-1.4519376631884169,-0.25594671538595165,-0.25594671538595165,-0.25594671538595165,0.0,0.0,0.0,0.7927903287253555,0.7927903287253555,0.7927903287253555,-0.5764366936849433,-0.5764366936849433,-0.5764366936849433,0.6150439664732091,0.6150439664732091,0.6150439664732091,-0.1175809789223267,-0.1175809789223267,-0.1175809789223267,2.7250170810427163,2.7250170810427163,2.7250170810427163,-0.6584197546034054,-0.6584197546034054,-0.6584197546034054,-8.292448427289331,-8.292448427289331,-8.292448427289331,0.0,0.0,0.0,54.245669493202875
675,2018-04-11 21:00:00,56.73248075865115,39.172786399350585,59.43285536305876,56.73248075865115,56.73248075865115,0.0,0.0,0.0,0.0,0.0,0.0,0.0,0.0,0.0,0.0,0.0,0.0,0.0,0.0,0.0,0.0,0.0,0.0,0.0,0.0,0.0,0.0,0.0,0.0,0.0,0.0,0.0,0.0,0.0,0.0,-7.147527046660616,-7.147527046660616,-7.147527046660616,1.4369162932056623,1.4369162932056623,1.4369162932056623,-1.2513878157903544,-1.2513878157903544,-1.2513878157903544,-3.0235112651061096,-3.0235112651061096,-3.0235112651061096,-0.7548980783795579,-0.7548980783795579,-0.7548980783795579,0.0,0.0,0.0,0.8918718720453674,0.8918718720453674,0.8918718720453674,-0.8081959207167674,-0.8081959207167674,-0.8081959207167674,0.6154750496148815,0.6154750496148815,0.6154750496148815,-0.6093245882023127,-0.6093245882023127,-0.6093245882023127,2.7241435366555242,2.7241435366555242,2.7241435366555242,-1.1070517836773663,-1.1070517836773663,-1.1070517836773663,-8.285075611415694,-8.285075611415694,-8.285075611415694,0.0,0.0,0.0,49.584953711990536
676,2018-04-11 22:00:00,56.7322007705944,41.263333840870786,61.58592834728572,56.7322007705944,56.7322007705944,0.0,0.0,0.0,0.0,0.0,0.0,0.0,0.0,0.0,0.0,0.0,0.0,0.0,0.0,0.0,0.0,0.0,0.0,0.0,0.0,0.0,0.0,0.0,0.0,0.0,0.0,0.0,0.0,0.0,0.0,-5.016829131581752,-5.016829131581752,-5.016829131581752,-1.5768756554824501,-1.5768756554824501,-1.5768756554824501,-1.2513878157903544,-1.2513878157903544,-1.2513878157903544,2.118286068406857,2.118286068406857,2.118286068406857,0.384513962742396,0.384513962742396,0.384513962742396,0.0,0.0,0.0,0.9909534153653791,0.9909534153653791,0.9909534153653791,0.032039778784377054,0.032039778784377054,0.032039778784377054,0.6051290542147467,0.6051290542147467,0.6051290542147467,-0.3757788107078603,-0.3757788107078603,-0.3757788107078603,2.719416533440308,2.719416533440308,2.719416533440308,1.7328164837981728,1.7328164837981728,1.7328164837981728,-8.277656077946467,-8.277656077946467,-8.277656077946467,0.0,0.0,0.0,51.71537163901265
677,2018-04-11 23:00:00,56.731920782537664,39.13951525090087,58.97136124390442,56.731920782537664,56.731920782537664,0.0,0.0,0.0,0.0,0.0,0.0,0.0,0.0,0.0,0.0,0.0,0.0,0.0,0.0,0.0,0.0,0.0,0.0,0.0,0.0,0.0,0.0,0.0,0.0,0.0,0.0,0.0,0.0,0.0,0.0,-7.889509427370037,-7.889509427370037,-7.889509427370037,-3.8205664110311264,-3.8205664110311264,-3.8205664110311264,-1.2513878157903544,-1.2513878157903544,-1.2513878157903544,1.4907457801868365,1.4907457801868365,1.4907457801868365,0.1974072016197936,0.1974072016197936,0.1974072016197936,0.0,0.0,0.0,1.090034958685391,1.090034958685391,1.090034958685391,-0.24051601630173797,-0.24051601630173797,-0.24051601630173797,0.6051290542147467,0.6051290542147467,0.6051290542147467,-0.787511366586969,-0.787511366586969,-0.787511366586969,2.7105012053174224,2.7105012053174224,2.7105012053174224,1.8775897643459665,1.8775897643459665,1.8775897643459665,-8.270190001843172,-8.270190001843172,-8.270190001843172,0.0,0.0,0.0,48.84241135516763
678,2018-04-12 00:00:00,56.73164079448092,37.22153861874835,56.67748952535823,56.73164079448092,56.73164079448092,0.0,0.0,0.0,0.0,0.0,0.0,0.0,0.0,0.0,0.0,0.0,0.0,0.0,0.0,0.0,0.0,0.0,0.0,0.0,0.0,0.0,0.0,0.0,0.0,0.0,0.0,0.0,0.0,0.0,0.0,-9.953288096102709,-9.953288096102709,-9.953288096102709,-5.411917487974337,-5.411917487974337,-5.411917487974337,-0.41727447148175056,-0.41727447148175056,-0.41727447148175056,1.0241566800418622,1.0241566800418622,1.0241566800418622,0.22518495607216873,0.22518495607216873,0.22518495607216873,0.0,0.0,0.0,0.00013798216526124353,0.00013798216526124353,0.00013798216526124353,-0.41325042146777907,-0.41325042146777907,-0.41325042146777907,0.6051290542147467,0.6051290542147467,0.6051290542147467,-1.0344644016783253,-1.0344644016783253,-1.0344644016783253,2.697150272000487,2.697150272000487,2.697150272000487,2.0586939822175405,2.0586939822175405,2.0586939822175405,-8.262677560170719,-8.262677560170719,-8.262677560170719,0.0,0.0,0.0,46.77835269837821
679,2018-04-12 01:00:00,56.73136080642417,34.57669475542764,54.74639119524441,56.73136080642417,56.73136080642417,0.0,0.0,0.0,0.0,0.0,0.0,0.0,0.0,0.0,0.0,0.0,0.0,0.0,0.0,0.0,0.0,0.0,0.0,0.0,0.0,0.0,0.0,0.0,0.0,0.0,0.0,0.0,0.0,0.0,0.0,-12.460106731566373,-12.460106731566373,-12.460106731566373,-6.693672239941744,-6.693672239941744,-6.693672239941744,-0.41727447148175056,-0.41727447148175056,-0.41727447148175056,-0.19052140739404058,-0.19052140739404058,-0.19052140739404058,0.16438836142168728,0.16438836142168728,0.16438836142168728,0.0,0.0,0.0,-1.0897589943548684,-1.0897589943548684,-1.0897589943548684,-0.4397247900987552,-0.4397247900987552,-0.4397247900987552,0.6064223036397635,0.6064223036397635,0.6064223036397635,-1.1404249859119193,-1.1404249859119193,-1.1404249859119193,2.679205847867725,2.679205847867725,2.679205847867725,2.1258511693918027,2.1258511693918027,2.1258511693918027,-8.255118932098313,-8.255118932098313,-8.255118932098313,0.0,0.0,0.0,44.271254074857794
680,2018-04-12 02:00:00,56.731080818367424,33.485839759490716,53.812920566139866,56.731080818367424,56.731080818367424,0.0,0.0,0.0,0.0,0.0,0.0,0.0,0.0,0.0,0.0,0.0,0.0,0.0,0.0,0.0,0.0,0.0,0.0,0.0,0.0,0.0,0.0,0.0,0.0,0.0,0.0,0.0,0.0,0.0,0.0,-13.239757917366246,-13.239757917366246,-13.239757917366246,-7.565428881435561,-7.565428881435561,-7.565428881435561,-0.41727447148175056,-0.41727447148175056,-0.41727447148175056,-0.08341439677619213,-0.08341439677619213,-0.08341439677619213,0.16910533859284532,0.16910533859284532,0.16910533859284532,0.0,0.0,0.0,-0.9906774510348567,-0.9906774510348567,-0.9906774510348567,-0.45665102578085465,-0.45665102578085465,-0.45665102578085465,0.6167682990398984,0.6167682990398984,0.6167682990398984,-1.1393437554605563,-1.1393437554605563,-1.1393437554605563,2.656599659738231,2.656599659738231,2.656599659738231,2.1346586693490828,2.1346586693490828,2.1346586693490828,-8.247514298892723,-8.247514298892723,-8.247514298892723,0.0,0.0,0.0,43.491322901001176
681,2018-04-12 03:00:00,56.730800830310685,34.03693351965476,54.75660739786741,56.730800830310685,56.730800830310685,0.0,0.0,0.0,0.0,0.0,0.0,0.0,0.0,0.0,0.0,0.0,0.0,0.0,0.0,0.0,0.0,0.0,0.0,0.0,0.0,0.0,0.0,0.0,0.0,0.0,0.0,0.0,0.0,0.0,0.0,-12.501609975190954,-12.501609975190954,-12.501609975190954,-7.440498566022919,-7.440498566022919,-7.440498566022919,-0.41727447148175056,-0.41727447148175056,-0.41727447148175056,0.5494007490463669,0.5494007490463669,0.5494007490463669,0.520258083556833,0.520258083556833,0.520258083556833,0.0,0.0,0.0,-0.8915959077148449,-0.8915959077148449,-0.8915959077148449,-0.3915501193112412,-0.3915501193112412,-0.3915501193112412,0.6167682990398984,0.6167682990398984,0.6167682990398984,-1.0070011482137,-1.0070011482137,-1.0070011482137,2.629351685697015,2.629351685697015,2.629351685697015,2.119796013171172,2.119796013171172,2.119796013171172,-8.239863843911415,-8.239863843911415,-8.239863843911415,0.0,0.0,0.0,44.22919085511973
682,2018-04-12 04:00:00,56.73052084225394,37.19748141504812,57.251007926855884,56.73052084225394,56.73052084225394,0.0,0.0,0.0,0.0,0.0,0.0,0.0,0.0,0.0,0.0,0.0,0.0,0.0,0.0,0.0,0.0,0.0,0.0,0.0,0.0,0.0,0.0,0.0,0.0,0.0,0.0,0.0,0.0,0.0,0.0,-9.393550753387318,-9.393550753387318,-9.393550753387318,-5.854297243769324,-5.854297243769324,-5.854297243769324,-0.41727447148175056,-0.41727447148175056,-0.41727447148175056,2.0953469930037114,2.0953469930037114,2.0953469930037114,1.1785384532206664,1.1785384532206664,1.1785384532206664,0.0,0.0,0.0,-0.792514364394833,-0.792514364394833,-0.792514364394833,-0.19017131529857023,-0.19017131529857023,-0.19017131529857023,0.6171993821815706,0.6171993821815706,0.6171993821815706,-0.43178654808847433,-0.43178654808847433,-0.43178654808847433,2.5975672499796865,2.5975672499796865,2.5975672499796865,2.1313558568651025,2.1313558568651025,2.1313558568651025,-8.232167752601391,-8.232167752601391,-8.232167752601391,0.0,0.0,0.0,47.33697008886662
683,2018-04-12 05:00:00,56.73024085419719,44.62966041462633,64.08535818530781,56.73024085419719,56.73024085419719,0.0,0.0,0.0,0.0,0.0,0.0,0.0,0.0,0.0,0.0,0.0,0.0,0.0,0.0,0.0,0.0,0.0,0.0,0.0,0.0,0.0,0.0,0.0,0.0,0.0,0.0,0.0,0.0,0.0,0.0,-2.703846890250656,-2.703846890250656,-2.703846890250656,-3.0725620779528824,-3.0725620779528824,-3.0725620779528824,-0.41727447148175056,-0.41727447148175056,-0.41727447148175056,6.031708769269373,6.031708769269373,6.031708769269373,2.736189136851967,2.736189136851967,2.736189136851967,0.0,0.0,0.0,-0.6934328210748213,-0.6934328210748213,-0.6934328210748213,1.0671441916512312,1.0671441916512312,1.0671441916512312,0.6171993821815706,0.6171993821815706,0.6171993821815706,0.5718115568668533,0.5718115568668533,0.5718115568668533,2.561432630927597,2.561432630927597,2.561432630927597,2.150071794274323,2.150071794274323,2.150071794274323,-8.224426212494745,-8.224426212494745,-8.224426212494745,0.0,0.0,0.0,54.02639396394653
684,2018-04-12 06:00:00,56.72996086614045,48.397551858624986,68.76482471935947,56.72996086614045,56.72996086614045,0.0,0.0,0.0,0.0,0.0,0.0,0.0,0.0,0.0,0.0,0.0,0.0,0.0,0.0,0.0,0.0,0.0,0.0,0.0,0.0,0.0,0.0,0.0,0.0,0.0,0.0,0.0,0.0,0.0,0.0,1.939145753941703,1.939145753941703,1.939145753941703,-0.05334956807791633,-0.05334956807791633,-0.05334956807791633,-0.41727447148175056,-0.41727447148175056,-0.41727447148175056,7.687925474494295,7.687925474494295,7.687925474494295,3.469417032679756,3.469417032679756,3.469417032679756,0.0,0.0,0.0,-0.5943512777548094,-0.5943512777548094,-0.5943512777548094,1.406102911336352,1.406102911336352,1.406102911336352,0.5732289017309974,0.5732289017309974,0.5732289017309974,1.083666052542195,1.083666052542195,1.083666052542195,2.5212092607246155,2.5212092607246155,2.5212092607246155,2.1671363254415534,2.1671363254415534,2.1671363254415534,-8.21663941319929,-8.21663941319929,-8.21663941319929,0.0,0.0,0.0,58.669106620082154
685,2018-04-12 07:00:00,56.729680878083705,50.9203302551906,70.0099860600321,56.729680878083705,56.729680878083705,0.0,0.0,0.0,0.0,0.0,0.0,0.0,0.0,0.0,0.0,0.0,0.0,0.0,0.0,0.0,0.0,0.0,0.0,0.0,0.0,0.0,0.0,0.0,0.0,0.0,0.0,0.0,0.0,0.0,0.0,4.108144060393327,4.108144060393327,4.108144060393327,2.221242146880434,2.221242146880434,2.221242146880434,-0.41727447148175056,-0.41727447148175056,-0.41727447148175056,7.618482844364911,7.618482844364911,7.618482844364911,3.4369223010562227,3.4369223010562227,3.4369223010562227,0.0,0.0,0.0,-0.49526973443479766,-0.49526973443479766,-0.49526973443479766,1.42216113493219,1.42216113493219,1.42216113493219,0.2447435477767147,0.2447435477767147,0.2447435477767147,1.2633665535587597,1.2633665535587597,1.2633665535587597,2.4772266155476155,2.4772266155476155,2.4772266155476155,2.1638335129575736,2.1638335129575736,2.1638335129575736,-8.208807546399633,-8.208807546399633,-8.208807546399633,0.0,0.0,0.0,60.837824938477034
686,2018-04-12 08:00:00,56.72940089002696,51.47918258481128,71.51075519183789,56.72940089002696,56.72940089002696,0.0,0.0,0.0,0.0,0.0,0.0,0.0,0.0,0.0,0.0,0.0,0.0,0.0,0.0,0.0,0.0,0.0,0.0,0.0,0.0,0.0,0.0,0.0,0.0,0.0,0.0,0.0,0.0,0.0,0.0,4.556520947393336,4.556520947393336,4.556520947393336,3.396176113041948,3.396176113041948,3.396176113041948,-0.41727447148175056,-0.41727447148175056,-0.41727447148175056,6.931401726340357,6.931401726340357,6.931401726340357,3.2209895683320995,3.2209895683320995,3.2209895683320995,0.0,0.0,0.0,-0.3961881911147859,-0.3961881911147859,-0.3961881911147859,1.2433506451623182,1.2433506451623182,1.2433506451623182,-0.22556815978775038,-0.22556815978775038,-0.22556815978775038,1.3020746037175626,1.3020746037175626,1.3020746037175626,2.4298739138611305,2.4298739138611305,2.4298739138611305,2.2040177315126646,2.2040177315126646,2.2040177315126646,-8.2009308058501,-8.2009308058501,-8.2009308058501,0.0,0.0,0.0,61.2859218374203
687,2018-04-12 09:00:00,56.72912090197021,50.648929056205255,70.88953540552691,56.72912090197021,56.72912090197021,0.0,0.0,0.0,0.0,0.0,0.0,0.0,0.0,0.0,0.0,0.0,0.0,0.0,0.0,0.0,0.0,0.0,0.0,0.0,0.0,0.0,0.0,0.0,0.0,0.0,0.0,0.0,0.0,0.0,0.0,3.9695077211001277,3.9695077211001277,3.9695077211001277,3.769532474833551,3.769532474833551,3.769532474833551,-0.41727447148175056,-0.41727447148175056,-0.41727447148175056,6.013393875953217,6.013393875953217,6.013393875953217,3.0281176128891927,3.0281176128891927,3.0281176128891927,0.0,0.0,0.0,-0.29710664779477414,-0.29710664779477414,-0.29710664779477414,0.9208841551161663,0.9208841551161663,0.9208841551161663,-0.6458742229182302,-0.6458742229182302,-0.6458742229182302,1.1920053437687883,1.1920053437687883,1.1920053437687883,2.3795907576779443,2.3795907576779443,2.3795907576779443,2.232642106373825,2.232642106373825,2.232642106373825,-8.193009387364585,-8.193009387364585,-8.193009387364585,0.0,0.0,0.0,60.69862862307034
688,2018-04-12 10:00:00,56.72884091391347,49.339766258907694,69.26942750604688,56.72884091391347,56.72884091391347,0.0,0.0,0.0,0.0,0.0,0.0,0.0,0.0,0.0,0.0,0.0,0.0,0.0,0.0,0.0,0.0,0.0,0.0,0.0,0.0,0.0,0.0,0.0,0.0,0.0,0.0,0.0,0.0,0.0,0.0,2.6666108133905007,2.6666108133905007,2.6666108133905007,3.7426629934636897,3.7426629934636897,3.7426629934636897,-0.41727447148175056,-0.41727447148175056,-0.41727447148175056,4.782134441848282,4.782134441848282,4.782134441848282,2.685874713692948,2.685874713692948,2.685874713692948,0.0,0.0,0.0,-0.19802510447476235,-0.19802510447476235,-0.19802510447476235,0.23472060092644034,0.23472060092644034,0.23472060092644034,-0.8333953895456752,-0.8333953895456752,-0.8333953895456752,1.0665826114106565,1.0665826114106565,1.0665826114106565,2.326856866899988,2.326856866899988,2.326856866899988,2.2436514813204256,2.2436514813204256,2.2436514813204256,-8.185043488821458,-8.185043488821458,-8.185043488821458,0.0,0.0,0.0,59.39545172730397
689,2018-04-12 11:00:00,56.728560925856726,49.16748342067427,70.18191509041434,56.728560925856726,56.728560925856726,0.0,0.0,0.0,0.0,0.0,0.0,0.0,0.0,0.0,0.0,0.0,0.0,0.0,0.0,0.0,0.0,0.0,0.0,0.0,0.0,0.0,0.0,0.0,0.0,0.0,0.0,0.0,0.0,0.0,0.0,2.1441773481677426,2.1441773481677426,2.1441773481677426,3.332379488506683,3.332379488506683,3.332379488506683,-0.41727447148175056,-0.41727447148175056,-0.41727447148175056,4.716650099362953,4.716650099362953,4.716650099362953,2.5595645472208273,2.5595645472208273,2.5595645472208273,0.0,0.0,0.0,-0.09894356115475055,-0.09894356115475055,-0.09894356115475055,0.2269084921500867,0.2269084921500867,0.2269084921500867,-0.8657266251710964,-0.8657266251710964,-0.8657266251710964,1.0596627365219318,1.0596627365219318,1.0596627365219318,2.2721810704483216,2.2721810704483216,2.2721810704483216,2.2524589812777056,2.2524589812777056,2.2524589812777056,-8.177033310150215,-8.177033310150215,-8.177033310150215,0.0,0.0,0.0,58.87273827402447
690,2018-04-12 12:00:00,56.72828093779998,48.06909805149701,68.0101294173136,56.72828093779998,56.72828093779998,0.0,0.0,0.0,0.0,0.0,0.0,0.0,0.0,0.0,0.0,0.0,0.0,0.0,0.0,0.0,0.0,0.0,0.0,0.0,0.0,0.0,0.0,0.0,0.0,0.0,0.0,0.0,0.0,0.0,0.0,1.322074467822851,1.322074467822851,1.322074467822851,2.2911663200525463,2.2911663200525463,2.2911663200525463,-0.41727447148175056,-0.41727447148175056,-0.41727447148175056,4.983797473046021,4.983797473046021,4.983797473046021,2.7430025483214178,2.7430025483214178,2.7430025483214178,0.0,0.0,0.0,0.00013798216526124353,0.00013798216526124353,0.00013798216526124353,0.3479961781835677,0.3479961781835677,0.3479961781835677,-0.8506387152125665,-0.8506387152125665,-0.8506387152125665,0.8756373136999142,0.8756373136999142,0.8756373136999142,2.216089728053162,2.216089728053162,2.216089728053162,2.2849366373701763,2.2849366373701763,2.2849366373701763,-8.168979053328876,-8.168979053328876,-8.168979053328876,0.0,0.0,0.0,58.05035540562283
691,2018-04-12 13:00:00,56.72800094974323,46.41725829435306,66.42128381115343,56.72800094974323,56.72800094974323,0.0,0.0,0.0,0.0,0.0,0.0,0.0,0.0,0.0,0.0,0.0,0.0,0.0,0.0,0.0,0.0,0.0,0.0,0.0,0.0,0.0,0.0,0.0,0.0,0.0,0.0,0.0,0.0,0.0,0.0,0.043532645576828746,0.043532645576828746,0.043532645576828746,0.7001521680981005,0.7001521680981005,0.7001521680981005,-0.41727447148175056,-0.41727447148175056,-0.41727447148175056,5.345146633423013,5.345146633423013,5.345146633423013,2.8635475204732344,2.8635475204732344,2.8635475204732344,0.0,0.0,0.0,0.09921952548527303,0.09921952548527303,0.09921952548527303,0.518560553133955,0.518560553133955,0.518560553133955,-0.7540760914779743,-0.7540760914779743,-0.7540760914779743,0.779407803528589,0.779407803528589,0.779407803528589,2.1591147664348633,2.1591147664348633,2.1591147664348633,2.255761793761686,2.255761793761686,2.255761793761686,-8.160880922379148,-8.160880922379148,-8.160880922379148,0.0,0.0,0.0,56.771533595320065
692,2018-04-12 14:00:00,56.727720961686494,46.201962146693916,66.90770296316835,56.727720961686494,56.727720961686494,0.0,0.0,0.0,0.0,0.0,0.0,0.0,0.0,0.0,0.0,0.0,0.0,0.0,0.0,0.0,0.0,0.0,0.0,0.0,0.0,0.0,0.0,0.0,0.0,0.0,0.0,0.0,0.0,0.0,0.0,-0.462332550148564,-0.462332550148564,-0.462332550148564,-0.6619093685613221,-0.6619093685613221,-0.6619093685613221,-0.41727447148175056,-0.41727447148175056,-0.41727447148175056,6.250534423424061,6.250534423424061,6.250534423424061,3.080528470346504,3.080528470346504,3.080528470346504,0.0,0.0,0.0,0.19830106880528484,0.19830106880528484,0.19830106880528484,0.785908275702501,0.785908275702501,0.785908275702501,-0.40101899844837124,-0.40101899844837124,-0.40101899844837124,0.726860003592337,0.726860003592337,0.726860003592337,2.1017815183492283,2.1017815183492283,2.1017815183492283,2.2772300749075565,2.2772300749075565,2.2772300749075565,-8.152739123360531,-8.152739123360531,-8.152739123360531,0.0,0.0,0.0,56.26538841153793
693,2018-04-12 15:00:00,56.72744097362975,47.37399284801903,67.28889398406258,56.72744097362975,56.72744097362975,0.0,0.0,0.0,0.0,0.0,0.0,0.0,0.0,0.0,0.0,0.0,0.0,0.0,0.0,0.0,0.0,0.0,0.0,0.0,0.0,0.0,0.0,0.0,0.0,0.0,0.0,0.0,0.0,0.0,0.0,0.9619067839011469,0.9619067839011469,0.9619067839011469,-0.7067499460334559,-0.7067499460334559,-0.7067499460334559,-0.41727447148175056,-0.41727447148175056,-0.41727447148175056,7.768614036956217,7.768614036956217,7.768614036956217,3.4358740839070774,3.4358740839070774,3.4358740839070774,0.0,0.0,0.0,0.29738261212529665,0.29738261212529665,0.29738261212529665,1.236840554515357,1.236840554515357,1.236840554515357,0.20551498188453654,0.20551498188453654,0.20551498188453654,0.8767185441512774,0.8767185441512774,0.8767185441512774,2.0445965573410048,2.0445965573410048,2.0445965573410048,2.1335577318544225,2.1335577318544225,2.1335577318544225,-8.144553864362619,-8.144553864362619,-8.144553864362619,0.0,0.0,0.0,57.689347757530896
694,2018-04-12 16:00:00,56.727160985573,50.621057672477065,70.97020048461505,56.727160985573,56.727160985573,0.0,0.0,0.0,0.0,0.0,0.0,0.0,0.0,0.0,0.0,0.0,0.0,0.0,0.0,0.0,0.0,0.0,0.0,0.0,0.0,0.0,0.0,0.0,0.0,0.0,0.0,0.0,0.0,0.0,0.0,3.8740382326839025,3.8740382326839025,3.8740382326839025,1.0465945428921484,1.0465945428921484,1.0465945428921484,-0.41727447148175056,-0.41727447148175056,-0.41727447148175056,8.975733323748695,8.975733323748695,8.975733323748695,3.7728758973575904,3.7728758973575904,3.7728758973575904,0.0,0.0,0.0,0.3964641554453084,0.3964641554453084,0.3964641554453084,1.5866494252787469,1.5866494252787469,1.5866494252787469,0.526240839288718,0.526240839288718,0.526240839288718,1.2942897444677477,1.2942897444677477,1.2942897444677477,1.9880357215455695,1.9880357215455695,1.9880357215455695,1.816487733392335,1.816487733392335,1.816487733392335,-8.13632535550251,-8.13632535550251,-8.13632535550251,0.0,0.0,0.0,60.6011992182569
695,2018-04-12 17:00:00,56.726880997516254,53.64708245789741,73.0656109206545,56.726880997516254,56.726880997516254,0.0,0.0,0.0,0.0,0.0,0.0,0.0,0.0,0.0,0.0,0.0,0.0,0.0,0.0,0.0,0.0,0.0,0.0,0.0,0.0,0.0,0.0,0.0,0.0,0.0,0.0,0.0,0.0,0.0,0.0,6.630826348963624,6.630826348963624,6.630826348963624,3.8596333815180617,3.8596333815180617,3.8596333815180617,-0.41727447148175056,-0.41727447148175056,-0.41727447148175056,8.966714258549844,8.966714258549844,8.966714258549844,3.827907297687767,3.827907297687767,3.827907297687767,0.0,0.0,0.0,0.4955456987653201,0.4955456987653201,0.4955456987653201,1.5076603254289491,1.5076603254289491,1.5076603254289491,0.5723667354476528,0.5723667354476528,0.5723667354476528,1.3924654694515266,1.3924654694515266,1.3924654694515266,1.9325325178144883,1.9325325178144883,1.9325325178144883,1.5880432032503795,1.5880432032503795,1.5880432032503795,-8.12805380891877,-8.12805380891877,-8.12805380891877,0.0,0.0,0.0,63.35770734647988
696,2018-04-12 18:00:00,56.62362500087105,55.23672675619821,73.89983552255961,56.62362500087105,56.62362500087105,0.0,0.0,0.0,0.0,0.0,0.0,0.0,0.0,0.0,0.0,0.0,0.0,0.0,0.0,0.0,0.0,0.0,0.0,0.0,0.0,0.0,0.0,0.0,0.0,0.0,0.0,0.0,0.0,0.0,0.0,7.740725249458834,7.740725249458834,7.740725249458834,6.065447360015824,6.065447360015824,6.065447360015824,-0.4544514618575033,-0.4544514618575033,-0.4544514618575033,8.003225204869452,8.003225204869452,8.003225204869452,3.1561463403923593,3.1561463403923593,3.1561463403923593,0.0,0.0,0.0,0.6279837625101823,0.6279837625101823,0.6279837625101823,1.139776359570584,1.139776359570584,1.139776359570584,0.6170720690809134,0.6170720690809134,0.6170720690809134,1.437024339807216,1.437024339807216,1.437024339807216,1.9016789030901942,1.9016789030901942,1.9016789030901942,1.4796737953657009,1.4796737953657009,1.4796737953657009,-8.229626218516636,-8.229626218516636,-8.229626218516636,0.0,0.0,0.0,64.36435025032989
697,2018-04-12 19:00:00,56.62330976621032,54.15815971151017,73.54358362895043,56.62330976621032,56.62330976621032,0.0,0.0,0.0,0.0,0.0,0.0,0.0,0.0,0.0,0.0,0.0,0.0,0.0,0.0,0.0,0.0,0.0,0.0,0.0,0.0,0.0,0.0,0.0,0.0,0.0,0.0,0.0,0.0,0.0,0.0,7.395605651995757,7.395605651995757,7.395605651995757,6.347980356237004,6.347980356237004,6.347980356237004,-0.4544514618575033,-0.4544514618575033,-0.4544514618575033,7.423530020973441,7.423530020973441,7.423530020973441,2.763981596724032,2.763981596724032,2.763981596724032,0.0,0.0,0.0,0.7326234561195782,0.7326234561195782,0.7326234561195782,0.9722149026254306,0.9722149026254306,0.9722149026254306,0.6221362792910138,0.6221362792910138,0.6221362792910138,1.34110464526701,1.34110464526701,1.34110464526701,1.8454955390843728,1.8454955390843728,1.8454955390843728,1.4459206028038796,1.4459206028038796,1.4459206028038796,-8.221400264299062,-8.221400264299062,-8.221400264299062,0.0,0.0,0.0,64.01891541820608
698,2018-04-12 20:00:00,56.62299453154959,50.34204059568946,70.92076213580958,56.62299453154959,56.62299453154959,0.0,0.0,0.0,0.0,0.0,0.0,0.0,0.0,0.0,0.0,0.0,0.0,0.0,0.0,0.0,0.0,0.0,0.0,0.0,0.0,0.0,0.0,0.0,0.0,0.0,0.0,0.0,0.0,0.0,0.0,3.686435072721265,3.686435072721265,3.686435072721265,4.46237617593912,4.46237617593912,4.46237617593912,-0.4544514618575033,-0.4544514618575033,-0.4544514618575033,5.645990519147792,5.645990519147792,5.645990519147792,2.046340022650774,2.046340022650774,2.046340022650774,0.0,0.0,0.0,0.8372631497289742,0.8372631497289742,0.8372631497289742,0.4967650385661801,0.4967650385661801,0.4967650385661801,0.6267401067547412,0.6267401067547412,0.6267401067547412,0.7212124137291345,0.7212124137291345,0.7212124137291345,1.7912005712772086,1.7912005712772086,1.7912005712772086,1.3721212495754909,1.3721212495754909,1.3721212495754909,-8.213132193642855,-8.213132193642855,-8.213132193642855,0.0,0.0,0.0,60.30942960427085
699,2018-04-12 21:00:00,56.62267929688886,45.2931875187462,65.22860384074134,56.62267929688886,56.62267929688886,0.0,0.0,0.0,0.0,0.0,0.0,0.0,0.0,0.0,0.0,0.0,0.0,0.0,0.0,0.0,0.0,0.0,0.0,0.0,0.0,0.0,0.0,0.0,0.0,0.0,0.0,0.0,0.0,0.0,0.0,-1.28418285269936,-1.28418285269936,-1.28418285269936,1.3703643028430652,1.3703643028430652,1.3703643028430652,-0.4544514618575033,-0.4544514618575033,-0.4544514618575033,3.8113026992114554,3.8113026992114554,3.8113026992114554,1.3491029593521369,1.3491029593521369,1.3491029593521369,0.0,0.0,0.0,0.9419028433383702,0.9419028433383702,0.9419028433383702,0.06516734643472442,0.06516734643472442,0.06516734643472442,0.6308835514720962,0.6308835514720962,0.6308835514720962,0.02557051687679736,0.02557051687679736,0.02557051687679736,1.7389723645117272,1.7389723645117272,1.7389723645117272,1.2531269435948336,1.2531269435948336,1.2531269435948336,-8.204822219265607,-8.204822219265607,-8.204822219265607,0.0,0.0,0.0,55.3384964441895
700,2018-04-12 22:00:00,56.62236406222813,41.681973874317364,61.00758763393997,56.62236406222813,56.62236406222813,0.0,0.0,0.0,0.0,0.0,0.0,0.0,0.0,0.0,0.0,0.0,0.0,0.0,0.0,0.0,0.0,0.0,0.0,0.0,0.0,0.0,0.0,0.0,0.0,0.0,0.0,0.0,0.0,0.0,0.0,-5.257576754006347,-5.257576754006347,-5.257576754006347,-1.6361658223703825,-1.6361658223703825,-1.6361658223703825,-0.4544514618575033,-0.4544514618575033,-0.4544514618575033,2.88615710114974,2.88615710114974,2.88615710114974,-1.14124269714064,-1.14124269714064,-1.14124269714064,0.0,0.0,0.0,1.046542536947766,1.046542536947766,1.046542536947766,1.8229470380246529,1.8229470380246529,1.8229470380246529,0.653902688790734,0.653902688790734,0.653902688790734,-0.25748222659114783,-0.25748222659114783,-0.25748222659114783,1.688902523066749,1.688902523066749,1.688902523066749,1.2159412229758781,1.2159412229758781,1.2159412229758781,-8.196470555852454,-8.196470555852454,-8.196470555852454,0.0,0.0,0.0,51.36478730822178
701,2018-04-12 23:00:00,56.6220488275674,38.88092270886696,58.69502288793992,56.6220488275674,56.6220488275674,0.0,0.0,0.0,0.0,0.0,0.0,0.0,0.0,0.0,0.0,0.0,0.0,0.0,0.0,0.0,0.0,0.0,0.0,0.0,0.0,0.0,0.0,0.0,0.0,0.0,0.0,0.0,0.0,0.0,0.0,-7.695438426976689,-7.695438426976689,-7.695438426976689,-3.86636401051938,-3.86636401051938,-3.86636401051938,-0.4544514618575033,-0.4544514618575033,-0.4544514618575033,2.718013164560145,2.718013164560145,2.718013164560145,-1.1939958225579528,-1.1939958225579528,-1.1939958225579528,0.0,0.0,0.0,1.1511822305571622,1.1511822305571622,1.1511822305571622,1.835410286888342,1.835410286888342,1.835410286888342,0.653902688790734,0.653902688790734,0.653902688790734,-0.6593140310551429,-0.6593140310551429,-0.6593140310551429,1.6409898390339628,1.6409898390339628,1.6409898390339628,1.3852792737945059,1.3852792737945059,1.3852792737945059,-8.188077420051417,-8.188077420051417,-8.188077420051417,0.0,0.0,0.0,48.92661040059071
702,2018-04-13 00:00:00,56.62173359290667,36.235449065504646,55.947635765269126,56.62173359290667,56.62173359290667,0.0,0.0,0.0,0.0,0.0,0.0,0.0,0.0,0.0,0.0,0.0,0.0,0.0,0.0,0.0,0.0,0.0,0.0,0.0,0.0,0.0,0.0,0.0,0.0,0.0,0.0,0.0,0.0,0.0,0.0,-10.401789074997268,-10.401789074997268,-10.401789074997268,-5.435214415986242,-5.435214415986242,-5.435214415986242,0.4551159108374519,0.4551159108374519,0.4551159108374519,1.6179326924196709,1.6179326924196709,1.6179326924196709,-1.266158116760881,-1.266158116760881,-1.266158116760881,0.0,0.0,0.0,0.0001456008538065505,0.0001456008538065505,0.0001456008538065505,1.4162758436205753,1.4162758436205753,1.4162758436205753,0.653902688790734,0.653902688790734,0.653902688790734,-0.9562616835452675,-0.9562616835452675,-0.9562616835452675,1.5951356790319222,1.5951356790319222,1.5951356790319222,1.3149124486232517,1.3149124486232517,1.3149124486232517,-8.17964303046262,-8.17964303046262,-8.17964303046262,0.0,0.0,0.0,46.219944517909404
703,2018-04-13 01:00:00,56.62141835824594,34.363952184065816,53.71589245264005,56.62141835824594,56.62141835824594,0.0,0.0,0.0,0.0,0.0,0.0,0.0,0.0,0.0,0.0,0.0,0.0,0.0,0.0,0.0,0.0,0.0,0.0,0.0,0.0,0.0,0.0,0.0,0.0,0.0,0.0,0.0,0.0,0.0,0.0,-13.118840819458061,-13.118840819458061,-13.118840819458061,-6.689102113391812,-6.689102113391812,-6.689102113391812,0.4551159108374519,0.4551159108374519,0.4551159108374519,0.1902879969855412,0.1902879969855412,0.1902879969855412,-1.4502963847269736,-1.4502963847269736,-1.4502963847269736,0.0,0.0,0.0,-1.1508910288495489,-1.1508910288495489,-1.1508910288495489,1.4125830291424453,1.4125830291424453,1.4125830291424453,0.653902688790734,0.653902688790734,0.653902688790734,-1.070782627260327,-1.070782627260327,-1.070782627260327,1.5511409045877622,1.5511409045877622,1.5511409045877622,1.3406564090517594,1.3406564090517594,1.3406564090517594,-8.171167607639555,-8.171167607639555,-8.171167607639555,0.0,0.0,0.0,43.502577538787875
704,2018-04-13 02:00:00,56.62110312358521,32.22943246141149,53.06362660733862,56.62110312358521,56.62110312358521,0.0,0.0,0.0,0.0,0.0,0.0,0.0,0.0,0.0,0.0,0.0,0.0,0.0,0.0,0.0,0.0,0.0,0.0,0.0,0.0,0.0,0.0,0.0,0.0,0.0,0.0,0.0,0.0,0.0,0.0,-13.933877719644244,-13.933877719644244,-13.933877719644244,-7.5384832678679174,-7.5384832678679174,-7.5384832678679174,0.4551159108374519,0.4551159108374519,0.4551159108374519,0.2585525217502518,0.2585525217502518,0.2585525217502518,-1.5712304363911913,-1.5712304363911913,-1.5712304363911913,0.0,0.0,0.0,-1.046251335240153,-1.046251335240153,-1.046251335240153,1.4061206038057175,1.4061206038057175,1.4061206038057175,0.653902688790734,0.653902688790734,0.653902688790734,-1.0844534248466646,-1.0844534248466646,-1.0844534248466646,1.508704400552183,1.508704400552183,1.508704400552183,1.4453485147943572,1.4453485147943572,1.4453485147943572,-8.162651374078761,-8.162651374078761,-8.162651374078761,0.0,0.0,0.0,42.687225403940964
705,2018-04-13 03:00:00,56.62078788892448,33.75336384461192,54.09410175251855,56.62078788892448,56.62078788892448,0.0,0.0,0.0,0.0,0.0,0.0,0.0,0.0,0.0,0.0,0.0,0.0,0.0,0.0,0.0,0.0,0.0,0.0,0.0,0.0,0.0,0.0,0.0,0.0,0.0,0.0,0.0,0.0,0.0,0.0,-13.160944162660837,-13.160944162660837,-13.160944162660837,-7.407418923954122,-7.407418923954122,-7.407418923954122,0.4551159108374519,0.4551159108374519,0.4551159108374519,0.9331460515844718,0.9331460515844718,0.9331460515844718,-1.2333118311236861,-1.2333118311236861,-1.2333118311236861,0.0,0.0,0.0,-0.9416116416307571,-0.9416116416307571,-0.9416116416307571,1.375193282551378,1.375193282551378,1.375193282551378,0.653902688790734,0.653902688790734,0.653902688790734,-0.9502106747775442,-0.9502106747775442,-0.9502106747775442,1.467423263920043,1.467423263920043,1.467423263920043,1.5740683169368954,1.5740683169368954,1.5740683169368954,-8.154094554211229,-8.154094554211229,-8.154094554211229,0.0,0.0,0.0,43.45984372626364
706,2018-04-13 04:00:00,56.62047265426375,37.44378440866111,56.68586310508925,56.62047265426375,56.62047265426375,0.0,0.0,0.0,0.0,0.0,0.0,0.0,0.0,0.0,0.0,0.0,0.0,0.0,0.0,0.0,0.0,0.0,0.0,0.0,0.0,0.0,0.0,0.0,0.0,0.0,0.0,0.0,0.0,0.0,0.0,-9.775207196481576,-9.775207196481576,-9.775207196481576,-5.832846639763461,-5.832846639763461,-5.832846639763461,0.4551159108374519,0.4551159108374519,0.4551159108374519,2.7763421350801307,2.7763421350801307,2.7763421350801307,-0.7943660139720816,-0.7943660139720816,-0.7943660139720816,0.0,0.0,0.0,-0.836971948021361,-0.836971948021361,-0.836971948021361,1.9258842416025297,1.9258842416025297,1.9258842416025297,0.653902688790734,0.653902688790734,0.653902688790734,-0.36662449584600876,-0.36662449584600876,-0.36662449584600876,1.4267946826020286,1.4267946826020286,1.4267946826020286,1.7394017516888667,1.7394017516888667,1.7394017516888667,-8.145497374400275,-8.145497374400275,-8.145497374400275,0.0,0.0,0.0,46.845265457782176
707,2018-04-13 05:00:00,56.62015741960302,43.12461541923033,63.25055553576524,56.62015741960302,56.62015741960302,0.0,0.0,0.0,0.0,0.0,0.0,0.0,0.0,0.0,0.0,0.0,0.0,0.0,0.0,0.0,0.0,0.0,0.0,0.0,0.0,0.0,0.0,0.0,0.0,0.0,0.0,0.0,0.0,0.0,0.0,-4.5173790018961695,-4.5173790018961695,-4.5173790018961695,-3.0705893719933917,-3.0705893719933917,-3.0705893719933917,0.4551159108374519,0.4551159108374519,0.4551159108374519,5.303850923027557,5.303850923027557,5.303850923027557,-0.1324635912831541,-0.1324635912831541,-0.1324635912831541,0.0,0.0,0.0,-0.732332254411965,-0.732332254411965,-0.732332254411965,2.7715387570943224,2.7715387570943224,2.7715387570943224,0.6516007750588703,0.6516007750588703,0.6516007750588703,0.4863436289671341,0.4863436289671341,0.4863436289671341,1.3862195100022947,1.3862195100022947,1.3862195100022947,1.804047696764897,1.804047696764897,1.804047696764897,-8.13686006293263,-8.13686006293263,-8.13686006293263,0.0,0.0,0.0,52.10277841770685
708,2018-04-13 06:00:00,56.61984218494229,46.941804775021005,67.6724969075699,56.61984218494229,56.61984218494229,0.0,0.0,0.0,0.0,0.0,0.0,0.0,0.0,0.0,0.0,0.0,0.0,0.0,0.0,0.0,0.0,0.0,0.0,0.0,0.0,0.0,0.0,0.0,0.0,0.0,0.0,0.0,0.0,0.0,0.0,0.5131916685633496,0.5131916685633496,0.5131916685633496,-0.0645950720370325,-0.0645950720370325,-0.0645950720370325,0.4551159108374519,0.4551159108374519,0.4551159108374519,7.3609620728747585,7.3609620728747585,7.3609620728747585,0.692674917602742,0.692674917602742,0.692674917602742,0.0,0.0,0.0,-0.6276925608025691,-0.6276925608025691,-0.6276925608025691,3.4219357070549865,3.4219357070549865,3.4219357070549865,0.5590638430379459,0.5590638430379459,0.5590638430379459,1.0609653504650054,1.0609653504650054,1.0609653504650054,1.3450075177354457,1.3450075177354457,1.3450075177354457,1.7988989046791952,1.7988989046791952,1.7988989046791952,-8.128182850009821,-8.128182850009821,-8.128182850009821,0.0,0.0,0.0,57.133033853505644
709,2018-04-13 07:00:00,56.61952695028156,49.736497725192,69.75130210053099,56.61952695028156,56.61952695028156,0.0,0.0,0.0,0.0,0.0,0.0,0.0,0.0,0.0,0.0,0.0,0.0,0.0,0.0,0.0,0.0,0.0,0.0,0.0,0.0,0.0,0.0,0.0,0.0,0.0,0.0,0.0,0.0,0.0,0.0,3.3735866179718634,3.3735866179718634,3.3735866179718634,2.210929036843745,2.210929036843745,2.210929036843745,0.4551159108374519,0.4551159108374519,0.4551159108374519,7.979739263784822,7.979739263784822,7.979739263784822,0.9663939645793661,0.9663939645793661,0.9663939645793661,0.0,0.0,0.0,-0.5230528671931732,-0.5230528671931732,-0.5230528671931732,3.57841872056575,3.57841872056575,3.57841872056575,0.2588942924029079,0.2588942924029079,0.2588942924029079,1.3809964808468151,1.3809964808468151,1.3809964808468151,1.302384285089334,1.302384285089334,1.302384285089334,1.8629727617457035,1.8629727617457035,1.8629727617457035,-8.119465967746038,-8.119465967746038,-8.119465967746038,0.0,0.0,0.0,59.99311356825342
710,2018-04-13 08:00:00,56.61921171562083,49.60495784343117,69.92859234395993,56.61921171562083,56.61921171562083,0.0,0.0,0.0,0.0,0.0,0.0,0.0,0.0,0.0,0.0,0.0,0.0,0.0,0.0,0.0,0.0,0.0,0.0,0.0,0.0,0.0,0.0,0.0,0.0,0.0,0.0,0.0,0.0,0.0,0.0,3.4292675592806483,3.4292675592806483,3.4292675592806483,3.3981826974673344,3.3981826974673344,3.3981826974673344,0.4551159108374519,0.4551159108374519,0.4551159108374519,6.884294851552585,6.884294851552585,6.884294851552585,0.5637781300264771,0.5637781300264771,0.5637781300264771,0.0,0.0,0.0,-0.41841317358377733,-0.41841317358377733,-0.41841317358377733,3.0863511913549138,3.0863511913549138,3.0863511913549138,-0.06843784026812287,-0.06843784026812287,-0.06843784026812287,1.4858806328206857,1.4858806328206857,1.4858806328206857,1.257499660419244,1.257499660419244,1.257499660419244,1.7800200003649562,1.7800200003649562,1.7800200003649562,-8.110709650158515,-8.110709650158515,-8.110709650158515,0.0,0.0,0.0,60.048479274901474
711,2018-04-13 09:00:00,56.61889648096011,50.54905173768928,70.30465181268985,56.61889648096011,56.61889648096011,0.0,0.0,0.0,0.0,0.0,0.0,0.0,0.0,0.0,0.0,0.0,0.0,0.0,0.0,0.0,0.0,0.0,0.0,0.0,0.0,0.0,0.0,0.0,0.0,0.0,0.0,0.0,0.0,0.0,0.0,3.6697109208714407,3.6697109208714407,3.6697109208714407,3.7866640491448296,3.7866640491448296,3.7866640491448296,0.4551159108374519,0.4551159108374519,0.4551159108374519,6.775523297721513,6.775523297721513,6.775523297721513,0.9270779560136327,0.9270779560136327,0.9270779560136327,0.0,0.0,0.0,-0.3137734799743813,-0.3137734799743813,-0.3137734799743813,2.6672167480871476,2.6672167480871476,2.6672167480871476,-0.2958669169762652,-0.2958669169762652,-0.2958669169762652,1.5374262630642543,1.5374262630642543,1.5374262630642543,1.2094377071614562,1.2094377071614562,1.2094377071614562,1.798326816669673,1.798326816669673,1.798326816669673,-8.101914133156358,-8.101914133156358,-8.101914133156358,0.0,0.0,0.0,60.28860740183155
712,2018-04-13 10:00:00,56.61858124629937,50.130738246007525,69.89748974459714,56.61858124629937,56.61858124629937,0.0,0.0,0.0,0.0,0.0,0.0,0.0,0.0,0.0,0.0,0.0,0.0,0.0,0.0,0.0,0.0,0.0,0.0,0.0,0.0,0.0,0.0,0.0,0.0,0.0,0.0,0.0,0.0,0.0,0.0,3.230592903021233,3.230592903021233,3.230592903021233,3.7719472358751536,3.7719472358751536,3.7719472358751536,0.4551159108374519,0.4551159108374519,0.4551159108374519,6.394497296239025,6.394497296239025,6.394497296239025,0.68222382671818,0.68222382671818,0.68222382671818,0.0,0.0,0.0,-0.20913378636498534,-0.20913378636498534,-0.20913378636498534,2.495962476663864,2.495962476663864,2.495962476663864,-0.41832872751141875,-0.41832872751141875,-0.41832872751141875,1.4919316415884087,1.4919316415884087,1.4919316415884087,1.157228025449652,1.157228025449652,1.157228025449652,1.8967259543075243,1.8967259543075243,1.8967259543075243,-8.093079654542597,-8.093079654542597,-8.093079654542597,0.0,0.0,0.0,59.8491741493206
713,2018-04-13 11:00:00,56.618266011638646,49.30541726092118,69.35970709250265,56.618266011638646,56.618266011638646,0.0,0.0,0.0,0.0,0.0,0.0,0.0,0.0,0.0,0.0,0.0,0.0,0.0,0.0,0.0,0.0,0.0,0.0,0.0,0.0,0.0,0.0,0.0,0.0,0.0,0.0,0.0,0.0,0.0,0.0,2.499691144714944,2.499691144714944,2.499691144714944,3.371672345602072,3.371672345602072,3.371672345602072,0.4551159108374519,0.4551159108374519,0.4551159108374519,6.112366933235361,6.112366933235361,6.112366933235361,0.565768814004489,0.565768814004489,0.565768814004489,0.0,0.0,0.0,-0.10449409275558941,-0.10449409275558941,-0.10449409275558941,2.331170630577308,2.331170630577308,2.331170630577308,-0.5131675732642068,-0.5131675732642068,-0.5131675732642068,1.3908573840238456,1.3908573840238456,1.3908573840238456,1.0998583198777454,1.0998583198777454,1.0998583198777454,1.9871158598120626,1.9871158598120626,1.9871158598120626,-8.084206454000233,-8.084206454000233,-8.084206454000233,0.0,0.0,0.0,59.11795715635359
714,2018-04-13 12:00:00,56.61795077697792,47.127873683460955,68.00908118887851,56.61795077697792,56.61795077697792,0.0,0.0,0.0,0.0,0.0,0.0,0.0,0.0,0.0,0.0,0.0,0.0,0.0,0.0,0.0,0.0,0.0,0.0,0.0,0.0,0.0,0.0,0.0,0.0,0.0,0.0,0.0,0.0,0.0,0.0,0.4910985562690507,0.4910985562690507,0.4910985562690507,2.341551504018376,2.341551504018376,2.341551504018376,0.4551159108374519,0.4551159108374519,0.4551159108374519,5.188553760219272,5.188553760219272,5.188553760219272,0.015842365078725894,0.015842365078725894,0.015842365078725894,0.0,0.0,0.0,0.0001456008538065505,0.0001456008538065505,0.0001456008538065505,2.140990684953608,2.140990684953608,2.140990684953608,-0.5628889098724646,-0.5628889098724646,-0.5628889098724646,1.1333533442418433,1.1333533442418433,1.1333533442418433,1.0362880651166106,1.0362880651166106,1.0362880651166106,2.005994764126301,2.005994764126301,2.005994764126301,-8.075294773085208,-8.075294773085208,-8.075294773085208,0.0,0.0,0.0,57.10904933324697
715,2018-04-13 13:00:00,56.61763554231719,44.5973180706162,64.59753727953701,56.61763554231719,56.61763554231719,0.0,0.0,0.0,0.0,0.0,0.0,0.0,0.0,0.0,0.0,0.0,0.0,0.0,0.0,0.0,0.0,0.0,0.0,0.0,0.0,0.0,0.0,0.0,0.0,0.0,0.0,0.0,0.0,0.0,0.0,-1.6994129075383213,-1.6994129075383213,-1.6994129075383213,0.7613072680519978,0.7613072680519978,0.7613072680519978,0.4551159108374519,0.4551159108374519,0.4551159108374519,4.640161575474084,4.640161575474084,4.640161575474084,-0.12848222332713047,-0.12848222332713047,-0.12848222332713047,0.0,0.0,0.0,0.1047852944632025,0.1047852944632025,0.1047852944632025,1.89495692034819,1.89495692034819,1.89495692034819,-0.5803834542346294,-0.5803834542346294,-0.5803834542346294,0.9316530519844002,0.9316530519844002,0.9316530519844002,0.9654631041579919,0.9654631041579919,0.9654631041579919,1.9625160754025994,1.9625160754025994,1.9625160754025994,-8.066344855222395,-8.066344855222395,-8.066344855222395,0.0,0.0,0.0,54.918222634778864
716,2018-04-13 14:00:00,56.617320307656456,42.53004905517479,63.288520078830835,56.617320307656456,56.617320307656456,0.0,0.0,0.0,0.0,0.0,0.0,0.0,0.0,0.0,0.0,0.0,0.0,0.0,0.0,0.0,0.0,0.0,0.0,0.0,0.0,0.0,0.0,0.0,0.0,0.0,0.0,0.0,0.0,0.0,0.0,-3.413136365933351,-3.413136365933351,-3.413136365933351,-0.5981504336684613,-0.5981504336684613,-0.5981504336684613,0.4551159108374519,0.4551159108374519,0.4551159108374519,4.356040014780923,4.356040014780923,4.356040014780923,-0.33402034405685005,-0.33402034405685005,-0.33402034405685005,0.0,0.0,0.0,0.20942498807259846,0.20942498807259846,0.20942498807259846,1.784634087814053,1.784634087814053,1.784634087814053,-0.5039599183367517,-0.5039599183367517,-0.5039599183367517,0.8126498795525088,0.8126498795525088,0.8126498795525088,0.8863309986498414,0.8863309986498414,0.8863309986498414,1.9321954108979127,1.9321954108979127,1.9321954108979127,-8.057356945695654,-8.057356945695654,-8.057356945695654,0.0,0.0,0.0,53.2041839417231
717,2018-04-13 15:00:00,56.61700507299573,42.554963146930426,63.717307195694715,56.61700507299573,56.61700507299573,0.0,0.0,0.0,0.0,0.0,0.0,0.0,0.0,0.0,0.0,0.0,0.0,0.0,0.0,0.0,0.0,0.0,0.0,0.0,0.0,0.0,0.0,0.0,0.0,0.0,0.0,0.0,0.0,0.0,0.0,-3.295857088480064,-3.295857088480064,-3.295857088480064,-0.656798804073779,-0.656798804073779,-0.656798804073779,0.4551159108374519,0.4551159108374519,0.4551159108374519,4.611416069004677,4.611416069004677,4.611416069004677,-0.2628533918429278,-0.2628533918429278,-0.2628533918429278,0.0,0.0,0.0,0.31406468168199436,0.31406468168199436,0.31406468168199436,1.8090989837316651,1.8090989837316651,1.8090989837316651,-0.3897849972363078,-0.3897849972363078,-0.3897849972363078,0.7272634224968578,0.7272634224968578,0.7272634224968578,0.7978569382284415,0.7978569382284415,0.7978569382284415,1.958511459335943,1.958511459335943,1.958511459335943,-8.048331291639403,-8.048331291639403,-8.048331291639403,0.0,0.0,0.0,53.32114798451567
718,2018-04-13 16:00:00,56.616689838335,44.44946747261169,64.55797262475575,56.616689838335,56.616689838335,0.0,0.0,0.0,0.0,0.0,0.0,0.0,0.0,0.0,0.0,0.0,0.0,0.0,0.0,0.0,0.0,0.0,0.0,0.0,0.0,0.0,0.0,0.0,0.0,0.0,0.0,0.0,0.0,0.0,0.0,-1.6634545400909801,-1.6634545400909801,-1.6634545400909801,1.0659506784959052,1.0659506784959052,1.0659506784959052,0.4551159108374519,0.4551159108374519,0.4551159108374519,4.610822918119174,4.610822918119174,4.610822918119174,-0.12848222332713047,-0.12848222332713047,-0.12848222332713047,0.0,0.0,0.0,0.4187043752913904,0.4187043752913904,0.4187043752913904,1.6110718073419381,1.6110718073419381,1.6110718073419381,-0.267783569447527,-0.267783569447527,-0.267783569447527,0.5842803264299148,0.5842803264299148,0.5842803264299148,0.6990400053274345,0.6990400053274345,0.6990400053274345,1.9379162909931367,1.9379162909931367,1.9379162909931367,-8.039268142033494,-8.039268142033494,-8.039268142033494,0.0,0.0,0.0,54.95323529824402
719,2018-04-13 17:00:00,56.61637460367427,48.714360983596315,68.01041136810262,56.61637460367427,56.61637460367427,0.0,0.0,0.0,0.0,0.0,0.0,0.0,0.0,0.0,0.0,0.0,0.0,0.0,0.0,0.0,0.0,0.0,0.0,0.0,0.0,0.0,0.0,0.0,0.0,0.0,0.0,0.0,0.0,0.0,0.0,1.74747468491334,1.74747468491334,1.74747468491334,3.841355864941836,3.841355864941836,3.841355864941836,0.4551159108374519,0.4551159108374519,0.4551159108374519,5.347356983697916,5.347356983697916,5.347356983697916,0.054660702649956226,0.054660702649956226,0.054660702649956226,0.0,0.0,0.0,0.5233440689007862,0.5233440689007862,0.5233440689007862,1.7306266760714002,1.7306266760714002,1.7306266760714002,0.04389554984683002,0.04389554984683002,0.04389554984683002,0.5457331594651591,0.5457331594651591,0.5457331594651591,0.5889295839691618,0.5889295839691618,0.5889295839691618,1.993980915926331,1.993980915926331,1.993980915926331,-8.030167747695574,-8.030167747695574,-8.030167747695574,0.0,0.0,0.0,58.36384928858761
