,ds,trend,yhat_lower,yhat_upper,trend_lower,trend_upper,All Saints' Day,All Saints' Day_lower,All Saints' Day_upper,Assumption Day,Assumption Day_lower,Assumption Day_upper,Christmas Day,Christmas Day_lower,Christmas Day_upper,Constitution Day,Constitution Day_lower,Constitution Day_upper,Epiphany,Epiphany_lower,Epiphany_upper,Good Friday,Good Friday_lower,Good Friday_upper,Immaculate Conception,Immaculate Conception_lower,Immaculate Conception_upper,Labor Day,Labor Day_lower,Labor Day_upper,National Day,National Day_lower,National Day_upper,New Year's Day,New Year's Day_lower,New Year's Day_upper,additive_terms,additive_terms_lower,additive_terms_upper,daily,daily_lower,daily_upper,day_of_week,day_of_week_lower,day_of_week_upper,extra_regressors_additive,extra_regressors_additive_lower,extra_regressors_additive_upper,fossil_fuels_lag_24h,fossil_fuels_lag_24h_lower,fossil_fuels_lag_24h_upper,holidays,holidays_lower,holidays_upper,hour_of_day,hour_of_day_lower,hour_of_day_upper,other_green_energy_lag_24h,other_green_energy_lag_24h_lower,other_green_energy_lag_24h_upper,price_actual_lag_1w,price_actual_lag_1w_lower,price_actual_lag_1w_upper,price_actual_lag_2w,price_actual_lag_2w_lower,price_actual_lag_2w_upper,price_actual_lag_3w,price_actual_lag_3w_lower,price_actual_lag_3w_upper,price_actual_lag_4w,price_actual_lag_4w_lower,price_actual_lag_4w_upper,solarpower_lag_24h,solarpower_lag_24h_lower,solarpower_lag_24h_upper,total_load_actual_lag_24h,total_load_actual_lag_24h_lower,total_load_actual_lag_24h_upper,weekly,weekly_lower,weekly_upper,windpower_lag_24h,windpower_lag_24h_lower,windpower_lag_24h_upper,yearly,yearly_lower,yearly_upper,multiplicative_terms,multiplicative_terms_lower,multiplicative_terms_upper,yhat
0,2018-03-20 08:00:00,57.114940987173625,54.396792392768106,73.47532726671402,57.114940987173625,57.114940987173625,0.0,0.0,0.0,0.0,0.0,0.0,0.0,0.0,0.0,0.0,0.0,0.0,0.0,0.0,0.0,0.0,0.0,0.0,0.0,0.0,0.0,0.0,0.0,0.0,0.0,0.0,0.0,0.0,0.0,0.0,6.495406428939637,6.495406428939637,6.495406428939637,0.8774973410883347,0.8774973410883347,0.8774973410883347,-0.21062740992978182,-0.21062740992978182,-0.21062740992978182,7.328835305814798,7.328835305814798,7.328835305814798,-1.758802898859485,-1.758802898859485,-1.758802898859485,0.0,0.0,0.0,-0.03296511569455613,-0.03296511569455613,-0.03296511569455613,1.6978384038217174,1.6978384038217174,1.6978384038217174,3.5846309302446495,3.5846309302446495,3.5846309302446495,1.1907723993815105,1.1907723993815105,1.1907723993815105,3.132416838402517,3.132416838402517,3.132416838402517,1.362079042360049,1.362079042360049,1.362079042360049,-0.007196844281354173,-0.007196844281354173,-0.007196844281354173,-1.1528725227090546,-1.1528725227090546,-1.1528725227090546,0.9869511549058113,0.9869511549058113,0.9869511549058113,-0.476437516921413,-0.476437516921413,-0.476437516921413,-2.6978773728693075,-2.6978773728693075,-2.6978773728693075,0.0,0.0,0.0,63.610347416113264
1,2018-03-20 09:00:00,57.115011219436035,54.174228265861814,72.86955395859883,57.115011219436035,57.115011219436035,0.0,0.0,0.0,0.0,0.0,0.0,0.0,0.0,0.0,0.0,0.0,0.0,0.0,0.0,0.0,0.0,0.0,0.0,0.0,0.0,0.0,0.0,0.0,0.0,0.0,0.0,0.0,0.0,0.0,0.0,6.364905926367098,6.364905926367098,6.364905926367098,0.9795163325306234,0.9795163325306234,0.9795163325306234,-0.21062740992978182,-0.21062740992978182,-0.21062740992978182,7.138247222345409,7.138247222345409,7.138247222345409,-2.0037504654992286,-2.0037504654992286,-2.0037504654992286,0.0,0.0,0.0,-0.0247204655531622,-0.0247204655531622,-0.0247204655531622,1.6832364381919547,1.6832364381919547,1.6832364381919547,3.665652081317399,3.665652081317399,3.665652081317399,1.1526760303570547,1.1526760303570547,1.1526760303570547,3.4687501361328037,3.4687501361328037,3.4687501361328037,1.3215215853910955,1.3215215853910955,1.3215215853910955,0.016340543136782074,0.016340543136782074,0.016340543136782074,-1.3485463188548839,-1.3485463188548839,-1.3485463188548839,0.942461711178865,0.942461711178865,0.942461711178865,-0.5822849323446248,-0.5822849323446248,-0.5822849323446248,-2.6953193396878,-2.6953193396878,-2.6953193396878,0.0,0.0,0.0,63.479917145803135
2,2018-03-20 10:00:00,57.115081451698444,51.48662934400921,70.09609433383964,57.115081451698444,57.115081451698444,0.0,0.0,0.0,0.0,0.0,0.0,0.0,0.0,0.0,0.0,0.0,0.0,0.0,0.0,0.0,0.0,0.0,0.0,0.0,0.0,0.0,0.0,0.0,0.0,0.0,0.0,0.0,0.0,0.0,0.0,3.859321102604754,3.859321102604754,3.859321102604754,1.0221744254273697,1.0221744254273697,1.0221744254273697,-0.21062740992978182,-0.21062740992978182,-0.21062740992978182,4.632516037131432,4.632516037131432,4.632516037131432,-2.170176533962118,-2.170176533962118,-2.170176533962118,0.0,0.0,0.0,-0.01647581541176826,-0.01647581541176826,-0.01647581541176826,1.709819503825625,1.709819503825625,1.709819503825625,2.3974949340917826,2.3974949340917826,2.3974949340917826,0.7134473051339234,0.7134473051339234,0.7134473051339234,3.431044609481426,3.431044609481426,3.431044609481426,0.8720097706518609,0.8720097706518609,0.8720097706518609,0.019584885726849504,0.019584885726849504,0.019584885726849504,-1.4436597058465397,-1.4436597058465397,-1.4436597058465397,0.8973982830447896,0.8973982830447896,0.8973982830447896,-0.6699455066298275,-0.6699455066298275,-0.6699455066298275,-2.692767642998837,-2.692767642998837,-2.692767642998837,0.0,0.0,0.0,60.9744025543032
3,2018-03-20 11:00:00,57.11515168396085,50.883029775539725,69.50717138187244,57.11515168396085,57.11515168396085,0.0,0.0,0.0,0.0,0.0,0.0,0.0,0.0,0.0,0.0,0.0,0.0,0.0,0.0,0.0,0.0,0.0,0.0,0.0,0.0,0.0,0.0,0.0,0.0,0.0,0.0,0.0,0.0,0.0,0.0,2.7580994167649764,2.7580994167649764,2.7580994167649764,0.9966983683226898,0.9966983683226898,0.9966983683226898,-0.21062740992978182,-0.21062740992978182,-0.21062740992978182,3.5993489447563918,3.5993489447563918,3.5993489447563918,-2.2032642092945034,-2.2032642092945034,-2.2032642092945034,0.0,0.0,0.0,-0.008231165270374324,-0.008231165270374324,-0.008231165270374324,1.7850757882251709,1.7850757882251709,1.7850757882251709,1.717621796829162,1.717621796829162,1.717621796829162,0.4501341662884238,0.4501341662884238,0.4501341662884238,3.5441611894355596,3.5441611894355596,3.5441611894355596,0.6083863003536628,0.6083863003536628,0.6083863003536628,0.020093802211565967,0.020093802211565967,0.020093802211565967,-1.426690136801773,-1.426690136801773,-1.426690136801773,0.8522744520877071,0.8522744520877071,0.8522744520877071,-0.6773111772907211,-0.6773111772907211,-0.6773111772907211,-2.6902223484018117,-2.6902223484018117,-2.6902223484018117,0.0,0.0,0.0,59.87325110072583
4,2018-03-20 12:00:00,57.11522191622326,48.22398618996448,66.7991885412783,57.11522191622326,57.11522191622326,0.0,0.0,0.0,0.0,0.0,0.0,0.0,0.0,0.0,0.0,0.0,0.0,0.0,0.0,0.0,0.0,0.0,0.0,0.0,0.0,0.0,0.0,0.0,0.0,0.0,0.0,0.0,0.0,0.0,0.0,0.5384410104290953,0.5384410104290953,0.5384410104290953,0.7846962720087722,0.7846962720087722,0.7846962720087722,-0.21062740992978182,-0.21062740992978182,-0.21062740992978182,1.6338522017359987,1.6338522017359987,1.6338522017359987,-2.2921564713815066,-2.2921564713815066,-2.2921564713815066,0.0,0.0,0.0,1.3484871019611472e-05,1.3484871019611472e-05,1.3484871019611472e-05,1.621458891296805,1.621458891296805,1.621458891296805,1.0130900483704883,1.0130900483704883,1.0130900483704883,0.20811017483894376,0.20811017483894376,0.20811017483894376,3.1716305861199476,3.1716305861199476,3.1716305861199476,0.2771670684405429,0.2771670684405429,0.2771670684405429,0.015895241212655176,0.015895241212655176,0.015895241212655176,-1.4162150941815466,-1.4162150941815466,-1.4162150941815466,0.807576058188638,0.807576058188638,0.807576058188638,-0.7545143179215689,-0.7545143179215689,-0.7545143179215689,-2.6876835215043133,-2.6876835215043133,-2.6876835215043133,0.0,0.0,0.0,57.65366292665236
5,2018-03-20 13:00:00,57.11529214848567,46.406246733489176,65.26832630994276,57.11529214848567,57.11529214848567,0.0,0.0,0.0,0.0,0.0,0.0,0.0,0.0,0.0,0.0,0.0,0.0,0.0,0.0,0.0,0.0,0.0,0.0,0.0,0.0,0.0,0.0,0.0,0.0,0.0,0.0,0.0,0.0,0.0,0.0,-1.0179314833490984,-1.0179314833490984,-1.0179314833490984,0.3615034954144098,0.3615034954144098,0.3615034954144098,-0.21062740992978182,-0.21062740992978182,-0.21062740992978182,0.5419593662651113,0.5419593662651113,0.5419593662651113,-2.411173333397995,-2.411173333397995,-2.411173333397995,0.0,0.0,0.0,0.008258135012413547,0.008258135012413547,0.008258135012413547,1.3050829693186148,1.3050829693186148,1.3050829693186148,0.32617159362328274,0.32617159362328274,0.32617159362328274,0.11511021516159729,0.11511021516159729,0.11511021516159729,3.1972703442428845,3.1972703442428845,3.1972703442428845,0.17915321409890558,0.17915321409890558,0.17915321409890558,0.0030450999735645735,0.0030450999735645735,0.0030450999735645735,-1.1798981326692386,-1.1798981326692386,-1.1798981326692386,0.7637568828903385,0.7637568828903385,0.7637568828903385,-0.7904333291691364,-0.7904333291691364,-0.7904333291691364,-2.685151227918958,-2.685151227918958,-2.685151227918958,0.0,0.0,0.0,56.09736066513658
6,2018-03-20 14:00:00,57.11536238074808,44.02125176859564,62.47126124723798,57.11536238074808,57.11536238074808,0.0,0.0,0.0,0.0,0.0,0.0,0.0,0.0,0.0,0.0,0.0,0.0,0.0,0.0,0.0,0.0,0.0,0.0,0.0,0.0,0.0,0.0,0.0,0.0,0.0,0.0,0.0,0.0,0.0,0.0,-3.4323635969237185,-3.4323635969237185,-3.4323635969237185,-0.06548173202532336,-0.06548173202532336,-0.06548173202532336,-0.21062740992978182,-0.21062740992978182,-0.21062740992978182,-1.405491167065798,-1.405491167065798,-1.405491167065798,-2.3820364252694772,-2.3820364252694772,-2.3820364252694772,0.0,0.0,0.0,0.016502785153807483,0.016502785153807483,0.016502785153807483,1.1556936286448893,1.1556936286448893,1.1556936286448893,-0.850396426302704,-0.850396426302704,-0.850396426302704,0.08037529046282901,0.08037529046282901,0.08037529046282901,2.494439327461205,2.494439327461205,2.494439327461205,0.09691170413408277,0.09691170413408277,0.09691170413408277,-0.007324073402533288,-0.007324073402533288,-0.007324073402533288,-0.995956384258063,-0.995956384258063,-0.995956384258063,0.7212348354211291,0.7212348354211291,0.7212348354211291,-0.8030731837600527,-0.8030731837600527,-0.8030731837600527,-2.6826255332537268,-2.6826255332537268,-2.6826255332537268,0.0,0.0,0.0,53.68299878382436
7,2018-03-20 15:00:00,57.11543261301048,45.428066774405856,64.51117212680748,57.11543261301048,57.11543261301048,0.0,0.0,0.0,0.0,0.0,0.0,0.0,0.0,0.0,0.0,0.0,0.0,0.0,0.0,0.0,0.0,0.0,0.0,0.0,0.0,0.0,0.0,0.0,0.0,0.0,0.0,0.0,0.0,0.0,0.0,-2.0930172631408883,-2.0930172631408883,-2.0930172631408883,-0.15794883243420627,-0.15794883243420627,-0.15794883243420627,-0.21062740992978182,-0.21062740992978182,-0.21062740992978182,0.06464939537512646,0.06464939537512646,0.06464939537512646,-2.380061041667544,-2.380061041667544,-2.380061041667544,0.0,0.0,0.0,0.02474743529520142,0.02474743529520142,0.02474743529520142,1.1197503286331658,1.1197503286331658,1.1197503286331658,-0.11063809042109576,-0.11063809042109576,-0.11063809042109576,0.18121862023344568,0.18121862023344568,0.18121862023344568,3.049464679769486,3.049464679769486,3.049464679769486,0.12169681672622089,0.12169681672622089,0.12169681672622089,-0.004906720100130105,-0.004906720100130105,-0.004906720100130105,-0.9496566958766621,-0.9496566958766621,-0.9496566958766621,0.6803886770152584,0.6803886770152584,0.6803886770152584,-0.7763385272871796,-0.7763385272871796,-0.7763385272871796,-2.680106503097067,-2.680106503097067,-2.680106503097067,0.0,0.0,0.0,55.0224153498696
8,2018-03-20 16:00:00,57.11550284527289,47.43256021205556,66.36958430517689,57.11550284527289,57.11550284527289,0.0,0.0,0.0,0.0,0.0,0.0,0.0,0.0,0.0,0.0,0.0,0.0,0.0,0.0,0.0,0.0,0.0,0.0,0.0,0.0,0.0,0.0,0.0,0.0,0.0,0.0,0.0,0.0,0.0,0.0,0.1628369208714501,0.1628369208714501,0.1628369208714501,0.2739170589045443,0.2739170589045443,0.2739170589045443,-0.21062740992978182,-0.21062740992978182,-0.21062740992978182,1.9249587530312722,1.9249587530312722,1.9249587530312722,-2.394382572781561,-2.394382572781561,-2.394382572781561,0.0,0.0,0.0,0.032992085436595354,0.032992085436595354,0.032992085436595354,1.293476278689829,1.293476278689829,1.293476278689829,0.9355915560400347,0.9355915560400347,0.9355915560400347,0.7515436741583791,0.7515436741583791,0.7515436741583791,2.719164266303415,2.719164266303415,2.719164266303415,0.4878405254737177,0.4878405254737177,0.4878405254737177,-0.02558145229173627,-0.02558145229173627,-0.02558145229173627,-0.9268211029645687,-0.9268211029645687,-0.9268211029645687,0.6415553119562717,0.6415553119562717,0.6415553119562717,-0.7382370951030509,-0.7382370951030509,-0.7382370951030509,-2.6775942030206386,-2.6775942030206386,-2.6775942030206386,0.0,0.0,0.0,57.27833976614434
9,2018-03-20 17:00:00,57.1155730775353,52.29083315567779,71.83781429447895,57.1155730775353,57.1155730775353,0.0,0.0,0.0,0.0,0.0,0.0,0.0,0.0,0.0,0.0,0.0,0.0,0.0,0.0,0.0,0.0,0.0,0.0,0.0,0.0,0.0,0.0,0.0,0.0,0.0,0.0,0.0,0.0,0.0,0.0,5.212958843880797,5.212958843880797,5.212958843880797,1.0657273171326018,1.0657273171326018,1.0657273171326018,-0.21062740992978182,-0.21062740992978182,-0.21062740992978182,6.217292559119368,6.217292559119368,6.217292559119368,-2.508460975793216,-2.508460975793216,-2.508460975793216,0.0,0.0,0.0,0.0412367355779893,0.0412367355779893,0.0412367355779893,1.3178128880727669,1.3178128880727669,1.3178128880727669,3.6057668826984104,3.6057668826984104,3.6057668826984104,1.38797713315516,1.38797713315516,1.38797713315516,2.876019257173147,2.876019257173147,2.876019257173147,1.4600928967016857,1.4600928967016857,1.4600928967016857,-0.0510908910881488,-0.0510908910881488,-0.0510908910881488,-0.9551037180391799,-0.9551037180391799,-0.9551037180391799,0.6050276661956316,0.6050276661956316,0.6050276661956316,-0.7463302394094649,-0.7463302394094649,-0.7463302394094649,-2.675088698566806,-2.675088698566806,-2.675088698566806,0.0,0.0,0.0,62.3285319214161
10,2018-03-20 18:00:00,57.11564330979772,59.92785083166072,78.93373415419165,57.11564330979772,57.11564330979772,0.0,0.0,0.0,0.0,0.0,0.0,0.0,0.0,0.0,0.0,0.0,0.0,0.0,0.0,0.0,0.0,0.0,0.0,0.0,0.0,0.0,0.0,0.0,0.0,0.0,0.0,0.0,0.0,0.0,0.0,12.39959829532738,12.39959829532738,12.39959829532738,1.771193627181798,1.771193627181798,1.771193627181798,-0.21062740992978182,-0.21062740992978182,-0.21062740992978182,12.729941556537002,12.729941556537002,12.729941556537002,-2.3864810383738275,-2.3864810383738275,-2.3864810383738275,0.0,0.0,0.0,0.04948138571938323,0.04948138571938323,0.04948138571938323,1.9168678882681567,1.9168678882681567,1.9168678882681567,8.086588802895578,8.086588802895578,8.086588802895578,1.9437359283354494,1.9437359283354494,1.9437359283354494,4.050923467630078,4.050923467630078,4.050923467630078,1.4398141682172099,1.4398141682172099,1.4398141682172099,-0.07596418427866575,-0.07596418427866575,-0.07596418427866575,-1.3194257003706547,-1.3194257003706547,-1.3194257003706547,0.5710531668459197,0.5710531668459197,0.5710531668459197,-0.764971751575924,-0.764971751575924,-0.764971751575924,-2.6725900552373383,-2.6725900552373383,-2.6725900552373383,0.0,0.0,0.0,69.5152416051251
11,2018-03-20 19:00:00,57.11571354206013,60.832112268812736,79.31090941055382,57.11571354206013,57.11571354206013,0.0,0.0,0.0,0.0,0.0,0.0,0.0,0.0,0.0,0.0,0.0,0.0,0.0,0.0,0.0,0.0,0.0,0.0,0.0,0.0,0.0,0.0,0.0,0.0,0.0,0.0,0.0,0.0,0.0,0.0,12.717912465576356,12.717912465576356,12.717912465576356,1.968462153227694,1.968462153227694,1.968462153227694,-0.21062740992978182,-0.21062740992978182,-0.21062740992978182,12.8797158226956,12.8797158226956,12.8797158226956,-1.9711566360673267,-1.9711566360673267,-1.9711566360673267,0.0,0.0,0.0,0.05772603586077716,0.05772603586077716,0.05772603586077716,2.383007560295195,2.383007560295195,2.383007560295195,7.896365230811734,7.896365230811734,7.896365230811734,1.4417602423661562,1.4417602423661562,1.4417602423661562,4.295255280331003,4.295255280331003,4.295255280331003,1.476991837105417,1.476991837105417,1.476991837105417,-0.08378877523118132,-0.08378877523118132,-0.08378877523118132,-1.6680351187717894,-1.6680351187717894,-1.6680351187717894,0.5398328281388944,0.5398328281388944,0.5398328281388944,-0.7377824240746007,-0.7377824240746007,-0.7377824240746007,-2.670098338485834,-2.670098338485834,-2.670098338485834,0.0,0.0,0.0,69.83362600763648
12,2018-03-20 20:00:00,57.11578377432254,56.020068035906625,74.34196666864885,57.11578377432254,57.11578377432254,0.0,0.0,0.0,0.0,0.0,0.0,0.0,0.0,0.0,0.0,0.0,0.0,0.0,0.0,0.0,0.0,0.0,0.0,0.0,0.0,0.0,0.0,0.0,0.0,0.0,0.0,0.0,0.0,0.0,0.0,7.7277378537685415,7.7277378537685415,7.7277378537685415,1.5430256184100237,1.5430256184100237,1.5430256184100237,-0.21062740992978182,-0.21062740992978182,-0.21062740992978182,8.340804907552512,8.340804907552512,8.340804907552512,-2.320799533609541,-2.320799533609541,-2.320799533609541,0.0,0.0,0.0,0.0659706860021711,0.0659706860021711,0.0659706860021711,2.2777985258858795,2.2777985258858795,2.2777985258858795,5.000739744646583,5.000739744646583,5.000739744646583,0.9980495913754429,0.9980495913754429,0.9980495913754429,3.7522956965511653,3.7522956965511653,3.7522956965511653,1.060151307146728,1.060151307146728,1.060151307146728,-0.08665143045771141,-0.08665143045771141,-0.08665143045771141,-1.4618862800057335,-1.4618862800057335,-1.4618862800057335,0.511520941523776,0.511520941523776,0.511520941523776,-0.7342359900526888,-0.7342359900526888,-0.7342359900526888,-2.6676136137177697,-2.6676136137177697,-2.6676136137177697,0.0,0.0,0.0,64.84352162809108
13,2018-03-20 21:00:00,57.11585400658495,48.47497020031608,67.15048264791031,57.11585400658495,57.11585400658495,0.0,0.0,0.0,0.0,0.0,0.0,0.0,0.0,0.0,0.0,0.0,0.0,0.0,0.0,0.0,0.0,0.0,0.0,0.0,0.0,0.0,0.0,0.0,0.0,0.0,0.0,0.0,0.0,0.0,0.0,0.8049098023395018,0.8049098023395018,0.8049098023395018,0.715092819505682,0.715092819505682,0.715092819505682,-0.21062740992978182,-0.21062740992978182,-0.21062740992978182,2.268727568949525,2.268727568949525,2.268727568949525,-2.410185641597028,-2.410185641597028,-2.410185641597028,0.0,0.0,0.0,0.07421533614356503,0.07421533614356503,0.07421533614356503,1.8779293132554562,1.8779293132554562,1.8779293132554562,1.4745583436109206,1.4745583436109206,1.4745583436109206,0.4669413879168597,0.4669413879168597,0.4669413879168597,2.630179223406165,2.630179223406165,2.630179223406165,0.12620320083388228,0.12620320083388228,0.12620320083388228,-0.0883054090330399,-0.0883054090330399,-0.0883054090330399,-0.9553132188915845,-0.9553132188915845,-0.9553132188915845,0.4862253601570523,0.4862253601570523,0.4862253601570523,-0.7168675567658903,-0.7168675567658903,-0.7168675567658903,-2.6651359462727573,-2.6651359462727573,-2.6651359462727573,0.0,0.0,0.0,57.92076380892445
14,2018-03-20 22:00:00,57.11592423884735,43.84947808208518,62.66603097211692,57.11592423884735,57.11592423884735,0.0,0.0,0.0,0.0,0.0,0.0,0.0,0.0,0.0,0.0,0.0,0.0,0.0,0.0,0.0,0.0,0.0,0.0,0.0,0.0,0.0,0.0,0.0,0.0,0.0,0.0,0.0,0.0,0.0,0.0,-3.99543367319028,-3.99543367319028,-3.99543367319028,-0.18321793834886274,-0.18321793834886274,-0.18321793834886274,-0.21062740992978182,-0.21062740992978182,-0.21062740992978182,-1.6135586938961657,-1.6135586938961657,-1.6135586938961657,-2.546487110130434,-2.546487110130434,-2.546487110130434,0.0,0.0,0.0,0.08245998628495899,0.08245998628495899,0.08245998628495899,1.1526983536439126,1.1526983536439126,1.1526983536439126,-0.7482393227761965,-0.7482393227761965,-0.7482393227761965,0.07477288325334984,0.07477288325334984,0.07477288325334984,2.0857114185602716,2.0857114185602716,2.0857114185602716,-0.38189160730495153,-0.38189160730495153,-0.38189160730495153,-0.09027746041131617,-0.09027746041131617,-0.09027746041131617,-0.328905670202045,-0.328905670202045,-0.328905670202045,0.464008360475974,0.464008360475974,0.464008360475974,-0.7027727548839335,-0.7027727548839335,-0.7027727548839335,-2.662665401421225,-2.662665401421225,-2.662665401421225,0.0,0.0,0.0,53.12049056565707
15,2018-03-20 23:00:00,57.11599447110976,39.80813680320613,58.000845600394065,57.11599447110976,57.11599447110976,0.0,0.0,0.0,0.0,0.0,0.0,0.0,0.0,0.0,0.0,0.0,0.0,0.0,0.0,0.0,0.0,0.0,0.0,0.0,0.0,0.0,0.0,0.0,0.0,0.0,0.0,0.0,0.0,0.0,0.0,-8.584898513300688,-8.584898513300688,-8.584898513300688,-0.9556916241927428,-0.9556916241927428,-0.9556916241927428,-0.21062740992978182,-0.21062740992978182,-0.21062740992978182,-5.413892901221307,-5.413892901221307,-5.413892901221307,-2.8388438832165797,-2.8388438832165797,-2.8388438832165797,0.0,0.0,0.0,0.09070463642635292,0.09070463642635292,0.09070463642635292,0.9063369848135584,0.9063369848135584,0.9063369848135584,-2.2101427008279444,-2.2101427008279444,-2.2101427008279444,-0.9157327113824862,-0.9157327113824862,-0.9157327113824862,1.492980539600613,1.492980539600613,1.492980539600613,-1.0578492234541763,-1.0578492234541763,-1.0578492234541763,-0.09027746041131617,-0.09027746041131617,-0.09027746041131617,0.14351875197016614,0.14351875197016614,0.14351875197016614,0.4448880564676025,0.4448880564676025,0.4448880564676025,-0.7239604248097139,-0.7239604248097139,-0.7239604248097139,-2.66020204435424,-2.66020204435424,-2.66020204435424,0.0,0.0,0.0,48.53109595780907
16,2018-03-21 00:00:00,57.11606470337217,37.360739693648334,56.26067171100568,57.11606470337217,57.11606470337217,0.0,0.0,0.0,0.0,0.0,0.0,0.0,0.0,0.0,0.0,0.0,0.0,0.0,0.0,0.0,0.0,0.0,0.0,0.0,0.0,0.0,0.0,0.0,0.0,0.0,0.0,0.0,0.0,0.0,0.0,-10.504371846895376,-10.504371846895376,-10.504371846895376,-1.594456656004053,-1.594456656004053,-1.594456656004053,-0.12646760149493733,-0.12646760149493733,-0.12646760149493733,-6.6810095862056755,-6.6810095862056755,-6.6810095862056755,-2.8363746537141625,-2.8363746537141625,-2.8363746537141625,0.0,0.0,0.0,1.3484871019611472e-05,1.3484871019611472e-05,1.3484871019611472e-05,0.7839051191486254,0.7839051191486254,0.7839051191486254,-2.8477439331830454,-2.8477439331830454,-2.8477439331830454,-1.1756844059022986,-1.1756844059022986,-1.1756844059022986,1.2456322847675754,1.2456322847675754,1.2456322847675754,-1.4420184686323188,-1.4420184686323188,-1.4420184686323188,-0.09027746041131617,-0.09027746041131617,-0.09027746041131617,0.524600802494003,0.524600802494003,0.524600802494003,0.42884033549058753,0.42884033549058753,0.42884033549058753,-0.7165947541488203,-0.7165947541488203,-0.7165947541488203,-2.6577459401762344,-2.6577459401762344,-2.6577459401762344,0.0,0.0,0.0,46.61169285647679
17,2018-03-21 01:00:00,57.11613493563458,33.68233258468641,52.58713163076238,57.11613493563458,57.11613493563458,0.0,0.0,0.0,0.0,0.0,0.0,0.0,0.0,0.0,0.0,0.0,0.0,0.0,0.0,0.0,0.0,0.0,0.0,0.0,0.0,0.0,0.0,0.0,0.0,0.0,0.0,0.0,0.0,0.0,0.0,-13.744677902530892,-13.744677902530892,-13.744677902530892,-2.129386662891713,-2.129386662891713,-2.129386662891713,-0.12646760149493733,-0.12646760149493733,-0.12646760149493733,-9.37579536395127,-9.37579536395127,-9.37579536395127,-2.856128489733497,-2.856128489733497,-2.856128489733497,0.0,0.0,0.0,-0.09067766668431369,-0.09067766668431369,-0.09067766668431369,0.7621893753915425,0.7621893753915425,0.7621893753915425,-4.214535525192871,-4.214535525192871,-4.214535525192871,-1.3807325097692194,-1.3807325097692194,-1.3807325097692194,0.048104758319819814,0.048104758319819814,0.048104758319819814,-1.5141206143549029,-1.5141206143549029,-1.5141206143549029,-0.09021384585072663,-0.09021384585072663,-0.09021384585072663,0.7540042358769613,0.7540042358769613,0.7540042358769613,0.4158012782122875,0.4158012782122875,0.4158012782122875,-0.6672174804591261,-0.6672174804591261,-0.6672174804591261,-2.655297153900197,-2.655297153900197,-2.655297153900197,0.0,0.0,0.0,43.37145703310368
18,2018-03-21 02:00:00,57.116205167896986,32.311126626282146,51.00204973753447,57.116205167896986,57.116205167896986,0.0,0.0,0.0,0.0,0.0,0.0,0.0,0.0,0.0,0.0,0.0,0.0,0.0,0.0,0.0,0.0,0.0,0.0,0.0,0.0,0.0,0.0,0.0,0.0,0.0,0.0,0.0,0.0,0.0,0.0,-14.92793030648596,-14.92793030648596,-14.92793030648596,-2.469321987019377,-2.469321987019377,-2.469321987019377,-0.12646760149493733,-0.12646760149493733,-0.12646760149493733,-10.211422588542403,-10.211422588542403,-10.211422588542403,-2.9114392305876327,-2.9114392305876327,-2.9114392305876327,0.0,0.0,0.0,-0.08243301654291975,-0.08243301654291975,-0.08243301654291975,0.6824401784905312,0.6824401784905312,0.6824401784905312,-4.573846716906796,-4.573846716906796,-4.573846716906796,-1.3908168427462815,-1.3908168427462815,-1.3908168427462815,-0.3093436343352404,-0.3093436343352404,-0.3093436343352404,-1.5974887203466408,-1.5974887203466408,-1.5974887203466408,-0.09027746041131617,-0.09027746041131617,-0.09027746041131617,0.8455561083777402,0.8455561083777402,0.8455561083777402,0.4056700195076309,0.4056700195076309,0.4056700195076309,-0.6573056520389113,-0.6573056520389113,-0.6573056520389113,-2.652855750431806,-2.652855750431806,-2.652855750431806,0.0,0.0,0.0,42.188274861411024
19,2018-03-21 03:00:00,57.116275400159395,32.37691957127298,51.14573734064723,57.116275400159395,57.116275400159395,0.0,0.0,0.0,0.0,0.0,0.0,0.0,0.0,0.0,0.0,0.0,0.0,0.0,0.0,0.0,0.0,0.0,0.0,0.0,0.0,0.0,0.0,0.0,0.0,0.0,0.0,0.0,0.0,0.0,0.0,-15.246299726555272,-15.246299726555272,-15.246299726555272,-2.422747167570815,-2.422747167570815,-2.422747167570815,-0.12646760149493733,-0.12646760149493733,-0.12646760149493733,-10.57144276645727,-10.57144276645727,-10.57144276645727,-2.8985992371750653,-2.8985992371750653,-2.8985992371750653,0.0,0.0,0.0,-0.07418836640152582,-0.07418836640152582,-0.07418836640152582,0.7329854441320173,0.7329854441320173,0.7329854441320173,-4.654867867979542,-4.654867867979542,-4.654867867979542,-1.4580457292600262,-1.4580457292600262,-1.4580457292600262,-0.5401014574416722,-0.5401014574416722,-0.5401014574416722,-1.693249382634448,-1.693249382634448,-1.693249382634448,-0.09027746041131617,-0.09027746041131617,-0.09027746041131617,0.8656681902085749,0.8656681902085749,0.8656681902085749,0.39831200204142103,0.39831200204142103,0.39831200204142103,-0.63429929799933,-0.63429929799933,-0.63429929799933,-2.650421794568607,-2.650421794568607,-2.650421794568607,0.0,0.0,0.0,41.869975673604124
20,2018-03-21 04:00:00,57.116345632421805,35.39203060174676,53.74136314096999,57.116345632421805,57.116345632421805,0.0,0.0,0.0,0.0,0.0,0.0,0.0,0.0,0.0,0.0,0.0,0.0,0.0,0.0,0.0,0.0,0.0,0.0,0.0,0.0,0.0,0.0,0.0,0.0,0.0,0.0,0.0,0.0,0.0,0.0,-13.326426574894963,-13.326426574894963,-13.326426574894963,-1.884679634362111,-1.884679634362111,-1.884679634362111,-0.12646760149493733,-0.12646760149493733,-0.12646760149493733,-9.18731415935015,-9.18731415935015,-9.18731415935015,-2.7385931654184588,-2.7385931654184588,-2.7385931654184588,0.0,0.0,0.0,-0.06594371626013187,-0.06594371626013187,-0.06594371626013187,0.8187251910349824,0.8187251910349824,0.8187251910349824,-3.99260802442839,-3.99260802442839,-3.99260802442839,-1.1801663316698814,-1.1801663316698814,-1.1801663316698814,-0.5265274678471767,-0.5265274678471767,-0.5265274678471767,-1.4003344156364503,-1.4003344156364503,-1.4003344156364503,-0.09027746041131617,-0.09027746041131617,-0.09027746041131617,0.7284451318836089,0.7284451318836089,0.7284451318836089,0.39356256980631765,0.39356256980631765,0.39356256980631765,-0.613566299102,-0.613566299102,-0.613566299102,-2.647995350989019,-2.647995350989019,-2.647995350989019,0.0,0.0,0.0,43.789919057526845
21,2018-03-21 05:00:00,57.11641586468421,36.85156740209701,55.66557305180623,57.11641586468421,57.11641586468421,0.0,0.0,0.0,0.0,0.0,0.0,0.0,0.0,0.0,0.0,0.0,0.0,0.0,0.0,0.0,0.0,0.0,0.0,0.0,0.0,0.0,0.0,0.0,0.0,0.0,0.0,0.0,0.0,0.0,0.0,-10.402949973710745,-10.402949973710745,-10.402949973710745,-0.9924533017514148,-0.9924533017514148,-0.9924533017514148,-0.12646760149493733,-0.12646760149493733,-0.12646760149493733,-7.156151032904329,-7.156151032904329,-7.156151032904329,-2.7287162474087916,-2.7287162474087916,-2.7287162474087916,0.0,0.0,0.0,-0.057699066118737936,-0.057699066118737936,-0.057699066118737936,0.9692377598340741,0.9692377598340741,0.9692377598340741,-3.3162575459080625,-3.3162575459080625,-3.3162575459080625,-0.46305820885660626,-0.46305820885660626,-0.46305820885660626,-0.27616277088202823,-0.27616277088202823,-0.27616277088202823,-0.5767927199613111,-0.5767927199613111,-0.5767927199613111,-0.09027746041131617,-0.09027746041131617,-0.09027746041131617,0.11942615394364539,0.11942615394364539,0.11942615394364539,0.3912308451887242,0.3912308451887242,0.3912308451887242,-0.6093833256402579,-0.6093833256402579,-0.6093833256402579,-2.645576484243726,-2.645576484243726,-2.645576484243726,0.0,0.0,0.0,46.71346589097346
22,2018-03-21 06:00:00,57.116486096946616,46.16296800435792,66.34250834406835,57.116486096946616,57.116486096946616,0.0,0.0,0.0,0.0,0.0,0.0,0.0,0.0,0.0,0.0,0.0,0.0,0.0,0.0,0.0,0.0,0.0,0.0,0.0,0.0,0.0,0.0,0.0,0.0,0.0,0.0,0.0,0.0,0.0,0.0,-1.2821612238298126,-1.2821612238298126,-1.2821612238298126,-0.07534639520234433,-0.07534639520234433,-0.07534639520234433,-0.12646760149493733,-0.12646760149493733,-0.12646760149493733,1.045246599953216,1.045246599953216,1.045246599953216,-2.6427870607246877,-2.6427870607246877,-2.6427870607246877,0.0,0.0,0.0,-0.049454415977344006,-0.049454415977344006,-0.049454415977344006,1.6787435256904895,1.6787435256904895,1.6787435256904895,0.9144556035862735,0.9144556035862735,0.9144556035862735,0.5666642362455809,0.5666642362455809,0.5666642362455809,1.3527159804574893,1.3527159804574893,1.3527159804574893,0.8044140090369383,0.8044140090369383,0.8044140090369383,-0.08658781589712183,-0.08658781589712183,-0.08658781589712183,-0.7166917480028268,-0.7166917480028268,-0.7166917480028268,0.3911038301692768,0.3911038301692768,0.3911038301692768,-0.6497581129666377,-0.6497581129666377,-0.6497581129666377,-2.6431652587499608,-2.6431652587499608,-2.6431652587499608,0.0,0.0,0.0,55.834324873116806
23,2018-03-21 07:00:00,57.11655632920903,50.17252909480133,68.378046428174,57.11655632920903,57.11655632920903,0.0,0.0,0.0,0.0,0.0,0.0,0.0,0.0,0.0,0.0,0.0,0.0,0.0,0.0,0.0,0.0,0.0,0.0,0.0,0.0,0.0,0.0,0.0,0.0,0.0,0.0,0.0,0.0,0.0,0.0,2.3449583966619008,2.3449583966619008,2.3449583966619008,0.5712271026822198,0.5712271026822198,0.5712271026822198,-0.12646760149493733,-0.12646760149493733,-0.12646760149493733,4.021542362560313,4.021542362560313,4.021542362560313,-2.3242564549129248,-2.3242564549129248,-2.3242564549129248,0.0,0.0,0.0,-0.04120976583595007,-0.04120976583595007,-0.04120976583595007,2.069626913317981,2.069626913317981,2.069626913317981,2.034661083635565,2.034661083635565,2.034661083635565,1.4159891692025537,1.4159891692025537,1.4159891692025537,1.942430417285036,1.942430417285036,1.942430417285036,1.2066087906457263,1.2066087906457263,1.2066087906457263,-0.04205762348443165,-0.04205762348443165,-0.04205762348443165,-1.4463832169277986,-1.4463832169277986,-1.4463832169277986,0.39295067019988605,0.39295067019988605,0.39295067019988605,-0.6673993488705062,-0.6673993488705062,-0.6673993488705062,-2.640761738780517,-2.640761738780517,-2.640761738780517,0.0,0.0,0.0,59.461514725870934
24,2018-03-21 08:00:00,57.11406343949519,49.57073158942512,69.20075221360311,57.11406343949519,57.11406343949519,0.0,0.0,0.0,0.0,0.0,0.0,0.0,0.0,0.0,0.0,0.0,0.0,0.0,0.0,0.0,0.0,0.0,0.0,0.0,0.0,0.0,0.0,0.0,0.0,0.0,0.0,0.0,0.0,0.0,0.0,2.262837640690555,2.262837640690555,2.262837640690555,0.9421717732439757,0.9421717732439757,0.9421717732439757,-0.05596526990590929,-0.05596526990590929,-0.05596526990590929,3.6395125360281724,3.6395125360281724,3.6395125360281724,-2.1047605745666447,-2.1047605745666447,-2.1047605745666447,0.0,0.0,0.0,-0.09558197276114769,-0.09558197276114769,-0.09558197276114769,1.9271176189970387,1.9271176189970387,1.9271176189970387,1.9358511290552616,1.9358511290552616,1.9358511290552616,1.2720512454498953,1.2720512454498953,1.2720512454498953,1.9783018465698374,1.9783018465698374,1.9783018465698374,1.2385918109315062,1.2385918109315062,1.2385918109315062,0.03309326564043845,0.03309326564043845,0.03309326564043845,-1.7726683298615524,-1.7726683298615524,-1.7726683298615524,0.29359849223171525,0.29359849223171525,0.29359849223171525,-0.7165182335205512,-0.7165182335205512,-0.7165182335205512,-2.612445160813308,-2.612445160813308,-2.612445160813308,0.0,0.0,0.0,59.376901080185746
25,2018-03-21 09:00:00,57.11414127180641,48.35904319428568,67.03435040192751,57.11414127180641,57.11414127180641,0.0,0.0,0.0,0.0,0.0,0.0,0.0,0.0,0.0,0.0,0.0,0.0,0.0,0.0,0.0,0.0,0.0,0.0,0.0,0.0,0.0,0.0,0.0,0.0,0.0,0.0,0.0,0.0,0.0,0.0,0.5759940962155731,0.5759940962155731,0.5759940962155731,1.0234236665505112,1.0234236665505112,1.0234236665505112,-0.05596526990590929,-0.05596526990590929,-0.05596526990590929,1.859619409995461,1.859619409995461,1.859619409995461,-2.1195512078928536,-2.1195512078928536,-2.1195512078928536,0.0,0.0,0.0,-0.07167671328662181,-0.07167671328662181,-0.07167671328662181,1.5308572702921643,1.5308572702921643,1.5308572702921643,1.313604107538857,1.313604107538857,1.313604107538857,0.864329663680594,0.864329663680594,0.864329663680594,2.1050933223659496,2.1050933223659496,2.1050933223659496,0.8577243479237718,0.8577243479237718,0.8577243479237718,0.11340510121121183,0.11340510121121183,0.11340510121121183,-1.8864205465103097,-1.8864205465103097,-1.8864205465103097,0.30292549497289956,0.30292549497289956,0.30292549497289956,-0.7917806654213927,-0.7917806654213927,-0.7917806654213927,-2.6099744753032987,-2.6099744753032987,-2.6099744753032987,0.0,0.0,0.0,57.690135368021984
26,2018-03-21 10:00:00,57.11421910411763,47.59062571028638,65.85669717039077,57.11421910411763,57.11421910411763,0.0,0.0,0.0,0.0,0.0,0.0,0.0,0.0,0.0,0.0,0.0,0.0,0.0,0.0,0.0,0.0,0.0,0.0,0.0,0.0,0.0,0.0,0.0,0.0,0.0,0.0,0.0,0.0,0.0,0.0,-0.31038052178211306,-0.31038052178211306,-0.31038052178211306,1.038818730674207,1.038818730674207,1.038818730674207,-0.05596526990590929,-0.05596526990590929,-0.05596526990590929,0.9450427571981499,0.9450427571981499,0.9450427571981499,-2.1703323823128398,-2.1703323823128398,-2.1703323823128398,0.0,0.0,0.0,-0.04777145381209592,-0.04777145381209592,-0.04777145381209592,1.7097566441063863,1.7097566441063863,1.7097566441063863,0.9438115918948227,0.9438115918948227,0.9438115918948227,0.8379138992279346,0.8379138992279346,0.8379138992279346,2.1413194583076947,2.1413194583076947,2.1413194583076947,0.18165565978846127,0.18165565978846127,0.18165565978846127,0.138054200509965,0.138054200509965,0.138054200509965,-1.893699024723667,-1.893699024723667,-1.893699024723667,0.3132681327558735,0.3132681327558735,0.3132681327558735,-0.8397005658826027,-0.8397005658826027,-0.8397005658826027,-2.6075101424103435,-2.6075101424103435,-2.6075101424103435,0.0,0.0,0.0,56.803838582335516
27,2018-03-21 11:00:00,57.11429693642886,45.18607586882771,63.665438167855456,57.11429693642886,57.11429693642886,0.0,0.0,0.0,0.0,0.0,0.0,0.0,0.0,0.0,0.0,0.0,0.0,0.0,0.0,0.0,0.0,0.0,0.0,0.0,0.0,0.0,0.0,0.0,0.0,0.0,0.0,0.0,0.0,0.0,0.0,-2.150622050331957,-2.150622050331957,-2.150622050331957,0.9990260574731529,0.9990260574731529,0.9990260574731529,-0.05596526990590929,-0.05596526990590929,-0.05596526990590929,-0.8689519208544045,-0.8689519208544045,-0.8689519208544045,-2.02982136571385,-2.02982136571385,-2.02982136571385,0.0,0.0,0.0,-0.023866194337570028,-0.023866194337570028,-0.023866194337570028,1.808557087238501,1.808557087238501,1.808557087238501,-0.5104685898206583,-0.5104685898206583,-0.5104685898206583,0.3004105181912204,0.3004105181912204,0.3004105181912204,2.2605638224492766,2.2605638224492766,2.2605638224492766,-0.033667586775181904,-0.033667586775181904,-0.033667586775181904,0.12208891956372663,0.12208891956372663,0.12208891956372663,-1.848572459800851,-1.848572459800851,-1.848572459800851,0.3243560391259673,0.3243560391259673,0.3243560391259673,-0.8582108019431093,-0.8582108019431093,-0.8582108019431093,-2.6050522260766726,-2.6050522260766726,-2.6050522260766726,0.0,0.0,0.0,54.9636748860969
28,2018-03-21 12:00:00,57.11437476874007,43.054345967672916,62.27455609613423,57.11437476874007,57.11437476874007,0.0,0.0,0.0,0.0,0.0,0.0,0.0,0.0,0.0,0.0,0.0,0.0,0.0,0.0,0.0,0.0,0.0,0.0,0.0,0.0,0.0,0.0,0.0,0.0,0.0,0.0,0.0,0.0,0.0,0.0,-4.533820273842837,-4.533820273842837,-4.533820273842837,0.7916178400010773,0.7916178400010773,0.7916178400010773,-0.05596526990590929,-0.05596526990590929,-0.05596526990590929,-3.058763585580647,-3.058763585580647,-3.058763585580647,-2.0372166823769544,-2.0372166823769544,-2.0372166823769544,0.0,0.0,0.0,3.906513695586205e-05,3.906513695586205e-05,3.906513695586205e-05,1.887597441744193,1.887597441744193,1.887597441744193,-2.3665425625724494,-2.3665425625724494,-2.3665425625724494,0.2751432652365032,0.2751432652365032,0.2751432652365032,2.1639607932712868,2.1639607932712868,2.1639607932712868,-0.36244071593687416,-0.36244071593687416,-0.36244071593687416,0.09808706138441557,0.09808706138441557,0.09808706138441557,-1.7805706776360546,-1.7805706776360546,-1.7805706776360546,0.33592626184296925,0.33592626184296925,0.33592626184296925,-0.8808553039257595,-0.8808553039257595,-0.8808553039257595,-2.6026007901062367,-2.6026007901062367,-2.6026007901062367,0.0,0.0,0.0,52.580554494897235
29,2018-03-21 13:00:00,57.1144526010513,41.4475414546569,60.16447833094099,57.1144526010513,57.1144526010513,0.0,0.0,0.0,0.0,0.0,0.0,0.0,0.0,0.0,0.0,0.0,0.0,0.0,0.0,0.0,0.0,0.0,0.0,0.0,0.0,0.0,0.0,0.0,0.0,0.0,0.0,0.0,0.0,0.0,0.0,-6.3699142624609495,-6.3699142624609495,-6.3699142624609495,0.3754014005581958,0.3754014005581958,0.3754014005581958,-0.05596526990590929,-0.05596526990590929,-0.05596526990590929,-4.492886880117188,-4.492886880117188,-4.492886880117188,-2.1358209045516845,-2.1358209045516845,-2.1358209045516845,0.0,0.0,0.0,0.02394432461148175,0.02394432461148175,0.02394432461148175,1.7372796246931896,1.7372796246931896,1.7372796246931896,-3.6074809083394483,-3.6074809083394483,-3.6074809083394483,0.30730158717887085,0.30730158717887085,0.30730158717887085,2.157923103947662,2.157923103947662,2.157923103947662,-0.5198813693382477,-0.5198813693382477,-0.5198813693382477,0.08163634959859564,0.08163634959859564,0.08163634959859564,-1.5909143310479992,-1.5909143310479992,-1.5909143310479992,0.3477271152584146,0.3477271152584146,0.3477271152584146,-0.8909090869636995,-0.8909090869636995,-0.8909090869636995,-2.6001558981603705,-2.6001558981603705,-2.6001558981603705,0.0,0.0,0.0,50.744538338590345
30,2018-03-21 14:00:00,57.114530433362525,38.733477844064986,56.69431072311235,57.114530433362525,57.114530433362525,0.0,0.0,0.0,0.0,0.0,0.0,0.0,0.0,0.0,0.0,0.0,0.0,0.0,0.0,0.0,0.0,0.0,0.0,0.0,0.0,0.0,0.0,0.0,0.0,0.0,0.0,0.0,0.0,0.0,0.0,-8.759717886356981,-8.759717886356981,-8.759717886356981,-0.06525524345737857,-0.06525524345737857,-0.06525524345737857,-0.05596526990590929,-0.05596526990590929,-0.05596526990590929,-6.456266763332691,-6.456266763332691,-6.456266763332691,-2.064825864585879,-2.064825864585879,-2.064825864585879,0.0,0.0,0.0,0.047849584086007646,0.047849584086007646,0.047849584086007646,1.5209772259789527,1.5209772259789527,1.5209772259789527,-5.467110578357047,-5.467110578357047,-5.467110578357047,0.2314998283147185,0.2314998283147185,0.2314998283147185,2.026603361158833,2.026603361158833,2.026603361158833,-0.45852582058624164,-0.45852582058624164,-0.45852582058624164,0.07214347984677824,0.07214347984677824,0.07214347984677824,-1.442433375495508,-1.442433375495508,-1.442433375495508,0.3595217341828503,0.3595217341828503,0.3595217341828503,-0.8664793337873964,-0.8664793337873964,-0.8664793337873964,-2.5977176137497606,-2.5977176137497606,-2.5977176137497606,0.0,0.0,0.0,48.354812547005544
31,2018-03-21 15:00:00,57.11460826567374,36.30944960973569,55.51834446776849,57.11460826567374,57.11460826567374,0.0,0.0,0.0,0.0,0.0,0.0,0.0,0.0,0.0,0.0,0.0,0.0,0.0,0.0,0.0,0.0,0.0,0.0,0.0,0.0,0.0,0.0,0.0,0.0,0.0,0.0,0.0,0.0,0.0,0.0,-11.04417804331108,-11.04417804331108,-11.04417804331108,-0.19817533039015897,-0.19817533039015897,-0.19817533039015897,-0.05596526990590929,-0.05596526990590929,-0.05596526990590929,-8.621807995341648,-8.621807995341648,-8.621807995341648,-2.1525836223213886,-2.1525836223213886,-2.1525836223213886,0.0,0.0,0.0,0.07175484356053353,0.07175484356053353,0.07175484356053353,1.308909131970378,1.308909131970378,1.308909131970378,-7.511636506196661,-7.511636506196661,-7.511636506196661,0.22346024782912655,0.22346024782912655,0.22346024782912655,1.8560386377664442,1.8560386377664442,1.8560386377664442,-0.22352249234742658,-0.22352249234742658,-0.22352249234742658,0.0664801200516599,0.0664801200516599,0.0664801200516599,-1.331592550132094,-1.331592550132094,-1.331592550132094,0.3710912826445193,0.3710912826445193,0.3710912826445193,-0.8731505356163098,-0.8731505356163098,-0.8731505356163098,-2.595286000223791,-2.595286000223791,-2.595286000223791,0.0,0.0,0.0,46.07043022236266
32,2018-03-21 16:00:00,57.114686097984965,37.74016858733541,56.1747286733632,57.114686097984965,57.114686097984965,0.0,0.0,0.0,0.0,0.0,0.0,0.0,0.0,0.0,0.0,0.0,0.0,0.0,0.0,0.0,0.0,0.0,0.0,0.0,0.0,0.0,0.0,0.0,0.0,0.0,0.0,0.0,0.0,0.0,0.0,-10.305153879939516,-10.305153879939516,-10.305153879939516,0.1829731387579887,0.1829731387579887,0.1829731387579887,-0.05596526990590929,-0.05596526990590929,-0.05596526990590929,-8.277503674186889,-8.277503674186889,-8.277503674186889,-2.045105020150933,-2.045105020150933,-2.045105020150933,0.0,0.0,0.0,0.09566010303505942,0.09566010303505942,0.09566010303505942,1.315260589028871,1.315260589028871,1.315260589028871,-8.201441775763417,-8.201441775763417,-8.201441775763417,0.643815456075788,0.643815456075788,0.643815456075788,1.3730234918764987,1.3730234918764987,1.3730234918764987,0.6493470125396004,0.6493470125396004,0.6493470125396004,0.04792587462765315,0.04792587462765315,0.04792587462765315,-1.2608873332023365,-1.2608873332023365,-1.2608873332023365,0.3822377762574115,0.3822377762574115,0.3822377762574115,-0.8391368023477649,-0.8391368023477649,-0.8391368023477649,-2.5928611207680246,-2.5928611207680246,-2.5928611207680246,0.0,0.0,0.0,46.80953221804545
33,2018-03-21 17:00:00,57.11476393029618,39.7542686096468,58.291061456034875,57.11476393029618,57.11476393029618,0.0,0.0,0.0,0.0,0.0,0.0,0.0,0.0,0.0,0.0,0.0,0.0,0.0,0.0,0.0,0.0,0.0,0.0,0.0,0.0,0.0,0.0,0.0,0.0,0.0,0.0,0.0,0.0,0.0,0.0,-8.138161993480006,-8.138161993480006,-8.138161993480006,0.9352400280208973,0.9352400280208973,0.9352400280208973,-0.05596526990590929,-0.05596526990590929,-0.05596526990590929,-6.875745465910431,-6.875745465910431,-6.875745465910431,-1.9504449668631918,-1.9504449668631918,-1.9504449668631918,0.0,0.0,0.0,0.1195653625095853,0.1195653625095853,0.1195653625095853,1.5255643894100868,1.5255643894100868,1.5255643894100868,-9.410378846138146,-9.410378846138146,-9.410378846138146,1.772802258552477,1.772802258552477,1.772802258552477,1.8258501911483247,1.8258501911483247,1.8258501911483247,1.319627441358684,1.319627441358684,1.319627441358684,0.008767786901406352,0.008767786901406352,0.008767786901406352,-1.226574507339366,-1.226574507339366,-1.226574507339366,0.39278648279655826,0.39278648279655826,0.39278648279655826,-0.804559305544382,-0.804559305544382,-0.804559305544382,-2.590443038387031,-2.590443038387031,-2.590443038387031,0.0,0.0,0.0,48.976601936816174
34,2018-03-21 18:00:00,57.114841762607405,49.44949315385337,67.85712627733966,57.114841762607405,57.114841762607405,0.0,0.0,0.0,0.0,0.0,0.0,0.0,0.0,0.0,0.0,0.0,0.0,0.0,0.0,0.0,0.0,0.0,0.0,0.0,0.0,0.0,0.0,0.0,0.0,0.0,0.0,0.0,0.0,0.0,0.0,1.4146528927779214,1.4146528927779214,1.4146528927779214,1.6170679679925137,1.6170679679925137,1.6170679679925137,-0.05596526990590929,-0.05596526990590929,-0.05596526990590929,1.9830288688868105,1.9830288688868105,1.9830288688868105,-1.769999240283436,-1.769999240283436,-1.769999240283436,0.0,0.0,0.0,0.1434706219841112,0.1434706219841112,0.1434706219841112,1.9366448045847784,1.9366448045847784,1.9366448045847784,-1.754962632853467,-1.754962632853467,-1.754962632853467,2.1701872368403032,2.1701872368403032,2.1701872368403032,2.302827647714647,2.302827647714647,2.302827647714647,1.5106399987941732,1.5106399987941732,1.5106399987941732,-0.0422024512546587,-0.0422024512546587,-0.0422024512546587,-1.668274156629969,-1.668274156629969,-1.668274156629969,0.4025878718064116,0.4025878718064116,0.4025878718064116,-0.7893376901037624,-0.7893376901037624,-0.7893376901037624,-2.588031815907814,-2.588031815907814,-2.588031815907814,0.0,0.0,0.0,58.52949465538533
35,2018-03-21 19:00:00,57.114919594918625,53.04129564926656,72.67098912867161,57.114919594918625,57.114919594918625,0.0,0.0,0.0,0.0,0.0,0.0,0.0,0.0,0.0,0.0,0.0,0.0,0.0,0.0,0.0,0.0,0.0,0.0,0.0,0.0,0.0,0.0,0.0,0.0,0.0,0.0,0.0,0.0,0.0,0.0,5.723551702683782,5.723551702683782,5.723551702683782,1.7933298645982325,1.7933298645982325,1.7933298645982325,-0.05596526990590929,-0.05596526990590929,-0.05596526990590929,6.104330263324356,6.104330263324356,6.104330263324356,-1.2814153194076485,-1.2814153194076485,-1.2814153194076485,0.0,0.0,0.0,0.16737588145863708,0.16737588145863708,0.16737588145863708,2.5816705547472987,2.5816705547472987,2.5816705547472987,1.3669395665259767,1.3669395665259767,1.3669395665259767,2.2195732312517955,2.2195732312517955,2.2195732312517955,2.533769264343278,2.533769264343278,2.533769264343278,1.5060093913411923,1.5060093913411923,1.5060093913411923,-0.05962402471964178,-0.05962402471964178,-0.05962402471964178,-2.0667188496811915,-2.0667188496811915,-2.0667188496811915,0.41151909072214393,0.41151909072214393,0.41151909072214393,-0.8072841626294313,-0.8072841626294313,-0.8072841626294313,-2.5856275159609514,-2.5856275159609514,-2.5856275159609514,0.0,0.0,0.0,62.83847129760241
36,2018-03-21 20:00:00,57.114997427229845,48.154601454648606,67.29543700318716,57.114997427229845,57.114997427229845,0.0,0.0,0.0,0.0,0.0,0.0,0.0,0.0,0.0,0.0,0.0,0.0,0.0,0.0,0.0,0.0,0.0,0.0,0.0,0.0,0.0,0.0,0.0,0.0,0.0,0.0,0.0,0.0,0.0,0.0,0.9076284745339501,0.9076284745339501,0.9076284745339501,1.3398780631762675,1.3398780631762675,1.3398780631762675,-0.05596526990590929,-0.05596526990590929,-0.05596526990590929,1.7314956604216931,1.7314956604216931,1.7314956604216931,-1.5111631570747697,-1.5111631570747697,-1.5111631570747697,0.0,0.0,0.0,0.19128114093316298,0.19128114093316298,0.19128114093316298,2.3509009482887167,2.3509009482887167,2.3509009482887167,-1.776296816448316,-1.776296816448316,-1.776296816448316,1.7498320285936428,1.7498320285936428,1.7498320285936428,2.206224618536657,2.206224618536657,2.206224618536657,1.3254157006749108,1.3254157006749108,1.3254157006749108,-0.06108031723838649,-0.06108031723838649,-0.06108031723838649,-1.8957785899274835,-1.8957785899274835,-1.8957785899274835,0.41948495191710267,0.41948495191710267,0.41948495191710267,-0.7918746260105324,-0.7918746260105324,-0.7918746260105324,-2.583230200981113,-2.583230200981113,-2.583230200981113,0.0,0.0,0.0,58.022625901763796
37,2018-03-21 21:00:00,57.11507525954107,43.90443572649869,62.613826827486875,57.11507525954107,57.11507525954107,0.0,0.0,0.0,0.0,0.0,0.0,0.0,0.0,0.0,0.0,0.0,0.0,0.0,0.0,0.0,0.0,0.0,0.0,0.0,0.0,0.0,0.0,0.0,0.0,0.0,0.0,0.0,0.0,0.0,0.0,-4.31798072875536,-4.31798072875536,-4.31798072875536,0.4922852614719978,0.4922852614719978,0.4922852614719978,-0.05596526990590929,-0.05596526990590929,-0.05596526990590929,-2.655844479183249,-2.655844479183249,-2.655844479183249,-1.6492090681193918,-1.6492090681193918,-1.6492090681193918,0.0,0.0,0.0,0.21518640040768885,0.21518640040768885,0.21518640040768885,1.6353034530318284,1.6353034530318284,1.6353034530318284,-3.5363669630232892,-3.5363669630232892,-3.5363669630232892,0.5519345362404519,0.5519345362404519,0.5519345362404519,1.6733985357268089,1.6733985357268089,1.6733985357268089,0.6539776199925817,0.6539776199925817,0.6539776199925817,-0.06264448327703823,-0.06264448327703823,-0.06264448327703823,-1.3051820720436256,-1.3051820720436256,-1.3051820720436256,0.42641842214943426,0.42641842214943426,0.42641842214943426,-0.7762771682133541,-0.7762771682133541,-0.7762771682133541,-2.5808399331935443,-2.5808399331935443,-2.5808399331935443,0.0,0.0,0.0,52.797094530785714
38,2018-03-21 22:00:00,57.115153091852285,34.37224890225278,52.833765676894224,57.115153091852285,57.115153091852285,0.0,0.0,0.0,0.0,0.0,0.0,0.0,0.0,0.0,0.0,0.0,0.0,0.0,0.0,0.0,0.0,0.0,0.0,0.0,0.0,0.0,0.0,0.0,0.0,0.0,0.0,0.0,0.0,0.0,0.0,-13.599542907450166,-13.599542907450166,-13.599542907450166,-0.38162155652971474,-0.38162155652971474,-0.38162155652971474,-0.05596526990590929,-0.05596526990590929,-0.05596526990590929,-11.071745189377564,-11.071745189377564,-11.071745189377564,-2.067783991251121,-2.067783991251121,-2.067783991251121,0.0,0.0,0.0,0.23909165988221476,0.23909165988221476,0.23909165988221476,1.2351616583467637,1.2351616583467637,1.2351616583467637,-8.994362266038607,-8.994362266038607,-8.994362266038607,-0.09467743710072306,-0.09467743710072306,-0.09467743710072306,0.13378775820260153,0.13378775820260153,0.13378775820260153,-0.056820624040090105,-0.056820624040090105,-0.056820624040090105,-0.06803815927238903,-0.06803815927238903,-0.06803815927238903,-0.5977139897052866,-0.5977139897052866,-0.5977139897052866,0.43228061306277565,0.43228061306277565,0.43228061306277565,-0.7444245284950206,-0.7444245284950206,-0.7444245284950206,-2.57845677460566,-2.57845677460566,-2.57845677460566,0.0,0.0,0.0,43.51561018440212
39,2018-03-21 23:00:00,57.11523092416351,32.58307886097372,51.157130115198434,57.11523092416351,57.11523092416351,0.0,0.0,0.0,0.0,0.0,0.0,0.0,0.0,0.0,0.0,0.0,0.0,0.0,0.0,0.0,0.0,0.0,0.0,0.0,0.0,0.0,0.0,0.0,0.0,0.0,0.0,0.0,0.0,0.0,0.0,-15.26970342115201,-15.26970342115201,-15.26970342115201,-1.0609755114456703,-1.0609755114456703,-1.0609755114456703,-0.05596526990590929,-0.05596526990590929,-0.05596526990590929,-12.069707401271396,-12.069707401271396,-12.069707401271396,-2.3492990455599747,-2.3492990455599747,-2.3492990455599747,0.0,0.0,0.0,0.2629969193567407,0.2629969193567407,0.2629969193567407,0.9130016419909752,0.9130016419909752,0.9130016419909752,-8.301001299206042,-8.301001299206042,-8.301001299206042,-0.9709917100302381,-0.9709917100302381,-0.9709917100302381,-0.14243652835321186,-0.14243652835321186,-0.14243652835321186,-0.6263853407568233,-0.6263853407568233,-0.6263853407568233,-0.06981807235085478,-0.06981807235085478,-0.06981807235085478,-0.0526599497850081,-0.0526599497850081,-0.0526599497850081,0.43706027857103025,0.43706027857103025,0.43706027857103025,-0.6771487466710474,-0.6771487466710474,-0.6771487466710474,-2.576080787005974,-2.576080787005974,-2.576080787005974,0.0,0.0,0.0,41.8455275030115
40,2018-03-22 00:00:00,57.11530875647473,27.213499353032084,45.647233070530774,57.11530875647473,57.11530875647473,0.0,0.0,0.0,0.0,0.0,0.0,0.0,0.0,0.0,0.0,0.0,0.0,0.0,0.0,0.0,0.0,0.0,0.0,0.0,0.0,0.0,0.0,0.0,0.0,0.0,0.0,0.0,0.0,0.0,0.0,-21.017744527282783,-21.017744527282783,-21.017744527282783,-1.5546161759849777,-1.5546161759849777,-1.5546161759849777,-0.018675402566598793,-0.018675402566598793,-0.018675402566598793,-17.33018915134868,-17.33018915134868,-17.33018915134868,-2.4868519354937235,-2.4868519354937235,-2.4868519354937235,0.0,0.0,0.0,3.906513695586205e-05,3.906513695586205e-05,3.906513695586205e-05,0.9641661571843919,0.9641661571843919,0.9641661571843919,-12.710065908807993,-12.710065908807993,-12.710065908807993,-1.0433479344005652,-1.0433479344005652,-1.0433479344005652,-0.7975258199664534,-0.7975258199664534,-0.7975258199664534,-0.9215865658843992,-0.9215865658843992,-0.9215865658843992,-0.0740251396272284,-0.0740251396272284,-0.0740251396272284,0.37281909091582727,0.37281909091582727,0.37281909091582727,0.4407728319992473,0.4407728319992473,0.4407728319992473,-0.6151347578388935,-0.6151347578388935,-0.6151347578388935,-2.573712031948374,-2.573712031948374,-2.573712031948374,0.0,0.0,0.0,36.097564229191946
41,2018-03-22 01:00:00,57.11538658878595,23.276155028952324,42.87814308824026,57.11538658878595,57.11538658878595,0.0,0.0,0.0,0.0,0.0,0.0,0.0,0.0,0.0,0.0,0.0,0.0,0.0,0.0,0.0,0.0,0.0,0.0,0.0,0.0,0.0,0.0,0.0,0.0,0.0,0.0,0.0,0.0,0.0,0.0,-24.390197340749165,-24.390197340749165,-24.390197340749165,-1.948965968355703,-1.948965968355703,-1.948965968355703,-0.018675402566598793,-0.018675402566598793,-0.018675402566598793,-20.313339704346134,-20.313339704346134,-20.313339704346134,-2.6475768176385333,-2.6475768176385333,-2.6475768176385333,0.0,0.0,0.0,-0.26291878908282895,-0.26291878908282895,-0.26291878908282895,0.7281036698437321,0.7281036698437321,0.7281036698437321,-14.658588010470792,-14.658588010470792,-14.658588010470792,-1.2408919120465371,-1.2408919120465371,-1.2408919120465371,-1.079787795845891,-1.079787795845891,-1.079787795845891,-1.0639777450635823,-1.0639777450635823,-1.0639777450635823,-0.0767219776249038,-0.0767219776249038,-0.0767219776249038,0.608641785028607,0.608641785028607,0.608641785028607,0.4434589027008915,0.4434589027008915,0.4434589027008915,-0.6009467088788096,-0.6009467088788096,-0.6009467088788096,-2.5713505707482183,-2.5713505707482183,-2.5713505707482183,0.0,0.0,0.0,32.725189248036784
42,2018-03-22 02:00:00,57.11546442109718,23.147303015278357,42.27893340643006,57.11546442109718,57.11546442109718,0.0,0.0,0.0,0.0,0.0,0.0,0.0,0.0,0.0,0.0,0.0,0.0,0.0,0.0,0.0,0.0,0.0,0.0,0.0,0.0,0.0,0.0,0.0,0.0,0.0,0.0,0.0,0.0,0.0,0.0,-24.72368107783648,-24.72368107783648,-24.72368107783648,-2.2127007786681085,-2.2127007786681085,-2.2127007786681085,-0.018675402566598793,-0.018675402566598793,-0.018675402566598793,-20.387166293162235,-20.387166293162235,-20.387166293162235,-2.5657353132335072,-2.5657353132335072,-2.5657353132335072,0.0,0.0,0.0,-0.23901352960830302,-0.23901352960830302,-0.23901352960830302,0.7132836033739148,0.7132836033739148,0.7132836033739148,-15.05682610424129,-15.05682610424129,-15.05682610424129,-1.1593475956926766,-1.1593475956926766,-1.1593475956926766,-1.0662029948677356,-1.0662029948677356,-1.0662029948677356,-1.0535588782943743,-1.0535588782943743,-1.0535588782943743,-0.0767219776249038,-0.0767219776249038,-0.0767219776249038,0.71553143650477,0.71553143650477,0.71553143650477,0.44518245846822824,0.44518245846822824,0.44518245846822824,-0.5798995369115332,-0.5798995369115332,-0.5798995369115332,-2.5689964644743664,-2.5689964644743664,-2.5689964644743664,0.0,0.0,0.0,32.3917833432607
43,2018-03-22 03:00:00,57.11554225340839,23.212125922956858,42.06285926607642,57.11554225340839,57.11554225340839,0.0,0.0,0.0,0.0,0.0,0.0,0.0,0.0,0.0,0.0,0.0,0.0,0.0,0.0,0.0,0.0,0.0,0.0,0.0,0.0,0.0,0.0,0.0,0.0,0.0,0.0,0.0,0.0,0.0,0.0,-24.533430611179377,-24.533430611179377,-24.533430611179377,-2.1752941096200913,-2.1752941096200913,-2.1752941096200913,-0.018675402566598793,-0.018675402566598793,-0.018675402566598793,-20.237515253820295,-20.237515253820295,-20.237515253820295,-2.580525946559717,-2.580525946559717,-2.580525946559717,0.0,0.0,0.0,-0.21510827013377715,-0.21510827013377715,-0.21510827013377715,0.7806796199390359,0.7806796199390359,0.7806796199390359,-14.975045067127704,-14.975045067127704,-14.975045067127704,-1.083545836828524,-1.083545836828524,-1.083545836828524,-1.1612966017148194,-1.1612966017148194,-1.1612966017148194,-1.0616624413370919,-1.0616624413370919,-1.0616624413370919,-0.0767219776249038,-0.0767219776249038,-0.0767219776249038,0.7375748276652238,0.7375748276652238,0.7375748276652238,0.4460285261973071,0.4460285261973071,0.4460285261973071,-0.5831881575314202,-0.5831881575314202,-0.5831881575314202,-2.5666497739362986,-2.5666497739362986,-2.5666497739362986,0.0,0.0,0.0,32.582111642229016
44,2018-03-22 04:00:00,57.11562008571962,25.416033735075835,43.63559542644014,57.11562008571962,57.11562008571962,0.0,0.0,0.0,0.0,0.0,0.0,0.0,0.0,0.0,0.0,0.0,0.0,0.0,0.0,0.0,0.0,0.0,0.0,0.0,0.0,0.0,0.0,0.0,0.0,0.0,0.0,0.0,0.0,0.0,0.0,-22.534589126333422,-22.534589126333422,-22.534589126333422,-1.7020246391285563,-1.7020246391285563,-1.7020246391285563,-0.018675402566598793,-0.018675402566598793,-0.018675402566598793,-18.71435447655974,-18.71435447655974,-18.71435447655974,-2.589893347666316,-2.589893347666316,-2.589893347666316,0.0,0.0,0.0,-0.19120301065925127,-0.19120301065925127,-0.19120301065925127,0.7877367944484727,0.7877367944484727,0.7877367944484727,-13.694994051436817,-13.694994051436817,-13.694994051436817,-0.8963384626640281,-0.8963384626640281,-0.8963384626640281,-0.962052854035216,-0.962052854035216,-0.962052854035216,-1.0211446261235029,-1.0211446261235029,-1.0211446261235029,-0.0767219776249038,-0.0767219776249038,-0.0767219776249038,0.5741210026452548,0.5741210026452548,0.5741210026452548,0.4461005490399262,0.4461005490399262,0.4461005490399262,-0.6251885408768335,-0.6251885408768335,-0.6251885408768335,-2.5643105596850573,-2.5643105596850573,-2.5643105596850573,0.0,0.0,0.0,34.5810309593862
45,2018-03-22 05:00:00,57.11569791803084,33.90116808591197,52.738084378692754,57.11569791803084,57.11569791803084,0.0,0.0,0.0,0.0,0.0,0.0,0.0,0.0,0.0,0.0,0.0,0.0,0.0,0.0,0.0,0.0,0.0,0.0,0.0,0.0,0.0,0.0,0.0,0.0,0.0,0.0,0.0,0.0,0.0,0.0,-13.683170824153274,-13.683170824153274,-13.683170824153274,-0.8773843883024381,-0.8773843883024381,-0.8773843883024381,-0.018675402566598793,-0.018675402566598793,-0.018675402566598793,-10.689324977274719,-10.689324977274719,-10.689324977274719,-2.416349916638791,-2.416349916638791,-2.416349916638791,0.0,0.0,0.0,-0.16729775118472537,-0.16729775118472537,-0.16729775118472537,0.9024158802268201,0.9024158802268201,0.9024158802268201,-6.853832512022176,-6.853832512022176,-6.853832512022176,-0.3151916447055291,-0.3151916447055291,-0.3151916447055291,-0.9197890287698456,-0.9197890287698456,-0.9197890287698456,-0.2177342330311999,-0.2177342330311999,-0.2177342330311999,-0.0767219776249038,-0.0767219776249038,-0.0767219776249038,0.014717962818643252,0.014717962818643252,0.014717962818643252,0.4455174234213752,0.4455174234213752,0.4455174234213752,-0.6208663537764106,-0.6208663537764106,-0.6208663537764106,-2.561978881997492,-2.561978881997492,-2.561978881997492,0.0,0.0,0.0,43.43252709387757
46,2018-03-22 06:00:00,57.11577575034206,41.31294539698502,60.27104943302241,57.11577575034206,57.11577575034206,0.0,0.0,0.0,0.0,0.0,0.0,0.0,0.0,0.0,0.0,0.0,0.0,0.0,0.0,0.0,0.0,0.0,0.0,0.0,0.0,0.0,0.0,0.0,0.0,0.0,0.0,0.0,0.0,0.0,0.0,-6.345269159306388,-6.345269159306388,-6.345269159306388,0.0036908799665040164,0.0036908799665040164,0.0036908799665040164,-0.018675402566598793,-0.018675402566598793,-0.018675402566598793,-4.233715502337451,-4.233715502337451,-4.233715502337451,-2.1703323823128398,-2.1703323823128398,-2.1703323823128398,0.0,0.0,0.0,-0.1433924917101995,-0.1433924917101995,-0.1433924917101995,1.4295868160817466,1.4295868160817466,1.4295868160817466,-3.913270873198939,-3.913270873198939,-3.913270873198939,0.22460875932706884,0.22460875932706884,0.22460875932706884,1.0047244431354132,1.0047244431354132,1.0047244431354132,0.7952111473085197,0.7952111473085197,0.7952111473085197,-0.07122042810964599,-0.07122042810964599,-0.07122042810964599,-0.7719815537851007,-0.7719815537851007,-0.7719815537851007,0.4444102639374023,0.4444102639374023,0.4444102639374023,-0.5989735365068775,-0.5989735365068775,-0.5989735365068775,-2.5596548008728432,-2.5596548008728432,-2.5596548008728432,0.0,0.0,0.0,50.77050659103567
47,2018-03-22 07:00:00,57.11585358265328,46.30044400849673,67.0861397280421,57.11585358265328,57.11585358265328,0.0,0.0,0.0,0.0,0.0,0.0,0.0,0.0,0.0,0.0,0.0,0.0,0.0,0.0,0.0,0.0,0.0,0.0,0.0,0.0,0.0,0.0,0.0,0.0,0.0,0.0,0.0,0.0,0.0,0.0,-0.5974627059127989,-0.5974627059127989,-0.5974627059127989,0.6420890294118862,0.6420890294118862,0.6420890294118862,-0.018675402566598793,-0.018675402566598793,-0.018675402566598793,0.8748676926895453,0.8748676926895453,0.8748676926895453,-1.8957196235562168,-1.8957196235562168,-1.8957196235562168,0.0,0.0,0.0,-0.11948723223567358,-0.11948723223567358,-0.11948723223567358,1.9232361730168486,1.9232361730168486,1.9232361730168486,-0.9407079589834297,-0.9407079589834297,-0.9407079589834297,0.715023168948173,0.715023168948173,0.715023168948173,2.0009431815334295,2.0009431815334295,2.0009431815334295,1.2397494627947505,1.2397494627947505,1.2397494627947505,-0.01771516223576607,-0.01771516223576607,-0.01771516223576607,-1.449919810229247,-1.449919810229247,-1.449919810229247,0.44291894800773934,0.44291894800773934,0.44291894800773934,-0.5618591037967247,-0.5618591037967247,-0.5618591037967247,-2.55733837602197,-2.55733837602197,-2.55733837602197,0.0,0.0,0.0,56.51839087674048
48,2018-03-22 08:00:00,57.23913856248002,48.36724156777424,66.59458474603113,57.23913856248002,57.23913856248002,0.0,0.0,0.0,0.0,0.0,0.0,0.0,0.0,0.0,0.0,0.0,0.0,0.0,0.0,0.0,0.0,0.0,0.0,0.0,0.0,0.0,0.0,0.0,0.0,0.0,0.0,0.0,0.0,0.0,0.0,0.4909118789499582,0.4909118789499582,0.4909118789499582,0.9826130411607075,0.9826130411607075,0.9826130411607075,-0.02664249337166018,-0.02664249337166018,-0.02664249337166018,1.526177594663563,1.526177594663563,1.526177594663563,-1.8592028194667822,-1.8592028194667822,-1.8592028194667822,0.0,0.0,0.0,-0.12311583251940826,-0.12311583251940826,-0.12311583251940826,1.8279436870231807,1.8279436870231807,1.8279436870231807,-0.5564498162423015,-0.5564498162423015,-0.5564498162423015,0.948307027941279,0.948307027941279,0.948307027941279,2.411256931215631,2.411256931215631,2.411256931215631,1.1411800522170408,1.1411800522170408,1.1411800522170408,0.08295752561524446,0.08295752561524446,0.08295752561524446,-1.7767943042419105,-1.7767943042419105,-1.7767943042419105,0.5114576033153124,0.5114576033153124,0.5114576033153124,-0.5432623635067505,-0.5432623635067505,-0.5432623635067505,-2.529336360189624,-2.529336360189624,-2.529336360189624,0.0,0.0,0.0,57.73005044142998
49,2018-03-22 09:00:00,57.23922791982295,47.29295861187081,66.38770702367871,57.23922791982295,57.23922791982295,0.0,0.0,0.0,0.0,0.0,0.0,0.0,0.0,0.0,0.0,0.0,0.0,0.0,0.0,0.0,0.0,0.0,0.0,0.0,0.0,0.0,0.0,0.0,0.0,0.0,0.0,0.0,0.0,0.0,0.0,-0.2495031971575189,-0.2495031971575189,-0.2495031971575189,1.054323332338596,1.054323332338596,1.054323332338596,-0.02664249337166018,-0.02664249337166018,-0.02664249337166018,0.7167027248675863,0.7167027248675863,0.7167027248675863,-1.9166319149219577,-1.9166319149219577,-1.9166319149219577,0.0,0.0,0.0,-0.0923243057354319,-0.0923243057354319,-0.0923243057354319,1.6065715778960603,1.6065715778960603,1.6065715778960603,-0.5704354974311455,-0.5704354974311455,-0.5704354974311455,0.4886334618543813,0.4886334618543813,0.4886334618543813,2.38105996524971,2.38105996524971,2.38105996524971,1.1572886192455987,1.1572886192455987,1.1572886192455987,0.16759834217903738,0.16759834217903738,0.16759834217903738,-1.8842773125203374,-1.8842773125203374,-1.8842773125203374,0.5064457858224644,0.5064457858224644,0.5064457858224644,-0.5941377175766686,-0.5941377175766686,-0.5941377175766686,-2.526975040186166,-2.526975040186166,-2.526975040186166,0.0,0.0,0.0,56.989724722665436
50,2018-03-22 10:00:00,57.23931727716589,46.81866991763862,65.5366029474428,57.23931727716589,57.23931727716589,0.0,0.0,0.0,0.0,0.0,0.0,0.0,0.0,0.0,0.0,0.0,0.0,0.0,0.0,0.0,0.0,0.0,0.0,0.0,0.0,0.0,0.0,0.0,0.0,0.0,0.0,0.0,0.0,0.0,0.0,-0.9243502779429402,-0.9243502779429402,-0.9243502779429402,1.060376709609174,1.060376709609174,1.060376709609174,-0.02664249337166018,-0.02664249337166018,-0.02664249337166018,0.03867429571938506,0.03867429571938506,0.03867429571938506,-2.020103302423092,-2.020103302423092,-2.020103302423092,0.0,0.0,0.0,-0.06153277895145555,-0.06153277895145555,-0.06153277895145555,1.6519716206153512,1.6519716206153512,1.6519716206153512,-0.7347672514000673,-0.7347672514000673,-0.7347672514000673,0.43489053248601206,0.43489053248601206,0.43489053248601206,1.879790330215429,1.879790330215429,1.879790330215429,1.1630416788986548,1.1630416788986548,1.1630416788986548,0.19610674259511515,0.19610674259511515,0.19610674259511515,-1.8466899343797483,-1.8466899343797483,-1.8466899343797483,0.5012227079816838,0.5012227079816838,0.5012227079816838,-0.5973908485651535,-0.5973908485651535,-0.5973908485651535,-2.5246239912531827,-2.5246239912531827,-2.5246239912531827,0.0,0.0,0.0,56.314966999222946
51,2018-03-22 11:00:00,57.23940663450882,45.74302816379476,64.14952780395951,57.23940663450882,57.23940663450882,0.0,0.0,0.0,0.0,0.0,0.0,0.0,0.0,0.0,0.0,0.0,0.0,0.0,0.0,0.0,0.0,0.0,0.0,0.0,0.0,0.0,0.0,0.0,0.0,0.0,0.0,0.0,0.0,0.0,0.0,-2.2480324703547008,-2.2480324703547008,-2.2480324703547008,1.0168402002446695,1.0168402002446695,1.0168402002446695,-0.02664249337166018,-0.02664249337166018,-0.02664249337166018,-1.2385440008008874,-1.2385440008008874,-1.2385440008008874,-2.052778477423451,-2.052778477423451,-2.052778477423451,0.0,0.0,0.0,-0.03074125216747919,-0.03074125216747919,-0.03074125216747919,1.5758046067970368,1.5758046067970368,1.5758046067970368,-1.3291587019259563,-1.3291587019259563,-1.3291587019259563,0.2885268099508812,0.2885268099508812,0.2885268099508812,1.4917593175533483,1.4917593175533483,1.4917593175533483,0.9306180689151787,0.9306180689151787,0.9306180689151787,0.21160948588706982,0.21160948588706982,0.21160948588706982,-1.7265370233573023,-1.7265370233573023,-1.7265370233573023,0.49595460476909914,0.49595460476909914,0.49595460476909914,-0.5710043416585531,-0.5710043416585531,-0.5710043416585531,-2.522283274567582,-2.522283274567582,-2.522283274567582,0.0,0.0,0.0,54.99137416415412
52,2018-03-22 12:00:00,57.23949599185175,44.07395516939051,61.66429483278624,57.23949599185175,57.23949599185175,0.0,0.0,0.0,0.0,0.0,0.0,0.0,0.0,0.0,0.0,0.0,0.0,0.0,0.0,0.0,0.0,0.0,0.0,0.0,0.0,0.0,0.0,0.0,0.0,0.0,0.0,0.0,0.0,0.0,0.0,-4.344959525858882,-4.344959525858882,-4.344959525858882,0.8080177279931626,0.8080177279931626,0.8080177279931626,-0.02664249337166018,-0.02664249337166018,-0.02664249337166018,-3.1238243369896193,-3.1238243369896193,-3.1238243369896193,-2.1206042194696497,-2.1206042194696497,-2.1206042194696497,0.0,0.0,0.0,5.027461649716861e-05,5.027461649716861e-05,5.027461649716861e-05,1.5409103590871687,1.5409103590871687,1.5409103590871687,-2.385077631683712,-2.385077631683712,-2.385077631683712,0.17303668513800344,0.17303668513800344,0.17303668513800344,1.1746911749111817,1.1746911749111817,1.1746911749111817,0.5152471619645106,0.5152471619645106,0.5152471619645106,0.20932049023322416,0.20932049023322416,0.20932049023322416,-1.6382700342406373,-1.6382700342406373,-1.6382700342406373,0.49080003404587114,0.49080003404587114,0.49080003404587114,-0.5664861041745461,-0.5664861041745461,-0.5664861041745461,-2.519952950908296,-2.519952950908296,-2.519952950908296,0.0,0.0,0.0,52.894536465992864
53,2018-03-22 13:00:00,57.23958534919468,40.31846235090765,58.85933123336514,57.23958534919468,57.23958534919468,0.0,0.0,0.0,0.0,0.0,0.0,0.0,0.0,0.0,0.0,0.0,0.0,0.0,0.0,0.0,0.0,0.0,0.0,0.0,0.0,0.0,0.0,0.0,0.0,0.0,0.0,0.0,0.0,0.0,0.0,-7.670204505584412,-7.670204505584412,-7.670204505584412,0.3849566726548914,0.3849566726548914,0.3849566726548914,-0.02664249337166018,-0.02664249337166018,-0.02664249337166018,-6.023434022615455,-6.023434022615455,-6.023434022615455,-2.314674955835414,-2.314674955835414,-2.314674955835414,0.0,0.0,0.0,0.03084180140047353,0.03084180140047353,0.03084180140047353,1.3821978130519623,1.3821978130519623,1.3821978130519623,-4.098323577317154,-4.098323577317154,-4.098323577317154,0.018668696526731744,0.018668696526731744,0.018668696526731744,0.641714725612684,0.641714725612684,0.641714725612684,0.07916524026283867,0.07916524026283867,0.07916524026283867,0.20146507333025385,0.20146507333025385,0.20146507333025385,-1.3732579018449083,-1.3732579018449083,-1.3732579018449083,0.485905925021839,0.485905925021839,0.485905925021839,-0.5645884444312633,-0.5645884444312633,-0.5645884444312633,-2.517633080645686,-2.517633080645686,-2.517633080645686,0.0,0.0,0.0,49.56938084361026
54,2018-03-22 14:00:00,57.239674706537606,37.588927019103636,55.31094915835856,57.239674706537606,57.239674706537606,0.0,0.0,0.0,0.0,0.0,0.0,0.0,0.0,0.0,0.0,0.0,0.0,0.0,0.0,0.0,0.0,0.0,0.0,0.0,0.0,0.0,0.0,0.0,0.0,0.0,0.0,0.0,0.0,0.0,0.0,-10.225159655402162,-10.225159655402162,-10.225159655402162,-0.07029652939012902,-0.07029652939012902,-0.07029652939012902,-0.02664249337166018,-0.02664249337166018,-0.02664249337166018,-8.120943196849197,-8.120943196849197,-8.120943196849197,-2.35180583651764,-2.35180583651764,-2.35180583651764,0.0,0.0,0.0,0.06163332818444988,0.06163332818444988,0.06163332818444988,1.2024736769979105,1.2024736769979105,1.2024736769979105,-4.832571839731488,-4.832571839731488,-4.832571839731488,-0.4261398039901906,-0.4261398039901906,-0.4261398039901906,0.07854131034826406,0.07854131034826406,0.07854131034826406,-0.17742122026347412,-0.17742122026347412,-0.17742122026347412,0.18918773300508168,0.18918773300508168,0.18918773300508168,-1.227342855242957,-1.227342855242957,-1.227342855242957,0.4814037945690091,0.4814037945690091,0.4814037945690091,-0.6108551962674942,-0.6108551962674942,-0.6108551962674942,-2.515323723731845,-2.515323723731845,-2.515323723731845,0.0,0.0,0.0,47.01451505113545
55,2018-03-22 15:00:00,57.239764063880536,36.631953528142105,56.02973697086091,57.239764063880536,57.239764063880536,0.0,0.0,0.0,0.0,0.0,0.0,0.0,0.0,0.0,0.0,0.0,0.0,0.0,0.0,0.0,0.0,0.0,0.0,0.0,0.0,0.0,0.0,0.0,0.0,0.0,0.0,0.0,0.0,0.0,0.0,-11.0337786691707,-11.0337786691707,-11.0337786691707,-0.2179653612752861,-0.2179653612752861,-0.2179653612752861,-0.02664249337166018,-0.02664249337166018,-0.02664249337166018,-8.78019456012531,-8.78019456012531,-8.78019456012531,-2.3235863671991486,-2.3235863671991486,-2.3235863671991486,0.0,0.0,0.0,0.09242485496842624,0.09242485496842624,0.09242485496842624,1.0362569916702593,1.0362569916702593,1.0362569916702593,-4.923478767458975,-4.923478767458975,-4.923478767458975,-0.451296068800917,-0.451296068800917,-0.451296068800917,-0.5782426994105093,-0.5782426994105093,-0.5782426994105093,0.06765912095672662,0.06765912095672662,0.06765912095672662,0.16359259978480747,0.16359259978480747,0.16359259978480747,-1.152379264007512,-1.152379264007512,-1.152379264007512,0.47740619192841516,0.47740619192841516,0.47740619192841516,-0.6845024672568073,-0.6845024672568073,-0.6845024672568073,-2.5130249396985187,-2.5130249396985187,-2.5130249396985187,0.0,0.0,0.0,46.205985394709835
56,2018-03-22 16:00:00,57.23985342122347,40.34690393836139,58.43455493706165,57.23985342122347,57.23985342122347,0.0,0.0,0.0,0.0,0.0,0.0,0.0,0.0,0.0,0.0,0.0,0.0,0.0,0.0,0.0,0.0,0.0,0.0,0.0,0.0,0.0,0.0,0.0,0.0,0.0,0.0,0.0,0.0,0.0,0.0,-8.075082395471386,-8.075082395471386,-8.075082395471386,0.15897263885867616,0.15897263885867616,0.15897263885867616,-0.02664249337166018,-0.02664249337166018,-0.02664249337166018,-6.19732167589307,-6.19732167589307,-6.19732167589307,-2.1428827478789843,-2.1428827478789843,-2.1428827478789843,0.0,0.0,0.0,0.12321638175240263,0.12321638175240263,0.12321638175240263,1.138313286047508,1.138313286047508,1.138313286047508,-3.5493855906550102,-3.5493855906550102,-3.5493855906550102,-0.4192790044963569,-0.4192790044963569,-0.4192790044963569,-0.48312225661785896,-0.48312225661785896,-0.48312225661785896,0.8247617712989418,0.8247617712989418,0.8247617712989418,0.11932134293429256,0.11932134293429256,0.11932134293429256,-1.0805831484580715,-1.0805831484580715,-1.0805831484580715,0.47400342920146793,0.47400342920146793,0.47400342920146793,-0.7010392164482726,-0.7010392164482726,-0.7010392164482726,-2.510736787638459,-2.510736787638459,-2.510736787638459,0.0,0.0,0.0,49.16477102575209
57,2018-03-22 17:00:00,57.2399427785664,47.071108651661326,65.94546471622431,57.2399427785664,57.2399427785664,0.0,0.0,0.0,0.0,0.0,0.0,0.0,0.0,0.0,0.0,0.0,0.0,0.0,0.0,0.0,0.0,0.0,0.0,0.0,0.0,0.0,0.0,0.0,0.0,0.0,0.0,0.0,0.0,0.0,0.0,-0.9432602658297505,-0.9432602658297505,-0.9432602658297505,0.9194488268100548,0.9194488268100548,0.9194488268100548,-0.02664249337166018,-0.02664249337166018,-0.02664249337166018,0.17448958226530817,0.17448958226530817,0.17448958226530817,-1.7374135308290828,-1.7374135308290828,-1.7374135308290828,0.0,0.0,0.0,0.15400790853637897,0.15400790853637897,0.15400790853637897,1.4865053492169442,1.4865053492169442,1.4865053492169442,0.5134547947042981,0.5134547947042981,0.5134547947042981,0.21877534843023186,0.21877534843023186,0.21877534843023186,-0.2506056186802705,-0.2506056186802705,-0.2506056186802705,1.47600812402492,1.47600812402492,1.47600812402492,0.04492898418430861,0.04492898418430861,0.04492898418430861,-1.0522870323297624,-1.0522870323297624,-1.0522870323297624,0.4712606513065366,0.4712606513065366,0.4712606513065366,-0.6522422516209977,-0.6522422516209977,-0.6522422516209977,-2.5084593262116504,-2.5084593262116504,-2.5084593262116504,0.0,0.0,0.0,56.29668251273665
58,2018-03-22 18:00:00,57.24003213590933,54.0924188354323,72.87677314581536,57.24003213590933,57.24003213590933,0.0,0.0,0.0,0.0,0.0,0.0,0.0,0.0,0.0,0.0,0.0,0.0,0.0,0.0,0.0,0.0,0.0,0.0,0.0,0.0,0.0,0.0,0.0,0.0,0.0,0.0,0.0,0.0,0.0,0.0,5.8730634975995315,5.8730634975995315,5.8730634975995315,1.6105703839940932,1.6105703839940932,1.6105703839940932,-0.02664249337166018,-0.02664249337166018,-0.02664249337166018,6.299470432774053,6.299470432774053,6.299470432774053,-1.1596570274136544,-1.1596570274136544,-1.1596570274136544,0.0,0.0,0.0,0.18479943532035534,0.18479943532035534,0.18479943532035534,1.889102422256605,1.889102422256605,1.889102422256605,3.646247381005448,3.646247381005448,3.646247381005448,1.2181651413654275,1.2181651413654275,1.2181651413654275,1.0206866484849872,1.0206866484849872,1.0206866484849872,1.6555035852002784,1.6555035852002784,1.6555035852002784,-0.02571774531392789,-0.02571774531392789,-0.02571774531392789,-1.5041802301997704,-1.5041802301997704,-1.5041802301997704,0.46921529445761273,0.46921529445761273,0.46921529445761273,-0.5988366845600357,-0.5988366845600357,-0.5988366845600357,-2.5061926136262276,-2.5061926136262276,-2.5061926136262276,0.0,0.0,0.0,63.11309563350886
59,2018-03-22 19:00:00,57.24012149325225,53.49928345908129,73.00445643921576,57.24012149325225,57.24012149325225,0.0,0.0,0.0,0.0,0.0,0.0,0.0,0.0,0.0,0.0,0.0,0.0,0.0,0.0,0.0,0.0,0.0,0.0,0.0,0.0,0.0,0.0,0.0,0.0,0.0,0.0,0.0,0.0,0.0,0.0,6.582143346818617,6.582143346818617,6.582143346818617,1.7817518959863121,1.7817518959863121,1.7817518959863121,-0.02664249337166018,-0.02664249337166018,-0.02664249337166018,6.836453181466275,6.836453181466275,6.836453181466275,-0.5036781353610048,-0.5036781353610048,-0.5036781353610048,0.0,0.0,0.0,0.2155909621043317,0.2155909621043317,0.2155909621043317,2.3483557469542236,2.3483557469542236,2.3483557469542236,3.1427628582070493,3.1427628582070493,3.1427628582070493,1.313072867696802,1.313072867696802,1.313072867696802,1.3996585713572904,1.3996585713572904,1.3996585713572904,1.580713809710545,1.580713809710545,1.580713809710545,-0.04174071489084751,-0.04174071489084751,-0.04174071489084751,-2.0046413885885173,-2.0046413885885173,-2.0046413885885173,0.4678749770030219,0.4678749770030219,0.4678749770030219,-0.5869989023519377,-0.5869989023519377,-0.5869989023519377,-2.5039367076369907,-2.5039367076369907,-2.5039367076369907,0.0,0.0,0.0,63.82226484007087
60,2018-03-22 20:00:00,57.24021085059518,50.01258592691051,69.15911440568843,57.24021085059518,57.24021085059518,0.0,0.0,0.0,0.0,0.0,0.0,0.0,0.0,0.0,0.0,0.0,0.0,0.0,0.0,0.0,0.0,0.0,0.0,0.0,0.0,0.0,0.0,0.0,0.0,0.0,0.0,0.0,0.0,0.0,0.0,2.5929571554039943,2.5929571554039943,2.5929571554039943,1.304401468915234,1.304401468915234,1.304401468915234,-0.02664249337166018,-0.02664249337166018,-0.02664249337166018,3.323031491437795,3.323031491437795,3.323031491437795,-0.7908236126368816,-0.7908236126368816,-0.7908236126368816,0.0,0.0,0.0,0.24638248888830802,0.24638248888830802,0.24638248888830802,2.2316663809567077,2.2316663809567077,2.2316663809567077,0.534433316487563,0.534433316487563,0.534433316487563,0.7962259724946184,0.7962259724946184,0.7962259724946184,1.318126763249304,1.318126763249304,1.318126763249304,1.455297109273918,1.455297109273918,1.455297109273918,-0.04376959740221071,-0.04376959740221071,-0.04376959740221071,-1.8200831386173084,-1.8200831386173084,-1.8200831386173084,0.467215860583322,0.467215860583322,0.467215860583322,-0.5777816978845633,-0.5777816978845633,-0.5777816978845633,-2.5016916655323564,-2.5016916655323564,-2.5016916655323564,0.0,0.0,0.0,59.83316800599918
61,2018-03-22 21:00:00,57.24030020793812,44.447032983691955,64.23704539477394,57.24030020793812,57.24030020793812,0.0,0.0,0.0,0.0,0.0,0.0,0.0,0.0,0.0,0.0,0.0,0.0,0.0,0.0,0.0,0.0,0.0,0.0,0.0,0.0,0.0,0.0,0.0,0.0,0.0,0.0,0.0,0.0,0.0,0.0,-3.000546831378957,-3.000546831378957,-3.000546831378957,0.42738044366944977,0.42738044366944977,0.42738044366944977,-0.02664249337166018,-0.02664249337166018,-0.02664249337166018,-1.3956512440315756,-1.3956512440315756,-1.3956512440315756,-1.3967995853708013,-1.3967995853708013,-1.3967995853708013,0.0,0.0,0.0,0.2771740156722844,0.2771740156722844,0.2771740156722844,2.056444728478123,2.056444728478123,2.056444728478123,-2.343120588117177,-2.343120588117177,-2.343120588117177,0.35713480488922345,0.35713480488922345,0.35713480488922345,0.4937495923796724,0.4937495923796724,0.4937495923796724,1.0594866051436398,1.0594866051436398,1.0594866051436398,-0.044341846315672125,-0.044341846315672125,-0.044341846315672125,-1.285835572911178,-1.285835572911178,-1.285835572911178,0.46718151311802597,0.46718151311802597,0.46718151311802597,-0.54290090450803,-0.54290090450803,-0.54290090450803,-2.4994575441348577,-2.4994575441348577,-2.4994575441348577,0.0,0.0,0.0,54.239753376559165
62,2018-03-22 22:00:00,57.24038956528105,39.48713073239246,57.90768618485207,57.24038956528105,57.24038956528105,0.0,0.0,0.0,0.0,0.0,0.0,0.0,0.0,0.0,0.0,0.0,0.0,0.0,0.0,0.0,0.0,0.0,0.0,0.0,0.0,0.0,0.0,0.0,0.0,0.0,0.0,0.0,0.0,0.0,0.0,-8.538444210357806,-8.538444210357806,-8.538444210357806,-0.45965193461917353,-0.45965193461917353,-0.45965193461917353,-0.02664249337166018,-0.02664249337166018,-0.02664249337166018,-6.049240174279477,-6.049240174279477,-6.049240174279477,-1.710184218328784,-1.710184218328784,-1.710184218328784,0.0,0.0,0.0,0.30796554245626073,0.30796554245626073,0.30796554245626073,1.225361301839867,1.225361301839867,1.225361301839867,-4.594815259521132,-4.594815259521132,-4.594815259521132,-0.37811420753335123,-0.37811420753335123,-0.37811420753335123,-0.6129692102713176,-0.6129692102713176,-0.6129692102713176,0.8489246218417786,0.8489246218417786,0.8489246218417786,-0.04751522665395816,-0.04751522665395816,-0.04751522665395816,-0.5446462623860715,-0.5446462623860715,-0.5446462623860715,0.4676822983250432,0.4676822983250432,0.4676822983250432,-0.5166047623511096,-0.5166047623511096,-0.5166047623511096,-2.4972343997841984,-2.4972343997841984,-2.4972343997841984,0.0,0.0,0.0,48.70194535492324
63,2018-03-22 23:00:00,57.24047892262398,39.727451084844475,59.40231160278047,57.24047892262398,57.24047892262398,0.0,0.0,0.0,0.0,0.0,0.0,0.0,0.0,0.0,0.0,0.0,0.0,0.0,0.0,0.0,0.0,0.0,0.0,0.0,0.0,0.0,0.0,0.0,0.0,0.0,0.0,0.0,0.0,0.0,0.0,-7.83295062516505,-7.83295062516505,-7.83295062516505,-1.1232557124122444,-1.1232557124122444,-1.1232557124122444,-0.02664249337166018,-0.02664249337166018,-0.02664249337166018,-4.683267933569982,-4.683267933569982,-4.683267933569982,-2.0458473796961023,-2.0458473796961023,-2.0458473796961023,0.0,0.0,0.0,0.33875706924023713,0.33875706924023713,0.33875706924023713,1.1458174253399527,1.1458174253399527,1.1458174253399527,-0.9200775271522564,-0.9200775271522564,-0.9200775271522564,-0.5016085984223682,-0.5016085984223682,-0.5016085984223682,-1.9627735889479683,-1.9627735889479683,-1.9627735889479683,-0.19122856343080905,-0.19122856343080905,-0.19122856343080905,-0.04871174710937747,-0.04871174710937747,-0.04871174710937747,-0.01398850245741294,-0.01398850245741294,-0.01398850245741294,0.4685953091513248,0.4685953091513248,0.4685953091513248,-0.45696402756221804,-0.45696402756221804,-0.45696402756221804,-2.4950222883341473,-2.4950222883341473,-2.4950222883341473,0.0,0.0,0.0,49.40752829745893
64,2018-03-23 00:00:00,57.24056827996691,35.07118509836655,54.49646619236176,57.24056827996691,57.24056827996691,0.0,0.0,0.0,0.0,0.0,0.0,0.0,0.0,0.0,0.0,0.0,0.0,0.0,0.0,0.0,0.0,0.0,0.0,0.0,0.0,0.0,0.0,0.0,0.0,0.0,0.0,0.0,0.0,0.0,0.0,-12.305681011140882,-12.305681011140882,-12.305681011140882,-1.579610207990047,-1.579610207990047,-1.579610207990047,0.02666376868397151,0.02666376868397151,0.02666376868397151,-8.703014393022377,-8.703014393022377,-8.703014393022377,-2.1443679831062736,-2.1443679831062736,-2.1443679831062736,0.0,0.0,0.0,5.027461649716861e-05,5.027461649716861e-05,5.027461649716861e-05,0.9889809141278574,0.9889809141278574,0.9889809141278574,-3.6367960980852883,-3.6367960980852883,-3.6367960980852883,-1.2997482728717569,-1.2997482728717569,-1.2997482728717569,-2.1031894806895,-2.1031894806895,-2.1031894806895,-0.4972913369734072,-0.4972913369734072,-0.4972913369734072,-0.048815792366370465,-0.048815792366370465,-0.048815792366370465,0.4079192589184168,0.4079192589184168,0.4079192589184168,0.469764855019505,0.469764855019505,0.469764855019505,-0.3964196452765251,-0.3964196452765251,-0.3964196452765251,-2.492821265147962,-2.492821265147962,-2.492821265147962,0.0,0.0,0.0,44.934887268826024
65,2018-03-23 01:00:00,57.24065763730984,33.68530295923771,52.941367911654886,57.24065763730984,57.24065763730984,0.0,0.0,0.0,0.0,0.0,0.0,0.0,0.0,0.0,0.0,0.0,0.0,0.0,0.0,0.0,0.0,0.0,0.0,0.0,0.0,0.0,0.0,0.0,0.0,0.0,0.0,0.0,0.0,0.0,0.0,-14.406306658182478,-14.406306658182478,-14.406306658182478,-1.9363316018280416,-1.9363316018280416,-1.9363316018280416,0.02666376868397151,0.02666376868397151,0.02666376868397151,-10.450347176335478,-10.450347176335478,-10.450347176335478,-2.192885667197715,-2.192885667197715,-2.192885667197715,0.0,0.0,0.0,-0.3386565200072428,-0.3386565200072428,-0.3386565200072428,1.0242503688023477,1.0242503688023477,1.0242503688023477,-4.958442970431086,-4.958442970431086,-4.958442970431086,-1.3512042690755144,-1.3512042690755144,-1.3512042690755144,-2.240585675834438,-2.240585675834438,-2.240585675834438,-0.6848410816630444,-0.6848410816630444,-0.6848410816630444,-0.05172905956217403,-0.05172905956217403,-0.05172905956217403,0.6516037216950471,0.6516037216950471,0.6516037216950471,0.47100350506561917,0.47100350506561917,0.47100350506561917,-0.3345197917456301,-0.3345197917456301,-0.3345197917456301,-2.4906313850845803,-2.4906313850845803,-2.4906313850845803,0.0,0.0,0.0,42.83435097912736
66,2018-03-23 02:00:00,57.24074699465277,31.857351447281676,51.197073830015285,57.24074699465277,57.24074699465277,0.0,0.0,0.0,0.0,0.0,0.0,0.0,0.0,0.0,0.0,0.0,0.0,0.0,0.0,0.0,0.0,0.0,0.0,0.0,0.0,0.0,0.0,0.0,0.0,0.0,0.0,0.0,0.0,0.0,0.0,-15.865340547528039,-15.865340547528039,-15.865340547528039,-2.1799736216039083,-2.1799736216039083,-2.1799736216039083,0.02666376868397151,0.02666376868397151,0.02666376868397151,-11.6690079052086,-11.6690079052086,-11.6690079052086,-2.227046077425362,-2.227046077425362,-2.227046077425362,0.0,0.0,0.0,-0.3078649932232664,-0.3078649932232664,-0.3078649932232664,0.9683445310736344,0.9683445310736344,0.9683445310736344,-5.867512247705973,-5.867512247705973,-5.867512247705973,-1.6084842500943002,-1.6084842500943002,-1.6084842500943002,-2.192270530288965,-2.192270530288965,-2.192270530288965,-0.829818184920064,-0.829818184920064,-0.829818184920064,-0.060833019549060174,-0.060833019549060174,-0.060833019549060174,0.7421935263147823,0.7421935263147823,0.7421935263147823,0.47209368178193756,0.47209368178193756,0.47209368178193756,-0.3123804280739962,-0.3123804280739962,-0.3123804280739962,-2.488452702497467,-2.488452702497467,-2.488452702497467,0.0,0.0,0.0,41.37540644712473
67,2018-03-23 03:00:00,57.2408363519957,31.751031224469386,50.92360906542322,57.2408363519957,57.2408363519957,0.0,0.0,0.0,0.0,0.0,0.0,0.0,0.0,0.0,0.0,0.0,0.0,0.0,0.0,0.0,0.0,0.0,0.0,0.0,0.0,0.0,0.0,0.0,0.0,0.0,0.0,0.0,0.0,0.0,0.0,-15.749072673988644,-15.749072673988644,-15.749072673988644,-2.1416913107289384,-2.1416913107289384,-2.1416913107289384,0.02666376868397151,0.02666376868397151,0.02666376868397151,-11.593885883733599,-11.593885883733599,-11.593885883733599,-2.162190805833742,-2.162190805833742,-2.162190805833742,0.0,0.0,0.0,-0.2770734664392901,-0.2770734664392901,-0.2770734664392901,1.0122437459344362,1.0122437459344362,1.0122437459344362,-6.056318943755374,-6.056318943755374,-6.056318943755374,-1.9480938250390971,-1.9480938250390971,-1.9480938250390971,-1.771022855064373,-1.771022855064373,-1.771022855064373,-0.8275169610588412,-0.8275169610588412,-0.8275169610588412,-0.06457864880080763,-0.06457864880080763,-0.06457864880080763,0.7628877007966798,0.7628877007966798,0.7628877007966798,0.4727897916923626,0.4727897916923626,0.4727897916923626,-0.2888855931571601,-0.2888855931571601,-0.2888855931571601,-2.4862852712184718,-2.4862852712184718,-2.4862852712184718,0.0,0.0,0.0,41.49176367800706
68,2018-03-23 04:00:00,57.24092570933863,35.11916770615846,54.34377580325775,57.24092570933863,57.24092570933863,0.0,0.0,0.0,0.0,0.0,0.0,0.0,0.0,0.0,0.0,0.0,0.0,0.0,0.0,0.0,0.0,0.0,0.0,0.0,0.0,0.0,0.0,0.0,0.0,0.0,0.0,0.0,0.0,0.0,0.0,-12.457593393969793,-12.457593393969793,-12.457593393969793,-1.6743946688710132,-1.6743946688710132,-1.6743946688710132,0.02666376868397151,0.02666376868397151,0.02666376868397151,-8.771890452642884,-8.771890452642884,-8.771890452642884,-2.0517883206052585,-2.0517883206052585,-2.0517883206052585,0.0,0.0,0.0,-0.24628193965531375,-0.24628193965531375,-0.24628193965531375,1.1255562492503517,1.1255562492503517,1.1255562492503517,-4.2241947080167535,-4.2241947080167535,-4.2241947080167535,-1.7079658427548972,-1.7079658427548972,-1.7079658427548972,-1.2365365574675784,-1.2365365574675784,-1.2365365574675784,-0.7055520964140473,-0.7055520964140473,-0.7055520964140473,-0.07071731896339371,-0.07071731896339371,-0.07071731896339371,0.5941668292554947,0.5941668292554947,0.5941668292554947,0.47282087210514784,0.47282087210514784,0.47282087210514784,-0.2752405159554592,-0.2752405159554592,-0.2752405159554592,-2.484129144561045,-2.484129144561045,-2.484129144561045,0.0,0.0,0.0,44.78333231536884
69,2018-03-23 05:00:00,57.24101506668156,41.6905669945349,60.47394828864216,57.24101506668156,57.24101506668156,0.0,0.0,0.0,0.0,0.0,0.0,0.0,0.0,0.0,0.0,0.0,0.0,0.0,0.0,0.0,0.0,0.0,0.0,0.0,0.0,0.0,0.0,0.0,0.0,0.0,0.0,0.0,0.0,0.0,0.0,-6.382522069682971,-6.382522069682971,-6.382522069682971,-0.849777673731893,-0.849777673731893,-0.849777673731893,0.02666376868397151,0.02666376868397151,0.02666376868397151,-3.52265374618392,-3.52265374618392,-3.52265374618392,-1.8755404069669617,-1.8755404069669617,-1.8755404069669617,0.0,0.0,0.0,-0.21549041287133733,-0.21549041287133733,-0.21549041287133733,1.3356721494388049,1.3356721494388049,1.3356721494388049,-1.2277625133068346,-1.2277625133068346,-1.2277625133068346,-1.0470421581821938,-1.0470421581821938,-1.0470421581821938,-0.2445662254870865,-0.2445662254870865,-0.2445662254870865,0.055002389720002716,0.055002389720002716,0.055002389720002716,-0.07201788467580601,-0.07201788467580601,-0.07201788467580601,0.025710526140512974,0.025710526140512974,0.025710526140512974,0.4718937255371953,0.4718937255371953,0.4718937255371953,-0.2832829786769915,-0.2832829786769915,-0.2832829786769915,-2.481984375304352,-2.481984375304352,-2.481984375304352,0.0,0.0,0.0,50.85849299699859
70,2018-03-23 06:00:00,57.24110442402449,47.669599754782446,65.47245704762909,57.24110442402449,57.24110442402449,0.0,0.0,0.0,0.0,0.0,0.0,0.0,0.0,0.0,0.0,0.0,0.0,0.0,0.0,0.0,0.0,0.0,0.0,0.0,0.0,0.0,0.0,0.0,0.0,0.0,0.0,0.0,0.0,0.0,0.0,-0.7337833218692037,-0.7337833218692037,-0.7337833218692037,0.03897499198571676,0.03897499198571676,0.03897499198571676,0.02666376868397151,0.02666376868397151,0.02666376868397151,1.2373961954756818,1.2373961954756818,1.2373961954756818,-1.1522308512772095,-1.1522308512772095,-1.1522308512772095,0.0,0.0,0.0,-0.18469888608736099,-0.18469888608736099,-0.18469888608736099,1.7026245608393529,1.7026245608393529,1.7026245608393529,0.4784905917321865,0.4784905917321865,0.4784905917321865,-0.3941227396856312,-0.3941227396856312,-0.3941227396856312,0.8470540941809439,0.8470540941809439,0.8470540941809439,1.0100102921273562,1.0100102921273562,1.0100102921273562,-0.06447460354381464,-0.06447460354381464,-0.06447460354381464,-0.7724933467326782,-0.7724933467326782,-0.7724933467326782,0.4696965063575325,0.4696965063575325,0.4696965063575325,-0.2594266847614349,-0.2594266847614349,-0.2594266847614349,-2.479851015688135,-2.479851015688135,-2.479851015688135,0.0,0.0,0.0,56.50732110215529
71,2018-03-23 07:00:00,57.24119378136742,53.30987299307294,71.42689327462702,57.24119378136742,57.24119378136742,0.0,0.0,0.0,0.0,0.0,0.0,0.0,0.0,0.0,0.0,0.0,0.0,0.0,0.0,0.0,0.0,0.0,0.0,0.0,0.0,0.0,0.0,0.0,0.0,0.0,0.0,0.0,0.0,0.0,0.0,4.851336352880989,4.851336352880989,4.851336352880989,0.6843202882110785,0.6843202882110785,0.6843202882110785,0.02666376868397151,0.02666376868397151,0.02666376868397151,6.178842464508026,6.178842464508026,6.178842464508026,-0.6457656387716543,-0.6457656387716543,-0.6457656387716543,0.0,0.0,0.0,-0.15390735930338462,-0.15390735930338462,-0.15390735930338462,2.1645043342893273,2.1645043342893273,2.1645043342893273,2.7651494661082503,2.7651494661082503,2.7651494661082503,0.17875401804953248,0.17875401804953248,0.17875401804953248,2.0292653117467356,2.0292653117467356,2.0292653117467356,1.4748575120943097,1.4748575120943097,1.4748575120943097,-0.0054809428287924,-0.0054809428287924,-0.0054809428287924,-1.4222481924551147,-1.4222481924551147,-1.4222481924551147,0.4659027175722735,0.4659027175722735,0.4659027175722735,-0.23294981310515422,-0.23294981310515422,-0.23294981310515422,-2.477729117410389,-2.477729117410389,-2.477729117410389,0.0,0.0,0.0,62.09253013424841
72,2018-03-23 08:00:00,57.255489550355705,52.952796680031135,72.1691942937375,57.255489550355705,57.255489550355705,0.0,0.0,0.0,0.0,0.0,0.0,0.0,0.0,0.0,0.0,0.0,0.0,0.0,0.0,0.0,0.0,0.0,0.0,0.0,0.0,0.0,0.0,0.0,0.0,0.0,0.0,0.0,0.0,0.0,0.0,5.704425248921546,5.704425248921546,5.704425248921546,0.7897319938834833,0.7897319938834833,0.7897319938834833,0.03633562697325346,0.03633562697325346,0.03633562697325346,6.794424719714779,6.794424719714779,6.794424719714779,-0.6573952997926832,-0.6573952997926832,-0.6573952997926832,0.0,0.0,0.0,0.027180388564331928,0.027180388564331928,0.027180388564331928,2.0424669201862837,2.0424669201862837,2.0424669201862837,3.0920317235804413,3.0920317235804413,3.0920317235804413,0.16997950386353236,0.16997950386353236,0.16997950386353236,2.519801969236748,2.519801969236748,2.519801969236748,1.3790657005830402,1.3790657005830402,1.3790657005830402,0.17052654330330425,0.17052654330330425,0.17052654330330425,-1.7972361544886242,-1.7972361544886242,-1.7972361544886242,0.46115195812535903,0.46115195812535903,0.46115195812535903,-0.18833220229484934,-0.18833220229484934,-0.18833220229484934,-2.340883422802075,-2.340883422802075,-2.340883422802075,0.0,0.0,0.0,62.95991479927725
73,2018-03-23 09:00:00,57.255579738560236,52.292451358341104,71.31792927941643,57.255579738560236,57.255579738560236,0.0,0.0,0.0,0.0,0.0,0.0,0.0,0.0,0.0,0.0,0.0,0.0,0.0,0.0,0.0,0.0,0.0,0.0,0.0,0.0,0.0,0.0,0.0,0.0,0.0,0.0,0.0,0.0,0.0,0.0,4.471275574610845,4.471275574610845,4.471275574610845,0.9020154360026037,0.9020154360026037,0.9020154360026037,0.03633562697325346,0.03633562697325346,0.03633562697325346,5.457779418358092,5.457779418358092,5.457779418358092,-0.9052717170077864,-0.9052717170077864,-0.9052717170077864,0.0,0.0,0.0,0.020382519045794405,0.020382519045794405,0.020382519045794405,2.1232850840191118,2.1232850840191118,2.1232850840191118,1.9858915511903685,1.9858915511903685,1.9858915511903685,0.025742868317100057,0.025742868317100057,0.025742868317100057,2.4713132199094967,2.4713132199094967,2.4713132199094967,1.425405026898026,1.425405026898026,1.425405026898026,0.3047553587260138,0.3047553587260138,0.3047553587260138,-1.87144236618432,-1.87144236618432,-1.87144236618432,0.4502283758397418,0.4502283758397418,0.4502283758397418,-0.15861775352896773,-0.15861775352896773,-0.15861775352896773,-2.338747655589592,-2.338747655589592,-2.338747655589592,0.0,0.0,0.0,61.72685531317108
74,2018-03-23 10:00:00,57.25566992676477,52.28419577961282,71.08011905868912,57.25566992676477,57.25566992676477,0.0,0.0,0.0,0.0,0.0,0.0,0.0,0.0,0.0,0.0,0.0,0.0,0.0,0.0,0.0,0.0,0.0,0.0,0.0,0.0,0.0,0.0,0.0,0.0,0.0,0.0,0.0,0.0,0.0,0.0,4.425570698155701,4.425570698155701,4.425570698155701,0.9666483015963804,0.9666483015963804,0.9666483015963804,0.03633562697325346,0.03633562697325346,0.03633562697325346,5.3587802183798745,5.3587802183798745,5.3587802183798745,-0.765587260585341,-0.765587260585341,-0.765587260585341,0.0,0.0,0.0,0.013584649527256881,0.013584649527256881,0.013584649527256881,2.061988215798078,2.061988215798078,2.061988215798078,1.8213707027652637,1.8213707027652637,1.8213707027652637,-0.04637544945611569,-0.04637544945611569,-0.04637544945611569,2.3788815415044224,2.3788815415044224,2.3788815415044224,1.4520501395291434,1.4520501395291434,1.4520501395291434,0.345316714165275,0.345316714165275,0.345316714165275,-1.8153953784987489,-1.8153953784987489,-1.8153953784987489,0.4367679472326041,0.4367679472326041,0.4367679472326041,-0.12338928334261327,-0.12338928334261327,-0.12338928334261327,-2.3366257690531578,-2.3366257690531578,-2.3366257690531578,0.0,0.0,0.0,61.68124062492047
75,2018-03-23 11:00:00,57.2557601149693,52.54915876688224,70.77793741778906,57.2557601149693,57.2557601149693,0.0,0.0,0.0,0.0,0.0,0.0,0.0,0.0,0.0,0.0,0.0,0.0,0.0,0.0,0.0,0.0,0.0,0.0,0.0,0.0,0.0,0.0,0.0,0.0,0.0,0.0,0.0,0.0,0.0,0.0,4.1299552735288705,4.1299552735288705,4.1299552735288705,0.962298376426809,0.962298376426809,0.962298376426809,0.03633562697325346,0.03633562697325346,0.03633562697325346,5.081719269544532,5.081719269544532,5.081719269544532,-0.6533317519694847,-0.6533317519694847,-0.6533317519694847,0.0,0.0,0.0,0.006786780008719356,0.006786780008719356,0.006786780008719356,1.7781485776025907,1.7781485776025907,1.7781485776025907,1.5518365468347706,1.5518365468347706,1.5518365468347706,0.048637572372089675,0.048637572372089675,0.048637572372089675,2.2303847466897118,2.2303847466897118,2.2303847466897118,1.4659519374236378,1.4659519374236378,1.4659519374236378,0.3641338378226642,0.3641338378226642,0.3641338378226642,-1.6490479190479743,-1.6490479190479743,-1.6490479190479743,0.4204554411183123,0.4204554411183123,0.4204554411183123,-0.0981166851654459,-0.0981166851654459,-0.0981166851654459,-2.334517813560783,-2.334517813560783,-2.334517813560783,0.0,0.0,0.0,61.38571538849817
76,2018-03-23 12:00:00,57.25585030317383,50.11364691370697,68.72676146770716,57.25585030317383,57.25585030317383,0.0,0.0,0.0,0.0,0.0,0.0,0.0,0.0,0.0,0.0,0.0,0.0,0.0,0.0,0.0,0.0,0.0,0.0,0.0,0.0,0.0,0.0,0.0,0.0,0.0,0.0,0.0,0.0,0.0,0.0,2.24470391443273,2.24470391443273,2.24470391443273,0.7658681120084893,0.7658681120084893,0.7658681120084893,0.03633562697325346,0.03633562697325346,0.03633562697325346,3.4102759741174724,3.4102759741174724,3.4102759741174724,-0.8067306822952249,-0.8067306822952249,-0.8067306822952249,0.0,0.0,0.0,-1.1089509818166733e-05,-1.1089509818166733e-05,-1.1089509818166733e-05,1.6684388962643075,1.6684388962643075,1.6684388962643075,0.8517478301321936,0.8517478301321936,0.8517478301321936,-0.3291250445352341,-0.3291250445352341,-0.3291250445352341,1.947028617808581,1.947028617808581,1.947028617808581,1.333884857425929,1.333884857425929,1.333884857425929,0.3632138895549696,0.3632138895549696,0.3632138895549696,-1.5622871821107107,-1.5622871821107107,-1.5622871821107107,0.4009836671260814,0.4009836671260814,0.4009836671260814,-0.09221974559077353,-0.09221974559077353,-0.09221974559077353,-2.3324238388193135,-2.3324238388193135,-2.3324238388193135,0.0,0.0,0.0,59.50055421760656
77,2018-03-23 13:00:00,57.25594049137836,47.01007686872631,65.76527877075839,57.25594049137836,57.25594049137836,0.0,0.0,0.0,0.0,0.0,0.0,0.0,0.0,0.0,0.0,0.0,0.0,0.0,0.0,0.0,0.0,0.0,0.0,0.0,0.0,0.0,0.0,0.0,0.0,0.0,0.0,0.0,0.0,0.0,0.0,-0.7353703837392237,-0.7353703837392237,-0.7353703837392237,0.35844046695927934,0.35844046695927934,0.35844046695927934,0.03633562697325346,0.03633562697325346,0.03633562697325346,0.8584745711142037,0.8584745711142037,0.8584745711142037,-1.1831167994189782,-1.1831167994189782,-1.1831167994189782,0.0,0.0,0.0,-0.006808959028355691,-0.006808959028355691,-0.006808959028355691,1.4619035886915255,1.4619035886915255,1.4619035886915255,-0.352404762596238,-0.352404762596238,-0.352404762596238,-0.6542298421160817,-0.6542298421160817,-0.6542298421160817,1.3197054233872554,1.3197054233872554,1.3197054233872554,1.3002888458475657,1.3002888458475657,1.3002888458475657,0.3547670918243193,0.3547670918243193,0.3547670918243193,-1.3020049712989192,-1.3020049712989192,-1.3020049712989192,0.3780584720569072,0.3780584720569072,0.3780584720569072,-0.11596067115114286,-0.11596067115114286,-0.11596067115114286,-2.330343893869614,-2.330343893869614,-2.330343893869614,0.0,0.0,0.0,56.52057010763914
78,2018-03-23 14:00:00,57.25603067958289,45.48377540883568,63.84366543838706,57.25603067958289,57.25603067958289,0.0,0.0,0.0,0.0,0.0,0.0,0.0,0.0,0.0,0.0,0.0,0.0,0.0,0.0,0.0,0.0,0.0,0.0,0.0,0.0,0.0,0.0,0.0,0.0,0.0,0.0,0.0,0.0,0.0,0.0,-2.6141085585009356,-2.6141085585009356,-2.6141085585009356,-0.047041529687242845,-0.047041529687242845,-0.047041529687242845,0.03633562697325346,0.03633562697325346,0.03633562697325346,-0.5901927439930794,-0.5901927439930794,-0.5901927439930794,-1.2496573950238523,-1.2496573950238523,-1.2496573950238523,0.0,0.0,0.0,-0.013606828546893213,-0.013606828546893213,-0.013606828546893213,1.2725470212571222,1.2725470212571222,1.2725470212571222,-1.2310161020579713,-1.2310161020579713,-1.2310161020579713,-0.6313351380610929,-0.6313351380610929,-0.6313351380610929,0.9227037882703786,0.9227037882703786,0.9227037882703786,1.2840700816373207,1.2840700816373207,1.2840700816373207,0.3350300198992356,0.3350300198992356,0.3350300198992356,-1.15090229249862,-1.15090229249862,-1.15090229249862,0.35140374226178345,0.35140374226178345,0.35140374226178345,-0.1643615258419603,-0.1643615258419603,-0.1643615258419603,-2.3282780270823964,-2.3282780270823964,-2.3282780270823964,0.0,0.0,0.0,54.641922121081954
79,2018-03-23 15:00:00,57.25612086778743,43.9249961253307,62.334119427476914,57.25612086778743,57.25612086778743,0.0,0.0,0.0,0.0,0.0,0.0,0.0,0.0,0.0,0.0,0.0,0.0,0.0,0.0,0.0,0.0,0.0,0.0,0.0,0.0,0.0,0.0,0.0,0.0,0.0,0.0,0.0,0.0,0.0,0.0,-4.071668818982927,-4.071668818982927,-4.071668818982927,-0.11682304117342096,-0.11682304117342096,-0.11682304117342096,0.03633562697325346,0.03633562697325346,0.03633562697325346,-1.9493858358428733,-1.9493858358428733,-1.9493858358428733,-1.403564268827492,-1.403564268827492,-1.403564268827492,0.0,0.0,0.0,-0.02040469806543074,-0.02040469806543074,-0.02040469806543074,1.1077872862935791,1.1077872862935791,1.1077872862935791,-1.9416061495110875,-1.9416061495110875,-1.9416061495110875,-0.3325592501434818,-0.3325592501434818,-0.3325592501434818,0.2665903989359974,0.2665903989359974,0.2665903989359974,1.2805946321636967,1.2805946321636967,1.2805946321636967,0.28844718488960985,0.28844718488960985,0.28844718488960985,-1.0157169582010228,-1.0157169582010228,-1.0157169582010228,0.3207663441764081,0.3207663441764081,0.3207663441764081,-0.21528964035049453,-0.21528964035049453,-0.21528964035049453,-2.326226286143041,-2.326226286143041,-2.326226286143041,0.0,0.0,0.0,53.1844520488045
80,2018-03-23 16:00:00,57.256211055991955,44.30623174581791,63.51611902590018,57.256211055991955,57.256211055991955,0.0,0.0,0.0,0.0,0.0,0.0,0.0,0.0,0.0,0.0,0.0,0.0,0.0,0.0,0.0,0.0,0.0,0.0,0.0,0.0,0.0,0.0,0.0,0.0,0.0,0.0,0.0,0.0,0.0,0.0,-3.475604958992715,-3.475604958992715,-3.475604958992715,0.3280603581039747,0.3280603581039747,0.3280603581039747,0.03633562697325346,0.03633562697325346,0.03633562697325346,-1.7653975341998867,-1.7653975341998867,-1.7653975341998867,-1.368008225374506,-1.368008225374506,-1.368008225374506,0.0,0.0,0.0,-0.027202567583968263,-0.027202567583968263,-0.027202567583968263,1.1070064344691075,1.1070064344691075,1.1070064344691075,-1.518052475906028,-1.518052475906028,-1.518052475906028,-0.04065177344236869,-0.04065177344236869,-0.04065177344236869,-0.18647635259051562,-0.18647635259051562,-0.18647635259051562,1.2562664858483283,1.2562664858483283,1.2562664858483283,0.21543674509893979,0.21543674509893979,0.21543674509893979,-0.9567555271558021,-0.9567555271558021,-0.9567555271558021,0.28592093515427325,0.28592093515427325,0.28592093515427325,-0.28329590453632664,-0.28329590453632664,-0.28329590453632664,-2.3241887180510767,-2.3241887180510767,-2.3241887180510767,0.0,0.0,0.0,53.780606096999236
81,2018-03-23 17:00:00,57.25630124419649,47.010118855732166,65.72762995949306,57.25630124419649,57.25630124419649,0.0,0.0,0.0,0.0,0.0,0.0,0.0,0.0,0.0,0.0,0.0,0.0,0.0,0.0,0.0,0.0,0.0,0.0,0.0,0.0,0.0,0.0,0.0,0.0,0.0,0.0,0.0,0.0,0.0,0.0,-0.8056525694132679,-0.8056525694132679,-0.8056525694132679,1.1204143557010473,1.1204143557010473,1.1204143557010473,0.03633562697325346,0.03633562697325346,0.03633562697325346,0.14942386679380348,0.14942386679380348,0.14942386679380348,-1.2212125602614634,-1.2212125602614634,-1.2212125602614634,0.0,0.0,0.0,-0.03400043710250578,-0.03400043710250578,-0.03400043710250578,1.2069554680014936,1.2069554680014936,1.2069554680014936,-0.18788391417113284,-0.18788391417113284,-0.18788391417113284,0.08755856926557105,0.08755856926557105,0.08755856926557105,-0.1198043222655442,-0.1198043222655442,-0.1198043222655442,1.4972309826862544,1.4972309826862544,1.4972309826862544,0.0866439876216982,0.0866439876216982,0.0866439876216982,-0.8908442696375708,-0.8908442696375708,-0.8908442696375708,0.24667457720304323,0.24667457720304323,0.24667457720304323,-0.31155526431625014,-0.31155526431625014,-0.31155526431625014,-2.322165369111162,-2.322165369111162,-2.322165369111162,0.0,0.0,0.0,56.450648674783224
82,2018-03-23 18:00:00,57.25639143240102,53.21721053278555,72.14990754781883,57.25639143240102,57.25639143240102,0.0,0.0,0.0,0.0,0.0,0.0,0.0,0.0,0.0,0.0,0.0,0.0,0.0,0.0,0.0,0.0,0.0,0.0,0.0,0.0,0.0,0.0,0.0,0.0,0.0,0.0,0.0,0.0,0.0,0.0,4.503166423920266,4.503166423920266,4.503166423920266,1.827341372773851,1.827341372773851,1.827341372773851,0.03633562697325346,0.03633562697325346,0.03633562697325346,4.793110248072421,4.793110248072421,4.793110248072421,-0.606093008524803,-0.606093008524803,-0.606093008524803,0.0,0.0,0.0,-0.040798306621043307,-0.040798306621043307,-0.040798306621043307,1.6079228798677456,1.6079228798677456,1.6079228798677456,2.6789793807259215,2.6789793807259215,2.6789793807259215,0.6175709681385735,0.6175709681385735,0.6175709681385735,0.3302318824280162,0.3302318824280162,0.3302318824280162,1.9710505942569796,1.9710505942569796,1.9710505942569796,-0.03930529339176015,-0.03930529339176015,-0.03930529339176015,-1.4053556165911119,-1.4053556165911119,-1.4053556165911119,0.2028710880011422,0.2028710880011422,0.2028710880011422,-0.35742885918935086,-0.35742885918935086,-0.35742885918935086,-2.320156284927148,-2.320156284927148,-2.320156284927148,0.0,0.0,0.0,61.75955785632128
83,2018-03-23 19:00:00,57.256481620605555,51.82444448711626,70.7023933680349,57.256481620605555,57.256481620605555,0.0,0.0,0.0,0.0,0.0,0.0,0.0,0.0,0.0,0.0,0.0,0.0,0.0,0.0,0.0,0.0,0.0,0.0,0.0,0.0,0.0,0.0,0.0,0.0,0.0,0.0,0.0,0.0,0.0,0.0,4.3230923065891265,4.3230923065891265,4.3230923065891265,2.0463058621610117,2.0463058621610117,2.0463058621610117,0.03633562697325346,0.03633562697325346,0.03633562697325346,4.440552888872758,4.440552888872758,4.440552888872758,-0.11084811757249609,-0.11084811757249609,-0.11084811757249609,0.0,0.0,0.0,-0.04759617613958084,-0.04759617613958084,-0.04759617613958084,1.7840049662861293,1.7840049662861293,1.7840049662861293,2.241423932786811,2.241423932786811,2.241423932786811,0.3153608746127147,0.3153608746127147,0.3153608746127147,0.765115352956809,0.765115352956809,0.765115352956809,1.9339791332049923,1.9339791332049923,1.9339791332049923,-0.06514747654790798,-0.06514747654790798,-0.06514747654790798,-1.938698751407005,-1.938698751407005,-1.938698751407005,0.15439506594726554,0.15439506594726554,0.15439506594726554,-0.473376476280961,-0.473376476280961,-0.473376476280961,-2.31816151039191,-2.31816151039191,-2.31816151039191,0.0,0.0,0.0,61.57957392719468
84,2018-03-23 20:00:00,57.25657180881009,50.75950220147903,69.42152735716196,57.25657180881009,57.25657180881009,0.0,0.0,0.0,0.0,0.0,0.0,0.0,0.0,0.0,0.0,0.0,0.0,0.0,0.0,0.0,0.0,0.0,0.0,0.0,0.0,0.0,0.0,0.0,0.0,0.0,0.0,0.0,0.0,0.0,0.0,2.6289876289123453,2.6289876289123453,2.6289876289123453,1.6663485073029807,1.6663485073029807,1.6663485073029807,0.03633562697325346,0.03633562697325346,0.03633562697325346,3.1776446820006674,3.1776446820006674,3.1776446820006674,-0.42526513039247354,-0.42526513039247354,-0.42526513039247354,0.0,0.0,0.0,-0.05439404565811836,-0.05439404565811836,-0.05439404565811836,1.573174973678752,1.573174973678752,1.573174973678752,2.16791461753304,2.16791461753304,2.16791461753304,-0.22724361149053174,-0.22724361149053174,-0.22724361149053174,0.7878444542039582,0.7878444542039582,0.7878444542039582,1.676795872156823,1.676795872156823,1.676795872156823,-0.06832547965448928,-0.06832547965448928,-0.06832547965448928,-1.7768350509710762,-1.7768350509710762,-1.7768350509710762,0.1011755292913717,0.1011755292913717,0.1011755292913717,-0.5123575443784707,-0.5123575443784707,-0.5123575443784707,-2.316181089682674,-2.316181089682674,-2.316181089682674,0.0,0.0,0.0,59.885559437722435
85,2018-03-23 21:00:00,57.25666199701462,45.76090763684336,63.83568497947375,57.25666199701462,57.25666199701462,0.0,0.0,0.0,0.0,0.0,0.0,0.0,0.0,0.0,0.0,0.0,0.0,0.0,0.0,0.0,0.0,0.0,0.0,0.0,0.0,0.0,0.0,0.0,0.0,0.0,0.0,0.0,0.0,0.0,0.0,-2.047860822391953,-2.047860822391953,-2.047860822391953,0.8837537799858777,0.8837537799858777,0.8837537799858777,0.03633562697325346,0.03633562697325346,0.03633562697325346,-0.6605886496241078,-0.6605886496241078,-0.6605886496241078,-1.3669923384187064,-1.3669923384187064,-1.3669923384187064,0.0,0.0,0.0,-0.06119191517665588,-0.06119191517665588,-0.06119191517665588,1.3900652208401227,1.3900652208401227,1.3900652208401227,0.7817389584619374,0.7817389584619374,0.7817389584619374,-0.6805587517793198,-0.6805587517793198,-0.6805587517793198,-0.30012185882626297,-0.30012185882626297,-0.30012185882626297,1.3686393521621696,1.3686393521621696,1.3686393521621696,-0.06882726961868632,-0.06882726961868632,-0.06882726961868632,-1.2374388414851416,-1.2374388414851416,-1.2374388414851416,0.043189113501322096,0.043189113501322096,0.043189113501322096,-0.5222368327568179,-0.5222368327568179,-0.5222368327568179,-2.314215066255046,-2.314215066255046,-2.314215066255046,0.0,0.0,0.0,55.208801174622664
86,2018-03-23 22:00:00,57.256752185219156,41.34757869573274,61.11077529675883,57.256752185219156,57.256752185219156,0.0,0.0,0.0,0.0,0.0,0.0,0.0,0.0,0.0,0.0,0.0,0.0,0.0,0.0,0.0,0.0,0.0,0.0,0.0,0.0,0.0,0.0,0.0,0.0,0.0,0.0,0.0,0.0,0.0,0.0,-5.955852124924506,-5.955852124924506,-5.955852124924506,-0.007487951881050542,-0.007487951881050542,-0.007487951881050542,0.03633562697325346,0.03633562697325346,0.03633562697325346,-3.6165634660877797,-3.6165634660877797,-3.6165634660877797,-1.7855377642081434,-1.7855377642081434,-1.7855377642081434,0.0,0.0,0.0,-0.0679897846951934,-0.0679897846951934,-0.0679897846951934,1.1394117851846859,1.1394117851846859,1.1394117851846859,-0.9719832768780172,-0.9719832768780172,-0.9719832768780172,-0.9965056677381718,-0.9965056677381718,-0.9965056677381718,-1.2259539162934847,-1.2259539162934847,-1.2259539162934847,1.3651639026885458,1.3651639026885458,1.3651639026885458,-0.06882726961868632,-0.06882726961868632,-0.06882726961868632,-0.5195890232083489,-0.5195890232083489,-0.5195890232083489,-0.01953722412109276,-0.01953722412109276,-0.01953722412109276,-0.5210880782942193,-0.5210880782942193,-0.5210880782942193,-2.3122634828345845,-2.3122634828345845,-2.3122634828345845,0.0,0.0,0.0,51.30090006029465
87,2018-03-23 23:00:00,57.25684237342368,39.22211552542585,57.646069241946286,57.25684237342368,57.25684237342368,0.0,0.0,0.0,0.0,0.0,0.0,0.0,0.0,0.0,0.0,0.0,0.0,0.0,0.0,0.0,0.0,0.0,0.0,0.0,0.0,0.0,0.0,0.0,0.0,0.0,0.0,0.0,0.0,0.0,0.0,-8.810578747785486,-8.810578747785486,-8.810578747785486,-0.8332369851511601,-0.8332369851511601,-0.8332369851511601,0.03633562697325346,0.03633562697325346,0.03633562697325346,-5.580091343177448,-5.580091343177448,-5.580091343177448,-2.1984958117406825,-2.1984958117406825,-2.1984958117406825,0.0,0.0,0.0,-0.07478765421373093,-0.07478765421373093,-0.07478765421373093,0.8563529988136704,0.8563529988136704,0.8563529988136704,-2.0361181262659365,-2.0361181262659365,-2.0361181262659365,-1.7497414311473194,-1.7497414311473194,-1.7497414311473194,-0.9819948962407471,-0.9819948962407471,-0.9819948962407471,1.092920360588005,1.092920360588005,1.092920360588005,-0.06899453294008533,-0.06899453294008533,-0.06899453294008533,0.05096931143076328,0.05096931143076328,0.05096931143076328,-0.08692403804627921,-0.08692403804627921,-0.08692403804627921,-0.5065371884346382,-0.5065371884346382,-0.5065371884346382,-2.3103263814105985,-2.3103263814105985,-2.3103263814105985,0.0,0.0,0.0,48.446263625638196
88,2018-03-24 00:00:00,57.25693256162822,36.838210477846516,54.93984649063502,57.25693256162822,57.25693256162822,0.0,0.0,0.0,0.0,0.0,0.0,0.0,0.0,0.0,0.0,0.0,0.0,0.0,0.0,0.0,0.0,0.0,0.0,0.0,0.0,0.0,0.0,0.0,0.0,0.0,0.0,0.0,0.0,0.0,0.0,-11.564875797364836,-11.564875797364836,-11.564875797364836,-1.5701692640032001,-1.5701692640032001,-1.5701692640032001,0.10895686085654549,0.10895686085654549,0.10895686085654549,-7.527464924520109,-7.527464924520109,-7.527464924520109,-2.3163386986134364,-2.3163386986134364,-2.3163386986134364,0.0,0.0,0.0,-1.1089509818166733e-05,-1.1089509818166733e-05,-1.1089509818166733e-05,0.737663521493962,0.737663521493962,0.737663521493962,-3.8143434666904814,-3.8143434666904814,-3.8143434666904814,-1.877951773855259,-1.877951773855259,-1.877951773855259,-1.227469189709961,-1.227469189709961,-1.227469189709961,0.9226233363804331,0.9226233363804331,0.9226233363804331,-0.06957995456498188,-0.06957995456498188,-0.06957995456498188,0.5078643550435376,0.5078643550435376,0.5078643550435376,-0.15883780561258623,-0.15883780561258623,-0.15883780561258623,-0.4988788253506481,-0.4988788253506481,-0.4988788253506481,-2.3084038032289413,-2.3084038032289413,-2.3084038032289413,0.0,0.0,0.0,45.692056764263384
89,2018-03-24 01:00:00,57.25702274983274,33.19161376194922,52.48052205166018,57.25702274983274,57.25702274983274,0.0,0.0,0.0,0.0,0.0,0.0,0.0,0.0,0.0,0.0,0.0,0.0,0.0,0.0,0.0,0.0,0.0,0.0,0.0,0.0,0.0,0.0,0.0,0.0,0.0,0.0,0.0,0.0,0.0,0.0,-14.560878103200388,-14.560878103200388,-14.560878103200388,-2.2027901562567265,-2.2027901562567265,-2.2027901562567265,0.10895686085654549,0.10895686085654549,0.10895686085654549,-9.816502210089444,-9.816502210089444,-9.816502210089444,-2.4291021507071924,-2.4291021507071924,-2.4291021507071924,0.0,0.0,0.0,0.07476547519409459,0.07476547519409459,0.07476547519409459,0.43547386542338834,0.43547386542338834,0.43547386542338834,-4.647449039566546,-4.647449039566546,-4.647449039566546,-2.5041219297592168,-2.5041219297592168,-2.5041219297592168,-1.7366010576461088,-1.7366010576461088,-1.7366010576461088,0.6654400753322637,0.6654400753322637,0.6654400753322637,-0.07719043568863707,-0.07719043568863707,-0.07719043568863707,0.7676981899538445,0.7676981899538445,0.7676981899538445,-0.23508994806667774,-0.23508994806667774,-0.23508994806667774,-0.47437206348187977,-0.47437206348187977,-0.47437206348187977,-2.306495788787541,-2.306495788787541,-2.306495788787541,0.0,0.0,0.0,42.696144646632355
90,2018-03-24 02:00:00,57.25711293803728,32.514507502557336,51.61023890310933,57.25711293803728,57.25711293803728,0.0,0.0,0.0,0.0,0.0,0.0,0.0,0.0,0.0,0.0,0.0,0.0,0.0,0.0,0.0,0.0,0.0,0.0,0.0,0.0,0.0,0.0,0.0,0.0,0.0,0.0,0.0,0.0,0.0,0.0,-15.137024390460335,-15.137024390460335,-15.137024390460335,-2.5966808359862643,-2.5966808359862643,-2.5966808359862643,0.10895686085654549,0.10895686085654549,0.10895686085654549,-9.920304689676804,-9.920304689676804,-9.920304689676804,-2.439261020265189,-2.439261020265189,-2.439261020265189,0.0,0.0,0.0,0.06796760567555707,0.06796760567555707,0.06796760567555707,0.39096531142849766,0.39096531142849766,0.39096531142849766,-4.286903350464722,-4.286903350464722,-4.286903350464722,-2.5613586898966902,-2.5613586898966902,-2.5613586898966902,-1.8820673056278658,-1.8820673056278658,-1.8820673056278658,0.3503326563903624,0.3503326563903624,0.3503326563903624,-0.08781165659747452,-0.08781165659747452,-0.08781165659747452,0.8714972111475218,0.8714972111475218,0.8714972111475218,-0.315436486971475,-0.315436486971475,-0.315436486971475,-0.4526223123233479,-0.4526223123233479,-0.4526223123233479,-2.3046023778257934,-2.3046023778257934,-2.3046023778257934,0.0,0.0,0.0,42.12008854757695
91,2018-03-24 03:00:00,57.257203126241805,33.60149007398175,52.13219223812162,57.257203126241805,57.257203126241805,0.0,0.0,0.0,0.0,0.0,0.0,0.0,0.0,0.0,0.0,0.0,0.0,0.0,0.0,0.0,0.0,0.0,0.0,0.0,0.0,0.0,0.0,0.0,0.0,0.0,0.0,0.0,0.0,0.0,0.0,-14.905308122237344,-14.905308122237344,-14.905308122237344,-2.5492070388331656,-2.5492070388331656,-2.5492070388331656,0.10895686085654549,0.10895686085654549,0.10895686085654549,-9.653799120448035,-9.653799120448035,-9.653799120448035,-2.372720424660315,-2.372720424660315,-2.372720424660315,0.0,0.0,0.0,0.06116973615701955,0.06116973615701955,0.06116973615701955,0.5920346562299775,0.5920346562299775,0.5920346562299775,-3.9998669766166643,-3.9998669766166643,-3.9998669766166643,-2.728490029498112,-2.728490029498112,-2.728490029498112,-1.8987353132091087,-1.8987353132091087,-1.8987353132091087,0.20436377849815832,0.20436377849815832,0.20436377849815832,-0.1064615169334647,-0.1064615169334647,-0.1064615169334647,0.887414555650224,0.887414555650224,0.887414555650224,-0.3995783536350208,-0.3995783536350208,-0.3995783536350208,-0.40146444692229394,-0.40146444692229394,-0.40146444692229394,-2.302723609321122,-2.302723609321122,-2.302723609321122,0.0,0.0,0.0,42.35189500400446
92,2018-03-24 04:00:00,57.25729331444634,33.89199982204486,52.457608079277335,57.25729331444634,57.25729331444634,0.0,0.0,0.0,0.0,0.0,0.0,0.0,0.0,0.0,0.0,0.0,0.0,0.0,0.0,0.0,0.0,0.0,0.0,0.0,0.0,0.0,0.0,0.0,0.0,0.0,0.0,0.0,0.0,0.0,0.0,-13.912926803097703,-13.912926803097703,-13.912926803097703,-1.9798397072608764,-1.9798397072608764,-1.9798397072608764,0.10895686085654549,0.10895686085654549,0.10895686085654549,-9.145065213071561,-9.145065213071561,-9.145065213071561,-2.3127830942681378,-2.3127830942681378,-2.3127830942681378,0.0,0.0,0.0,0.054371866638482015,0.054371866638482015,0.054371866638482015,0.7669454649116533,0.7669454649116533,0.7669454649116533,-3.5938155209291684,-3.5938155209291684,-3.5938155209291684,-2.642634889291902,-2.642634889291902,-2.642634889291902,-1.963892070117604,-1.963892070117604,-1.963892070117604,0.17656018270916676,0.17656018270916676,0.17656018270916676,-0.11750089614579969,-0.11750089614579969,-0.11750089614579969,0.730258802179883,0.730258802179883,0.730258802179883,-0.4871623612840298,-0.4871623612840298,-0.4871623612840298,-0.3515319196146785,-0.3515319196146785,-0.3515319196146785,-2.300859521481237,-2.300859521481237,-2.300859521481237,0.0,0.0,0.0,43.34436651134864
93,2018-03-24 05:00:00,57.257383502650875,35.12553714554815,53.70468965755226,57.257383502650875,57.257383502650875,0.0,0.0,0.0,0.0,0.0,0.0,0.0,0.0,0.0,0.0,0.0,0.0,0.0,0.0,0.0,0.0,0.0,0.0,0.0,0.0,0.0,0.0,0.0,0.0,0.0,0.0,0.0,0.0,0.0,0.0,-12.685335704092466,-12.685335704092466,-12.685335704092466,-1.0618338824834719,-1.0618338824834719,-1.0618338824834719,0.10895686085654549,0.10895686085654549,0.10895686085654549,-8.746708828036496,-8.746708828036496,-8.746708828036496,-2.1604000508981973,-2.1604000508981973,-2.1604000508981973,0.0,0.0,0.0,0.047573997119944506,0.047573997119944506,0.047573997119944506,1.2702044657837068,1.2702044657837068,1.2702044657837068,-3.8038421359399424,-3.8038421359399424,-3.8038421359399424,-2.5670823659104367,-2.5670823659104367,-2.5670823659104367,-1.6608373868222772,-1.6608373868222772,-1.6608373868222772,0.3178951279698724,0.3178951279698724,0.3178951279698724,-0.11833721275279477,-0.11833721275279477,-0.11833721275279477,0.14266218328435734,0.14266218328435734,0.14266218328435734,-0.5777828418325962,-0.5777828418325962,-0.5777828418325962,-0.3235023107272747,-0.3235023107272747,-0.3235023107272747,-2.2990101517399024,-2.2990101517399024,-2.2990101517399024,0.0,0.0,0.0,44.57204779855841
94,2018-03-24 06:00:00,57.257473690855406,37.097581407460666,55.53727141671811,57.257473690855406,57.257473690855406,0.0,0.0,0.0,0.0,0.0,0.0,0.0,0.0,0.0,0.0,0.0,0.0,0.0,0.0,0.0,0.0,0.0,0.0,0.0,0.0,0.0,0.0,0.0,0.0,0.0,0.0,0.0,0.0,0.0,0.0,-11.056200537631645,-11.056200537631645,-11.056200537631645,-0.14277935680310408,-0.14277935680310408,-0.14277935680310408,0.10895686085654549,0.10895686085654549,0.10895686085654549,-7.945261703391128,-7.945261703391128,-7.945261703391128,-1.6798855208049845,-1.6798855208049845,-1.6798855208049845,0.0,0.0,0.0,0.040776127601406975,0.040776127601406975,0.040776127601406975,1.7750251703047037,1.7750251703047037,1.7750251703047037,-3.69182794126753,-3.69182794126753,-3.69182794126753,-2.5373192506389515,-2.5373192506389515,-2.5373192506389515,-1.529008599588811,-1.529008599588811,-1.529008599588811,0.6318440637538993,0.6318440637538993,0.6318440637538993,-0.11189757487893269,-0.11189757487893269,-0.11189757487893269,-0.6581371767670802,-0.6581371767670802,-0.6581371767670802,-0.6709839406926681,-0.6709839406926681,-0.6709839406926681,-0.2937878619613931,-0.2937878619613931,-0.2937878619613931,-2.297175536744745,-2.297175536744745,-2.297175536744745,0.0,0.0,0.0,46.20127315322376
95,2018-03-24 07:00:00,57.25756387905994,39.66161341451484,58.48849028204026,57.25756387905994,57.25756387905994,0.0,0.0,0.0,0.0,0.0,0.0,0.0,0.0,0.0,0.0,0.0,0.0,0.0,0.0,0.0,0.0,0.0,0.0,0.0,0.0,0.0,0.0,0.0,0.0,0.0,0.0,0.0,0.0,0.0,0.0,-8.328288824673033,-8.328288824673033,-8.328288824673033,0.4906628266094119,0.4906628266094119,0.4906628266094119,0.10895686085654549,0.10895686085654549,0.10895686085654549,-5.757333384066662,-5.757333384066662,-5.757333384066662,-0.8788586561569968,-0.8788586561569968,-0.8788586561569968,0.0,0.0,0.0,0.03397825808286945,0.03397825808286945,0.03397825808286945,2.0467616052208784,2.0467616052208784,2.0467616052208784,-2.655696640547716,-2.655696640547716,-2.655696640547716,-1.8722280978415122,-1.8722280978415122,-1.8722280978415122,-1.1956484479639515,-1.1956484479639515,-1.1956484479639515,0.33758934165374144,0.33758934165374144,0.33758934165374144,-0.06849274297588827,-0.06849274297588827,-0.06849274297588827,-1.3336154723535811,-1.3336154723535811,-1.3336154723535811,-0.7662625548594776,-0.7662625548594776,-0.7662625548594776,-0.28007939204105076,-0.28007939204105076,-0.28007939204105076,-2.2953557123563053,-2.2953557123563053,-2.2953557123563053,0.0,0.0,0.0,48.929275054386906
96,2018-03-24 08:00:00,57.24615377889629,44.566840912221636,62.119518147496535,57.24615377889629,57.24615377889629,0.0,0.0,0.0,0.0,0.0,0.0,0.0,0.0,0.0,0.0,0.0,0.0,0.0,0.0,0.0,0.0,0.0,0.0,0.0,0.0,0.0,0.0,0.0,0.0,0.0,0.0,0.0,0.0,0.0,0.0,-3.9997046210924396,-3.9997046210924396,-3.9997046210924396,0.9341022715576359,0.9341022715576359,0.9341022715576359,0.057150653035035935,0.057150653035035935,0.057150653035035935,-1.4847007011534326,-1.4847007011534326,-1.4847007011534326,-0.6908864160015988,-0.6908864160015988,-0.6908864160015988,0.0,0.0,0.0,-0.09129479380910235,-0.09129479380910235,-0.09129479380910235,2.1411323218349585,2.1411323218349585,2.1411323218349585,-0.17919564174403674,-0.17919564174403674,-0.17919564174403674,-1.4096743980119677,-1.4096743980119677,-1.4096743980119677,-0.3630341609049691,-0.3630341609049691,-0.3630341609049691,0.9204978140490281,0.9204978140490281,0.9204978140490281,-0.008121920318070143,-0.008121920318070143,-0.008121920318070143,-1.4460723493203682,-1.4460723493203682,-1.4460723493203682,-0.8788081633266566,-0.8788081633266566,-0.8788081633266566,-0.41520180996234163,-0.41520180996234163,-0.41520180996234163,-2.5702980281699865,-2.5702980281699865,-2.5702980281699865,0.0,0.0,0.0,53.24644915780385
97,2018-03-24 09:00:00,57.24624854427441,44.45461692249212,63.133382390507165,57.24624854427441,57.24624854427441,0.0,0.0,0.0,0.0,0.0,0.0,0.0,0.0,0.0,0.0,0.0,0.0,0.0,0.0,0.0,0.0,0.0,0.0,0.0,0.0,0.0,0.0,0.0,0.0,0.0,0.0,0.0,0.0,0.0,0.0,-3.6800780539199414,-3.6800780539199414,-3.6800780539199414,1.017493355239028,1.017493355239028,1.017493355239028,0.057150653035035935,0.057150653035035935,0.057150653035035935,-1.153770353409859,-1.153770353409859,-1.153770353409859,-0.7409556609207345,-0.7409556609207345,-0.7409556609207345,0.0,0.0,0.0,-0.06846179146040086,-0.06846179146040086,-0.06846179146040086,2.0435240882034647,2.0435240882034647,2.0435240882034647,0.07853342661306281,0.07853342661306281,0.07853342661306281,-1.2514619920303405,-1.2514619920303405,-1.2514619920303405,-0.28742259538410014,-0.28742259538410014,-0.28742259538410014,1.0269829100571388,1.0269829100571388,1.0269829100571388,0.02748715669772906,0.02748715669772906,0.02748715669772906,-1.5605464542138012,-1.5605464542138012,-1.5605464542138012,-0.9751905177187098,-0.9751905177187098,-0.9751905177187098,-0.47860009400691267,-0.47860009400691267,-0.47860009400691267,-2.5686105380304003,-2.5686105380304003,-2.5686105380304003,0.0,0.0,0.0,53.566170490354466
98,2018-03-24 10:00:00,57.246343309652524,43.94046978519127,62.54684560579131,57.246343309652524,57.246343309652524,0.0,0.0,0.0,0.0,0.0,0.0,0.0,0.0,0.0,0.0,0.0,0.0,0.0,0.0,0.0,0.0,0.0,0.0,0.0,0.0,0.0,0.0,0.0,0.0,0.0,0.0,0.0,0.0,0.0,0.0,-4.360136671842563,-4.360136671842563,-4.360136671842563,1.0341161811749768,1.0341161811749768,1.0341161811749768,0.057150653035035935,0.057150653035035935,0.057150653035035935,-1.755769285190701,-1.755769285190701,-1.755769285190701,-0.9378946909360018,-0.9378946909360018,-0.9378946909360018,0.0,0.0,0.0,-0.045628789111699375,-0.045628789111699375,-0.045628789111699375,1.8436934135324425,1.8436934135324425,1.8436934135324425,0.17605253355899,0.17605253355899,0.17605253355899,-1.2991583791277423,-1.2991583791277423,-1.2991583791277423,-0.5656731565008972,-0.5656731565008972,-0.5656731565008972,1.098350580785979,1.098350580785979,1.098350580785979,0.04543115634276626,0.04543115634276626,0.04543115634276626,-1.5518741735400565,-1.5518741735400565,-1.5518741735400565,-1.0715488343469535,-1.0715488343469535,-1.0715488343469535,-0.5762184332295178,-0.5762184332295178,-0.5762184332295178,-2.5669347334798838,-2.5669347334798838,-2.5669347334798838,0.0,0.0,0.0,52.88620663780996
99,2018-03-24 11:00:00,57.246438075030646,42.065825041789395,61.63062542558327,57.246438075030646,57.246438075030646,0.0,0.0,0.0,0.0,0.0,0.0,0.0,0.0,0.0,0.0,0.0,0.0,0.0,0.0,0.0,0.0,0.0,0.0,0.0,0.0,0.0,0.0,0.0,0.0,0.0,0.0,0.0,0.0,0.0,0.0,-5.281358993089264,-5.281358993089264,-5.281358993089264,0.9945496192994698,0.9945496192994698,0.9945496192994698,0.057150653035035935,0.057150653035035935,0.057150653035035935,-2.5434067597425023,-2.5434067597425023,-2.5434067597425023,-1.4843647354819975,-1.4843647354819975,-1.4843647354819975,0.0,0.0,0.0,-0.022795786762997875,-0.022795786762997875,-0.022795786762997875,1.677227007811822,1.677227007811822,1.677227007811822,0.4790583301409862,0.4790583301409862,0.4790583301409862,-1.3771012556039857,-1.3771012556039857,-1.3771012556039857,-0.8333380984447737,-0.8333380984447737,-0.8333380984447737,1.1074131421483728,1.1074131421483728,1.1074131421483728,0.040131633131537656,0.040131633131537656,0.040131633131537656,-1.5100545089577753,-1.5100545089577753,-1.5100545089577753,-1.1672312077455853,-1.1672312077455853,-1.1672312077455853,-0.6767331407587277,-0.6767331407587277,-0.6767331407587277,-2.565270644900645,-2.565270644900645,-2.565270644900645,0.0,0.0,0.0,51.96507908194138
100,2018-03-24 12:00:00,57.24653284040876,40.95216613752218,59.60749373831064,57.24653284040876,57.24653284040876,0.0,0.0,0.0,0.0,0.0,0.0,0.0,0.0,0.0,0.0,0.0,0.0,0.0,0.0,0.0,0.0,0.0,0.0,0.0,0.0,0.0,0.0,0.0,0.0,0.0,0.0,0.0,0.0,0.0,0.0,-6.577554555906272,-6.577554555906272,-6.577554555906272,0.7860721760074519,0.7860721760074519,0.7860721760074519,0.057150653035035935,0.057150653035035935,0.057150653035035935,-3.5384431838177717,-3.5384431838177717,-3.5384431838177717,-1.8148217519482932,-1.8148217519482932,-1.8148217519482932,0.0,0.0,0.0,3.721558570361379e-05,3.721558570361379e-05,3.721558570361379e-05,1.577844079023392,1.577844079023392,1.577844079023392,0.18650100930319713,0.18650100930319713,0.18650100930319713,-1.5283337024981878,-1.5283337024981878,-1.5283337024981878,-0.9709511476927545,-0.9709511476927545,-0.9709511476927545,1.0904208395938864,1.0904208395938864,1.0904208395938864,0.02539523964066514,0.02539523964066514,0.02539523964066514,-1.4106123572321667,-1.4106123572321667,-1.4106123572321667,-1.2615652461387172,-1.2615652461387172,-1.2615652461387172,-0.7510732606282501,-0.7510732606282501,-0.7510732606282501,-2.5636183019572356,-2.5636183019572356,-2.5636183019572356,0.0,0.0,0.0,50.66897828450249
101,2018-03-24 13:00:00,57.246627605786884,38.89944623741168,57.65348813879878,57.246627605786884,57.246627605786884,0.0,0.0,0.0,0.0,0.0,0.0,0.0,0.0,0.0,0.0,0.0,0.0,0.0,0.0,0.0,0.0,0.0,0.0,0.0,0.0,0.0,0.0,0.0,0.0,0.0,0.0,0.0,0.0,0.0,0.0,-8.704630395805205,-8.704630395805205,-8.704630395805205,0.3688151210064892,0.3688151210064892,0.3688151210064892,0.057150653035035935,0.057150653035035935,0.057150653035035935,-5.157603598017999,-5.157603598017999,-5.157603598017999,-1.858215097544878,-1.858215097544878,-1.858215097544878,0.0,0.0,0.0,0.022870217934405104,0.022870217934405104,0.022870217934405104,1.2644329143084498,1.2644329143084498,1.2644329143084498,-0.8896919923500928,-0.8896919923500928,-0.8896919923500928,-1.7005060266546652,-1.7005060266546652,-1.7005060266546652,-1.1025152716990672,-1.1025152716990672,-1.1025152716990672,1.097217760615681,1.097217760615681,1.097217760615681,0.005312835892851489,0.005312835892851489,0.005312835892851489,-1.2126916405224772,-1.2126916405224772,-1.2126916405224772,-1.3538641851977369,-1.3538641851977369,-1.3538641851977369,-0.8409679510332424,-0.8409679510332424,-0.8409679510332424,-2.56197773359596,-2.56197773359596,-2.56197773359596,0.0,0.0,0.0,48.54199720998168
102,2018-03-24 14:00:00,57.246722371165,36.750891988933574,56.177645498762445,57.246722371165,57.246722371165,0.0,0.0,0.0,0.0,0.0,0.0,0.0,0.0,0.0,0.0,0.0,0.0,0.0,0.0,0.0,0.0,0.0,0.0,0.0,0.0,0.0,0.0,0.0,0.0,0.0,0.0,0.0,0.0,0.0,0.0,-11.341753529939854,-11.341753529939854,-11.341753529939854,-0.06963058746095563,-0.06963058746095563,-0.06963058746095563,0.057150653035035935,0.057150653035035935,0.057150653035035935,-7.268340677003282,-7.268340677003282,-7.268340677003282,-1.9793349852540252,-1.9793349852540252,-1.9793349852540252,0.0,0.0,0.0,0.04570322028310659,0.04570322028310659,0.04570322028310659,0.9201420538628168,0.9201420538628168,0.9201420538628168,-2.0111617222282794,-2.0111617222282794,-2.0111617222282794,-1.9645811454622337,-1.9645811454622337,-1.9645811454622337,-1.332374430882508,-1.332374430882508,-1.332374430882508,0.9726075418827838,0.9726075418827838,0.9726075418827838,-0.010120863283709003,-0.010120863283709003,-0.010120863283709003,-1.06372113028237,-1.06372113028237,-1.06372113028237,-1.4434332974427746,-1.4434332974427746,-1.4434332974427746,-0.9026498686738997,-0.9026498686738997,-0.9026498686738997,-2.560348968032842,-2.560348968032842,-2.560348968032842,0.0,0.0,0.0,45.90496884122514
103,2018-03-24 15:00:00,57.246817136543115,35.16744222439419,53.936410779593615,57.246817136543115,57.246817136543115,0.0,0.0,0.0,0.0,0.0,0.0,0.0,0.0,0.0,0.0,0.0,0.0,0.0,0.0,0.0,0.0,0.0,0.0,0.0,0.0,0.0,0.0,0.0,0.0,0.0,0.0,0.0,0.0,0.0,0.0,-12.413735103737759,-12.413735103737759,-12.413735103737759,-0.19409128830733433,-0.19409128830733433,-0.19409128830733433,0.057150653035035935,0.057150653035035935,0.057150653035035935,-8.13133525451271,-8.13133525451271,-8.13133525451271,-2.0952095234954533,-2.0952095234954533,-2.0952095234954533,0.0,0.0,0.0,0.06853622263180809,0.06853622263180809,0.06853622263180809,0.8179196128232887,0.8179196128232887,0.8179196128232887,-2.617173315392269,-2.617173315392269,-2.617173315392269,-2.207716387007529,-2.207716387007529,-2.207716387007529,-1.0662217202490496,-1.0662217202490496,-1.0662217202490496,0.8502629634904868,0.8502629634904868,0.8502629634904868,-0.024485360408881267,-0.024485360408881267,-0.024485360408881267,-0.9912594073195236,-0.9912594073195236,-0.9912594073195236,-1.5295765281646723,-1.5295765281646723,-1.5295765281646723,-0.9231389926206222,-0.9231389926206222,-0.9231389926206222,-2.5587320327530425,-2.5587320327530425,-2.5587320327530425,0.0,0.0,0.0,44.83308203280536
104,2018-03-24 16:00:00,57.24691190192123,36.7719825181277,55.575485087524584,57.24691190192123,57.24691190192123,0.0,0.0,0.0,0.0,0.0,0.0,0.0,0.0,0.0,0.0,0.0,0.0,0.0,0.0,0.0,0.0,0.0,0.0,0.0,0.0,0.0,0.0,0.0,0.0,0.0,0.0,0.0,0.0,0.0,0.0,-10.96265991758748,-10.96265991758748,-10.96265991758748,0.20165625644810609,0.20165625644810609,0.20165625644810609,0.057150653035035935,0.057150653035035935,0.057150653035035935,-6.995585934099705,-6.995585934099705,-6.995585934099705,-2.096163223398675,-2.096163223398675,-2.096163223398675,0.0,0.0,0.0,0.09136922498050958,0.09136922498050958,0.09136922498050958,0.9449877860599243,0.9449877860599243,0.9449877860599243,-2.181820159383656,-2.181820159383656,-2.181820159383656,-2.1402434491624227,-2.1402434491624227,-2.1402434491624227,-0.5581119999488108,-0.5581119999488108,-0.5581119999488108,0.8457316828092908,0.8457316828092908,0.8457316828092908,-0.04568345325379568,-0.04568345325379568,-0.04568345325379568,-0.9731439765788119,-0.9731439765788119,-0.9731439765788119,-1.6116032854366469,-1.6116032854366469,-1.6116032854366469,-0.939659019258294,-0.939659019258294,-0.939659019258294,-2.557126954499234,-2.557126954499234,-2.557126954499234,0.0,0.0,0.0,46.28425198433375
105,2018-03-24 17:00:00,57.24700666729935,40.740379702017734,60.077657174616796,57.24700666729935,57.24700666729935,0.0,0.0,0.0,0.0,0.0,0.0,0.0,0.0,0.0,0.0,0.0,0.0,0.0,0.0,0.0,0.0,0.0,0.0,0.0,0.0,0.0,0.0,0.0,0.0,0.0,0.0,0.0,0.0,0.0,0.0,-6.779515935326204,-6.779515935326204,-6.779515935326204,0.9705084607153079,0.9705084607153079,0.9705084607153079,0.057150653035035935,0.057150653035035935,0.057150653035035935,-3.5056553274541518,-3.5056553274541518,-3.5056553274541518,-2.2373108090754763,-2.2373108090754763,-2.2373108090754763,0.0,0.0,0.0,0.11420222732921106,0.11420222732921106,0.11420222732921106,1.1160683991885791,1.1160683991885791,1.1160683991885791,-0.5762377200238918,-0.5762377200238918,-0.5762377200238918,-1.7330791690626466,-1.7330791690626466,-1.7330791690626466,0.5095233052058586,0.5095233052058586,0.5095233052058586,1.1901090145802027,1.1901090145802027,1.1901090145802027,-0.06046633379038072,-0.06046633379038072,-0.06046633379038072,-0.9536795243999623,-0.9536795243999623,-0.9536795243999623,-1.6888353093148463,-1.6888353093148463,-1.6888353093148463,-0.9319353704406813,-0.9319353704406813,-0.9319353704406813,-2.555533759272514,-2.555533759272514,-2.555533759272514,0.0,0.0,0.0,50.46749073197315
106,2018-03-24 18:00:00,57.24710143267747,47.36054145438734,67.22565053068705,57.24710143267747,57.24710143267747,0.0,0.0,0.0,0.0,0.0,0.0,0.0,0.0,0.0,0.0,0.0,0.0,0.0,0.0,0.0,0.0,0.0,0.0,0.0,0.0,0.0,0.0,0.0,0.0,0.0,0.0,0.0,0.0,0.0,0.0,0.07239119255242991,0.07239119255242991,0.07239119255242991,1.6648438399850567,1.6648438399850567,1.6648438399850567,0.057150653035035935,0.057150653035035935,0.057150653035035935,2.722113368287054,2.722113368287054,2.722113368287054,-1.9965015835120143,-1.9965015835120143,-1.9965015835120143,0.0,0.0,0.0,0.13703522967791254,0.13703522967791254,0.13703522967791254,1.5664860300189998,1.5664860300189998,1.5664860300189998,2.683686712168601,2.683686712168601,2.683686712168601,-1.0106534035141872,-1.0106534035141872,-1.0106534035141872,2.2712727818421037,2.2712727818421037,2.2712727818421037,1.3147192333131,1.3147192333131,1.3147192333131,-0.06525449949877148,-0.06525449949877148,-0.06525449949877148,-1.2693505409242773,-1.2693505409242773,-1.2693505409242773,-1.760613543399625,-1.760613543399625,-1.760613543399625,-0.9664772443194493,-0.9664772443194493,-0.9664772443194493,-2.5539524723200544,-2.5539524723200544,-2.5539524723200544,0.0,0.0,0.0,57.3194926252299
107,2018-03-24 19:00:00,57.24719619805559,51.29193480380082,69.71643402044926,57.24719619805559,57.24719619805559,0.0,0.0,0.0,0.0,0.0,0.0,0.0,0.0,0.0,0.0,0.0,0.0,0.0,0.0,0.0,0.0,0.0,0.0,0.0,0.0,0.0,0.0,0.0,0.0,0.0,0.0,0.0,0.0,0.0,0.0,3.311564460891251,3.311564460891251,3.311564460891251,1.8451626611610448,1.8451626611610448,1.8451626611610448,0.057150653035035935,0.057150653035035935,0.057150653035035935,5.845089848952255,5.845089848952255,5.845089848952255,-1.6631834673360535,-1.6631834673360535,-1.6631834673360535,0.0,0.0,0.0,0.15986823202661404,0.15986823202661404,0.15986823202661404,1.8213322545550459,1.8213322545550459,1.8213322545550459,6.208305863214331,6.208305863214331,6.208305863214331,-0.8629109361636965,-0.8629109361636965,-0.8629109361636965,1.3155425936583218,1.3155425936583218,1.3155425936583218,1.3804228031904449,1.3804228031904449,1.3804228031904449,-0.06581234404732186,-0.06581234404732186,-0.06581234404732186,-1.5202685284179638,-1.5202685284179638,-1.5202685284179638,-1.8263049310891772,-1.8263049310891772,-1.8263049310891772,-0.9853572747625025,-0.9853572747625025,-0.9853572747625025,-2.5523831181328713,-2.5523831181328713,-2.5523831181328713,0.0,0.0,0.0,60.55876065894684
108,2018-03-24 20:00:00,57.247290963433706,48.65216627780371,66.96227715847994,57.247290963433706,57.247290963433706,0.0,0.0,0.0,0.0,0.0,0.0,0.0,0.0,0.0,0.0,0.0,0.0,0.0,0.0,0.0,0.0,0.0,0.0,0.0,0.0,0.0,0.0,0.0,0.0,0.0,0.0,0.0,0.0,0.0,0.0,0.5345962738200976,0.5345962738200976,0.5345962738200976,1.386803938274972,1.386803938274972,1.386803938274972,0.057150653035035935,0.057150653035035935,0.057150653035035935,3.5839271151925542,3.5839271151925542,3.5839271151925542,-1.8081458526257417,-1.8081458526257417,-1.8081458526257417,0.0,0.0,0.0,0.18270123437531555,0.18270123437531555,0.18270123437531555,1.7759000585374776,1.7759000585374776,1.7759000585374776,4.202198520326646,4.202198520326646,4.202198520326646,-1.3014850321568843,-1.3014850321568843,-1.3014850321568843,1.4939858882875716,1.4939858882875716,1.4939858882875716,1.3475710182517715,1.3475710182517715,1.3475710182517715,-0.06627721450444717,-0.06627721450444717,-0.06627721450444717,-1.3601204119761408,-1.3601204119761408,-1.3601204119761408,-1.8853090592054742,-1.8853090592054742,-1.8853090592054742,-0.9395517463580494,-0.9395517463580494,-0.9395517463580494,-2.5508257204419547,-2.5508257204419547,-2.5508257204419547,0.0,0.0,0.0,57.781887237253805
109,2018-03-24 21:00:00,57.24738572881182,44.967102727850936,63.572113206312316,57.24738572881182,57.24738572881182,0.0,0.0,0.0,0.0,0.0,0.0,0.0,0.0,0.0,0.0,0.0,0.0,0.0,0.0,0.0,0.0,0.0,0.0,0.0,0.0,0.0,0.0,0.0,0.0,0.0,0.0,0.0,0.0,0.0,0.0,-3.2173238886275826,-3.2173238886275826,-3.2173238886275826,0.5278944527894831,0.5278944527894831,0.5278944527894831,0.057150653035035935,0.057150653035035935,0.057150653035035935,0.7411265332396719,0.7411265332396719,0.7411265332396719,-2.1414639688017023,-2.1414639688017023,-2.1414639688017023,0.0,0.0,0.0,0.20553423672401702,0.20553423672401702,0.20553423672401702,1.3758837701640463,1.3758837701640463,1.3758837701640463,2.9483814310218377,2.9483814310218377,2.9483814310218377,-1.482963968429927,-1.482963968429927,-1.482963968429927,0.47776644768709353,0.47776644768709353,0.47776644768709353,1.1923746549208019,1.1923746549208019,1.1923746549208019,-0.06627721450444717,-0.06627721450444717,-0.06627721450444717,-0.9334442028278908,-0.9334442028278908,-0.9334442028278908,-1.9370645724489224,-1.9370645724489224,-1.9370645724489224,-0.891815305749193,-0.891815305749193,-0.891815305749193,-2.549280302207814,-2.549280302207814,-2.549280302207814,0.0,0.0,0.0,54.03006184018424
110,2018-03-24 22:00:00,57.247480494189944,40.286039988129566,59.65341910852592,57.247480494189944,57.247480494189944,0.0,0.0,0.0,0.0,0.0,0.0,0.0,0.0,0.0,0.0,0.0,0.0,0.0,0.0,0.0,0.0,0.0,0.0,0.0,0.0,0.0,0.0,0.0,0.0,0.0,0.0,0.0,0.0,0.0,0.0,-6.917953155568174,-6.917953155568174,-6.917953155568174,-0.3606968205276626,-0.3606968205276626,-0.3606968205276626,0.057150653035035935,0.057150653035035935,0.057150653035035935,-2.0284541652599186,-2.0284541652599186,-2.0284541652599186,-2.3708287955265055,-2.3708287955265055,-2.3708287955265055,0.0,0.0,0.0,0.22836723907271855,0.22836723907271855,0.22836723907271855,0.8711604675313761,0.8711604675313761,0.8711604675313761,1.189554680747042,1.189554680747042,1.189554680747042,-2.1286101840167158,-2.1286101840167158,-2.1286101840167158,0.253956213745322,0.253956213745322,0.253956213745322,1.2127654179861842,1.2127654179861842,1.2127654179861842,-0.06627721450444717,-0.06627721450444717,-0.06627721450444717,-0.3955700837074002,-0.3955700837074002,-0.3955700837074002,-1.9810552841610005,-1.9810552841610005,-1.9810552841610005,-0.8801225596225293,-0.8801225596225293,-0.8801225596225293,-2.547746885619592,-2.547746885619592,-2.547746885619592,0.0,0.0,0.0,50.32952733862177
111,2018-03-24 23:00:00,57.24757525956806,37.35492801183578,54.77717717942246,57.24757525956806,57.24757525956806,0.0,0.0,0.0,0.0,0.0,0.0,0.0,0.0,0.0,0.0,0.0,0.0,0.0,0.0,0.0,0.0,0.0,0.0,0.0,0.0,0.0,0.0,0.0,0.0,0.0,0.0,0.0,0.0,0.0,0.0,-11.206979489816362,-11.206979489816362,-11.206979489816362,-1.0563503155803482,-1.0563503155803482,-1.0563503155803482,0.057150653035035935,0.057150653035035935,0.057150653035035935,-5.587587770278097,-5.587587770278097,-5.587587770278097,-2.555846576751502,-2.555846576751502,-2.555846576751502,0.0,0.0,0.0,0.25120024142142,0.25120024142142,0.25120024142142,0.9723180914767425,0.9723180914767425,0.9723180914767425,-0.158298690255625,-0.158298690255625,-0.158298690255625,-4.539022722207391,-4.539022722207391,-4.539022722207391,0.08004961304732268,0.08004961304732268,0.08004961304732268,1.1844449137287076,1.1844449137287076,1.1844449137287076,-0.06623072745873465,-0.06623072745873465,-0.06623072745873465,0.027829930519657323,0.027829930519657323,0.027829930519657323,-2.016815911871029,-2.016815911871029,-2.016815911871029,-0.8411824968337318,-0.8411824968337318,-0.8411824968337318,-2.5462254920868843,-2.5462254920868843,-2.5462254920868843,0.0,0.0,0.0,46.0405957697517
112,2018-03-25 00:00:00,57.24767002494618,33.720317903802275,53.12727653601917,57.24767002494618,57.24767002494618,0.0,0.0,0.0,0.0,0.0,0.0,0.0,0.0,0.0,0.0,0.0,0.0,0.0,0.0,0.0,0.0,0.0,0.0,0.0,0.0,0.0,0.0,0.0,0.0,0.0,0.0,0.0,0.0,0.0,0.0,-13.511644227360883,-13.511644227360883,-13.511644227360883,-1.5669782879859364,-1.5669782879859364,-1.5669782879859364,0.09526075084544358,0.09526075084544358,0.09526075084544358,-7.356012427477894,-7.356012427477894,-7.356012427477894,-2.5701520752998266,-2.5701520752998266,-2.5701520752998266,0.0,0.0,0.0,3.721558570361379e-05,3.721558570361379e-05,3.721558570361379e-05,0.6716847318917414,0.6716847318917414,0.6716847318917414,-0.9419343710711282,-0.9419343710711282,-0.9419343710711282,-4.580902476731938,-4.580902476731938,-4.580902476731938,-0.5278673737404628,-0.5278673737404628,-0.5278673737404628,1.0088577873323543,1.0088577873323543,1.0088577873323543,-0.06664911087014742,-0.06664911087014742,-0.06664911087014742,0.3887895238957515,0.3887895238957515,0.3887895238957515,-2.0439373696644227,-2.0439373696644227,-2.0439373696644227,-0.8331370293153851,-0.8331370293153851,-0.8331370293153851,-2.5447161422326294,-2.5447161422326294,-2.5447161422326294,0.0,0.0,0.0,43.7360257975853
113,2018-03-25 01:00:00,57.2477647903243,31.60685075582675,50.56082638025236,57.2477647903243,57.2477647903243,0.0,0.0,0.0,0.0,0.0,0.0,0.0,0.0,0.0,0.0,0.0,0.0,0.0,0.0,0.0,0.0,0.0,0.0,0.0,0.0,0.0,0.0,0.0,0.0,0.0,0.0,0.0,0.0,0.0,0.0,-16.509807461377612,-16.509807461377612,-16.509807461377612,-1.9772188562020274,-1.9772188562020274,-1.9772188562020274,0.09526075084544358,0.09526075084544358,0.09526075084544358,-9.92729819527074,-9.92729819527074,-9.92729819527074,-2.5520317771386156,-2.5520317771386156,-2.5520317771386156,0.0,0.0,0.0,-0.2511258102500128,-0.2511258102500128,-0.2511258102500128,0.5400023512470714,0.5400023512470714,0.5400023512470714,-2.321133169306412,-2.321133169306412,-2.321133169306412,-4.934553737161459,-4.934553737161459,-4.934553737161459,-1.1251987413553275,-1.1251987413553275,-1.1251987413553275,0.8389347617874962,0.8389347617874962,0.8389347617874962,-0.0666026238244349,-0.0666026238244349,-0.0666026238244349,0.688079565814104,0.688079565814104,0.688079565814104,-2.062071554010276,-2.062071554010276,-2.062071554010276,-0.8389297659285948,-0.8389297659285948,-0.8389297659285948,-2.543218855894566,-2.543218855894566,-2.543218855894566,0.0,0.0,0.0,40.737957328946685
114,2018-03-25 02:00:00,57.24785955570241,29.954937932327155,48.58194692569644,57.24785955570241,57.24785955570241,0.0,0.0,0.0,0.0,0.0,0.0,0.0,0.0,0.0,0.0,0.0,0.0,0.0,0.0,0.0,0.0,0.0,0.0,0.0,0.0,0.0,0.0,0.0,0.0,0.0,0.0,0.0,0.0,0.0,0.0,-17.95907294904504,-17.95907294904504,-17.95907294904504,-2.2524908531654644,-2.2524908531654644,-2.2524908531654644,0.09526075084544358,0.09526075084544358,0.09526075084544358,-11.093912878634029,-11.093912878634029,-11.093912878634029,-2.524374479945188,-2.524374479945188,-2.524374479945188,0.0,0.0,0.0,-0.22829280790131132,-0.22829280790131132,-0.22829280790131132,0.48037259397401344,0.48037259397401344,0.48037259397401344,-2.679864169857509,-2.679864169857509,-2.679864169857509,-4.949676981850879,-4.949676981850879,-4.949676981850879,-1.4956954124075845,-1.4956954124075845,-1.4956954124075845,0.3982677155411634,0.3982677155411634,0.3982677155411634,-0.06613775336730958,-0.06613775336730958,-0.06613775336730958,0.7975430196515955,0.7975430196515955,0.7975430196515955,-2.070935565135359,-2.070935565135359,-2.070935565135359,-0.9213153533164636,-0.9213153533164636,-0.9213153533164636,-2.541733652110186,-2.541733652110186,-2.541733652110186,0.0,0.0,0.0,39.28878660665737
115,2018-03-25 03:00:00,57.24795432108053,29.58538960926168,49.03568043554629,57.24795432108053,57.24795432108053,0.0,0.0,0.0,0.0,0.0,0.0,0.0,0.0,0.0,0.0,0.0,0.0,0.0,0.0,0.0,0.0,0.0,0.0,0.0,0.0,0.0,0.0,0.0,0.0,0.0,0.0,0.0,0.0,0.0,0.0,-18.5435982556155,-18.5435982556155,-18.5435982556155,-2.219092487705472,-2.219092487705472,-2.219092487705472,0.09526075084544358,0.09526075084544358,0.09526075084544358,-11.713929906855972,-11.713929906855972,-11.713929906855972,-2.423759140155306,-2.423759140155306,-2.423759140155306,0.0,0.0,0.0,-0.2054598055526098,-0.2054598055526098,-0.2054598055526098,0.4306811295797983,0.4306811295797983,0.4306811295797983,-3.1709425298352256,-3.1709425298352256,-3.1709425298352256,-5.0520497151331085,-5.0520497151331085,-5.0520497151331085,-1.56223359006595,-1.56223359006595,-1.56223359006595,0.29064979936275276,0.29064979936275276,0.29064979936275276,-0.06595180518445946,-0.06595180518445946,-0.06595180518445946,0.8671139823898603,0.8671139823898603,0.8671139823898603,-2.0703153119330326,-2.0703153119330326,-2.0703153119330326,-0.9172389831071681,-0.9172389831071681,-0.9172389831071681,-2.5402605491210215,-2.5402605491210215,-2.5402605491210215,0.0,0.0,0.0,38.70435606546503
116,2018-03-25 04:00:00,57.24804908645865,29.519304079005018,48.78623455060039,57.24804908645865,57.24804908645865,0.0,0.0,0.0,0.0,0.0,0.0,0.0,0.0,0.0,0.0,0.0,0.0,0.0,0.0,0.0,0.0,0.0,0.0,0.0,0.0,0.0,0.0,0.0,0.0,0.0,0.0,0.0,0.0,0.0,0.0,-18.237826275754852,-18.237826275754852,-18.237826275754852,-1.741656354235189,-1.741656354235189,-1.741656354235189,0.09526075084544358,0.09526075084544358,0.09526075084544358,-11.897301901943738,-11.897301901943738,-11.897301901943738,-2.5730131750094913,-2.5730131750094913,-2.5730131750094913,0.0,0.0,0.0,-0.18262680320390834,-0.18262680320390834,-0.18262680320390834,0.3884433848447155,0.3884433848447155,0.3884433848447155,-3.000284092679849,-3.000284092679849,-3.000284092679849,-5.075316245424525,-5.075316245424525,-5.075316245424525,-1.5153544194430109,-1.5153544194430109,-1.5153544194430109,0.09353908973071769,0.09353908973071769,0.09353908973071769,-0.06595180518445946,-0.06595180518445946,-0.06595180518445946,0.8829168049509064,0.8829168049509064,0.8829168049509064,-2.0600684552142843,-2.0600684552142843,-2.0600684552142843,-0.9449153913702804,-0.9449153913702804,-0.9449153913702804,-2.5387995643616357,-2.5387995643616357,-2.5387995643616357,0.0,0.0,0.0,39.010222810703794
117,2018-03-25 05:00:00,57.248143851836765,29.941198465580555,48.659054369583146,57.248143851836765,57.248143851836765,0.0,0.0,0.0,0.0,0.0,0.0,0.0,0.0,0.0,0.0,0.0,0.0,0.0,0.0,0.0,0.0,0.0,0.0,0.0,0.0,0.0,0.0,0.0,0.0,0.0,0.0,0.0,0.0,0.0,0.0,-17.82497859818963,-17.82497859818963,-17.82497859818963,-0.9074925336056608,-0.9074925336056608,-0.9074925336056608,0.09526075084544358,0.09526075084544358,0.09526075084544358,-12.340008698822855,-12.340008698822855,-12.340008698822855,-2.567290975590162,-2.567290975590162,-2.567290975590162,0.0,0.0,0.0,-0.15979380085520684,-0.15979380085520684,-0.15979380085520684,0.333782774011079,0.333782774011079,0.333782774011079,-3.1813910055794326,-3.1813910055794326,-3.1813910055794326,-5.153259121900768,-5.153259121900768,-5.153259121900768,-1.4352061599908899,-1.4352061599908899,-1.4352061599908899,-0.048063431556664274,-0.048063431556664274,-0.048063431556664274,-0.06595180518445946,-0.06595180518445946,-0.06595180518445946,0.795615846168541,0.795615846168541,0.795615846168541,-2.040126651305239,-2.040126651305239,-2.040126651305239,-0.9537117691903393,-0.9537117691903393,-0.9537117691903393,-2.537350714455875,-2.537350714455875,-2.537350714455875,0.0,0.0,0.0,39.423165253647134
118,2018-03-25 06:00:00,57.24823861721489,31.443300455332302,50.289246194905154,57.24823861721489,57.24823861721489,0.0,0.0,0.0,0.0,0.0,0.0,0.0,0.0,0.0,0.0,0.0,0.0,0.0,0.0,0.0,0.0,0.0,0.0,0.0,0.0,0.0,0.0,0.0,0.0,0.0,0.0,0.0,0.0,0.0,0.0,-16.89828802699106,-16.89828802699106,-16.89828802699106,-0.016141759992053868,-0.016141759992053868,-0.016141759992053868,0.09526075084544358,0.09526075084544358,0.09526075084544358,-12.335735185984408,-12.335735185984408,-12.335735185984408,-2.5076847316388093,-2.5076847316388093,-2.5076847316388093,0.0,0.0,0.0,-0.13696079850650533,-0.13696079850650533,-0.13696079850650533,0.3494000913921179,0.3494000913921179,0.3494000913921179,-3.5540533071228055,-3.5540533071228055,-3.5540533071228055,-5.131155918123922,-5.131155918123922,-5.131155918123922,-1.412522690334629,-1.412522690334629,-1.412522690334629,0.3733456717945843,0.3733456717945843,0.3733456717945843,-0.06279068607600731,-0.06279068607600731,-0.06279068607600731,0.6427909889623249,0.6427909889623249,0.6427909889623249,-2.0104970658058665,-2.0104970658058665,-2.0104970658058665,-0.9913645571762012,-0.9913645571762012,-0.9913645571762012,-2.5359140152087316,-2.5359140152087316,-2.5359140152087316,0.0,0.0,0.0,40.34995059022383
119,2018-03-25 07:00:00,57.248333382593,32.5691410843237,51.842029519275634,57.248333382593,57.248333382593,0.0,0.0,0.0,0.0,0.0,0.0,0.0,0.0,0.0,0.0,0.0,0.0,0.0,0.0,0.0,0.0,0.0,0.0,0.0,0.0,0.0,0.0,0.0,0.0,0.0,0.0,0.0,0.0,0.0,0.0,-15.203388396836655,-15.203388396836655,-15.203388396836655,0.6298218111608851,0.6298218111608851,0.6298218111608851,0.09526075084544358,0.09526075084544358,0.09526075084544358,-11.327457590952312,-11.327457590952312,-11.327457590952312,-2.5863649736545944,-2.5863649736545944,-2.5863649736545944,0.0,0.0,0.0,-0.11412779615780384,-0.11412779615780384,-0.11412779615780384,0.45375216661996964,0.45375216661996964,0.45375216661996964,-2.669415694113302,-2.669415694113302,-2.669415694113302,-4.798444534956676,-4.798444534956676,-4.798444534956676,-1.1887124563928577,-1.1887124563928577,-1.1887124563928577,0.3133062027687342,0.3133062027687342,0.3133062027687342,-0.022532904488954942,-0.022532904488954942,-0.022532904488954942,0.20532260830897003,0.20532260830897003,0.20532260830897003,-1.971263135434395,-1.971263135434395,-1.971263135434395,-1.015500959731241,-1.015500959731241,-1.015500959731241,-2.5344894816108336,-2.5344894816108336,-2.5344894816108336,0.0,0.0,0.0,42.044944985756345
120,2018-03-25 08:00:00,57.150906935559156,33.54695733340245,52.388308287271364,57.150906935559156,57.150906935559156,0.0,0.0,0.0,0.0,0.0,0.0,0.0,0.0,0.0,0.0,0.0,0.0,0.0,0.0,0.0,0.0,0.0,0.0,0.0,0.0,0.0,0.0,0.0,0.0,0.0,0.0,0.0,0.0,0.0,0.0,-14.467498452875347,-14.467498452875347,-14.467498452875347,1.0728917710498846,1.0728917710498846,1.0728917710498846,0.07209217550886508,0.07209217550886508,0.07209217550886508,-10.983377945617043,-10.983377945617043,-10.983377945617043,-2.6715325316990306,-2.6715325316990306,-2.6715325316990306,0.0,0.0,0.0,-0.16412086778105003,-0.16412086778105003,-0.16412086778105003,0.5233487968947597,0.5233487968947597,0.5233487968947597,-3.148912484930317,-3.148912484930317,-3.148912484930317,-4.6759567750996744,-4.6759567750996744,-4.6759567750996744,-0.5685508853628782,-0.5685508853628782,-0.5685508853628782,0.9920638159929646,0.9920638159929646,0.9920638159929646,0.04598042173436979,0.04598042173436979,0.04598042173436979,-0.37476257567566873,-0.37476257567566873,-0.37476257567566873,-1.945732878569753,-1.945732878569753,-1.945732878569753,-1.0130270351993822,-1.0130270351993822,-1.0130270351993822,-2.6112793997384363,-2.6112793997384363,-2.6112793997384363,0.0,0.0,0.0,42.68340848268381
121,2018-03-25 09:00:00,57.15098504348014,33.527924043504534,52.389090967685064,57.15098504348014,57.15098504348014,0.0,0.0,0.0,0.0,0.0,0.0,0.0,0.0,0.0,0.0,0.0,0.0,0.0,0.0,0.0,0.0,0.0,0.0,0.0,0.0,0.0,0.0,0.0,0.0,0.0,0.0,0.0,0.0,0.0,0.0,-14.20886340951467,-14.20886340951467,-14.20886340951467,1.112458648465618,1.112458648465618,1.112458648465618,0.07209217550886508,0.07209217550886508,0.07209217550886508,-10.826662737580149,-10.826662737580149,-10.826662737580149,-2.7036016896603168,-2.7036016896603168,-2.7036016896603168,0.0,0.0,0.0,-0.12307393973165275,-0.12307393973165275,-0.12307393973165275,0.5985371764807181,0.5985371764807181,0.5985371764807181,-3.2147076871617575,-3.2147076871617575,-3.2147076871617575,-4.602377749559677,-4.602377749559677,-4.602377749559677,-0.1923073584112443,-0.1923073584112443,-0.1923073584112443,1.0196549340348207,1.0196549340348207,1.0196549340348207,0.12357115632088261,0.12357115632088261,0.12357115632088261,-0.771459911124841,-0.771459911124841,-0.771459911124841,-1.8847011888338836,-1.8847011888338836,-1.8847011888338836,-1.0329898442759424,-1.0329898442759424,-1.0329898442759424,-2.609958131566258,-2.609958131566258,-2.609958131566258,0.0,0.0,0.0,42.94212163396547
122,2018-03-25 10:00:00,57.15106315140112,33.261160245084646,52.43901728939908,57.15106315140112,57.15106315140112,0.0,0.0,0.0,0.0,0.0,0.0,0.0,0.0,0.0,0.0,0.0,0.0,0.0,0.0,0.0,0.0,0.0,0.0,0.0,0.0,0.0,0.0,0.0,0.0,0.0,0.0,0.0,0.0,0.0,0.0,-14.106007439341413,-14.106007439341413,-14.106007439341413,1.079836106643481,1.079836106643481,1.079836106643481,0.07209217550886508,0.07209217550886508,0.07209217550886508,-10.762391959800631,-10.762391959800631,-10.762391959800631,-2.6579274343821213,-2.6579274343821213,-2.6579274343821213,0.0,0.0,0.0,-0.08202701168225549,-0.08202701168225549,-0.08202701168225549,0.6697871171359833,0.6697871171359833,0.6697871171359833,-3.2008560656393494,-3.2008560656393494,-3.2008560656393494,-4.7577112479218915,-4.7577112479218915,-4.7577112479218915,-0.10571162601761334,-0.10571162601761334,-0.10571162601761334,1.036209604859933,1.036209604859933,1.036209604859933,0.1434140327069416,0.1434140327069416,0.1434140327069416,-0.8743977838106263,-0.8743977838106263,-0.8743977838106263,-1.8148048108693735,-1.8148048108693735,-1.8148048108693735,-1.0052637205584973,-1.0052637205584973,-1.0052637205584973,-2.608646775314887,-2.608646775314887,-2.608646775314887,0.0,0.0,0.0,43.04505571205971
123,2018-03-25 11:00:00,57.15114125932211,33.28075803828196,52.8097386754469,57.15114125932211,57.15114125932211,0.0,0.0,0.0,0.0,0.0,0.0,0.0,0.0,0.0,0.0,0.0,0.0,0.0,0.0,0.0,0.0,0.0,0.0,0.0,0.0,0.0,0.0,0.0,0.0,0.0,0.0,0.0,0.0,0.0,0.0,-13.91949364165246,-13.91949364165246,-13.91949364165246,1.0092512807290392,1.0092512807290392,1.0092512807290392,0.07209217550886508,0.07209217550886508,0.07209217550886508,-10.584947436371507,-10.584947436371507,-10.584947436371507,-2.6744479096955116,-2.6744479096955116,-2.6744479096955116,0.0,0.0,0.0,-0.04098008363285822,-0.04098008363285822,-0.04098008363285822,0.6286125283151014,0.6286125283151014,0.6286125283151014,-3.3705384292888474,-3.3705384292888474,-3.3705384292888474,-4.841801562824746,-4.841801562824746,-4.841801562824746,0.1645267802452663,0.1645267802452663,0.1645267802452663,1.0704225912318344,1.0704225912318344,1.0704225912318344,0.14137886589811505,0.14137886589811505,0.14137886589811505,-0.7411481660059043,-0.7411481660059043,-0.7411481660059043,-1.7364521432279756,-1.7364521432279756,-1.7364521432279756,-0.9930642261228217,-0.9930642261228217,-0.9930642261228217,-2.6073453427820152,-2.6073453427820152,-2.6073453427820152,0.0,0.0,0.0,43.23164761766965
124,2018-03-25 12:00:00,57.151219367243094,33.05226159471237,51.728011157104504,57.151219367243094,57.151219367243094,0.0,0.0,0.0,0.0,0.0,0.0,0.0,0.0,0.0,0.0,0.0,0.0,0.0,0.0,0.0,0.0,0.0,0.0,0.0,0.0,0.0,0.0,0.0,0.0,0.0,0.0,0.0,0.0,0.0,0.0,-14.472099790729413,-14.472099790729413,-14.472099790729413,0.784127455999979,0.784127455999979,0.784127455999979,0.07209217550886508,0.07209217550886508,0.07209217550886508,-11.000054537737158,-11.000054537737158,-11.000054537737158,-2.685623525348687,-2.685623525348687,-2.685623525348687,0.0,0.0,0.0,6.684441653906134e-05,6.684441653906134e-05,6.684441653906134e-05,0.5928085380360736,0.5928085380360736,0.5928085380360736,-3.626793427453399,-3.626793427453399,-3.626793427453399,-4.688803906543166,-4.688803906543166,-4.688803906543166,-0.0788370883782109,-0.0788370883782109,-0.0788370883782109,1.0980137092736901,1.0980137092736901,1.0980137092736901,0.12433434387419254,0.12433434387419254,0.12433434387419254,-0.8103159065457599,-0.8103159065457599,-0.8103159065457599,-1.650118864000272,-1.650118864000272,-1.650118864000272,-0.9969962945772957,-0.9969962945772957,-0.9969962945772957,-2.606053844991963,-2.606053844991963,-2.606053844991963,0.0,0.0,0.0,42.679119576513685
125,2018-03-25 13:00:00,57.15129747516407,32.573091172343084,50.43998312095692,57.15129747516407,57.15129747516407,0.0,0.0,0.0,0.0,0.0,0.0,0.0,0.0,0.0,0.0,0.0,0.0,0.0,0.0,0.0,0.0,0.0,0.0,0.0,0.0,0.0,0.0,0.0,0.0,0.0,0.0,0.0,0.0,0.0,0.0,-15.616712949021881,-15.616712949021881,-15.616712949021881,0.3427952653577963,0.3427952653577963,0.3427952653577963,0.07209217550886508,0.07209217550886508,0.07209217550886508,-11.79839199101416,-11.79839199101416,-11.79839199101416,-2.7346990549561094,-2.7346990549561094,-2.7346990549561094,0.0,0.0,0.0,0.04111377246593633,0.04111377246593633,0.04111377246593633,0.5115334801026806,0.5115334801026806,0.5115334801026806,-3.7479951157744704,-3.7479951157744704,-3.7479951157744704,-4.9574257458161695,-4.9574257458161695,-4.9574257458161695,-0.4938993919200936,-0.4938993919200936,-0.4938993919200936,1.0516606309633725,1.0516606309633725,1.0516606309633725,0.10283789445596196,0.10283789445596196,0.10283789445596196,-0.6422789839401105,-0.6422789839401105,-0.6422789839401105,-1.5563439311764322,-1.5563439311764322,-1.5563439311764322,-1.0013316521040236,-1.0013316521040236,-1.0013316521040236,-2.6047722921890855,-2.6047722921890855,-2.6047722921890855,0.0,0.0,0.0,41.53458452614219
126,2018-03-25 14:00:00,57.151375583085056,29.050726307119533,48.645195467580045,57.151375583085056,57.151375583085056,0.0,0.0,0.0,0.0,0.0,0.0,0.0,0.0,0.0,0.0,0.0,0.0,0.0,0.0,0.0,0.0,0.0,0.0,0.0,0.0,0.0,0.0,0.0,0.0,0.0,0.0,0.0,0.0,0.0,0.0,-18.05409751639482,-18.05409751639482,-18.05409751639482,-0.1359978727736778,-0.1359978727736778,-0.1359978727736778,0.07209217550886508,0.07209217550886508,0.07209217550886508,-13.85887401175225,-13.85887401175225,-13.85887401175225,-2.8304206325072205,-2.8304206325072205,-2.8304206325072205,0.0,0.0,0.0,0.08216070051533361,0.08216070051533361,0.08216070051533361,0.6368474460792778,0.6368474460792778,0.6368474460792778,-5.032733011977826,-5.032733011977826,-5.032733011977826,-4.902533456921251,-4.902533456921251,-4.902533456921251,-1.418084880741767,-1.418084880741767,-1.418084880741767,0.7614020691630504,0.7614020691630504,0.7614020691630504,0.08051465852164558,0.08051465852164558,0.08051465852164558,-0.32654859182876933,-0.32654859182876933,-0.32654859182876933,-1.455724938025031,-1.455724938025031,-1.455724938025031,-0.9815704875635901,-0.9815704875635901,-0.9815704875635901,-2.603500693843861,-2.603500693843861,-2.603500693843861,0.0,0.0,0.0,39.09727806669024
127,2018-03-25 15:00:00,57.15145369100605,24.640745146256776,43.3271165754296,57.15145369100605,57.15145369100605,0.0,0.0,0.0,0.0,0.0,0.0,0.0,0.0,0.0,0.0,0.0,0.0,0.0,0.0,0.0,0.0,0.0,0.0,0.0,0.0,0.0,0.0,0.0,0.0,0.0,0.0,0.0,0.0,0.0,0.0,-23.062976839061008,-23.062976839061008,-23.062976839061008,-0.2962607185023908,-0.2962607185023908,-0.2962607185023908,0.07209217550886508,0.07209217550886508,0.07209217550886508,-18.8155641906146,-18.8155641906146,-18.8155641906146,-2.8639474794667463,-2.8639474794667463,-2.8639474794667463,0.0,0.0,0.0,0.12320762856473089,0.12320762856473089,0.12320762856473089,0.5580786674654167,0.5580786674654167,0.5580786674654167,-9.2401630494093,-9.2401630494093,-9.2401630494093,-4.9597615878968035,-4.9597615878968035,-4.9597615878968035,-1.5584296884142026,-1.5584296884142026,-1.5584296884142026,0.1312209330870651,0.1312209330870651,0.1312209330870651,0.058127823624553356,0.058127823624553356,0.058127823624553356,-0.16319066343611016,-0.16319066343611016,-0.16319066343611016,-1.3489128713090348,-1.3489128713090348,-1.3489128713090348,-0.9727989502420712,-0.9727989502420712,-0.9727989502420712,-2.602239058634979,-2.602239058634979,-2.602239058634979,0.0,0.0,0.0,34.08847685194504
128,2018-03-25 16:00:00,57.151531798927024,27.794235379671914,46.254721750050855,57.151531798927024,57.151531798927024,0.0,0.0,0.0,0.0,0.0,0.0,0.0,0.0,0.0,0.0,0.0,0.0,0.0,0.0,0.0,0.0,0.0,0.0,0.0,0.0,0.0,0.0,0.0,0.0,0.0,0.0,0.0,0.0,0.0,0.0,-19.896577663277004,-19.896577663277004,-19.896577663277004,0.09992506096635921,0.09992506096635921,0.09992506096635921,0.07209217550886508,0.07209217550886508,0.07209217550886508,-16.158909002791255,-16.158909002791255,-16.158909002791255,-2.9033050824192337,-2.9033050824192337,-2.9033050824192337,0.0,0.0,0.0,0.16425455661412816,0.16425455661412816,0.16425455661412816,0.4685686917678472,0.4685686917678472,0.4685686917678472,-6.73994536461463,-6.73994536461463,-6.73994536461463,-4.914212667324425,-4.914212667324425,-4.914212667324425,-1.4016615521843545,-1.4016615521843545,-1.4016615521843545,0.1367391566954359,0.1367391566954359,0.1367391566954359,0.018696466703538653,0.018696466703538653,0.018696466703538653,-0.09036110133826211,-0.09036110133826211,-0.09036110133826211,-1.2366063269957452,-1.2366063269957452,-1.2366063269957452,-0.969774282200168,-0.969774282200168,-0.969774282200168,-2.6009873944563653,-2.6009873944563653,-2.6009873944563653,0.0,0.0,0.0,37.254954135650024
129,2018-03-25 17:00:00,57.15160990684801,34.41614614853848,54.584242927896014,57.15160990684801,57.15160990684801,0.0,0.0,0.0,0.0,0.0,0.0,0.0,0.0,0.0,0.0,0.0,0.0,0.0,0.0,0.0,0.0,0.0,0.0,0.0,0.0,0.0,0.0,0.0,0.0,0.0,0.0,0.0,0.0,0.0,0.0,-13.045583134271762,-13.045583134271762,-13.045583134271762,0.9108990061219494,0.9108990061219494,0.9108990061219494,0.07209217550886508,0.07209217550886508,0.07209217550886508,-10.237191187895007,-10.237191187895007,-10.237191187895007,-2.8012668525424145,-2.8012668525424145,-2.8012668525424145,0.0,0.0,0.0,0.2053014846635254,0.2053014846635254,0.2053014846635254,0.7084554266373334,0.7084554266373334,0.7084554266373334,-2.9930817428032266,-2.9930817428032266,-2.9930817428032266,-4.906037220042203,-4.906037220042203,-4.906037220042203,-0.48344818283810365,-0.48344818283810365,-0.48344818283810365,1.050556986241699,1.050556986241699,1.050556986241699,-0.03485385995371035,-0.03485385995371035,-0.03485385995371035,-0.1495605498591386,-0.1495605498591386,-0.1495605498591386,-1.1195452440960736,-1.1195452440960736,-1.1195452440960736,-0.9053488529076322,-0.9053488529076322,-0.9053488529076322,-2.5997457084026303,-2.5997457084026303,-2.5997457084026303,0.0,0.0,0.0,44.10602677257624
130,2018-03-25 18:00:00,57.151688014769,40.68195104215638,59.367148074496576,57.151688014769,57.151688014769,0.0,0.0,0.0,0.0,0.0,0.0,0.0,0.0,0.0,0.0,0.0,0.0,0.0,0.0,0.0,0.0,0.0,0.0,0.0,0.0,0.0,0.0,0.0,0.0,0.0,0.0,0.0,0.0,0.0,0.0,-7.444398169143296,-7.444398169143296,-7.444398169143296,1.652471215994913,1.652471215994913,1.652471215994913,0.07209217550886508,0.07209217550886508,0.07209217550886508,-5.499851155522233,-5.499851155522233,-5.499851155522233,-2.619541624095128,-2.619541624095128,-2.619541624095128,0.0,0.0,0.0,0.24634841271292268,0.24634841271292268,0.24634841271292268,1.288122029254793,1.288122029254793,1.288122029254793,-0.7387303400313022,-0.7387303400313022,-0.7387303400313022,-4.350106804851118,-4.350106804851118,-4.350106804851118,0.6199008902462532,0.6199008902462532,0.6199008902462532,1.3706139555272248,1.3706139555272248,1.3706139555272248,-0.06671694030440126,-0.06671694030440126,-0.06671694030440126,-0.49865420505441027,-0.49865420505441027,-0.49865420505441027,-0.9985042228421879,-0.9985042228421879,-0.9985042228421879,-0.8231787044359318,-0.8231787044359318,-0.8231787044359318,-2.59851400677379,-2.59851400677379,-2.59851400677379,0.0,0.0,0.0,49.7072898456257
131,2018-03-25 19:00:00,57.15176612268998,43.854896148656934,62.494924185483384,57.15176612268998,57.15176612268998,0.0,0.0,0.0,0.0,0.0,0.0,0.0,0.0,0.0,0.0,0.0,0.0,0.0,0.0,0.0,0.0,0.0,0.0,0.0,0.0,0.0,0.0,0.0,0.0,0.0,0.0,0.0,0.0,0.0,0.0,-4.020706734359408,-4.020706734359408,-4.020706734359408,1.833575201118241,1.833575201118241,1.833575201118241,0.07209217550886508,0.07209217550886508,0.07209217550886508,-2.382704142029756,-2.382704142029756,-2.382704142029756,-2.4387881883133344,-2.4387881883133344,-2.4387881883133344,0.0,0.0,0.0,0.28739534076232,0.28739534076232,0.28739534076232,1.9916704382376886,1.9916704382376886,1.9916704382376886,0.7987996489560034,0.7987996489560034,0.7987996489560034,-3.2218950799045025,-3.2218950799045025,-3.2218950799045025,0.48403517218038455,0.48403517218038455,0.48403517218038455,1.3606811530321563,1.3606811530321563,1.3606811530321563,-0.0756843940557933,-0.0756843940557933,-0.0756843940557933,-0.8623951464816513,-0.8623951464816513,-0.8623951464816513,-0.8742854983835298,-0.8742854983835298,-0.8742854983835298,-0.778615261951893,-0.778615261951893,-0.778615261951893,-2.5972922950643627,-2.5972922950643627,-2.5972922950643627,0.0,0.0,0.0,53.13105938833057
132,2018-03-25 20:00:00,57.15184423061096,43.22781686047674,61.77985640027361,57.15184423061096,57.15184423061096,0.0,0.0,0.0,0.0,0.0,0.0,0.0,0.0,0.0,0.0,0.0,0.0,0.0,0.0,0.0,0.0,0.0,0.0,0.0,0.0,0.0,0.0,0.0,0.0,0.0,0.0,0.0,0.0,0.0,0.0,-4.855904665474172,-4.855904665474172,-4.855904665474172,1.3114120633478177,1.3114120633478177,1.3114120633478177,0.07209217550886508,0.07209217550886508,0.07209217550886508,-2.823524506325808,-2.823524506325808,-2.823524506325808,-2.3756216650562556,-2.3756216650562556,-2.3756216650562556,0.0,0.0,0.0,0.3284422688117173,0.3284422688117173,0.3284422688117173,1.9254330562214876,1.9254330562214876,1.9254330562214876,1.0134997825533285,1.0134997825533285,1.0134997825533285,-3.1553235806064106,-3.1553235806064106,-3.1553235806064106,-0.32966610634596716,-0.32966610634596716,-0.32966610634596716,1.3529556399804374,1.3529556399804374,1.3529556399804374,-0.07899154012013648,-0.07899154012013648,-0.07899154012013648,-0.8465272530636844,-0.8465272530636844,-0.8465272530636844,-0.7477116445349653,-0.7477116445349653,-0.7477116445349653,-0.7298172842091898,-0.7298172842091898,-0.7298172842091898,-2.5960805779612164,-2.5960805779612164,-2.5960805779612164,0.0,0.0,0.0,52.29593956513679
133,2018-03-25 21:00:00,57.151922338531946,41.175292872359314,59.552859991138874,57.151922338531946,57.151922338531946,0.0,0.0,0.0,0.0,0.0,0.0,0.0,0.0,0.0,0.0,0.0,0.0,0.0,0.0,0.0,0.0,0.0,0.0,0.0,0.0,0.0,0.0,0.0,0.0,0.0,0.0,0.0,0.0,0.0,0.0,-7.3486272498898515,-7.3486272498898515,-7.3486272498898515,0.3632626315490442,0.3632626315490442,0.3632626315490442,0.07209217550886508,0.07209217550886508,0.07209217550886508,-4.497392936536273,-4.497392936536273,-4.497392936536273,-2.409634408348529,-2.409634408348529,-2.409634408348529,0.0,0.0,0.0,0.3694891968611145,0.3694891968611145,0.3694891968611145,1.6261116974888152,1.6261116974888152,1.6261116974888152,-0.06692669619450557,-0.06692669619450557,-0.06692669619450557,-3.3655493678635438,-3.3655493678635438,-3.3655493678635438,-0.5551136165431776,-0.5551136165431776,-0.5551136165431776,1.125604827315546,1.125604827315546,1.125604827315546,-0.08268027996113463,-0.08268027996113463,-0.08268027996113463,-0.5283556465803482,-0.5283556465803482,-0.5283556465803482,-0.6196180855606905,-0.6196180855606905,-0.6196180855606905,-0.682430818219375,-0.682430818219375,-0.682430818219375,-2.5948788593419327,-2.5948788593419327,-2.5948788593419327,0.0,0.0,0.0,49.803295088642095
134,2018-03-25 22:00:00,57.15200044645293,36.320998623448524,55.513462733283916,57.15200044645293,57.15200044645293,0.0,0.0,0.0,0.0,0.0,0.0,0.0,0.0,0.0,0.0,0.0,0.0,0.0,0.0,0.0,0.0,0.0,0.0,0.0,0.0,0.0,0.0,0.0,0.0,0.0,0.0,0.0,0.0,0.0,0.0,-11.470517786245702,-11.470517786245702,-11.470517786245702,-0.5704143672278805,-0.5704143672278805,-0.5704143672278805,0.07209217550886508,0.07209217550886508,0.07209217550886508,-7.815570780577164,-7.815570780577164,-7.815570780577164,-2.4747445169365943,-2.4747445169365943,-2.4747445169365943,0.0,0.0,0.0,0.4105361249105118,0.4105361249105118,0.4105361249105118,1.3250001392421917,1.3250001392421917,1.3250001392421917,-1.0503918242854848,-1.0503918242854848,-1.0503918242854848,-4.582523091874281,-4.582523091874281,-4.582523091874281,-1.1702419225117224,-1.1702419225117224,-1.1702419225117224,0.46341799431100794,0.46341799431100794,0.46341799431100794,-0.08522423847216784,-0.08522423847216784,-0.08522423847216784,-0.09056453586926169,-0.09056453586926169,-0.09056453586926169,-0.49084549617599954,-0.49084549617599954,-0.49084549617599954,-0.6329270846002278,-0.6329270846002278,-0.6329270846002278,-2.593687142264659,-2.593687142264659,-2.593687142264659,0.0,0.0,0.0,45.68148266020723
135,2018-03-25 23:00:00,57.152078554373915,37.27253489825351,55.87153716014344,57.152078554373915,57.152078554373915,0.0,0.0,0.0,0.0,0.0,0.0,0.0,0.0,0.0,0.0,0.0,0.0,0.0,0.0,0.0,0.0,0.0,0.0,0.0,0.0,0.0,0.0,0.0,0.0,0.0,0.0,0.0,0.0,0.0,0.0,-10.778582304869087,-10.778582304869087,-10.778582304869087,-1.2236597714681974,-1.2236597714681974,-1.2236597714681974,0.07209217550886508,0.07209217550886508,0.07209217550886508,-6.600184933865767,-6.600184933865767,-6.600184933865767,-2.409148512015782,-2.409148512015782,-2.409148512015782,0.0,0.0,0.0,0.451583052959909,0.451583052959909,0.451583052959909,0.9680343561602847,0.9680343561602847,0.9680343561602847,-1.3343500654948521,-1.3343500654948521,-1.3343500654948521,-2.66012505951183,-2.66012505951183,-2.66012505951183,-1.4106197313974889,-1.4106197313974889,-1.4106197313974889,-0.00783830184388764,-0.00783830184388764,-0.00783830184388764,-0.08738660320654605,-0.08738660320654605,-0.08738660320654605,0.38526883213874547,0.38526883213874547,0.38526883213874547,-0.3622321705629271,-0.3622321705629271,-0.3622321705629271,-0.5676950771631846,-0.5676950771631846,-0.5676950771631846,-2.5925054289721956,-2.5925054289721956,-2.5925054289721956,0.0,0.0,0.0,46.373496249504825
136,2018-03-26 00:00:00,57.1521566622949,33.85178634304459,52.00752322465336,57.1521566622949,57.1521566622949,0.0,0.0,0.0,0.0,0.0,0.0,0.0,0.0,0.0,0.0,0.0,0.0,0.0,0.0,0.0,0.0,0.0,0.0,0.0,0.0,0.0,0.0,0.0,0.0,0.0,0.0,0.0,0.0,0.0,0.0,-14.33443467296957,-14.33443467296957,-14.33443467296957,-1.6236484799936122,-1.6236484799936122,-1.6236484799936122,0.06632024792632911,0.06632024792632911,0.06632024792632911,-9.884846029991753,-9.884846029991753,-9.884846029991753,-2.392142140369646,-2.392142140369646,-2.392142140369646,0.0,0.0,0.0,6.684441653906134e-05,6.684441653906134e-05,6.684441653906134e-05,0.7689641702088902,0.7689641702088902,0.7689641702088902,-2.203539316025962,-2.203539316025962,-2.203539316025962,-4.298718279077152,-4.298718279077152,-4.298718279077152,-1.6554766298898227,-1.6554766298898227,-1.6554766298898227,-0.37093741527470914,-0.37093741527470914,-0.37093741527470914,-0.08993056171757927,-0.08993056171757927,-0.08993056171757927,0.8110573055208571,0.8110573055208571,0.8110573055208571,-0.23460644210523207,-0.23460644210523207,-0.23460644210523207,-0.5205102557094965,-0.5205102557094965,-0.5205102557094965,-2.5913337208789735,-2.5913337208789735,-2.5913337208789735,0.0,0.0,0.0,42.81772198932533
137,2018-03-26 01:00:00,57.152234770215884,30.96855625853822,50.296504041795174,57.152234770215884,57.152234770215884,0.0,0.0,0.0,0.0,0.0,0.0,0.0,0.0,0.0,0.0,0.0,0.0,0.0,0.0,0.0,0.0,0.0,0.0,0.0,0.0,0.0,0.0,0.0,0.0,0.0,0.0,0.0,0.0,0.0,0.0,-16.288012646790897,-16.288012646790897,-16.288012646790897,-1.9201811812242175,-1.9201811812242175,-1.9201811812242175,0.060548320343793115,0.060548320343793115,0.060548320343793115,-11.668880212434184,-11.668880212434184,-11.668880212434184,-2.315370519795658,-2.315370519795658,-2.315370519795658,0.0,0.0,0.0,-0.45144936412683095,-0.45144936412683095,-0.45144936412683095,0.519768397866857,0.519768397866857,0.519768397866857,-2.913434919049379,-2.913434919049379,-2.913434919049379,-4.797420563292685,-4.797420563292685,-4.797420563292685,-1.8525565725787738,-1.8525565725787738,-1.8525565725787738,-0.43825974329683787,-0.43825974329683787,-0.43825974329683787,-0.09031215549423424,-0.09031215549423424,-0.09031215549423424,1.0812183626882934,1.0812183626882934,1.0812183626882934,-0.10877923455688335,-0.10877923455688335,-0.10877923455688335,-0.47161145569872986,-0.47161145569872986,-0.47161145569872986,-2.5901720185756147,-2.5901720185756147,-2.5901720185756147,0.0,0.0,0.0,40.86422212342499
138,2018-03-26 02:00:00,57.15231287813687,29.72522103405114,49.30048112313713,57.15231287813687,57.15231287813687,0.0,0.0,0.0,0.0,0.0,0.0,0.0,0.0,0.0,0.0,0.0,0.0,0.0,0.0,0.0,0.0,0.0,0.0,0.0,0.0,0.0,0.0,0.0,0.0,0.0,0.0,0.0,0.0,0.0,0.0,-17.130461747469298,-17.130461747469298,-17.130461747469298,-2.1355621066374244,-2.1355621066374244,-2.1355621066374244,0.05477639276125715,0.05477639276125715,0.05477639276125715,-12.420342495425365,-12.420342495425365,-12.420342495425365,-2.3401512327657423,-2.3401512327657423,-2.3401512327657423,0.0,0.0,0.0,-0.41040243607743365,-0.41040243607743365,-0.41040243607743365,0.62682232880115,0.62682232880115,0.62682232880115,-3.498665928371125,-3.498665928371125,-3.498665928371125,-4.868663746752047,-4.868663746752047,-4.868663746752047,-2.1033855905465306,-2.1033855905465306,-2.1033855905465306,-0.6369157931981989,-0.6369157931981989,-0.6369157931981989,-0.09050295238256173,-0.09050295238256173,-0.09050295238256173,1.2537308449759335,1.2537308449759335,1.2537308449759335,0.014463176410523557,0.014463176410523557,0.014463176410523557,-0.40698438187006736,-0.40698438187006736,-0.40698438187006736,-2.589020321817035,-2.589020321817035,-2.589020321817035,0.0,0.0,0.0,40.02185113066757
139,2018-03-26 03:00:00,57.15239098605785,30.72879718298514,49.57578884300241,57.15239098605785,57.15239098605785,0.0,0.0,0.0,0.0,0.0,0.0,0.0,0.0,0.0,0.0,0.0,0.0,0.0,0.0,0.0,0.0,0.0,0.0,0.0,0.0,0.0,0.0,0.0,0.0,0.0,0.0,0.0,0.0,0.0,0.0,-17.206399405989284,-17.206399405989284,-17.206399405989284,-2.10207777750371,-2.10207777750371,-2.10207777750371,0.04900446517872116,0.04900446517872116,0.04900446517872116,-12.65080911360229,-12.65080911360229,-12.65080911360229,-2.400888274359087,-2.400888274359087,-2.400888274359087,0.0,0.0,0.0,-0.36935550802803635,-0.36935550802803635,-0.36935550802803635,0.6182293711341833,0.6182293711341833,0.6182293711341833,-3.616404711311592,-3.616404711311592,-3.616404711311592,-4.764718774163797,-4.764718774163797,-4.764718774163797,-2.3064376527109047,-2.3064376527109047,-2.3064376527109047,-0.7119636342720465,-0.7119636342720465,-0.7119636342720465,-0.0904393534197859,-0.0904393534197859,-0.0904393534197859,1.3041826086638284,1.3041826086638284,1.3041826086638284,0.1343661146416111,0.1343661146416111,0.1343661146416111,-0.3620176503137748,-0.3620176503137748,-0.3620176503137748,-2.5878786295248903,-2.5878786295248903,-2.5878786295248903,0.0,0.0,0.0,39.945991580068565
140,2018-03-26 04:00:00,57.15246909397884,34.782027143819306,53.73267470735338,57.15246909397884,57.15246909397884,0.0,0.0,0.0,0.0,0.0,0.0,0.0,0.0,0.0,0.0,0.0,0.0,0.0,0.0,0.0,0.0,0.0,0.0,0.0,0.0,0.0,0.0,0.0,0.0,0.0,0.0,0.0,0.0,0.0,0.0,-13.475943319830215,-13.475943319830215,-13.475943319830215,-1.64470787129994,-1.64470787129994,-1.64470787129994,0.04323253759618518,0.04323253759618518,0.04323253759618518,-9.49470160345617,-9.49470160345617,-9.49470160345617,-2.318285897792139,-2.318285897792139,-2.318285897792139,0.0,0.0,0.0,-0.3283085799786391,-0.3283085799786391,-0.3283085799786391,0.9734049547021391,0.9734049547021391,0.9734049547021391,-2.542904043324961,-2.542904043324961,-2.542904043324961,-4.271856095149851,-4.271856095149851,-4.271856095149851,-1.3941964028400764,-1.3941964028400764,-1.3941964028400764,-0.5210330974224051,-0.5210330974224051,-0.5210330974224051,-0.09037575445701009,-0.09037575445701009,-0.09037575445701009,1.2407110349919606,1.2407110349919606,1.2407110349919606,0.2502130947093157,0.2502130947093157,0.2502130947093157,-0.28509025978137303,-0.28509025978137303,-0.28509025978137303,-2.5867469397834224,-2.5867469397834224,-2.5867469397834224,0.0,0.0,0.0,43.67652577414862
141,2018-03-26 05:00:00,57.15254720189982,38.74420804577394,57.412800267189255,57.15254720189982,57.15254720189982,0.0,0.0,0.0,0.0,0.0,0.0,0.0,0.0,0.0,0.0,0.0,0.0,0.0,0.0,0.0,0.0,0.0,0.0,0.0,0.0,0.0,0.0,0.0,0.0,0.0,0.0,0.0,0.0,0.0,0.0,-9.353793627143235,-9.353793627143235,-9.353793627143235,-0.8092343703781527,-0.8092343703781527,-0.8092343703781527,0.037460610013649184,0.037460610013649184,0.037460610013649184,-6.320265991160938,-6.320265991160938,-6.320265991160938,-2.2434578625491377,-2.2434578625491377,-2.2434578625491377,0.0,0.0,0.0,-0.28726165192924186,-0.28726165192924186,-0.28726165192924186,1.1409676292079889,1.1409676292079889,1.1409676292079889,-2.3351297204888404,-2.3351297204888404,-2.3351297204888404,-2.5339895871575493,-2.5339895871575493,-2.5339895871575493,-1.1911443406757023,-1.1911443406757023,-1.1911443406757023,0.29014577300815386,0.29014577300815386,0.29014577300815386,-0.08986696275480344,-0.08986696275480344,-0.08986696275480344,1.1155987984272218,1.1155987984272218,1.1155987984272218,0.3613319842246869,0.3613319842246869,0.3613319842246869,-0.22358867626267695,-0.22358867626267695,-0.22358867626267695,-2.585625249828829,-2.585625249828829,-2.585625249828829,0.0,0.0,0.0,47.79875357475659
142,2018-03-26 06:00:00,57.152625309820806,47.469836734322904,66.22349657103084,57.152625309820806,57.152625309820806,0.0,0.0,0.0,0.0,0.0,0.0,0.0,0.0,0.0,0.0,0.0,0.0,0.0,0.0,0.0,0.0,0.0,0.0,0.0,0.0,0.0,0.0,0.0,0.0,0.0,0.0,0.0,0.0,0.0,0.0,-0.03168395645017784,-0.03168395645017784,-0.03168395645017784,0.10966702397542329,0.10966702397542329,0.10966702397542329,0.031688682431113196,0.031688682431113196,0.031688682431113196,1.9760619021726633,1.9760619021726633,1.9760619021726633,-2.2347117285596965,-2.2347117285596965,-2.2347117285596965,0.0,0.0,0.0,-0.24621472387984458,-0.24621472387984458,-0.24621472387984458,1.1756974997786458,1.1756974997786458,1.1756974997786458,1.8238196416142063,1.8238196416142063,1.8238196416142063,-0.581225607746845,-0.581225607746845,-0.581225607746845,0.07046589850735833,0.07046589850735833,0.07046589850735833,1.160921458409122,1.160921458409122,1.160921458409122,-0.0872594052809944,-0.0872594052809944,-0.0872594052809944,1.0706397670763155,1.0706397670763155,1.0706397670763155,0.46710067345549816,0.46710067345549816,0.46710067345549816,-0.2077595801767175,-0.2077595801767175,-0.2077595801767175,-2.5845135560537624,-2.5845135560537624,-2.5845135560537624,0.0,0.0,0.0,57.120941353370625
143,2018-03-26 07:00:00,57.15270341774179,54.1235477542322,72.61620323259439,57.15270341774179,57.15270341774179,0.0,0.0,0.0,0.0,0.0,0.0,0.0,0.0,0.0,0.0,0.0,0.0,0.0,0.0,0.0,0.0,0.0,0.0,0.0,0.0,0.0,0.0,0.0,0.0,0.0,0.0,0.0,0.0,0.0,0.0,6.262386578455331,6.262386578455331,6.262386578455331,0.7791717856510866,0.7791717856510866,0.7791717856510866,0.025916754848577236,0.025916754848577236,0.025916754848577236,7.499674452758654,7.499674452758654,7.499674452758654,-2.2638655085245016,-2.2638655085245016,-2.2638655085245016,0.0,0.0,0.0,-0.20516779583044728,-0.20516779583044728,-0.20516779583044728,1.2616270764483124,1.2616270764483124,1.2616270764483124,5.068561983238314,5.068561983238314,5.068561983238314,0.03426878050042801,0.03426878050042801,0.03426878050042801,1.524676990772802,1.524676990772802,1.524676990772802,1.5979647681921165,1.5979647681921165,1.5979647681921165,-0.05736789277635422,-0.05736789277635422,-0.05736789277635422,0.7191048975090489,0.7191048975090489,0.7191048975090489,0.5669521940457369,0.5669521940457369,0.5669521940457369,-0.20604560161963906,-0.20604560161963906,-0.20604560161963906,-2.5834118540001474,-2.5834118540001474,-2.5834118540001474,0.0,0.0,0.0,63.415089996197125
144,2018-03-26 08:00:00,57.216001200026454,53.753000277514374,72.45729345552836,57.216001200026454,57.216001200026454,0.0,0.0,0.0,0.0,0.0,0.0,0.0,0.0,0.0,0.0,0.0,0.0,0.0,0.0,0.0,0.0,0.0,0.0,0.0,0.0,0.0,0.0,0.0,0.0,0.0,0.0,0.0,0.0,0.0,0.0,6.18968042894734,6.18968042894734,6.18968042894734,0.9938941060019756,0.9938941060019756,0.9938941060019756,0.022474337278534116,0.022474337278534116,0.022474337278534116,6.913315829940284,6.913315829940284,6.913315829940284,-2.3071729027523062,-2.3071729027523062,-2.3071729027523062,0.0,0.0,0.0,-0.1341809453894037,-0.1341809453894037,-0.1341809453894037,1.3838009097347157,1.3838009097347157,1.3838009097347157,4.116426919973036,4.116426919973036,4.116426919973036,-0.05738344154560178,-0.05738344154560178,-0.05738344154560178,2.010600444445783,2.010600444445783,2.010600444445783,1.7560925060056312,1.7560925060056312,1.7560925060056312,-0.012119996128204124,-0.012119996128204124,-0.012119996128204124,0.29308139690636714,0.29308139690636714,0.29308139690636714,0.6754532006339671,0.6754532006339671,0.6754532006339671,-0.1583033985882672,-0.1583033985882672,-0.1583033985882672,-2.3929827076288874,-2.3929827076288874,-2.3929827076288874,0.0,0.0,0.0,63.405681628973795
145,2018-03-26 09:00:00,57.21609163924342,50.280534062011824,69.60678999490463,57.21609163924342,57.21609163924342,0.0,0.0,0.0,0.0,0.0,0.0,0.0,0.0,0.0,0.0,0.0,0.0,0.0,0.0,0.0,0.0,0.0,0.0,0.0,0.0,0.0,0.0,0.0,0.0,0.0,0.0,0.0,0.0,0.0,0.0,2.864808156111462,2.864808156111462,2.864808156111462,1.0341613937287497,1.0341613937287497,1.0341613937287497,0.016017310735496622,0.016017310735496622,0.016017310735496622,3.4645227854935534,3.4645227854935534,3.4645227854935534,-2.309705123357692,-2.309705123357692,-2.309705123357692,0.0,0.0,0.0,-0.10062205833954307,-0.10062205833954307,-0.10062205833954307,1.118354629297348,1.118354629297348,1.118354629297348,1.4672311505381737,1.4672311505381737,1.4672311505381737,-0.29733989040369047,-0.29733989040369047,-0.29733989040369047,1.9082073343124626,1.9082073343124626,1.9082073343124626,1.8029543564533523,1.8029543564533523,1.8029543564533523,0.040379565327898534,0.040379565327898534,0.040379565327898534,-0.02427751967099531,-0.02427751967099531,-0.02427751967099531,0.7579223663580776,0.7579223663580776,0.7579223663580776,-0.156676969399258,-0.156676969399258,-0.156676969399258,-2.3917983894689185,-2.3917983894689185,-2.3917983894689185,0.0,0.0,0.0,60.08089979535489
146,2018-03-26 10:00:00,57.216182078460385,49.21008174751178,68.02201371313026,57.216182078460385,57.216182078460385,0.0,0.0,0.0,0.0,0.0,0.0,0.0,0.0,0.0,0.0,0.0,0.0,0.0,0.0,0.0,0.0,0.0,0.0,0.0,0.0,0.0,0.0,0.0,0.0,0.0,0.0,0.0,0.0,0.0,0.0,1.4335920498067163,1.4335920498067163,1.4335920498067163,1.0132513527703129,1.0132513527703129,1.0132513527703129,0.009560284192459126,0.009560284192459126,0.009560284192459126,1.9777189107488387,1.9777189107488387,1.9777189107488387,-2.269189593671516,-2.269189593671516,-2.269189593671516,0.0,0.0,0.0,-0.06706317128968245,-0.06706317128968245,-0.06706317128968245,0.8517575701875639,0.8517575701875639,0.8517575701875639,0.739314743612876,0.739314743612876,0.739314743612876,-0.4354280355012699,-0.4354280355012699,-0.4354280355012699,1.623951834539366,1.623951834539366,1.623951834539366,1.7023728237850724,1.7023728237850724,1.7023728237850724,0.08002392594800346,0.08002392594800346,0.08002392594800346,-0.09285367716918062,-0.09285367716918062,-0.09285367716918062,0.8332484349515336,0.8332484349515336,0.8332484349515336,-0.16472779388485354,-0.16472779388485354,-0.16472779388485354,-2.390626648663968,-2.390626648663968,-2.390626648663968,0.0,0.0,0.0,58.649774128267104
147,2018-03-26 11:00:00,57.21627251767736,47.43472816091635,66.8446446354456,57.21627251767736,57.21627251767736,0.0,0.0,0.0,0.0,0.0,0.0,0.0,0.0,0.0,0.0,0.0,0.0,0.0,0.0,0.0,0.0,0.0,0.0,0.0,0.0,0.0,0.0,0.0,0.0,0.0,0.0,0.0,0.0,0.0,0.0,-0.30838281214381413,-0.30838281214381413,-0.30838281214381413,0.9550074720615794,0.9550074720615794,0.9550074720615794,0.003103257649421646,0.003103257649421646,0.003103257649421646,0.22492833696706513,0.22492833696706513,0.22492833696706513,-2.3112244557209234,-2.3112244557209234,-2.3112244557209234,0.0,0.0,0.0,-0.033504284239821824,-0.033504284239821824,-0.033504284239821824,0.920804290532544,0.920804290532544,0.920804290532544,-0.5170409779553057,-0.5170409779553057,-0.5170409779553057,-0.34374656211681187,-0.34374656211681187,-0.34374656211681187,1.078364665620036,1.078364665620036,1.078364665620036,1.6086491228896287,1.6086491228896287,1.6086491228896287,0.08631668160198838,0.08631668160198838,0.08631668160198838,-0.11637818427211799,-0.11637818427211799,-0.11637818427211799,0.9011488562923702,0.9011488562923702,0.9011488562923702,-0.15041521702157257,-0.15041521702157257,-0.15041521702157257,-2.3894674774648283,-2.3894674774648283,-2.3894674774648283,0.0,0.0,0.0,56.90788970553355
148,2018-03-26 12:00:00,57.21636295689432,46.23846486102254,64.89957503450097,57.21636295689432,57.21636295689432,0.0,0.0,0.0,0.0,0.0,0.0,0.0,0.0,0.0,0.0,0.0,0.0,0.0,0.0,0.0,0.0,0.0,0.0,0.0,0.0,0.0,0.0,0.0,0.0,0.0,0.0,0.0,0.0,0.0,0.0,-1.7908005876736794,-1.7908005876736794,-1.7908005876736794,0.742353936012723,0.742353936012723,0.742353936012723,-0.0033537688936158493,-0.0033537688936158493,-0.0033537688936158493,-1.1062439818900038,-1.1062439818900038,-1.1062439818900038,-2.2772926996087515,-2.2772926996087515,-2.2772926996087515,0.0,0.0,0.0,5.460281003880327e-05,5.460281003880327e-05,5.460281003880327e-05,0.8325779256472917,0.8325779256472917,0.8325779256472917,-0.9579903398427478,-0.9579903398427478,-0.9579903398427478,-0.7342417265320977,-0.7342417265320977,-0.7342417265320977,0.8185612518489256,0.8185612518489256,0.8185612518489256,1.392627422045254,1.392627422045254,1.392627422045254,0.08469854443382083,0.08469854443382083,0.08469854443382083,-0.0830887874283387,-0.0830887874283387,-0.0830887874283387,0.961410325374664,0.961410325374664,0.961410325374664,-0.1787964063697831,-0.1787964063697831,-0.1787964063697831,-2.3883208671710627,-2.3883208671710627,-2.3883208671710627,0.0,0.0,0.0,55.42556236922064
149,2018-03-26 13:00:00,57.2164533961113,45.05277870670019,62.945202610068826,57.2164533961113,57.2164533961113,0.0,0.0,0.0,0.0,0.0,0.0,0.0,0.0,0.0,0.0,0.0,0.0,0.0,0.0,0.0,0.0,0.0,0.0,0.0,0.0,0.0,0.0,0.0,0.0,0.0,0.0,0.0,0.0,0.0,0.0,-3.0683359262504313,-3.0683359262504313,-3.0683359262504313,0.31936758959856903,0.31936758959856903,0.31936758959856903,-0.00981079543665333,-0.00981079543665333,-0.00981079543665333,-2.014406273988275,-2.014406273988275,-2.014406273988275,-2.34616910007525,-2.34616910007525,-2.34616910007525,0.0,0.0,0.0,0.033613489859899426,0.033613489859899426,0.033613489859899426,0.5786394319340874,0.5786394319340874,0.5786394319340874,-1.346445730076921,-1.346445730076921,-1.346445730076921,-1.0024949264347731,-1.0024949264347731,-1.0024949264347731,0.6718487358370046,0.6718487358370046,0.6718487358370046,1.356052319256789,1.356052319256789,1.356052319256789,0.08604699207396045,0.08604699207396045,0.08604699207396045,0.17856587176376643,0.17856587176376643,0.17856587176376643,1.0138895662688898,1.0138895662688898,1.0138895662688898,-0.21425256269018372,-0.21425256269018372,-0.21425256269018372,-2.3871868081296164,-2.3871868081296164,-2.3871868081296164,0.0,0.0,0.0,54.148117469860864
150,2018-03-26 14:00:00,57.21654383532827,43.938759639606744,62.0854415734677,57.21654383532827,57.21654383532827,0.0,0.0,0.0,0.0,0.0,0.0,0.0,0.0,0.0,0.0,0.0,0.0,0.0,0.0,0.0,0.0,0.0,0.0,0.0,0.0,0.0,0.0,0.0,0.0,0.0,0.0,0.0,0.0,0.0,0.0,-3.9974822675539285,-3.9974822675539285,-3.9974822675539285,-0.13568563970686182,-0.13568563970686182,-0.13568563970686182,-0.016267821979690823,-0.016267821979690823,-0.016267821979690823,-2.5342447266641095,-2.5342447266641095,-2.5342447266641095,-2.3795944120663455,-2.3795944120663455,-2.3795944120663455,0.0,0.0,0.0,0.06717237690976006,0.06717237690976006,0.06717237690976006,0.5437324788707918,0.5437324788707918,0.5437324788707918,-1.9728737918059036,-1.9728737918059036,-1.9728737918059036,-1.050033468189678,-1.050033468189678,-1.050033468189678,0.7635440583444553,0.7635440583444553,0.7635440583444553,1.2794731977934393,1.2794731977934393,1.2794731977934393,0.07139386105110987,0.07139386105110987,0.07139386105110987,0.42623898428148427,0.42623898428148427,0.42623898428148427,1.058513388552363,1.058513388552363,1.058513388552363,-0.26703018987353233,-0.26703018987353233,-0.26703018987353233,-2.3860652897353205,-2.3860652897353205,-2.3860652897353205,0.0,0.0,0.0,53.21906156777434
151,2018-03-26 15:00:00,57.21663427454523,43.549717370273775,61.834011257675975,57.21663427454523,57.21663427454523,0.0,0.0,0.0,0.0,0.0,0.0,0.0,0.0,0.0,0.0,0.0,0.0,0.0,0.0,0.0,0.0,0.0,0.0,0.0,0.0,0.0,0.0,0.0,0.0,0.0,0.0,0.0,0.0,0.0,0.0,-4.599666177985406,-4.599666177985406,-4.599666177985406,-0.2789737439478431,-0.2789737439478431,-0.2789737439478431,-0.022724848522728318,-0.022724848522728318,-0.022724848522728318,-3.0310141565254796,-3.0310141565254796,-3.0310141565254796,-2.4378354859902234,-2.4378354859902234,-2.4378354859902234,0.0,0.0,0.0,0.10073126395962069,0.10073126395962069,0.10073126395962069,0.5291559490201849,0.5291559490201849,0.5291559490201849,-2.5748046667633613,-2.5748046667633613,-2.5748046667633613,-0.9334508538859834,-0.9334508538859834,-0.9334508538859834,0.8307872948499199,0.8307872948499199,0.8307872948499199,1.1423165623366929,1.1423165623366929,1.1423165623366929,0.07912496085457704,0.07912496085457704,0.07912496085457704,0.55207290435097,0.55207290435097,0.55207290435097,1.0952780229111987,1.0952780229111987,1.0952780229111987,-0.29638723673514833,-0.29638723673514833,-0.29638723673514833,-2.384956300423282,-2.384956300423282,-2.384956300423282,0.0,0.0,0.0,52.61696809655982
152,2018-03-26 16:00:00,57.216724713762204,44.527695232669075,63.04304368856457,57.216724713762204,57.216724713762204,0.0,0.0,0.0,0.0,0.0,0.0,0.0,0.0,0.0,0.0,0.0,0.0,0.0,0.0,0.0,0.0,0.0,0.0,0.0,0.0,0.0,0.0,0.0,0.0,0.0,0.0,0.0,0.0,0.0,0.0,-3.1941419949994936,-3.1941419949994936,-3.1941419949994936,0.11371795798384474,0.11371795798384474,0.11371795798384474,-0.029181875065765805,-0.029181875065765805,-0.029181875065765805,-2.0482478760285834,-2.0482478760285834,-2.0482478760285834,-2.4742994627077817,-2.4742994627077817,-2.4742994627077817,0.0,0.0,0.0,0.13429015100948133,0.13429015100948133,0.13429015100948133,0.5751870959168384,0.5751870959168384,0.5751870959168384,-2.252841640623325,-2.252841640623325,-2.252841640623325,-0.5678568303899324,-0.5678568303899324,-0.5678568303899324,0.8384285717255403,0.8384285717255403,0.8384285717255403,1.3971993098938127,1.3971993098938127,1.3971993098938127,0.057909384649713645,0.057909384649713645,0.057909384649713645,0.5505193991649269,0.5505193991649269,0.5505193991649269,1.124247750714918,1.124247750714918,1.124247750714918,-0.2776019796020921,-0.2776019796020921,-0.2776019796020921,-2.383859827669673,-2.383859827669673,-2.383859827669673,0.0,0.0,0.0,54.02258271876271
153,2018-03-26 17:00:00,57.216815152979166,49.48469087895005,68.88681010588154,57.216815152979166,57.216815152979166,0.0,0.0,0.0,0.0,0.0,0.0,0.0,0.0,0.0,0.0,0.0,0.0,0.0,0.0,0.0,0.0,0.0,0.0,0.0,0.0,0.0,0.0,0.0,0.0,0.0,0.0,0.0,0.0,0.0,0.0,1.4107739726368764,1.4107739726368764,1.4107739726368764,0.9021188907314792,0.9021188907314792,0.9021188907314792,-0.0356389016088033,-0.0356389016088033,-0.0356389016088033,1.745878089504164,1.745878089504164,1.745878089504164,-2.3917490709721982,-2.3917490709721982,-2.3917490709721982,0.0,0.0,0.0,0.16784903805934193,0.16784903805934193,0.16784903805934193,1.1689888908836668,1.1689888908836668,1.1689888908836668,-1.3954401036199704,-1.3954401036199704,-1.3954401036199704,0.405551405543825,0.405551405543825,0.405551405543825,1.7630230736756676,1.7630230736756676,1.7630230736756676,1.904678861083772,1.904678861083772,1.904678861083772,0.005949202249666825,0.005949202249666825,0.005949202249666825,0.35699703884642336,0.35699703884642336,0.35699703884642336,1.1455528503872543,1.1455528503872543,1.1455528503872543,-0.2043313446372276,-0.2043313446372276,-0.2043313446372276,-2.3827758579860205,-2.3827758579860205,-2.3827758579860205,0.0,0.0,0.0,58.62758912561604
154,2018-03-26 18:00:00,57.21690559219614,54.85617240013124,73.54654961913369,57.21690559219614,57.21690559219614,0.0,0.0,0.0,0.0,0.0,0.0,0.0,0.0,0.0,0.0,0.0,0.0,0.0,0.0,0.0,0.0,0.0,0.0,0.0,0.0,0.0,0.0,0.0,0.0,0.0,0.0,0.0,0.0,0.0,0.0,7.730038823773089,7.730038823773089,7.730038823773089,1.6233658240056243,1.6233658240056243,1.6233658240056243,-0.042095928151840774,-0.042095928151840774,-0.042095928151840774,7.32899048570724,7.32899048570724,7.32899048570724,-1.9232882589757898,-1.9232882589757898,-1.9232882589757898,0.0,0.0,0.0,0.20140792510920258,0.20140792510920258,0.20140792510920258,2.0735009274029057,2.0735009274029057,2.0735009274029057,0.3438601571582685,0.3438601571582685,0.3438601571582685,2.1010927281354155,2.1010927281354155,2.1010927281354155,2.6845610648755462,2.6845610648755462,2.6845610648755462,2.267000973082009,2.267000973082009,2.267000973082009,-0.06929417607012416,-0.06929417607012416,-0.06929417607012416,-0.20426219193969528,-0.20426219193969528,-0.20426219193969528,1.15938689097774,1.15938689097774,1.15938689097774,-0.10349273491865711,-0.10349273491865711,-0.10349273491865711,-2.3817043769175155,-2.3817043769175155,-2.3817043769175155,0.0,0.0,0.0,64.94694441596923
155,2018-03-26 19:00:00,57.2169960314131,58.84103605261728,77.86593609052022,57.2169960314131,57.2169960314131,0.0,0.0,0.0,0.0,0.0,0.0,0.0,0.0,0.0,0.0,0.0,0.0,0.0,0.0,0.0,0.0,0.0,0.0,0.0,0.0,0.0,0.0,0.0,0.0,0.0,0.0,0.0,0.0,0.0,0.0,11.030995570201062,11.030995570201062,11.030995570201062,1.812348981279206,1.812348981279206,1.812348981279206,-0.048552954694878275,-0.048552954694878275,-0.048552954694878275,10.433288547421872,10.433288547421872,10.433288547421872,-1.889356502863617,-1.889356502863617,-1.889356502863617,0.0,0.0,0.0,0.2349668121590632,0.2349668121590632,0.2349668121590632,2.613599717656972,2.613599717656972,2.613599717656972,2.377126659194797,2.377126659194797,2.377126659194797,2.7937971937068804,2.7937971937068804,2.7937971937068804,2.4889443768596515,2.4889443768596515,2.4889443768596515,2.77105160838555,2.77105160838555,2.77105160838555,-0.09581364632620341,-0.09581364632620341,-0.09581364632620341,-0.744438138058087,-0.744438138058087,-0.744438138058087,1.166003410542411,1.166003410542411,1.166003410542411,-0.06803657859825654,-0.06803657859825654,-0.06803657859825654,-2.3806453690424263,-2.3806453690424263,-2.3806453690424263,0.0,0.0,0.0,68.24799160161416
156,2018-03-26 20:00:00,57.21708647063008,54.01411147845198,72.93033162968992,57.21708647063008,57.21708647063008,0.0,0.0,0.0,0.0,0.0,0.0,0.0,0.0,0.0,0.0,0.0,0.0,0.0,0.0,0.0,0.0,0.0,0.0,0.0,0.0,0.0,0.0,0.0,0.0,0.0,0.0,0.0,0.0,0.0,0.0,6.1860991657061595,6.1860991657061595,6.1860991657061595,1.3332627204354435,1.3332627204354435,1.3332627204354435,-0.05500998123791577,-0.05500998123791577,-0.05500998123791577,6.06672323949006,6.06672323949006,6.06672323949006,-1.9719068945992007,-1.9719068945992007,-1.9719068945992007,0.0,0.0,0.0,0.26852569920892383,0.26852569920892383,0.26852569920892383,2.1759202292479594,2.1759202292479594,2.1759202292479594,1.1137717414061787,1.1137717414061787,1.1137717414061787,2.4881922824253517,2.4881922824253517,2.4881922824253517,0.9774998108618398,0.9774998108618398,0.9774998108618398,1.8372435153175384,1.8372435153175384,1.8372435153175384,-0.10336495311098529,-0.10336495311098529,-0.10336495311098529,-0.5560201519222964,-0.5560201519222964,-0.5560201519222964,1.165712023742891,1.165712023742891,1.165712023742891,-0.10812805810733335,-0.10812805810733335,-0.10812805810733335,-2.3795988179622367,-2.3795988179622367,-2.3795988179622367,0.0,0.0,0.0,63.40318563633624
157,2018-03-26 21:00:00,57.21717690984705,47.480865183895496,66.49696273915208,57.21717690984705,57.21717690984705,0.0,0.0,0.0,0.0,0.0,0.0,0.0,0.0,0.0,0.0,0.0,0.0,0.0,0.0,0.0,0.0,0.0,0.0,0.0,0.0,0.0,0.0,0.0,0.0,0.0,0.0,0.0,0.0,0.0,0.0,-0.29440863003687817,-0.29440863003687817,-0.29440863003687817,0.44164865427975913,0.44164865427975913,0.44164865427975913,-0.06146700778095326,-0.06146700778095326,-0.06146700778095326,0.4836334128399866,0.4836334128399866,0.4836334128399866,-2.190184310783473,-2.190184310783473,-2.190184310783473,0.0,0.0,0.0,0.3020845862587845,0.3020845862587845,0.3020845862587845,1.256448069987308,1.256448069987308,1.256448069987308,-1.1959630113375568,-1.1959630113375568,-1.1959630113375568,0.8594312922989837,0.8594312922989837,0.8594312922989837,0.43649740806788156,0.43649740806788156,0.43649740806788156,1.5274981135777215,1.5274981135777215,1.5274981135777215,-0.10983750178365548,-0.10983750178365548,-0.10983750178365548,-0.1802938262121742,-0.1802938262121742,-0.1802938262121742,1.1588740091523373,1.1588740091523373,1.1588740091523373,-0.16058039945288008,-0.16058039945288008,-0.16058039945288008,-2.3785647063089614,-2.3785647063089614,-2.3785647063089614,0.0,0.0,0.0,56.92276827981017
158,2018-03-26 22:00:00,57.21726734906401,43.955266134989486,62.45534680064656,57.21726734906401,57.21726734906401,0.0,0.0,0.0,0.0,0.0,0.0,0.0,0.0,0.0,0.0,0.0,0.0,0.0,0.0,0.0,0.0,0.0,0.0,0.0,0.0,0.0,0.0,0.0,0.0,0.0,0.0,0.0,0.0,0.0,0.0,-3.811627378539315,-3.811627378539315,-3.811627378539315,-0.45740490430991315,-0.45740490430991315,-0.45740490430991315,-0.06792403432399075,-0.06792403432399075,-0.06792403432399075,-2.1225768908320917,-2.1225768908320917,-2.1225768908320917,-2.2170258492005646,-2.2170258492005646,-2.2170258492005646,0.0,0.0,0.0,0.3356434733086451,0.3356434733086451,0.3356434733086451,0.7953694152391636,0.7953694152391636,0.7953694152391636,-2.536309087550966,-2.536309087550966,-2.536309087550966,0.20634227818993922,0.20634227818993922,0.20634227818993922,-0.07088337647334508,-0.07088337647334508,-0.07088337647334508,1.356052319256789,1.356052319256789,1.356052319256789,-0.11451212026947286,-0.11451212026947286,-0.11451212026947286,0.3534461698497535,0.3534461698497535,0.3534461698497535,1.1458974323397253,1.1458974323397253,1.1458974323397253,-0.1627760788580425,-0.1627760788580425,-0.1627760788580425,-2.3775430157370354,-2.3775430157370354,-2.3775430157370354,0.0,0.0,0.0,53.405639970524696
159,2018-03-26 23:00:00,57.217357788280985,38.2312000331847,57.821280233717296,57.217357788280985,57.217357788280985,0.0,0.0,0.0,0.0,0.0,0.0,0.0,0.0,0.0,0.0,0.0,0.0,0.0,0.0,0.0,0.0,0.0,0.0,0.0,0.0,0.0,0.0,0.0,0.0,0.0,0.0,0.0,0.0,0.0,0.0,-9.095669879999084,-9.095669879999084,-9.095669879999084,-1.1187732302796058,-1.1187732302796058,-1.1187732302796058,-0.07438106086702825,-0.07438106086702825,-0.07438106086702825,-6.727594788390157,-6.727594788390157,-6.727594788390157,-2.1932229755099364,-2.1932229755099364,-2.1932229755099364,0.0,0.0,0.0,0.36920236035850573,0.36920236035850573,0.36920236035850573,0.5962847049111378,0.5962847049111378,0.5962847049111378,-4.888039017617314,-4.888039017617314,-4.888039017617314,-0.34487843215859515,-0.34487843215859515,-0.34487843215859515,-1.444784958709979,-1.444784958709979,-1.444784958709979,0.718273964382921,0.718273964382921,0.718273964382921,-0.11909684224594756,-0.11909684224594756,-0.11909684224594756,0.8081793307357785,0.8081793307357785,0.8081793307357785,1.127231865588893,1.127231865588893,1.127231865588893,-0.15513186166969928,-0.15513186166969928,-0.15513186166969928,-2.3765337269182156,-2.3765337269182156,-2.3765337269182156,0.0,0.0,0.0,48.1216879082819
160,2018-03-27 00:00:00,57.217448227497954,35.7359447814984,55.56284308126029,57.217448227497954,57.217448227497954,0.0,0.0,0.0,0.0,0.0,0.0,0.0,0.0,0.0,0.0,0.0,0.0,0.0,0.0,0.0,0.0,0.0,0.0,0.0,0.0,0.0,0.0,0.0,0.0,0.0,0.0,0.0,0.0,0.0,0.0,-11.451684452648736,-11.451684452648736,-11.451684452648736,-1.5593862879963827,-1.5593862879963827,-1.5593862879963827,-0.08083808741006572,-0.08083808741006572,-0.08083808741006572,-8.620124114268968,-8.620124114268968,-8.620124114268968,-2.2676702613082846,-2.2676702613082846,-2.2676702613082846,0.0,0.0,0.0,5.460281003880327e-05,5.460281003880327e-05,5.460281003880327e-05,0.5402801428535429,0.5402801428535429,0.5402801428535429,-5.0175241476953705,-5.0175241476953705,-5.0175241476953705,-1.0602202985657285,-1.0602202985657285,-1.0602202985657285,-1.8543573992432583,-1.8543573992432583,-1.8543573992432583,0.296517310353427,0.296517310353427,0.296517310353427,-0.12089477243280039,-0.12089477243280039,-0.12089477243280039,1.0986848005258256,1.0986848005258256,1.0986848005258256,1.1033627691629202,1.1033627691629202,1.1033627691629202,-0.15415600415629374,-0.15415600415629374,-0.15415600415629374,-2.375536819546306,-2.375536819546306,-2.375536819546306,0.0,0.0,0.0,45.76576377484922
161,2018-03-27 01:00:00,57.21753866671492,33.64487493282943,52.65065100135459,57.21753866671492,57.21753866671492,0.0,0.0,0.0,0.0,0.0,0.0,0.0,0.0,0.0,0.0,0.0,0.0,0.0,0.0,0.0,0.0,0.0,0.0,0.0,0.0,0.0,0.0,0.0,0.0,0.0,0.0,0.0,0.0,0.0,0.0,-14.157596071534469,-14.157596071534469,-14.157596071534469,-1.8975686659129865,-1.8975686659129865,-1.8975686659129865,-0.08083808741006572,-0.08083808741006572,-0.08083808741006572,-10.960280735623506,-10.960280735623506,-10.960280735623506,-2.3557915383757173,-2.3557915383757173,-2.3557915383757173,0.0,0.0,0.0,-0.36909315473842813,-0.36909315473842813,-0.36909315473842813,0.4133108959969406,0.4133108959969406,0.4133108959969406,-5.745440554620672,-5.745440554620672,-5.745440554620672,-1.5672980772847085,-1.5672980772847085,-1.5672980772847085,-1.9964851491298063,-1.9964851491298063,-1.9964851491298063,-0.2052473810258341,-0.2052473810258341,-0.2052473810258341,-0.12089477243280039,-0.12089477243280039,-0.12089477243280039,1.2402757017680335,1.2402757017680335,1.2402757017680335,1.074805602331434,1.074805602331434,1.074805602331434,-0.17277861837044908,-0.17277861837044908,-0.17277861837044908,-2.374552272329411,-2.374552272329411,-2.374552272329411,0.0,0.0,0.0,43.05994259518045
162,2018-03-27 02:00:00,57.21762910593189,32.57296162474814,51.62053401535646,57.21762910593189,57.21762910593189,0.0,0.0,0.0,0.0,0.0,0.0,0.0,0.0,0.0,0.0,0.0,0.0,0.0,0.0,0.0,0.0,0.0,0.0,0.0,0.0,0.0,0.0,0.0,0.0,0.0,0.0,0.0,0.0,0.0,0.0,-14.973943246485721,-14.973943246485721,-14.973943246485721,-2.1300964567712284,-2.1300964567712284,-2.1300964567712284,-0.08083808741006572,-0.08083808741006572,-0.08083808741006572,-11.512366461417567,-11.512366461417567,-11.512366461417567,-2.4246679388422163,-2.4246679388422163,-2.4246679388422163,0.0,0.0,0.0,-0.3355342676885675,-0.3355342676885675,-0.3355342676885675,0.3948984372382793,0.3948984372382793,0.3948984372382793,-5.8889240771396,-5.8889240771396,-5.8889240771396,-1.7653753345968102,-1.7653753345968102,-1.7653753345968102,-2.1126325576392446,-2.1126325576392446,-2.1126325576392446,-0.2532522034356954,-0.2532522034356954,-0.2532522034356954,-0.12089477243280039,-0.12089477243280039,-0.12089477243280039,1.2538133898178372,1.2538133898178372,1.2538133898178372,1.0420997346937295,1.0420997346937295,1.0420997346937295,-0.17895904928868406,-0.17895904928868406,-0.17895904928868406,-2.3735800629906523,-2.3735800629906523,-2.3735800629906523,0.0,0.0,0.0,42.243685859446174
163,2018-03-27 03:00:00,57.21771954514886,32.49277641608865,51.568789446077076,57.21771954514886,57.21771954514886,0.0,0.0,0.0,0.0,0.0,0.0,0.0,0.0,0.0,0.0,0.0,0.0,0.0,0.0,0.0,0.0,0.0,0.0,0.0,0.0,0.0,0.0,0.0,0.0,0.0,0.0,0.0,0.0,0.0,0.0,-15.519469876889163,-15.519469876889163,-15.519469876889163,-2.0897396000592554,-2.0897396000592554,-2.0897396000592554,-0.08083808741006572,-0.08083808741006572,-0.08083808741006572,-12.062912338514842,-12.062912338514842,-12.062912338514842,-2.4651834685283918,-2.4651834685283918,-2.4651834685283918,0.0,0.0,0.0,-0.3019753806387068,-0.3019753806387068,-0.3019753806387068,0.500770075100582,0.500770075100582,0.500770075100582,-6.357870223908782,-6.357870223908782,-6.357870223908782,-1.75858411434611,-1.75858411434611,-1.75858411434611,-2.091236982387506,-2.091236982387506,-2.091236982387506,-0.27039678286778845,-0.27039678286778845,-0.27039678286778845,-0.12089477243280039,-0.12089477243280039,-0.12089477243280039,1.0929146384062374,1.0929146384062374,1.0929146384062374,1.0058022299473035,1.0058022299473035,1.0058022299473035,-0.20961723950150749,-0.20961723950150749,-0.20961723950150749,-2.3726201682623698,-2.3726201682623698,-2.3726201682623698,0.0,0.0,0.0,41.6982496682597
164,2018-03-27 04:00:00,57.21780998436583,34.28129526078415,52.10223836908798,57.21780998436583,57.21780998436583,0.0,0.0,0.0,0.0,0.0,0.0,0.0,0.0,0.0,0.0,0.0,0.0,0.0,0.0,0.0,0.0,0.0,0.0,0.0,0.0,0.0,0.0,0.0,0.0,0.0,0.0,0.0,0.0,0.0,0.0,-13.735577962480557,-13.735577962480557,-13.735577962480557,-1.6238424323866065,-1.6238424323866065,-1.6238424323866065,-0.08083808741006572,-0.08083808741006572,-0.08083808741006572,-10.706544541158658,-10.706544541158658,-10.706544541158658,-2.2631122642185897,-2.2631122642185897,-2.2631122642185897,0.0,0.0,0.0,-0.26841649358884623,-0.26841649358884623,-0.26841649358884623,0.7297750309114326,0.7297750309114326,0.7297750309114326,-5.311490388953666,-5.311490388953666,-5.311490388953666,-1.6103091388724797,-1.6103091388724797,-1.6103091388724797,-1.8192075256154026,-1.8192075256154026,-1.8192075256154026,-0.213248184760811,-0.213248184760811,-0.213248184760811,-0.12107456545148568,-0.12107456545148568,-0.12107456545148568,0.48571603997570323,0.48571603997570323,0.48571603997570323,0.9664815749517456,0.9664815749517456,0.9664815749517456,-0.23433896317444733,-0.23433896317444733,-0.23433896317444733,-2.3716725638870395,-2.3716725638870395,-2.3716725638870395,0.0,0.0,0.0,43.482232021885274
165,2018-03-27 05:00:00,57.21790042358279,37.98489773523051,57.07974005151939,57.21790042358279,57.21790042358279,0.0,0.0,0.0,0.0,0.0,0.0,0.0,0.0,0.0,0.0,0.0,0.0,0.0,0.0,0.0,0.0,0.0,0.0,0.0,0.0,0.0,0.0,0.0,0.0,0.0,0.0,0.0,0.0,0.0,0.0,-9.85930812714841,-9.85930812714841,-9.85930812714841,-0.7997278624902742,-0.7997278624902742,-0.7997278624902742,-0.08083808741006572,-0.08083808741006572,-0.08083808741006572,-7.613554466637441,-7.613554466637441,-7.613554466637441,-1.8128834405809602,-1.8128834405809602,-1.8128834405809602,0.0,0.0,0.0,-0.2348576065389856,-0.2348576065389856,-0.2348576065389856,1.6853049219077954,1.6853049219077954,1.6853049219077954,-4.440090459509437,-4.440090459509437,-4.440090459509437,-0.8315825501254734,-0.8315825501254734,-0.8315825501254734,-1.576214920970658,-1.576214920970658,-1.576214920970658,0.41652936637808013,0.41652936637808013,0.41652936637808013,-0.12053518639542983,-0.12053518639542983,-0.12053518639542983,-0.4075494419990407,-0.4075494419990407,-0.4075494419990407,0.9247114265951366,0.9247114265951366,0.9247114265951366,-0.21083706139326439,-0.21083706139326439,-0.21083706139326439,-2.3707372246158327,-2.3707372246158327,-2.3707372246158327,0.0,0.0,0.0,47.35859229643438
166,2018-03-27 06:00:00,57.217990862799766,43.06765357154609,62.31400501240791,57.217990862799766,57.217990862799766,0.0,0.0,0.0,0.0,0.0,0.0,0.0,0.0,0.0,0.0,0.0,0.0,0.0,0.0,0.0,0.0,0.0,0.0,0.0,0.0,0.0,0.0,0.0,0.0,0.0,0.0,0.0,0.0,0.0,0.0,-4.680953739576324,-4.680953739576324,-4.680953739576324,0.08656982398748991,0.08656982398748991,0.08656982398748991,-0.08083808741006572,-0.08083808741006572,-0.08083808741006572,-3.2787738873592636,-3.2787738873592636,-3.2787738873592636,-1.4482436734053772,-1.4482436734053772,-1.4482436734053772,0.0,0.0,0.0,-0.20129871948912495,-0.20129871948912495,-0.20129871948912495,2.4172001575645843,2.4172001575645843,2.4172001575645843,-4.48558523494227,-4.48558523494227,-4.48558523494227,0.13050698539044947,0.13050698539044947,0.13050698539044947,0.19350480342313806,0.19350480342313806,0.19350480342313806,1.4794932911678602,1.4794932911678602,1.4794932911678602,-0.10759008905008945,-0.10759008905008945,-0.10759008905008945,-0.9743569055924558,-0.9743569055924558,-0.9743569055924558,0.881064448000327,0.881064448000327,0.881064448000327,-0.20156641501591194,-0.20156641501591194,-0.20156641501591194,-2.3698141242048782,-2.3698141242048782,-2.3698141242048782,0.0,0.0,0.0,52.53703712322344
167,2018-03-27 07:00:00,57.218081302016735,49.81222247190341,68.06315111117345,57.218081302016735,57.218081302016735,0.0,0.0,0.0,0.0,0.0,0.0,0.0,0.0,0.0,0.0,0.0,0.0,0.0,0.0,0.0,0.0,0.0,0.0,0.0,0.0,0.0,0.0,0.0,0.0,0.0,0.0,0.0,0.0,0.0,0.0,1.83656148816761,1.83656148816761,1.83656148816761,0.7201301209738569,0.7201301209738569,0.7201301209738569,-0.08083808741006572,-0.08083808741006572,-0.08083808741006572,2.6492282989539024,2.6492282989539024,2.6492282989539024,-1.1393127595482861,-1.1393127595482861,-1.1393127595482861,0.0,0.0,0.0,-0.16773983243926435,-0.16773983243926435,-0.16773983243926435,2.6262582830535512,2.6262582830535512,2.6262582830535512,-1.4164376922812754,-1.4164376922812754,-1.4164376922812754,0.923947884680639,0.923947884680639,0.923947884680639,1.6942515817950792,1.6942515817950792,1.6942515817950792,1.853245122787492,1.853245122787492,1.853245122787492,-0.012030099618861484,-0.012030099618861484,-0.012030099618861484,-1.4455128355880786,-1.4455128355880786,-1.4455128355880786,0.8361063036539121,0.8361063036539121,0.8361063036539121,-0.1866032664770273,-0.1866032664770273,-0.1866032664770273,-2.368903235414061,-2.368903235414061,-2.368903235414061,0.0,0.0,0.0,59.054642790184346
168,2018-03-27 08:00:00,57.19400922115153,50.182305678508925,69.18729798492465,57.19400922115153,57.19400922115153,0.0,0.0,0.0,0.0,0.0,0.0,0.0,0.0,0.0,0.0,0.0,0.0,0.0,0.0,0.0,0.0,0.0,0.0,0.0,0.0,0.0,0.0,0.0,0.0,0.0,0.0,0.0,0.0,0.0,0.0,2.3443564521060387,2.3443564521060387,2.3443564521060387,1.1138842295250677,1.1138842295250677,1.1138842295250677,-0.0757922750287534,-0.0757922750287534,-0.0757922750287534,2.844345947786517,2.844345947786517,2.844345947786517,-1.243854161618049,-1.243854161618049,-1.243854161618049,0.0,0.0,0.0,-0.20588026369768905,-0.20588026369768905,-0.20588026369768905,2.447651824668662,2.447651824668662,2.447651824668662,-1.4735741759833378,-1.4735741759833378,-1.4735741759833378,1.1318192431408263,1.1318192431408263,1.1318192431408263,1.596459980418989,1.596459980418989,1.596459980418989,2.324971626776015,2.324971626776015,2.324971626776015,0.14099977908854436,0.14099977908854436,0.14099977908854436,-1.6073713675405756,-1.6073713675405756,-1.6073713675405756,0.8182042928945967,0.8182042928945967,0.8182042928945967,-0.191084262438115,-0.191084262438115,-0.191084262438115,-2.432078018100142,-2.432078018100142,-2.432078018100142,0.0,0.0,0.0,59.53836567325757
169,2018-03-27 09:00:00,57.1940894699176,48.290113605521455,67.28508436872471,57.1940894699176,57.1940894699176,0.0,0.0,0.0,0.0,0.0,0.0,0.0,0.0,0.0,0.0,0.0,0.0,0.0,0.0,0.0,0.0,0.0,0.0,0.0,0.0,0.0,0.0,0.0,0.0,0.0,0.0,0.0,0.0,0.0,0.0,0.8145241041272614,0.8145241041272614,0.8145241041272614,1.1357011415829894,1.1357011415829894,1.1357011415829894,-0.0757922750287534,-0.0757922750287534,-0.0757922750287534,1.339231239172393,1.339231239172393,1.339231239172393,-1.5970963481230132,-1.5970963481230132,-1.5970963481230132,0.0,0.0,0.0,-0.15438927101239439,-0.15438927101239439,-0.15438927101239439,2.1146538312172614,2.1146538312172614,2.1146538312172614,-2.6725429791544086,-2.6725429791544086,-2.6725429791544086,1.1575311227964191,1.1575311227964191,1.1575311227964191,1.5449335688247827,1.5449335688247827,1.5449335688247827,2.575498596538429,2.575498596538429,2.575498596538429,0.2758809933545747,0.2758809933545747,0.2758809933545747,-1.6251408089071409,-1.6251408089071409,-1.6251408089071409,0.7707873727682566,0.7707873727682566,0.7707873727682566,-0.2043051913333632,-0.2043051913333632,-0.2043051913333632,-2.4311956493963773,-2.4311956493963773,-2.4311956493963773,0.0,0.0,0.0,58.00861357404486
170,2018-03-27 10:00:00,57.19416971868367,46.04553606730042,65.57799151485463,57.19416971868367,57.19416971868367,0.0,0.0,0.0,0.0,0.0,0.0,0.0,0.0,0.0,0.0,0.0,0.0,0.0,0.0,0.0,0.0,0.0,0.0,0.0,0.0,0.0,0.0,0.0,0.0,0.0,0.0,0.0,0.0,0.0,0.0,-1.5415622473638972,-1.5415622473638972,-1.5415622473638972,1.0865261770521168,1.0865261770521168,1.0865261770521168,-0.0757922750287534,-0.0757922750287534,-0.0757922750287534,-0.9213804717049905,-0.9213804717049905,-0.9213804717049905,-1.666537119829117,-1.666537119829117,-1.666537119829117,0.0,0.0,0.0,-0.10289827832709969,-0.10289827832709969,-0.10289827832709969,1.9143104122599346,1.9143104122599346,1.9143104122599346,-3.822998593757864,-3.822998593757864,-3.822998593757864,0.7550843107958458,0.7550843107958458,0.7550843107958458,0.9508643527974726,0.9508643527974726,0.9508643527974726,2.547412613381207,2.547412613381207,2.547412613381207,0.3147937721507393,0.3147937721507393,0.3147937721507393,-1.5468236414026504,-1.5468236414026504,-1.5468236414026504,0.7236181372911059,0.7236181372911059,0.7236181372911059,-0.18879602474470666,-0.18879602474470666,-0.18879602474470666,-2.4303260900021297,-2.4303260900021297,-2.4303260900021297,0.0,0.0,0.0,55.65260747131977
171,2018-03-27 11:00:00,57.19424996744974,44.68475809533157,64.38034833299844,57.19424996744974,57.19424996744974,0.0,0.0,0.0,0.0,0.0,0.0,0.0,0.0,0.0,0.0,0.0,0.0,0.0,0.0,0.0,0.0,0.0,0.0,0.0,0.0,0.0,0.0,0.0,0.0,0.0,0.0,0.0,0.0,0.0,0.0,-2.3466971526918656,-2.3466971526918656,-2.3466971526918656,1.0066383078702554,1.0066383078702554,1.0066383078702554,-0.0757922750287534,-0.0757922750287534,-0.0757922750287534,-1.6010639159113178,-1.6010639159113178,-1.6010639159113178,-1.7842845153307716,-1.7842845153307716,-1.7842845153307716,0.0,0.0,0.0,-0.05140728564180503,-0.05140728564180503,-0.05140728564180503,1.556026356221687,1.556026356221687,1.556026356221687,-3.7675549496805893,-3.7675549496805893,-3.7675549496805893,0.5393281032510948,0.5393281032510948,0.5393281032510948,0.5947259197198759,0.5947259197198759,0.5947259197198759,2.631670562852871,2.631670562852871,2.631670562852871,0.32349578597435413,0.32349578597435413,0.32349578597435413,-1.3599154433247072,-1.3599154433247072,-1.3599154433247072,0.6771977674026619,0.6771977674026619,0.6771977674026619,-0.2073561749245743,-0.2073561749245743,-0.2073561749245743,-2.4294693120534654,-2.4294693120534654,-2.4294693120534654,0.0,0.0,0.0,54.847552814757876
172,2018-03-27 12:00:00,57.19433021621581,43.69060242147,62.4556976182576,57.19433021621581,57.19433021621581,0.0,0.0,0.0,0.0,0.0,0.0,0.0,0.0,0.0,0.0,0.0,0.0,0.0,0.0,0.0,0.0,0.0,0.0,0.0,0.0,0.0,0.0,0.0,0.0,0.0,0.0,0.0,0.0,0.0,0.0,-3.7055577079901085,-3.7055577079901085,-3.7055577079901085,0.7788364160045641,0.7788364160045641,0.7788364160045641,-0.0757922750287534,-0.0757922750287534,-0.0757922750287534,-2.68776336168225,-2.68776336168225,-2.68776336168225,-2.0615444081573173,-2.0615444081573173,-2.0615444081573173,0.0,0.0,0.0,8.370704348965677e-05,8.370704348965677e-05,8.370704348965677e-05,1.377856869071288,1.377856869071288,1.377856869071288,-3.8333942770223532,-3.8333942770223532,-3.8333942770223532,0.31574654102855476,0.31574654102855476,0.31574654102855476,0.267381657827277,0.267381657827277,0.267381657827277,2.3541810492595245,2.3541810492595245,2.3541810492595245,0.31709241731169413,0.31709241731169413,0.31709241731169413,-1.1243058133532151,-1.1243058133532151,-1.1243058133532151,0.6319945243474752,0.6319945243474752,0.6319945243474752,-0.22506882966243888,-0.22506882966243888,-0.22506882966243888,-2.428625286659898,-2.428625286659898,-2.428625286659898,0.0,0.0,0.0,53.4887725082257
173,2018-03-27 13:00:00,57.194410464981885,43.461087711973995,61.89845030892993,57.194410464981885,57.194410464981885,0.0,0.0,0.0,0.0,0.0,0.0,0.0,0.0,0.0,0.0,0.0,0.0,0.0,0.0,0.0,0.0,0.0,0.0,0.0,0.0,0.0,0.0,0.0,0.0,0.0,0.0,0.0,0.0,0.0,0.0,-4.839797553100145,-4.839797553100145,-4.839797553100145,0.3337619170287863,0.3337619170287863,0.3337619170287863,-0.0757922750287534,-0.0757922750287534,-0.0757922750287534,-3.334205260177015,-3.334205260177015,-3.334205260177015,-2.257790067326741,-2.257790067326741,-2.257790067326741,0.0,0.0,0.0,0.05157469972878434,0.05157469972878434,0.05157469972878434,1.350625724746991,1.350625724746991,1.350625724746991,-4.117542952918387,-4.117542952918387,-4.117542952918387,0.09775451786157874,0.09775451786157874,0.09775451786157874,0.14159659422965803,0.14159659422965803,0.14159659422965803,2.373279517806435,2.373279517806435,2.373279517806435,0.30239750717558983,0.30239750717558983,0.30239750717558983,-0.9275257034049575,-0.9275257034049575,-0.9275257034049575,0.5884397739446072,0.5884397739446072,0.5884397739446072,-0.2727828230472128,-0.2727828230472128,-0.2727828230472128,-2.4277939838965246,-2.4277939838965246,-2.4277939838965246,0.0,0.0,0.0,52.35461291188174
174,2018-03-27 14:00:00,57.194490713747946,41.78158651344301,60.74100762197039,57.194490713747946,57.194490713747946,0.0,0.0,0.0,0.0,0.0,0.0,0.0,0.0,0.0,0.0,0.0,0.0,0.0,0.0,0.0,0.0,0.0,0.0,0.0,0.0,0.0,0.0,0.0,0.0,0.0,0.0,0.0,0.0,0.0,0.0,-5.846635170764675,-5.846635170764675,-5.846635170764675,-0.15671531834967006,-0.15671531834967006,-0.15671531834967006,-0.0757922750287534,-0.0757922750287534,-0.0757922750287534,-3.8098690292126713,-3.8098690292126713,-3.8098690292126713,-2.320689317060531,-2.320689317060531,-2.320689317060531,0.0,0.0,0.0,0.10306569241407901,0.10306569241407901,0.10306569241407901,1.3759117873338382,1.3759117873338382,1.3759117873338382,-3.760624494170929,-3.760624494170929,-3.760624494170929,-0.2756266910500635,-0.2756266910500635,-0.2756266910500635,0.0946166307172939,0.0946166307172939,0.0946166307172939,1.8497567917558286,1.8497567917558286,1.8497567917558286,0.2711195140925967,0.2711195140925967,0.2711195140925967,-0.7711107442153171,-0.7711107442153171,-0.7711107442153171,0.5469245496061764,0.5469245496061764,0.5469245496061764,-0.30049592400071384,-0.30049592400071384,-0.30049592400071384,-2.4269753728085104,-2.4269753728085104,-2.4269753728085104,0.0,0.0,0.0,51.34785554298327
175,2018-03-27 15:00:00,57.19457096251402,42.189282230020225,61.14408764212587,57.19457096251402,57.19457096251402,0.0,0.0,0.0,0.0,0.0,0.0,0.0,0.0,0.0,0.0,0.0,0.0,0.0,0.0,0.0,0.0,0.0,0.0,0.0,0.0,0.0,0.0,0.0,0.0,0.0,0.0,0.0,0.0,0.0,0.0,-5.241218289111604,-5.241218289111604,-5.241218289111604,-0.3351696828311507,-0.3351696828311507,-0.3351696828311507,-0.0757922750287534,-0.0757922750287534,-0.0757922750287534,-2.987675869404875,-2.987675869404875,-2.987675869404875,-2.4047227147048744,-2.4047227147048744,-2.4047227147048744,0.0,0.0,0.0,0.1545566850993737,0.1545566850993737,0.1545566850993737,1.2109688559980978,1.2109688559980978,1.2109688559980978,-3.54578037337149,-3.54578037337149,-3.54578037337149,-0.040866050716396284,-0.040866050716396284,-0.040866050716396284,0.23101007317254346,0.23101007317254346,0.23101007317254346,2.2631824638301286,2.2631824638301286,2.2631824638301286,0.23327396340687553,0.23327396340687553,0.23327396340687553,-0.663177841099885,-0.663177841099885,-0.663177841099885,0.5077966845282831,0.5077966845282831,0.5077966845282831,-0.35032865599049545,-0.35032865599049545,-0.35032865599049545,-2.4261694214038605,-2.4261694214038605,-2.4261694214038605,0.0,0.0,0.0,51.95335267340242
176,2018-03-27 16:00:00,57.19465121128009,43.80303876776929,62.54572830935517,57.19465121128009,57.19465121128009,0.0,0.0,0.0,0.0,0.0,0.0,0.0,0.0,0.0,0.0,0.0,0.0,0.0,0.0,0.0,0.0,0.0,0.0,0.0,0.0,0.0,0.0,0.0,0.0,0.0,0.0,0.0,0.0,0.0,0.0,-4.027986901195922,-4.027986901195922,-4.027986901195922,0.0446432904674657,0.0446432904674657,0.0446432904674657,-0.0757922750287534,-0.0757922750287534,-0.0757922750287534,-2.118612631088351,-2.118612631088351,-2.118612631088351,-2.273389081260721,-2.273389081260721,-2.273389081260721,0.0,0.0,0.0,0.20604767778466837,0.20604767778466837,0.20604767778466837,1.098154115226011,1.098154115226011,1.098154115226011,-3.649737206016379,-3.649737206016379,-3.649737206016379,0.2911525691840755,0.2911525691840755,0.2911525691840755,1.0023907643916785,1.0023907643916785,1.0023907643916785,2.0171492513728677,2.0171492513728677,2.0171492513728677,0.17958418000457252,0.17958418000457252,0.17958418000457252,-0.5501992941396258,-0.5501992941396258,-0.5501992941396258,0.47135853608154177,0.47135853608154177,0.47135853608154177,-0.36397333260674525,-0.36397333260674525,-0.36397333260674525,-2.42537609665658,-2.42537609665658,-2.42537609665658,0.0,0.0,0.0,53.166664310084165
177,2018-03-27 17:00:00,57.194731460046164,47.42486879669438,66.89650985207426,57.194731460046164,57.194731460046164,0.0,0.0,0.0,0.0,0.0,0.0,0.0,0.0,0.0,0.0,0.0,0.0,0.0,0.0,0.0,0.0,0.0,0.0,0.0,0.0,0.0,0.0,0.0,0.0,0.0,0.0,0.0,0.0,0.0,0.0,-0.07722034764113908,-0.07722034764113908,-0.07722034764113908,0.8469796324026058,0.8469796324026058,0.8469796324026058,-0.0757922750287534,-0.0757922750287534,-0.0757922750287534,1.06253006686532,1.06253006686532,1.06253006686532,-1.9528545046173282,-1.9528545046173282,-1.9528545046173282,0.0,0.0,0.0,0.25753867046996304,0.25753867046996304,0.25753867046996304,1.174401319334042,1.174401319334042,1.174401319334042,-2.596307968548156,-2.596307968548156,-2.596307968548156,1.1385266900075028,1.1385266900075028,1.1385266900075028,1.8631849345536982,1.8631849345536982,1.8631849345536982,2.133986941306909,2.133986941306909,2.133986941306909,0.08304108324446804,0.08304108324446804,0.08304108324446804,-0.6144764092063364,-0.6144764092063364,-0.6144764092063364,0.43786531759469827,0.43786531759469827,0.43786531759469827,-0.3487184146506896,-0.3487184146506896,-0.3487184146506896,-2.424595364503763,-2.424595364503763,-2.424595364503763,0.0,0.0,0.0,57.117511112405026
178,2018-03-27 18:00:00,57.19481170881223,55.44781469384869,74.62128382696214,57.19481170881223,57.19481170881223,0.0,0.0,0.0,0.0,0.0,0.0,0.0,0.0,0.0,0.0,0.0,0.0,0.0,0.0,0.0,0.0,0.0,0.0,0.0,0.0,0.0,0.0,0.0,0.0,0.0,0.0,0.0,0.0,0.0,0.0,8.267187825693886,8.267187825693886,8.267187825693886,1.5840147359854435,1.5840147359854435,1.5840147359854435,-0.0757922750287534,-0.0757922750287534,-0.0757922750287534,8.699476234406193,8.699476234406193,8.699476234406193,-1.190012403845925,-1.190012403845925,-1.190012403845925,0.0,0.0,0.0,0.3090296631552577,0.3090296631552577,0.3090296631552577,2.152388416923787,2.152388416923787,2.152388416923787,0.6506104377272567,0.6506104377272567,0.6506104377272567,2.560505425742857,2.560505425742857,2.560505425742857,2.6148643507515206,2.6148643507515206,2.6148643507515206,3.0091461764859284,3.0091461764859284,3.0091461764859284,-0.03246583609351411,-0.03246583609351411,-0.03246583609351411,-1.0207604266245889,-1.0207604266245889,-1.0207604266245889,0.40752404514672064,0.40752404514672064,0.40752404514672064,-0.278037294787632,-0.278037294787632,-0.278037294787632,-2.423827189844471,-2.423827189844471,-2.423827189844471,0.0,0.0,0.0,65.46199953450612
179,2018-03-27 19:00:00,57.1948919575783,58.4304006170781,77.43195126793825,57.1948919575783,57.1948919575783,0.0,0.0,0.0,0.0,0.0,0.0,0.0,0.0,0.0,0.0,0.0,0.0,0.0,0.0,0.0,0.0,0.0,0.0,0.0,0.0,0.0,0.0,0.0,0.0,0.0,0.0,0.0,0.0,0.0,0.0,10.768085536896846,10.768085536896846,10.768085536896846,1.755149924881323,1.755149924881323,1.755149924881323,-0.0757922750287534,-0.0757922750287534,-0.0757922750287534,11.055514049413759,11.055514049413759,11.055514049413759,-0.8005402494942984,-0.8005402494942984,-0.8005402494942984,0.0,0.0,0.0,0.36052065584055243,0.36052065584055243,0.36052065584055243,2.3165533155645472,2.3165533155645472,2.3165533155645472,3.3292314922106008,3.3292314922106008,3.3292314922106008,2.5001384039427705,2.5001384039427705,2.5001384039427705,1.935928103863165,1.935928103863165,1.935928103863165,3.191143347344722,3.191143347344722,3.191143347344722,-0.06144518401555228,-0.06144518401555228,-0.06144518401555228,-1.3829499043554396,-1.3829499043554396,-1.3829499043554396,0.3804930991406059,0.3804930991406059,0.3804930991406059,-0.25727365645855627,-0.25727365645855627,-0.25727365645855627,-2.4230715365388407,-2.4230715365388407,-2.4230715365388407,0.0,0.0,0.0,67.96297749447514
180,2018-03-27 20:00:00,57.19497220634437,52.83079775121937,72.17624241587163,57.19497220634437,57.19497220634437,0.0,0.0,0.0,0.0,0.0,0.0,0.0,0.0,0.0,0.0,0.0,0.0,0.0,0.0,0.0,0.0,0.0,0.0,0.0,0.0,0.0,0.0,0.0,0.0,0.0,0.0,0.0,0.0,0.0,0.0,5.345948442981158,5.345948442981158,5.345948442981158,1.2141981531091137,1.2141981531091137,1.2141981531091137,-0.0757922750287534,-0.0757922750287534,-0.0757922750287534,6.197196264627796,6.197196264627796,6.197196264627796,-1.8270560051497484,-1.8270560051497484,-1.8270560051497484,0.0,0.0,0.0,0.41201164852584704,0.41201164852584704,0.41201164852584704,1.7956604262754985,1.7956604262754985,1.7956604262754985,1.3540516719576827,1.3540516719576827,1.3540516719576827,1.5812181832081313,1.5812181832081313,1.5812181832081313,1.3357969570600672,1.3357969570600672,1.3357969570600672,2.7867051898807347,2.7867051898807347,2.7867051898807347,-0.06308707341623433,-0.06308707341623433,-0.06308707341623433,-0.875972385859985,-0.875972385859985,-0.875972385859985,0.35688239264941113,0.35688239264941113,0.35688239264941113,-0.2263400728254435,-0.2263400728254435,-0.2263400728254435,-2.422328367405163,-2.422328367405163,-2.422328367405163,0.0,0.0,0.0,62.54092064932553
181,2018-03-27 21:00:00,57.19505245511044,47.43697886191224,66.38677705139696,57.19505245511044,57.19505245511044,0.0,0.0,0.0,0.0,0.0,0.0,0.0,0.0,0.0,0.0,0.0,0.0,0.0,0.0,0.0,0.0,0.0,0.0,0.0,0.0,0.0,0.0,0.0,0.0,0.0,0.0,0.0,0.0,0.0,0.0,-0.23763765140690105,-0.23763765140690105,-0.23763765140690105,0.2495608744557076,0.2495608744557076,0.2495608744557076,-0.0757922750287534,-0.0757922750287534,-0.0757922750287534,1.5976449872516951,1.5976449872516951,1.5976449872516951,-2.2557772913352605,-2.2557772913352605,-2.2557772913352605,0.0,0.0,0.0,0.46350264121114176,0.46350264121114176,0.46350264121114176,1.2020214800058289,1.2020214800058289,1.2020214800058289,-0.18450945118669587,-0.18450945118669587,-0.18450945118669587,0.4621924642843187,0.4621924642843187,0.4621924642843187,0.6174581601290839,0.6174581601290839,0.6174581601290839,1.9508663311218264,1.9508663311218264,1.9508663311218264,-0.06407220705664356,-0.06407220705664356,-0.06407220705664356,-0.3426697690436933,-0.3426697690436933,-0.3426697690436933,0.33675413110680896,0.33675413110680896,0.33675413110680896,-0.17557509584945846,-0.17557509584945846,-0.17557509584945846,-2.421597644221113,-2.421597644221113,-2.421597644221113,0.0,0.0,0.0,56.95741480370354
182,2018-03-27 22:00:00,57.19513270387651,42.44469969280067,60.731486686070284,57.19513270387651,57.19513270387651,0.0,0.0,0.0,0.0,0.0,0.0,0.0,0.0,0.0,0.0,0.0,0.0,0.0,0.0,0.0,0.0,0.0,0.0,0.0,0.0,0.0,0.0,0.0,0.0,0.0,0.0,0.0,0.0,0.0,0.0,-5.525932747530403,-5.525932747530403,-5.525932747530403,-0.6780110656193278,-0.6780110656193278,-0.6780110656193278,-0.0757922750287534,-0.0757922750287534,-0.0757922750287534,-2.7471664948032926,-2.7471664948032926,-2.7471664948032926,-2.4781890383939413,-2.4781890383939413,-2.4781890383939413,0.0,0.0,0.0,0.5149936338964365,0.5149936338964365,0.5149936338964365,0.903256925133544,0.903256925133544,0.903256925133544,-2.904713238727998,-2.904713238727998,-2.904713238727998,-0.2432073645277953,-0.2432073645277953,-0.2432073645277953,0.08703921724755716,0.08703921724755716,0.08703921724755716,1.5453047343315494,1.5453047343315494,1.5453047343315494,-0.06423639599671177,-0.06423639599671177,-0.06423639599671177,0.11429006264217077,0.11429006264217077,0.11429006264217077,0.3201241406152781,0.3201241406152781,0.3201241406152781,-0.14591275537935033,-0.14591275537935033,-0.14591275537935033,-2.420879327723061,-2.420879327723061,-2.420879327723061,0.0,0.0,0.0,51.669199956346105
183,2018-03-27 23:00:00,57.19521295264258,39.36354842493344,58.524186531430615,57.19521295264258,57.19521295264258,0.0,0.0,0.0,0.0,0.0,0.0,0.0,0.0,0.0,0.0,0.0,0.0,0.0,0.0,0.0,0.0,0.0,0.0,0.0,0.0,0.0,0.0,0.0,0.0,0.0,0.0,0.0,0.0,0.0,0.0,-8.491441326091888,-8.491441326091888,-8.491441326091888,-1.289491836513453,-1.289491836513453,-1.289491836513453,-0.0757922750287534,-0.0757922750287534,-0.0757922750287534,-5.0887398471959555,-5.0887398471959555,-5.0887398471959555,-2.482717784374774,-2.482717784374774,-2.482717784374774,0.0,0.0,0.0,0.566484626581731,0.566484626581731,0.566484626581731,0.7558197294348514,0.7558197294348514,0.7558197294348514,-3.3725189856300055,-3.3725189856300055,-3.3725189856300055,-0.7071391061395657,-0.7071391061395657,-0.7071391061395657,-1.2526474842017843,-1.2526474842017843,-1.2526474842017843,1.1037930791000283,1.1037930791000283,1.1037930791000283,-0.06431849046674587,-0.06431849046674587,-0.06431849046674587,0.561377982457721,0.561377982457721,0.561377982457721,0.30696373522148473,0.30696373522148473,0.30696373522148473,-0.12108113892865983,-0.12108113892865983,-0.12108113892865983,-2.4201733776039633,-2.4201733776039633,-2.4201733776039633,0.0,0.0,0.0,48.70377162655069
184,2018-03-28 00:00:00,57.19529320140865,37.606816985647974,56.406823487739274,57.19529320140865,57.19529320140865,0.0,0.0,0.0,0.0,0.0,0.0,0.0,0.0,0.0,0.0,0.0,0.0,0.0,0.0,0.0,0.0,0.0,0.0,0.0,0.0,0.0,0.0,0.0,0.0,0.0,0.0,0.0,0.0,0.0,0.0,-10.19327766181886,-10.19327766181886,-10.19327766181886,-1.619681951986194,-1.619681951986194,-1.619681951986194,-0.045507967609683245,-0.045507967609683245,-0.045507967609683245,-6.451318044420984,-6.451318044420984,-6.451318044420984,-2.5551777200681,-2.5551777200681,-2.5551777200681,0.0,0.0,0.0,8.370704348965677e-05,8.370704348965677e-05,8.370704348965677e-05,0.5667577845547339,0.5667577845547339,0.5667577845547339,-3.5041976403135315,-3.5041976403135315,-3.5041976403135315,-0.9094804199509645,-0.9094804199509645,-0.9094804199509645,-1.604239469197539,-1.604239469197539,-1.604239469197539,0.9195490295886559,0.9195490295886559,0.9195490295886559,-0.06661713562770073,-0.06661713562770073,-0.06661713562770073,0.8599484725798817,0.8599484725798817,0.8599484725798817,0.29720208710074686,0.29720208710074686,0.29720208710074686,-0.1124366854202283,-0.1124366854202283,-0.1124366854202283,-2.419479752512428,-2.419479752512428,-2.419479752512428,0.0,0.0,0.0,47.00201553958979
185,2018-03-28 01:00:00,57.19537345017472,33.26422959341478,51.81991926894507,57.19537345017472,57.19537345017472,0.0,0.0,0.0,0.0,0.0,0.0,0.0,0.0,0.0,0.0,0.0,0.0,0.0,0.0,0.0,0.0,0.0,0.0,0.0,0.0,0.0,0.0,0.0,0.0,0.0,0.0,0.0,0.0,0.0,0.0,-14.497054218565353,-14.497054218565353,-14.497054218565353,-1.8445488785472755,-1.8445488785472755,-1.8445488785472755,-0.045507967609683245,-0.045507967609683245,-0.045507967609683245,-10.52443598764155,-10.52443598764155,-10.52443598764155,-2.6688995635867916,-2.6688995635867916,-2.6688995635867916,0.0,0.0,0.0,-0.5663172124947518,-0.5663172124947518,-0.5663172124947518,0.5091833651262206,0.5091833651262206,0.5091833651262206,-5.299185617315308,-5.299185617315308,-5.299185617315308,-1.3432286506626918,-1.3432286506626918,-1.3432286506626918,-1.88157280218988,-1.88157280218988,-1.88157280218988,0.027538204515304577,0.027538204515304577,0.027538204515304577,-0.07080395359943996,-0.07080395359943996,-0.07080395359943996,0.9869670719779209,0.9869670719779209,0.9869670719779209,0.2907290576762758,0.2907290576762758,0.2907290576762758,-0.17260886180244767,-0.17260886180244767,-0.17260886180244767,-2.418798410052807,-2.418798410052807,-2.418798410052807,0.0,0.0,0.0,42.69831923160937
186,2018-03-28 02:00:00,57.195453698940796,32.998423003193736,51.834728519009836,57.195453698940796,57.195453698940796,0.0,0.0,0.0,0.0,0.0,0.0,0.0,0.0,0.0,0.0,0.0,0.0,0.0,0.0,0.0,0.0,0.0,0.0,0.0,0.0,0.0,0.0,0.0,0.0,0.0,0.0,0.0,0.0,0.0,0.0,-14.992028598795487,-14.992028598795487,-14.992028598795487,-2.0140384810525767,-2.0140384810525767,-2.0140384810525767,-0.045507967609683245,-0.045507967609683245,-0.045507967609683245,-10.847259253271735,-10.847259253271735,-10.847259253271735,-2.710161471412158,-2.710161471412158,-2.710161471412158,0.0,0.0,0.0,-0.5148262198094572,-0.5148262198094572,-0.5148262198094572,0.5138515612961001,0.5138515612961001,0.5138515612961001,-5.257602884257352,-5.257602884257352,-5.257602884257352,-1.4572552473961875,-1.4572552473961875,-1.4572552473961875,-1.8952121464354057,-1.8952121464354057,-1.8952121464354057,-0.23871691581515395,-0.23871691581515395,-0.23871691581515395,-0.08049110106346405,-0.08049110106346405,-0.08049110106346405,1.0483923013932073,1.0483923013932073,1.0483923013932073,0.28739844231503725,0.28739844231503725,0.28739844231503725,-0.20972916216218296,-0.20972916216218296,-0.20972916216218296,-2.4181293067862093,-2.4181293067862093,-2.4181293067862093,0.0,0.0,0.0,42.20342510014531
187,2018-03-28 03:00:00,57.19553394770686,32.83803834779299,51.50210837281048,57.19553394770686,57.19553394770686,0.0,0.0,0.0,0.0,0.0,0.0,0.0,0.0,0.0,0.0,0.0,0.0,0.0,0.0,0.0,0.0,0.0,0.0,0.0,0.0,0.0,0.0,0.0,0.0,0.0,0.0,0.0,0.0,0.0,0.0,-15.187337007157796,-15.187337007157796,-15.187337007157796,-1.9714854851700276,-1.9714854851700276,-1.9714854851700276,-0.045507967609683245,-0.045507967609683245,-0.045507967609683245,-11.085410700404115,-11.085410700404115,-11.085410700404115,-2.6824858015292903,-2.6824858015292903,-2.6824858015292903,0.0,0.0,0.0,-0.4633352271241625,-0.4633352271241625,-0.4633352271241625,0.5722040134195931,0.5722040134195931,0.5722040134195931,-5.195228784670418,-5.195228784670418,-5.195228784670418,-1.4829671270517792,-1.4829671270517792,-1.4829671270517792,-1.986141108072239,-1.986141108072239,-1.986141108072239,-0.410603132737349,-0.410603132737349,-0.410603132737349,-0.09748465636052327,-0.09748465636052327,-0.09748465636052327,0.9512088134254505,0.9512088134254505,0.9512088134254505,0.2870315766402091,0.2870315766402091,0.2870315766402091,-0.24506972209371175,-0.24506972209371175,-0.24506972209371175,-2.417472398223868,-2.417472398223868,-2.417472398223868,0.0,0.0,0.0,42.00819694054907
188,2018-03-28 04:00:00,57.19561419647293,34.548310526558986,53.215330496567496,57.19561419647293,57.19561419647293,0.0,0.0,0.0,0.0,0.0,0.0,0.0,0.0,0.0,0.0,0.0,0.0,0.0,0.0,0.0,0.0,0.0,0.0,0.0,0.0,0.0,0.0,0.0,0.0,0.0,0.0,0.0,0.0,0.0,0.0,-13.613691413752843,-13.613691413752843,-13.613691413752843,-1.531880137050143,-1.531880137050143,-1.531880137050143,-0.045507967609683245,-0.045507967609683245,-0.045507967609683245,-9.954404886402209,-9.954404886402209,-9.954404886402209,-2.4922784703343104,-2.4922784703343104,-2.4922784703343104,0.0,0.0,0.0,-0.4118442344388677,-0.4118442344388677,-0.4118442344388677,1.2066896761757082,1.2066896761757082,1.2066896761757082,-5.004641258154787,-5.004641258154787,-5.004641258154787,-1.2728004585625923,-1.2728004585625923,-1.2728004585625923,-1.610301399973328,-1.610301399973328,-1.610301399973328,-0.4004921788007497,-0.4004921788007497,-0.4004921788007497,-0.1084032208750589,-0.1084032208750589,-0.1084032208750589,0.4143961834997138,0.4143961834997138,0.4143961834997138,0.2894212485362918,0.2894212485362918,0.2894212485362918,-0.22922155732825403,-0.22922155732825403,-0.22922155732825403,-2.4168276388367826,-2.4168276388367826,-2.4168276388367826,0.0,0.0,0.0,43.581922782720085
189,2018-03-28 05:00:00,57.195694445239,38.20935306203059,57.45238299855846,57.195694445239,57.195694445239,0.0,0.0,0.0,0.0,0.0,0.0,0.0,0.0,0.0,0.0,0.0,0.0,0.0,0.0,0.0,0.0,0.0,0.0,0.0,0.0,0.0,0.0,0.0,0.0,0.0,0.0,0.0,0.0,0.0,0.0,-9.068235195258028,-9.068235195258028,-9.068235195258028,-0.7214546869658546,-0.7214546869658546,-0.7214546869658546,-0.045507967609683245,-0.045507967609683245,-0.045507967609683245,-6.2249213829733385,-6.2249213829733385,-6.2249213829733385,-2.032862350278709,-2.032862350278709,-2.032862350278709,0.0,0.0,0.0,-0.3603532417535731,-0.3603532417535731,-0.3603532417535731,2.0232349895571216,2.0232349895571216,2.0232349895571216,-3.140348726056416,-3.140348726056416,-3.140348726056416,-1.0581621588289536,-1.0581621588289536,-1.0581621588289536,-0.6403924758471078,-0.6403924758471078,-0.6403924758471078,-0.21400125063679928,-0.21400125063679928,-0.21400125063679928,-0.10782855958482017,-0.10782855958482017,-0.10782855958482017,-0.43634324390200535,-0.43634324390200535,-0.43634324390200535,0.29433585672556956,0.29433585672556956,0.29433585672556956,-0.21235639803239253,-0.21235639803239253,-0.21235639803239253,-2.416194982044405,-2.416194982044405,-2.416194982044405,0.0,0.0,0.0,48.12745924998097
190,2018-03-28 06:00:00,57.195774694005074,46.097732561115194,64.93260874159965,57.195774694005074,57.195774694005074,0.0,0.0,0.0,0.0,0.0,0.0,0.0,0.0,0.0,0.0,0.0,0.0,0.0,0.0,0.0,0.0,0.0,0.0,0.0,0.0,0.0,0.0,0.0,0.0,0.0,0.0,0.0,0.0,0.0,0.0,-1.657000185228484,-1.657000185228484,-1.657000185228484,0.1782239519984289,0.1782239519984289,0.1782239519984289,-0.045507967609683245,-0.045507967609683245,-0.045507967609683245,0.2788264885932567,0.2788264885932567,0.2788264885932567,-1.474317012642655,-1.474317012642655,-1.474317012642655,0.0,0.0,0.0,-0.3088622490682784,-0.3088622490682784,-0.3088622490682784,2.4250888765142444,2.4250888765142444,2.4250888765142444,-1.1443775392745192,-1.1443775392745192,-1.1443775392745192,0.2844451223173991,0.2844451223173991,0.2844451223173991,0.7523361198903865,0.7523361198903865,0.7523361198903865,0.9993132217551657,0.9993132217551657,0.9993132217551657,-0.09428297202919328,-0.09428297202919328,-0.09428297202919328,-0.9139244026058584,-0.9139244026058584,-0.9139244026058584,0.3015237544052913,0.3015237544052913,0.3015237544052913,-0.20108470865375144,-0.20108470865375144,-0.20108470865375144,-2.415574380225461,-2.415574380225461,-2.415574380225461,0.0,0.0,0.0,55.53877450877659
191,2018-03-28 07:00:00,57.19585494277114,49.98982737368684,69.6914239398976,57.19585494277114,57.19585494277114,0.0,0.0,0.0,0.0,0.0,0.0,0.0,0.0,0.0,0.0,0.0,0.0,0.0,0.0,0.0,0.0,0.0,0.0,0.0,0.0,0.0,0.0,0.0,0.0,0.0,0.0,0.0,0.0,0.0,0.0,2.838713885758876,2.838713885758876,2.838713885758876,0.8343587717954271,0.8343587717954271,0.8343587717954271,-0.045507967609683245,-0.045507967609683245,-0.045507967609683245,4.108603183752943,4.108603183752943,4.108603183752943,-1.216681685733052,-1.216681685733052,-1.216681685733052,0.0,0.0,0.0,-0.25737125638298375,-0.25737125638298375,-0.25737125638298375,2.6503293417109273,2.6503293417109273,2.6503293417109273,0.4773490499857725,0.4773490499857725,0.4773490499857725,0.6399398062512377,0.6399398062512377,0.6399398062512377,1.9010720019023784,1.9010720019023784,1.9010720019023784,1.4385779983341076,1.4385779983341076,1.4385779983341076,-0.0033222992314077384,-0.0033222992314077384,-0.0033222992314077384,-1.3127496421665406,-1.3127496421665406,-1.3127496421665406,0.31071771491547945,0.31071771491547945,0.31071771491547945,-0.16303216330781273,-0.16303216330781273,-0.16303216330781273,-2.414965784704975,-2.414965784704975,-2.414965784704975,0.0,0.0,0.0,60.03456882853002
192,2018-03-28 08:00:00,57.32131198528338,50.52292617679894,68.92150842104296,57.32131198528338,57.32131198528338,0.0,0.0,0.0,0.0,0.0,0.0,0.0,0.0,0.0,0.0,0.0,0.0,0.0,0.0,0.0,0.0,0.0,0.0,0.0,0.0,0.0,0.0,0.0,0.0,0.0,0.0,0.0,0.0,0.0,0.0,2.536775692316089,2.536775692316089,2.536775692316089,0.9213188209646967,0.9213188209646967,0.9213188209646967,-0.01373718978170209,-0.01373718978170209,-0.01373718978170209,3.6801862070680964,3.6801862070680964,3.6801862070680964,-1.154440289540867,-1.154440289540867,-1.154440289540867,0.0,0.0,0.0,-0.07517689200340098,-0.07517689200340098,-0.07517689200340098,2.04761005525284,2.04761005525284,2.04761005525284,0.45349034596212956,0.45349034596212956,0.45349034596212956,0.6092020707206062,0.6092020707206062,0.6092020707206062,1.6778867067675636,1.6778867067675636,1.6778867067675636,1.4784676841630846,1.4784676841630846,1.4784676841630846,0.19027111611972347,0.19027111611972347,0.19027111611972347,-1.383990587830779,-1.383990587830779,-1.383990587830779,0.26856498078196833,0.26856498078196833,0.26856498078196833,-0.14939681276110245,-0.14939681276110245,-0.14939681276110245,-2.3332943164986726,-2.3332943164986726,-2.3332943164986726,0.0,0.0,0.0,59.85808767759947
193,2018-03-28 09:00:00,57.32142153061579,49.37359466297469,68.04168390213857,57.32142153061579,57.32142153061579,0.0,0.0,0.0,0.0,0.0,0.0,0.0,0.0,0.0,0.0,0.0,0.0,0.0,0.0,0.0,0.0,0.0,0.0,0.0,0.0,0.0,0.0,0.0,0.0,0.0,0.0,0.0,0.0,0.0,0.0,1.4388652406123614,1.4388652406123614,1.4388652406123614,0.9721181961165428,0.9721181961165428,0.9721181961165428,-0.01373718978170209,-0.01373718978170209,-0.01373718978170209,2.517124492234789,2.517124492234789,2.517124492234789,-1.3238256076455366,-1.3238256076455366,-1.3238256076455366,0.0,0.0,0.0,-0.05637503424710015,-0.05637503424710015,-0.05637503424710015,1.794334182349056,1.794334182349056,1.794334182349056,0.21518816084399994,0.21518816084399994,0.21518816084399994,0.4115168564830991,0.4115168564830991,0.4115168564830991,1.1355362438701604,1.1355362438701604,1.1355362438701604,1.5737600029523129,1.5737600029523129,1.5737600029523129,0.31866269262970776,0.31866269262970776,0.31866269262970776,-1.3703489637342268,-1.3703489637342268,-1.3703489637342268,0.28228859005270945,0.28228859005270945,0.28228859005270945,-0.16758685148498215,-0.16758685148498215,-0.16758685148498215,-2.3326660377916792,-2.3326660377916792,-2.3326660377916792,0.0,0.0,0.0,58.760286771228145
194,2018-03-28 10:00:00,57.32153107594819,47.31983326953479,66.73087506380124,57.32153107594819,57.32153107594819,0.0,0.0,0.0,0.0,0.0,0.0,0.0,0.0,0.0,0.0,0.0,0.0,0.0,0.0,0.0,0.0,0.0,0.0,0.0,0.0,0.0,0.0,0.0,0.0,0.0,0.0,0.0,0.0,0.0,0.0,-0.03040477559693935,-0.03040477559693935,-0.03040477559693935,0.9715438109417242,0.9715438109417242,0.9715438109417242,-0.01373718978170209,-0.01373718978170209,-0.01373718978170209,1.033024643807164,1.033024643807164,1.033024643807164,-1.994371616189687,-1.994371616189687,-1.994371616189687,0.0,0.0,0.0,-0.037573176490799325,-0.037573176490799325,-0.037573176490799325,1.3316043617653104,1.3316043617653104,1.3316043617653104,-0.18782288751754242,-0.18782288751754242,-0.18782288751754242,0.2940353577362378,0.2940353577362378,0.2940353577362378,1.100398044865539,1.100398044865539,1.100398044865539,1.6009863797492345,1.6009863797492345,1.6009863797492345,0.3640424739823746,0.3640424739823746,0.3640424739823746,-1.2324406701331414,-1.2324406701331414,-1.2324406701331414,0.297075933914318,0.297075933914318,0.297075933914318,-0.19209643417866037,-0.19209643417866037,-0.19209643417866037,-2.3320491642601455,-2.3320491642601455,-2.3320491642601455,0.0,0.0,0.0,57.291126300351245
195,2018-03-28 11:00:00,57.3216406212806,45.64676048078387,65.62840051213752,57.3216406212806,57.3216406212806,0.0,0.0,0.0,0.0,0.0,0.0,0.0,0.0,0.0,0.0,0.0,0.0,0.0,0.0,0.0,0.0,0.0,0.0,0.0,0.0,0.0,0.0,0.0,0.0,0.0,0.0,0.0,0.0,0.0,0.0,-1.3627884041773475,-1.3627884041773475,-1.3627884041773475,0.9257019768078963,0.9257019768078963,0.9257019768078963,-0.01373718978170209,-0.01373718978170209,-0.01373718978170209,-0.2696888141363811,-0.2696888141363811,-0.2696888141363811,-2.30516119690091,-2.30516119690091,-2.30516119690091,0.0,0.0,0.0,-0.018771318734498492,-0.018771318734498492,-0.018771318734498492,1.3018945819525498,1.3018945819525498,1.3018945819525498,-0.20534510701152406,-0.20534510701152406,-0.20534510701152406,-0.16798322868170723,-0.16798322868170723,-0.16798322868170723,0.3854120825106508,0.3854120825106508,0.3854120825106508,1.6906065367057712,1.6906065367057712,1.6906065367057712,0.3865478940028028,0.3865478940028028,0.3865478940028028,-1.111584406652747,-1.111584406652747,-1.111584406652747,0.31264207325297794,0.31264207325297794,0.31264207325297794,-0.21156746154506675,-0.21156746154506675,-0.21156746154506675,-2.3314436401018406,-2.3314436401018406,-2.3314436401018406,0.0,0.0,0.0,55.95885221710326
196,2018-03-28 12:00:00,57.321750166613,45.24746667882804,64.007580387738,57.321750166613,57.321750166613,0.0,0.0,0.0,0.0,0.0,0.0,0.0,0.0,0.0,0.0,0.0,0.0,0.0,0.0,0.0,0.0,0.0,0.0,0.0,0.0,0.0,0.0,0.0,0.0,0.0,0.0,0.0,0.0,0.0,0.0,-2.388369608366918,-2.388369608366918,-2.388369608366918,0.7125617600060054,0.7125617600060054,0.7125617600060054,-0.01373718978170209,-0.01373718978170209,-0.01373718978170209,-1.0987919424609804,-1.0987919424609804,-1.0987919424609804,-2.499029938566432,-2.499029938566432,-2.499029938566432,0.0,0.0,0.0,3.05390218023383e-05,3.05390218023383e-05,3.05390218023383e-05,1.1871405574257623,1.1871405574257623,1.1871405574257623,-0.2438939898982801,-0.2438939898982801,-0.2438939898982801,-0.7576499820073009,-0.7576499820073009,-0.7576499820073009,0.35180163128883996,0.35180163128883996,0.35180163128883996,1.6180028652473115,1.6180028652473115,1.6180028652473115,0.3969704860614438,0.3969704860614438,0.3969704860614438,-0.9061074436984253,-0.9061074436984253,-0.9061074436984253,0.3287099825733162,0.3287099825733162,0.3287099825733162,-0.23231947755399993,-0.23231947755399993,-0.23231947755399993,-2.3308494084852596,-2.3308494084852596,-2.3308494084852596,0.0,0.0,0.0,54.933380558246085
197,2018-03-28 13:00:00,57.32185971194541,44.53984483710309,63.764044286006246,57.32185971194541,57.32185971194541,0.0,0.0,0.0,0.0,0.0,0.0,0.0,0.0,0.0,0.0,0.0,0.0,0.0,0.0,0.0,0.0,0.0,0.0,0.0,0.0,0.0,0.0,0.0,0.0,0.0,0.0,0.0,0.0,0.0,0.0,-3.4612810371232436,-3.4612810371232436,-3.4612810371232436,0.2898629592421236,0.2898629592421236,0.2898629592421236,-0.01373718978170209,-0.01373718978170209,-0.01373718978170209,-1.7658919292375472,-1.7658919292375472,-1.7658919292375472,-2.490036027870609,-2.490036027870609,-2.490036027870609,0.0,0.0,0.0,0.018832396778103166,0.018832396778103166,0.018832396778103166,1.2142507315049063,1.2142507315049063,1.2142507315049063,-0.7800739064140723,-0.7800739064140723,-0.7800739064140723,-1.1518907806866718,-1.1518907806866718,-1.1518907806866718,0.39457856920750867,0.39457856920750867,0.39457856920750867,1.6134651357811574,1.6134651357811574,1.6134651357811574,0.3840575401480833,0.3840575401480833,0.3840575401480833,-0.7183219619943202,-0.7183219619943202,-0.7183219619943202,0.3450143444283532,0.3450143444283532,0.3450143444283532,-0.23701643590993127,-0.23701643590993127,-0.23701643590993127,-2.3302664115561735,-2.3302664115561735,-2.3302664115561735,0.0,0.0,0.0,53.860578674822165
198,2018-03-28 14:00:00,57.321969257277814,43.29567923062361,62.23338791770263,57.321969257277814,57.321969257277814,0.0,0.0,0.0,0.0,0.0,0.0,0.0,0.0,0.0,0.0,0.0,0.0,0.0,0.0,0.0,0.0,0.0,0.0,0.0,0.0,0.0,0.0,0.0,0.0,0.0,0.0,0.0,0.0,0.0,0.0,-4.676628409891323,-4.676628409891323,-4.676628409891323,-0.1473935429959118,-0.1473935429959118,-0.1473935429959118,-0.01373718978170209,-0.01373718978170209,-0.01373718978170209,-2.5608453124235355,-2.5608453124235355,-2.5608453124235355,-2.485039410817374,-2.485039410817374,-2.485039410817374,0.0,0.0,0.0,0.037634254534404,0.037634254534404,0.037634254534404,1.1615158723372563,1.1615158723372563,1.1615158723372563,-0.8676850038839731,-0.8676850038839731,-0.8676850038839731,-1.7426871638079082,-1.7426871638079082,-1.7426871638079082,0.2937472155420751,0.2937472155420751,0.2937472155420751,1.5147695198923152,1.5147695198923152,1.5147695198923152,0.35795494233750463,0.35795494233750463,0.35795494233750463,-0.5703956006973293,-0.5703956006973293,-0.5703956006973293,0.3613050359578489,0.3613050359578489,0.3613050359578489,-0.24692274807880468,-0.24692274807880468,-0.24692274807880468,-2.329694590429724,-2.329694590429724,-2.329694590429724,0.0,0.0,0.0,52.64534084738649
199,2018-03-28 15:00:00,57.322078802610214,42.470002378585605,61.13023070051388,57.322078802610214,57.322078802610214,0.0,0.0,0.0,0.0,0.0,0.0,0.0,0.0,0.0,0.0,0.0,0.0,0.0,0.0,0.0,0.0,0.0,0.0,0.0,0.0,0.0,0.0,0.0,0.0,0.0,0.0,0.0,0.0,0.0,0.0,-5.924104050773489,-5.924104050773489,-5.924104050773489,-0.25495780472902085,-0.25495780472902085,-0.25495780472902085,-0.01373718978170209,-0.01373718978170209,-0.01373718978170209,-3.717362624030668,-3.717362624030668,-3.717362624030668,-2.4745465150055796,-2.4745465150055796,-2.4745465150055796,0.0,0.0,0.0,0.05643611229070483,0.05643611229070483,0.05643611229070483,1.0950402400062043,1.0950402400062043,1.0950402400062043,-1.23915605715635,-1.23915605715635,-1.23915605715635,-2.3922242963025746,-2.3922242963025746,-2.3922242963025746,0.283052981062408,0.283052981062408,0.283052981062408,1.3865786624734717,1.3865786624734717,1.3865786624734717,0.3105459837698812,0.3105459837698812,0.3105459837698812,-0.468509720726203,-0.468509720726203,-0.468509720726203,0.37735026318591675,0.37735026318591675,0.37735026318591675,-0.26084282466092856,-0.26084282466092856,-0.26084282466092856,-2.3291338851997176,-2.3291338851997176,-2.3291338851997176,0.0,0.0,0.0,51.39797475183673
200,2018-03-28 16:00:00,57.32218834794262,43.23045120784565,62.35712827578292,57.32218834794262,57.32218834794262,0.0,0.0,0.0,0.0,0.0,0.0,0.0,0.0,0.0,0.0,0.0,0.0,0.0,0.0,0.0,0.0,0.0,0.0,0.0,0.0,0.0,0.0,0.0,0.0,0.0,0.0,0.0,0.0,0.0,0.0,-5.052135968469098,-5.052135968469098,-5.052135968469098,0.17382951504715238,0.17382951504715238,0.17382951504715238,-0.01373718978170209,-0.01373718978170209,-0.01373718978170209,-3.290320552600247,-3.290320552600247,-3.290320552600247,-2.4470651212127867,-2.4470651212127867,-2.4470651212127867,0.0,0.0,0.0,0.07523797004700566,0.07523797004700566,0.07523797004700566,0.9702591647926101,0.9702591647926101,0.9702591647926101,-0.8046050137056446,-0.8046050137056446,-0.8046050137056446,-2.6113724766572965,-2.6113724766572965,-2.6113724766572965,0.8422086695707188,0.8422086695707188,0.8422086695707188,1.0235603051811764,1.0235603051811764,1.0235603051811764,0.24422878297197975,0.24422878297197975,0.24422878297197975,-0.32527266771240204,-0.32527266771240204,-0.32527266771240204,0.3929393040175185,0.3929393040175185,0.3929393040175185,-0.24376297609390543,-0.24376297609390543,-0.24376297609390543,-2.3285842349335226,-2.3285842349335226,-2.3285842349335226,0.0,0.0,0.0,52.270052379473526
201,2018-03-28 17:00:00,57.32229789327502,46.69723645505335,65.21799008193477,57.32229789327502,57.32229789327502,0.0,0.0,0.0,0.0,0.0,0.0,0.0,0.0,0.0,0.0,0.0,0.0,0.0,0.0,0.0,0.0,0.0,0.0,0.0,0.0,0.0,0.0,0.0,0.0,0.0,0.0,0.0,0.0,0.0,0.0,-1.1731958135018585,-1.1731958135018585,-1.1731958135018585,0.9816553656311776,0.9816553656311776,0.9816553656311776,-0.01373718978170209,-0.01373718978170209,-0.01373718978170209,-0.23469042837950133,-0.23469042837950133,-0.23469042837950133,-2.227713632575766,-2.227713632575766,-2.227713632575766,0.0,0.0,0.0,0.0940398278033065,0.0940398278033065,0.0940398278033065,1.2402467888410718,1.2402467888410718,1.2402467888410718,0.3238259217066775,0.3238259217066775,0.3238259217066775,-2.995446607175882,-2.995446607175882,-2.995446607175882,2.343984740072547,2.343984740072547,2.343984740072547,1.3638900151427045,1.3638900151427045,1.3638900151427045,0.11795861900490476,0.11795861900490476,0.11795861900490476,-0.3105652917333064,-0.3105652917333064,-0.3105652917333064,0.407884826920152,0.407884826920152,0.407884826920152,-0.17117361968405698,-0.17117361968405698,-0.17117361968405698,-2.328045577673687,-2.328045577673687,-2.328045577673687,0.0,0.0,0.0,56.149102079773165
202,2018-03-28 18:00:00,57.322407438607435,54.3060629536789,73.35307365469716,57.322407438607435,57.322407438607435,0.0,0.0,0.0,0.0,0.0,0.0,0.0,0.0,0.0,0.0,0.0,0.0,0.0,0.0,0.0,0.0,0.0,0.0,0.0,0.0,0.0,0.0,0.0,0.0,0.0,0.0,0.0,0.0,0.0,0.0,6.3894638901373195,6.3894638901373195,6.3894638901373195,1.707966399996077,1.707966399996077,1.707966399996077,-0.01373718978170209,-0.01373718978170209,-0.01373718978170209,6.586990582097961,6.586990582097961,6.586990582097961,-1.9978692481269513,-1.9978692481269513,-1.9978692481269513,0.0,0.0,0.0,0.11284168555960732,0.11284168555960732,0.11284168555960732,1.7854212484052279,1.7854212484052279,1.7854212484052279,3.488338762319486,3.488338762319486,3.488338762319486,-0.5633536571567217,-0.5633536571567217,-0.5633536571567217,2.8725854729246643,2.8725854729246643,2.8725854729246643,1.7223706429688472,1.7223706429688472,1.7223706429688472,-0.024544962681823476,-0.024544962681823476,-0.024544962681823476,-0.6810206461053095,-0.6810206461053095,-0.6810206461053095,0.4220247584872522,0.4220247584872522,0.4220247584872522,-0.11404152622736452,-0.11404152622736452,-0.11404152622736452,-2.327517850443971,-2.327517850443971,-2.327517850443971,0.0,0.0,0.0,63.711871328744756
203,2018-03-28 19:00:00,57.322516983939835,58.20273678087662,77.66080831064008,57.322516983939835,57.322516983939835,0.0,0.0,0.0,0.0,0.0,0.0,0.0,0.0,0.0,0.0,0.0,0.0,0.0,0.0,0.0,0.0,0.0,0.0,0.0,0.0,0.0,0.0,0.0,0.0,0.0,0.0,0.0,0.0,0.0,0.0,10.898398140448316,10.898398140448316,10.898398140448316,1.9071157954656317,1.9071157954656317,1.9071157954656317,-0.01373718978170209,-0.01373718978170209,-0.01373718978170209,10.883059654493762,10.883059654493762,10.883059654493762,-1.7395441464746968,-1.7395441464746968,-1.7395441464746968,0.0,0.0,0.0,0.13164354331590813,0.13164354331590813,0.13164354331590813,1.9621944382911536,1.9621944382911536,1.9621944382911536,6.589771612753972,6.589771612753972,6.589771612753972,0.4284613034177424,0.4284613034177424,0.4284613034177424,2.9382786275854755,2.9382786275854755,2.9382786275854755,1.8959387950492266,1.8959387950492266,1.8959387950492266,-0.06190027050261631,-0.06190027050261631,-0.06190027050261631,-1.109239752511152,-1.109239752511152,-1.109239752511152,0.43522367972993137,0.43522367972993137,0.43522367972993137,-0.1388073066495481,-0.1388073066495481,-0.1388073066495481,-2.327000989241009,-2.327000989241009,-2.327000989241009,0.0,0.0,0.0,68.22091512438816
204,2018-03-28 20:00:00,57.32262652927224,53.5359822049106,71.58562028962538,57.32262652927224,57.32262652927224,0.0,0.0,0.0,0.0,0.0,0.0,0.0,0.0,0.0,0.0,0.0,0.0,0.0,0.0,0.0,0.0,0.0,0.0,0.0,0.0,0.0,0.0,0.0,0.0,0.0,0.0,0.0,0.0,0.0,0.0,5.321503727334223,5.321503727334223,5.321503727334223,1.456835590197128,1.456835590197128,1.456835590197128,-0.01373718978170209,-0.01373718978170209,-0.01373718978170209,5.7437893283267,5.7437893283267,5.7437893283267,-1.9563973265851,-1.9563973265851,-1.9563973265851,0.0,0.0,0.0,0.150445401072209,0.150445401072209,0.150445401072209,1.46752660440869,1.46752660440869,1.46752660440869,3.568940971991796,3.568940971991796,3.568940971991796,-0.5701314359305794,-0.5701314359305794,-0.5701314359305794,2.3134297844163547,2.3134297844163547,2.3134297844163547,1.6497669715103875,1.6497669715103875,1.6497669715103875,-0.06549744829276673,-0.06549744829276673,-0.06549744829276673,-0.6368985181680226,-0.6368985181680226,-0.6368985181680226,0.4473737378550696,0.4473737378550696,0.4473737378550696,-0.1636584863145668,-0.1636584863145668,-0.1636584863145668,-2.3264949290446735,-2.3264949290446735,-2.3264949290446735,0.0,0.0,0.0,62.644130256606466
205,2018-03-28 21:00:00,57.32273607460465,48.08691393913282,67.72023305669339,57.32273607460465,57.32273607460465,0.0,0.0,0.0,0.0,0.0,0.0,0.0,0.0,0.0,0.0,0.0,0.0,0.0,0.0,0.0,0.0,0.0,0.0,0.0,0.0,0.0,0.0,0.0,0.0,0.0,0.0,0.0,0.0,0.0,0.0,0.16413789012271116,0.16413789012271116,0.16413789012271116,0.5994982199029725,0.5994982199029725,0.5994982199029725,-0.01373718978170209,-0.01373718978170209,-0.01373718978170209,1.4322442067866668,1.4322442067866668,1.4322442067866668,-2.264688598769706,-2.264688598769706,-2.264688598769706,0.0,0.0,0.0,0.1692472588285098,0.1692472588285098,0.1692472588285098,1.2803549915882986,1.2803549915882986,1.2803549915882986,1.8517634615817444,1.8517634615817444,1.8517634615817444,-1.1292981847738144,-1.1292981847738144,-1.1292981847738144,0.7199888469459509,0.7199888469459509,0.7199888469459509,1.2493123461223228,1.2493123461223228,1.2493123461223228,-0.06605086026048218,-0.06605086026048218,-0.06605086026048218,-0.1850197199697219,-0.1850197199697219,-0.1850197199697219,0.45839506724619405,0.45839506724619405,0.45839506724619405,-0.17962814472473346,-0.17962814472473346,-0.17962814472473346,-2.325999603813122,-2.325999603813122,-2.325999603813122,0.0,0.0,0.0,57.48687396472736
206,2018-03-28 22:00:00,57.322845619937056,41.91640082755545,60.94297663954543,57.322845619937056,57.322845619937056,0.0,0.0,0.0,0.0,0.0,0.0,0.0,0.0,0.0,0.0,0.0,0.0,0.0,0.0,0.0,0.0,0.0,0.0,0.0,0.0,0.0,0.0,0.0,0.0,0.0,0.0,0.0,0.0,0.0,0.0,-6.107210097336456,-6.107210097336456,-6.107210097336456,-0.2947271610006082,-0.2947271610006082,-0.2947271610006082,-0.01373718978170209,-0.01373718978170209,-0.01373718978170209,-3.955203710273052,-3.955203710273052,-3.955203710273052,-2.428577638115817,-2.428577638115817,-2.428577638115817,0.0,0.0,0.0,0.18804911658481063,0.18804911658481063,0.18804911658481063,0.9591179973628249,0.9591179973628249,0.9591179973628249,0.274763707123533,0.274763707123533,0.274763707123533,-2.863279921085663,-2.863279921085663,-2.863279921085663,-0.14013315477584806,-0.14013315477584806,-0.14013315477584806,0.09219133225312678,0.09219133225312678,0.09219133225312678,-0.06623533091638732,-0.06623533091638732,-0.06623533091638732,0.22380270217383508,0.22380270217383508,0.22380270217383508,0.46823572042423967,0.46823572042423967,0.46823572042423967,-0.18116533109576555,-0.18116533109576555,-0.18116533109576555,-2.325514946487036,-2.325514946487036,-2.325514946487036,0.0,0.0,0.0,51.2156355226006
207,2018-03-28 23:00:00,57.322955165269455,40.88403198691254,58.96803635067538,57.322955165269455,57.322955165269455,0.0,0.0,0.0,0.0,0.0,0.0,0.0,0.0,0.0,0.0,0.0,0.0,0.0,0.0,0.0,0.0,0.0,0.0,0.0,0.0,0.0,0.0,0.0,0.0,0.0,0.0,0.0,0.0,0.0,0.0,-7.399479724800006,-7.399479724800006,-7.399479724800006,-1.0075711549457513,-1.0075711549457513,-1.0075711549457513,-0.01373718978170209,-0.01373718978170209,-0.01373718978170209,-4.543738797680949,-4.543738797680949,-4.543738797680949,-2.503526893914344,-2.503526893914344,-2.503526893914344,0.0,0.0,0.0,0.2068509743411115,0.2068509743411115,0.2068509743411115,0.8194820322428502,0.8194820322428502,0.8194820322428502,0.6497392042947078,0.6497392042947078,0.6497392042947078,-2.643002110935298,-2.643002110935298,-2.643002110935298,-1.305804713059566,-1.305804713059566,-1.305804713059566,-0.1154097908234052,-0.1154097908234052,-0.1154097908234052,-0.06632756624433991,-0.06632756624433991,-0.06632756624433991,0.6189835002208396,0.6189835002208396,0.6189835002208396,0.4768711168158321,0.4768711168158321,0.4768711168158321,-0.19098624402180384,-0.19098624402180384,-0.19098624402180384,-2.325040888989137,-2.325040888989137,-2.325040888989137,0.0,0.0,0.0,49.923475440469446
208,2018-03-29 00:00:00,57.323064710601855,37.660637918728135,56.89570115267801,57.323064710601855,57.323064710601855,0.0,0.0,0.0,0.0,0.0,0.0,0.0,0.0,0.0,0.0,0.0,0.0,0.0,0.0,0.0,0.0,0.0,0.0,0.0,0.0,0.0,0.0,0.0,0.0,0.0,0.0,0.0,0.0,0.0,0.0,-10.151163293512683,-10.151163293512683,-10.151163293512683,-1.546565151991469,-1.546565151991469,-1.546565151991469,-0.004584018956736807,-0.004584018956736807,-0.004584018956736807,-6.764323803295971,-6.764323803295971,-6.764323803295971,-2.509522834378225,-2.509522834378225,-2.509522834378225,0.0,0.0,0.0,3.05390218023383e-05,3.05390218023383e-05,3.05390218023383e-05,0.6583064767586243,0.6583064767586243,0.6583064767586243,0.5060570044440695,0.5060570044440695,0.5060570044440695,-4.043743057532492,-4.043743057532492,-4.043743057532492,-1.4020528233765708,-1.4020528233765708,-1.4020528233765708,-0.6077534379010828,-0.6077534379010828,-0.6077534379010828,-0.06660427222819763,-0.06660427222819763,-0.06660427222819763,0.9082285611430537,0.9082285611430537,0.9082285611430537,0.48430302400004616,0.48430302400004616,0.48430302400004616,-0.20268594029021472,-0.20268594029021472,-0.20268594029021472,-2.32457736222529,-2.32457736222529,-2.32457736222529,0.0,0.0,0.0,47.171901417089174
209,2018-03-29 01:00:00,57.32317425593427,35.64467091452844,54.86752696620268,57.32317425593427,57.32317425593427,0.0,0.0,0.0,0.0,0.0,0.0,0.0,0.0,0.0,0.0,0.0,0.0,0.0,0.0,0.0,0.0,0.0,0.0,0.0,0.0,0.0,0.0,0.0,0.0,0.0,0.0,0.0,0.0,0.0,0.0,-12.11085072981006,-12.11085072981006,-12.11085072981006,-1.9853816082668883,-1.9853816082668883,-1.9853816082668883,-0.004584018956736807,-0.004584018956736807,-0.004584018956736807,-8.291902918163297,-8.291902918163297,-8.291902918163297,-2.6224463797813384,-2.6224463797813384,-2.6224463797813384,0.0,0.0,0.0,-0.2067898962975068,-0.2067898962975068,-0.2067898962975068,0.6089139678199098,0.6089139678199098,0.6089139678199098,0.32733036560547285,0.32733036560547285,0.32733036560547285,-4.6627801855448,-4.6627801855448,-4.6627801855448,-1.66482544201982,-1.66482544201982,-1.66482544201982,-0.8198922904437687,-0.8198922904437687,-0.8198922904437687,-0.0696480380506326,-0.0696480380506326,-0.0696480380506326,1.0510393134038376,1.0510393134038376,1.0510393134038376,0.49055809271024253,0.49055809271024253,0.49055809271024253,-0.22822031389791433,-0.22822031389791433,-0.22822031389791433,-2.3241242960901185,-2.3241242960901185,-2.3241242960901185,0.0,0.0,0.0,45.21232352612421
210,2018-03-29 02:00:00,57.32328380126667,35.06296589632017,53.32341538315814,57.32328380126667,57.32328380126667,0.0,0.0,0.0,0.0,0.0,0.0,0.0,0.0,0.0,0.0,0.0,0.0,0.0,0.0,0.0,0.0,0.0,0.0,0.0,0.0,0.0,0.0,0.0,0.0,0.0,0.0,0.0,0.0,0.0,0.0,-13.306476862437783,-13.306476862437783,-13.306476862437783,-2.2727939229318115,-2.2727939229318115,-2.2727939229318115,-0.004584018956736807,-0.004584018956736807,-0.004584018956736807,-9.205687293363559,-9.205687293363559,-9.205687293363559,-2.617949424433427,-2.617949424433427,-2.617949424433427,0.0,0.0,0.0,-0.187988038541206,-0.187988038541206,-0.187988038541206,0.6011151506190602,0.6011151506190602,0.6011151506190602,-0.6539139260574157,-0.6539139260574157,-0.6539139260574157,-4.789298722656805,-4.789298722656805,-4.789298722656805,-1.556355349440339,-1.556355349440339,-1.556355349440339,-0.8096823991449222,-0.8096823991449222,-0.8096823991449222,-0.07601227567936027,-0.07601227567936027,-0.07601227567936027,1.1166896293684963,1.1166896293684963,1.1166896293684963,0.4956859733207296,0.4956859733207296,0.4956859733207296,-0.22770791844090363,-0.22770791844090363,-0.22770791844090363,-2.32368161946314,-2.32368161946314,-2.32368161946314,0.0,0.0,0.0,44.016806938828886
211,2018-03-29 03:00:00,57.323393346599076,34.33428832727836,53.317211861947705,57.323393346599076,57.323393346599076,0.0,0.0,0.0,0.0,0.0,0.0,0.0,0.0,0.0,0.0,0.0,0.0,0.0,0.0,0.0,0.0,0.0,0.0,0.0,0.0,0.0,0.0,0.0,0.0,0.0,0.0,0.0,0.0,0.0,0.0,-13.700479315136363,-13.700479315136363,-13.700479315136363,-2.226026035281061,-2.226026035281061,-2.226026035281061,-0.004584018956736807,-0.004584018956736807,-0.004584018956736807,-9.650961066939047,-9.650961066939047,-9.650961066939047,-2.57997513482884,-2.57997513482884,-2.57997513482884,0.0,0.0,0.0,-0.16918618078490513,-0.16918618078490513,-0.16918618078490513,0.6271112079552257,0.6271112079552257,0.6271112079552257,-1.1235094084960817,-1.1235094084960817,-1.1235094084960817,-4.763317237357017,-4.763317237357017,-4.763317237357017,-1.4555239957749055,-1.4555239957749055,-1.4555239957749055,-0.8811516382368435,-0.8811516382368435,-0.8811516382368435,-0.09676522446868963,-0.09676522446868963,-0.09676522446868963,1.0111801929967232,1.0111801929967232,1.0111801929967232,0.4997570472961612,0.4997570472961612,0.4997570472961612,-0.21523962898697677,-0.21523962898697677,-0.21523962898697677,-2.323249260212417,-2.323249260212417,-2.323249260212417,0.0,0.0,0.0,43.62291403146271
212,2018-03-29 04:00:00,57.32350289193148,36.764650644353836,54.1598663468599,57.32350289193148,57.32350289193148,0.0,0.0,0.0,0.0,0.0,0.0,0.0,0.0,0.0,0.0,0.0,0.0,0.0,0.0,0.0,0.0,0.0,0.0,0.0,0.0,0.0,0.0,0.0,0.0,0.0,0.0,0.0,0.0,0.0,0.0,-11.641842221215901,-11.641842221215901,-11.641842221215901,-1.7179805341533874,-1.7179805341533874,-1.7179805341533874,-0.004584018956736807,-0.004584018956736807,-0.004584018956736807,-8.103894354561309,-8.103894354561309,-8.103894354561309,-2.52151471530599,-2.52151471530599,-2.52151471530599,0.0,0.0,0.0,-0.15038432302860433,-0.15038432302860433,-0.15038432302860433,0.9929128718998401,0.9929128718998401,0.9929128718998401,-0.3420184190645692,-0.3420184190645692,-0.3420184190645692,-4.356650510925575,-4.356650510925575,-4.356650510925575,-1.206501107176943,-1.206501107176943,-1.206501107176943,-0.7314065658537711,-0.7314065658537711,-0.7314065658537711,-0.10949369972614496,-0.10949369972614496,-0.10949369972614496,0.5315918458523002,0.5315918458523002,0.5315918458523002,0.5028598126956149,0.5028598126956149,0.5028598126956149,-0.205845712275114,-0.205845712275114,-0.205845712275114,-2.322827145196821,-2.322827145196821,-2.322827145196821,0.0,0.0,0.0,45.68166067071558
213,2018-03-29 05:00:00,57.32361243726389,40.69147341097323,60.05858729739494,57.32361243726389,57.32361243726389,0.0,0.0,0.0,0.0,0.0,0.0,0.0,0.0,0.0,0.0,0.0,0.0,0.0,0.0,0.0,0.0,0.0,0.0,0.0,0.0,0.0,0.0,0.0,0.0,0.0,0.0,0.0,0.0,0.0,0.0,-6.796461788019381,-6.796461788019381,-6.796461788019381,-0.8577531327348716,-0.8577531327348716,-0.8577531327348716,-0.004584018956736807,-0.004584018956736807,-0.004584018956736807,-4.121391422620894,-4.121391422620894,-4.121391422620894,-2.092804972138418,-2.092804972138418,-2.092804972138418,0.0,0.0,0.0,-0.1315824652723035,-0.1315824652723035,-0.1315824652723035,1.45230034225465,1.45230034225465,1.45230034225465,0.4885347849500904,0.4885347849500904,0.4885347849500904,-2.1832427841086384,-2.1832427841086384,-2.1832427841086384,-0.4334607290752897,-0.4334607290752897,-0.4334607290752897,-0.699642459590695,-0.699642459590695,-0.699642459590695,-0.11253746554857993,-0.11253746554857993,-0.11253746554857993,-0.20313750197295566,-0.20313750197295566,-0.20313750197295566,0.505097967605911,0.505097967605911,0.505097967605911,-0.20123415316201773,-0.20123415316201773,-0.20123415316201773,-2.322415200269527,-2.322415200269527,-2.322415200269527,0.0,0.0,0.0,50.52715064924451
214,2018-03-29 06:00:00,57.32372198259629,47.72392600746586,65.57046783950615,57.32372198259629,57.32372198259629,0.0,0.0,0.0,0.0,0.0,0.0,0.0,0.0,0.0,0.0,0.0,0.0,0.0,0.0,0.0,0.0,0.0,0.0,0.0,0.0,0.0,0.0,0.0,0.0,0.0,0.0,0.0,0.0,0.0,0.0,-1.0723595826231507,-1.0723595826231507,-1.0723595826231507,0.035404415967346003,0.035404415967346003,0.035404415967346003,-0.004584018956736807,-0.004584018956736807,-0.004584018956736807,0.7076621119781115,0.7076621119781115,0.7076621119781115,-1.804500168166753,-1.804500168166753,-1.804500168166753,0.0,0.0,0.0,-0.11278060751600265,-0.11278060751600265,-0.11278060751600265,1.8600670701847888,1.8600670701847888,1.8600670701847888,1.8868079005697025,1.8868079005697025,1.8868079005697025,-1.249038943111961,-1.249038943111961,-1.249038943111961,0.2845807288452183,0.2845807288452183,0.2845807288452183,0.7467588077457996,0.7467588077457996,0.7467588077457996,-0.09335251733444436,-0.09335251733444436,-0.09335251733444436,-0.6262409993425909,-0.6262409993425909,-0.6262409993425909,0.5065872397061456,0.5065872397061456,0.5065872397061456,-0.18005514093890904,-0.18005514093890904,-0.18005514093890904,-2.3220133502747538,-2.3220133502747538,-2.3220133502747538,0.0,0.0,0.0,56.25136239997314
215,2018-03-29 07:00:00,57.3238315279287,53.37881393364054,72.25073303524779,57.3238315279287,57.3238315279287,0.0,0.0,0.0,0.0,0.0,0.0,0.0,0.0,0.0,0.0,0.0,0.0,0.0,0.0,0.0,0.0,0.0,0.0,0.0,0.0,0.0,0.0,0.0,0.0,0.0,0.0,0.0,0.0,0.0,0.0,5.556279854219295,5.556279854219295,5.556279854219295,0.6557372227113718,0.6557372227113718,0.6557372227113718,-0.004584018956736807,-0.004584018956736807,-0.004584018956736807,6.714712136772022,6.714712136772022,6.714712136772022,-1.670091169434729,-1.670091169434729,-1.670091169434729,0.0,0.0,0.0,-0.09397874975970182,-0.09397874975970182,-0.09397874975970182,2.162735452027287,2.162735452027287,2.162735452027287,5.254578487312685,5.254578487312685,5.254578487312685,-0.304668433954498,-0.304668433954498,-0.304668433954498,0.9369290321049129,0.9369290321049129,0.9369290321049129,1.4954841696611616,1.4954841696611616,1.4954841696611616,0.01880564145588673,0.01880564145588673,0.01880564145588673,-0.9755944664402396,-0.9755944664402396,-0.9755944664402396,0.5074520137901731,0.5074520137901731,0.5074520137901731,-0.10490380724400714,-0.10490380724400714,-0.10490380724400714,-2.3216215190542693,-2.3216215190542693,-2.3216215190542693,0.0,0.0,0.0,62.880111382147994
216,2018-03-29 08:00:00,57.08826259712936,53.125815683813215,71.39388816515951,57.08826259712936,57.08826259712936,0.0,0.0,0.0,0.0,0.0,0.0,0.0,0.0,0.0,0.0,0.0,0.0,0.0,0.0,0.0,0.0,0.0,0.0,0.0,0.0,0.0,0.0,0.0,0.0,0.0,0.0,0.0,0.0,0.0,0.0,4.995690776018718,4.995690776018718,4.995690776018718,1.004783737529499,1.004783737529499,1.004783737529499,-0.012009327296756463,-0.012009327296756463,-0.012009327296756463,6.026942065437824,6.026942065437824,6.026942065437824,-1.5143964529964602,-1.5143964529964602,-1.5143964529964602,0.0,0.0,0.0,-0.1029661119722475,-0.1029661119722475,-0.1029661119722475,1.8557324844552079,1.8557324844552079,1.8557324844552079,3.8917217703627136,3.8917217703627136,3.8917217703627136,-0.18510555959618924,-0.18510555959618924,-0.18510555959618924,1.230339651878797,1.230339651878797,1.230339651878797,1.755475830437263,1.755475830437263,1.755475830437263,0.16407208878718219,0.16407208878718219,0.16407208878718219,-1.0089272371077023,-1.0089272371077023,-1.0089272371077023,0.5296480812191904,0.5296480812191904,0.5296480812191904,-0.0469950715139846,-0.0469950715139846,-0.0469950715139846,-2.565683108167795,-2.565683108167795,-2.565683108167795,0.0,0.0,0.0,62.08395337314808
217,2018-03-29 09:00:00,57.08832202638261,51.208331245604484,70.33857144942606,57.08832202638261,57.08832202638261,0.0,0.0,0.0,0.0,0.0,0.0,0.0,0.0,0.0,0.0,0.0,0.0,0.0,0.0,0.0,0.0,0.0,0.0,0.0,0.0,0.0,0.0,0.0,0.0,0.0,0.0,0.0,0.0,0.0,0.0,3.728951320205191,3.728951320205191,3.728951320205191,1.06961155439839,1.06961155439839,1.06961155439839,-0.012009327296756463,-0.012009327296756463,-0.012009327296756463,4.694815002727311,4.694815002727311,4.694815002727311,-1.9101499186881201,-1.9101499186881201,-1.9101499186881201,0.0,0.0,0.0,-0.07721413608244357,-0.07721413608244357,-0.07721413608244357,1.648239951688843,1.648239951688843,1.648239951688843,3.6612193456771815,3.6612193456771815,3.6612193456771815,-0.18961221102821985,-0.18961221102821985,-0.18961221102821985,0.6272065883871235,0.6272065883871235,0.6272065883871235,1.7333896625748026,1.7333896625748026,1.7333896625748026,0.25618034509846854,0.25618034509846854,0.25618034509846854,-0.979276454472148,-0.979276454472148,-0.979276454472148,0.5299696326139006,0.5299696326139006,0.5299696326139006,-0.0631588431314204,-0.0631588431314204,-0.0631588431314204,-2.5654448695344105,-2.5654448695344105,-2.5654448695344105,0.0,0.0,0.0,60.817273346587804
218,2018-03-29 10:00:00,57.08838145563587,50.26636077265578,69.95296122755143,57.08838145563587,57.08838145563587,0.0,0.0,0.0,0.0,0.0,0.0,0.0,0.0,0.0,0.0,0.0,0.0,0.0,0.0,0.0,0.0,0.0,0.0,0.0,0.0,0.0,0.0,0.0,0.0,0.0,0.0,0.0,0.0,0.0,0.0,2.9574356088255804,2.9574356088255804,2.9574356088255804,1.0705655003806864,1.0705655003806864,1.0705655003806864,-0.012009327296756463,-0.012009327296756463,-0.012009327296756463,3.9219831876386513,3.9219831876386513,3.9219831876386513,-2.196302487239609,-2.196302487239609,-2.196302487239609,0.0,0.0,0.0,-0.05146216019263965,-0.05146216019263965,-0.05146216019263965,1.5363945343984236,1.5363945343984236,1.5363945343984236,3.695622692645175,3.695622692645175,3.695622692645175,-0.2425653653545805,-0.2425653653545805,-0.2425653653545805,0.5566910312127231,0.5566910312127231,0.5566910312127231,1.3667592760579628,1.3667592760579628,1.3667592760579628,0.2782947511488155,0.2782947511488155,0.2782947511488155,-0.8846057413429137,-0.8846057413429137,-0.8846057413429137,0.5301014198677909,0.5301014198677909,0.5301014198677909,-0.12483401639794924,-0.12483401639794924,-0.12483401639794924,-2.565214499061549,-2.565214499061549,-2.565214499061549,0.0,0.0,0.0,60.045817064461446
219,2018-03-29 11:00:00,57.088440884889124,48.4725609098108,67.26858870118336,57.088440884889124,57.088440884889124,0.0,0.0,0.0,0.0,0.0,0.0,0.0,0.0,0.0,0.0,0.0,0.0,0.0,0.0,0.0,0.0,0.0,0.0,0.0,0.0,0.0,0.0,0.0,0.0,0.0,0.0,0.0,0.0,0.0,0.0,0.9785187903887947,0.9785187903887947,0.9785187903887947,1.0191507603310932,1.0191507603310932,1.0191507603310932,-0.012009327296756463,-0.012009327296756463,-0.012009327296756463,1.9942004737506245,1.9942004737506245,1.9942004737506245,-2.3302040357819,-2.3302040357819,-2.3302040357819,0.0,0.0,0.0,-0.025710184302835715,-0.025710184302835715,-0.025710184302835715,1.135293727563815,1.135293727563815,1.135293727563815,2.9249877205622017,2.9249877205622017,2.9249877205622017,-0.43409805121588574,-0.43409805121588574,-0.43409805121588574,0.3646486627377635,0.3646486627377635,0.3646486627377635,1.0829520190253474,1.0829520190253474,1.0829520190253474,0.2882637849873846,0.2882637849873846,0.2882637849873846,-0.7960769760453302,-0.7960769760453302,-0.7960769760453302,0.5301594738510911,0.5301594738510911,0.5301594738510911,-0.20384686648318015,-0.20384686648318015,-0.20384686648318015,-2.564991917544014,-2.564991917544014,-2.564991917544014,0.0,0.0,0.0,58.06695967527792
220,2018-03-29 12:00:00,57.08850031414237,48.17324569001432,65.70464304014871,57.08850031414237,57.08850031414237,0.0,0.0,0.0,0.0,0.0,0.0,0.0,0.0,0.0,0.0,0.0,0.0,0.0,0.0,0.0,0.0,0.0,0.0,0.0,0.0,0.0,0.0,0.0,0.0,0.0,0.0,0.0,0.0,0.0,0.0,-0.24241903782989319,-0.24241903782989319,-0.24241903782989319,0.7933861919988082,0.7933861919988082,0.7933861919988082,-0.012009327296756463,-0.012009327296756463,-0.012009327296756463,0.9987214635551536,0.9987214635551536,0.9987214635551536,-2.4660893109692616,-2.4660893109692616,-2.4660893109692616,0.0,0.0,0.0,4.179158696821517e-05,4.179158696821517e-05,4.179158696821517e-05,1.031161787327907,1.031161787327907,1.031161787327907,2.666962618302281,2.666962618302281,2.666962618302281,-0.7743502343342042,-0.7743502343342042,-0.7743502343342042,0.21311523136298915,0.21311523136298915,0.21311523136298915,0.8510472564695145,0.8510472564695145,0.8510472564695145,0.2895274653331187,0.2895274653331187,0.2895274653331187,-0.590427619337307,-0.590427619337307,-0.590427619337307,0.5302503514585237,0.5302503514585237,0.5302503514585237,-0.21025819489009603,-0.21025819489009603,-0.21025819489009603,-2.5647770448423786,-2.5647770448423786,-2.5647770448423786,0.0,0.0,0.0,56.84608127631248
221,2018-03-29 13:00:00,57.08855974339563,43.941398351871136,63.77758797992957,57.08855974339563,57.08855974339563,0.0,0.0,0.0,0.0,0.0,0.0,0.0,0.0,0.0,0.0,0.0,0.0,0.0,0.0,0.0,0.0,0.0,0.0,0.0,0.0,0.0,0.0,0.0,0.0,0.0,0.0,0.0,0.0,0.0,0.0,-3.019784760836784,-3.019784760836784,-3.019784760836784,0.3489107304014757,0.3489107304014757,0.3489107304014757,-0.012009327296756463,-0.012009327296756463,-0.012009327296756463,-1.3345934382824955,-1.3345934382824955,-1.3345934382824955,-2.6138769460270495,-2.6138769460270495,-2.6138769460270495,0.0,0.0,0.0,0.025793767476772148,0.025793767476772148,0.025793767476772148,1.010721073133451,1.010721073133451,1.010721073133451,1.4043597845770588,1.4043597845770588,1.4043597845770588,-1.3264150347579657,-1.3264150347579657,-1.3264150347579657,0.01057054586205402,0.01057054586205402,0.01057054586205402,0.46122639369709145,0.46122639369709145,0.46122639369709145,0.2816645654041065,0.2816645654041065,0.2816645654041065,-0.3873197582837599,-0.3873197582837599,-0.3873197582837599,0.5304677469280102,0.5304677469280102,0.5304677469280102,-0.18930850206749766,-0.18930850206749766,-0.18930850206749766,-2.564569799883775,-2.564569799883775,-2.564569799883775,0.0,0.0,0.0,54.06877498255884
222,2018-03-29 14:00:00,57.08861917264888,43.034071670674386,61.46421467367857,57.08861917264888,57.08861917264888,0.0,0.0,0.0,0.0,0.0,0.0,0.0,0.0,0.0,0.0,0.0,0.0,0.0,0.0,0.0,0.0,0.0,0.0,0.0,0.0,0.0,0.0,0.0,0.0,0.0,0.0,0.0,0.0,0.0,0.0,-4.984240792366054,-4.984240792366054,-4.984240792366054,-0.115332762554655,-0.115332762554655,-0.115332762554655,-0.012009327296756463,-0.012009327296756463,-0.012009327296756463,-2.835427228710399,-2.835427228710399,-2.835427228710399,-2.667437565443966,-2.667437565443966,-2.667437565443966,0.0,0.0,0.0,0.05154574336657608,0.05154574336657608,0.05154574336657608,1.0165061809243348,1.0165061809243348,1.0165061809243348,1.0603263148971616,1.0603263148971616,1.0603263148971616,-1.5630142349395775,-1.5630142349395775,-1.5630142349395775,-0.5730582145813797,-0.5730582145813797,-0.5730582145813797,0.049319363062207064,0.049319363062207064,0.049319363062207064,0.26200731558157586,0.26200731558157586,0.26200731558157586,-0.2672340886097649,-0.2672340886097649,-0.2672340886097649,0.530889299564714,0.530889299564714,0.530889299564714,-0.19237871567080947,-0.19237871567080947,-0.19237871567080947,-2.5643701006657134,-2.5643701006657134,-2.5643701006657134,0.0,0.0,0.0,52.10437838028283
223,2018-03-29 15:00:00,57.08867860190214,41.63978160187172,60.02206093066985,57.08867860190214,57.08867860190214,0.0,0.0,0.0,0.0,0.0,0.0,0.0,0.0,0.0,0.0,0.0,0.0,0.0,0.0,0.0,0.0,0.0,0.0,0.0,0.0,0.0,0.0,0.0,0.0,0.0,0.0,0.0,0.0,0.0,0.0,-5.879889821928595,-5.879889821928595,-5.879889821928595,-0.2429707709028449,-0.2429707709028449,-0.2429707709028449,-0.012009327296756463,-0.012009327296756463,-0.012009327296756463,-3.6043148380822525,-3.6043148380822525,-3.6043148380822525,-2.6654538387988946,-2.6654538387988946,-2.6654538387988946,0.0,0.0,0.0,0.07729771925638002,0.07729771925638002,0.07729771925638002,1.0866988221203913,1.0866988221203913,1.0866988221203913,0.7025315064300689,0.7025315064300689,0.7025315064300689,-1.592307469247777,-1.592307469247777,-1.592307469247777,-0.6060654966630143,-0.6060654966630143,-0.6060654966630143,-0.431054787946304,-0.431054787946304,-0.431054787946304,0.22234179361825515,0.22234179361825515,0.22234179361825515,-0.1863298102756095,-0.1863298102756095,-0.1863298102756095,0.5315736513147986,0.5315736513147986,0.5315736513147986,-0.19996394927899164,-0.19996394927899164,-0.19996394927899164,-2.564177864258296,-2.564177864258296,-2.564177864258296,0.0,0.0,0.0,51.208788779973546
224,2018-03-29 16:00:00,57.08873803115539,42.79686902930536,62.23327011477999,57.08873803115539,57.08873803115539,0.0,0.0,0.0,0.0,0.0,0.0,0.0,0.0,0.0,0.0,0.0,0.0,0.0,0.0,0.0,0.0,0.0,0.0,0.0,0.0,0.0,0.0,0.0,0.0,0.0,0.0,0.0,0.0,0.0,0.0,-4.694622701841095,-4.694622701841095,-4.694622701841095,0.1839634464596101,0.1839634464596101,0.1839634464596101,-0.012009327296756463,-0.012009327296756463,-0.012009327296756463,-2.847150945845119,-2.847150945845119,-2.847150945845119,-2.5999908595115526,-2.5999908595115526,-2.5999908595115526,0.0,0.0,0.0,0.10304969514618394,0.10304969514618394,0.10304969514618394,1.2722079452813977,1.2722079452813977,1.2722079452813977,0.5408357756805177,0.5408357756805177,0.5408357756805177,-1.1495289660507602,-1.1495289660507602,-1.1495289660507602,-0.5640562285591167,-0.5640562285591167,-0.5640562285591167,-0.3614833591795538,-0.3614833591795538,-0.3614833591795538,0.15641980224912563,0.15641980224912563,0.15641980224912563,-0.044641427538567785,-0.044641427538567785,-0.044641427538567785,0.5325578043512154,0.5325578043512154,0.5325578043512154,-0.18795399606603655,-0.18795399606603655,-0.18795399606603655,-2.5639930068068018,-2.5639930068068018,-2.5639930068068018,0.0,0.0,0.0,52.39411532931429
225,2018-03-29 17:00:00,57.08879746040864,46.73884375859554,66.35557108487654,57.08879746040864,57.08879746040864,0.0,0.0,0.0,0.0,0.0,0.0,0.0,0.0,0.0,0.0,0.0,0.0,0.0,0.0,0.0,0.0,0.0,0.0,0.0,0.0,0.0,0.0,0.0,0.0,0.0,0.0,0.0,0.0,0.0,0.0,-0.2944917482714864,-0.2944917482714864,-0.2944917482714864,1.0060775009137954,1.0060775009137954,1.0060775009137954,-0.012009327296756463,-0.012009327296756463,-0.012009327296756463,0.7293913696623877,0.7293913696623877,0.7293913696623877,-2.412528691552345,-2.412528691552345,-2.412528691552345,0.0,0.0,0.0,0.12880167103598786,0.12880167103598786,0.12880167103598786,1.4264774863716316,1.4264774863716316,1.4264774863716316,1.5282118336618216,1.5282118336618216,1.5282118336618216,0.15965327495415993,0.15965327495415993,0.15965327495415993,0.2731284715114141,0.2731284715114141,0.2731284715114141,-0.19141986663860985,-0.19141986663860985,-0.19141986663860985,0.05111310677128295,0.05111310677128295,0.05111310677128295,-0.057560697115487884,-0.057560697115487884,-0.057560697115487884,0.5338548246845447,0.5338548246845447,0.5338548246845447,-0.1644758920407108,-0.1644758920407108,-0.1644758920407108,-2.563815443532214,-2.563815443532214,-2.563815443532214,0.0,0.0,0.0,56.79430571213716
226,2018-03-29 18:00:00,57.0888568896619,55.766285831921664,74.40237516618498,57.0888568896619,57.0888568896619,0.0,0.0,0.0,0.0,0.0,0.0,0.0,0.0,0.0,0.0,0.0,0.0,0.0,0.0,0.0,0.0,0.0,0.0,0.0,0.0,0.0,0.0,0.0,0.0,0.0,0.0,0.0,0.0,0.0,0.0,7.517256743021788,7.517256743021788,7.517256743021788,1.7446626239979457,1.7446626239979457,1.7446626239979457,-0.012009327296756463,-0.012009327296756463,-0.012009327296756463,7.800787274620846,7.800787274620846,7.800787274620846,-2.3788053385861385,-2.3788053385861385,-2.3788053385861385,0.0,0.0,0.0,0.15455364692579182,0.15455364692579182,0.15455364692579182,1.7585426735683607,1.7585426735683607,1.7585426735683607,5.298818661353494,5.298818661353494,5.298818661353494,1.169143195729037,1.169143195729037,1.169143195729037,1.5844177687545054,1.5844177687545054,1.5844177687545054,0.7384078003709678,0.7384078003709678,0.7384078003709678,-0.02920079964648504,-0.02920079964648504,-0.02920079964648504,-0.35300956694833274,-0.35300956694833274,-0.35300956694833274,0.5354519331408221,0.5354519331408221,0.5354519331408221,-0.13007143960359882,-0.13007143960359882,-0.13007143960359882,-2.5636450887378253,-2.5636450887378253,-2.5636450887378253,0.0,0.0,0.0,64.60611363268369
227,2018-03-29 19:00:00,57.088916318915146,57.885531640658044,76.36150591978887,57.088916318915146,57.088916318915146,0.0,0.0,0.0,0.0,0.0,0.0,0.0,0.0,0.0,0.0,0.0,0.0,0.0,0.0,0.0,0.0,0.0,0.0,0.0,0.0,0.0,0.0,0.0,0.0,0.0,0.0,0.0,0.0,0.0,0.0,9.720255364212182,9.720255364212182,9.720255364212182,1.9324737457042906,1.9324737457042906,1.9324737457042906,-0.012009327296756463,-0.012009327296756463,-0.012009327296756463,9.813954454612663,9.813954454612663,9.813954454612663,-2.3088789743473868,-2.3088789743473868,-2.3088789743473868,0.0,0.0,0.0,0.18030562281559573,0.18030562281559573,0.18030562281559573,1.9544649907529579,1.9544649907529579,1.9544649907529579,7.118755715960152,7.118755715960152,7.118755715960152,1.0069037441759319,1.0069037441759319,1.0069037441759319,1.7089452420624873,1.7089452420624873,1.7089452420624873,1.0155892070448438,1.0155892070448438,1.0155892070448438,-0.04941968517823083,-0.04941968517823083,-0.04941968517823083,-0.681286088984827,-0.681286088984827,-0.681286088984827,0.5373090197045677,0.5373090197045677,0.5373090197045677,-0.1194159923921048,-0.1194159923921048,-0.1194159923921048,-2.5634818558093375,-2.5634818558093375,-2.5634818558093375,0.0,0.0,0.0,66.80917168312733
228,2018-03-29 20:00:00,57.0889757481684,52.90633238747534,71.65723652652103,57.0889757481684,57.0889757481684,0.0,0.0,0.0,0.0,0.0,0.0,0.0,0.0,0.0,0.0,0.0,0.0,0.0,0.0,0.0,0.0,0.0,0.0,0.0,0.0,0.0,0.0,0.0,0.0,0.0,0.0,0.0,0.0,0.0,0.0,5.4848760882523795,5.4848760882523795,5.4848760882523795,1.440676004074799,1.440676004074799,1.440676004074799,-0.012009327296756463,-0.012009327296756463,-0.012009327296756463,6.068168130002182,6.068168130002182,6.068168130002182,-2.353016892200216,-2.353016892200216,-2.353016892200216,0.0,0.0,0.0,0.2060575987053997,0.2060575987053997,0.2060575987053997,1.586146461400024,1.586146461400024,1.586146461400024,4.94790452228,4.94790452228,4.94790452228,0.16641325210220542,0.16641325210220542,0.16641325210220542,1.0307956283852826,1.0307956283852826,1.0307956283852826,0.9559565538162004,0.9559565538162004,0.9559565538162004,-0.05096418337857252,-0.05096418337857252,-0.05096418337857252,-0.2517733233783687,-0.2517733233783687,-0.2517733233783687,0.5393576113919822,0.5393576113919822,0.5393576113919822,-0.1573421604330157,-0.1573421604330157,-0.1573421604330157,-2.563325657216584,-2.563325657216584,-2.563325657216584,0.0,0.0,0.0,62.57385183642078
229,2018-03-29 21:00:00,57.08903517742165,47.48822646926923,66.13416768221003,57.08903517742165,57.08903517742165,0.0,0.0,0.0,0.0,0.0,0.0,0.0,0.0,0.0,0.0,0.0,0.0,0.0,0.0,0.0,0.0,0.0,0.0,0.0,0.0,0.0,0.0,0.0,0.0,0.0,0.0,0.0,0.0,0.0,0.0,-0.5810113320084905,-0.5810113320084905,-0.5810113320084905,0.5278223336022668,0.5278223336022668,0.5278223336022668,-0.012009327296756463,-0.012009327296756463,-0.012009327296756463,0.9128424213737116,0.9128424213737116,0.9128424213737116,-2.221099070302996,-2.221099070302996,-2.221099070302996,0.0,0.0,0.0,0.23180957459520363,0.23180957459520363,0.23180957459520363,1.4916563674822556,1.4916563674822556,1.4916563674822556,1.462845474422642,1.462845474422642,1.462845474422642,-0.7608302800381118,-0.7608302800381118,-0.7608302800381118,0.4546685229604004,0.4546685229604004,0.4546685229604004,0.3530041711710358,0.3530041711710358,0.3530041711710358,-0.05117479676952821,-0.05117479676952821,-0.05117479676952821,0.13919342480186903,0.13919342480186903,0.13919342480186903,0.5415003175372098,0.5415003175372098,0.5415003175372098,-0.1752216396523022,-0.1752216396523022,-0.1752216396523022,-2.5631764045216783,-2.5631764045216783,-2.5631764045216783,0.0,0.0,0.0,56.508023845413156
230,2018-03-29 22:00:00,57.089094606674905,41.229739649502164,60.66091166231525,57.089094606674905,57.089094606674905,0.0,0.0,0.0,0.0,0.0,0.0,0.0,0.0,0.0,0.0,0.0,0.0,0.0,0.0,0.0,0.0,0.0,0.0,0.0,0.0,0.0,0.0,0.0,0.0,0.0,0.0,0.0,0.0,0.0,0.0,-5.572170870750424,-5.572170870750424,-5.572170870750424,-0.40810643746525016,-0.40810643746525016,-0.40810643746525016,-0.012009327296756463,-0.012009327296756463,-0.012009327296756463,-3.1446411946197874,-3.1446411946197874,-3.1446411946197874,-2.3118545643149933,-2.3118545643149933,-2.3118545643149933,0.0,0.0,0.0,0.25756155048500756,0.25756155048500756,0.25756155048500756,1.4870282812495486,1.4870282812495486,1.4870282812495486,-0.4121369353327984,-0.4121369353327984,-0.4121369353327984,-1.4864011605950556,-1.4864011605950556,-1.4864011605950556,-0.5100443124255342,-0.5100443124255342,-0.5100443124255342,-0.4564538809881329,-0.4564538809881329,-0.4564538809881329,-0.05145561462413579,-0.05145561462413579,-0.05145561462413579,0.5202059816687421,0.5202059816687421,0.5202059816687421,0.5436107697096919,0.5436107697096919,0.5436107697096919,-0.16908121244567856,-0.16908121244567856,-0.16908121244567856,-2.563034008375079,-2.563034008375079,-2.563034008375079,0.0,0.0,0.0,51.51692373592448
231,2018-03-29 23:00:00,57.08915403592816,38.716727653744506,58.8476992482635,57.08915403592816,57.08915403592816,0.0,0.0,0.0,0.0,0.0,0.0,0.0,0.0,0.0,0.0,0.0,0.0,0.0,0.0,0.0,0.0,0.0,0.0,0.0,0.0,0.0,0.0,0.0,0.0,0.0,0.0,0.0,0.0,0.0,0.0,-7.873445791407215,-7.873445791407215,-7.873445791407215,-1.1305472542783896,-1.1305472542783896,-1.1305472542783896,-0.012009327296756463,-0.012009327296756463,-0.012009327296756463,-4.725534225175325,-4.725534225175325,-4.725534225175325,-2.355000618845287,-2.355000618845287,-2.355000618845287,0.0,0.0,0.0,0.28331352637481144,0.28331352637481144,0.28331352637481144,1.4210780524334736,1.4210780524334736,1.4210780524334736,-2.390329385992207,-2.390329385992207,-2.390329385992207,-0.30227849682898744,-0.30227849682898744,-0.30227849682898744,-0.6720800608262818,-0.6720800608262818,-0.6720800608262818,-1.4437055844401068,-1.4437055844401068,-1.4437055844401068,-0.05615931368881276,-0.05615931368881276,-0.05615931368881276,0.9243037907304397,0.9243037907304397,0.9243037907304397,0.5455340665704772,0.5455340665704772,0.5455340665704772,-0.12266680679561147,-0.12266680679561147,-0.12266680679561147,-2.562898378523979,-2.562898378523979,-2.562898378523979,0.0,0.0,0.0,49.21570824452095
232,2018-03-30 00:00:00,57.08921346518141,37.187594737919895,55.131942089718336,57.08921346518141,57.08921346518141,0.0,0.0,0.0,0.0,0.0,0.0,0.0,0.0,0.0,0.0,0.0,0.0,0.0,0.0,0.0,-0.365652912,-0.365652912,-0.365652912,0.0,0.0,0.0,0.0,0.0,0.0,0.0,0.0,0.0,0.0,0.0,0.0,-11.10614647720611,-11.10614647720611,-11.10614647720611,-1.651247151998013,-1.651247151998013,-1.651247151998013,0.012018859196624014,0.012018859196624014,0.012018859196624014,-7.073564716241262,-7.073564716241262,-7.073564716241262,-2.373846021973461,-2.373846021973461,-2.373846021973461,-0.365652912,-0.365652912,-0.365652912,4.179158696821517e-05,4.179158696821517e-05,4.179158696821517e-05,1.2656514897850626,1.2656514897850626,1.2656514897850626,-2.558905786135357,-2.558905786135357,-2.558905786135357,-1.1776955375009523,-1.1776955375009523,-1.1776955375009523,-1.7193111014163003,-1.7193111014163003,-1.7193111014163003,-1.546406265000548,-1.546406265000548,-1.546406265000548,-0.0684450948278944,-0.0684450948278944,-0.0684450948278944,1.2040801040273486,1.2040801040273486,1.2040801040273486,0.5470877268455429,0.5470877268455429,0.5470877268455429,-0.11074715398275377,-0.11074715398275377,-0.11074715398275377,-2.5627694238123757,-2.5627694238123757,-2.5627694238123757,0.0,0.0,0.0,45.9830669879753
233,2018-03-30 01:00:00,57.089272894434664,35.10808482294991,53.59135425818778,57.089272894434664,57.089272894434664,0.0,0.0,0.0,0.0,0.0,0.0,0.0,0.0,0.0,0.0,0.0,0.0,0.0,0.0,0.0,-0.365652912,-0.365652912,-0.365652912,0.0,0.0,0.0,0.0,0.0,0.0,0.0,0.0,0.0,0.0,0.0,0.0,-12.730515608972816,-12.730515608972816,-12.730515608972816,-2.064455153760056,-2.064455153760056,-2.064455153760056,0.012018859196624014,0.012018859196624014,0.012018859196624014,-8.285823637415556,-8.285823637415556,-8.285823637415556,-2.224074660270602,-2.224074660270602,-2.224074660270602,-0.365652912,-0.365652912,-0.365652912,-0.283229943200875,-0.283229943200875,-0.283229943200875,1.0118780946916277,1.0118780946916277,1.0118780946916277,-2.920140929299248,-2.920140929299248,-2.920140929299248,-1.6035740978278539,-1.6035740978278539,-1.6035740978278539,-1.7868259965832793,-1.7868259965832793,-1.7868259965832793,-1.6468983287747416,-1.6468983287747416,-1.6468983287747416,-0.0755357456567358,-0.0755357456567358,-0.0755357456567358,1.3326374258829303,1.3326374258829303,1.3326374258829303,0.5480631463887009,0.5480631463887009,0.5480631463887009,-0.10207831557340273,-0.10207831557340273,-0.10207831557340273,-2.5626470521859064,-2.5626470521859064,-2.5626470521859064,0.0,0.0,0.0,44.35875728546185
234,2018-03-30 02:00:00,57.08933232368792,32.712780944898284,52.23622731582183,57.08933232368792,57.08933232368792,0.0,0.0,0.0,0.0,0.0,0.0,0.0,0.0,0.0,0.0,0.0,0.0,0.0,0.0,0.0,-0.365652912,-0.365652912,-0.365652912,0.0,0.0,0.0,0.0,0.0,0.0,0.0,0.0,0.0,0.0,0.0,0.0,-14.113063684225462,-14.113063684225462,-14.113063684225462,-2.3368410203711107,-2.3368410203711107,-2.3368410203711107,0.012018859196624014,0.012018859196624014,0.012018859196624014,-9.396266129273402,-9.396266129273402,-9.396266129273402,-2.3921954934403677,-2.3921954934403677,-2.3921954934403677,-0.365652912,-0.365652912,-0.365652912,-0.2574779673110711,-0.2574779673110711,-0.2574779673110711,0.8753495508267705,0.8753495508267705,0.8753495508267705,-3.216009713223959,-3.216009713223959,-3.216009713223959,-1.8965064409098493,-1.8965064409098493,-1.8965064409098493,-2.124400472418171,-2.124400472418171,-2.124400472418171,-1.611560460194805,-1.611560460194805,-1.611560460194805,-0.08459212146783028,-0.08459212146783028,-0.08459212146783028,1.4400156172845453,1.4400156172845453,1.4400156172845453,0.5482275481135761,0.5482275481135761,0.5482275481135761,-0.14090748761528762,-0.14090748761528762,-0.14090748761528762,-2.5625311706945273,-2.5625311706945273,-2.5625311706945273,0.0,0.0,0.0,42.97626863946246
235,2018-03-30 03:00:00,57.089391752941175,33.616444740210454,52.084243607975516,57.089391752941175,57.089391752941175,0.0,0.0,0.0,0.0,0.0,0.0,0.0,0.0,0.0,0.0,0.0,0.0,0.0,0.0,0.0,-0.365652912,-0.365652912,-0.365652912,0.0,0.0,0.0,0.0,0.0,0.0,0.0,0.0,0.0,0.0,0.0,0.0,-14.370464714884283,-14.370464714884283,-14.370464714884283,-2.28631687710035,-2.28631687710035,-2.28631687710035,0.012018859196624014,0.012018859196624014,0.012018859196624014,-9.703399646737378,-9.703399646737378,-9.703399646737378,-2.4903899623713808,-2.4903899623713808,-2.4903899623713808,-0.365652912,-0.365652912,-0.365652912,-0.23172599142126718,-0.23172599142126718,-0.23172599142126718,0.839481882523291,0.839481882523291,0.839481882523291,-3.1884870356495685,-3.1884870356495685,-3.1884870356495685,-1.9573462352422646,-1.9573462352422646,-1.9573462352422646,-2.5699987805202276,-2.5699987805202276,-2.5699987805202276,-1.3034584185134843,-1.3034584185134843,-1.3034584185134843,-0.08655784645008334,-0.08655784645008334,-0.08655784645008334,1.4385330781527674,1.4385330781527674,1.4385330781527674,0.547326406450805,0.547326406450805,0.547326406450805,-0.16546919644178226,-0.16546919644178226,-0.16546919644178226,-2.562421685497363,-2.562421685497363,-2.562421685497363,0.0,0.0,0.0,42.71892703805689
236,2018-03-30 04:00:00,57.08945118219442,36.02082347828216,54.82021000666984,57.08945118219442,57.08945118219442,0.0,0.0,0.0,0.0,0.0,0.0,0.0,0.0,0.0,0.0,0.0,0.0,0.0,0.0,0.0,-0.365652912,-0.365652912,-0.365652912,0.0,0.0,0.0,0.0,0.0,0.0,0.0,0.0,0.0,0.0,0.0,0.0,-11.826514429509311,-11.826514429509311,-11.826514429509311,-1.7715622280331464,-1.7715622280331464,-1.7715622280331464,0.012018859196624014,0.012018859196624014,0.012018859196624014,-7.6720671087033745,-7.6720671087033745,-7.6720671087033745,-2.4283985047129133,-2.4283985047129133,-2.4283985047129133,-0.365652912,-0.365652912,-0.365652912,-0.20597401553146324,-0.20597401553146324,-0.20597401553146324,0.9401427580846689,0.9401427580846689,0.9401427580846689,-2.407531059476201,-2.407531059476201,-2.407531059476201,-1.3669748976462417,-1.3669748976462417,-1.3669748976462417,-2.2549292697409955,-2.2549292697409955,-2.2549292697409955,-0.9125332473479377,-0.9125332473479377,-0.9125332473479377,-0.09105093212380463,-0.09105093212380463,-0.09105093212380463,1.2288596866584902,1.2288596866584902,1.2288596866584902,0.5450863210907794,0.5450863210907794,0.5450863210907794,-0.18569648606360137,-0.18569648606360137,-0.18569648606360137,-2.562318501863571,-2.562318501863571,-2.562318501863571,0.0,0.0,0.0,45.262936752685114
237,2018-03-30 05:00:00,57.08951061144768,39.977931194321414,59.05767190694926,57.08951061144768,57.08951061144768,0.0,0.0,0.0,0.0,0.0,0.0,0.0,0.0,0.0,0.0,0.0,0.0,0.0,0.0,0.0,-0.365652912,-0.365652912,-0.365652912,0.0,0.0,0.0,0.0,0.0,0.0,0.0,0.0,0.0,0.0,0.0,0.0,-7.802792145079065,-7.802792145079065,-7.802792145079065,-0.887966965652934,-0.887966965652934,-0.887966965652934,0.012018859196624014,0.012018859196624014,0.012018859196624014,-4.528169051373441,-4.528169051373441,-4.528169051373441,-2.451211361131229,-2.451211361131229,-2.451211361131229,-0.365652912,-0.365652912,-0.365652912,-0.1802220396416593,-0.1802220396416593,-0.1802220396416593,0.8869197664085381,0.8869197664085381,0.8869197664085381,-1.4476776790692882,-1.4476776790692882,-1.4476776790692882,-0.4014248283336633,-0.4014248283336633,-0.4014248283336633,-1.3877379495962512,-1.3877379495962512,-1.3877379495962512,-0.18700263306611786,-0.18700263306611786,-0.18700263306611786,-0.09203379461493115,-0.09203379461493115,-0.09203379461493115,0.9158321385488526,0.9158321385488526,0.9158321385488526,0.5412183081247187,0.5412183081247187,0.5412183081247187,-0.19562953007431616,-0.19562953007431616,-0.19562953007431616,-2.562221524177408,-2.562221524177408,-2.562221524177408,0.0,0.0,0.0,49.28671846636861
238,2018-03-30 06:00:00,57.089570040700934,45.88196960988387,64.03567902944941,57.089570040700934,57.089570040700934,0.0,0.0,0.0,0.0,0.0,0.0,0.0,0.0,0.0,0.0,0.0,0.0,0.0,0.0,0.0,-0.365652912,-0.365652912,-0.365652912,0.0,0.0,0.0,0.0,0.0,0.0,0.0,0.0,0.0,0.0,0.0,0.0,-2.750382347418445,-2.750382347418445,-2.750382347418445,0.04505209598614594,0.04505209598614594,0.04505209598614594,0.012018859196624014,0.012018859196624014,0.012018859196624014,-0.4030723459221769,-0.4030723459221769,-0.4030723459221769,-2.4353415479706615,-2.4353415479706615,-2.4353415479706615,-0.365652912,-0.365652912,-0.365652912,-0.15447006375185537,-0.15447006375185537,-0.15447006375185537,1.0689578248950142,1.0689578248950142,1.0689578248950142,0.3688190408405691,0.3688190408405691,0.3688190408405691,0.148386646374083,0.148386646374083,0.148386646374083,-0.531048946477483,-0.531048946477483,-0.531048946477483,0.6114123351618213,0.6114123351618213,0.6114123351618213,-0.081432920603495,-0.081432920603495,-0.081432920603495,0.7576240340577164,0.7576240340577164,0.7576240340577164,0.5354214704592059,0.5354214704592059,0.5354214704592059,-0.16799760764450966,-0.16799760764450966,-0.16799760764450966,-2.5621306559416195,-2.5621306559416195,-2.5621306559416195,0.0,0.0,0.0,54.33918769328249
239,2018-03-30 07:00:00,57.08962946995419,50.61772348844199,69.03131743902334,57.08962946995419,57.08962946995419,0.0,0.0,0.0,0.0,0.0,0.0,0.0,0.0,0.0,0.0,0.0,0.0,0.0,0.0,0.0,-0.365652912,-0.365652912,-0.365652912,0.0,0.0,0.0,0.0,0.0,0.0,0.0,0.0,0.0,0.0,0.0,0.0,2.6928889085970096,2.6928889085970096,2.6928889085970096,0.7082103962747316,0.7082103962747316,0.7082103962747316,0.012018859196624014,0.012018859196624014,0.012018859196624014,4.384990220537669,4.384990220537669,4.384990220537669,-2.702648713393976,-2.702648713393976,-2.702648713393976,-0.365652912,-0.365652912,-0.365652912,-0.12871808786205144,-0.12871808786205144,-0.12871808786205144,1.513639777087614,1.513639777087614,1.513639777087614,2.9387490593494,2.9387490593494,2.9387490593494,0.8852241555111032,0.8852241555111032,0.8852241555111032,0.22061688638154295,0.22061688638154295,0.22061688638154295,1.4760858069771408,1.4760858069771408,1.4760858069771408,-0.023303624699725845,-0.023303624699725845,-0.023303624699725845,0.3304409728011944,0.3304409728011944,0.3304409728011944,0.5273870035655092,0.5273870035655092,0.5273870035655092,-0.13711487081119655,-0.13711487081119655,-0.13711487081119655,-2.562045799780901,-2.562045799780901,-2.562045799780901,0.0,0.0,0.0,59.7825183785512
240,2018-03-30 08:00:00,56.83390056865871,49.0040958256638,67.17537336617323,56.83390056865871,56.83390056865871,0.0,0.0,0.0,0.0,0.0,0.0,0.0,0.0,0.0,0.0,0.0,0.0,0.0,0.0,0.0,-2.2891281599999997,-2.2891281599999997,-2.2891281599999997,0.0,0.0,0.0,0.0,0.0,0.0,0.0,0.0,0.0,0.0,0.0,0.0,1.0909173320806647,1.0909173320806647,1.0909173320806647,0.8738529034831795,0.8738529034831795,0.8738529034831795,-0.02149031023525837,-0.02149031023525837,-0.02149031023525837,4.938240484633977,4.938240484633977,4.938240484633977,-2.682785481146396,-2.682785481146396,-2.682785481146396,-2.2891281599999997,-2.2891281599999997,-2.2891281599999997,0.0007809006463551545,0.0007809006463551545,0.0007809006463551545,1.4853659854440948,1.4853659854440948,1.4853659854440948,3.147526682820534,3.147526682820534,3.147526682820534,1.0160083051390698,1.0160083051390698,1.0160083051390698,0.2114201570029532,0.2114201570029532,0.2114201570029532,1.8672583257571127,1.8672583257571127,1.8672583257571127,0.027996634068019558,0.027996634068019558,0.027996634068019558,0.05005920060928336,0.05005920060928336,0.05005920060928336,0.4731392335946808,0.4731392335946808,0.4731392335946808,-0.1638999154717912,-0.1638999154717912,-0.1638999154717912,-2.905187129631172,-2.905187129631172,-2.905187129631172,0.0,0.0,0.0,57.92481790073938
241,2018-03-30 09:00:00,56.833939219297505,48.015334160938444,67.22531952670306,56.833939219297505,56.833939219297505,0.0,0.0,0.0,0.0,0.0,0.0,0.0,0.0,0.0,0.0,0.0,0.0,0.0,0.0,0.0,-2.2891281599999997,-2.2891281599999997,-2.2891281599999997,0.0,0.0,0.0,0.0,0.0,0.0,0.0,0.0,0.0,0.0,0.0,0.0,0.5563756821666157,0.5563756821666157,0.5563756821666157,0.9928534247914552,0.9928534247914552,0.9928534247914552,-0.02149031023525837,-0.02149031023525837,-0.02149031023525837,4.287529083134128,4.287529083134128,4.287529083134128,-2.742984673401588,-2.742984673401588,-2.742984673401588,-2.2891281599999997,-2.2891281599999997,-2.2891281599999997,0.0005855963158938948,0.0005855963158938948,0.0005855963158938948,1.5011045007412256,1.5011045007412256,1.5011045007412256,3.206009440737724,3.206009440737724,3.206009440737724,0.6504129532157737,0.6504129532157737,0.6504129532157737,0.020067948983001394,0.020067948983001394,0.020067948983001394,1.8311669706805591,1.8311669706805591,1.8311669706805591,0.06396731369516223,0.06396731369516223,0.06396731369516223,-0.03950210713309402,-0.03950210713309402,-0.03950210713309402,0.47039826928422646,0.47039826928422646,0.47039826928422646,-0.1818085504652713,-0.1818085504652713,-0.1818085504652713,-2.9052769350431946,-2.9052769350431946,-2.9052769350431946,0.0,0.0,0.0,57.39031490146412
242,2018-03-30 10:00:00,56.8339778699363,46.603565761800375,65.34783490774463,56.8339778699363,56.8339778699363,0.0,0.0,0.0,0.0,0.0,0.0,0.0,0.0,0.0,0.0,0.0,0.0,0.0,0.0,0.0,-2.2891281599999997,-2.2891281599999997,-2.2891281599999997,0.0,0.0,0.0,0.0,0.0,0.0,0.0,0.0,0.0,0.0,0.0,0.0,-0.9531600263654282,-0.9531600263654282,-0.9531600263654282,1.0481842242414892,1.0481842242414892,1.0481842242414892,-0.02149031023525837,-0.02149031023525837,-0.02149031023525837,2.7286389304315324,2.7286389304315324,2.7286389304315324,-2.816887746820564,-2.816887746820564,-2.816887746820564,-2.2891281599999997,-2.2891281599999997,-2.2891281599999997,0.00039029198543263504,0.00039029198543263504,0.00039029198543263504,1.1374443387692244,1.1374443387692244,1.1374443387692244,2.2737254762931123,2.2737254762931123,2.2737254762931123,0.5960364293537648,0.5960364293537648,0.5960364293537648,-0.07560815502697397,-0.07560815502697397,-0.07560815502697397,1.7623678250658767,1.7623678250658767,1.7623678250658767,0.08264912452657117,0.08264912452657117,0.08264912452657117,0.003938954528272787,0.003938954528272787,0.003938954528272787,0.46450961519912537,0.46450961519912537,0.46450961519912537,-0.21392729800792581,-0.21392729800792581,-0.21392729800792581,-2.905364636237575,-2.905364636237575,-2.905364636237575,0.0,0.0,0.0,55.88081784357087
243,2018-03-30 11:00:00,56.8340165205751,45.162131494703445,63.37512509523737,56.8340165205751,56.8340165205751,0.0,0.0,0.0,0.0,0.0,0.0,0.0,0.0,0.0,0.0,0.0,0.0,0.0,0.0,0.0,-2.2891281599999997,-2.2891281599999997,-2.2891281599999997,0.0,0.0,0.0,0.0,0.0,0.0,0.0,0.0,0.0,0.0,0.0,0.0,-2.2967981869957854,-2.2967981869957854,-2.2967981869957854,1.0247211577036017,1.0247211577036017,1.0247211577036017,-0.02149031023525837,-0.02149031023525837,-0.02149031023525837,1.4179454628661106,1.4179454628661106,1.4179454628661106,-2.7875222871838847,-2.7875222871838847,-2.7875222871838847,-2.2891281599999997,-2.2891281599999997,-2.2891281599999997,0.0001949876549713754,0.0001949876549713754,0.0001949876549713754,1.1314168222724508,1.1314168222724508,1.1314168222724508,0.9871048021149396,0.9871048021149396,0.9871048021149396,0.5069514860053664,0.5069514860053664,0.5069514860053664,0.05044131533537518,0.05044131533537518,0.05044131533537518,1.6518380501439278,1.6518380501439278,1.6518380501439278,0.10411681942933057,0.10411681942933057,0.10411681942933057,0.0483368677680838,0.0483368677680838,0.0483368677680838,0.45511347791575973,0.45511347791575973,0.45511347791575973,-0.2534430904391917,-0.2534430904391917,-0.2534430904391917,-2.9054501254812575,-2.9054501254812575,-2.9054501254812575,0.0,0.0,0.0,54.53721833357931
244,2018-03-30 12:00:00,56.83405517121389,42.95325097722177,61.86113043383653,56.83405517121389,56.83405517121389,0.0,0.0,0.0,0.0,0.0,0.0,0.0,0.0,0.0,0.0,0.0,0.0,0.0,0.0,0.0,-2.2891281599999997,-2.2891281599999997,-2.2891281599999997,0.0,0.0,0.0,0.0,0.0,0.0,0.0,0.0,0.0,0.0,0.0,0.0,-4.520093993499843,-4.520093993499843,-4.520093993499843,0.803885344011549,0.803885344011549,0.803885344011549,-0.02149031023525837,-0.02149031023525837,-0.02149031023525837,-0.5711862734453973,-0.5711862734453973,-0.5711862734453973,-2.8384224172207957,-2.8384224172207957,-2.8384224172207957,-2.2891281599999997,-2.2891281599999997,-2.2891281599999997,-3.1667548988426766e-07,-3.1667548988426766e-07,-3.1667548988426766e-07,0.6843760154284163,0.6843760154284163,0.6843760154284163,0.378196087330084,0.378196087330084,0.378196087330084,0.27556202276277436,0.27556202276277436,0.27556202276277436,-0.4507192294787858,-0.4507192294787858,-0.4507192294787858,1.440929193915311,1.440929193915311,1.440929193915311,0.12165150152547756,0.12165150152547756,0.12165150152547756,0.1593316508676113,0.1593316508676113,0.1593316508676113,0.4418683903922638,0.4418683903922638,0.4418683903922638,-0.3206004716647421,-0.3206004716647421,-0.3206004716647421,-2.9055332944582593,-2.9055332944582593,-2.9055332944582593,0.0,0.0,0.0,52.31396117771405
245,2018-03-30 13:00:00,56.83409382185269,41.19715279094117,59.36013412084718,56.83409382185269,56.83409382185269,0.0,0.0,0.0,0.0,0.0,0.0,0.0,0.0,0.0,0.0,0.0,0.0,0.0,0.0,0.0,-2.2891281599999997,-2.2891281599999997,-2.2891281599999997,0.0,0.0,0.0,0.0,0.0,0.0,0.0,0.0,0.0,0.0,0.0,0.0,-6.47872662449017,-6.47872662449017,-6.47872662449017,0.3687294656753549,0.3687294656753549,0.3687294656753549,-0.02149031023525837,-0.02149031023525837,-0.02149031023525837,-2.0771706411209734,-2.0771706411209734,-2.0771706411209734,-2.843316660493575,-2.843316660493575,-2.843316660493575,-2.2891281599999997,-2.2891281599999997,-2.2891281599999997,-0.00019562100595114392,-0.00019562100595114392,-0.00019562100595114392,0.5095780370219848,0.5095780370219848,0.5095780370219848,0.17522651573513046,0.17522651573513046,0.17522651573513046,-0.12242785401448372,-0.12242785401448372,-0.12242785401448372,-0.8820210316824869,-0.8820210316824869,-0.8820210316824869,0.9739972876123849,0.9739972876123849,0.9739972876123849,0.12640389200013424,0.12640389200013424,0.12640389200013424,0.370987220019469,0.370987220019469,0.370987220019469,0.42445674523294646,0.42445674523294646,0.42445674523294646,-0.3639121160783217,-0.3639121160783217,-0.3639121160783217,-2.9056140342774968,-2.9056140342774968,-2.9056140342774968,0.0,0.0,0.0,50.35536719736252
246,2018-03-30 14:00:00,56.83413247249148,38.15154803573581,56.4522167817809,56.83413247249148,56.83413247249148,0.0,0.0,0.0,0.0,0.0,0.0,0.0,0.0,0.0,0.0,0.0,0.0,0.0,0.0,0.0,-2.2891281599999997,-2.2891281599999997,-2.2891281599999997,0.0,0.0,0.0,0.0,0.0,0.0,0.0,0.0,0.0,0.0,0.0,0.0,-9.221326791465883,-9.221326791465883,-9.221326791465883,-0.06325271522656396,-0.06325271522656396,-0.06325271522656396,-0.02149031023525837,-0.02149031023525837,-0.02149031023525837,-4.365843865598672,-4.365843865598672,-4.365843865598672,-2.898132185148709,-2.898132185148709,-2.898132185148709,-2.2891281599999997,-2.2891281599999997,-2.2891281599999997,-0.00039092533641240355,-0.00039092533641240355,-0.00039092533641240355,0.4971881420008392,0.4971881420008392,0.4971881420008392,-1.5998971951630954,-1.5998971951630954,-1.5998971951630954,-0.41282163038393654,-0.41282163038393654,-0.41282163038393654,-0.851647665330114,-0.851647665330114,-0.851647665330114,0.678499317923094,0.678499317923094,0.678499317923094,0.12197925259269526,0.12197925259269526,0.12197925259269526,0.5116444020507667,0.5116444020507667,0.5116444020507667,0.40259018482967834,0.40259018482967834,0.40259018482967834,-0.39077506856854183,-0.39077506856854183,-0.39077506856854183,-2.9056922354703234,-2.9056922354703234,-2.9056922354703234,0.0,0.0,0.0,47.6128056810256
247,2018-03-30 15:00:00,56.83417112313028,37.884012543888176,55.66953994093026,56.83417112313028,56.83417112313028,0.0,0.0,0.0,0.0,0.0,0.0,0.0,0.0,0.0,0.0,0.0,0.0,0.0,0.0,0.0,-2.2891281599999997,-2.2891281599999997,-2.2891281599999997,0.0,0.0,0.0,0.0,0.0,0.0,0.0,0.0,0.0,0.0,0.0,0.0,-10.204392376048268,-10.204392376048268,-10.204392376048268,-0.14928780800451688,-0.14928780800451688,-0.14928780800451688,-0.02149031023525837,-0.02149031023525837,-0.02149031023525837,-5.236223394650142,-5.236223394650142,-5.236223394650142,-2.8917696688940957,-2.8917696688940957,-2.8917696688940957,-2.2891281599999997,-2.2891281599999997,-2.2891281599999997,-0.0005862296668736633,-0.0005862296668736633,-0.0005862296668736633,0.4409313213642866,0.4409313213642866,0.4409313213642866,-2.091840394113573,-2.091840394113573,-2.091840394113573,-0.6476819355751677,-0.6476819355751677,-0.6476819355751677,-0.4552752344316409,-0.4552752344316409,-0.4552752344316409,0.1901381695434639,0.1901381695434639,0.1901381695434639,0.10489522821397261,0.10489522821397261,0.10489522821397261,0.5788153828575497,0.5788153828575497,0.5788153828575497,0.37601477461049776,0.37601477461049776,0.37601477461049776,-0.4423597237128052,-0.4423597237128052,-0.4423597237128052,-2.9057677880041104,-2.9057677880041104,-2.9057677880041104,0.0,0.0,0.0,46.629778747082014
248,2018-03-30 16:00:00,56.834209773769075,38.13401811681481,56.78969271205954,56.834209773769075,56.834209773769075,0.0,0.0,0.0,0.0,0.0,0.0,0.0,0.0,0.0,0.0,0.0,0.0,0.0,0.0,0.0,-2.2891281599999997,-2.2891281599999997,-2.2891281599999997,0.0,0.0,0.0,0.0,0.0,0.0,0.0,0.0,0.0,0.0,0.0,0.0,-9.496355774193843,-9.496355774193843,-9.496355774193843,0.29612802450971,0.29612802450971,0.29612802450971,-0.02149031023525837,-0.02149031023525837,-0.02149031023525837,-4.942030944933274,-4.942030944933274,-4.942030944933274,-2.7767549519837695,-2.7767549519837695,-2.7767549519837695,-2.2891281599999997,-2.2891281599999997,-2.2891281599999997,-0.0007815339973349229,-0.0007815339973349229,-0.0007815339973349229,0.34516078147110757,0.34516078147110757,0.34516078147110757,-1.9748748782791952,-1.9748748782791952,-1.9748748782791952,-0.5076913103133993,-0.5076913103133993,-0.5076913103133993,-0.06801481343888106,-0.06801481343888106,-0.06801481343888106,-0.14709042945309392,-0.14709042945309392,-0.14709042945309392,0.07810157846892557,0.07810157846892557,0.07810157846892557,0.6178549272580733,0.6178549272580733,0.6178549272580733,0.3445158875093881,0.3445158875093881,0.3445158875093881,-0.48645000443044906,-0.48645000443044906,-0.48645000443044906,-2.905840581279665,-2.905840581279665,-2.905840581279665,0.0,0.0,0.0,47.33785399957523
249,2018-03-30 17:00:00,56.83424842440787,39.7953908939082,58.183097915450574,56.83424842440787,56.83424842440787,0.0,0.0,0.0,0.0,0.0,0.0,0.0,0.0,0.0,0.0,0.0,0.0,0.0,0.0,0.0,-2.2891281599999997,-2.2891281599999997,-2.2891281599999997,0.0,0.0,0.0,0.0,0.0,0.0,0.0,0.0,0.0,0.0,0.0,0.0,-7.690937974049973,-7.690937974049973,-7.690937974049973,1.0999994320127011,1.0999994320127011,1.0999994320127011,-0.02149031023525837,-0.02149031023525837,-0.02149031023525837,-3.9038214724535134,-3.9038214724535134,-3.9038214724535134,-2.7136192137649093,-2.7136192137649093,-2.7136192137649093,-2.2891281599999997,-2.2891281599999997,-2.2891281599999997,-0.0009768383277961828,-0.0009768383277961828,-0.0009768383277961828,0.8678804065524095,0.8678804065524095,0.8678804065524095,-2.02991747396596,-2.02991747396596,-2.02991747396596,-0.0680513301524747,-0.0680513301524747,-0.0680513301524747,0.10207603813440931,0.10207603813440931,0.10207603813440931,-0.09746481622283153,-0.09746481622283153,-0.09746481622283153,0.029430544987096997,0.029430544987096997,0.029430544987096997,0.5284849898313847,0.5284849898313847,0.5284849898313847,0.3079227305297089,0.3079227305297089,0.3079227305297089,-0.5001734692895833,-0.5001734692895833,-0.5001734692895833,-2.9059105041388724,-2.9059105041388724,-2.9059105041388724,0.0,0.0,0.0,49.143310450357895
250,2018-03-30 18:00:00,56.83428707504667,43.688369930760196,61.586764852314865,56.83428707504667,56.83428707504667,0.0,0.0,0.0,0.0,0.0,0.0,0.0,0.0,0.0,0.0,0.0,0.0,0.0,0.0,0.0,-2.2891281599999997,-2.2891281599999997,-2.2891281599999997,0.0,0.0,0.0,0.0,0.0,0.0,0.0,0.0,0.0,0.0,0.0,0.0,-3.5915883128754373,-3.5915883128754373,-3.5915883128754373,1.810710337578307,1.810710337578307,1.810710337578307,-0.02149031023525837,-0.02149031023525837,-0.02149031023525837,-0.47330549358296536,-0.47330549358296536,-0.47330549358296536,-2.620628591582092,-2.620628591582092,-2.620628591582092,-2.2891281599999997,-2.2891281599999997,-2.2891281599999997,-0.0011721426582574422,-0.0011721426582574422,-0.0011721426582574422,1.3695037238950043,1.3695037238950043,1.3695037238950043,-0.870582802313437,-0.870582802313437,-0.870582802313437,0.8794885218259405,0.8794885218259405,0.8794885218259405,0.8052194691918528,0.8052194691918528,0.8052194691918528,0.2375080730814421,0.2375080730814421,0.2375080730814421,-0.02427966115320373,-0.02427966115320373,-0.02427966115320373,0.22745948325283855,0.22745948325283855,0.22745948325283855,0.26611244799946804,0.26611244799946804,0.26611244799946804,-0.4543312568877946,-0.4543312568877946,-0.4543312568877946,-2.9059774448702465,-2.9059774448702465,-2.9059774448702465,0.0,0.0,0.0,53.24269876217123
251,2018-03-30 19:00:00,56.83432572568546,46.26879072320777,64.97693999721977,56.83432572568546,56.83432572568546,0.0,0.0,0.0,0.0,0.0,0.0,0.0,0.0,0.0,0.0,0.0,0.0,0.0,0.0,0.0,-2.2891281599999997,-2.2891281599999997,-2.2891281599999997,0.0,0.0,0.0,0.0,0.0,0.0,0.0,0.0,0.0,0.0,0.0,0.0,-1.3215859021877714,-1.3215859021877714,-1.3215859021877714,2.0077395670970706,2.0077395670970706,2.0077395670970706,-0.02149031023525837,-0.02149031023525837,-0.02149031023525837,1.6468302412386695,1.6468302412386695,1.6468302412386695,-2.481142658307866,-2.481142658307866,-2.481142658307866,-2.2891281599999997,-2.2891281599999997,-2.2891281599999997,-0.001367446988718702,-0.001367446988718702,-0.001367446988718702,1.7462235049433479,1.7462235049433479,1.7462235049433479,1.307039889544271,1.307039889544271,1.307039889544271,0.7348701072993203,0.7348701072993203,0.7348701072993203,0.4042910333405245,0.4042910333405245,0.4042910333405245,0.5612024139242914,0.5612024139242914,0.5612024139242914,-0.04029849456346886,-0.04029849456346886,-0.04029849456346886,-0.11605023340863022,-0.11605023340863022,-0.11605023340863022,0.21901374068645926,0.21901374068645926,0.21901374068645926,-0.446447564309143,-0.446447564309143,-0.446447564309143,-2.906041291209971,-2.906041291209971,-2.906041291209971,0.0,0.0,0.0,55.51273982349769
252,2018-03-30 20:00:00,56.83436437632426,44.40904331393387,63.33029793817716,56.83436437632426,56.83436437632426,0.0,0.0,0.0,0.0,0.0,0.0,0.0,0.0,0.0,0.0,0.0,0.0,0.0,0.0,0.0,-2.2891281599999997,-2.2891281599999997,-2.2891281599999997,0.0,0.0,0.0,0.0,0.0,0.0,0.0,0.0,0.0,0.0,0.0,0.0,-3.1626379456087066,-3.1626379456087066,-3.1626379456087066,1.5809006902831397,1.5809006902831397,1.5809006902831397,-0.02149031023525837,-0.02149031023525837,-0.02149031023525837,0.2850815091335218,0.2850815091335218,0.2850815091335218,-2.5154023612173253,-2.5154023612173253,-2.5154023612173253,-2.2891281599999997,-2.2891281599999997,-2.2891281599999997,-0.0015627513191799618,-0.0015627513191799618,-0.0015627513191799618,1.3025313183752987,1.3025313183752987,1.3025313183752987,0.9527031798107098,0.9527031798107098,0.9527031798107098,0.7105742136588481,0.7105742136588481,0.7105742136588481,-0.31555774921072427,-0.31555774921072427,-0.31555774921072427,0.5781202366164262,0.5781202366164262,0.5781202366164262,-0.04460022732070117,-0.04460022732070117,-0.04460022732070117,0.1493803944517916,0.1493803944517916,0.1493803944517916,0.1666099453277098,0.1666099453277098,0.1666099453277098,-0.5096144344763636,-0.5096144344763636,-0.5096144344763636,-2.906101930353078,-2.906101930353078,-2.906101930353078,0.0,0.0,0.0,53.67172643071555
253,2018-03-30 21:00:00,56.83440302696305,37.99958105893889,57.6260718550672,56.83440302696305,56.83440302696305,0.0,0.0,0.0,0.0,0.0,0.0,0.0,0.0,0.0,0.0,0.0,0.0,0.0,0.0,0.0,-2.2891281599999997,-2.2891281599999997,-2.2891281599999997,0.0,0.0,0.0,0.0,0.0,0.0,0.0,0.0,0.0,0.0,0.0,0.0,-8.607651343954888,-8.607651343954888,-8.607651343954888,0.7512812632467856,0.7512812632467856,0.7512812632467856,-0.02149031023525837,-0.02149031023525837,-0.02149031023525837,-4.272586723451332,-4.272586723451332,-4.272586723451332,-2.5672813399087917,-2.5672813399087917,-2.5672813399087917,-2.2891281599999997,-2.2891281599999997,-2.2891281599999997,-0.0017580556496412211,-0.0017580556496412211,-0.0017580556496412211,0.8166465163298348,0.8166465163298348,0.8166465163298348,-1.3625260012639147,-1.3625260012639147,-1.3625260012639147,0.25242307643851564,0.25242307643851564,0.25242307643851564,-0.9169504029877168,-0.9169504029877168,-0.9169504029877168,-0.2316795429137689,-0.2316795429137689,-0.2316795429137689,-0.049024866728140146,-0.049024866728140146,-0.049024866728140146,0.37404914507049036,0.37404914507049036,0.37404914507049036,0.10894152520181408,0.10894152520181408,0.10894152520181408,-0.5649949416029406,-0.5649949416029406,-0.5649949416029406,-2.9061592489521577,-2.9061592489521577,-2.9061592489521577,0.0,0.0,0.0,48.22675168300816
254,2018-03-30 22:00:00,56.83444167760185,32.82291804031668,51.6398180489588,56.83444167760185,56.83444167760185,0.0,0.0,0.0,0.0,0.0,0.0,0.0,0.0,0.0,0.0,0.0,0.0,0.0,0.0,0.0,-2.2891281599999997,-2.2891281599999997,-2.2891281599999997,0.0,0.0,0.0,0.0,0.0,0.0,0.0,0.0,0.0,0.0,0.0,0.0,-14.30998392371997,-14.30998392371997,-14.30998392371997,-0.15373762394886864,-0.15373762394886864,-0.15373762394886864,-0.02149031023525837,-0.02149031023525837,-0.02149031023525837,-9.007012935993846,-9.007012935993846,-9.007012935993846,-2.805141562965892,-2.805141562965892,-2.805141562965892,-2.2891281599999997,-2.2891281599999997,-2.2891281599999997,-0.001953359980102481,-0.001953359980102481,-0.001953359980102481,0.682366843262825,0.682366843262825,0.682366843262825,-4.345146655040588,-4.345146655040588,-4.345146655040588,-0.32720752898417726,-0.32720752898417726,-0.32720752898417726,-1.3361028586504686,-1.3361028586504686,-1.3361028586504686,-0.9207988539067344,-0.9207988539067344,-0.9207988539067344,-0.05324466171856804,-0.05324466171856804,-0.05324466171856804,0.6668457280744164,0.6668457280744164,0.6668457280744164,0.046107929348819444,0.046107929348819444,0.046107929348819444,-0.5451397158492997,-0.5451397158492997,-0.5451397158492997,-2.9062131331260725,-2.9062131331260725,-2.9062131331260725,0.0,0.0,0.0,42.52445775388188
255,2018-03-30 23:00:00,56.834480328240645,29.301714444655577,48.10860674262382,56.834480328240645,56.834480328240645,0.0,0.0,0.0,0.0,0.0,0.0,0.0,0.0,0.0,0.0,0.0,0.0,0.0,0.0,0.0,-2.2891281599999997,-2.2891281599999997,-2.2891281599999997,0.0,0.0,0.0,0.0,0.0,0.0,0.0,0.0,0.0,0.0,0.0,0.0,-18.412319165889684,-18.412319165889684,-18.412319165889684,-0.9436212252702894,-0.9436212252702894,-0.9436212252702894,-0.02149031023525837,-0.02149031023525837,-0.02149031023525837,-12.251575097384983,-12.251575097384983,-12.251575097384983,-2.862404209257417,-2.862404209257417,-2.862404209257417,-2.2891281599999997,-2.2891281599999997,-2.2891281599999997,-0.0021486643105637403,-0.0021486643105637403,-0.0021486643105637403,0.3639130550166252,0.3639130550166252,0.3639130550166252,-6.347321073146727,-6.347321073146727,-6.347321073146727,-0.678919513112918,-0.678919513112918,-0.678919513112918,-2.3353866116435515,-2.3353866116435515,-2.3353866116435515,-0.7392142236778189,-0.7392142236778189,-0.7392142236778189,-0.054637603754243265,-0.054637603754243265,-0.054637603754243265,0.9965767820062886,0.9965767820062886,0.9965767820062886,-0.02173121477088426,-0.02173121477088426,-0.02173121477088426,-0.5705427252693991,-0.5705427252693991,-0.5705427252693991,-2.9062634684635307,-2.9062634684635307,-2.9062634684635307,0.0,0.0,0.0,38.42216116235096
256,2018-03-31 00:00:00,56.834518978879444,27.60082691219112,45.57694192926382,56.834518978879444,56.834518978879444,0.0,0.0,0.0,0.0,0.0,0.0,0.0,0.0,0.0,0.0,0.0,0.0,0.0,0.0,0.0,0.0,0.0,0.0,0.0,0.0,0.0,0.0,0.0,0.0,0.0,0.0,0.0,0.0,0.0,0.0,-19.812945768834243,-19.812945768834243,-19.812945768834243,-1.6101253760043306,-1.6101253760043306,-1.6101253760043306,-0.06444152584516227,-0.06444152584516227,-0.06444152584516227,-15.202154650477604,-15.202154650477604,-15.202154650477604,-3.0591527888231664,-3.0591527888231664,-3.0591527888231664,0.0,0.0,0.0,-3.1667548988426766e-07,-3.1667548988426766e-07,-3.1667548988426766e-07,0.27550947973061374,0.27550947973061374,0.27550947973061374,-8.328854517870328,-8.328854517870328,-8.328854517870328,-1.2666487497491017,-1.2666487497491017,-1.2666487497491017,-2.5054774632168417,-2.5054774632168417,-2.5054774632168417,-0.9219267087528765,-0.9219267087528765,-0.9219267087528765,-0.05574376360610301,-0.05574376360610301,-0.05574376360610301,1.266217556811865,1.266217556811865,1.266217556811865,-0.09435560232347535,-0.09435560232347535,-0.09435560232347535,-0.5416358524810101,-0.5416358524810101,-0.5416358524810101,-2.906310140028835,-2.906310140028835,-2.906310140028835,0.0,0.0,0.0,37.021573210045204
257,2018-03-31 01:00:00,56.83455762951824,24.226018708116566,43.02616899631974,56.83455762951824,56.83455762951824,0.0,0.0,0.0,0.0,0.0,0.0,0.0,0.0,0.0,0.0,0.0,0.0,0.0,0.0,0.0,0.0,0.0,0.0,0.0,0.0,0.0,0.0,0.0,0.0,0.0,0.0,0.0,0.0,0.0,0.0,-23.030507019272743,-23.030507019272743,-23.030507019272743,-2.1745483957874687,-2.1745483957874687,-2.1745483957874687,-0.06444152584516227,-0.06444152584516227,-0.06444152584516227,-17.77812112644465,-17.77812112644465,-17.77812112644465,-3.047406604968495,-3.047406604968495,-3.047406604968495,0.0,0.0,0.0,0.002148030959583972,0.002148030959583972,0.002148030959583972,0.2631195847094683,0.2631195847094683,0.2631195847094683,-9.618915354278924,-9.618915354278924,-9.618915354278924,-1.5420022110077856,-1.5420022110077856,-1.5420022110077856,-3.336189032954254,-3.336189032954254,-3.336189032954254,-1.3008859370567005,-1.3008859370567005,-1.3008859370567005,-0.05574376360610301,-0.05574376360610301,-0.05574376360610301,1.4227584750453366,1.4227584750453366,1.4227584750453366,-0.17148446467428863,-0.17148446467428863,-0.17148446467428863,-0.5005627874416155,-0.5005627874416155,-0.5005627874416155,-2.906353032366338,-2.906353032366338,-2.906353032366338,0.0,0.0,0.0,33.8040506102455
258,2018-03-31 02:00:00,56.83459628015703,21.676535119479414,40.027916052382956,56.83459628015703,56.83459628015703,0.0,0.0,0.0,0.0,0.0,0.0,0.0,0.0,0.0,0.0,0.0,0.0,0.0,0.0,0.0,0.0,0.0,0.0,0.0,0.0,0.0,0.0,0.0,0.0,0.0,0.0,0.0,0.0,0.0,0.0,-25.918952619937844,-25.918952619937844,-25.918952619937844,-2.5342850530368897,-2.5342850530368897,-2.5342850530368897,-0.06444152584516227,-0.06444152584516227,-0.06444152584516227,-20.225498031579047,-20.225498031579047,-20.225498031579047,-3.01461517504087,-3.01461517504087,-3.01461517504087,0.0,0.0,0.0,0.0019527266291227124,0.0019527266291227124,0.0019527266291227124,0.24972510360552716,0.24972510360552716,0.24972510360552716,-12.126793620257232,-12.126793620257232,-12.126793620257232,-1.4228366374378514,-1.4228366374378514,-1.4228366374378514,-3.4121224488351873,-3.4121224488351873,-3.4121224488351873,-1.4091600022863644,-1.4091600022863644,-1.4091600022863644,-0.055702794722700795,-0.055702794722700795,-0.055702794722700795,1.518060892258379,1.518060892258379,1.518060892258379,-0.2527775058142088,-0.2527775058142088,-0.2527775058142088,-0.4895645496467065,-0.4895645496467065,-0.4895645496467065,-2.906392029507696,-2.906392029507696,-2.906392029507696,0.0,0.0,0.0,30.915643660219185
259,2018-03-31 03:00:00,56.83463493079583,20.777317925071966,40.28780519370247,56.83463493079583,56.83463493079583,0.0,0.0,0.0,0.0,0.0,0.0,0.0,0.0,0.0,0.0,0.0,0.0,0.0,0.0,0.0,0.0,0.0,0.0,0.0,0.0,0.0,0.0,0.0,0.0,0.0,0.0,0.0,0.0,0.0,0.0,-25.962986694835298,-25.962986694835298,-25.962986694835298,-2.491698016000431,-2.491698016000431,-2.491698016000431,-0.06444152584516227,-0.06444152584516227,-0.06444152584516227,-20.2270251008854,-20.2270251008854,-20.2270251008854,-2.9593102260584576,-2.9593102260584576,-2.9593102260584576,0.0,0.0,0.0,0.0017574222986614528,0.0017574222986614528,0.0017574222986614528,0.3083259584352695,0.3083259584352695,0.3083259584352695,-12.161195242561462,-12.161195242561462,-12.161195242561462,-1.3279669575083888,-1.3279669575083888,-1.3279669575083888,-3.633848023207513,-3.633848023207513,-3.633848023207513,-1.42156640559393,-1.42156640559393,-1.42156640559393,-0.05574376360610301,-0.05574376360610301,-0.05574376360610301,1.5536557709765035,1.5536557709765035,1.5536557709765035,-0.3378365629742888,-0.3378365629742888,-0.3378365629742888,-0.46669210821481616,-0.46669210821481616,-0.46669210821481616,-2.906427014975177,-2.906427014975177,-2.906427014975177,0.0,0.0,0.0,30.87164823596053
260,2018-03-31 04:00:00,56.83467358143462,21.597672271471165,40.48304785226742,56.83467358143462,56.83467358143462,0.0,0.0,0.0,0.0,0.0,0.0,0.0,0.0,0.0,0.0,0.0,0.0,0.0,0.0,0.0,0.0,0.0,0.0,0.0,0.0,0.0,0.0,0.0,0.0,0.0,0.0,0.0,0.0,0.0,0.0,-25.695182458631745,-25.695182458631745,-25.695182458631745,-1.9446415862380568,-1.9446415862380568,-1.9446415862380568,-0.06444152584516227,-0.06444152584516227,-0.06444152584516227,-20.41787501665231,-20.41787501665231,-20.41787501665231,-3.0009112938770865,-3.0009112938770865,-3.0009112938770865,0.0,0.0,0.0,0.001562117968200193,0.001562117968200193,0.001562117968200193,0.3538671941886693,0.3538671941886693,0.3538671941886693,-12.412327085382334,-12.412327085382334,-12.412327085382334,-1.1937610688276847,-1.1937610688276847,-1.1937610688276847,-3.5199478993861133,-3.5199478993861133,-3.5199478993861133,-1.4700641639780505,-1.4700641639780505,-1.4700641639780505,-0.05541601253888531,-0.05541601253888531,-0.05541601253888531,1.4422782472455984,1.4422782472455984,1.4422782472455984,-0.4262079839562882,-0.4262079839562882,-0.4262079839562882,-0.4987135262194627,-0.4987135262194627,-0.4987135262194627,-2.9064578717850904,-2.9064578717850904,-2.9064578717850904,0.0,0.0,0.0,31.139491122802877
261,2018-03-31 05:00:00,56.83471223207342,23.072547055844193,41.819428003347454,56.83471223207342,56.83471223207342,0.0,0.0,0.0,0.0,0.0,0.0,0.0,0.0,0.0,0.0,0.0,0.0,0.0,0.0,0.0,0.0,0.0,0.0,0.0,0.0,0.0,0.0,0.0,0.0,0.0,0.0,0.0,0.0,0.0,0.0,-24.174849198590366,-24.174849198590366,-24.174849198590366,-1.0383151899503902,-1.0383151899503902,-1.0383151899503902,-0.06444152584516227,-0.06444152584516227,-0.06444152584516227,-19.712663821369095,-19.712663821369095,-19.712663821369095,-2.7938848034384987,-2.7938848034384987,-2.7938848034384987,0.0,0.0,0.0,0.0013668136377389334,0.0013668136377389334,0.0013668136377389334,0.5551192727753845,0.5551192727753845,0.5551192727753845,-12.233438649400343,-12.233438649400343,-12.233438649400343,-1.2631779078004628,-1.2631779078004628,-1.2631779078004628,-3.4197157904232807,-3.4197157904232807,-3.4197157904232807,-1.2444931947495836,-1.2444931947495836,-1.2444931947495836,-0.05467857263764548,-0.05467857263764548,-0.05467857263764548,1.2947317338495021,1.2947317338495021,1.2947317338495021,-0.5173857048109999,-0.5173857048109999,-0.5173857048109999,-0.4900511973367467,-0.4900511973367467,-0.4900511973367467,-2.9064844824598794,-2.9064844824598794,-2.9064844824598794,0.0,0.0,0.0,32.659863033483056
262,2018-03-31 06:00:00,56.834750882712214,23.83296778475001,42.93672806630674,56.834750882712214,56.834750882712214,0.0,0.0,0.0,0.0,0.0,0.0,0.0,0.0,0.0,0.0,0.0,0.0,0.0,0.0,0.0,0.0,0.0,0.0,0.0,0.0,0.0,0.0,0.0,0.0,0.0,0.0,0.0,0.0,0.0,0.0,-22.79475695284653,-22.79475695284653,-22.79475695284653,-0.10761916960232056,-0.10761916960232056,-0.10761916960232056,-0.06444152584516227,-0.06444152584516227,-0.06444152584516227,-19.1698160515094,-19.1698160515094,-19.1698160515094,-2.9911228073315264,-2.9911228073315264,-2.9911228073315264,0.0,0.0,0.0,0.0011715093072776738,0.0011715093072776738,0.0011715093072776738,0.7084860814155103,0.7084860814155103,0.7084860814155103,-11.793097883906208,-11.793097883906208,-11.793097883906208,-1.226155593681648,-1.226155593681648,-1.226155593681648,-3.3802304141651955,-3.3802304141651955,-3.3802304141651955,-1.146369823135201,-1.146369823135201,-1.146369823135201,-0.049270680028553414,-0.049270680028553414,-0.049270680028553414,1.254161226923468,1.254161226923468,1.254161226923468,-0.6108150027078931,-0.6108150027078931,-0.6108150027078931,-0.4829461410621595,-0.4829461410621595,-0.4829461410621595,-2.9065067290269146,-2.9065067290269146,-2.9065067290269146,0.0,0.0,0.0,34.03999392986569
263,2018-03-31 07:00:00,56.834789533351014,27.828950168402184,46.28475315609977,56.834789533351014,56.834789533351014,0.0,0.0,0.0,0.0,0.0,0.0,0.0,0.0,0.0,0.0,0.0,0.0,0.0,0.0,0.0,0.0,0.0,0.0,0.0,0.0,0.0,0.0,0.0,0.0,0.0,0.0,0.0,0.0,0.0,0.0,-19.839325331599834,-19.839325331599834,-19.839325331599834,0.552146324512063,0.552146324512063,0.552146324512063,-0.06444152584516227,-0.06444152584516227,-0.06444152584516227,-16.77905027286229,-16.77905027286229,-16.77905027286229,-2.923092825839887,-2.923092825839887,-2.923092825839887,0.0,0.0,0.0,0.0009762049768164142,0.0009762049768164142,0.0009762049768164142,0.8548207874760668,0.8548207874760668,0.8548207874760668,-10.78169018816187,-10.78169018816187,-10.78169018816187,-0.8836991880826115,-0.8836991880826115,-0.8836991880826115,-2.4978841216287493,-2.4978841216287493,-2.4978841216287493,-0.8982417569838873,-0.8982417569838873,-0.8982417569838873,-0.018216266409676263,-0.018216266409676263,-0.018216266409676263,0.9139048056287095,0.9139048056287095,0.9139048056287095,-0.7058968902224461,-0.7058968902224461,-0.7058968902224461,-0.48148619799203884,-0.48148619799203884,-0.48148619799203884,-2.9065244930271654,-2.9065244930271654,-2.9065244930271654,0.0,0.0,0.0,36.995464201751176
264,2018-03-31 08:00:00,56.71024390004111,30.265978981934563,49.20592319292501,56.71024390004111,56.71024390004111,0.0,0.0,0.0,0.0,0.0,0.0,0.0,0.0,0.0,0.0,0.0,0.0,0.0,0.0,0.0,0.0,0.0,0.0,0.0,0.0,0.0,0.0,0.0,0.0,0.0,0.0,0.0,0.0,0.0,0.0,-16.76649030649747,-16.76649030649747,-16.76649030649747,0.9215298961112837,0.9215298961112837,0.9215298961112837,-0.004441740386554019,-0.004441740386554019,-0.004441740386554019,-13.622705048926443,-13.622705048926443,-13.622705048926443,-2.7405955678335037,-2.7405955678335037,-2.7405955678335037,0.0,0.0,0.0,-0.08530347223487512,-0.08530347223487512,-0.08530347223487512,0.6908562327834904,0.6908562327834904,0.6908562327834904,-9.095061549661654,-9.095061549661654,-9.095061549661654,-0.06413369694154385,-0.06413369694154385,-0.06413369694154385,-1.8669334396335977,-1.8669334396335977,-1.8669334396335977,-0.27319235207499376,-0.27319235207499376,-0.27319235207499376,0.009452490497437764,0.009452490497437764,0.009452490497437764,0.4493859586296736,0.4493859586296736,0.4493859586296736,-0.9208510056671013,-0.9208510056671013,-0.9208510056671013,-0.6427379120703236,-0.6427379120703236,-0.6427379120703236,-3.144464148015212,-3.144464148015212,-3.144464148015212,0.0,0.0,0.0,39.94375359354363
265,2018-03-31 09:00:00,56.71027847965282,29.925217676365243,49.3594311430723,56.71027847965282,56.71027847965282,0.0,0.0,0.0,0.0,0.0,0.0,0.0,0.0,0.0,0.0,0.0,0.0,0.0,0.0,0.0,0.0,0.0,0.0,0.0,0.0,0.0,0.0,0.0,0.0,0.0,0.0,0.0,0.0,0.0,0.0,-17.173802845825577,-17.173802845825577,-17.173802845825577,0.9924667708289929,0.9924667708289929,0.9924667708289929,-0.004441740386554019,-0.004441740386554019,-0.004441740386554019,-14.007557431712803,-14.007557431712803,-14.007557431712803,-2.8494530095618384,-2.8494530095618384,-2.8494530095618384,0.0,0.0,0.0,-0.06396896345816167,-0.06396896345816167,-0.06396896345816167,0.4574825558880675,0.4574825558880675,0.4574825558880675,-9.324871765251073,-9.324871765251073,-9.324871765251073,0.019725571286966972,0.019725571286966972,0.019725571286966972,-1.658992168010856,-1.658992168010856,-1.658992168010856,-0.21798200928405667,-0.21798200928405667,-0.21798200928405667,0.021154072814076004,0.021154072814076004,0.021154072814076004,0.32343968529628275,0.32343968529628275,0.32343968529628275,-1.0142256602907789,-1.0142256602907789,-1.0142256602907789,-0.7096496610456569,-0.7096496610456569,-0.7096496610456569,-3.1444865246509845,-3.1444865246509845,-3.1444865246509845,0.0,0.0,0.0,39.536475633827244
266,2018-03-31 10:00:00,56.710313059264536,29.359677182809243,48.659206775663826,56.710313059264536,56.710313059264536,0.0,0.0,0.0,0.0,0.0,0.0,0.0,0.0,0.0,0.0,0.0,0.0,0.0,0.0,0.0,0.0,0.0,0.0,0.0,0.0,0.0,0.0,0.0,0.0,0.0,0.0,0.0,0.0,0.0,0.0,-17.659829319294726,-17.659829319294726,-17.659829319294726,1.0005957566297852,1.0005957566297852,1.0005957566297852,-0.004441740386554019,-0.004441740386554019,-0.004441740386554019,-14.408872920939906,-14.408872920939906,-14.408872920939906,-2.8254674715539,-2.8254674715539,-2.8254674715539,0.0,0.0,0.0,-0.04263445468144822,-0.04263445468144822,-0.04263445468144822,0.48285532123751,0.48285532123751,0.48285532123751,-9.60691157529263,-9.60691157529263,-9.60691157529263,0.051456105211267596,0.051456105211267596,0.051456105211267596,-1.7216803454853584,-1.7216803454853584,-1.7216803454853584,-0.4211560707547048,-0.4211560707547048,-0.4211560707547048,0.024540129608258,0.024540129608258,0.024540129608258,0.3147389801169659,0.3147389801169659,0.3147389801169659,-1.1070550833940003,-1.1070550833940003,-1.1070550833940003,-0.6601717989593096,-0.6601717989593096,-0.6601717989593096,-3.144497071590606,-3.144497071590606,-3.144497071590606,0.0,0.0,0.0,39.050483739969806
267,2018-03-31 11:00:00,56.71034763887624,28.664448762406007,47.46927594619458,56.71034763887624,56.71034763887624,0.0,0.0,0.0,0.0,0.0,0.0,0.0,0.0,0.0,0.0,0.0,0.0,0.0,0.0,0.0,0.0,0.0,0.0,0.0,0.0,0.0,0.0,0.0,0.0,0.0,0.0,0.0,0.0,0.0,0.0,-17.8592806230157,-17.8592806230157,-17.8592806230157,0.9501404013448627,0.9501404013448627,0.9501404013448627,-0.004441740386554019,-0.004441740386554019,-0.004441740386554019,-14.466264897779663,-14.466264897779663,-14.466264897779663,-2.741518088526117,-2.741518088526117,-2.741518088526117,0.0,0.0,0.0,-0.021299945904734774,-0.021299945904734774,-0.021299945904734774,0.42012046185702007,0.42012046185702007,0.42012046185702007,-9.425848981191876,-9.425848981191876,-9.425848981191876,0.15004740704749006,0.15004740704749006,0.15004740704749006,-1.8241220013583272,-1.8241220013583272,-1.8241220013583272,-0.6166006842346223,-0.6166006842346223,-0.6166006842346223,0.0268394984080281,0.0268394984080281,0.0268394984080281,0.31716376680628366,0.31716376680628366,0.31716376680628366,-1.1986604605503925,-1.1986604605503925,-1.1986604605503925,-0.7466045902962539,-0.7466045902962539,-0.7466045902962539,-3.1444956660305077,-3.1444956660305077,-3.1444956660305077,0.0,0.0,0.0,38.851067015860544
268,2018-03-31 12:00:00,56.71038221848796,28.87929914101605,47.52250753774584,56.71038221848796,56.71038221848796,0.0,0.0,0.0,0.0,0.0,0.0,0.0,0.0,0.0,0.0,0.0,0.0,0.0,0.0,0.0,0.0,0.0,0.0,0.0,0.0,0.0,0.0,0.0,0.0,0.0,0.0,0.0,0.0,0.0,0.0,-18.73807929885945,-18.73807929885945,-18.73807929885945,0.7275261760042451,0.7275261760042451,0.7275261760042451,-0.004441740386554019,-0.004441740386554019,-0.004441740386554019,-15.032775091640646,-15.032775091640646,-15.032775091640646,-2.8651358613362596,-2.8651358613362596,-2.8651358613362596,0.0,0.0,0.0,3.4562871978675116e-05,3.4562871978675116e-05,3.4562871978675116e-05,0.307197714972138,0.307197714972138,0.307197714972138,-9.425848981191876,-9.425848981191876,-9.425848981191876,0.05485580527458573,0.05485580527458573,0.05485580527458573,-2.022889393350654,-2.022889393350654,-2.022889393350654,-0.7170835081141275,-0.7170835081141275,-0.7170835081141275,0.028241168429805764,0.028241168429805764,0.028241168429805764,0.37707026148354766,0.37707026148354766,0.37707026148354766,-1.288348198247873,-1.288348198247873,-1.288348198247873,-0.7647751202932253,-0.7647751202932253,-0.7647751202932253,-3.144482184975179,-3.144482184975179,-3.144482184975179,0.0,0.0,0.0,37.972302919628504
269,2018-03-31 13:00:00,56.71041679809967,27.95250430054164,46.556730324798046,56.71041679809967,56.71041679809967,0.0,0.0,0.0,0.0,0.0,0.0,0.0,0.0,0.0,0.0,0.0,0.0,0.0,0.0,0.0,0.0,0.0,0.0,0.0,0.0,0.0,0.0,0.0,0.0,0.0,0.0,0.0,0.0,0.0,0.0,-19.727285349563562,-19.727285349563562,-19.727285349563562,0.2996619276806038,0.2996619276806038,0.2996619276806038,-0.004441740386554019,-0.004441740386554019,-0.004441740386554019,-15.507074281049364,-15.507074281049364,-15.507074281049364,-2.9583104512901737,-2.9583104512901737,-2.9583104512901737,0.0,0.0,0.0,0.021369071648692128,0.021369071648692128,0.021369071648692128,0.2494816443420872,0.2494816443420872,0.2494816443420872,-9.216930603383314,-9.216930603383314,-9.216930603383314,-0.2953133012471676,-0.2953133012471676,-0.2953133012471676,-2.2491784242342265,-2.2491784242342265,-2.2491784242342265,-0.8131495045703586,-0.8131495045703586,-0.8131495045703586,0.029170365410534773,0.029170365410534773,0.029170365410534773,0.539816238690115,0.539816238690115,0.539816238690115,-1.3754164909526476,-1.3754164909526476,-1.3754164909526476,-0.8095875760289989,-0.8095875760289989,-0.8095875760289989,-3.1444565052421525,-3.1444565052421525,-3.1444565052421525,0.0,0.0,0.0,36.98313144853611
270,2018-03-31 14:00:00,56.71045137771139,24.680405190281945,43.68113958218768,56.71045137771139,56.71045137771139,0.0,0.0,0.0,0.0,0.0,0.0,0.0,0.0,0.0,0.0,0.0,0.0,0.0,0.0,0.0,0.0,0.0,0.0,0.0,0.0,0.0,0.0,0.0,0.0,0.0,0.0,0.0,0.0,0.0,0.0,-22.55823553101955,-22.55823553101955,-22.55823553101955,-0.13716396870699316,-0.13716396870699316,-0.13716396870699316,-0.004441740386554019,-0.004441740386554019,-0.004441740386554019,-17.817490944200163,-17.817490944200163,-17.817490944200163,-3.0076653083449694,-3.0076653083449694,-3.0076653083449694,0.0,0.0,0.0,0.04270358042540557,0.04270358042540557,0.04270358042540557,0.26202861621818513,0.26202861621818513,0.26202861621818513,-10.745516734349291,-10.745516734349291,-10.745516734349291,-0.6602144413766324,-0.6602144413766324,-0.6602144413766324,-2.596256870251598,-2.596256870251598,-2.596256870251598,-0.980988946654807,-0.980988946654807,-0.980988946654807,0.021421807537336905,0.021421807537336905,0.021421807537336905,0.6485037361760083,0.6485037361760083,0.6485037361760083,-1.459162114644544,-1.459162114644544,-1.459162114644544,-0.7970646431932484,-0.7970646431932484,-0.7970646431932484,-3.144418503467855,-3.144418503467855,-3.144418503467855,0.0,0.0,0.0,34.15221584669183
271,2018-03-31 15:00:00,56.710485957323094,23.80540546986103,42.59433814035823,56.710485957323094,56.710485957323094,0.0,0.0,0.0,0.0,0.0,0.0,0.0,0.0,0.0,0.0,0.0,0.0,0.0,0.0,0.0,0.0,0.0,0.0,0.0,0.0,0.0,0.0,0.0,0.0,0.0,0.0,0.0,0.0,0.0,0.0,-23.32720770902655,-23.32720770902655,-23.32720770902655,-0.2459512469068753,-0.2459512469068753,-0.2459512469068753,-0.004441740386554019,-0.004441740386554019,-0.004441740386554019,-18.398001033842302,-18.398001033842302,-18.398001033842302,-3.0371859705085855,-3.0371859705085855,-3.0371859705085855,0.0,0.0,0.0,0.06403808920211902,0.06403808920211902,0.06403808920211902,0.321975259626209,0.321975259626209,0.321975259626209,-11.062376274025608,-11.062376274025608,-11.062376274025608,-0.8573970450490764,-0.8573970450490764,-0.8573970450490764,-2.915813677377724,-2.915813677377724,-2.915813677377724,-0.7866485400307086,-0.7866485400307086,-0.7866485400307086,0.01367324966413904,0.01367324966413904,0.01367324966413904,0.6864445161382755,0.6864445161382755,0.6864445161382755,-1.5388873721612777,-1.5388873721612777,-1.5388873721612777,-0.820268901094786,-0.820268901094786,-0.820268901094786,-3.144368056116092,-3.144368056116092,-3.144368056116092,0.0,0.0,0.0,33.38327824829655
272,2018-03-31 16:00:00,56.71052053693481,26.12366656197616,45.46415228051618,56.71052053693481,56.71052053693481,0.0,0.0,0.0,0.0,0.0,0.0,0.0,0.0,0.0,0.0,0.0,0.0,0.0,0.0,0.0,0.0,0.0,0.0,0.0,0.0,0.0,0.0,0.0,0.0,0.0,0.0,0.0,0.0,0.0,0.0,-20.95075395725267,-20.95075395725267,-20.95075395725267,0.17093320789420507,0.17093320789420507,0.17093320789420507,-0.004441740386554019,-0.004441740386554019,-0.004441740386554019,-16.363475012543972,-16.363475012543972,-16.363475012543972,-2.957849190943867,-2.957849190943867,-2.957849190943867,0.0,0.0,0.0,0.08537259797883248,0.08537259797883248,0.08537259797883248,0.2899107759428474,0.2899107759428474,0.2899107759428474,-9.586019737511775,-9.586019737511775,-9.586019737511775,-0.71574287574416,-0.71574287574416,-0.71574287574416,-2.827132840950377,-2.827132840950377,-2.827132840950377,-0.41563503647561134,-0.41563503647561134,-0.41563503647561134,0.006633401352514149,0.006633401352514149,0.006633401352514149,0.6669035881125965,0.6669035881125965,0.6669035881125965,-1.613907113122212,-1.613907113122212,-1.613907113122212,-0.9054739539184216,-0.9054739539184216,-0.9054739539184216,-3.144305039480687,-3.144305039480687,-3.144305039480687,0.0,0.0,0.0,35.759766579682136
273,2018-03-31 17:00:00,56.71055511654652,30.89218654709871,49.110336373962745,56.71055511654652,56.71055511654652,0.0,0.0,0.0,0.0,0.0,0.0,0.0,0.0,0.0,0.0,0.0,0.0,0.0,0.0,0.0,0.0,0.0,0.0,0.0,0.0,0.0,0.0,0.0,0.0,0.0,0.0,0.0,0.0,0.0,0.0,-16.80038914933973,-16.80038914933973,-16.80038914933973,0.9531132853101099,0.9531132853101099,0.9531132853101099,-0.004441740386554019,-0.004441740386554019,-0.004441740386554019,-12.925717355102822,-12.925717355102822,-12.925717355102822,-2.8822024941496,-2.8822024941496,-2.8822024941496,0.0,0.0,0.0,0.10670710675554593,0.10670710675554593,0.10670710675554593,0.39697826928555047,0.39697826928555047,0.39697826928555047,-8.102699255070988,-8.102699255070988,-8.102699255070988,-0.19332229934762782,-0.19332229934762782,-0.19332229934762782,-2.2919898625094968,-2.2919898625094968,-2.2919898625094968,0.36393500373242066,0.36393500373242066,0.36393500373242066,-0.008202252136413474,-0.008202252136413474,-0.008202252136413474,0.5904514901435167,0.5904514901435167,0.5904514901435167,-1.6835557498525988,-1.6835557498525988,-1.6835557498525988,-0.9009313214191786,-0.9009313214191786,-0.9009313214191786,-3.1442293296944164,-3.1442293296944164,-3.1442293296944164,0.0,0.0,0.0,39.910165967206794
274,2018-03-31 18:00:00,56.71058969615823,37.68987565937158,55.95094897062595,56.71058969615823,56.71058969615823,0.0,0.0,0.0,0.0,0.0,0.0,0.0,0.0,0.0,0.0,0.0,0.0,0.0,0.0,0.0,0.0,0.0,0.0,0.0,0.0,0.0,0.0,0.0,0.0,0.0,0.0,0.0,0.0,0.0,0.0,-9.271184169958048,-9.271184169958048,-9.271184169958048,1.6456197279891958,1.6456197279891958,1.6456197279891958,-0.004441740386554019,-0.004441740386554019,-0.004441740386554019,-6.025468905612332,-6.025468905612332,-6.025468905612332,-2.851759311293371,-2.851759311293371,-2.851759311293371,0.0,0.0,0.0,0.12804161553225937,0.12804161553225937,0.12804161553225937,0.7025667398678485,0.7025667398678485,0.7025667398678485,-4.575460643069772,-4.575460643069772,-4.575460643069772,0.8673841204075872,0.8673841204075872,0.8673841204075872,-1.3424933207615348,-1.3424933207615348,-1.3424933207615348,1.6503359907612547,1.6503359907612547,1.6503359907612547,-0.017604465653281616,-0.017604465653281616,-0.017604465653281616,0.3145963456058295,0.3145963456058295,0.3145963456058295,-1.7471941896021972,-1.7471941896021972,-1.7471941896021972,-0.8966342366225977,-0.8966342366225977,-0.8966342366225977,-3.1441408027327142,-3.1441408027327142,-3.1441408027327142,0.0,0.0,0.0,47.43940552620018
275,2018-03-31 19:00:00,56.710624275769945,43.48952925469898,62.39097414252157,56.710624275769945,56.710624275769945,0.0,0.0,0.0,0.0,0.0,0.0,0.0,0.0,0.0,0.0,0.0,0.0,0.0,0.0,0.0,0.0,0.0,0.0,0.0,0.0,0.0,0.0,0.0,0.0,0.0,0.0,0.0,0.0,0.0,0.0,-3.5891834516974943,-3.5891834516974943,-3.5891834516974943,1.8138822081547115,1.8138822081547115,1.8138822081547115,-0.004441740386554019,-0.004441740386554019,-0.004441740386554019,-0.4548097216323069,-0.4548097216323069,-0.4548097216323069,-2.8863538372663586,-2.8863538372663586,-2.8863538372663586,0.0,0.0,0.0,0.14937612430897285,0.14937612430897285,0.14937612430897285,1.1196838493487955,1.1196838493487955,1.1196838493487955,0.2784096680158058,0.2784096680158058,0.2784096680158058,2.0142162751001913,2.0142162751001913,2.0142162751001913,-1.1483128685844148,-1.1483128685844148,-1.1483128685844148,0.9524772578838107,0.9524772578838107,0.9524772578838107,-0.019998329061261446,-0.019998329061261446,-0.019998329061261446,0.019057638531326943,0.019057638531326943,0.019057638531326943,-1.8042166037945848,-1.8042166037945848,-1.8042166037945848,-0.9289237595226209,-0.9289237595226209,-0.9289237595226209,-3.144039334425315,-3.144039334425315,-3.144039334425315,0.0,0.0,0.0,53.12144082407245
276,2018-03-31 20:00:00,56.71065885538166,41.94117388182414,61.436457049948594,56.71065885538166,56.71065885538166,0.0,0.0,0.0,0.0,0.0,0.0,0.0,0.0,0.0,0.0,0.0,0.0,0.0,0.0,0.0,0.0,0.0,0.0,0.0,0.0,0.0,0.0,0.0,0.0,0.0,0.0,0.0,0.0,0.0,0.0,-5.201342062816851,-5.201342062816851,-5.201342062816851,1.3469491806752243,1.3469491806752243,1.3469491806752243,-0.004441740386554019,-0.004441740386554019,-0.004441740386554019,-1.5503094867682587,-1.5503094867682587,-1.5503094867682587,-2.9573879305975606,-2.9573879305975606,-2.9573879305975606,0.0,0.0,0.0,0.1707106330856863,0.1707106330856863,0.1707106330856863,1.0318550462161096,1.0318550462161096,1.0318550462161096,0.2749276950523305,0.2749276950523305,0.2749276950523305,1.3614738629431369,1.3614738629431369,1.3614738629431369,-1.7247383053621639,-1.7247383053621639,-1.7247383053621639,1.0827736668704213,1.0827736668704213,1.0827736668704213,-0.020959024244727033,-0.020959024244727033,-0.020959024244727033,0.14058224201949113,0.14058224201949113,0.14058224201949113,-1.8540569562693536,-1.8540569562693536,-1.8540569562693536,-0.9051056323644289,-0.9051056323644289,-0.9051056323644289,-3.143924800454462,-3.143924800454462,-3.143924800454462,0.0,0.0,0.0,51.50931679256481
277,2018-03-31 21:00:00,56.710693434993374,38.64100786700756,57.28519439147974,56.710693434993374,56.710693434993374,0.0,0.0,0.0,0.0,0.0,0.0,0.0,0.0,0.0,0.0,0.0,0.0,0.0,0.0,0.0,0.0,0.0,0.0,0.0,0.0,0.0,0.0,0.0,0.0,0.0,0.0,0.0,0.0,0.0,0.0,-9.001839685151799,-9.001839685151799,-9.001839685151799,0.4950746691957584,0.4950746691957584,0.4950746691957584,-0.004441740386554019,-0.004441740386554019,-0.004441740386554019,-4.456922063515259,-4.456922063515259,-4.456922063515259,-2.836998980211563,-2.836998980211563,-2.836998980211563,0.0,0.0,0.0,0.1920451418623997,0.1920451418623997,0.1920451418623997,0.7736662471657373,0.7736662471657373,0.7736662471657373,-1.3859734085257345,-1.3859734085257345,-1.3859734085257345,0.9535098553449761,0.9535098553449761,0.9535098553449761,-1.9632591757529558,-1.9632591757529558,-1.9632591757529558,0.340746659760227,0.340746659760227,0.340746659760227,-0.021573239198090278,-0.021573239198090278,-0.021573239198090278,0.313170000494466,0.313170000494466,0.313170000494466,-1.8961952144616543,-1.8961952144616543,-1.8961952144616543,-0.8178134240681683,-0.8178134240681683,-0.8178134240681683,-3.1437970763706415,-3.1437970763706415,-3.1437970763706415,0.0,0.0,0.0,47.70885374984157
278,2018-03-31 22:00:00,56.71072801460508,32.02546855449073,51.377875940388165,56.71072801460508,56.71072801460508,0.0,0.0,0.0,0.0,0.0,0.0,0.0,0.0,0.0,0.0,0.0,0.0,0.0,0.0,0.0,0.0,0.0,0.0,0.0,0.0,0.0,0.0,0.0,0.0,0.0,0.0,0.0,0.0,0.0,0.0,-14.931224402423599,-14.931224402423599,-14.931224402423599,-0.3688439992819883,-0.3688439992819883,-0.3688439992819883,-0.004441740386554019,-0.004441740386554019,-0.004441740386554019,-9.488561195011128,-9.488561195011128,-9.488561195011128,-3.0445661360494896,-3.0445661360494896,-3.0445661360494896,0.0,0.0,0.0,0.21337965063911316,0.21337965063911316,0.21337965063911316,0.43489800651109106,0.43489800651109106,0.43489800651109106,-4.477965400092446,-4.477965400092446,-4.477965400092446,0.38122701135311376,0.38122701135311376,0.38122701135311376,-2.811843041566353,-2.811843041566353,-2.811843041566353,0.17732404509905353,0.17732404509905353,0.17732404509905353,-0.021573239198090278,-0.021573239198090278,-0.021573239198090278,0.5483743093582956,0.5483743093582956,0.5483743093582956,-1.9301631705389561,-1.9301631705389561,-1.9301631705389561,-0.883374660678862,-0.883374660678862,-0.883374660678862,-3.1436560375915277,-3.1436560375915277,-3.1436560375915277,0.0,0.0,0.0,41.779503612181486
279,2018-03-31 23:00:00,56.710762594216796,31.564793416183093,50.59430780018529,56.710762594216796,56.710762594216796,0.0,0.0,0.0,0.0,0.0,0.0,0.0,0.0,0.0,0.0,0.0,0.0,0.0,0.0,0.0,0.0,0.0,0.0,0.0,0.0,0.0,0.0,0.0,0.0,0.0,0.0,0.0,0.0,0.0,0.0,-15.62606960888157,-15.62606960888157,-15.62606960888157,-1.0304180106610397,-1.0304180106610397,-1.0304180106610397,-0.004441740386554019,-0.004441740386554019,-0.004441740386554019,-9.496600235261763,-9.496600235261763,-9.496600235261763,-3.0814669637540097,-3.0814669637540097,-3.0814669637540097,0.0,0.0,0.0,0.2347141594158266,0.2347141594158266,0.2347141594158266,0.2531063251062933,0.2531063251062933,0.2531063251062933,-0.8010019506617624,-0.8010019506617624,-0.8010019506617624,-0.0573342968149084,-0.0573342968149084,-0.0573342968149084,-5.979889473936367,-5.979889473936367,-5.979889473936367,0.05034025667989759,0.05034025667989759,0.05034025667989759,-0.021573239198090278,-0.021573239198090278,-0.021573239198090278,0.798127338358032,0.798127338358032,0.798127338358032,-1.9555498035465955,-1.9555498035465955,-1.9555498035465955,-0.8871806500701193,-0.8871806500701193,-0.8871806500701193,-3.143501559412176,-3.143501559412176,-3.143501559412176,0.0,0.0,0.0,41.084692985335224
280,2018-04-01 00:00:00,56.71079717382851,29.77132782054907,48.943453570749526,56.71079717382851,56.71079717382851,0.0,0.0,0.0,0.0,0.0,0.0,0.0,0.0,0.0,0.0,0.0,0.0,0.0,0.0,0.0,0.0,0.0,0.0,0.0,0.0,0.0,0.0,0.0,0.0,0.0,0.0,0.0,0.0,0.0,0.0,-17.398434120499797,-17.398434120499797,-17.398434120499797,-1.5090186239863717,-1.5090186239863717,-1.5090186239863717,-0.007403647065639628,-0.007403647065639628,-0.007403647065639628,-10.774075861183892,-10.774075861183892,-10.774075861183892,-3.0879246086023007,-3.0879246086023007,-3.0879246086023007,0.0,0.0,0.0,3.4562871978675116e-05,3.4562871978675116e-05,3.4562871978675116e-05,0.19232321690652956,0.19232321690652956,0.19232321690652956,-1.3058880303657847,-1.3058880303657847,-1.3058880303657847,-0.3123118015637582,-0.3123118015637582,-0.3123118015637582,-6.034932751718857,-6.034932751718857,-6.034932751718857,-0.3935508993592362,-0.3935508993592362,-0.3935508993592362,-0.02158898829945857,-0.02158898829945857,-0.02158898829945857,0.9888296797473226,0.9888296797473226,0.9888296797473226,-1.972006118318389,-1.972006118318389,-1.972006118318389,-0.7916625937346894,-0.7916625937346894,-0.7916625937346894,-3.1433335170111416,-3.1433335170111416,-3.1433335170111416,0.0,0.0,0.0,39.31236305332871
281,2018-04-01 01:00:00,56.710831753440225,25.2163430354889,44.9021009879782,56.710831753440225,56.710831753440225,0.0,0.0,0.0,0.0,0.0,0.0,0.0,0.0,0.0,0.0,0.0,0.0,0.0,0.0,0.0,0.0,0.0,0.0,0.0,0.0,0.0,0.0,0.0,0.0,0.0,0.0,0.0,0.0,0.0,0.0,-21.50540026787051,-21.50540026787051,-21.50540026787051,-1.8967024256587153,-1.8967024256587153,-1.8967024256587153,-0.007403647065639628,-0.007403647065639628,-0.007403647065639628,-14.486296654352829,-14.486296654352829,-14.486296654352829,-2.980450947912886,-2.980450947912886,-2.980450947912886,0.0,0.0,0.0,-0.23464503367186926,-0.23464503367186926,-0.23464503367186926,0.25003928753658045,0.25003928753658045,0.25003928753658045,-3.8790660503745675,-3.8790660503745675,-3.8790660503745675,-0.7610722099217331,-0.7610722099217331,-0.7610722099217331,-6.499742652993222,-6.499742652993222,-6.499742652993222,-0.8297126074076395,-0.8297126074076395,-0.8297126074076395,-0.02158898829945857,-0.02158898829945857,-0.02158898829945857,1.107929496546169,1.107929496546169,1.107929496546169,-1.9792494024028708,-1.9792494024028708,-1.9792494024028708,-0.6305833007885658,-0.6305833007885658,-0.6305833007885658,-3.143151785456095,-3.143151785456095,-3.143151785456095,0.0,0.0,0.0,35.20543148556972
282,2018-04-01 02:00:00,56.71086633305193,24.107763764869095,44.09189590900878,56.71086633305193,56.71086633305193,0.0,0.0,0.0,0.0,0.0,0.0,0.0,0.0,0.0,0.0,0.0,0.0,0.0,0.0,0.0,0.0,0.0,0.0,0.0,0.0,0.0,0.0,0.0,0.0,0.0,0.0,0.0,0.0,0.0,0.0,-22.495090954363857,-22.495090954363857,-22.495090954363857,-2.160536556619226,-2.160536556619226,-2.160536556619226,-0.007403647065639628,-0.007403647065639628,-0.007403647065639628,-15.214531309304563,-15.214531309304563,-15.214531309304563,-3.057020165399765,-3.057020165399765,-3.057020165399765,0.0,0.0,0.0,-0.2133105248951558,-0.2133105248951558,-0.2133105248951558,0.18479503378087075,0.18479503378087075,0.18479503378087075,-4.112358238927461,-4.112358238927461,-4.112358238927461,-0.8777952454289845,-0.8777952454289845,-0.8777952454289845,-6.519619392192455,-6.519619392192455,-6.519619392192455,-1.1002432870832308,-1.1002432870832308,-1.1002432870832308,-0.02158898829945857,-0.02158898829945857,-0.02158898829945857,1.1688344328013873,1.1688344328013873,1.1688344328013873,-1.977066848726836,-1.977066848726836,-1.977066848726836,-0.6588212865946698,-0.6588212865946698,-0.6588212865946698,-3.142956239713235,-3.142956239713235,-3.142956239713235,0.0,0.0,0.0,34.21577537868808
283,2018-04-01 03:00:00,56.71090091266365,24.94976273603424,43.48896278803564,56.71090091266365,56.71090091266365,0.0,0.0,0.0,0.0,0.0,0.0,0.0,0.0,0.0,0.0,0.0,0.0,0.0,0.0,0.0,0.0,0.0,0.0,0.0,0.0,0.0,0.0,0.0,0.0,0.0,0.0,0.0,0.0,0.0,0.0,-22.68628138514327,-22.68628138514327,-22.68628138514327,-2.1260465131047317,-2.1260465131047317,-2.1260465131047317,-0.007403647065639628,-0.007403647065639628,-0.007403647065639628,-15.452169618893645,-15.452169618893645,-15.452169618893645,-2.9237159253171856,-2.9237159253171856,-2.9237159253171856,0.0,0.0,0.0,-0.19197601611844237,-0.19197601611844237,-0.19197601611844237,0.24306874760541486,0.24306874760541486,0.24306874760541486,-4.25511913042998,-4.25511913042998,-4.25511913042998,-1.0375811484049307,-1.0375811484049307,-1.0375811484049307,-6.654169626771877,-6.654169626771877,-6.654169626771877,-1.148828388739256,-1.148828388739256,-1.148828388739256,-0.02158898829945857,-0.02158898829945857,-0.02158898829945857,1.1548562507100257,1.1548562507100257,1.1548562507100257,-1.9653184984955967,-1.9653184984955967,-1.9653184984955967,-0.6097117460623149,-0.6097117460623149,-0.6097117460623149,-3.1427467546492984,-3.1427467546492984,-3.1427467546492984,0.0,0.0,0.0,34.02461952752037
284,2018-04-01 04:00:00,56.71093549227536,25.855515422477602,44.678840726519674,56.71093549227536,56.71093549227536,0.0,0.0,0.0,0.0,0.0,0.0,0.0,0.0,0.0,0.0,0.0,0.0,0.0,0.0,0.0,0.0,0.0,0.0,0.0,0.0,0.0,0.0,0.0,0.0,0.0,0.0,0.0,0.0,0.0,0.0,-21.970556241198544,-21.970556241198544,-21.970556241198544,-1.6579198366310564,-1.6579198366310564,-1.6579198366310564,-0.007403647065639628,-0.007403647065639628,-0.007403647065639628,-15.22617373309896,-15.22617373309896,-15.22617373309896,-2.8526818319859837,-2.8526818319859837,-2.8526818319859837,0.0,0.0,0.0,-0.17064150734172892,-0.17064150734172892,-0.17064150734172892,0.33535869629404685,0.33535869629404685,0.33535869629404685,-4.067092590402275,-4.067092590402275,-4.067092590402275,-0.9820527140374032,-0.9820527140374032,-0.9820527140374032,-6.684749225539926,-6.684749225539926,-6.684749225539926,-1.1145979762088747,-1.1145979762088747,-1.1145979762088747,-0.02158898829945857,-0.02158898829945857,-0.02158898829945857,1.0183550235525456,1.0183550235525456,1.0183550235525456,-1.9439394664257814,-1.9439394664257814,-1.9439394664257814,-0.679078972064266,-0.679078972064266,-0.679078972064266,-3.142523205042746,-3.142523205042746,-3.142523205042746,0.0,0.0,0.0,34.74037925107682
285,2018-04-01 05:00:00,56.71097007188707,26.172280173934972,44.84668287670487,56.71097007188707,56.71097007188707,0.0,0.0,0.0,0.0,0.0,0.0,0.0,0.0,0.0,0.0,0.0,0.0,0.0,0.0,0.0,0.0,0.0,0.0,0.0,0.0,0.0,0.0,0.0,0.0,0.0,0.0,0.0,0.0,0.0,0.0,-20.792242189740357,-20.792242189740357,-20.792242189740357,-0.8436142274144809,-0.8436142274144809,-0.8436142274144809,-0.007403647065639628,-0.007403647065639628,-0.007403647065639628,-14.893401078334243,-14.893401078334243,-14.893401078334243,-2.960616753021706,-2.960616753021706,-2.960616753021706,0.0,0.0,0.0,-0.14930699856501545,-0.14930699856501545,-0.14930699856501545,0.3908441941461247,0.3908441941461247,0.3908441941461247,-3.42989153808616,-3.42989153808616,-3.42989153808616,-1.040980848468249,-1.040980848468249,-1.040980848468249,-6.787190881412895,-6.787190881412895,-6.787190881412895,-1.0560750128504814,-1.0560750128504814,-1.0560750128504814,-0.021462995488512264,-0.021462995488512264,-0.021462995488512264,0.8724399186600665,0.8724399186600665,0.8724399186600665,-1.9129414184038958,-1.9129414184038958,-1.9129414184038958,-0.7037565161817743,-0.7037565161817743,-0.7037565161817743,-3.1422854655877366,-3.1422854655877366,-3.1422854655877366,0.0,0.0,0.0,35.91872788214671
286,2018-04-01 06:00:00,56.71100465149878,29.101414823105227,46.87596542772576,56.71100465149878,56.71100465149878,0.0,0.0,0.0,0.0,0.0,0.0,0.0,0.0,0.0,0.0,0.0,0.0,0.0,0.0,0.0,0.0,0.0,0.0,0.0,0.0,0.0,0.0,0.0,0.0,0.0,0.0,0.0,0.0,0.0,0.0,-18.58354779198589,-18.58354779198589,-18.58354779198589,0.020329039967375482,0.020329039967375482,0.020329039967375482,-0.007403647065639628,-0.007403647065639628,-0.007403647065639628,-13.589430141072157,-13.589430141072157,-13.589430141072157,-2.9712257409867555,-2.9712257409867555,-2.9712257409867555,0.0,0.0,0.0,-0.127972489788302,-0.127972489788302,-0.127972489788302,0.41036170595338833,0.41036170595338833,0.41036170595338833,-1.9187152719375669,-1.9187152719375669,-1.9187152719375669,-1.1622368173932573,-1.1622368173932573,-1.1622368173932573,-6.758140262583247,-6.758140262583247,-6.758140262583247,-1.0395119100132002,-1.0395119100132002,-1.0395119100132002,-0.019163626688742164,-0.019163626688742164,-0.019163626688742164,0.7360813260137228,0.7360813260137228,0.7360813260137228,-1.8724132799766366,-1.8724132799766366,-1.8724132799766366,-0.7315034065825549,-0.7315034065825549,-0.7315034065825549,-3.142033410904476,-3.142033410904476,-3.142033410904476,0.0,0.0,0.0,38.12745685951289
287,2018-04-01 07:00:00,56.7110392311105,30.773772114428198,49.60901809114597,56.7110392311105,56.7110392311105,0.0,0.0,0.0,0.0,0.0,0.0,0.0,0.0,0.0,0.0,0.0,0.0,0.0,0.0,0.0,0.0,0.0,0.0,0.0,0.0,0.0,0.0,0.0,0.0,0.0,0.0,0.0,0.0,0.0,0.0,-16.425729869602982,-16.425729869602982,-16.425729869602982,0.6383931611993802,0.6383931611993802,0.6383931611993802,-0.007403647065639628,-0.007403647065639628,-0.007403647065639628,-12.0998349524006,-12.0998349524006,-12.0998349524006,-2.963384315099545,-2.963384315099545,-2.963384315099545,0.0,0.0,0.0,-0.10663798101158857,-0.10663798101158857,-0.10663798101158857,0.6080462184012435,0.6080462184012435,0.6080462184012435,-1.2118747603519333,-1.2118747603519333,-1.2118747603519333,-0.8743955453656663,-0.8743955453656663,-0.8743955453656663,-6.320852000200127,-6.320852000200127,-6.320852000200127,-0.8760892953520268,-0.8760892953520268,-0.8760892953520268,-0.004390969605287695,-0.004390969605287695,-0.004390969605287695,0.39675382402036297,0.39675382402036297,0.39675382402036297,-1.8225211628618043,-1.8225211628618043,-1.8225211628618043,-0.7396064807703933,-0.7396064807703933,-0.7396064807703933,-3.141766915539957,-3.141766915539957,-3.141766915539957,0.0,0.0,0.0,40.285309361507515
288,2018-04-01 08:00:00,56.590184075516675,31.397088660285853,51.15527598500061,56.590184075516675,56.590184075516675,0.0,0.0,0.0,0.0,0.0,0.0,0.0,0.0,0.0,0.0,0.0,0.0,0.0,0.0,0.0,0.0,0.0,0.0,0.0,0.0,0.0,0.0,0.0,0.0,0.0,0.0,0.0,0.0,0.0,0.0,-15.627015666028264,-15.627015666028264,-15.627015666028264,0.9655346161529189,0.9655346161529189,0.9655346161529189,-0.013954182470931588,-0.013954182470931588,-0.013954182470931588,-11.694663471081665,-11.694663471081665,-11.694663471081665,-2.9889154800528033,-2.9889154800528033,-2.9889154800528033,0.0,0.0,0.0,-0.12528953064948978,-0.12528953064948978,-0.12528953064948978,0.5166734318929668,0.5166734318929668,0.5166734318929668,-0.7469267037161591,-0.7469267037161591,-0.7469267037161591,-1.023781703274424,-1.023781703274424,-1.023781703274424,-6.2056555867015435,-6.2056555867015435,-6.2056555867015435,-0.42603932201721184,-0.42603932201721184,-0.42603932201721184,0.01315074532571336,0.01315074532571336,0.01315074532571336,0.1201860870265034,0.1201860870265034,0.1201860870265034,-1.7432513079496545,-1.7432513079496545,-1.7432513079496545,-0.8141112264442864,-0.8141112264442864,-0.8141112264442864,-3.154635503149863,-3.154635503149863,-3.154635503149863,0.0,0.0,0.0,40.96316840948841
289,2018-04-01 09:00:00,56.59020573267754,31.940580923620757,50.53678580175999,56.59020573267754,56.59020573267754,0.0,0.0,0.0,0.0,0.0,0.0,0.0,0.0,0.0,0.0,0.0,0.0,0.0,0.0,0.0,0.0,0.0,0.0,0.0,0.0,0.0,0.0,0.0,0.0,0.0,0.0,0.0,0.0,0.0,0.0,-15.537509415780217,-15.537509415780217,-15.537509415780217,1.0234963230680245,1.0234963230680245,1.0234963230680245,-0.013954182470931588,-0.013954182470931588,-0.013954182470931588,-11.73316591826157,-11.73316591826157,-11.73316591826157,-3.0927157135729546,-3.0927157135729546,-3.0927157135729546,0.0,0.0,0.0,-0.09395446788726208,-0.09395446788726208,-0.09395446788726208,0.43872132793967633,0.43872132793967633,0.43872132793967633,-0.8803724004995039,-0.8803724004995039,-0.8803724004995039,-1.0450529868135492,-1.0450529868135492,-1.0450529868135492,-6.108231517803035,-6.108231517803035,-6.108231517803035,-0.14943596741237936,-0.14943596741237936,-0.14943596741237936,0.029323869801790792,0.029323869801790792,0.029323869801790792,0.04878618065987803,0.04878618065987803,0.04878618065987803,-1.6734965728676063,-1.6734965728676063,-1.6734965728676063,-0.8662800602032985,-0.8662800602032985,-0.8662800602032985,-3.154343247719066,-3.154343247719066,-3.154343247719066,0.0,0.0,0.0,41.052696316897325
290,2018-04-01 10:00:00,56.59022738983841,31.12146204657708,50.45750347204263,56.59022738983841,56.59022738983841,0.0,0.0,0.0,0.0,0.0,0.0,0.0,0.0,0.0,0.0,0.0,0.0,0.0,0.0,0.0,0.0,0.0,0.0,0.0,0.0,0.0,0.0,0.0,0.0,0.0,0.0,0.0,0.0,0.0,0.0,-15.579368560533432,-15.579368560533432,-15.579368560533432,1.0154974387783535,1.0154974387783535,1.0154974387783535,-0.013954182470931588,-0.013954182470931588,-0.013954182470931588,-11.845335457815386,-11.845335457815386,-11.845335457815386,-3.055644201601472,-3.055644201601472,-3.055644201601472,0.0,0.0,0.0,-0.0626194051250344,-0.0626194051250344,-0.0626194051250344,0.5616880271335993,0.5616880271335993,0.5616880271335993,-1.129705149752594,-1.129705149752594,-1.129705149752594,-1.040574821857944,-1.040574821857944,-1.040574821857944,-6.313904552144331,-6.313904552144331,-6.313904552144331,-0.08577329055888547,-0.08577329055888547,-0.08577329055888547,0.03493614193819779,0.03493614193819779,0.03493614193819779,0.0755432597992747,0.0755432597992747,0.0755432597992747,-1.5954964460363916,-1.5954964460363916,-1.5954964460363916,-0.8153272831752657,-0.8153272831752657,-0.8153272831752657,-3.1540340954600055,-3.1540340954600055,-3.1540340954600055,0.0,0.0,0.0,41.01085882930498
291,2018-04-01 11:00:00,56.590249046999276,30.35182620681704,49.561903128005696,56.590249046999276,56.590249046999276,0.0,0.0,0.0,0.0,0.0,0.0,0.0,0.0,0.0,0.0,0.0,0.0,0.0,0.0,0.0,0.0,0.0,0.0,0.0,0.0,0.0,0.0,0.0,0.0,0.0,0.0,0.0,0.0,0.0,0.0,-16.55834063671871,-16.55834063671871,-16.55834063671871,0.9552295603589623,0.9552295603589623,0.9552295603589623,-0.013954182470931588,-0.013954182470931588,-0.013954182470931588,-12.850136644734398,-12.850136644734398,-12.850136644734398,-3.040815596812879,-3.040815596812879,-3.040815596812879,0.0,0.0,0.0,-0.03128434236280675,-0.03128434236280675,-0.03128434236280675,0.4266442414117017,0.4266442414117017,0.4266442414117017,-2.0919188581377584,-2.0919188581377584,-2.0919188581377584,-1.0954323425641075,-1.0954323425641075,-1.0954323425641075,-6.425246345171199,-6.425246345171199,-6.425246345171199,0.11289816651839475,0.11289816651839475,0.11289816651839475,0.0382895327582916,0.0382895327582916,0.0382895327582916,0.0885640844072164,0.0885640844072164,0.0885640844072164,-1.5097256319753223,-1.5097256319753223,-1.5097256319753223,-0.8178810023103222,-0.8178810023103222,-0.8178810023103222,-3.1537079203679492,-3.1537079203679492,-3.1537079203679492,0.0,0.0,0.0,40.031908410280565
292,2018-04-01 12:00:00,56.59027070416015,29.26422171215425,48.08854078671084,56.59027070416015,56.59027070416015,0.0,0.0,0.0,0.0,0.0,0.0,0.0,0.0,0.0,0.0,0.0,0.0,0.0,0.0,0.0,0.0,0.0,0.0,0.0,0.0,0.0,0.0,0.0,0.0,0.0,0.0,0.0,0.0,0.0,0.0,-17.952801566087224,-17.952801566087224,-17.952801566087224,0.7306167039959764,0.7306167039959764,0.7306167039959764,-0.013954182470931588,-0.013954182470931588,-0.013954182470931588,-14.113331577609447,-14.113331577609447,-14.113331577609447,-2.9583314826763303,-2.9583314826763303,-2.9583314826763303,0.0,0.0,0.0,5.072039942091371e-05,5.072039942091371e-05,5.072039942091371e-05,0.33716400940898106,0.33716400940898106,0.33716400940898106,-3.3912585373439996,-3.3912585373439996,-3.3912585373439996,-1.1782783942428043,-1.1782783942428043,-1.1782783942428043,-6.222666138413982,-6.222666138413982,-6.222666138413982,-0.06601590808711173,-0.06601590808711173,-0.06601590808711173,0.03931417995332026,0.03931417995332026,0.03931417995332026,0.15280969153870896,0.15280969153870896,0.15280969153870896,-1.4167220959993687,-1.4167220959993687,-1.4167220959993687,-0.8121655356747195,-0.8121655356747195,-0.8121655356747195,-3.153364596474387,-3.153364596474387,-3.153364596474387,0.0,0.0,0.0,38.63746913807292
293,2018-04-01 13:00:00,56.59029236132101,27.04997687919731,45.27259200778962,56.59029236132101,56.59029236132101,0.0,0.0,0.0,0.0,0.0,0.0,0.0,0.0,0.0,0.0,0.0,0.0,0.0,0.0,0.0,0.0,0.0,0.0,0.0,0.0,0.0,0.0,0.0,0.0,0.0,0.0,0.0,0.0,0.0,0.0,-20.08038255926631,-20.08038255926631,-20.08038255926631,0.3000105323659095,0.3000105323659095,0.3000105323659095,-0.013954182470931588,-0.013954182470931588,-0.013954182470931588,-15.910306717887975,-15.910306717887975,-15.910306717887975,-3.0417423846121663,-3.0417423846121663,-3.0417423846121663,0.0,0.0,0.0,0.031385783161648584,0.031385783161648584,0.031385783161648584,0.2677207618731272,0.2677207618731272,0.2677207618731272,-4.515011773414265,-4.515011773414265,-4.515011773414265,-1.21746233760435,-1.21746233760435,-1.21746233760435,-6.57834131058314,-6.57834131058314,-6.57834131058314,-0.37115770404006243,-0.37115770404006243,-0.37115770404006243,0.03943061713457351,0.03943061713457351,0.03943061713457351,0.31363833834449434,0.31363833834449434,0.31363833834449434,-1.3170823758882204,-1.3170823758882204,-1.3170823758882204,-0.8248125256769042,-0.8248125256769042,-0.8248125256769042,-3.1530039978560276,-3.1530039978560276,-3.1530039978560276,0.0,0.0,0.0,36.5099098020547
294,2018-04-01 14:00:00,56.590314018481884,26.239952219175855,45.1785848320441,56.590314018481884,56.590314018481884,0.0,0.0,0.0,0.0,0.0,0.0,0.0,0.0,0.0,0.0,0.0,0.0,0.0,0.0,0.0,0.0,0.0,0.0,0.0,0.0,0.0,0.0,0.0,0.0,0.0,0.0,0.0,0.0,0.0,0.0,-20.822529424761207,-20.822529424761207,-20.822529424761207,-0.14918630809306863,-0.14918630809306863,-0.14918630809306863,-0.013954182470931588,-0.013954182470931588,-0.013954182470931588,-16.309260826618875,-16.309260826618875,-16.309260826618875,-3.037108445615731,-3.037108445615731,-3.037108445615731,0.0,0.0,0.0,0.06272084592387624,0.06272084592387624,0.06272084592387624,0.2872087878614498,0.2872087878614498,0.2872087878614498,-4.104139496476073,-4.104139496476073,-4.104139496476073,-1.6328121372367344,-1.6328121372367344,-1.6328121372367344,-6.505659862357268,-6.505659862357268,-6.505659862357268,-1.0505921345971714,-1.0505921345971714,-1.0505921345971714,0.038010083523283784,0.038010083523283784,0.038010083523283784,0.4296810719383483,0.4296810719383483,0.4296810719383483,-1.2114562914064968,-1.2114562914064968,-1.2114562914064968,-0.7826153571119224,-0.7826153571119224,-0.7826153571119224,-3.152625998642768,-3.152625998642768,-3.152625998642768,0.0,0.0,0.0,35.76778459372068
295,2018-04-01 15:00:00,56.59033567564275,25.628889752831824,44.49599799122797,56.59033567564275,56.59033567564275,0.0,0.0,0.0,0.0,0.0,0.0,0.0,0.0,0.0,0.0,0.0,0.0,0.0,0.0,0.0,0.0,0.0,0.0,0.0,0.0,0.0,0.0,0.0,0.0,0.0,0.0,0.0,0.0,0.0,0.0,-21.720239807969598,-21.720239807969598,-21.720239807969598,-0.27881869365476636,-0.27881869365476636,-0.27881869365476636,-0.013954182470931588,-0.013954182470931588,-0.013954182470931588,-17.188649534062623,-17.188649534062623,-17.188649534062623,-3.037108445615731,-3.037108445615731,-3.037108445615731,0.0,0.0,0.0,0.09405590868610392,0.09405590868610392,0.09405590868610392,0.27046555426584873,0.27046555426584873,0.27046555426584873,-3.619520913420771,-3.619520913420771,-3.619520913420771,-2.9930547425018186,-2.9930547425018186,-2.9930547425018186,-6.58143413816722,-6.58143413816722,-6.58143413816722,-1.1537695763942128,-1.1537695763942128,-1.1537695763942128,0.034284093723179546,0.034284093723179546,0.034284093723179546,0.5027980101214056,0.5027980101214056,0.5027980101214056,-1.1005411072284272,-1.1005411072284272,-1.1005411072284272,-0.6914111022884748,-0.6914111022884748,-0.6914111022884748,-3.1522304730237827,-3.1522304730237827,-3.1522304730237827,0.0,0.0,0.0,34.87009586767315
296,2018-04-01 16:00:00,56.59035733280362,28.293425436728512,47.776667263926775,56.59035733280362,56.59035733280362,0.0,0.0,0.0,0.0,0.0,0.0,0.0,0.0,0.0,0.0,0.0,0.0,0.0,0.0,0.0,0.0,0.0,0.0,0.0,0.0,0.0,0.0,0.0,0.0,0.0,0.0,0.0,0.0,0.0,0.0,-18.358377574502146,-18.358377574502146,-18.358377574502146,0.11905616786005406,0.11905616786005406,0.11905616786005406,-0.013954182470931588,-0.013954182470931588,-0.013954182470931588,-14.3405412359026,-14.3405412359026,-14.3405412359026,-2.9356251815937973,-2.9356251815937973,-2.9356251815937973,0.0,0.0,0.0,0.12539097144833158,0.12539097144833158,0.12539097144833158,0.2677207618731272,0.2677207618731272,0.2677207618731272,-1.99359044998161,-1.99359044998161,-1.99359044998161,-2.184745968015077,-2.184745968015077,-2.184745968015077,-6.521124000277666,-6.521124000277666,-6.521124000277666,-1.0385181786421989,-1.0385181786421989,-1.0385181786421989,0.026075272444824917,0.026075272444824917,0.026075272444824917,0.5153895767752393,0.5153895767752393,0.5153895767752393,-0.9850752112055267,-0.9850752112055267,-0.9850752112055267,-0.5875598574628424,-0.5875598574628424,-0.5875598574628424,-3.1518172952540713,-3.1518172952540713,-3.1518172952540713,0.0,0.0,0.0,38.23197975830148
297,2018-04-01 17:00:00,56.590378989964485,33.187435273184846,51.8783473180283,56.590378989964485,56.590378989964485,0.0,0.0,0.0,0.0,0.0,0.0,0.0,0.0,0.0,0.0,0.0,0.0,0.0,0.0,0.0,0.0,0.0,0.0,0.0,0.0,0.0,0.0,0.0,0.0,0.0,0.0,0.0,0.0,0.0,0.0,-13.55610627199267,-13.55610627199267,-13.55610627199267,0.8918742339946366,0.8918742339946366,0.8918742339946366,-0.013954182470931588,-0.013954182470931588,-0.013954182470931588,-10.430762791217642,-10.430762791217642,-10.430762791217642,-2.7928998605035895,-2.7928998605035895,-2.7928998605035895,0.0,0.0,0.0,0.15672603421055925,0.15672603421055925,0.15672603421055925,0.7236307783041674,0.7236307783041674,0.7236307783041674,-0.7925791789315144,-0.7925791789315144,-0.7925791789315144,-0.9734023475238658,-0.9734023475238658,-0.9734023475238658,-6.510299103733387,-6.510299103733387,-6.510299103733387,-0.36347427752326145,-0.36347427752326145,-0.36347427752326145,0.010228172076256606,0.010228172076256606,0.010228172076256606,0.4728930393185504,0.4728930393185504,0.4728930393185504,-0.8658313751039177,-0.8658313751039177,-0.8658313751039177,-0.34763186444062627,-0.34763186444062627,-0.34763186444062627,-3.1513863396657458,-3.1513863396657458,-3.1513863396657458,0.0,0.0,0.0,43.03427271797182
298,2018-04-01 18:00:00,56.59040064712536,39.549723745925135,58.95770589513934,56.59040064712536,56.59040064712536,0.0,0.0,0.0,0.0,0.0,0.0,0.0,0.0,0.0,0.0,0.0,0.0,0.0,0.0,0.0,0.0,0.0,0.0,0.0,0.0,0.0,0.0,0.0,0.0,0.0,0.0,0.0,0.0,0.0,0.0,-7.255827057470495,-7.255827057470495,-7.255827057470495,1.5803752479991737,1.5803752479991737,1.5803752479991737,-0.013954182470931588,-0.013954182470931588,-0.013954182470931588,-4.941655154829764,-4.941655154829764,-4.941655154829764,-2.5676904252768327,-2.5676904252768327,-2.5676904252768327,0.0,0.0,0.0,0.1880610969727869,0.1880610969727869,0.1880610969727869,1.2402007066143528,1.2402007066143528,1.2402007066143528,1.7569359754028964,1.7569359754028964,1.7569359754028964,-0.24458100099911684,-0.24458100099911684,-0.24458100099911684,-5.774206138722434,-5.774206138722434,-5.774206138722434,0.4476760361790064,0.4476760361790064,0.4476760361790064,-0.00546755995668247,-0.00546755995668247,-0.00546755995668247,0.2443847217484088,0.2443847217484088,0.2443847217484088,-0.7436096699718231,-0.7436096699718231,-0.7436096699718231,-0.21301438432121755,-0.21301438432121755,-0.21301438432121755,-3.1509374806680825,-3.1509374806680825,-3.1509374806680825,0.0,0.0,0.0,49.33457358965486
299,2018-04-01 19:00:00,56.59042230428622,41.84832023400991,61.19482203658818,56.59042230428622,56.59042230428622,0.0,0.0,0.0,0.0,0.0,0.0,0.0,0.0,0.0,0.0,0.0,0.0,0.0,0.0,0.0,0.0,0.0,0.0,0.0,0.0,0.0,0.0,0.0,0.0,0.0,0.0,0.0,0.0,0.0,0.0,-4.749339447570201,-4.749339447570201,-4.749339447570201,1.73769280959389,1.73769280959389,1.73769280959389,-0.013954182470931588,-0.013954182470931588,-0.013954182470931588,-2.717331552114791,-2.717331552114791,-2.717331552114791,-2.268801360006754,-2.268801360006754,-2.268801360006754,0.0,0.0,0.0,0.21939615973501458,0.21939615973501458,0.21939615973501458,1.431512736387041,1.431512736387041,1.431512736387041,1.8482409258336068,1.8482409258336068,1.8482409258336068,0.2524953090730629,0.2524953090730629,0.2524953090730629,-4.2803704156119675,-4.2803704156119675,-4.2803704156119675,0.3477914914605942,0.3477914914605942,0.3477914914605942,-0.00933327437429061,-0.00933327437429061,-0.00933327437429061,-0.09988015744618156,-0.09988015744618156,-0.09988015744618156,-0.6192301122865349,-0.6192301122865349,-0.6192301122865349,-0.14442878469398493,-0.14442878469398493,-0.14442878469398493,-3.1504705927627654,-3.1504705927627654,-3.1504705927627654,0.0,0.0,0.0,51.84108285671602
300,2018-04-01 20:00:00,56.59044396144709,41.377626274966275,60.1960943114049,56.59044396144709,56.59044396144709,0.0,0.0,0.0,0.0,0.0,0.0,0.0,0.0,0.0,0.0,0.0,0.0,0.0,0.0,0.0,0.0,0.0,0.0,0.0,0.0,0.0,0.0,0.0,0.0,0.0,0.0,0.0,0.0,0.0,0.0,-5.8500348297245965,-5.8500348297245965,-5.8500348297245965,1.247833324104959,1.247833324104959,1.247833324104959,-0.013954182470931588,-0.013954182470931588,-0.013954182470931588,-3.4543574836471174,-3.4543574836471174,-3.4543574836471174,-2.324408627963978,-2.324408627963978,-2.324408627963978,0.0,0.0,0.0,0.2507312224972422,0.2507312224972422,0.2507312224972422,1.3055267655611242,1.3055267655611242,1.3055267655611242,1.4724859375226125,1.4724859375226125,1.4724859375226125,0.3219068658849435,0.3219068658849435,0.3219068658849435,-4.192224829465697,-4.192224829465697,-4.192224829465697,-0.2504181444903336,-0.2504181444903336,-0.2504181444903336,-0.009624367327423753,-0.009624367327423753,-0.009624367327423753,0.071679938212303,0.071679938212303,0.071679938212303,-0.49352511963638307,-0.49352511963638307,-0.49352511963638307,-0.08605806160697844,-0.08605806160697844,-0.08605806160697844,-3.149985550546056,-3.149985550546056,-3.149985550546056,0.0,0.0,0.0,50.740409131722494
301,2018-04-01 21:00:00,56.59046561860796,37.95026118618467,57.391172299017484,56.59046561860796,56.59046561860796,0.0,0.0,0.0,0.0,0.0,0.0,0.0,0.0,0.0,0.0,0.0,0.0,0.0,0.0,0.0,0.0,0.0,0.0,0.0,0.0,0.0,0.0,0.0,0.0,0.0,0.0,0.0,0.0,0.0,0.0,-8.882043793514937,-8.882043793514937,-8.882043793514937,0.37423759694210423,0.37423759694210423,0.37423759694210423,-0.013954182470931588,-0.013954182470931588,-0.013954182470931588,-5.739467304532417,-5.739467304532417,-5.739467304532417,-2.4319160126812776,-2.4319160126812776,-2.4319160126812776,0.0,0.0,0.0,0.2820662852594699,0.2820662852594699,0.2820662852594699,1.3445028175377693,1.3445028175377693,1.3445028175377693,-0.19207354340646687,-0.19207354340646687,-0.19207354340646687,-0.027390000652263224,-0.027390000652263224,-0.027390000652263224,-4.470579312032866,-4.470579312032866,-4.470579312032866,-0.4161606307813253,-0.4161606307813253,-0.4161606307813253,-0.010660658240577742,-0.010660658240577742,-0.010660658240577742,0.25211136492235225,0.25211136492235225,0.25211136492235225,-0.36733185720647576,-0.36733185720647576,-0.36733185720647576,-0.05541343198630004,-0.05541343198630004,-0.05541343198630004,-3.1494822287181474,-3.1494822287181474,-3.1494822287181474,0.0,0.0,0.0,47.70842182509302
302,2018-04-01 22:00:00,56.59048727576883,31.812668314839048,51.02581648854311,56.59048727576883,56.59048727576883,0.0,0.0,0.0,0.0,0.0,0.0,0.0,0.0,0.0,0.0,0.0,0.0,0.0,0.0,0.0,0.0,0.0,0.0,0.0,0.0,0.0,0.0,0.0,0.0,0.0,0.0,0.0,0.0,0.0,0.0,-15.3503311399998,-15.3503311399998,-15.3503311399998,-0.48528530790875457,-0.48528530790875457,-0.48528530790875457,-0.013954182470931588,-0.013954182470931588,-0.013954182470931588,-11.474600772522688,-11.474600772522688,-11.474600772522688,-2.478255402645631,-2.478255402645631,-2.478255402645631,0.0,0.0,0.0,0.3134013480216976,0.3134013480216976,0.3134013480216976,-0.193678839343356,-0.193678839343356,-0.193678839343356,-1.1894045404188274,-1.1894045404188274,-1.1894045404188274,-0.34533971250023404,-0.34533971250023404,-0.34533971250023404,-6.0819424833383575,-6.0819424833383575,-6.0819424833383575,-0.8683851629130358,-0.8683851629130358,-0.8683851629130358,-0.01654073589386723,-0.01654073589386723,-0.01654073589386723,0.23622882062035744,0.23622882062035744,0.23622882062035744,-0.2414845574755836,-0.2414845574755836,-0.2414845574755836,-0.8367298816405013,-0.8367298816405013,-0.8367298816405013,-3.1489605020927773,-3.1489605020927773,-3.1489605020927773,0.0,0.0,0.0,41.24015613576903
303,2018-04-01 23:00:00,56.590508932929694,31.41851942538467,51.018601983239684,56.590508932929694,56.590508932929694,0.0,0.0,0.0,0.0,0.0,0.0,0.0,0.0,0.0,0.0,0.0,0.0,0.0,0.0,0.0,0.0,0.0,0.0,0.0,0.0,0.0,0.0,0.0,0.0,0.0,0.0,0.0,0.0,0.0,0.0,-15.334387394504986,-15.334387394504986,-15.334387394504986,-1.1005006264230583,-1.1005006264230583,-1.1005006264230583,-0.013954182470931588,-0.013954182470931588,-0.013954182470931588,-10.968659627108023,-10.968659627108023,-10.968659627108023,-2.6770513855927063,-2.6770513855927063,-2.6770513855927063,0.0,0.0,0.0,0.34473641078392525,0.34473641078392525,0.34473641078392525,-0.3276247081081649,-0.3276247081081649,-0.3276247081081649,-3.001456633582127,-3.001456633582127,-3.001456633582127,-0.4371420940901411,-0.4371420940901411,-0.4371420940901411,-3.536545381640814,-3.536545381640814,-3.536545381640814,-1.0451039727994569,-1.0451039727994569,-1.0451039727994569,-0.01652909217574191,-0.01652909217574191,-0.01652909217574191,0.5315582930466394,0.5315582930466394,0.5315582930466394,-0.11680689537638206,-0.11680689537638206,-0.11680689537638206,-0.7895468804785045,-0.7895468804785045,-0.7895468804785045,-3.148420245597521,-3.148420245597521,-3.148420245597521,0.0,0.0,0.0,41.25612153842471
304,2018-04-02 00:00:00,56.590530590090566,28.572212064101315,47.53164141533876,56.590530590090566,56.590530590090566,0.0,0.0,0.0,0.0,0.0,0.0,0.0,0.0,0.0,0.0,0.0,0.0,0.0,0.0,0.0,0.0,0.0,0.0,0.0,0.0,0.0,0.0,0.0,0.0,0.0,0.0,0.0,0.0,0.0,0.0,-18.519547805119466,-18.519547805119466,-18.519547805119466,-1.5009711039919187,-1.5009711039919187,-1.5009711039919187,-0.0128369718187188,-0.0128369718187188,-0.0128369718187188,-13.876610866045729,-13.876610866045729,-13.876610866045729,-2.7553649546324634,-2.7553649546324634,-2.7553649546324634,0.0,0.0,0.0,5.072039942091371e-05,5.072039942091371e-05,5.072039942091371e-05,-0.3638559676920886,-0.3638559676920886,-0.3638559676920886,-3.047109108797482,-3.047109108797482,-3.047109108797482,-0.7181469450543682,-0.7181469450543682,-0.7181469450543682,-5.7061639318726805,-5.7061639318726805,-5.7061639318726805,-1.2251156797645069,-1.2251156797645069,-1.2251156797645069,-0.01652909217574191,-0.01652909217574191,-0.01652909217574191,0.7204317928541454,0.7204317928541454,0.7204317928541454,0.005895499209694014,0.005895499209694014,0.005895499209694014,-0.751970727491244,-0.751970727491244,-0.751970727491244,-3.14786133429151,-3.14786133429151,-3.14786133429151,0.0,0.0,0.0,38.0709827849711
305,2018-04-02 01:00:00,56.59055224725143,26.541569537266064,45.938323735120484,56.59055224725143,56.59055224725143,0.0,0.0,0.0,0.0,0.0,0.0,0.0,0.0,0.0,0.0,0.0,0.0,0.0,0.0,0.0,0.0,0.0,0.0,0.0,0.0,0.0,0.0,0.0,0.0,0.0,0.0,0.0,0.0,0.0,0.0,-20.35227057652275,-20.35227057652275,-20.35227057652275,-1.811666333138425,-1.811666333138425,-1.811666333138425,-0.011719761166506007,-0.011719761166506007,-0.011719761166506007,-15.519162911531739,-15.519162911531739,-15.519162911531739,-2.691879990381299,-2.691879990381299,-2.691879990381299,0.0,0.0,0.0,-0.3446349699850834,-0.3446349699850834,-0.3446349699850834,-0.35617054899246847,-0.35617054899246847,-0.35617054899246847,-3.4720283011865507,-3.4720283011865507,-3.4720283011865507,-0.9476528990291354,-0.9476528990291354,-0.9476528990291354,-6.366482621073685,-6.366482621073685,-6.366482621073685,-1.370003151224181,-1.370003151224181,-1.370003151224181,-0.01654073589386723,-0.01654073589386723,-0.01654073589386723,0.7811002503680715,0.7811002503680715,0.7811002503680715,0.1258423115115857,0.1258423115115857,0.1258423115115857,-0.7231501829670346,-0.7231501829670346,-0.7231501829670346,-3.147283643364173,-3.147283643364173,-3.147283643364173,0.0,0.0,0.0,36.23828167072868
306,2018-04-02 02:00:00,56.5905739044123,25.793845652427503,45.219794885088255,56.5905739044123,56.5905739044123,0.0,0.0,0.0,0.0,0.0,0.0,0.0,0.0,0.0,0.0,0.0,0.0,0.0,0.0,0.0,0.0,0.0,0.0,0.0,0.0,0.0,0.0,0.0,0.0,0.0,0.0,0.0,0.0,0.0,0.0,-20.997994608303525,-20.997994608303525,-20.997994608303525,-2.032832446768863,-2.032832446768863,-2.032832446768863,-0.010602550514293223,-0.010602550514293223,-0.010602550514293223,-16.060760630672526,-16.060760630672526,-16.060760630672526,-2.7488774400374534,-2.7488774400374534,-2.7488774400374534,0.0,0.0,0.0,-0.3132999072228557,-0.3132999072228557,-0.3132999072228557,-0.37483513726297457,-0.37483513726297457,-0.37483513726297457,-3.4930986743628667,-3.4930986743628667,-3.4930986743628667,-1.1368553684034564,-1.1368553684034564,-1.1368553684034564,-6.460813862388114,-6.460813862388114,-6.460813862388114,-1.554405387627403,-1.554405387627403,-1.554405387627403,-0.01654073589386723,-0.01654073589386723,-0.01654073589386723,0.8052817817828203,0.8052817817828203,0.8052817817828203,0.24228551728567133,0.24228551728567133,0.24228551728567133,-0.7567133487420633,-0.7567133487420633,-0.7567133487420633,-3.1466870481478053,-3.1466870481478053,-3.1466870481478053,0.0,0.0,0.0,35.59257929610878
307,2018-04-02 03:00:00,56.59059556157317,26.03691336763076,46.36051070931119,56.59059556157317,56.59059556157317,0.0,0.0,0.0,0.0,0.0,0.0,0.0,0.0,0.0,0.0,0.0,0.0,0.0,0.0,0.0,0.0,0.0,0.0,0.0,0.0,0.0,0.0,0.0,0.0,0.0,0.0,0.0,0.0,0.0,0.0,-19.938544653348366,-19.938544653348366,-19.938544653348366,-2.0003674503499753,-2.0003674503499753,-2.0003674503499753,-0.009485339862080428,-0.009485339862080428,-0.009485339862080428,-15.146621768559294,-15.146621768559294,-15.146621768559294,-2.7683399838224823,-2.7683399838224823,-2.7683399838224823,0.0,0.0,0.0,-0.2819648444606281,-0.2819648444606281,-0.2819648444606281,-0.3816971182447783,-0.3816971182447783,-0.3816971182447783,-2.3939275403316413,-2.3939275403316413,-2.3939275403316413,-1.1749197705261003,-1.1749197705261003,-1.1749197705261003,-6.323183034896569,-6.323183034896569,-6.323183034896569,-1.7036833885252491,-1.7036833885252491,-1.7036833885252491,-0.01655237961199256,-0.01655237961199256,-0.01655237961199256,0.7396053148043013,0.7396053148043013,0.7396053148043013,0.354515989684981,0.354515989684981,0.354515989684981,-0.8324736830820739,-0.8324736830820739,-0.8324736830820739,-3.1460714241240773,-3.1460714241240773,-3.1460714241240773,0.0,0.0,0.0,36.6520509082248
308,2018-04-02 04:00:00,56.59061721873404,32.46169746509647,52.27112431829524,56.59061721873404,56.59061721873404,0.0,0.0,0.0,0.0,0.0,0.0,0.0,0.0,0.0,0.0,0.0,0.0,0.0,0.0,0.0,0.0,0.0,0.0,0.0,0.0,0.0,0.0,0.0,0.0,0.0,0.0,0.0,0.0,0.0,0.0,-14.376423880183356,-14.376423880183356,-14.376423880183356,-1.5620697080553565,-1.5620697080553565,-1.5620697080553565,-0.00836812920986764,-0.00836812920986764,-0.00836812920986764,-10.130787193116495,-10.130787193116495,-10.130787193116495,-2.679368355090924,-2.679368355090924,-2.679368355090924,0.0,0.0,0.0,-0.2506297816984004,-0.2506297816984004,-0.2506297816984004,-0.2655924000326591,-0.2655924000326591,-0.2655924000326591,1.0264963719572253,1.0264963719572253,1.0264963719572253,-0.8278619864666956,-0.8278619864666956,-0.8278619864666956,-5.6705964146557655,-5.6705964146557655,-5.6705964146557655,-1.0330300168444841,-1.0330300168444841,-1.0330300168444841,-0.01654073589386723,-0.01654073589386723,-0.01654073589386723,0.43325822155591476,0.43325822155591476,0.43325822155591476,0.4618696679170787,0.4618696679170787,0.4618696679170787,-0.8385539667369702,-0.8385539667369702,-0.8385539667369702,-3.145436646928585,-3.145436646928585,-3.145436646928585,0.0,0.0,0.0,42.214193338550686
309,2018-04-02 05:00:00,56.5906388758949,38.24579021695165,57.35521967035547,56.5906388758949,56.5906388758949,0.0,0.0,0.0,0.0,0.0,0.0,0.0,0.0,0.0,0.0,0.0,0.0,0.0,0.0,0.0,0.0,0.0,0.0,0.0,0.0,0.0,0.0,0.0,0.0,0.0,0.0,0.0,0.0,0.0,0.0,-8.406789697394387,-8.406789697394387,-8.406789697394387,-0.7779523533341385,-0.7779523533341385,-0.7779523533341385,-0.007250918557654849,-0.007250918557654849,-0.007250918557654849,-5.047787975466164,-5.047787975466164,-5.047787975466164,-2.422648134688407,-2.422648134688407,-2.422648134688407,0.0,0.0,0.0,-0.21929471893617275,-0.21929471893617275,-0.21929471893617275,-0.22991009892727973,-0.22991009892727973,-0.22991009892727973,3.712968951937702,3.712968951937702,3.712968951937702,-0.760689512132618,-0.760689512132618,-0.760689512132618,-3.3695326921005124,-3.3695326921005124,-3.3695326921005124,-0.8837520159466377,-0.8837520159466377,-0.8837520159466377,-0.016517448457616584,-0.016517448457616584,-0.016517448457616584,-0.030483454865393396,-0.030483454865393396,-0.030483454865393396,0.5637332237721024,0.5637332237721024,0.5637332237721024,-0.8206779327915746,-0.8206779327915746,-0.8206779327915746,-3.1447825923661883,-3.1447825923661883,-3.1447825923661883,0.0,0.0,0.0,48.183849178500516
310,2018-04-02 06:00:00,56.590660533055775,44.49573708184464,63.820279687517434,56.590660533055775,56.590660533055775,0.0,0.0,0.0,0.0,0.0,0.0,0.0,0.0,0.0,0.0,0.0,0.0,0.0,0.0,0.0,0.0,0.0,0.0,0.0,0.0,0.0,0.0,0.0,0.0,0.0,0.0,0.0,0.0,0.0,0.0,-2.8674845490424423,-2.8674845490424423,-2.8674845490424423,0.07143137597828994,0.07143137597828994,0.07143137597828994,-0.006133707905442058,-0.006133707905442058,-0.006133707905442058,-0.45435595607371343,-0.45435595607371343,-0.45435595607371343,-2.466207161254899,-2.466207161254899,-2.466207161254899,0.0,0.0,0.0,-0.18795965617394506,-0.18795965617394506,-0.18795965617394506,-0.16129028910924234,-0.16129028910924234,-0.16129028910924234,3.712968951937702,3.712968951937702,3.712968951937702,0.583879515787849,0.583879515787849,0.583879515787849,-0.7839288318099334,-0.7839288318099334,-0.7839288318099334,0.04374732786718703,0.04374732786718703,0.04374732786718703,-0.01630786153136072,-0.01630786153136072,-0.01630786153136072,-0.33797523599140117,-0.33797523599140117,-0.33797523599140117,0.6595491674624714,0.6595491674624714,0.6595491674624714,-0.8351490078902283,-0.8351490078902283,-0.8351490078902283,-3.14410913640949,-3.14410913640949,-3.14410913640949,0.0,0.0,0.0,53.72317598401333
311,2018-04-02 07:00:00,56.59068219021664,47.82361443382698,67.35357483630446,56.59068219021664,56.59068219021664,0.0,0.0,0.0,0.0,0.0,0.0,0.0,0.0,0.0,0.0,0.0,0.0,0.0,0.0,0.0,0.0,0.0,0.0,0.0,0.0,0.0,0.0,0.0,0.0,0.0,0.0,0.0,0.0,0.0,0.0,1.1321691513857424,1.1321691513857424,1.1321691513857424,0.6867644004979389,0.6867644004979389,0.6867644004979389,-0.005016497253229273,-0.005016497253229273,-0.005016497253229273,2.840000565099334,2.840000565099334,2.840000565099334,-2.2776058440999813,-2.2776058440999813,-2.2776058440999813,0.0,0.0,0.0,-0.1566245934117174,-0.1566245934117174,-0.1566245934117174,0.15792906616426744,0.15792906616426744,0.15792906616426744,3.748086240564896,3.748086240564896,3.748086240564896,1.6328896566383708,1.6328896566383708,1.6328896566383708,0.03103123659505124,0.03103123659505124,0.03103123659505124,1.1128412460620563,1.1128412460620563,1.1128412460620563,-0.012477078268128555,-0.012477078268128555,-0.012477078268128555,-0.5664835535615428,-0.5664835535615428,-0.5664835535615428,0.7488203410023002,0.7488203410023002,0.7488203410023002,-0.8245693143307083,-0.8245693143307083,-0.8245693143307083,-3.143416155213831,-3.143416155213831,-3.143416155213831,0.0,0.0,0.0,57.72285134160238
312,2018-04-02 08:00:00,56.60141993963607,47.4536772484287,67.09721249172881,56.60141993963607,56.60141993963607,0.0,0.0,0.0,0.0,0.0,0.0,0.0,0.0,0.0,0.0,0.0,0.0,0.0,0.0,0.0,0.0,0.0,0.0,0.0,0.0,0.0,0.0,0.0,0.0,0.0,0.0,0.0,0.0,0.0,0.0,0.25377732171518985,0.25377732171518985,0.25377732171518985,0.8758788194114786,0.8758788194114786,0.8758788194114786,-0.024384830073928446,-0.024384830073928446,-0.024384830073928446,1.6634500270542416,1.6634500270542416,1.6634500270542416,-2.1812054865628325,-2.1812054865628325,-2.1812054865628325,0.0,0.0,0.0,-0.08558903430477792,-0.08558903430477792,-0.08558903430477792,0.25208789085363015,0.25208789085363015,0.25208789085363015,2.4973554213776445,2.4973554213776445,2.4973554213776445,1.3233235854821808,1.3233235854821808,1.3233235854821808,-0.09522724276826781,-0.09522724276826781,-0.09522724276826781,1.4497324506932432,1.4497324506932432,1.4497324506932432,-0.012723163350175598,-0.012723163350175598,-0.012723163350175598,-0.6832739057233274,-0.6832739057233274,-0.6832739057233274,0.8310615138661114,0.8310615138661114,0.8310615138661114,-0.7766456585691481,-0.7766456585691481,-0.7766456585691481,-3.1166130386166415,-3.1166130386166415,-3.1166130386166415,0.0,0.0,0.0,56.85519726135126
313,2018-04-02 09:00:00,56.60145617089866,45.767022012223094,64.38960276426086,56.60145617089866,56.60145617089866,0.0,0.0,0.0,0.0,0.0,0.0,0.0,0.0,0.0,0.0,0.0,0.0,0.0,0.0,0.0,0.0,0.0,0.0,0.0,0.0,0.0,0.0,0.0,0.0,0.0,0.0,0.0,0.0,0.0,0.0,-1.2221681663763841,-1.2221681663763841,-1.2221681663763841,0.9323655499948925,0.9323655499948925,0.9323655499948925,-0.017379141988033003,-0.017379141988033003,-0.017379141988033003,0.06202287237935499,0.06202287237935499,0.06202287237935499,-2.1338691855559735,-2.1338691855559735,-2.1338691855559735,0.0,0.0,0.0,-0.06418312104667315,-0.06418312104667315,-0.06418312104667315,0.07935814112491779,0.07935814112491779,0.07935814112491779,2.3241582580732927,2.3241582580732927,2.3241582580732927,0.46794024449298743,0.46794024449298743,0.46794024449298743,-0.4317927938722279,-0.4317927938722279,-0.4317927938722279,1.3754884279039747,1.3754884279039747,1.3754884279039747,-0.0008530355636663598,-0.0008530355636663598,-0.0008530355636663598,-0.7034515313549746,-0.7034515313549746,-0.7034515313549746,0.8993041178284172,0.8993041178284172,0.8993041178284172,-0.8333933898342688,-0.8333933898342688,-0.8333933898342688,-3.115860706579049,-3.115860706579049,-3.115860706579049,0.0,0.0,0.0,55.37928800452227
314,2018-04-02 10:00:00,56.601492402161256,44.137726370795946,64.10926370639373,56.601492402161256,56.601492402161256,0.0,0.0,0.0,0.0,0.0,0.0,0.0,0.0,0.0,0.0,0.0,0.0,0.0,0.0,0.0,0.0,0.0,0.0,0.0,0.0,0.0,0.0,0.0,0.0,0.0,0.0,0.0,0.0,0.0,0.0,-2.407545692368763,-2.407545692368763,-2.407545692368763,0.9319839148170618,0.9319839148170618,0.9319839148170618,-0.01037345390213756,-0.01037345390213756,-0.01037345390213756,-1.184485026367163,-1.184485026367163,-1.184485026367163,-2.2276044350745066,-2.2276044350745066,-2.2276044350745066,0.0,0.0,0.0,-0.04277720778856839,-0.04277720778856839,-0.04277720778856839,-0.12955505770598658,-0.12955505770598658,-0.12955505770598658,2.041387379209046,2.041387379209046,2.041387379209046,0.2329075695580443,0.2329075695580443,0.2329075695580443,-0.6254767430924315,-0.6254767430924315,-0.6254767430924315,1.1693781556830203,1.1693781556830203,1.1693781556830203,0.004585139259455315,0.004585139259455315,0.004585139259455315,-0.6733997484993298,-0.6733997484993298,-0.6733997484993298,0.9600414475878134,0.9600414475878134,0.9600414475878134,-0.9235566240137685,-0.9235566240137685,-0.9235566240137685,-3.115086028406475,-3.115086028406475,-3.115086028406475,0.0,0.0,0.0,54.19394670979249
315,2018-04-02 11:00:00,56.60152863342385,43.966063937671386,62.90266838463778,56.60152863342385,56.60152863342385,0.0,0.0,0.0,0.0,0.0,0.0,0.0,0.0,0.0,0.0,0.0,0.0,0.0,0.0,0.0,0.0,0.0,0.0,0.0,0.0,0.0,0.0,0.0,0.0,0.0,0.0,0.0,0.0,0.0,0.0,-3.402334229040151,-3.402334229040151,-3.402334229040151,0.8790995485425274,0.8790995485425274,0.8790995485425274,-0.003367765816242137,-0.003367765816242137,-0.003367765816242137,-2.1802219160745233,-2.1802219160745233,-2.1802219160745233,-2.3353999720208187,-2.3353999720208187,-2.3353999720208187,0.0,0.0,0.0,-0.021371294530463623,-0.021371294530463623,-0.021371294530463623,-0.1644179429723322,-0.1644179429723322,-0.1644179429723322,1.882328759847906,1.882328759847906,1.882328759847906,-0.17274978766140064,-0.17274978766140064,-0.17274978766140064,-0.49688330139705106,-0.49688330139705106,-0.49688330139705106,0.7737794073879635,0.7737794073879635,0.7737794073879635,0.006462275746624219,0.006462275746624219,0.006462275746624219,-0.6698221553022291,-0.6698221553022291,-0.6698221553022291,1.013077017525137,1.013077017525137,1.013077017525137,-0.9787801393564788,-0.9787801393564788,-0.9787801393564788,-3.114288879033292,-3.114288879033292,-3.114288879033292,0.0,0.0,0.0,53.1991944043837
316,2018-04-02 12:00:00,56.601564864686445,40.940200949715816,60.50996477055135,56.601564864686445,56.601564864686445,0.0,0.0,0.0,0.0,0.0,0.0,0.0,0.0,0.0,0.0,0.0,0.0,0.0,0.0,0.0,0.0,0.0,0.0,0.0,0.0,0.0,0.0,0.0,0.0,0.0,0.0,0.0,0.0,0.0,0.0,-5.673369924875619,-5.673369924875619,-5.673369924875619,0.6632242720091643,0.6632242720091643,0.6632242720091643,0.0036379222696533036,0.0036379222696533036,0.0036379222696533036,-4.281410104430487,-4.281410104430487,-4.281410104430487,-2.4188243440923127,-2.4188243440923127,-2.4188243440923127,0.0,0.0,0.0,3.4618727641141804e-05,3.4618727641141804e-05,3.4618727641141804e-05,-0.140119568392758,-0.140119568392758,-0.140119568392758,0.5674441731291558,0.5674441731291558,0.5674441731291558,-0.3151253503623765,-0.3151253503623765,-0.3151253503623765,-1.0445961086181184,-1.0445961086181184,-1.0445961086181184,0.5853990510569833,0.5853990510569833,0.5853990510569833,0.004502324414433157,0.004502324414433157,0.004502324414433157,-0.5363063771864355,-0.5363063771864355,-0.5363063771864355,1.058285041251974,1.058285041251974,1.058285041251974,-0.9874564453763526,-0.9874564453763526,-0.9874564453763526,-3.1134691337062703,-3.1134691337062703,-3.1134691337062703,0.0,0.0,0.0,50.92819493981082
317,2018-04-02 13:00:00,56.60160109594904,38.700794837935696,58.479217014788645,56.60160109594904,56.60160109594904,0.0,0.0,0.0,0.0,0.0,0.0,0.0,0.0,0.0,0.0,0.0,0.0,0.0,0.0,0.0,0.0,0.0,0.0,0.0,0.0,0.0,0.0,0.0,0.0,0.0,0.0,0.0,0.0,0.0,0.0,-8.049139690279898,-8.049139690279898,-8.049139690279898,0.2508737953104752,0.2508737953104752,0.2508737953104752,0.01064361035554873,0.01064361035554873,0.01064361035554873,-6.2829972258647615,-6.2829972258647615,-6.2829972258647615,-2.3803928917897137,-2.3803928917897137,-2.3803928917897137,0.0,0.0,0.0,0.021440531985745904,0.021440531985745904,0.021440531985745904,-0.11872643425204592,-0.11872643425204592,-0.11872643425204592,-1.012538112524826,-1.012538112524826,-1.012538112524826,-0.44055144131323554,-0.44055144131323554,-0.44055144131323554,-1.4208509935786784,-1.4208509935786784,-1.4208509935786784,0.47901955571713584,0.47901955571713584,0.47901955571713584,-0.0031442462759460506,-0.0031442462759460506,-0.0031442462759460506,-0.43641997512338715,-0.43641997512338715,-0.43641997512338715,1.0956104082670615,1.0956104082670615,1.0956104082670615,-0.9814768290653584,-0.9814768290653584,-0.9814768290653584,-3.1126266679926737,-3.1126266679926737,-3.1126266679926737,0.0,0.0,0.0,48.55246140566915
318,2018-04-02 14:00:00,56.601637327211634,38.2360911976565,56.82871713044551,56.601637327211634,56.601637327211634,0.0,0.0,0.0,0.0,0.0,0.0,0.0,0.0,0.0,0.0,0.0,0.0,0.0,0.0,0.0,0.0,0.0,0.0,0.0,0.0,0.0,0.0,0.0,0.0,0.0,0.0,0.0,0.0,0.0,0.0,-8.915644893196653,-8.915644893196653,-8.915644893196653,-0.16951399018000982,-0.16951399018000982,-0.16951399018000982,0.01764929844144417,0.01764929844144417,0.01764929844144417,-6.759437472746923,-6.759437472746923,-6.759437472746923,-2.40429538041694,-2.40429538041694,-2.40429538041694,0.0,0.0,0.0,0.042846445243850666,0.042846445243850666,0.042846445243850666,-0.12691393003429374,-0.12691393003429374,-0.12691393003429374,-1.376605619062545,-1.376605619062545,-1.376605619062545,-0.6428151375312877,-0.6428151375312877,-0.6428151375312877,-1.4875290744577654,-1.4875290744577654,-1.4875290744577654,0.5455067403045406,0.5455067403045406,0.5455067403045406,-0.017830078793208644,-0.017830078793208644,-0.017830078793208644,-0.3839009069899506,-0.3839009069899506,-0.3839009069899506,1.1250679275207132,1.1250679275207132,1.1250679275207132,-0.9255498294507665,-0.9255498294507665,-0.9255498294507665,-3.111761357790435,-3.111761357790435,-3.111761357790435,0.0,0.0,0.0,47.68599243401498
319,2018-04-02 15:00:00,56.60167355847423,39.49066050162416,58.35396886574915,56.60167355847423,56.60167355847423,0.0,0.0,0.0,0.0,0.0,0.0,0.0,0.0,0.0,0.0,0.0,0.0,0.0,0.0,0.0,0.0,0.0,0.0,0.0,0.0,0.0,0.0,0.0,0.0,0.0,0.0,0.0,0.0,0.0,0.0,-8.053380668407097,-8.053380668407097,-8.053380668407097,-0.2724421358199238,-0.2724421358199238,-0.2724421358199238,0.024654986527339613,0.024654986527339613,0.024654986527339613,-5.816806306711613,-5.816806306711613,-5.816806306711613,-2.261349124901178,-2.261349124901178,-2.261349124901178,0.0,0.0,0.0,0.06425235850195543,0.06425235850195543,0.06425235850195543,0.2351846737547959,0.2351846737547959,0.2351846737547959,-1.012538112524826,-1.012538112524826,-1.012538112524826,-0.837169080265952,-0.837169080265952,-0.837169080265952,-1.3240090189685767,-1.3240090189685767,-1.3240090189685767,0.5942640090019713,0.5942640090019713,0.5942640090019713,-0.03306801027728562,-0.03306801027728562,-0.03306801027728562,-0.39635093131586063,-0.39635093131586063,-0.39635093131586063,1.1467408534561447,1.1467408534561447,1.1467408534561447,-0.8706780562439969,-0.8706780562439969,-0.8706780562439969,-3.110873079331704,-3.110873079331704,-3.110873079331704,0.0,0.0,0.0,48.54829289006713
320,2018-04-02 16:00:00,56.60170978973683,42.40497383958252,61.05404273801568,56.60170978973683,56.60170978973683,0.0,0.0,0.0,0.0,0.0,0.0,0.0,0.0,0.0,0.0,0.0,0.0,0.0,0.0,0.0,0.0,0.0,0.0,0.0,0.0,0.0,0.0,0.0,0.0,0.0,0.0,0.0,0.0,0.0,0.0,-5.134005028786772,-5.134005028786772,-5.134005028786772,0.1337181885723513,0.1337181885723513,0.1337181885723513,0.03166067461323504,0.03166067461323504,0.03166067461323504,-3.3185402264229618,-3.3185402264229618,-3.3185402264229618,-2.3532096694293396,-2.3532096694293396,-2.3532096694293396,0.0,0.0,0.0,0.0856582717600602,0.0856582717600602,0.0856582717600602,0.4541341577381331,0.4541341577381331,0.4541341577381331,0.9350463156526772,0.9350463156526772,0.9350463156526772,-0.7332123201985732,-0.7332123201985732,-0.7332123201985732,-0.8112228255413155,-0.8112228255413155,-0.8112228255413155,0.599804607717588,0.599804607717588,0.599804607717588,-0.03872702468713305,-0.03872702468713305,-0.03872702468713305,-0.620022057998589,-0.620022057998589,-0.620022057998589,1.1607787182577178,1.1607787182577178,1.1607787182577178,-0.868450356049705,-0.868450356049705,-0.868450356049705,-3.109961709193879,-3.109961709193879,-3.109961709193879,0.0,0.0,0.0,51.467704760950056
321,2018-04-02 17:00:00,56.60174602099942,45.76259576599054,65.39114842458177,56.60174602099942,56.60174602099942,0.0,0.0,0.0,0.0,0.0,0.0,0.0,0.0,0.0,0.0,0.0,0.0,0.0,0.0,0.0,0.0,0.0,0.0,0.0,0.0,0.0,0.0,0.0,0.0,0.0,0.0,0.0,0.0,0.0,0.0,-0.8798900876301837,-0.8798900876301837,-0.8798900876301837,0.8943393140869709,0.8943393140869709,0.8943393140869709,0.03866636269913048,0.03866636269913048,0.03866636269913048,0.1674032206650141,0.1674032206650141,0.1674032206650141,-2.299780577203776,-2.299780577203776,-2.299780577203776,0.0,0.0,0.0,0.10706418501816495,0.10706418501816495,0.10706418501816495,0.2903842420931765,0.2903842420931765,0.2903842420931765,2.313554350115883,2.313554350115883,2.313554350115883,-0.4563709482800107,-0.4563709482800107,-0.4563709482800107,0.5540902591256943,0.5540902591256943,0.5540902591256943,1.2702170523072518,1.2702170523072518,1.2702170523072518,-0.03911349396390312,-0.03911349396390312,-0.03911349396390312,-0.6859928765531239,-0.6859928765531239,-0.6859928765531239,1.16739450192555,1.16739450192555,1.16739450192555,-0.9253153346934726,-0.9253153346934726,-0.9253153346934726,-3.1090271243077185,-3.1090271243077185,-3.1090271243077185,0.0,0.0,0.0,55.721855933369234
322,2018-04-02 18:00:00,56.60178225226202,54.18298047369844,73.33400463826598,56.60178225226202,56.60178225226202,0.0,0.0,0.0,0.0,0.0,0.0,0.0,0.0,0.0,0.0,0.0,0.0,0.0,0.0,0.0,0.0,0.0,0.0,0.0,0.0,0.0,0.0,0.0,0.0,0.0,0.0,0.0,0.0,0.0,0.0,6.890614572191169,6.890614572191169,6.890614572191169,1.569115728001,1.569115728001,1.569115728001,0.045672050785025904,0.045672050785025904,0.045672050785025904,7.262706867105949,7.262706867105949,7.262706867105949,-2.3635205468763782,-2.3635205468763782,-2.3635205468763782,0.0,0.0,0.0,0.12847009827626973,0.12847009827626973,0.12847009827626973,0.2893277910244993,0.2893277910244993,0.2893277910244993,5.851724971904777,5.851724971904777,5.851724971904777,0.1052215490405035,0.1052215490405035,0.1052215490405035,2.9322751438131127,2.9322751438131127,2.9322751438131127,1.9384132574106683,1.9384132574106683,1.9384132574106683,-0.03911349396390312,-0.03911349396390312,-0.03911349396390312,-0.6894273660223403,-0.6894273660223403,-0.6894273660223403,1.1668611790467274,1.1668611790467274,1.1668611790467274,-0.9363365882862854,-0.9363365882862854,-0.9363365882862854,-3.1080692019625085,-3.1080692019625085,-3.1080692019625085,0.0,0.0,0.0,63.49239682445319
323,2018-04-02 19:00:00,56.60181848352461,55.711264300740034,74.97946394147979,56.60181848352461,56.60181848352461,0.0,0.0,0.0,0.0,0.0,0.0,0.0,0.0,0.0,0.0,0.0,0.0,0.0,0.0,0.0,0.0,0.0,0.0,0.0,0.0,0.0,0.0,0.0,0.0,0.0,0.0,0.0,0.0,0.0,0.0,8.434730588533807,8.434730588533807,8.434730588533807,1.7370720890949154,1.7370720890949154,1.7370720890949154,0.05267773887092135,0.05267773887092135,0.05267773887092135,8.645238631205027,8.645238631205027,8.645238631205027,-2.428197869044166,-2.428197869044166,-2.428197869044166,0.0,0.0,0.0,0.1498760115343745,0.1498760115343745,0.1498760115343745,0.27110401008981866,0.27110401008981866,0.27110401008981866,5.699735624515247,5.699735624515247,5.699735624515247,0.7617310881616667,0.7617310881616667,0.7617310881616667,3.90387003662266,3.90387003662266,3.90387003662266,1.7965739302908719,1.7965739302908719,1.7965739302908719,-0.03911349396390312,-0.03911349396390312,-0.03911349396390312,-0.6314703562293109,-0.6314703562293109,-0.6314703562293109,1.1595076880536246,1.1595076880536246,1.1595076880536246,-0.8915480896431529,-0.8915480896431529,-0.8915480896431529,-3.107087819819759,-3.107087819819759,-3.107087819819759,0.0,0.0,0.0,65.03654907205842
324,2018-04-02 20:00:00,56.60185471478721,49.931510014882676,69.36613594711505,56.60185471478721,56.60185471478721,0.0,0.0,0.0,0.0,0.0,0.0,0.0,0.0,0.0,0.0,0.0,0.0,0.0,0.0,0.0,0.0,0.0,0.0,0.0,0.0,0.0,0.0,0.0,0.0,0.0,0.0,0.0,0.0,0.0,0.0,2.6299343393211556,2.6299343393211556,2.6299343393211556,1.2910399318486123,1.2910399318486123,1.2910399318486123,0.05968342695681678,0.05968342695681678,0.05968342695681678,3.2992628882736095,3.2992628882736095,3.2992628882736095,-2.4197616965874977,-2.4197616965874977,-2.4197616965874977,0.0,0.0,0.0,0.17128192479247925,0.17128192479247925,0.17128192479247925,-0.046359536047661826,-0.046359536047661826,-0.046359536047661826,2.207515270541791,2.207515270541791,2.207515270541791,0.35381380137553925,0.35381380137553925,0.35381380137553925,3.475225230971389,3.475225230971389,3.475225230971389,0.700643504341818,0.700643504341818,0.700643504341818,-0.03911349396390312,-0.03911349396390312,-0.03911349396390312,-0.3518456719439294,-0.3518456719439294,-0.3518456719439294,1.1457143751146481,1.1457143751146481,1.1457143751146481,-0.8118198721632311,-0.8118198721632311,-0.8118198721632311,-3.1060828559157136,-3.1060828559157136,-3.1060828559157136,0.0,0.0,0.0,59.23178905410836
325,2018-04-02 21:00:00,56.60189094604981,44.222267660956675,62.30690623972383,56.60189094604981,56.60189094604981,0.0,0.0,0.0,0.0,0.0,0.0,0.0,0.0,0.0,0.0,0.0,0.0,0.0,0.0,0.0,0.0,0.0,0.0,0.0,0.0,0.0,0.0,0.0,0.0,0.0,0.0,0.0,0.0,0.0,0.0,-3.253908470398817,-3.253908470398817,-3.253908470398817,0.4747240499968223,0.4747240499968223,0.4747240499968223,0.06668911504271222,0.06668911504271222,0.06668911504271222,-1.7494863020017182,-1.7494863020017182,-1.7494863020017182,-2.3808615680373064,-2.3808615680373064,-2.3808615680373064,0.0,0.0,0.0,0.192687838050584,0.192687838050584,0.192687838050584,-0.16653084510968647,-0.16653084510968647,-0.16653084510968647,0.23165375447786107,0.23165375447786107,0.23165375447786107,-0.39196295562956945,-0.39196295562956945,-0.39196295562956945,1.190707174185544,1.190707174185544,1.190707174185544,0.3083691152761307,0.3083691152761307,0.3083691152761307,-0.039085889015562404,-0.039085889015562404,-0.039085889015562404,0.0024791582969123614,0.0024791582969123614,0.0024791582969123614,1.1259079702793993,1.1259079702793993,1.1259079702793993,-0.7636311995393373,-0.7636311995393373,-0.7636311995393373,-3.10505418867332,-3.10505418867332,-3.10505418867332,0.0,0.0,0.0,53.34798247565099
326,2018-04-02 22:00:00,56.6019271773124,40.35261974500597,58.574581698955235,56.6019271773124,56.6019271773124,0.0,0.0,0.0,0.0,0.0,0.0,0.0,0.0,0.0,0.0,0.0,0.0,0.0,0.0,0.0,0.0,0.0,0.0,0.0,0.0,0.0,0.0,0.0,0.0,0.0,0.0,0.0,0.0,0.0,0.0,-7.020790709681668,-7.020790709681668,-7.020790709681668,-0.3489390178009453,-0.3489390178009453,-0.3489390178009453,0.07369480312860767,0.07369480312860767,0.07369480312860767,-4.66840615354184,-4.66840615354184,-4.66840615354184,-1.335713535905669,-1.335713535905669,-1.335713535905669,0.0,0.0,0.0,0.2140937513086888,0.2140937513086888,0.2140937513086888,-0.3408452714414145,-0.3408452714414145,-0.3408452714414145,-2.5819164902213982,-2.5819164902213982,-2.5819164902213982,-0.8247394676492004,-0.8247394676492004,-0.8247394676492004,0.2746773487752357,0.2746773487752357,0.2746773487752357,-0.05952663944084165,-0.05952663944084165,-0.05952663944084165,-0.03925151870560671,-0.03925151870560671,-0.03925151870560671,0.13742597369154635,0.13742597369154635,0.13742597369154635,1.1005561585693282,1.1005561585693282,1.1005561585693282,-0.18630510708178696,-0.18630510708178696,-0.18630510708178696,-3.104001696908212,-3.104001696908212,-3.104001696908212,0.0,0.0,0.0,49.58113646763073
327,2018-04-02 23:00:00,56.601963408574996,36.18281602483999,55.64967373784918,56.601963408574996,56.601963408574996,0.0,0.0,0.0,0.0,0.0,0.0,0.0,0.0,0.0,0.0,0.0,0.0,0.0,0.0,0.0,0.0,0.0,0.0,0.0,0.0,0.0,0.0,0.0,0.0,0.0,0.0,0.0,0.0,0.0,0.0,-11.132974756918268,-11.132974756918268,-11.132974756918268,-0.9718731658055364,-0.9718731658055364,-0.9718731658055364,0.08070049121450312,0.08070049121450312,0.08070049121450312,-8.12833814395424,-8.12833814395424,-8.12833814395424,-1.5789565084062611,-1.5789565084062611,-1.5789565084062611,0.0,0.0,0.0,0.2354996645667935,0.2354996645667935,0.2354996645667935,-0.4079299143024129,-0.4079299143024129,-0.4079299143024129,-3.617564834061704,-3.617564834061704,-3.617564834061704,-1.5840758020544017,-1.5840758020544017,-1.5840758020544017,-0.49847087475131474,-0.49847087475131474,-0.49847087475131474,-1.0557262885087872,-1.0557262885087872,-1.0557262885087872,-0.03925151870560671,-0.03925151870560671,-0.03925151870560671,0.4475317520162248,0.4475317520162248,0.4475317520162248,1.0701618126781902,1.0701618126781902,1.0701618126781902,-0.1100943109612736,-0.1100943109612736,-0.1100943109612736,-3.1029252598366805,-3.1029252598366805,-3.1029252598366805,0.0,0.0,0.0,45.46898865165673
328,2018-04-03 00:00:00,56.601999639837594,33.21119174730181,52.637960327578995,56.601999639837594,56.601999639837594,0.0,0.0,0.0,0.0,0.0,0.0,0.0,0.0,0.0,0.0,0.0,0.0,0.0,0.0,0.0,0.0,0.0,0.0,0.0,0.0,0.0,0.0,0.0,0.0,0.0,0.0,0.0,0.0,0.0,0.0,-13.38740320727513,-13.38740320727513,-13.38740320727513,-1.4153181599955944,-1.4153181599955944,-1.4153181599955944,0.08770617930039852,0.08770617930039852,0.08770617930039852,-9.905517247532245,-9.905517247532245,-9.905517247532245,-1.7158099727033187,-1.7158099727033187,-1.7158099727033187,0.0,0.0,0.0,3.4618727641141804e-05,3.4618727641141804e-05,3.4618727641141804e-05,-0.458111340064577,-0.458111340064577,-0.458111340064577,-3.925078164826575,-3.925078164826575,-3.925078164826575,-1.625884499038021,-1.625884499038021,-1.625884499038021,-1.5018172346461405,-1.5018172346461405,-1.5018172346461405,-1.352702379665861,-1.352702379665861,-1.352702379665861,-0.03925151870560671,-0.03925151870560671,-0.03925151870560671,0.6915236080584847,0.6915236080584847,0.6915236080584847,1.0352569573407508,1.0352569573407508,1.0352569573407508,-0.06612654396866975,-0.06612654396866975,-0.06612654396866975,-3.101824757088041,-3.101824757088041,-3.101824757088041,0.0,0.0,0.0,43.214596432562466
329,2018-04-03 01:00:00,56.602035871100185,32.03240405481988,51.241516168822244,56.602035871100185,56.602035871100185,0.0,0.0,0.0,0.0,0.0,0.0,0.0,0.0,0.0,0.0,0.0,0.0,0.0,0.0,0.0,0.0,0.0,0.0,0.0,0.0,0.0,0.0,0.0,0.0,0.0,0.0,0.0,0.0,0.0,0.0,-15.02126991424482,-15.02126991424482,-15.02126991424482,-1.773577974374804,-1.773577974374804,-1.773577974374804,0.08770617930039852,0.08770617930039852,0.08770617930039852,-11.143388408982773,-11.143388408982773,-11.143388408982773,-1.8179813946785188,-1.8179813946785188,-1.8179813946785188,0.0,0.0,0.0,-0.2354304271115113,-0.2354304271115113,-0.2354304271115113,-0.474750444396242,-0.474750444396242,-0.474750444396242,-3.9180088928549677,-3.9180088928549677,-3.9180088928549677,-1.860917173972965,-1.860917173972965,-1.860917173972965,-2.213050097356396,-2.213050097356396,-2.213050097356396,-1.4557575157763383,-1.4557575157763383,-1.4557575157763383,-0.03925151870560671,-0.03925151870560671,-0.03925151870560671,0.8084393537397316,0.8084393537397316,0.8084393537397316,0.9963965378197162,0.9963965378197162,0.9963965378197162,-0.02438647717035782,-0.02438647717035782,-0.02438647717035782,-3.100700068706962,-3.100700068706962,-3.100700068706962,0.0,0.0,0.0,41.580765956855366
330,2018-04-03 02:00:00,56.60207210236278,32.042373660502214,50.417937323348134,56.60207210236278,56.60207210236278,0.0,0.0,0.0,0.0,0.0,0.0,0.0,0.0,0.0,0.0,0.0,0.0,0.0,0.0,0.0,0.0,0.0,0.0,0.0,0.0,0.0,0.0,0.0,0.0,0.0,0.0,0.0,0.0,0.0,0.0,-15.6399632636513,-15.6399632636513,-15.6399632636513,-2.020245722813529,-2.020245722813529,-2.020245722813529,0.08770617930039852,0.08770617930039852,0.08770617930039852,-11.474318532109374,-11.474318532109374,-11.474318532109374,-1.8896888605601965,-1.8896888605601965,-1.8896888605601965,0.0,0.0,0.0,-0.2140245138534065,-0.2140245138534065,-0.2140245138534065,-0.4721093167245491,-0.4721093167245491,-0.4721093167245491,-3.879127897011134,-3.879127897011134,-3.879127897011134,-1.9072457300899486,-1.9072457300899486,-1.9072457300899486,-2.49087543435259,-2.49087543435259,-2.49087543435259,-1.5399746162537182,-1.5399746162537182,-1.5399746162537182,-0.03925151870560671,-0.03925151870560671,-0.03925151870560671,0.8709756828250499,0.8709756828250499,0.8709756828250499,0.9541520664378301,0.9541520664378301,0.9541520664378301,-0.0007025066836752036,-0.0007025066836752036,-0.0007025066836752036,-3.0995510751662265,-3.0995510751662265,-3.0995510751662265,0.0,0.0,0.0,40.96210883871149
331,2018-04-03 03:00:00,56.602108333625374,32.28663135428227,51.31754639122785,56.602108333625374,56.602108333625374,0.0,0.0,0.0,0.0,0.0,0.0,0.0,0.0,0.0,0.0,0.0,0.0,0.0,0.0,0.0,0.0,0.0,0.0,0.0,0.0,0.0,0.0,0.0,0.0,0.0,0.0,0.0,0.0,0.0,0.0,-14.818318218467542,-14.818318218467542,-14.818318218467542,-1.9892683921871372,-1.9892683921871372,-1.9892683921871372,0.08770617930039852,0.08770617930039852,0.08770617930039852,-10.639777390762795,-10.639777390762795,-10.639777390762795,-1.5559913722742205,-1.5559913722742205,-1.5559913722742205,0.0,0.0,0.0,-0.19261860059530173,-0.19261860059530173,-0.19261860059530173,-0.4179661994548457,-0.4179661994548457,-0.4179661994548457,-3.412555946885125,-3.412555946885125,-3.412555946885125,-2.058661011057653,-2.058661011057653,-2.058661011057653,-2.481349994227007,-2.481349994227007,-2.481349994227007,-1.5244609398499902,-1.5244609398499902,-1.5244609398499902,-0.03925151870560671,-0.03925151870560671,-0.03925151870560671,0.877987765491367,0.877987765491367,0.877987765491367,0.9091052218523299,0.9091052218523299,0.9091052218523299,0.07738424749518925,0.07738424749518925,0.07738424749518925,-3.0983776573699386,-3.0983776573699386,-3.0983776573699386,0.0,0.0,0.0,41.78379011515783
332,2018-04-03 04:00:00,56.60214456488797,35.841706038845636,55.32779802510215,56.60214456488797,56.60214456488797,0.0,0.0,0.0,0.0,0.0,0.0,0.0,0.0,0.0,0.0,0.0,0.0,0.0,0.0,0.0,0.0,0.0,0.0,0.0,0.0,0.0,0.0,0.0,0.0,0.0,0.0,0.0,0.0,0.0,0.0,-11.111404145732607,-11.111404145732607,-11.111404145732607,-1.5485430518079744,-1.5485430518079744,-1.5485430518079744,0.08770617930039852,0.08770617930039852,0.08770617930039852,-7.327522872636494,-7.327522872636494,-7.327522872636494,-1.5691143072068152,-1.5691143072068152,-1.5691143072068152,0.0,0.0,0.0,-0.17121268733719697,-0.17121268733719697,-0.17121268733719697,-0.45150852088534493,-0.45150852088534493,-0.45150852088534493,-0.7757175014760181,-0.7757175014760181,-0.7757175014760181,-1.7208015408386714,-1.7208015408386714,-1.7208015408386714,-2.2733778848184274,-2.2733778848184274,-2.2733778848184274,-1.327215625574023,-1.327215625574023,-1.327215625574023,-0.03925151870560671,-0.03925151870560671,-0.03925151870560671,0.8289031868271469,0.8289031868271469,0.8289031868271469,0.8618414753826836,0.8618414753826836,0.8618414753826836,0.08406734807806504,0.08406734807806504,0.08406734807806504,-3.0971796966708225,-3.0971796966708225,-3.0971796966708225,0.0,0.0,0.0,45.490740419155365
333,2018-04-03 05:00:00,56.60218079615057,40.291858301025066,59.896898112625834,56.60218079615057,56.60218079615057,0.0,0.0,0.0,0.0,0.0,0.0,0.0,0.0,0.0,0.0,0.0,0.0,0.0,0.0,0.0,0.0,0.0,0.0,0.0,0.0,0.0,0.0,0.0,0.0,0.0,0.0,0.0,0.0,0.0,0.0,-6.314666726426198,-6.314666726426198,-6.314666726426198,-0.7787247351012474,-0.7787247351012474,-0.7787247351012474,0.08770617930039852,0.08770617930039852,0.08770617930039852,-3.2529287340106716,-3.2529287340106716,-3.2529287340106716,-1.485689935135321,-1.485689935135321,-1.485689935135321,0.0,0.0,0.0,-0.14980677407909218,-0.14980677407909218,-0.14980677407909218,-0.4636577081751321,-0.4636577081751321,-0.4636577081751321,1.8045667681602382,1.8045667681602382,1.8045667681602382,-1.439440309786744,-1.439440309786744,-1.439440309786744,-1.181127417084819,-1.181127417084819,-1.181127417084819,-1.1510245864174005,-1.1510245864174005,-1.1510245864174005,-0.03925151870560671,-0.03925151870560671,-0.03925151870560671,0.706406395758423,0.706406395758423,0.706406395758423,0.8129438175543777,0.8129438175543777,0.8129438175543777,0.05839017215438438,0.05839017215438438,0.05839017215438438,-3.0959570748686573,-3.0959570748686573,-3.0959570748686573,0.0,0.0,0.0,50.287514069724374
334,2018-04-03 06:00:00,56.60221702741316,45.78716566060195,65.07640035834402,56.60221702741316,56.60221702741316,0.0,0.0,0.0,0.0,0.0,0.0,0.0,0.0,0.0,0.0,0.0,0.0,0.0,0.0,0.0,0.0,0.0,0.0,0.0,0.0,0.0,0.0,0.0,0.0,0.0,0.0,0.0,0.0,0.0,0.0,-1.4085902750601174,-1.4085902750601174,-1.4085902750601174,0.03759908799724634,0.03759908799724634,0.03759908799724634,0.08770617930039852,0.08770617930039852,0.08770617930039852,0.8855336551640761,0.8855336551640761,0.8855336551640761,-1.5077177187721762,-1.5077177187721762,-1.5077177187721762,0.0,0.0,0.0,-0.12840086082098742,-0.12840086082098742,-0.12840086082098742,-0.38891379506622437,-0.38891379506622437,-0.38891379506622437,3.338598785998779,3.338598785998779,3.338598785998779,-1.4541298519701784,-1.4541298519701784,-1.4541298519701784,0.1683099340395509,0.1683099340395509,0.1683099340395509,0.13217807611950882,0.13217807611950882,0.13217807611950882,-0.03900307417054024,-0.03900307417054024,-0.03900307417054024,0.5989354961175215,0.5989354961175215,0.5989354961175215,0.7629866560020611,0.7629866560020611,0.7629866560020611,0.07797048438842397,0.07797048438842397,0.07797048438842397,-3.094709674223501,-3.094709674223501,-3.094709674223501,0.0,0.0,0.0,55.19362675235304
335,2018-04-03 07:00:00,56.60225325867576,48.72990905517318,68.5953978791506,56.60225325867576,56.60225325867576,0.0,0.0,0.0,0.0,0.0,0.0,0.0,0.0,0.0,0.0,0.0,0.0,0.0,0.0,0.0,0.0,0.0,0.0,0.0,0.0,0.0,0.0,0.0,0.0,0.0,0.0,0.0,0.0,0.0,0.0,2.2534393637323573,2.2534393637323573,2.2534393637323573,0.6174120562059882,0.6174120562059882,0.6174120562059882,0.08770617930039852,0.08770617930039852,0.08770617930039852,4.016934732007389,4.016934732007389,4.016934732007389,-1.3132170760212214,-1.3132170760212214,-1.3132170760212214,0.0,0.0,0.0,-0.10699494756288268,-0.10699494756288268,-0.10699494756288268,-0.23044613476465345,-0.23044613476465345,-0.23044613476465345,3.218421162481478,3.218421162481478,3.218421162481478,-0.46315073698005654,-0.46315073698005654,-0.46315073698005654,1.2811988553785887,1.2811988553785887,1.2811988553785887,1.220351663866698,1.220351663866698,1.220351663866698,-0.033647714192440725,-0.033647714192440725,-0.033647714192440725,0.2537693044612573,0.2537693044612573,0.2537693044612573,0.7125299529823526,0.7125299529823526,0.7125299529823526,0.10294417604022296,0.10294417604022296,0.10294417604022296,-3.093437377463372,-3.093437377463372,-3.093437377463372,0.0,0.0,0.0,58.855692622408114
336,2018-04-03 08:00:00,56.373116990069725,48.22754084093393,67.1977350561252,56.373116990069725,56.373116990069725,0.0,0.0,0.0,0.0,0.0,0.0,0.0,0.0,0.0,0.0,0.0,0.0,0.0,0.0,0.0,0.0,0.0,0.0,0.0,0.0,0.0,0.0,0.0,0.0,0.0,0.0,0.0,0.0,0.0,0.0,1.7939889030434748,1.7939889030434748,1.7939889030434748,0.982447609865796,0.982447609865796,0.982447609865796,-0.08586438572864499,-0.08586438572864499,-0.08586438572864499,3.545012730860746,3.545012730860746,3.545012730860746,-0.7782818286991504,-0.7782818286991504,-0.7782818286991504,0.0,0.0,0.0,-0.1194138023306124,-0.1194138023306124,-0.1194138023306124,-0.21098951447344844,-0.21098951447344844,-0.21098951447344844,2.6474798879079224,2.6474798879079224,2.6474798879079224,-0.471621448207732,-0.471621448207732,-0.471621448207732,1.5561222991775443,1.5561222991775443,1.5561222991775443,1.102373263308664,1.102373263308664,1.102373263308664,-0.029605932200733483,-0.029605932200733483,-0.029605932200733483,-0.11857395170602802,-0.11857395170602802,-0.11857395170602802,0.8697612439744131,0.8697612439744131,0.8697612439744131,0.053388143812964625,0.053388143812964625,0.053388143812964625,-3.6032326816574805,-3.6032326816574805,-3.6032326816574805,0.0,0.0,0.0,58.1671058931132
337,2018-04-03 09:00:00,56.373101438806785,47.86613109900858,66.68885580938371,56.373101438806785,56.373101438806785,0.0,0.0,0.0,0.0,0.0,0.0,0.0,0.0,0.0,0.0,0.0,0.0,0.0,0.0,0.0,0.0,0.0,0.0,0.0,0.0,0.0,0.0,0.0,0.0,0.0,0.0,0.0,0.0,0.0,0.0,0.7025143350738928,0.7025143350738928,0.7025143350738928,1.0338769144049706,1.0338769144049706,1.0338769144049706,-0.08586438572864499,-0.08586438572864499,-0.08586438572864499,2.447441943487246,2.447441943487246,2.447441943487246,-0.5090282258616597,-0.5090282258616597,-0.5090282258616597,0.0,0.0,0.0,-0.08954828714794476,-0.08954828714794476,-0.08954828714794476,-0.153291540855591,-0.153291540855591,-0.153291540855591,1.7908274537706268,1.7908274537706268,1.7908274537706268,-0.8507751221353853,-0.8507751221353853,-0.8507751221353853,1.5918001443860856,1.5918001443860856,1.5918001443860856,1.0665444272080165,1.0665444272080165,1.0665444272080165,-0.016997675623181094,-0.016997675623181094,-0.016997675623181094,-0.3203591955613176,-0.3203591955613176,-0.3203591955613176,0.8232925932706645,0.8232925932706645,0.8232925932706645,0.024134351036241935,0.024134351036241935,0.024134351036241935,-3.6020971160889887,-3.6020971160889887,-3.6020971160889887,0.0,0.0,0.0,57.07561577388068
338,2018-04-03 10:00:00,56.373085887543844,45.47123573109677,64.441495812433,56.373085887543844,56.373085887543844,0.0,0.0,0.0,0.0,0.0,0.0,0.0,0.0,0.0,0.0,0.0,0.0,0.0,0.0,0.0,0.0,0.0,0.0,0.0,0.0,0.0,0.0,0.0,0.0,0.0,0.0,0.0,0.0,0.0,0.0,-1.9565926271654688,-1.9565926271654688,-1.9565926271654688,1.020682470847216,1.020682470847216,1.020682470847216,-0.08586438572864499,-0.08586438572864499,-0.08586438572864499,-0.15353049816055228,-0.15353049816055228,-0.15353049816055228,-0.4094090918275445,-0.4094090918275445,-0.4094090918275445,0.0,0.0,0.0,-0.05968277196527711,-0.05968277196527711,-0.05968277196527711,-0.08447468690512565,-0.08447468690512565,-0.08447468690512565,0.43330968515789836,0.43330968515789836,0.43330968515789836,-1.2145873179272375,-1.2145873179272375,-1.2145873179272375,1.0333643063393603,1.0333643063393603,1.0333643063393603,0.6534590227534961,0.6534590227534961,0.6534590227534961,-0.006096061510546021,-0.006096061510546021,-0.006096061510546021,-0.41000776022594176,-0.41000776022594176,-0.41000776022594176,0.7771876604104943,0.7771876604104943,0.7771876604104943,-0.0035414363209894874,-0.0035414363209894874,-0.0035414363209894874,-3.6009322602626272,-3.6009322602626272,-3.6009322602626272,0.0,0.0,0.0,54.416493260378374
339,2018-04-03 11:00:00,56.3730703362809,43.249515385363345,62.15807053352941,56.3730703362809,56.3730703362809,0.0,0.0,0.0,0.0,0.0,0.0,0.0,0.0,0.0,0.0,0.0,0.0,0.0,0.0,0.0,0.0,0.0,0.0,0.0,0.0,0.0,0.0,0.0,0.0,0.0,0.0,0.0,0.0,0.0,0.0,-3.1918966662782715,-3.1918966662782715,-3.1918966662782715,0.9532688503900297,0.9532688503900297,0.9532688503900297,-0.08586438572864499,-0.08586438572864499,-0.08586438572864499,-1.277356139714535,-1.277356139714535,-1.277356139714535,-0.3267064145162035,-0.3267064145162035,-0.3267064145162035,0.0,0.0,0.0,-0.029817256782609467,-0.029817256782609467,-0.029817256782609467,-0.0363930422235778,-0.0363930422235778,-0.0363930422235778,-0.20227115307299617,-0.20227115307299617,-0.20227115307299617,-1.197054200057751,-1.197054200057751,-1.197054200057751,0.7339806487198666,0.7339806487198666,0.7339806487198666,0.40581853794019945,0.40581853794019945,0.40581853794019945,-0.0001750570404247348,-0.0001750570404247348,-0.0001750570404247348,-0.5346040704377922,-0.5346040704377922,-0.5346040704377922,0.731928621645679,0.731928621645679,0.731928621645679,-0.004269746514600841,-0.004269746514600841,-0.004269746514600841,-3.5997379985994455,-3.5997379985994455,-3.5997379985994455,0.0,0.0,0.0,53.18117367000262
340,2018-04-03 12:00:00,56.373054785017956,41.52039229647691,60.740536995695585,56.373054785017956,56.373054785017956,0.0,0.0,0.0,0.0,0.0,0.0,0.0,0.0,0.0,0.0,0.0,0.0,0.0,0.0,0.0,0.0,0.0,0.0,0.0,0.0,0.0,0.0,0.0,0.0,0.0,0.0,0.0,0.0,0.0,0.0,-5.074600013380907,-5.074600013380907,-5.074600013380907,0.7150974880014237,0.7150974880014237,0.7150974880014237,-0.08586438572864499,-0.08586438572864499,-0.08586438572864499,-2.879145819842523,-2.879145819842523,-2.879145819842523,-0.3943722414073007,-0.3943722414073007,-0.3943722414073007,0.0,0.0,0.0,4.825840005817181e-05,4.825840005817181e-05,4.825840005817181e-05,0.03813350703282136,0.03813350703282136,0.03813350703282136,-1.3421715694653653,-1.3421715694653653,-1.3421715694653653,-1.2178747775277663,-1.2178747775277663,-1.2178747775277663,0.42373851647168637,0.42373851647168637,0.42373851647168637,0.17820004977138262,0.17820004977138262,0.17820004977138262,-0.00045369254490103055,-0.00045369254490103055,-0.00045369254490103055,-0.5019355256871241,-0.5019355256871241,-0.5019355256871241,0.6879625345997779,0.6879625345997779,0.6879625345997779,0.023406040842630583,0.023406040842630583,0.023406040842630583,-3.598514216139586,-3.598514216139586,-3.598514216139586,0.0,0.0,0.0,51.29845477163705
341,2018-04-03 13:00:00,56.37303923375501,40.1407598596338,58.705298810988985,56.37303923375501,56.37303923375501,0.0,0.0,0.0,0.0,0.0,0.0,0.0,0.0,0.0,0.0,0.0,0.0,0.0,0.0,0.0,0.0,0.0,0.0,0.0,0.0,0.0,0.0,0.0,0.0,0.0,0.0,0.0,0.0,0.0,0.0,-6.835883041131133,-6.835883041131133,-6.835883041131133,0.2682664590456575,0.2682664590456575,0.2682664590456575,-0.08586438572864499,-0.08586438572864499,-0.08586438572864499,-4.152586327189617,-4.152586327189617,-4.152586327189617,-0.4357235800629711,-0.4357235800629711,-0.4357235800629711,0.0,0.0,0.0,0.02991377358272581,0.02991377358272581,0.02991377358272581,-0.15299103057633134,-0.15299103057633134,-0.15299103057633134,-2.174644297800396,-2.174644297800396,-2.174644297800396,-1.3077320066088867,-1.3077320066088867,-1.3077320066088867,0.12125243752971146,0.12125243752971146,0.12125243752971146,0.09073553811392064,0.09073553811392064,0.09073553811392064,-0.008847587117249443,-0.008847587117249443,-0.008847587117249443,-0.26398696252644377,-0.26398696252644377,-0.26398696252644377,0.6456976255691365,0.6456976255691365,0.6456976255691365,0.035301774004949354,0.035301774004949354,0.035301774004949354,-3.5972607985563108,-3.5972607985563108,-3.5972607985563108,0.0,0.0,0.0,49.537156192623875
342,2018-04-03 14:00:00,56.373023682492075,38.25190000404141,57.91127653402906,56.373023682492075,56.373023682492075,0.0,0.0,0.0,0.0,0.0,0.0,0.0,0.0,0.0,0.0,0.0,0.0,0.0,0.0,0.0,0.0,0.0,0.0,0.0,0.0,0.0,0.0,0.0,0.0,0.0,0.0,0.0,0.0,0.0,0.0,-8.204487681375499,-8.204487681375499,-8.204487681375499,-0.18698761107742923,-0.18698761107742923,-0.18698761107742923,-0.08586438572864499,-0.08586438572864499,-0.08586438572864499,-5.027022578917542,-5.027022578917542,-5.027022578917542,-0.3906130288022397,-0.3906130288022397,-0.3906130288022397,0.0,0.0,0.0,0.05977928876539346,0.05977928876539346,0.05977928876539346,-0.27379616283872027,-0.27379616283872027,-0.27379616283872027,-2.6789638759618684,-2.6789638759618684,-2.6789638759618684,-1.1948625603240648,-1.1948625603240648,-1.1948625603240648,-0.3968519233247499,-0.3968519233247499,-0.3968519233247499,0.05806806990450682,0.05806806990450682,0.05806806990450682,-0.014141661702299064,-0.014141661702299064,-0.014141661702299064,-0.1483555087810557,-0.1483555087810557,-0.1483555087810557,0.6055001407779154,0.6055001407779154,0.6055001407779154,0.03857916987620045,0.03857916987620045,0.03857916987620045,-3.5959776321584416,-3.5959776321584416,-3.5959776321584416,0.0,0.0,0.0,48.16853600111658
343,2018-04-03 15:00:00,56.37300813122913,38.92209723968404,58.11069340070741,56.37300813122913,56.37300813122913,0.0,0.0,0.0,0.0,0.0,0.0,0.0,0.0,0.0,0.0,0.0,0.0,0.0,0.0,0.0,0.0,0.0,0.0,0.0,0.0,0.0,0.0,0.0,0.0,0.0,0.0,0.0,0.0,0.0,0.0,-7.519490162169687,-7.519490162169687,-7.519490162169687,-0.29996565441805173,-0.29996565441805173,-0.29996565441805173,-0.08586438572864499,-0.08586438572864499,-0.08586438572864499,-4.192551692377584,-4.192551692377584,-4.192551692377584,-0.3205976940329795,-0.3205976940329795,-0.3205976940329795,0.0,0.0,0.0,0.0896448039480611,0.0896448039480611,0.0896448039480611,-0.23382829569718366,-0.23382829569718366,-0.23382829569718366,-2.530431397462257,-2.530431397462257,-2.530431397462257,-1.1269217285798037,-1.1269217285798037,-1.1269217285798037,-0.07109768446416051,-0.07109768446416051,-0.07109768446416051,0.15290910664151386,0.15290910664151386,0.15290910664151386,-0.02957110276267394,-0.02957110276267394,-0.02957110276267394,-0.10535458708599023,-0.10535458708599023,-0.10535458708599023,0.56769178852615,0.56769178852615,0.56769178852615,0.06856127284653449,0.06856127284653449,0.06856127284653449,-3.594664603900201,-3.594664603900201,-3.594664603900201,0.0,0.0,0.0,48.85351796905944
344,2018-04-03 16:00:00,56.37299257996618,41.58505306029515,60.05304723377521,56.37299257996618,56.37299257996618,0.0,0.0,0.0,0.0,0.0,0.0,0.0,0.0,0.0,0.0,0.0,0.0,0.0,0.0,0.0,0.0,0.0,0.0,0.0,0.0,0.0,0.0,0.0,0.0,0.0,0.0,0.0,0.0,0.0,0.0,-5.230817117931174,-5.230817117931174,-5.230817117931174,0.13829160613572702,0.13829160613572702,0.13829160613572702,-0.08586438572864499,-0.08586438572864499,-0.08586438572864499,-2.3083349140528377,-2.3083349140528377,-2.3083349140528377,-0.05416350064928458,-0.05416350064928458,-0.05416350064928458,0.0,0.0,0.0,0.11951031913072874,0.11951031913072874,0.11951031913072874,0.21513406151676936,0.21513406151676936,0.21513406151676936,-2.178098541486433,-2.178098541486433,-2.178098541486433,-1.1597963245850913,-1.1597963245850913,-1.1597963245850913,0.3896118819243868,0.3896118819243868,0.3896118819243868,0.6892878588541436,0.6892878588541436,0.6892878588541436,-0.04715996898274012,-0.04715996898274012,-0.04715996898274012,-0.33175519954410876,-0.33175519954410876,-0.33175519954410876,0.5325477913785622,0.5325477913785622,0.5325477913785622,0.13495888549743618,0.13495888549743618,0.13495888549743618,-3.5933216013926255,-3.5933216013926255,-3.5933216013926255,0.0,0.0,0.0,51.142175462035006
345,2018-04-03 17:00:00,56.37297702870324,48.323572059270504,67.15807876709088,56.37297702870324,56.37297702870324,0.0,0.0,0.0,0.0,0.0,0.0,0.0,0.0,0.0,0.0,0.0,0.0,0.0,0.0,0.0,0.0,0.0,0.0,0.0,0.0,0.0,0.0,0.0,0.0,0.0,0.0,0.0,0.0,0.0,0.0,0.7504833829956333,0.7504833829956333,0.7504833829956333,0.9619557129478745,0.9619557129478745,0.9619557129478745,-0.08586438572864499,-0.08586438572864499,-0.08586438572864499,2.8801806233554985,2.8801806233554985,2.8801806233554985,0.3494819528191351,0.3494819528191351,0.3494819528191351,0.0,0.0,0.0,0.14937583431339635,0.14937583431339635,0.14937583431339635,0.7921137976953435,0.7921137976953435,0.7921137976953435,0.2156923329375389,0.2156923329375389,0.2156923329375389,-0.8266670850648411,-0.8266670850648411,-0.8266670850648411,1.5654295631449902,1.5654295631449902,1.5654295631449902,1.287840179594366,1.287840179594366,1.287840179594366,-0.049528370770788636,-0.049528370770788636,-0.049528370770788636,-0.6851832697304066,-0.6851832697304066,-0.6851832697304066,0.5002955596009674,0.5002955596009674,0.5002955596009674,0.16749007414540998,0.16749007414540998,0.16749007414540998,-3.5919485129087074,-3.5919485129087074,-3.5919485129087074,0.0,0.0,0.0,57.12346041169887
346,2018-04-03 18:00:00,56.37296147744029,53.458093110528665,72.33493852405826,56.37296147744029,56.37296147744029,0.0,0.0,0.0,0.0,0.0,0.0,0.0,0.0,0.0,0.0,0.0,0.0,0.0,0.0,0.0,0.0,0.0,0.0,0.0,0.0,0.0,0.0,0.0,0.0,0.0,0.0,0.0,0.0,0.0,0.0,6.524782947089116,6.524782947089116,6.524782947089116,1.692372431981062,1.692372431981062,1.692372431981062,-0.08586438572864499,-0.08586438572864499,-0.08586438572864499,7.9518417532968595,7.9518417532968595,7.9518417532968595,0.4021109292899884,0.4021109292899884,0.4021109292899884,0.0,0.0,0.0,0.17924134949606405,0.17924134949606405,0.17924134949606405,1.1145613273409738,1.1145613273409738,1.1145613273409738,1.5559388831200787,1.5559388831200787,1.5559388831200787,0.20011613016698263,0.20011613016698263,0.20011613016698263,3.5385695242434156,3.5385695242434156,3.5385695242434156,1.810519670944984,1.810519670944984,1.810519670944984,-0.049493541332729096,-0.049493541332729096,-0.049493541332729096,-0.8825620587123503,-0.8825620587123503,-0.8825620587123503,0.47111398920425296,0.47111398920425296,0.47111398920425296,0.16870392446809557,0.16870392446809557,0.16870392446809557,-3.5905452273930587,-3.5905452273930587,-3.5905452273930587,0.0,0.0,0.0,62.89774442452941
347,2018-04-03 19:00:00,56.37294592617736,53.67869529779501,72.86409341601815,56.37294592617736,56.37294592617736,0.0,0.0,0.0,0.0,0.0,0.0,0.0,0.0,0.0,0.0,0.0,0.0,0.0,0.0,0.0,0.0,0.0,0.0,0.0,0.0,0.0,0.0,0.0,0.0,0.0,0.0,0.0,0.0,0.0,0.0,7.472245873484087,7.472245873484087,7.472245873484087,1.8687762628178886,1.8687762628178886,1.8687762628178886,-0.08586438572864499,-0.08586438572864499,-0.08586438572864499,8.747447865082737,8.747447865082737,8.747447865082737,0.27711711017171176,0.27711711017171176,0.27711711017171176,0.0,0.0,0.0,0.20910686467873169,0.20910686467873169,0.20910686467873169,1.1085511217557804,1.1085511217557804,1.1085511217557804,2.194973965037012,2.194973965037012,2.194973965037012,1.0471848872365659,1.0471848872365659,1.0471848872365659,3.4548041485364056,3.4548041485364056,3.4548041485364056,1.3384220658541035,1.3384220658541035,1.3384220658541035,-0.049493541332729096,-0.049493541332729096,-0.049493541332729096,-0.8783075505587749,-0.8783075505587749,-0.8783075505587749,0.44513338005273845,0.44513338005273845,0.44513338005273845,0.13095317943257379,0.13095317943257379,0.13095317943257379,-3.5891116344692775,-3.5891116344692775,-3.5891116344692775,0.0,0.0,0.0,63.84519179966144
348,2018-04-03 20:00:00,56.37293037491441,50.703917609826966,69.74621892956422,56.37293037491441,56.37293037491441,0.0,0.0,0.0,0.0,0.0,0.0,0.0,0.0,0.0,0.0,0.0,0.0,0.0,0.0,0.0,0.0,0.0,0.0,0.0,0.0,0.0,0.0,0.0,0.0,0.0,0.0,0.0,0.0,0.0,0.0,3.3355037544558566,3.3355037544558566,3.3355037544558566,1.3721609767878389,1.3721609767878389,1.3721609767878389,-0.08586438572864499,-0.08586438572864499,-0.08586438572864499,5.1285544405232955,5.1285544405232955,5.1285544405232955,0.27006858653722243,0.27006858653722243,0.27006858653722243,0.0,0.0,0.0,0.23897237986139933,0.23897237986139933,0.23897237986139933,0.8320816648368801,0.8320816648368801,0.8320816648368801,0.9272665322612575,0.9272665322612575,0.9272665322612575,0.4225675631360972,0.4225675631360972,0.4225675631360972,2.179708984996386,2.179708984996386,2.179708984996386,0.9211215042112726,0.9211215042112726,0.9211215042112726,-0.049528370770788636,-0.049528370770788636,-0.049528370770788636,-0.6716600116708277,-0.6716600116708277,-0.6716600116708277,0.42243596159473534,0.42243596159473534,0.42243596159473534,0.14381999285304098,0.14381999285304098,0.14381999285304098,-3.587647624450013,-3.587647624450013,-3.587647624450013,0.0,0.0,0.0,59.70843412937027
349,2018-04-03 21:00:00,56.37291482365146,44.084312203660396,63.48071589215278,56.37291482365146,56.37291482365146,0.0,0.0,0.0,0.0,0.0,0.0,0.0,0.0,0.0,0.0,0.0,0.0,0.0,0.0,0.0,0.0,0.0,0.0,0.0,0.0,0.0,0.0,0.0,0.0,0.0,0.0,0.0,0.0,0.0,0.0,-2.4559497848757186,-2.4559497848757186,-2.4559497848757186,0.4702921736274057,0.4702921736274057,0.4702921736274057,-0.08586438572864499,-0.08586438572864499,-0.08586438572864499,0.2568541234226259,0.2568541234226259,0.2568541234226259,0.26912878338595725,0.26912878338595725,0.26912878338595725,0.0,0.0,0.0,0.26883789504406697,0.26883789504406697,0.26883789504406697,0.254200397820527,0.254200397820527,0.254200397820527,-1.3110833762910266,-1.3110833762910266,-1.3110833762910266,-0.06397645774216276,-0.06397645774216276,-0.06397645774216276,0.6269471130942447,0.6269471130942447,0.6269471130942447,0.4216253773963672,0.4216253773963672,0.4216253773963672,-0.049493541332729096,-0.049493541332729096,-0.049493541332729096,-0.2237210817872482,-0.2237210817872482,-0.2237210817872482,0.40305700641735615,0.40305700641735615,0.40305700641735615,0.1502533995632746,0.1502533995632746,0.1502533995632746,-3.586153088343106,-3.586153088343106,-3.586153088343106,0.0,0.0,0.0,53.91696503877574
350,2018-04-03 22:00:00,56.37289927238852,37.20037343200151,55.94938726176492,56.37289927238852,56.37289927238852,0.0,0.0,0.0,0.0,0.0,0.0,0.0,0.0,0.0,0.0,0.0,0.0,0.0,0.0,0.0,0.0,0.0,0.0,0.0,0.0,0.0,0.0,0.0,0.0,0.0,0.0,0.0,0.0,0.0,0.0,-9.506119986760249,-9.506119986760249,-9.506119986760249,-0.43379387690378596,-0.43379387690378596,-0.43379387690378596,-0.08586438572864499,-0.08586438572864499,-0.08586438572864499,-5.874684696452515,-5.874684696452515,-5.874684696452515,-2.1207906302815425,-2.1207906302815425,-2.1207906302815425,0.0,0.0,0.0,0.2987034102267346,0.2987034102267346,0.2987034102267346,0.29416826496206366,0.29416826496206366,0.29416826496206366,-2.8274963544614797,-2.8274963544614797,-2.8274963544614797,-0.9241950532138616,-0.9241950532138616,-0.9241950532138616,-0.35186681414876386,-0.35186681414876386,-0.35186681414876386,0.052799123419117085,0.052799123419117085,0.052799123419117085,-0.049249735266312336,-0.049249735266312336,-0.049249735266312336,0.35610760085716825,0.35610760085716825,0.35610760085716825,0.3869865044586079,0.3869865044586079,0.3869865044586079,-0.5170001228169936,-0.5170001228169936,-0.5170001228169936,-3.5846279178625555,-3.5846279178625555,-3.5846279178625555,0.0,0.0,0.0,46.866779285628276
351,2018-04-03 23:00:00,56.37288372112558,32.800630835866606,51.67040468760719,56.37288372112558,56.37288372112558,0.0,0.0,0.0,0.0,0.0,0.0,0.0,0.0,0.0,0.0,0.0,0.0,0.0,0.0,0.0,0.0,0.0,0.0,0.0,0.0,0.0,0.0,0.0,0.0,0.0,0.0,0.0,0.0,0.0,0.0,-13.8127245852745,-13.8127245852745,-13.8127245852745,-1.1053614911261176,-1.1053614911261176,-1.1053614911261176,-0.08586438572864499,-0.08586438572864499,-0.08586438572864499,-9.498462452716684,-9.498462452716684,-9.498462452716684,-2.2594115950931655,-2.2594115950931655,-2.2594115950931655,0.0,0.0,0.0,0.3285689254094022,0.3285689254094022,0.3285689254094022,0.1403070019811105,0.1403070019811105,0.1403070019811105,-4.741147356526241,-4.741147356526241,-4.741147356526241,-1.0721307352376572,-1.0721307352376572,-1.0721307352376572,-0.9956192385637374,-0.9956192385637374,-0.9956192385637374,-0.8787506151977086,-0.8787506151977086,-0.8787506151977086,-0.049249735266312336,-0.049249735266312336,-0.049249735266312336,0.6569621060028559,0.6569621060028559,0.6569621060028559,0.37417136400233536,0.37417136400233536,0.37417136400233536,-0.5421268244965852,-0.5421268244965852,-0.5421268244965852,-3.5830720054340337,-3.5830720054340337,-3.5830720054340337,0.0,0.0,0.0,42.56015913585108
352,2018-04-04 00:00:00,56.37286816986264,31.17375528000223,49.90415999392071,56.37286816986264,56.37286816986264,0.0,0.0,0.0,0.0,0.0,0.0,0.0,0.0,0.0,0.0,0.0,0.0,0.0,0.0,0.0,0.0,0.0,0.0,0.0,0.0,0.0,0.0,0.0,0.0,0.0,0.0,0.0,0.0,0.0,0.0,-15.842719916641618,-15.842719916641618,-15.842719916641618,-1.5660625759794262,-1.5660625759794262,-1.5660625759794262,-0.051555344045975234,-0.051555344045975234,-0.051555344045975234,-11.059690195694863,-11.059690195694863,-11.059690195694863,-2.4168286229300926,-2.4168286229300926,-2.4168286229300926,0.0,0.0,0.0,4.825840005817181e-05,4.825840005817181e-05,4.825840005817181e-05,0.023709013628357003,0.023709013628357003,0.023709013628357003,-5.400907900559401,-5.400907900559401,-5.400907900559401,-1.113771890177688,-1.113771890177688,-1.113771890177688,-1.276388368248341,-1.276388368248341,-1.276388368248341,-1.1232297321197715,-1.1232297321197715,-1.1232297321197715,-0.049249735266312336,-0.049249735266312336,-0.049249735266312336,0.880171837345793,0.880171837345793,0.880171837345793,0.36451809923786505,0.36451809923786505,0.36451809923786505,-0.5316877117214892,-0.5316877117214892,-0.5316877117214892,-3.581485244205191,-3.581485244205191,-3.581485244205191,0.0,0.0,0.0,40.53014825322102
353,2018-04-04 01:00:00,56.372852618599694,28.50042858155061,47.28557979254611,56.372852618599694,56.372852618599694,0.0,0.0,0.0,0.0,0.0,0.0,0.0,0.0,0.0,0.0,0.0,0.0,0.0,0.0,0.0,0.0,0.0,0.0,0.0,0.0,0.0,0.0,0.0,0.0,0.0,0.0,0.0,0.0,0.0,0.0,-18.341110079846572,-18.341110079846572,-18.341110079846572,-1.9262884831448497,-1.9262884831448497,-1.9262884831448497,-0.051555344045975234,-0.051555344045975234,-0.051555344045975234,-13.192850027128264,-13.192850027128264,-13.192850027128264,-2.4873138592749853,-2.4873138592749853,-2.4873138592749853,0.0,0.0,0.0,-0.3284724086092859,-0.3284724086092859,-0.3284724086092859,-0.026476203008008556,-0.026476203008008556,-0.026476203008008556,-5.829234117628046,-5.829234117628046,-5.829234117628046,-1.681406581202325,-1.681406581202325,-1.681406581202325,-1.8782581048098095,-1.8782581048098095,-1.8782581048098095,-1.3160731734850193,-1.3160731734850193,-1.3160731734850193,-0.049249735266312336,-0.049249735266312336,-0.049249735266312336,1.0141888441834175,1.0141888441834175,1.0141888441834175,0.3578959584796013,0.3578959584796013,0.3578959584796013,-0.558999343981915,-0.558999343981915,-0.558999343981915,-3.5798675280530596,-3.5798675280530596,-3.5798675280530596,0.0,0.0,0.0,38.03174253875312
354,2018-04-04 02:00:00,56.37283706733675,27.917597365873338,47.038376144999916,56.37283706733675,56.37283706733675,0.0,0.0,0.0,0.0,0.0,0.0,0.0,0.0,0.0,0.0,0.0,0.0,0.0,0.0,0.0,0.0,0.0,0.0,0.0,0.0,0.0,0.0,0.0,0.0,0.0,0.0,0.0,0.0,0.0,0.0,-18.43339110752637,-18.43339110752637,-18.43339110752637,-2.169381270842534,-2.169381270842534,-2.169381270842534,-0.051555344045975234,-0.051555344045975234,-0.051555344045975234,-13.039931527140885,-13.039931527140885,-13.039931527140885,-2.493892481333842,-2.493892481333842,-2.493892481333842,0.0,0.0,0.0,-0.2986068934266182,-0.2986068934266182,-0.2986068934266182,-0.019263956305776382,-0.019263956305776382,-0.019263956305776382,-5.625433740151838,-5.625433740151838,-5.625433740151838,-1.6682567428002102,-1.6682567428002102,-1.6682567428002102,-2.0364815922563815,-2.0364815922563815,-2.0364815922563815,-1.3255572771587203,-1.3255572771587203,-1.3255572771587203,-0.049249735266312336,-0.049249735266312336,-0.049249735266312336,1.0653948887460924,1.0653948887460924,1.0653948887460924,0.354140442050124,0.354140442050124,0.354140442050124,-0.5370286531413058,-0.5370286531413058,-0.5370286531413058,-3.578218751593071,-3.578218751593071,-3.578218751593071,0.0,0.0,0.0,37.93944595981038
355,2018-04-04 03:00:00,56.37282151607381,29.283998529295364,47.60822297004424,56.37282151607381,56.37282151607381,0.0,0.0,0.0,0.0,0.0,0.0,0.0,0.0,0.0,0.0,0.0,0.0,0.0,0.0,0.0,0.0,0.0,0.0,0.0,0.0,0.0,0.0,0.0,0.0,0.0,0.0,0.0,0.0,0.0,0.0,-17.884559597487915,-17.884559597487915,-17.884559597487915,-2.1227186335966763,-2.1227186335966763,-2.1227186335966763,-0.051555344045975234,-0.051555344045975234,-0.051555344045975234,-12.538359308112835,-12.538359308112835,-12.538359308112835,-2.494832284485107,-2.494832284485107,-2.494832284485107,0.0,0.0,0.0,-0.2687413782439506,-0.2687413782439506,-0.2687413782439506,-0.003336911505013658,-0.003336911505013658,-0.003336911505013658,-5.121114161990365,-5.121114161990365,-5.121114161990365,-1.6485319851970373,-1.6485319851970373,-1.6485319851970373,-2.072159437464922,-2.072159437464922,-2.072159437464922,-1.3887846349833919,-1.3887846349833919,-1.3887846349833919,-0.049249735266312336,-0.049249735266312336,-0.049249735266312336,1.0582533929168767,1.0582533929168767,1.0582533929168767,0.35305715440952085,0.35305715440952085,0.35305715440952085,-0.49830682784763547,-0.49830682784763547,-0.49830682784763547,-3.5765388101879263,-3.5765388101879263,-3.5765388101879263,0.0,0.0,0.0,38.4882619185859
356,2018-04-04 04:00:00,56.372805964810865,32.20544800619866,51.77219376825849,56.372805964810865,56.372805964810865,0.0,0.0,0.0,0.0,0.0,0.0,0.0,0.0,0.0,0.0,0.0,0.0,0.0,0.0,0.0,0.0,0.0,0.0,0.0,0.0,0.0,0.0,0.0,0.0,0.0,0.0,0.0,0.0,0.0,0.0,-14.344228411921561,-14.344228411921561,-14.344228411921561,-1.6419351047404438,-1.6419351047404438,-1.6419351047404438,-0.051555344045975234,-0.051555344045975234,-0.051555344045975234,-9.481891638878189,-9.481891638878189,-9.481891638878189,-2.322848307803569,-2.322848307803569,-2.322848307803569,0.0,0.0,0.0,-0.23887586306128297,-0.23887586306128297,-0.23887586306128297,0.02791615753799244,0.02791615753799244,0.02791615753799244,-2.944940639786755,-2.944940639786755,-2.944940639786755,-1.5882618925206766,-1.5882618925206766,-1.5882618925206766,-1.7805318331516333,-1.7805318331516333,-1.7805318331516333,-1.1274448893080828,-1.1274448893080828,-1.1274448893080828,-0.049249735266312336,-0.049249735266312336,-0.049249735266312336,0.9917007296573762,0.9917007296573762,0.9917007296573762,0.3544259316502842,0.3544259316502842,0.3544259316502842,-0.39780002112926877,-0.39780002112926877,-0.39780002112926877,-3.5748275999532115,-3.5748275999532115,-3.5748275999532115,0.0,0.0,0.0,42.0285775528893
357,2018-04-04 05:00:00,56.372790413547925,38.00167147813109,56.1532806214286,56.372790413547925,56.372790413547925,0.0,0.0,0.0,0.0,0.0,0.0,0.0,0.0,0.0,0.0,0.0,0.0,0.0,0.0,0.0,0.0,0.0,0.0,0.0,0.0,0.0,0.0,0.0,0.0,0.0,0.0,0.0,0.0,0.0,0.0,-8.73993021216041,-8.73993021216041,-8.73993021216041,-0.8081027769274276,-0.8081027769274276,-0.8081027769274276,-0.051555344045975234,-0.051555344045975234,-0.051555344045975234,-4.716747599950178,-4.716747599950178,-4.716747599950178,-2.2946542132656114,-2.2946542132656114,-2.2946542132656114,0.0,0.0,0.0,-0.2090103478786153,-0.2090103478786153,-0.2090103478786153,0.14241057393592824,0.14241057393592824,0.14241057393592824,0.0049834680892529475,0.0049834680892529475,0.0049834680892529475,-0.9987108041591808,-0.9987108041591808,-0.9987108041591808,-1.4826993861933802,-1.4826993861933802,-1.4826993861933802,-0.45301973917825417,-0.45301973917825417,-0.45301973917825417,-0.04907558807601465,-0.04907558807601465,-0.04907558807601465,0.9221091320024646,0.9221091320024646,0.9221091320024646,0.35800518248772834,0.35800518248772834,0.35800518248772834,-0.24752535118079286,-0.24752535118079286,-0.24752535118079286,-3.573085017770533,-3.573085017770533,-3.573085017770533,0.0,0.0,0.0,47.632860201387516
358,2018-04-04 06:00:00,56.37277486228498,45.18874065710193,64.31208903301169,56.37277486228498,56.37277486228498,0.0,0.0,0.0,0.0,0.0,0.0,0.0,0.0,0.0,0.0,0.0,0.0,0.0,0.0,0.0,0.0,0.0,0.0,0.0,0.0,0.0,0.0,0.0,0.0,0.0,0.0,0.0,0.0,0.0,0.0,-1.4044955658167912,-1.4044955658167912,-1.4044955658167912,0.0771078560079612,0.0771078560079612,0.0771078560079612,-0.051555344045975234,-0.051555344045975234,-0.051555344045975234,1.7261711604126324,1.7261711604126324,1.7261711604126324,-2.3190890951985077,-2.3190890951985077,-2.3190890951985077,0.0,0.0,0.0,-0.1791448326959477,-0.1791448326959477,-0.1791448326959477,0.2355687605064272,0.2355687605064272,0.2355687605064272,2.9030939206746966,2.9030939206746966,2.9030939206746966,-0.3675185608576543,-0.3675185608576543,-0.3675185608576543,0.38030461795694104,0.38030461795694104,0.38030461795694104,0.5154126248362966,0.5154126248362966,0.5154126248362966,-0.044930884946929754,-0.044930884946929754,-0.044930884946929754,0.8084529856140937,0.8084529856140937,0.8084529856140937,0.36353637905087516,0.36353637905087516,0.36353637905087516,-0.15442303143080816,-0.15442303143080816,-0.15442303143080816,-3.5713109612882605,-3.5713109612882605,-3.5713109612882605,0.0,0.0,0.0,54.96827929646819
359,2018-04-04 07:00:00,56.37275931102204,48.18037610505953,66.97877398584438,56.37275931102204,56.37275931102204,0.0,0.0,0.0,0.0,0.0,0.0,0.0,0.0,0.0,0.0,0.0,0.0,0.0,0.0,0.0,0.0,0.0,0.0,0.0,0.0,0.0,0.0,0.0,0.0,0.0,0.0,0.0,0.0,0.0,0.0,1.0976978842173637,1.0976978842173637,1.0976978842173637,0.7060006659288,0.7060006659288,0.7060006659288,-0.051555344045975234,-0.051555344045975234,-0.051555344045975234,3.590453914661048,3.590453914661048,3.590453914661048,-2.046076279755956,-2.046076279755956,-2.046076279755956,0.0,0.0,0.0,-0.14927931751328002,-0.14927931751328002,-0.14927931751328002,0.48318923061639857,0.48318923061639857,0.48318923061639857,2.671659593710185,2.671659593710185,2.671659593710185,0.1453251368248362,0.1453251368248362,0.1453251368248362,0.8735896082315472,0.8735896082315472,0.8735896082315472,1.3141849120213125,1.3141849120213125,1.3141849120213125,-0.02803860748805432,-0.02803860748805432,-0.02803860748805432,0.46657286613035753,0.46657286613035753,0.46657286613035753,0.37074863256752805,0.37074863256752805,0.37074863256752805,-0.0891178840703235,-0.0891178840703235,-0.0891178840703235,-3.569505328940012,-3.569505328940012,-3.569505328940012,0.0,0.0,0.0,57.4704571952394
360,2018-04-04 08:00:00,56.465712819453664,46.829867289423774,66.42912863722493,56.465712819453664,56.465712819453664,0.0,0.0,0.0,0.0,0.0,0.0,0.0,0.0,0.0,0.0,0.0,0.0,0.0,0.0,0.0,0.0,0.0,0.0,0.0,0.0,0.0,0.0,0.0,0.0,0.0,0.0,0.0,0.0,0.0,0.0,-0.2449407449606665,-0.2449407449606665,-0.2449407449606665,0.8743967447956053,0.8743967447956053,0.8743967447956053,0.03951554130602105,0.03951554130602105,0.03951554130602105,2.1454301510869387,2.1454301510869387,2.1454301510869387,-1.9817067860105329,-1.9817067860105329,-1.9817067860105329,0.0,0.0,0.0,-0.09121182598298765,-0.09121182598298765,-0.09121182598298765,0.4745203642672772,0.4745203642672772,0.4745203642672772,1.4076874349610975,1.4076874349610975,1.4076874349610975,0.1425229082668174,0.1425229082668174,0.1425229082668174,0.8349212368962248,0.8349212368962248,0.8349212368962248,1.193659704206802,1.193659704206802,1.193659704206802,-0.01182341287043175,-0.01182341287043175,-0.01182341287043175,0.18002746170934875,0.18002746170934875,0.18002746170934875,0.20658015831311402,0.20658015831311402,0.20658015831311402,-0.04268247566269767,-0.04268247566269767,-0.04268247566269767,-3.4713477991563244,-3.4713477991563244,-3.4713477991563244,0.0,0.0,0.0,56.220772074493
361,2018-04-04 09:00:00,56.46573801878261,45.29327274680152,64.34790764333124,56.46573801878261,56.46573801878261,0.0,0.0,0.0,0.0,0.0,0.0,0.0,0.0,0.0,0.0,0.0,0.0,0.0,0.0,0.0,0.0,0.0,0.0,0.0,0.0,0.0,0.0,0.0,0.0,0.0,0.0,0.0,0.0,0.0,0.0,-1.7005142205045376,-1.7005142205045376,-1.7005142205045376,0.8982990321615003,0.8982990321615003,0.8982990321615003,0.03951554130602105,0.03951554130602105,0.03951554130602105,0.6489862816220322,0.6489862816220322,0.6489862816220322,-1.986034356504875,-1.986034356504875,-1.986034356504875,0.0,0.0,0.0,-0.06839966212371988,-0.06839966212371988,-0.06839966212371988,0.5575033928947286,0.5575033928947286,0.5575033928947286,0.595729299104479,0.595729299104479,0.595729299104479,0.06453410267464314,0.06453410267464314,0.06453410267464314,0.5592524976519597,0.5592524976519597,0.5592524976519597,0.8052384615135199,0.8052384615135199,0.8052384615135199,0.027953186822999406,0.027953186822999406,0.027953186822999406,0.031154319360646752,0.031154319360646752,0.031154319360646752,0.2216185258593792,0.2216185258593792,0.2216185258593792,0.022539498921629722,0.022539498921629722,0.022539498921629722,-3.4694180601474494,-3.4694180601474494,-3.4694180601474494,0.0,0.0,0.0,54.76522379827807
362,2018-04-04 10:00:00,56.465763218111555,44.0875320351053,62.392932845752874,56.465763218111555,56.465763218111555,0.0,0.0,0.0,0.0,0.0,0.0,0.0,0.0,0.0,0.0,0.0,0.0,0.0,0.0,0.0,0.0,0.0,0.0,0.0,0.0,0.0,0.0,0.0,0.0,0.0,0.0,0.0,0.0,0.0,0.0,-2.8796634235595495,-2.8796634235595495,-2.8796634235595495,0.8756625371443433,0.8756625371443433,0.8756625371443433,0.03951554130602105,0.03951554130602105,0.03951554130602105,-0.5252438506046453,-0.5252438506046453,-0.5252438506046453,-2.2918493381050817,-2.2918493381050817,-2.2918493381050817,0.0,0.0,0.0,-0.0455874982644521,-0.0455874982644521,-0.0455874982644521,0.3898995127063892,0.3898995127063892,0.3898995127063892,0.20387124223454667,0.20387124223454667,0.20387124223454667,-0.06735873031212203,-0.06735873031212203,-0.06735873031212203,0.3954265040439393,0.3954265040439393,0.3954265040439393,0.7800731415643772,0.7800731415643772,0.7800731415643772,0.055146679407788016,0.055146679407788016,0.055146679407788016,0.05699930143336558,0.05699930143336558,0.05699930143336558,0.2373699472510986,0.2373699472510986,0.2373699472510986,-0.0413802066194166,-0.0413802066194166,-0.0413802066194166,-3.467452057350346,-3.467452057350346,-3.467452057350346,0.0,0.0,0.0,53.586099794552005
363,2018-04-04 11:00:00,56.4657884174405,42.63611608038025,61.91546617014681,56.4657884174405,56.4657884174405,0.0,0.0,0.0,0.0,0.0,0.0,0.0,0.0,0.0,0.0,0.0,0.0,0.0,0.0,0.0,0.0,0.0,0.0,0.0,0.0,0.0,0.0,0.0,0.0,0.0,0.0,0.0,0.0,0.0,0.0,-4.31538476618686,-4.31538476618686,-4.31538476618686,0.8116656504637286,0.8116656504637286,0.8116656504637286,0.03951554130602105,0.03951554130602105,0.03951554130602105,-1.9151462700884607,-1.9151462700884607,-1.9151462700884607,-2.437063370248576,-2.437063370248576,-2.437063370248576,0.0,0.0,0.0,-0.022775334405184335,-0.022775334405184335,-0.022775334405184335,0.3290270936803311,0.3290270936803311,0.3290270936803311,0.2462342754096761,0.2462342754096761,0.2462342754096761,-0.07309320131154709,-0.07309320131154709,-0.07309320131154709,-0.24885072081837128,-0.24885072081837128,-0.24885072081837128,0.26801358781661205,0.26801358781661205,0.26801358781661205,0.07562918153463392,0.07562918153463392,0.07562918153463392,0.021330203368092812,0.021330203368092812,0.021330203368092812,0.2535455432047562,0.2535455432047562,0.2535455432047562,-0.11311352642014938,-0.11311352642014938,-0.11311352642014938,-3.465449689766883,-3.465449689766883,-3.465449689766883,0.0,0.0,0.0,52.15040365125364
364,2018-04-04 12:00:00,56.465813616769445,40.29882833606355,59.28040552556745,56.465813616769445,56.465813616769445,0.0,0.0,0.0,0.0,0.0,0.0,0.0,0.0,0.0,0.0,0.0,0.0,0.0,0.0,0.0,0.0,0.0,0.0,0.0,0.0,0.0,0.0,0.0,0.0,0.0,0.0,0.0,0.0,0.0,0.0,-6.488441977454556,-6.488441977454556,-6.488441977454556,0.5906681120031054,0.5906681120031054,0.5906681120031054,0.03951554130602105,0.03951554130602105,0.03951554130602105,-3.8855687202011784,-3.8855687202011784,-3.8855687202011784,-2.3995577592976067,-2.3995577592976067,-2.3995577592976067,0.0,0.0,0.0,3.682945408343429e-05,3.682945408343429e-05,3.682945408343429e-05,0.2673357631875547,0.2673357631875547,0.2673357631875547,-0.8763861037312116,-0.8763861037312116,-0.8763861037312116,-0.08570903751028111,-0.08570903751028111,-0.08570903751028111,-1.071131188735552,-1.071131188735552,-1.071131188735552,0.24394241221308474,0.24394241221308474,0.24394241221308474,0.07835552140817316,0.07835552140817316,0.07835552140817316,0.06652113693384093,0.06652113693384093,0.06652113693384093,0.2698694881466628,0.2698694881466628,0.2698694881466628,-0.14849183542928537,-0.14849183542928537,-0.14849183542928537,-3.463410857403146,-3.463410857403146,-3.463410857403146,0.0,0.0,0.0,49.97737163931489
365,2018-04-04 13:00:00,56.46583881609839,38.49508384337553,57.393881084712405,56.46583881609839,56.46583881609839,0.0,0.0,0.0,0.0,0.0,0.0,0.0,0.0,0.0,0.0,0.0,0.0,0.0,0.0,0.0,0.0,0.0,0.0,0.0,0.0,0.0,0.0,0.0,0.0,0.0,0.0,0.0,0.0,0.0,0.0,-8.745760263135635,-8.745760263135635,-8.745760263135635,0.17515644410453726,0.17515644410453726,0.17515644410453726,0.03951554130602105,0.03951554130602105,0.03951554130602105,-5.745663897275895,-5.745663897275895,-5.745663897275895,-2.6433442304789034,-2.6433442304789034,-2.6433442304789034,0.0,0.0,0.0,0.022848993313351204,0.022848993313351204,0.022848993313351204,0.1024615878882762,0.1024615878882762,0.1024615878882762,-1.7624795476443043,-1.7624795476443043,-1.7624795476443043,-0.2611838500926733,-0.2611838500926733,-0.2611838500926733,-1.6208934172855425,-1.6208934172855425,-1.6208934172855425,0.2745784538903016,0.2745784538903016,0.2745784538903016,0.07437087082376967,0.07437087082376967,0.07437087082376967,0.25726012743542664,0.25726012743542664,0.25726012743542664,0.2860826513052159,0.2860826513052159,0.2860826513052159,-0.22879842643161857,-0.22879842643161857,-0.22879842643161857,-3.4613354612694938,-3.4613354612694938,-3.4613354612694938,0.0,0.0,0.0,47.720078552962754
366,2018-04-04 14:00:00,56.465864015427336,36.33363008706565,54.97814165868438,56.465864015427336,56.465864015427336,0.0,0.0,0.0,0.0,0.0,0.0,0.0,0.0,0.0,0.0,0.0,0.0,0.0,0.0,0.0,0.0,0.0,0.0,0.0,0.0,0.0,0.0,0.0,0.0,0.0,0.0,0.0,0.0,0.0,0.0,-10.53770098502581,-10.53770098502581,-10.53770098502581,-0.24447888051722122,-0.24447888051722122,-0.24447888051722122,0.03951554130602105,0.03951554130602105,0.03951554130602105,-7.135944573144324,-7.135944573144324,-7.135944573144324,-2.662097035954388,-2.662097035954388,-2.662097035954388,0.0,0.0,0.0,0.045661157172618975,0.045661157172618975,0.045661157172618975,0.13057754824560353,0.13057754824560353,0.13057754824560353,-2.2778964512750264,-2.2778964512750264,-2.2778964512750264,-0.28985620508979626,-0.28985620508979626,-0.28985620508979626,-2.4447491351412616,-2.4447491351412616,-2.4447491351412616,0.2023649270797189,0.2023649270797189,0.2023649270797189,0.05235043338364522,0.05235043338364522,0.05235043338364522,0.3684993485203451,0.3684993485203451,0.3684993485203451,0.30194587203577683,0.30194587203577683,0.30194587203577683,-0.30031470139180455,-0.30031470139180455,-0.30031470139180455,-3.4592234034000393,-3.4592234034000393,-3.4592234034000393,0.0,0.0,0.0,45.92816303040153
367,2018-04-04 15:00:00,56.46588921475628,35.080714647307595,53.79667848927491,56.46588921475628,56.46588921475628,0.0,0.0,0.0,0.0,0.0,0.0,0.0,0.0,0.0,0.0,0.0,0.0,0.0,0.0,0.0,0.0,0.0,0.0,0.0,0.0,0.0,0.0,0.0,0.0,0.0,0.0,0.0,0.0,0.0,0.0,-12.135095007349886,-12.135095007349886,-12.135095007349886,-0.33684692053417276,-0.33684692053417276,-0.33684692053417276,0.03951554130602105,0.03951554130602105,0.03951554130602105,-8.658416328414596,-8.658416328414596,-8.658416328414596,-2.5890091787166027,-2.5890091787166027,-2.5890091787166027,0.0,0.0,0.0,0.06847332103188673,0.06847332103188673,0.06847332103188673,0.1813500591821363,0.1813500591821363,0.1813500591821363,-2.793313354905749,-2.793313354905749,-2.793313354905749,-0.4114269902775968,-0.4114269902775968,-0.4114269902775968,-3.35051784980099,-3.35051784980099,-3.35051784980099,0.1947059166604147,0.1947059166604147,0.1947059166604147,-0.005741577767921185,-0.005741577767921185,-0.005741577767921185,0.404773007569775,0.404773007569775,0.404773007569775,0.3172428284482033,0.3172428284482033,0.3172428284482033,-0.39722522269597155,-0.39722522269597155,-0.39722522269597155,-3.4570745868493207,-3.4570745868493207,-3.4570745868493207,0.0,0.0,0.0,44.3307942074064
368,2018-04-04 16:00:00,56.46591441408522,35.33728303517305,54.26920128825068,56.46591441408522,56.46591441408522,0.0,0.0,0.0,0.0,0.0,0.0,0.0,0.0,0.0,0.0,0.0,0.0,0.0,0.0,0.0,0.0,0.0,0.0,0.0,0.0,0.0,0.0,0.0,0.0,0.0,0.0,0.0,0.0,0.0,0.0,-11.510726201757473,-11.510726201757473,-11.510726201757473,0.0926979112246577,0.0926979112246577,0.0926979112246577,0.03951554130602105,0.03951554130602105,0.03951554130602105,-8.480317661784118,-8.480317661784118,-8.480317661784118,-2.427446546927815,-2.427446546927815,-2.427446546927815,0.0,0.0,0.0,0.09128548489115451,0.09128548489115451,0.09128548489115451,0.3044597496787829,0.3044597496787829,0.3044597496787829,-2.9274629599603186,-2.9274629599603186,-2.9274629599603186,-0.2692121094918678,-0.2692121094918678,-0.2692121094918678,-3.656116337877489,-3.656116337877489,-3.656116337877489,0.5951627471554622,0.5951627471554622,0.5951627471554622,-0.0691464563653589,-0.0691464563653589,-0.0691464563653589,0.2679910849042163,0.2679910849042163,0.2679910849042163,0.3317824645140877,0.3317824645140877,0.3317824645140877,-0.4293478590969048,-0.4293478590969048,-0.4293478590969048,-3.454888915712101,-3.454888915712101,-3.454888915712101,0.0,0.0,0.0,44.95518821232775
369,2018-04-04 17:00:00,56.465939613414164,39.88392549473981,59.81115568467541,56.465939613414164,56.465939613414164,0.0,0.0,0.0,0.0,0.0,0.0,0.0,0.0,0.0,0.0,0.0,0.0,0.0,0.0,0.0,0.0,0.0,0.0,0.0,0.0,0.0,0.0,0.0,0.0,0.0,0.0,0.0,0.0,0.0,0.0,-7.089565780059683,-7.089565780059683,-7.089565780059683,0.8848193746496729,0.8848193746496729,0.8848193746496729,0.03951554130602105,0.03951554130602105,0.03951554130602105,-4.867119806916953,-4.867119806916953,-4.867119806916953,-1.9894002446671417,-1.9894002446671417,-1.9894002446671417,0.0,0.0,0.0,0.11409764875042229,0.11409764875042229,0.11409764875042229,0.5730627107623758,0.5730627107623758,0.5730627107623758,-0.4245137498631834,-0.4245137498631834,-0.4245137498631834,0.10008782287107579,0.10008782287107579,0.10008782287107579,-4.191701316980633,-4.191701316980633,-4.191701316980633,1.6707066388948923,1.6707066388948923,1.6707066388948923,-0.08969886464280838,-0.08969886464280838,-0.08969886464280838,-0.17741922017357536,-0.17741922017357536,-0.17741922017357536,0.34540094733065096,0.34540094733065096,0.34540094733065096,-0.4918567731743967,-0.4918567731743967,-0.4918567731743967,-3.452666295123055,-3.452666295123055,-3.452666295123055,0.0,0.0,0.0,49.37637383335448
370,2018-04-04 18:00:00,56.46596481274311,45.50283315893197,65.01732897980615,56.46596481274311,56.46596481274311,0.0,0.0,0.0,0.0,0.0,0.0,0.0,0.0,0.0,0.0,0.0,0.0,0.0,0.0,0.0,0.0,0.0,0.0,0.0,0.0,0.0,0.0,0.0,0.0,0.0,0.0,0.0,0.0,0.0,0.0,-0.9284254665958371,-0.9284254665958371,-0.9284254665958371,1.5887206079918317,1.5887206079918317,1.5887206079918317,0.03951554130602105,0.03951554130602105,0.03951554130602105,0.5752974236602088,0.5752974236602088,0.5752974236602088,-1.6754109632442886,-1.6754109632442886,-1.6754109632442886,0.0,0.0,0.0,0.13690981260969007,0.13690981260969007,0.13690981260969007,0.6470377132559262,0.6470377132559262,0.6470377132559262,0.0873729010029457,0.0873729010029457,0.0873729010029457,1.135733285367154,1.135733285367154,1.135733285367154,-0.8001881993069017,-0.8001881993069017,-0.8001881993069017,2.0492805824776408,2.0492805824776408,2.0492805824776408,-0.0940330459802297,-0.0940330459802297,-0.0940330459802297,-0.4207550162968345,-0.4207550162968345,-0.4207550162968345,0.35796313302226224,0.35796313302226224,0.35796313302226224,-0.530165187530915,-0.530165187530915,-0.530165187530915,-3.45040663127014,-3.45040663127014,-3.45040663127014,0.0,0.0,0.0,55.53753934614727
371,2018-04-04 19:00:00,56.465990012072055,47.724835197127,67.0167027265671,56.465990012072055,56.465990012072055,0.0,0.0,0.0,0.0,0.0,0.0,0.0,0.0,0.0,0.0,0.0,0.0,0.0,0.0,0.0,0.0,0.0,0.0,0.0,0.0,0.0,0.0,0.0,0.0,0.0,0.0,0.0,0.0,0.0,0.0,1.3538187911323496,1.3538187911323496,1.3538187911323496,1.7742311650973075,1.7742311650973075,1.7742311650973075,0.03951554130602105,0.03951554130602105,0.03951554130602105,2.6583339305992455,2.6583339305992455,2.6583339305992455,-2.0451778199275563,-2.0451778199275563,-2.0451778199275563,0.0,0.0,0.0,0.15972197646895783,0.15972197646895783,0.15972197646895783,0.5214712883591247,0.5214712883591247,0.5214712883591247,0.32036958346614763,0.32036958346614763,0.32036958346614763,2.150734652265306,2.150734652265306,2.150734652265306,0.5828812467300393,0.5828812467300393,0.5828812467300393,2.09632878933908,2.09632878933908,2.09632878933908,-0.09640985510075108,-0.09640985510075108,-0.09640985510075108,-0.4532501691952821,-0.4532501691952821,-0.4532501691952821,0.36936352683822965,0.36936352683822965,0.36936352683822965,-0.6178513031118411,-0.6178513031118411,-0.6178513031118411,-3.4481098314024337,-3.4481098314024337,-3.4481098314024337,0.0,0.0,0.0,57.8198088032044
372,2018-04-04 20:00:00,56.46601521140101,45.030812534007374,63.69741169674131,56.46601521140101,56.46601521140101,0.0,0.0,0.0,0.0,0.0,0.0,0.0,0.0,0.0,0.0,0.0,0.0,0.0,0.0,0.0,0.0,0.0,0.0,0.0,0.0,0.0,0.0,0.0,0.0,0.0,0.0,0.0,0.0,0.0,0.0,-3.0092470070207775,-3.0092470070207775,-3.0092470070207775,1.3321544213086,1.3321544213086,1.3321544213086,0.03951554130602105,0.03951554130602105,0.03951554130602105,-1.275152354779171,-1.275152354779171,-1.275152354779171,-2.0019021149841314,-2.0019021149841314,-2.0019021149841314,0.0,0.0,0.0,0.1825341403282256,0.1825341403282256,0.1825341403282256,0.5211983178702185,0.5211983178702185,0.5211983178702185,-0.9717029283752503,-0.9717029283752503,-0.9717029283752503,1.1621118519645077,1.1621118519645077,1.1621118519645077,-0.8096396989381339,-0.8096396989381339,-0.8096396989381339,1.6488237519825943,1.6488237519825943,1.6488237519825943,-0.09696910430557963,-0.09696910430557963,-0.09696910430557963,-0.3081555329975624,-0.3081555329975624,-0.3081555329975624,0.3795267302837857,0.3795267302837857,0.3795267302837857,-0.6409665786300802,-0.6409665786300802,-0.6409665786300802,-3.4457758038339925,-3.4457758038339925,-3.4457758038339925,0.0,0.0,0.0,53.45676820438023
373,2018-04-04 21:00:00,56.466040410729946,38.32576961823332,57.37709514774983,56.466040410729946,56.466040410729946,0.0,0.0,0.0,0.0,0.0,0.0,0.0,0.0,0.0,0.0,0.0,0.0,0.0,0.0,0.0,0.0,0.0,0.0,0.0,0.0,0.0,0.0,0.0,0.0,0.0,0.0,0.0,0.0,0.0,0.0,-8.71597785571358,-8.71597785571358,-8.71597785571358,0.5111382478536065,0.5111382478536065,0.5111382478536065,0.03951554130602105,0.03951554130602105,0.03951554130602105,-6.172119021000492,-6.172119021000492,-6.172119021000492,-2.119708200663456,-2.119708200663456,-2.119708200663456,0.0,0.0,0.0,0.20534630418749336,0.20534630418749336,0.20534630418749336,0.3314838280804859,0.3314838280804859,0.3314838280804859,-3.478182391236982,-3.478182391236982,-3.478182391236982,0.600133694020899,0.600133694020899,0.600133694020899,-1.5893884185147702,-1.5893884185147702,-1.5893884185147702,0.5076311995062711,0.5076311995062711,0.5076311995062711,-0.09689919815497605,-0.09689919815497605,-0.09689919815497605,0.0777055151407485,0.0777055151407485,0.0777055151407485,0.3884073753926434,0.3884073753926434,0.3884073753926434,-0.6497568946722274,-0.6497568946722274,-0.6497568946722274,-3.443404457959338,-3.443404457959338,-3.443404457959338,0.0,0.0,0.0,47.75006255501636
374,2018-04-04 22:00:00,56.46606561005889,31.923457691701838,50.75867997310128,56.46606561005889,56.46606561005889,0.0,0.0,0.0,0.0,0.0,0.0,0.0,0.0,0.0,0.0,0.0,0.0,0.0,0.0,0.0,0.0,0.0,0.0,0.0,0.0,0.0,0.0,0.0,0.0,0.0,0.0,0.0,0.0,0.0,0.0,-14.816444008019053,-14.816444008019053,-14.816444008019053,-0.31917339148717594,-0.31917339148717594,-0.31917339148717594,0.03951554130602105,0.03951554130602105,0.03951554130602105,-11.452264465775716,-11.452264465775716,-11.452264465775716,-2.5697755320750804,-2.5697755320750804,-2.5697755320750804,0.0,0.0,0.0,0.22815846804676115,0.22815846804676115,0.22815846804676115,0.39699674541794755,0.39699674541794755,0.39699674541794755,-5.027963354893742,-5.027963354893742,-5.027963354893742,0.0840313040726869,0.0840313040726869,0.0840313040726869,-4.00739707417161,-4.00739707417161,-4.00739707417161,-0.10837206707490735,-0.10837206707490735,-0.10837206707490735,-0.08920952158858339,-0.08920952158858339,-0.08920952158858339,0.29882369509623175,0.29882369509623175,0.29882369509623175,0.39598955349795334,0.39598955349795334,0.39598955349795334,-0.69707266991144,-0.69707266991144,-0.69707266991144,-3.440995704254115,-3.440995704254115,-3.440995704254115,0.0,0.0,0.0,41.649621602039836
375,2018-04-04 23:00:00,56.466090809387836,30.247932371811732,50.105145767021725,56.466090809387836,56.466090809387836,0.0,0.0,0.0,0.0,0.0,0.0,0.0,0.0,0.0,0.0,0.0,0.0,0.0,0.0,0.0,0.0,0.0,0.0,0.0,0.0,0.0,0.0,0.0,0.0,0.0,0.0,0.0,0.0,0.0,0.0,-16.685484454234643,-16.685484454234643,-16.685484454234643,-0.9470173761140549,-0.9470173761140549,-0.9470173761140549,0.03951554130602105,0.03951554130602105,0.03951554130602105,-12.702203376895108,-12.702203376895108,-12.702203376895108,-2.6327657248260663,-2.6327657248260663,-2.6327657248260663,0.0,0.0,0.0,0.2509706319060289,0.2509706319060289,0.2509706319060289,0.33639729688079556,0.33639729688079556,0.33639729688079556,-5.9987828651570885,-5.9987828651570885,-5.9987828651570885,0.2067489834603729,0.2067489834603729,0.2067489834603729,-3.7002233361565717,-3.7002233361565717,-3.7002233361565717,-0.9432042027790631,-0.9432042027790631,-0.9432042027790631,-0.08976877079341196,-0.08976877079341196,-0.08976877079341196,0.5436708936798837,0.5436708936798837,0.5436708936798837,0.4022857530673738,0.4022857530673738,0.4022857530673738,-0.7147618244160081,-0.7147618244160081,-0.7147618244160081,-3.4385494542928567,-3.4385494542928567,-3.4385494542928567,0.0,0.0,0.0,39.780606355153196
376,2018-04-05 00:00:00,56.46611600871678,26.09707219740563,45.030833925897525,56.46611600871678,56.46611600871678,0.0,0.0,0.0,0.0,0.0,0.0,0.0,0.0,0.0,0.0,0.0,0.0,0.0,0.0,0.0,0.0,0.0,0.0,0.0,0.0,0.0,0.0,0.0,0.0,0.0,0.0,0.0,0.0,0.0,0.0,-20.780029429179564,-20.780029429179564,-20.780029429179564,-1.3931985759936205,-1.3931985759936205,-1.3931985759936205,0.013186016472813821,0.013186016472813821,0.013186016472813821,-16.358100560440263,-16.358100560440263,-16.358100560440263,-2.6750797474374153,-2.6750797474374153,-2.6750797474374153,0.0,0.0,0.0,3.682945408343429e-05,3.682945408343429e-05,3.682945408343429e-05,0.3192001560797118,0.3192001560797118,0.3192001560797118,-7.403823465465494,-7.403823465465494,-7.403823465465494,0.15972632126509095,0.15972632126509095,0.15972632126509095,-5.653533259944507,-5.653533259944507,-5.653533259944507,-1.012135296552801,-1.012135296552801,-1.012135296552801,-0.09347379677540114,-0.09347379677540114,-0.09347379677540114,0.7076580606325149,0.7076580606325149,0.7076580606325149,0.4073353279994544,0.4073353279994544,0.4073353279994544,-0.719862378168859,-0.719862378168859,-0.719862378168859,-3.436065620745132,-3.436065620745132,-3.436065620745132,0.0,0.0,0.0,35.68608657953722
377,2018-04-05 01:00:00,56.46614120804572,23.73608577101311,43.593275292543495,56.46614120804572,56.46614120804572,0.0,0.0,0.0,0.0,0.0,0.0,0.0,0.0,0.0,0.0,0.0,0.0,0.0,0.0,0.0,0.0,0.0,0.0,0.0,0.0,0.0,0.0,0.0,0.0,0.0,0.0,0.0,0.0,0.0,0.0,-22.642458619235953,-22.642458619235953,-22.642458619235953,-1.7516515894101237,-1.7516515894101237,-1.7516515894101237,0.013186016472813821,0.013186016472813821,0.013186016472813821,-17.868465436856923,-17.868465436856923,-17.868465436856923,-2.7909624684525878,-2.7909624684525878,-2.7909624684525878,0.0,0.0,0.0,-0.250896972997862,-0.250896972997862,-0.250896972997862,0.24003871429694568,0.24003871429694568,0.24003871429694568,-7.407353718230087,-7.407353718230087,-7.407353718230087,0.10123471707096048,0.10123471707096048,0.10123471707096048,-6.516770226263692,-6.516770226263692,-6.516770226263692,-1.2003281239985606,-1.2003281239985606,-1.2003281239985606,-0.09543116899230109,-0.09543116899230109,-0.09543116899230109,0.7708346834769387,0.7708346834769387,0.7708346834769387,0.4112025244254636,0.4112025244254636,0.4112025244254636,-0.7320168892394824,-0.7320168892394824,-0.7320168892394824,-3.4335441173943724,-3.4335441173943724,-3.4335441173943724,0.0,0.0,0.0,33.82368258880977
378,2018-04-05 02:00:00,56.466166407374665,24.127856275856622,42.76370247840678,56.466166407374665,56.466166407374665,0.0,0.0,0.0,0.0,0.0,0.0,0.0,0.0,0.0,0.0,0.0,0.0,0.0,0.0,0.0,0.0,0.0,0.0,0.0,0.0,0.0,0.0,0.0,0.0,0.0,0.0,0.0,0.0,0.0,0.0,-23.137009626124836,-23.137009626124836,-23.137009626124836,-1.9937784251330388,-1.9937784251330388,-1.9937784251330388,0.013186016472813821,0.013186016472813821,0.013186016472813821,-18.126220442085113,-18.126220442085113,-18.126220442085113,-2.733742369694059,-2.733742369694059,-2.733742369694059,0.0,0.0,0.0,-0.22808480913859427,-0.22808480913859427,-0.22808480913859427,0.3129218348348718,0.3129218348348718,0.3129218348348718,-7.407353718230087,-7.407353718230087,-7.407353718230087,-0.21989565889681648,-0.21989565889681648,-0.21989565889681648,-6.693198219380023,-6.693198219380023,-6.693198219380023,-1.1226438754599037,-1.1226438754599037,-1.1226438754599037,-0.09543116899230109,-0.09543116899230109,-0.09543116899230109,0.7830770434061213,0.7830770434061213,0.7830770434061213,0.41397410023549025,0.41397410023549025,0.41397410023549025,-0.7350555170071381,-0.7350555170071381,-0.7350555170071381,-3.4309848591421725,-3.4309848591421725,-3.4309848591421725,0.0,0.0,0.0,33.32915678124983
379,2018-04-05 03:00:00,56.46619160670362,24.245617700082406,43.47615714412192,56.46619160670362,56.46619160670362,0.0,0.0,0.0,0.0,0.0,0.0,0.0,0.0,0.0,0.0,0.0,0.0,0.0,0.0,0.0,0.0,0.0,0.0,0.0,0.0,0.0,0.0,0.0,0.0,0.0,0.0,0.0,0.0,0.0,0.0,-23.19488517122244,-23.19488517122244,-23.19488517122244,-1.9518280554735437,-1.9518280554735437,-1.9518280554735437,0.013186016472813821,0.013186016472813821,0.013186016472813821,-18.230425930991306,-18.230425930991306,-18.230425930991306,-2.7188362935468784,-2.7188362935468784,-2.7188362935468784,0.0,0.0,0.0,-0.2052726452793265,-0.2052726452793265,-0.2052726452793265,0.2708843795433339,0.2708843795433339,0.2708843795433339,-7.350869673996585,-7.350869673996585,-7.350869673996585,-0.37357948168139476,-0.37357948168139476,-0.37357948168139476,-6.656967470793634,-6.656967470793634,-6.656967470793634,-1.0504303486493214,-1.0504303486493214,-1.0504303486493214,-0.09543116899230109,-0.09543116899230109,-0.09543116899230109,0.7091694630929078,0.7091694630929078,0.7091694630929078,0.4157565772551831,0.4157565772551831,0.4157565772551831,-0.7722787071609224,-0.7722787071609224,-0.7722787071609224,-3.4283877620127763,-3.4283877620127763,-3.4283877620127763,0.0,0.0,0.0,33.27130643548118
380,2018-04-05 04:00:00,56.46621680603256,25.275266290070064,44.70024217390752,56.46621680603256,56.46621680603256,0.0,0.0,0.0,0.0,0.0,0.0,0.0,0.0,0.0,0.0,0.0,0.0,0.0,0.0,0.0,0.0,0.0,0.0,0.0,0.0,0.0,0.0,0.0,0.0,0.0,0.0,0.0,0.0,0.0,0.0,-21.280820105287685,-21.280820105287685,-21.280820105287685,-1.4967186132711423,-1.4967186132711423,-1.4967186132711423,0.013186016472813821,0.013186016472813821,0.013186016472813821,-16.77502192000904,-16.77502192000904,-16.77502192000904,-2.5741031025694228,-2.5741031025694228,-2.5741031025694228,0.0,0.0,0.0,-0.18246048142005872,-0.18246048142005872,-0.18246048142005872,0.3093732184790926,0.3093732184790926,0.3093732184790926,-6.754256956780202,-6.754256956780202,-6.754256956780202,-0.11782207510705889,-0.11782207510705889,-0.11782207510705889,-6.089877492919714,-6.089877492919714,-6.089877492919714,-0.872084820314096,-0.872084820314096,-0.872084820314096,-0.09543116899230109,-0.09543116899230109,-0.09543116899230109,0.35519900686888745,0.35519900686888745,0.35519900686888745,0.4166731711630543,0.4166731711630543,0.4166731711630543,-0.7667440637269778,-0.7667440637269778,-0.7667440637269778,-3.4257527431705572,-3.4257527431705572,-3.4257527431705572,0.0,0.0,0.0,35.185396700744874
381,2018-04-05 05:00:00,56.46624200536151,32.873342276975315,51.794184523187184,56.46624200536151,56.46624200536151,0.0,0.0,0.0,0.0,0.0,0.0,0.0,0.0,0.0,0.0,0.0,0.0,0.0,0.0,0.0,0.0,0.0,0.0,0.0,0.0,0.0,0.0,0.0,0.0,0.0,0.0,0.0,0.0,0.0,0.0,-14.74121612056654,-14.74121612056654,-14.74121612056654,-0.7177615094608909,-0.7177615094608909,-0.7177615094608909,0.013186016472813821,0.013186016472813821,0.013186016472813821,-11.01723533892519,-11.01723533892519,-11.01723533892519,-2.3586862601843714,-2.3586862601843714,-2.3586862601843714,0.0,0.0,0.0,-0.15964831756079095,-0.15964831756079095,-0.15964831756079095,0.5020903836467924,0.5020903836467924,0.5020903836467924,-4.727891869903253,-4.727891869903253,-4.727891869903253,0.1539918502656667,0.1539918502656667,0.1539918502656667,-3.059096611171338,-3.059096611171338,-3.059096611171338,-0.31844778143296504,-0.31844778143296504,-0.31844778143296504,-0.09445248288385111,-0.09445248288385111,-0.09445248288385111,-0.1975208728968011,-0.1975208728968011,-0.1975208728968011,0.4168604487359729,0.4168604487359729,0.4168604487359729,-0.7707593932770944,-0.7707593932770944,-0.7707593932770944,-3.423079720916429,-3.423079720916429,-3.423079720916429,0.0,0.0,0.0,41.72502588479497
382,2018-04-05 06:00:00,56.466267204690446,37.87425751913339,56.542424660698565,56.466267204690446,56.466267204690446,0.0,0.0,0.0,0.0,0.0,0.0,0.0,0.0,0.0,0.0,0.0,0.0,0.0,0.0,0.0,0.0,0.0,0.0,0.0,0.0,0.0,0.0,0.0,0.0,0.0,0.0,0.0,0.0,0.0,0.0,-9.141377819085253,-9.141377819085253,-9.141377819085253,0.09304755197917147,0.09304755197917147,0.09304755197917147,0.013186016472813821,0.013186016472813821,0.013186016472813821,-6.230521522219342,-6.230521522219342,-6.230521522219342,-2.2735773737956353,-2.2735773737956353,-2.2735773737956353,0.0,0.0,0.0,-0.13683615370152316,-0.13683615370152316,-0.13683615370152316,0.7139154830379183,0.7139154830379183,0.7139154830379183,-2.2425939236290864,-2.2425939236290864,-2.2425939236290864,0.6116026360197475,0.6116026360197475,0.6116026360197475,-1.756364911999867,-1.756364911999867,-1.756364911999867,0.19580006100603017,0.19580006100603017,0.19580006100603017,-0.08075087736555146,-0.08075087736555146,-0.08075087736555146,-0.5286691519688884,-0.5286691519688884,-0.5286691519688884,0.4164647658605164,0.4164647658605164,0.4164647658605164,-0.7462333262953008,-0.7462333262953008,-0.7462333262953008,-3.4203686147055996,-3.4203686147055996,-3.4203686147055996,0.0,0.0,0.0,47.32488938560519
383,2018-04-05 07:00:00,56.46629240401939,41.339542148525794,60.2241904001466,56.46629240401939,56.46629240401939,0.0,0.0,0.0,0.0,0.0,0.0,0.0,0.0,0.0,0.0,0.0,0.0,0.0,0.0,0.0,0.0,0.0,0.0,0.0,0.0,0.0,0.0,0.0,0.0,0.0,0.0,0.0,0.0,0.0,0.0,-5.334758323621745,-5.334758323621745,-5.334758323621745,0.6497955365855472,0.6497955365855472,0.6497955365855472,0.013186016472813821,0.013186016472813821,0.013186016472813821,-2.9825730579095793,-2.9825730579095793,-2.9825730579095793,-2.210106339878611,-2.210106339878611,-2.210106339878611,0.0,0.0,0.0,-0.11402398984225541,-0.11402398984225541,-0.11402398984225541,0.8807004517595395,0.8807004517595395,0.8807004517595395,-1.9884157245783196,-1.9884157245783196,-1.9884157245783196,1.7137679621091524,1.7137679621091524,1.7137679621091524,-0.4394559633815491,-0.4394559633815491,-0.4394559633815491,0.6629996965835846,0.6629996965835846,0.6629996965835846,-0.024126895376660015,-0.024126895376660015,-0.024126895376660015,-0.7200127034546313,-0.7200127034546313,-0.7200127034546313,0.4156385428544273,0.4156385428544273,0.4156385428544273,-0.7570855683226432,-0.7570855683226432,-0.7570855683226432,-3.4176193451521413,-3.4176193451521413,-3.4176193451521413,0.0,0.0,0.0,51.13153408039764
384,2018-04-05 08:00:00,56.41266335544733,39.918166049745295,59.25824052211718,56.41266335544733,56.41266335544733,0.0,0.0,0.0,0.0,0.0,0.0,0.0,0.0,0.0,0.0,0.0,0.0,0.0,0.0,0.0,0.0,0.0,0.0,0.0,0.0,0.0,0.0,0.0,0.0,0.0,0.0,0.0,0.0,0.0,0.0,-6.729768939096055,-6.729768939096055,-6.729768939096055,0.9752307178120552,0.9752307178120552,0.9752307178120552,-0.011501711856922047,-0.011501711856922047,-0.011501711856922047,-4.5812242195918484,-4.5812242195918484,-4.5812242195918484,-2.270633500122998,-2.270633500122998,-2.270633500122998,0.0,0.0,0.0,-0.13087579656611378,-0.13087579656611378,-0.13087579656611378,0.7654184902760054,0.7654184902760054,0.7654184902760054,-3.1333045896882257,-3.1333045896882257,-3.1333045896882257,1.266453296645015,1.266453296645015,1.266453296645015,-0.26251206870572624,-0.26251206870572624,-0.26251206870572624,0.852455750877797,0.852455750877797,0.852455750877797,0.0347960997256854,0.0347960997256854,0.0347960997256854,-0.7408573149197911,-0.7408573149197911,-0.7408573149197911,0.5345319389055191,0.5345319389055191,0.5345319389055191,-0.9506628752565741,-0.9506628752565741,-0.9506628752565741,-3.658307376221782,-3.658307376221782,-3.658307376221782,0.0,0.0,0.0,49.682894416351274
385,2018-04-05 09:00:00,56.41266198898206,39.77540251001738,58.09570344310569,56.41266198898206,56.41266198898206,0.0,0.0,0.0,0.0,0.0,0.0,0.0,0.0,0.0,0.0,0.0,0.0,0.0,0.0,0.0,0.0,0.0,0.0,0.0,0.0,0.0,0.0,0.0,0.0,0.0,0.0,0.0,0.0,0.0,0.0,-7.675310296893208,-7.675310296893208,-7.675310296893208,0.9928231213395391,0.9928231213395391,0.9928231213395391,-0.011501711856922047,-0.011501711856922047,-0.011501711856922047,-5.543278810750602,-5.543278810750602,-5.543278810750602,-2.324295128732212,-2.324295128732212,-2.324295128732212,0.0,0.0,0.0,-0.09814364755806419,-0.09814364755806419,-0.09814364755806419,0.6419966921883525,0.6419966921883525,0.6419966921883525,-3.4157860033242198,-3.4157860033242198,-3.4157860033242198,1.191100919280311,1.191100919280311,1.191100919280311,-0.26856195712291725,-0.26856195712291725,-0.26856195712291725,0.43080683264240277,0.43080683264240277,0.43080683264240277,0.07611063092070693,0.07611063092070693,0.07611063092070693,-0.7445399268605198,-0.7445399268605198,-0.7445399268605198,0.5307019292826382,0.5307019292826382,0.5307019292826382,-1.0204655103275189,-1.0204655103275189,-1.0204655103275189,-3.6555565367647853,-3.6555565367647853,-3.6555565367647853,0.0,0.0,0.0,48.73735169208885
386,2018-04-05 10:00:00,56.41266062251678,38.02232596457759,56.5102780239938,56.41266062251678,56.41266062251678,0.0,0.0,0.0,0.0,0.0,0.0,0.0,0.0,0.0,0.0,0.0,0.0,0.0,0.0,0.0,0.0,0.0,0.0,0.0,0.0,0.0,0.0,0.0,0.0,0.0,0.0,0.0,0.0,0.0,0.0,-9.164631084530138,-9.164631084530138,-9.164631084530138,0.9567210118651274,0.9567210118651274,0.9567210118651274,-0.011501711856922047,-0.011501711856922047,-0.011501711856922047,-6.995108798599681,-6.995108798599681,-6.995108798599681,-2.3373605687414116,-2.3373605687414116,-2.3373605687414116,0.0,0.0,0.0,-0.0654114985500146,-0.0654114985500146,-0.0654114985500146,0.5843803551663914,0.5843803551663914,0.5843803551663914,-4.735180898721607,-4.735180898721607,-4.735180898721607,1.2023475427675814,1.2023475427675814,1.2023475427675814,-0.33964814602491306,-0.33964814602491306,-0.33964814602491306,0.38150957105766703,0.38150957105766703,0.38150957105766703,0.11055757513608107,0.11055757513608107,0.11055757513608107,-0.7434068154941417,-0.7434068154941417,-0.7434068154941417,0.5265258303307302,0.5265258303307302,0.5265258303307302,-1.0413942033383916,-1.0413942033383916,-1.0413942033383916,-3.652769128126313,-3.652769128126313,-3.652769128126313,0.0,0.0,0.0,47.248029537986646
387,2018-04-05 11:00:00,56.41265925605151,37.15116771117852,55.25927380348133,56.41265925605151,56.41265925605151,0.0,0.0,0.0,0.0,0.0,0.0,0.0,0.0,0.0,0.0,0.0,0.0,0.0,0.0,0.0,0.0,0.0,0.0,0.0,0.0,0.0,0.0,0.0,0.0,0.0,0.0,0.0,0.0,0.0,0.0,-10.23836099184636,-10.23836099184636,-10.23836099184636,0.8793472947501388,0.8793472947501388,0.8793472947501388,-0.011501711856922047,-0.011501711856922047,-0.011501711856922047,-7.989922127560362,-7.989922127560362,-7.989922127560362,-2.3196289001574977,-2.3196289001574977,-2.3196289001574977,0.0,0.0,0.0,-0.032679349541965004,-0.032679349541965004,-0.032679349541965004,0.6267883189642816,0.6267883189642816,0.6267883189642816,-5.231245820228718,-5.231245820228718,-5.231245820228718,0.9504231766527497,0.9504231766527497,0.9504231766527497,-0.5967684037555373,-0.5967684037555373,-0.5967684037555373,0.2472531990822188,0.2472531990822188,0.2472531990822188,0.12184003945978747,0.12184003945978747,0.12184003945978747,-0.6771198005610248,-0.6771198005610248,-0.6771198005610248,0.5221589176009938,0.5221589176009938,0.5221589176009938,-1.0672828756177366,-1.0672828756177366,-1.0672828756177366,-3.64994507663713,-3.64994507663713,-3.64994507663713,0.0,0.0,0.0,46.17429826420515
388,2018-04-05 12:00:00,56.412657889586235,33.556575127186356,52.85250514531402,56.412657889586235,56.412657889586235,0.0,0.0,0.0,0.0,0.0,0.0,0.0,0.0,0.0,0.0,0.0,0.0,0.0,0.0,0.0,0.0,0.0,0.0,0.0,0.0,0.0,0.0,0.0,0.0,0.0,0.0,0.0,0.0,0.0,0.0,-12.7860292351697,-12.7860292351697,-12.7860292351697,0.6394227680174399,0.6394227680174399,0.6394227680174399,-0.011501711856922047,-0.011501711856922047,-0.011501711856922047,-10.296115209213509,-10.296115209213509,-10.296115209213509,-2.4096871116494825,-2.4096871116494825,-2.4096871116494825,0.0,0.0,0.0,5.279946608458717e-05,5.279946608458717e-05,5.279946608458717e-05,0.5098008326252742,0.5098008326252742,0.5098008326252742,-6.891685349162244,-6.891685349162244,-6.891685349162244,0.8660735004982311,0.8660735004982311,0.8660735004982311,-1.0535349792534696,-1.0535349792534696,-1.0535349792534696,0.1413165305703407,0.1413165305703407,0.1413165305703407,0.13023375687935648,0.13023375687935648,0.13023375687935648,-0.5143766805649751,-0.5143766805649751,-0.5143766805649751,0.5177475157678139,0.5177475157678139,0.5177475157678139,-1.0628067967657004,-1.0628067967657004,-1.0628067967657004,-3.647084309741447,-3.647084309741447,-3.647084309741447,0.0,0.0,0.0,43.626628654416535
389,2018-04-05 13:00:00,56.412656523120965,31.04345664090912,50.20744896462365,56.412656523120965,56.412656523120965,0.0,0.0,0.0,0.0,0.0,0.0,0.0,0.0,0.0,0.0,0.0,0.0,0.0,0.0,0.0,0.0,0.0,0.0,0.0,0.0,0.0,0.0,0.0,0.0,0.0,0.0,0.0,0.0,0.0,0.0,-16.064950897401935,-16.064950897401935,-16.064950897401935,0.1933571699341661,0.1933571699341661,0.1933571699341661,-0.011501711856922047,-0.011501711856922047,-0.011501711856922047,-13.127546457979555,-13.127546457979555,-13.127546457979555,-2.447950185962139,-2.447950185962139,-2.447950185962139,0.0,0.0,0.0,0.032784948474134185,0.032784948474134185,0.032784948474134185,0.4270321860404264,0.4270321860404264,0.4270321860404264,-8.462557600601434,-8.462557600601434,-8.462557600601434,0.45332241851545035,0.45332241851545035,0.45332241851545035,-1.794646310359385,-1.794646310359385,-1.794646310359385,-0.0002819867475156527,-0.0002819867475156527,-0.0002819867475156527,0.13339502707633702,0.13339502707633702,0.13339502707633702,-0.41962024255160935,-0.41962024255160935,-0.41962024255160935,0.5134251466454851,0.5134251466454851,0.5134251466454851,-1.0375230000069005,-1.0375230000069005,-1.0375230000069005,-3.6441867560020276,-3.6441867560020276,-3.6441867560020276,0.0,0.0,0.0,40.34770562571903
390,2018-04-05 14:00:00,56.412655156655696,27.28960818913188,46.64330653357409,56.412655156655696,56.412655156655696,0.0,0.0,0.0,0.0,0.0,0.0,0.0,0.0,0.0,0.0,0.0,0.0,0.0,0.0,0.0,0.0,0.0,0.0,0.0,0.0,0.0,0.0,0.0,0.0,0.0,0.0,0.0,0.0,0.0,0.0,-19.39166996632771,-19.39166996632771,-19.39166996632771,-0.2595193930179066,-0.2595193930179066,-0.2595193930179066,-0.011501711856922047,-0.011501711856922047,-0.011501711856922047,-16.000207108806904,-16.000207108806904,-16.000207108806904,-2.4572826431115673,-2.4572826431115673,-2.4572826431115673,0.0,0.0,0.0,0.06551709748218378,0.06551709748218378,0.06551709748218378,0.39837025188736963,0.39837025188736963,0.39837025188736963,-10.605282469889096,-10.605282469889096,-10.605282469889096,0.34085618364275805,0.34085618364275805,0.34085618364275805,-2.1122654522619206,-2.1122654522619206,-2.1122654522619206,-0.4082954922041524,-0.4082954922041524,-0.4082954922041524,0.1351391761505332,0.1351391761505332,0.1351391761505332,-0.3680636753814074,-0.3680636753814074,-0.3680636753814074,0.5093088806114325,0.5093088806114325,0.5093088806114325,-0.9773983732646829,-0.9773983732646829,-0.9773983732646829,-3.6412523451143364,-3.6412523451143364,-3.6412523451143364,0.0,0.0,0.0,37.020985190327984
391,2018-04-05 15:00:00,56.412653790190426,26.06490112026693,44.96911047195322,56.412653790190426,56.412653790190426,0.0,0.0,0.0,0.0,0.0,0.0,0.0,0.0,0.0,0.0,0.0,0.0,0.0,0.0,0.0,0.0,0.0,0.0,0.0,0.0,0.0,0.0,0.0,0.0,0.0,0.0,0.0,0.0,0.0,0.0,-20.559979082475433,-20.559979082475433,-20.559979082475433,-0.36477901177658,-0.36477901177658,-0.36477901177658,-0.011501711856922047,-0.011501711856922047,-0.011501711856922047,-17.062415013274734,-17.062415013274734,-17.062415013274734,-2.4423507116724816,-2.4423507116724816,-2.4423507116724816,0.0,0.0,0.0,0.09824924649023337,0.09824924649023337,0.09824924649023337,0.4454577151388201,0.4454577151388201,0.4454577151388201,-11.659420428091707,-11.659420428091707,-11.659420428091707,0.22389129937515817,0.22389129937515817,0.22389129937515817,-2.151589726973663,-2.151589726973663,-2.151589726973663,-0.4313708061374333,-0.4313708061374333,-0.4313708061374333,0.11453641521159107,0.11453641521159107,0.11453641521159107,-0.32741330511259426,-0.32741330511259426,-0.32741330511259426,0.5054959504827539,0.5054959504827539,0.5054959504827539,-0.920902999645738,-0.920902999645738,-0.920902999645738,-3.6382810079068713,-3.6382810079068713,-3.6382810079068713,0.0,0.0,0.0,35.852674707714996
392,2018-04-05 16:00:00,56.41265242372515,27.608951422537157,48.202306010582234,56.41265242372515,56.41265242372515,0.0,0.0,0.0,0.0,0.0,0.0,0.0,0.0,0.0,0.0,0.0,0.0,0.0,0.0,0.0,0.0,0.0,0.0,0.0,0.0,0.0,0.0,0.0,0.0,0.0,0.0,0.0,0.0,0.0,0.0,-18.54849196354865,-18.54849196354865,-18.54849196354865,0.08918169817854535,0.08918169817854535,0.08918169817854535,-0.011501711856922047,-0.011501711856922047,-0.011501711856922047,-15.504461668665774,-15.504461668665774,-15.504461668665774,-2.305630214433355,-2.305630214433355,-2.305630214433355,0.0,0.0,0.0,0.13098139549828297,0.13098139549828297,0.13098139549828297,0.4992719588547635,0.4992719588547635,0.4992719588547635,-11.00489032332538,-11.00489032332538,-11.00489032332538,0.1710321689849929,0.1710321689849929,0.1710321689849929,-1.5571881899846325,-1.5571881899846325,-1.5571881899846325,-0.4020022247678038,-0.4020022247678038,-0.4020022247678038,0.07998046167907966,0.07998046167907966,0.07998046167907966,-0.23563128443597087,-0.23563128443597087,-0.23563128443597087,0.502060683294155,0.502060683294155,0.502060683294155,-0.8688837048788296,-0.8688837048788296,-0.8688837048788296,-3.6352726763555756,-3.6352726763555756,-3.6352726763555756,0.0,0.0,0.0,37.8641604601765
393,2018-04-05 17:00:00,56.41265105725988,32.23761197178892,51.344369134195865,56.41265105725988,56.41265105725988,0.0,0.0,0.0,0.0,0.0,0.0,0.0,0.0,0.0,0.0,0.0,0.0,0.0,0.0,0.0,0.0,0.0,0.0,0.0,0.0,0.0,0.0,0.0,0.0,0.0,0.0,0.0,0.0,0.0,0.0,-14.600955778776097,-14.600955778776097,-14.600955778776097,0.9329808311195038,0.9329808311195038,0.9329808311195038,-0.011501711856922047,-0.011501711856922047,-0.011501711856922047,-12.400761127473237,-12.400761127473237,-12.400761127473237,-2.2412362601022986,-2.2412362601022986,-2.2412362601022986,0.0,0.0,0.0,0.16371354450633255,0.16371354450633255,0.16371354450633255,0.584672823882239,0.584672823882239,0.584672823882239,-10.767192548436558,-10.767192548436558,-10.767192548436558,0.4938102630696195,0.4938102630696195,0.4938102630696195,0.20030439520939702,0.20030439520939702,0.20030439520939702,0.18327164681266828,0.18327164681266828,0.18327164681266828,0.0364312394827443,0.0364312394827443,0.0364312394827443,-0.2570187614763568,-0.2570187614763568,-0.2570187614763568,0.4990518011648875,0.4990518011648875,0.4990518011648875,-0.786015758564103,-0.786015758564103,-0.786015758564103,-3.6322272835872487,-3.6322272835872487,-3.6322272835872487,0.0,0.0,0.0,41.81169527848378
394,2018-04-05 18:00:00,56.4126496907946,41.446337402289096,60.20341750293606,56.4126496907946,56.4126496907946,0.0,0.0,0.0,0.0,0.0,0.0,0.0,0.0,0.0,0.0,0.0,0.0,0.0,0.0,0.0,0.0,0.0,0.0,0.0,0.0,0.0,0.0,0.0,0.0,0.0,0.0,0.0,0.0,0.0,0.0,-5.230085278717917,-5.230085278717917,-5.230085278717917,1.6795244320021494,1.6795244320021494,1.6795244320021494,-0.011501711856922047,-0.011501711856922047,-0.011501711856922047,-3.7769550840745096,-3.7769550840745096,-3.7769550840745096,-1.780679499778004,-1.780679499778004,-1.780679499778004,0.0,0.0,0.0,0.19644569351438218,0.19644569351438218,0.19644569351438218,1.2149429065336415,1.2149429065336415,1.2149429065336415,-6.671212050714639,-6.671212050714639,-6.671212050714639,1.7264401972743268,1.7264401972743268,1.7264401972743268,1.5554794006602133,1.5554794006602133,1.5554794006602133,1.099990936707531,1.099990936707531,1.099990936707531,-0.02930137875102344,-0.02930137875102344,-0.02930137875102344,-0.47542597734572906,-0.47542597734572906,-0.47542597734572906,0.4964901372446286,0.4964901372446286,0.4964901372446286,-0.6021336003182866,-0.6021336003182866,-0.6021336003182866,-3.6291447638901864,-3.6291447638901864,-3.6291447638901864,0.0,0.0,0.0,51.18256441207669
395,2018-04-05 19:00:00,56.41264832432933,43.43521350112987,63.15128309431102,56.41264832432933,56.41264832432933,0.0,0.0,0.0,0.0,0.0,0.0,0.0,0.0,0.0,0.0,0.0,0.0,0.0,0.0,0.0,0.0,0.0,0.0,0.0,0.0,0.0,0.0,0.0,0.0,0.0,0.0,0.0,0.0,0.0,0.0,-3.5065067092130078,-3.5065067092130078,-3.5065067092130078,1.861863583763647,1.861863583763647,1.861863583763647,-0.011501711856922047,-0.011501711856922047,-0.011501711856922047,-2.2367120474457276,-2.2367120474457276,-2.2367120474457276,-1.5609001339089636,-1.5609001339089636,-1.5609001339089636,0.0,0.0,0.0,0.22917784252243176,0.22917784252243176,0.22917784252243176,1.38603710530444,1.38603710530444,1.38603710530444,-5.909890192012755,-5.909890192012755,-5.909890192012755,2.3213865797508695,2.3213865797508695,2.3213865797508695,1.3376834176413324,1.3376834176413324,1.3376834176413324,1.1870478029103606,1.1870478029103606,1.1870478029103606,-0.054046493741181444,-0.054046493741181444,-0.054046493741181444,-0.7113964193939614,-0.7113964193939614,-0.7113964193939614,0.4943668071878271,0.4943668071878271,0.4943668071878271,-0.450309844661379,-0.450309844661379,-0.450309844661379,-3.6260250527187545,-3.6260250527187545,-3.6260250527187545,0.0,0.0,0.0,52.906141615116326
396,2018-04-05 20:00:00,56.41264695786406,39.72996962043727,58.13432538792926,56.41264695786406,56.41264695786406,0.0,0.0,0.0,0.0,0.0,0.0,0.0,0.0,0.0,0.0,0.0,0.0,0.0,0.0,0.0,0.0,0.0,0.0,0.0,0.0,0.0,0.0,0.0,0.0,0.0,0.0,0.0,0.0,0.0,0.0,-7.340330163408874,-7.340330163408874,-7.340330163408874,1.3633192431750134,1.3633192431750134,1.3633192431750134,-0.011501711856922047,-0.011501711856922047,-0.011501711856922047,-5.573423190048773,-5.573423190048773,-5.573423190048773,-1.9761944770585305,-1.9761944770585305,-1.9761944770585305,0.0,0.0,0.0,0.26190999153048133,0.26190999153048133,0.26190999153048133,1.1625910063969358,1.1625910063969358,1.1625910063969358,-6.709105898885321,-6.709105898885321,-6.709105898885321,1.6117246377041812,1.6117246377041812,1.6117246377041812,0.20937922783518303,0.20937922783518303,0.20937922783518303,0.7129549893720567,0.7129549893720567,0.7129549893720567,-0.05966047357375033,-0.05966047357375033,-0.05966047357375033,-0.34880078215298016,-0.34880078215298016,-0.34880078215298016,0.4926418701688686,0.4926418701688686,0.4926418701688686,-0.42671969936010656,-0.42671969936010656,-0.42671969936010656,-3.6228680867039817,-3.6228680867039817,-3.6228680867039817,0.0,0.0,0.0,49.07231679445519
397,2018-04-05 21:00:00,56.412645591398785,35.571647276465676,53.80882379151355,56.412645591398785,56.412645591398785,0.0,0.0,0.0,0.0,0.0,0.0,0.0,0.0,0.0,0.0,0.0,0.0,0.0,0.0,0.0,0.0,0.0,0.0,0.0,0.0,0.0,0.0,0.0,0.0,0.0,0.0,0.0,0.0,0.0,0.0,-11.782960542131793,-11.782960542131793,-11.782960542131793,0.4614980626587883,0.4614980626587883,0.4614980626587883,-0.011501711856922047,-0.011501711856922047,-0.011501711856922047,-9.116028307908278,-9.116028307908278,-9.116028307908278,-2.1227140543045566,-2.1227140543045566,-2.1227140543045566,0.0,0.0,0.0,0.29464214053853094,0.29464214053853094,0.29464214053853094,1.1856960349488899,1.1856960349488899,1.1856960349488899,-7.84936623929403,-7.84936623929403,-7.84936623929403,0.47244167844380813,0.47244167844380813,0.47244167844380813,-1.0353853140018954,-1.0353853140018954,-1.0353853140018954,0.31018587344570986,0.31018587344570986,0.31018587344570986,-0.06047804345227978,-0.06047804345227978,-0.06047804345227978,-0.0026352597244809874,-0.0026352597244809874,-0.0026352597244809874,0.49124350677715434,0.49124350677715434,0.49124350677715434,-0.2969134126510533,-0.2969134126510533,-0.2969134126510533,-3.619673803659455,-3.619673803659455,-3.619673803659455,0.0,0.0,0.0,44.629685049266996
398,2018-04-05 22:00:00,56.412644224933516,25.055045533747222,45.33380040573243,56.412644224933516,56.412644224933516,0.0,0.0,0.0,0.0,0.0,0.0,0.0,0.0,0.0,0.0,0.0,0.0,0.0,0.0,0.0,0.0,0.0,0.0,0.0,0.0,0.0,0.0,0.0,0.0,0.0,0.0,0.0,0.0,0.0,0.0,-21.531640898330185,-21.531640898330185,-21.531640898330185,-0.43112134300039046,-0.43112134300039046,-0.43112134300039046,-0.011501711856922047,-0.011501711856922047,-0.011501711856922047,-17.97414514664021,-17.97414514664021,-17.97414514664021,-2.5912034032058657,-2.5912034032058657,-2.5912034032058657,0.0,0.0,0.0,0.3273742895465805,0.3273742895465805,0.3273742895465805,0.3053652002478586,0.3053652002478586,0.3053652002478586,-13.168284564342505,-13.168284564342505,-13.168284564342505,-0.14049930161236504,-0.14049930161236504,-0.14049930161236504,-2.0094173491696714,-2.0094173491696714,-2.0094173491696714,-0.3642426201497089,-0.3642426201497089,-0.3642426201497089,-0.06129561333080923,-0.06129561333080923,-0.06129561333080923,0.3657675732691878,0.3657675732691878,0.3657675732691878,0.490067733900379,0.490067733900379,0.490067733900379,-0.6262076460359954,-0.6262076460359954,-0.6262076460359954,-3.6164421425899613,-3.6164421425899613,-3.6164421425899613,0.0,0.0,0.0,34.881003326603334
399,2018-04-05 23:00:00,56.41264285846824,24.83668292958223,44.65782023268443,56.41264285846824,56.41264285846824,0.0,0.0,0.0,0.0,0.0,0.0,0.0,0.0,0.0,0.0,0.0,0.0,0.0,0.0,0.0,0.0,0.0,0.0,0.0,0.0,0.0,0.0,0.0,0.0,0.0,0.0,0.0,0.0,0.0,0.0,-21.792991976692527,-21.792991976692527,-21.792991976692527,-1.078654873495493,-1.078654873495493,-1.078654873495493,-0.011501711856922047,-0.011501711856922047,-0.011501711856922047,-17.590142728713268,-17.590142728713268,-17.590142728713268,-2.7699199576174207,-2.7699199576174207,-2.7699199576174207,0.0,0.0,0.0,0.36010643855463015,0.36010643855463015,0.36010643855463015,0.16322540434596458,0.16322540434596458,0.16322540434596458,-13.55755773191406,-13.55755773191406,-13.55755773191406,-0.7871801521303456,-0.7871801521303456,-0.7871801521303456,-0.419809167552696,-0.419809167552696,-0.419809167552696,-0.47752143400399355,-0.47752143400399355,-0.47752143400399355,-0.06358480899069169,-0.06358480899069169,-0.06358480899069169,0.5976304866142995,0.5976304866142995,0.5976304866142995,0.4889786692155741,0.4889786692155741,0.4889786692155741,-0.6240300941620318,-0.6240300941620318,-0.6240300941620318,-3.6131730436993417,-3.6131730436993417,-3.6131730436993417,0.0,0.0,0.0,34.61965088177571
400,2018-04-06 00:00:00,56.41264149200297,21.630481832695654,40.363752574586584,56.41264149200297,56.41264149200297,0.0,0.0,0.0,0.0,0.0,0.0,0.0,0.0,0.0,0.0,0.0,0.0,0.0,0.0,0.0,0.0,0.0,0.0,0.0,0.0,0.0,0.0,0.0,0.0,0.0,0.0,0.0,0.0,0.0,0.0,-25.54405015314304,-25.54405015314304,-25.54405015314304,-1.5107764639979033,-1.5107764639979033,-1.5107764639979033,0.01151078586039519,0.01151078586039519,0.01151078586039519,-20.91121659096674,-20.91121659096674,-20.91121659096674,-2.898241243422062,-2.898241243422062,-2.898241243422062,0.0,0.0,0.0,5.279946608458717e-05,5.279946608458717e-05,5.279946608458717e-05,0.08601366336221965,0.08601366336221965,0.08601366336221965,-14.546242679640038,-14.546242679640038,-14.546242679640038,-0.8422886072179652,-0.8422886072179652,-0.8422886072179652,-1.594999992592077,-1.594999992592077,-1.594999992592077,-1.2096382124326128,-1.2096382124326128,-1.2096382124326128,-0.06816320031045661,-0.06816320031045661,-0.06816320031045661,0.7490424929465687,0.7490424929465687,0.7490424929465687,0.487809350214049,0.487809350214049,0.487809350214049,-0.5982623969867957,-0.5982623969867957,-0.5982623969867957,-3.6098664483924474,-3.6098664483924474,-3.6098664483924474,0.0,0.0,0.0,30.86859133885993
401,2018-04-06 01:00:00,56.4126401255377,19.556046108482843,38.82653304738227,56.4126401255377,56.4126401255377,0.0,0.0,0.0,0.0,0.0,0.0,0.0,0.0,0.0,0.0,0.0,0.0,0.0,0.0,0.0,0.0,0.0,0.0,0.0,0.0,0.0,0.0,0.0,0.0,0.0,0.0,0.0,0.0,0.0,0.0,-27.186033118368112,-27.186033118368112,-27.186033118368112,-1.8484699126336206,-1.8484699126336206,-1.8484699126336206,0.01151078586039519,0.01151078586039519,0.01151078586039519,-22.21740401129403,-22.21740401129403,-22.21740401129403,-2.9948321749186473,-2.9948321749186473,-2.9948321749186473,0.0,0.0,0.0,-0.360000839622461,-0.360000839622461,-0.360000839622461,0.08162663262450688,0.08162663262450688,0.08162663262450688,-14.715042548763988,-14.715042548763988,-14.715042548763988,-0.9603781538342918,-0.9603781538342918,-0.9603781538342918,-2.166714448016641,-2.166714448016641,-2.166714448016641,-1.2568377182052317,-1.2568377182052317,-1.2568377182052317,-0.07137897516600578,-0.07137897516600578,-0.07137897516600578,0.7970580870968392,0.7970580870968392,0.7970580870968392,0.48636310485309814,0.48636310485309814,0.48636310485309814,-0.582414658348505,-0.582414658348505,-0.582414658348505,-3.6065222992935606,-3.6065222992935606,-3.6065222992935606,0.0,0.0,0.0,29.226607007169587
402,2018-04-06 02:00:00,56.41263875907243,18.035977571765944,38.0640841474131,56.41263875907243,56.41263875907243,0.0,0.0,0.0,0.0,0.0,0.0,0.0,0.0,0.0,0.0,0.0,0.0,0.0,0.0,0.0,0.0,0.0,0.0,0.0,0.0,0.0,0.0,0.0,0.0,0.0,0.0,0.0,0.0,0.0,0.0,-28.318083788660864,-28.318083788660864,-28.318083788660864,-2.0805145478527125,-2.0805145478527125,-2.0805145478527125,0.01151078586039519,0.01151078586039519,0.01151078586039519,-23.118844163673742,-23.118844163673742,-23.118844163673742,-2.9425704148818475,-2.9425704148818475,-2.9425704148818475,0.0,0.0,0.0,-0.3272686906144114,-0.3272686906144114,-0.3272686906144114,0.0772396018867941,0.0772396018867941,0.0772396018867941,-15.04230760114715,-15.04230760114715,-15.04230760114715,-1.0570991158248069,-1.0570991158248069,-1.0570991158248069,-2.559957195134065,-2.559957195134065,-2.559957195134065,-1.4928352470683255,-1.4928352470683255,-1.4928352470683255,-0.07137897516600578,-0.07137897516600578,-0.07137897516600578,0.8214199814739676,0.8214199814739676,0.8214199814739676,0.48441546310971484,0.48441546310971484,0.48441546310971484,-0.5355972930582873,-0.5355972930582873,-0.5355972930582873,-3.603140540244123,-3.603140540244123,-3.603140540244123,0.0,0.0,0.0,28.094554970411565
403,2018-04-06 03:00:00,56.41263739260715,18.304428621427007,37.108592751609955,56.41263739260715,56.41263739260715,0.0,0.0,0.0,0.0,0.0,0.0,0.0,0.0,0.0,0.0,0.0,0.0,0.0,0.0,0.0,0.0,0.0,0.0,0.0,0.0,0.0,0.0,0.0,0.0,0.0,0.0,0.0,0.0,0.0,0.0,-28.518253391342302,-28.518253391342302,-28.518253391342302,-2.0326227482245747,-2.0326227482245747,-2.0326227482245747,0.01151078586039519,0.01151078586039519,0.01151078586039519,-23.36762611777495,-23.36762611777495,-23.36762611777495,-2.935571072019776,-2.935571072019776,-2.935571072019776,0.0,0.0,0.0,-0.2945365416063618,-0.2945365416063618,-0.2945365416063618,0.12725175229671978,0.12725175229671978,0.12725175229671978,-14.92518116134686,-14.92518116134686,-14.92518116134686,-1.0481018170349918,-1.0481018170349918,-1.0481018170349918,-2.6416306887661465,-2.6416306887661465,-2.6416306887661465,-1.8043519851676089,-1.8043519851676089,-1.8043519851676089,-0.072523572995947,-0.072523572995947,-0.072523572995947,0.7565493557488233,0.7565493557488233,0.7565493557488233,0.48171659097249103,0.48171659097249103,0.48171659097249103,-0.5410411727431963,-0.5410411727431963,-0.5410411727431963,-3.599721116315261,-3.599721116315261,-3.599721116315261,0.0,0.0,0.0,27.89438400126485
404,2018-04-06 04:00:00,56.41263602614188,20.063272400551753,40.58297293152786,56.41263602614188,56.41263602614188,0.0,0.0,0.0,0.0,0.0,0.0,0.0,0.0,0.0,0.0,0.0,0.0,0.0,0.0,0.0,0.0,0.0,0.0,0.0,0.0,0.0,0.0,0.0,0.0,0.0,0.0,0.0,0.0,0.0,0.0,-26.419942762915475,-26.419942762915475,-26.419942762915475,-1.5563779631300771,-1.5563779631300771,-1.5563779631300771,0.01151078586039519,0.01151078586039519,0.01151078586039519,-21.745295046871178,-21.745295046871178,-21.745295046871178,-2.8665108891140054,-2.8665108891140054,-2.8665108891140054,0.0,0.0,0.0,-0.2618043925983121,-0.2618043925983121,-0.2618043925983121,0.263249705165816,0.263249705165816,0.263249705165816,-14.477344773875163,-14.477344773875163,-14.477344773875163,-0.7928034638739799,-0.7928034638739799,-0.7928034638739799,-1.849095306114105,-1.849095306114105,-1.849095306114105,-1.5840876248953881,-1.5840876248953881,-1.5840876248953881,-0.07394069411873139,-0.07394069411873139,-0.07394069411873139,0.4384283396381813,0.4384283396381813,0.4384283396381813,0.4779942208984998,0.4779942208984998,0.4779942208984998,-0.5528967329458871,-0.5528967329458871,-0.5528967329458871,-3.5962639738127256,-3.5962639738127256,-3.5962639738127256,0.0,0.0,0.0,29.992693263226407
405,2018-04-06 05:00:00,56.412634659676606,23.57214877966849,42.907526197991636,56.412634659676606,56.412634659676606,0.0,0.0,0.0,0.0,0.0,0.0,0.0,0.0,0.0,0.0,0.0,0.0,0.0,0.0,0.0,0.0,0.0,0.0,0.0,0.0,0.0,0.0,0.0,0.0,0.0,0.0,0.0,0.0,0.0,0.0,-23.638368704902152,-23.638368704902152,-23.638368704902152,-0.7321892724964212,-0.7321892724964212,-0.7321892724964212,0.01151078586039519,0.01151078586039519,0.01151078586039519,-19.786367417586668,-19.786367417586668,-19.786367417586668,-2.6681961746886502,-2.6681961746886502,-2.6681961746886502,0.0,0.0,0.0,-0.22907224359026257,-0.22907224359026257,-0.22907224359026257,0.5021966460132387,0.5021966460132387,0.5021966460132387,-14.783940454528864,-14.783940454528864,-14.783940454528864,-0.47902266857916853,-0.47902266857916853,-0.47902266857916853,-0.5529067127309018,-0.5529067127309018,-0.5529067127309018,-0.9778361951937519,-0.9778361951937519,-0.9778361951937519,-0.0712154611902999,-0.0712154611902999,-0.0712154611902999,0.03291610939563084,0.03291610939563084,0.03291610939563084,0.472957045466199,0.472957045466199,0.472957045466199,-0.5708010483540323,-0.5708010483540323,-0.5708010483540323,-3.5927690602852627,-3.5927690602852627,-3.5927690602852627,0.0,0.0,0.0,32.77426595477445
406,2018-04-06 06:00:00,56.412633293211336,27.491248085584512,46.419649153464576,56.412633293211336,56.412633293211336,0.0,0.0,0.0,0.0,0.0,0.0,0.0,0.0,0.0,0.0,0.0,0.0,0.0,0.0,0.0,0.0,0.0,0.0,0.0,0.0,0.0,0.0,0.0,0.0,0.0,0.0,0.0,0.0,0.0,0.0,-19.73791686311186,-19.73791686311186,-19.73791686311186,0.134909839988071,0.134909839988071,0.134909839988071,0.01151078586039519,0.01151078586039519,0.01151078586039519,-16.749888912769986,-16.749888912769986,-16.749888912769986,-2.364891317332226,-2.364891317332226,-2.364891317332226,0.0,0.0,0.0,-0.19634009458221297,-0.19634009458221297,-0.19634009458221297,0.9286160337189208,0.9286160337189208,0.9286160337189208,-14.194863360239168,-14.194863360239168,-14.194863360239168,0.11479905154864678,0.11479905154864678,0.11479905154864678,0.18517967416641895,0.18517967416641895,0.18517967416641895,-0.37892691083452357,-0.37892691083452357,-0.37892691083452357,-0.03464283529074917,-0.03464283529074917,-0.03464283529074917,-0.2827970450614578,-0.2827970450614578,-0.2827970450614578,0.46629853420262485,0.46629853420262485,0.46629853420262485,-0.5375328947240327,-0.5375328947240327,-0.5375328947240327,-3.5892363245325676,-3.5892363245325676,-3.5892363245325676,0.0,0.0,0.0,36.67471643009948
407,2018-04-06 07:00:00,56.412631926746066,30.23187418396592,49.83349870065066,56.412631926746066,56.412631926746066,0.0,0.0,0.0,0.0,0.0,0.0,0.0,0.0,0.0,0.0,0.0,0.0,0.0,0.0,0.0,0.0,0.0,0.0,0.0,0.0,0.0,0.0,0.0,0.0,0.0,0.0,0.0,0.0,0.0,0.0,-16.27727824482355,-16.27727824482355,-16.27727824482355,0.7348457550072154,0.7348457550072154,0.7348457550072154,0.01151078586039519,0.01151078586039519,0.01151078586039519,-13.884159410344045,-13.884159410344045,-13.884159410344045,-2.4120202259368395,-2.4120202259368395,-2.4120202259368395,0.0,0.0,0.0,-0.1636079455741634,-0.1636079455741634,-0.1636079455741634,0.8019770797569453,0.8019770797569453,0.8019770797569453,-13.471435349707962,-13.471435349707962,-13.471435349707962,0.954921826047658,0.954921826047658,0.954921826047658,1.1743364303771717,1.1743364303771717,1.1743364303771717,0.1465609201006321,0.1465609201006321,0.1465609201006321,0.045806040756548656,0.045806040756548656,0.045806040756548656,-0.44653163750308844,-0.44653163750308844,-0.44653163750308844,0.4577011271251972,0.4577011271251972,0.4577011271251972,-0.5256773345213418,-0.5256773345213418,-0.5256773345213418,-3.585665716611917,-3.585665716611917,-3.585665716611917,0.0,0.0,0.0,40.13535368192252
408,2018-04-06 08:00:00,56.34937373593274,30.45798027424462,49.402771530726746,56.34937373593274,56.34937373593274,0.0,0.0,0.0,0.0,0.0,0.0,0.0,0.0,0.0,0.0,0.0,0.0,0.0,0.0,0.0,0.0,0.0,0.0,0.0,0.0,0.0,0.0,0.0,0.0,0.0,0.0,0.0,0.0,0.0,0.0,-15.950572356911971,-15.950572356911971,-15.950572356911971,0.9853411314039751,0.9853411314039751,0.9853411314039751,0.010787065511724344,0.010787065511724344,0.010787065511724344,-13.970200212405466,-13.970200212405466,-13.970200212405466,-2.5588686622884684,-2.5588686622884684,-2.5588686622884684,0.0,0.0,0.0,-0.137005547609286,-0.137005547609286,-0.137005547609286,0.7419586742902481,0.7419586742902481,0.7419586742902481,-13.676639771228448,-13.676639771228448,-13.676639771228448,1.049226692152279,1.049226692152279,1.049226692152279,1.3144195597042607,1.3144195597042607,1.3144195597042607,0.13990338190933882,0.13990338190933882,0.13990338190933882,0.17050261546645284,0.17050261546645284,0.17050261546645284,-0.5319925753362101,-0.5319925753362101,-0.5319925753362101,0.4589623163281909,0.4589623163281909,0.4589623163281909,-0.4924916449773596,-0.4924916449773596,-0.4924916449773596,-3.4246755922386707,-3.4246755922386707,-3.4246755922386707,0.0,0.0,0.0,40.39880137902077
409,2018-04-06 09:00:00,56.34935535904378,30.59656302687956,49.61310585742525,56.34935535904378,56.34935535904378,0.0,0.0,0.0,0.0,0.0,0.0,0.0,0.0,0.0,0.0,0.0,0.0,0.0,0.0,0.0,0.0,0.0,0.0,0.0,0.0,0.0,0.0,0.0,0.0,0.0,0.0,0.0,0.0,0.0,0.0,-16.618815936408673,-16.618815936408673,-16.618815936408673,0.9932727173953193,0.9932727173953193,0.9932727173953193,0.010787065511724344,0.010787065511724344,0.010787065511724344,-14.633857441407681,-14.633857441407681,-14.633857441407681,-2.7312718939028535,-2.7312718939028535,-2.7312718939028535,0.0,0.0,0.0,-0.10274035448861243,-0.10274035448861243,-0.10274035448861243,0.6493839114412763,0.6493839114412763,0.6493839114412763,-13.557326908838931,-13.557326908838931,-13.557326908838931,1.0688316936244342,1.0688316936244342,1.0688316936244342,0.8364025523114145,0.8364025523114145,0.8364025523114145,0.006263190921739714,0.006263190921739714,0.006263190921739714,0.21746207477280302,0.21746207477280302,0.21746207477280302,-0.5576889941470703,-0.5576889941470703,-0.5576889941470703,0.4427271687764023,0.4427271687764023,0.4427271687764023,-0.47395977861360555,-0.47395977861360555,-0.47395977861360555,-3.4209583811727096,-3.4209583811727096,-3.4209583811727096,0.0,0.0,0.0,39.730539422635104
410,2018-04-06 10:00:00,56.349336982154824,30.61525760714921,49.84952343296665,56.349336982154824,56.349336982154824,0.0,0.0,0.0,0.0,0.0,0.0,0.0,0.0,0.0,0.0,0.0,0.0,0.0,0.0,0.0,0.0,0.0,0.0,0.0,0.0,0.0,0.0,0.0,0.0,0.0,0.0,0.0,0.0,0.0,0.0,-16.62219233184541,-16.62219233184541,-16.62219233184541,0.9499976029165813,0.9499976029165813,0.9499976029165813,0.010787065511724344,0.010787065511724344,0.010787065511724344,-14.578579714322444,-14.578579714322444,-14.578579714322444,-2.6853292744891304,-2.6853292744891304,-2.6853292744891304,0.0,0.0,0.0,-0.0684751613679389,-0.0684751613679389,-0.0684751613679389,0.6614186306116426,0.6614186306116426,0.6614186306116426,-13.168707871341644,-13.168707871341644,-13.168707871341644,0.756304905450669,0.756304905450669,0.756304905450669,0.7653050860219724,0.7653050860219724,0.7653050860219724,-0.06055690457205946,-0.06055690457205946,-0.06055690457205946,0.23371727222500113,0.23371727222500113,0.23371727222500113,-0.58263842403901,-0.58263842403901,-0.58263842403901,0.4235960377955316,0.4235960377955316,0.4235960377955316,-0.4404050383336721,-0.4404050383336721,-0.4404050383336721,-3.4172062582350775,-3.4172062582350775,-3.4172062582350775,0.0,0.0,0.0,39.72714465030941
411,2018-04-06 11:00:00,56.349318605265864,30.40993031499191,48.86394689536285,56.349318605265864,56.349318605265864,0.0,0.0,0.0,0.0,0.0,0.0,0.0,0.0,0.0,0.0,0.0,0.0,0.0,0.0,0.0,0.0,0.0,0.0,0.0,0.0,0.0,0.0,0.0,0.0,0.0,0.0,0.0,0.0,0.0,0.0,-16.978908739202932,-16.978908739202932,-16.978908739202932,0.8701202638308801,0.8701202638308801,0.8701202638308801,0.010787065511724344,0.010787065511724344,0.010787065511724344,-14.836891915539992,-14.836891915539992,-14.836891915539992,-2.6100212694707587,-2.6100212694707587,-2.6100212694707587,0.0,0.0,0.0,-0.034209968247265354,-0.034209968247265354,-0.034209968247265354,0.5827300821900165,0.5827300821900165,0.5827300821900165,-13.052803947877539,-13.052803947877539,-13.052803947877539,0.3249948730632584,0.3249948730632584,0.3249948730632584,0.6488262582711837,0.6488262582711837,0.6488262582711837,0.02747591964993038,0.02747591964993038,0.02747591964993038,0.24068378541880034,0.24068378541880034,0.24068378541880034,-0.5472311492821854,-0.5472311492821854,-0.5472311492821854,0.4012820939469802,0.4012820939469802,0.4012820939469802,-0.4281235647671606,-0.4281235647671606,-0.4281235647671606,-3.4134191814408017,-3.4134191814408017,-3.4134191814408017,0.0,0.0,0.0,39.37040986606293
412,2018-04-06 12:00:00,56.349300228376904,28.104274230644382,47.252057677607425,56.349300228376904,56.349300228376904,0.0,0.0,0.0,0.0,0.0,0.0,0.0,0.0,0.0,0.0,0.0,0.0,0.0,0.0,0.0,0.0,0.0,0.0,0.0,0.0,0.0,0.0,0.0,0.0,0.0,0.0,0.0,0.0,0.0,0.0,-18.52245465377468,-18.52245465377468,-18.52245465377468,0.6316053440088736,0.6316053440088736,0.6316053440088736,0.010787065511724344,0.010787065511724344,0.010787065511724344,-16.11997441657123,-16.11997441657123,-16.11997441657123,-2.715168295345466,-2.715168295345466,-2.715168295345466,0.0,0.0,0.0,5.522487340819463e-05,5.522487340819463e-05,5.522487340819463e-05,0.53860277856534,0.53860277856534,0.53860277856534,-13.502783886032292,-13.502783886032292,-13.502783886032292,0.12087221067670374,0.12087221067670374,0.12087221067670374,0.3462838485288763,0.3462838485288763,0.3462838485288763,-0.32253410436521107,-0.32253410436521107,-0.32253410436521107,0.23294321520346792,0.23294321520346792,0.23294321520346792,-0.4032116857143416,-0.4032116857143416,-0.4032116857143416,0.37551152877649246,0.37551152877649246,0.37551152877649246,-0.4258207884734397,-0.4258207884734397,-0.4258207884734397,-3.409597109988819,-3.409597109988819,-3.409597109988819,0.0,0.0,0.0,37.826845574602224
413,2018-04-06 13:00:00,56.349281851487945,25.764967628687693,45.168996581029425,56.349281851487945,56.349281851487945,0.0,0.0,0.0,0.0,0.0,0.0,0.0,0.0,0.0,0.0,0.0,0.0,0.0,0.0,0.0,0.0,0.0,0.0,0.0,0.0,0.0,0.0,0.0,0.0,0.0,0.0,0.0,0.0,0.0,0.0,-20.901099798556498,-20.901099798556498,-20.901099798556498,0.18760423719476302,0.18760423719476302,0.18760423719476302,0.010787065511724344,0.010787065511724344,0.010787065511724344,-18.0289924916178,-18.0289924916178,-18.0289924916178,-2.7298509881477897,-2.7298509881477897,-2.7298509881477897,0.0,0.0,0.0,0.03432041799408174,0.03432041799408174,0.03432041799408174,0.5666837899628615,0.5666837899628615,0.5666837899628615,-14.685685693151228,-14.685685693151228,-14.685685693151228,0.0528313232145183,0.0528313232145183,0.0528313232145183,-0.17408909622789204,-0.17408909622789204,-0.17408909622789204,-0.6237548523055139,-0.6237548523055139,-0.6237548523055139,0.2165590082476809,0.2165590082476809,0.2165590082476809,-0.29564528138981105,-0.29564528138981105,-0.29564528138981105,0.34602846013314636,0.34602846013314636,0.34602846013314636,-0.4011481853264298,-0.4011481853264298,-0.4011481853264298,-3.4057400042666073,-3.4057400042666073,-3.4057400042666073,0.0,0.0,0.0,35.44818205293144
414,2018-04-06 14:00:00,56.34926347459899,24.74146702298664,44.25207218349562,56.34926347459899,56.34926347459899,0.0,0.0,0.0,0.0,0.0,0.0,0.0,0.0,0.0,0.0,0.0,0.0,0.0,0.0,0.0,0.0,0.0,0.0,0.0,0.0,0.0,0.0,0.0,0.0,0.0,0.0,0.0,0.0,0.0,0.0,-21.904772485601278,-21.904772485601278,-21.904772485601278,-0.2656900502763096,-0.2656900502763096,-0.2656900502763096,0.010787065511724344,0.010787065511724344,0.010787065511724344,-18.54983438761411,-18.54983438761411,-18.54983438761411,-2.7781617838199524,-2.7781617838199524,-2.7781617838199524,0.0,0.0,0.0,0.06858561111475528,0.06858561111475528,0.06858561111475528,0.5207049910812055,0.5207049910812055,0.5207049910812055,-14.273204083176038,-14.273204083176038,-14.273204083176038,-0.5422381332344216,-0.5422381332344216,-0.5422381332344216,-0.5537798204544876,-0.5537798204544876,-0.5537798204544876,-0.602542123577324,-0.602542123577324,-0.602542123577324,0.19901371575959403,0.19901371575959403,0.19901371575959403,-0.21780903603831042,-0.21780903603831042,-0.21780903603831042,0.3125997781480106,0.3125997781480106,0.3125997781480106,-0.38119079078084855,-0.38119079078084855,-0.38119079078084855,-3.4018478258588765,-3.4018478258588765,-3.4018478258588765,0.0,0.0,0.0,34.444490988997714
415,2018-04-06 15:00:00,56.34924509771003,24.113789512519375,44.02809814279102,56.34924509771003,56.34924509771003,0.0,0.0,0.0,0.0,0.0,0.0,0.0,0.0,0.0,0.0,0.0,0.0,0.0,0.0,0.0,0.0,0.0,0.0,0.0,0.0,0.0,0.0,0.0,0.0,0.0,0.0,0.0,0.0,0.0,0.0,-22.135717853983724,-22.135717853983724,-22.135717853983724,-0.37438962435906575,-0.37438962435906575,-0.37438962435906575,0.010787065511724344,0.010787065511724344,0.010787065511724344,-18.638427556191726,-18.638427556191726,-18.638427556191726,-2.6995383320397663,-2.6995383320397663,-2.6995383320397663,0.0,0.0,0.0,0.10285080423542883,0.10285080423542883,0.10285080423542883,0.5339740404228914,0.5339740404228914,0.5339740404228914,-14.348200739535162,-14.348200739535162,-14.348200739535162,-0.7071507926766667,-0.7071507926766667,-0.7071507926766667,-0.8608603663429296,-0.8608603663429296,-0.8608603663429296,-0.32571601367443903,-0.32571601367443903,-0.32571601367443903,0.16076239794549288,0.16076239794549288,0.16076239794549288,-0.14848846436250182,-0.14848846436250182,-0.14848846436250182,0.2750198641206267,0.2750198641206267,0.2750198641206267,-0.35684715567579883,-0.35684715567579883,-0.35684715567579883,-3.3979205375535613,-3.3979205375535613,-3.3979205375535613,0.0,0.0,0.0,34.213527243726304
416,2018-04-06 16:00:00,56.34922672082108,26.830229982937766,44.87174862320686,56.34922672082108,56.34922672082108,0.0,0.0,0.0,0.0,0.0,0.0,0.0,0.0,0.0,0.0,0.0,0.0,0.0,0.0,0.0,0.0,0.0,0.0,0.0,0.0,0.0,0.0,0.0,0.0,0.0,0.0,0.0,0.0,0.0,0.0,-20.74156010297429,-20.74156010297429,-20.74156010297429,0.07524024459500649,0.07524024459500649,0.07524024459500649,0.010787065511724344,0.010787065511724344,0.010787065511724344,-17.655957359479387,-17.655957359479387,-17.655957359479387,-2.558395027036781,-2.558395027036781,-2.558395027036781,0.0,0.0,0.0,0.13711599735610236,0.13711599735610236,0.13711599735610236,0.6459895034701473,0.6459895034701473,0.6459895034701473,-14.170935915413596,-14.170935915413596,-14.170935915413596,-0.6679407897323572,-0.6679407897323572,-0.6679407897323572,-0.6778222084488336,-0.6778222084488336,-0.6778222084488336,-0.05525372239001217,-0.05525372239001217,-0.05525372239001217,0.09928936948539438,0.09928936948539438,0.09928936948539438,-0.06512450101099064,-0.06512450101099064,-0.06512450101099064,0.23311511525928222,0.23311511525928222,0.23311511525928222,-0.35366713127018423,-0.35366713127018423,-0.35366713127018423,-3.3939581033491892,-3.3939581033491892,-3.3939581033491892,0.0,0.0,0.0,35.60766661784679
417,2018-04-06 17:00:00,56.34920834393211,28.26688273547368,47.478740205165465,56.34920834393211,56.34920834393211,0.0,0.0,0.0,0.0,0.0,0.0,0.0,0.0,0.0,0.0,0.0,0.0,0.0,0.0,0.0,0.0,0.0,0.0,0.0,0.0,0.0,0.0,0.0,0.0,0.0,0.0,0.0,0.0,0.0,0.0,-18.17304241934435,-18.17304241934435,-18.17304241934435,0.9163237877008881,0.9163237877008881,0.9163237877008881,0.010787065511724344,0.010787065511724344,0.010787065511724344,-15.886153928173403,-15.886153928173403,-15.886153928173403,-2.479297940004906,-2.479297940004906,-2.479297940004906,0.0,0.0,0.0,0.1713811904767759,0.1713811904767759,0.1713811904767759,0.7293067900342219,0.7293067900342219,0.7293067900342219,-13.21643301629745,-13.21643301629745,-13.21643301629745,-0.6863925558237969,-0.6863925558237969,-0.6863925558237969,-0.10299162993844999,-0.10299162993844999,-0.10299162993844999,0.06353755848785361,0.06353755848785361,0.06353755848785361,0.04084806435963442,0.04084806435963442,0.04084806435963442,-0.05182809825420838,-0.05182809825420838,-0.05182809825420838,0.18674820959052685,0.18674820959052685,0.18674820959052685,-0.36507135672480207,-0.36507135672480207,-0.36507135672480207,-3.3899604884623606,-3.3899604884623606,-3.3899604884623606,0.0,0.0,0.0,38.176165924587764
418,2018-04-06 18:00:00,56.34918996704316,31.972842272219474,50.87027798573762,56.34918996704316,56.34918996704316,0.0,0.0,0.0,0.0,0.0,0.0,0.0,0.0,0.0,0.0,0.0,0.0,0.0,0.0,0.0,0.0,0.0,0.0,0.0,0.0,0.0,0.0,0.0,0.0,0.0,0.0,0.0,0.0,0.0,0.0,-15.22114112841818,-15.22114112841818,-15.22114112841818,1.662278911981758,1.662278911981758,1.662278911981758,0.010787065511724344,0.010787065511724344,0.010787065511724344,-13.633314429072335,-13.633314429072335,-13.633314429072335,-2.2888965688263823,-2.2888965688263823,-2.2888965688263823,0.0,0.0,0.0,0.20564638359744947,0.20564638359744947,0.20564638359744947,0.8826723138206851,0.8826723138206851,0.8826723138206851,-13.294838611581989,-13.294838611581989,-13.294838611581989,-0.29775223252284183,-0.29775223252284183,-0.29775223252284183,1.1359195379562994,1.1359195379562994,1.1359195379562994,0.5546122285454608,0.5546122285454608,0.5546122285454608,-0.028559048571179833,-0.028559048571179833,-0.028559048571179833,-0.13324989041652666,-0.13324989041652666,-0.13324989041652666,0.1358220480035417,0.1358220480035417,0.1358220480035417,-0.37965560658503456,-0.37965560658503456,-0.37965560658503456,-3.385927659331143,-3.385927659331143,-3.385927659331143,0.0,0.0,0.0,41.12804883862498
419,2018-04-06 19:00:00,56.3491715901542,33.558095651390126,52.831828616708485,56.3491715901542,56.3491715901542,0.0,0.0,0.0,0.0,0.0,0.0,0.0,0.0,0.0,0.0,0.0,0.0,0.0,0.0,0.0,0.0,0.0,0.0,0.0,0.0,0.0,0.0,0.0,0.0,0.0,0.0,0.0,0.0,0.0,0.0,-13.795105720499306,-13.795105720499306,-13.795105720499306,1.8445482491353569,1.8445482491353569,1.8445482491353569,0.010787065511724344,0.010787065511724344,0.010787065511724344,-12.338077699580012,-12.338077699580012,-12.338077699580012,-2.126439677497443,-2.126439677497443,-2.126439677497443,0.0,0.0,0.0,0.239911576718123,0.239911576718123,0.239911576718123,1.0187572152086737,1.0187572152086737,1.0187572152086737,-12.34033571246584,-12.34033571246584,-12.34033571246584,0.4322457634697534,0.4322457634697534,0.4322457634697534,0.9468305318673573,0.9468305318673573,0.9468305318673573,0.27460420933334795,0.27460420933334795,0.27460420933334795,-0.061133948227370546,-0.061133948227370546,-0.061133948227370546,-0.34509594782233827,-0.34509594782233827,-0.34509594782233827,0.08028331357178711,0.08028331357178711,0.08028331357178711,-0.388208775675998,-0.388208775675998,-0.388208775675998,-3.3818595836264356,-3.3818595836264356,-3.3818595836264356,0.0,0.0,0.0,42.55406586965489
420,2018-04-06 20:00:00,56.34915321326525,30.993041019884664,50.21381562552519,56.34915321326525,56.34915321326525,0.0,0.0,0.0,0.0,0.0,0.0,0.0,0.0,0.0,0.0,0.0,0.0,0.0,0.0,0.0,0.0,0.0,0.0,0.0,0.0,0.0,0.0,0.0,0.0,0.0,0.0,0.0,0.0,0.0,0.0,-15.5766030578449,-15.5766030578449,-15.5766030578449,1.3448975516561756,1.3448975516561756,1.3448975516561756,0.010787065511724344,0.010787065511724344,0.010787065511724344,-13.563869971519889,-13.563869971519889,-13.563869971519889,-2.1889595307202416,-2.1889595307202416,-2.1889595307202416,0.0,0.0,0.0,0.2741767698387966,0.2741767698387966,0.2741767698387966,0.96506385275627,0.96506385275627,0.96506385275627,-12.998260925070904,-12.998260925070904,-12.998260925070904,0.3134625192561082,0.3134625192561082,0.3134625192561082,0.915063578844415,0.915063578844415,0.915063578844415,-0.22813746152476394,-0.22813746152476394,-0.22813746152476394,-0.06687487113707544,-0.06687487113707544,-0.06687487113707544,-0.1737366898220097,-0.1737366898220097,-0.1737366898220097,0.020125592273954305,0.020125592273954305,0.020125592273954305,-0.3864542794522106,-0.3864542794522106,-0.3864542794522106,-3.3777562302551436,-3.3777562302551436,-3.3777562302551436,0.0,0.0,0.0,40.77255015542035
421,2018-04-06 21:00:00,56.34913483637628,27.646310677175215,46.36940533060395,56.34913483637628,56.34913483637628,0.0,0.0,0.0,0.0,0.0,0.0,0.0,0.0,0.0,0.0,0.0,0.0,0.0,0.0,0.0,0.0,0.0,0.0,0.0,0.0,0.0,0.0,0.0,0.0,0.0,0.0,0.0,0.0,0.0,0.0,-18.887881875911077,-18.887881875911077,-18.887881875911077,0.44165032264376836,0.44165032264376836,0.44165032264376836,0.010787065511724344,0.010787065511724344,0.010787065511724344,-15.91130663342914,-15.91130663342914,-15.91130663342914,-2.2429539494126587,-2.2429539494126587,-2.2429539494126587,0.0,0.0,0.0,0.3084419629594701,0.3084419629594701,0.3084419629594701,0.6592585528118332,0.6592585528118332,0.6592585528118332,-13.577780542391418,-13.577780542391418,-13.577780542391418,-0.46266489196508687,-0.46266489196508687,-0.46266489196508687,0.3160296075546462,0.3160296075546462,0.3160296075546462,-0.6481494903429333,-0.6481494903429333,-0.6481494903429333,-0.0682294709247586,-0.0682294709247586,-0.0682294709247586,0.15463963893537672,0.15463963893537672,0.15463963893537672,-0.04460799575408878,-0.04460799575408878,-0.04460799575408878,-0.3606851161653337,-0.3606851161653337,-0.3606851161653337,-3.3736175693716186,-3.3736175693716186,-3.3736175693716186,0.0,0.0,0.0,37.4612529604652
422,2018-04-06 22:00:00,56.34911645948733,26.01028254823267,44.95801208546548,56.34911645948733,56.34911645948733,0.0,0.0,0.0,0.0,0.0,0.0,0.0,0.0,0.0,0.0,0.0,0.0,0.0,0.0,0.0,0.0,0.0,0.0,0.0,0.0,0.0,0.0,0.0,0.0,0.0,0.0,0.0,0.0,0.0,0.0,-20.73950579581058,-20.73950579581058,-20.73950579581058,-0.44979638169790154,-0.44979638169790154,-0.44979638169790154,0.010787065511724344,0.010787065511724344,0.010787065511724344,-16.80644314186404,-16.80644314186404,-16.80644314186404,-1.0792321360155606,-1.0792321360155606,-1.0792321360155606,0.0,0.0,0.0,0.3427071560801436,0.3427071560801436,0.3427071560801436,0.1355939776294829,0.1355939776294829,0.1355939776294829,-14.372063312013067,-14.372063312013067,-14.372063312013067,-1.4625199670449927,-1.4625199670449927,-1.4625199670449927,-0.44183912884983345,-0.44183912884983345,-0.44183912884983345,-0.9408851467919601,-0.9408851467919601,-0.9408851467919601,-0.06326260503658696,-0.06326260503658696,-0.06326260503658696,0.8354453396393849,0.8354453396393849,0.8354453396393849,-0.11382269987314397,-0.11382269987314397,-0.11382269987314397,0.22882561502722149,0.22882561502722149,0.22882561502722149,-3.3694435723754945,-3.3694435723754945,-3.3694435723754945,0.0,0.0,0.0,35.60961066367675
423,2018-04-06 23:00:00,56.349098082598374,21.98546037003648,41.91068268334137,56.349098082598374,56.349098082598374,0.0,0.0,0.0,0.0,0.0,0.0,0.0,0.0,0.0,0.0,0.0,0.0,0.0,0.0,0.0,0.0,0.0,0.0,0.0,0.0,0.0,0.0,0.0,0.0,0.0,0.0,0.0,0.0,0.0,0.0,-24.419321892791512,-24.419321892791512,-24.419321892791512,-1.0908970465554924,-1.0908970465554924,-1.0908970465554924,0.010787065511724344,0.010787065511724344,0.010787065511724344,-19.775820017614,-19.775820017614,-19.775820017614,-1.3473096884708955,-1.3473096884708955,-1.3473096884708955,0.0,0.0,0.0,0.3769723492008171,0.3769723492008171,0.3769723492008171,0.04795653546578959,0.04795653546578959,0.04795653546578959,-15.384518172861268,-15.384518172861268,-15.384518172861268,-2.133702958621123,-2.133702958621123,-2.133702958621123,-0.9017035916581416,-0.9017035916581416,-0.9017035916581416,-1.638783921949423,-1.638783921949423,-1.638783921949423,-0.0640366620581202,-0.0640366620581202,-0.0640366620581202,1.039672110072209,1.039672110072209,1.039672110072209,-0.1873706166928319,-0.1873706166928319,-0.1873706166928319,0.21884691775443085,0.21884691775443085,0.21884691775443085,-3.3652342119291907,-3.3652342119291907,-3.3652342119291907,0.0,0.0,0.0,31.929776189806862
424,2018-04-07 00:00:00,56.349079705709414,20.434187470209007,39.441803987345,56.349079705709414,56.349079705709414,0.0,0.0,0.0,0.0,0.0,0.0,0.0,0.0,0.0,0.0,0.0,0.0,0.0,0.0,0.0,0.0,0.0,0.0,0.0,0.0,0.0,0.0,0.0,0.0,0.0,0.0,0.0,0.0,0.0,0.0,-26.491268999804845,-26.491268999804845,-26.491268999804845,-1.5115111360011495,-1.5115111360011495,-1.5115111360011495,0.03234652550834964,0.03234652550834964,0.03234652550834964,-21.35371862733334,-21.35371862733334,-21.35371862733334,-1.3648341927833467,-1.3648341927833467,-1.3648341927833467,0.0,0.0,0.0,5.522487340819463e-05,5.522487340819463e-05,5.522487340819463e-05,-0.0007995063013355563,-0.0007995063013355563,-0.0007995063013355563,-15.07430473064852,-15.07430473064852,-15.07430473064852,-2.7979665379129632,-2.7979665379129632,-2.7979665379129632,-1.670161312403602,-1.670161312403602,-1.670161312403602,-1.7575752028272886,-1.7575752028272886,-1.7575752028272886,-0.06816496617296418,-0.06816496617296418,-0.06816496617296418,1.1551565969372952,1.1551565969372952,1.1551565969372952,-0.265049774517148,-0.265049774517148,-0.265049774517148,0.19252947439762036,0.19252947439762036,0.19252947439762036,-3.3609894619532086,-3.3609894619532086,-3.3609894619532086,0.0,0.0,0.0,29.85781070590457
425,2018-04-07 01:00:00,56.349061328820454,18.500834880829945,37.40670347050281,56.349061328820454,56.349061328820454,0.0,0.0,0.0,0.0,0.0,0.0,0.0,0.0,0.0,0.0,0.0,0.0,0.0,0.0,0.0,0.0,0.0,0.0,0.0,0.0,0.0,0.0,0.0,0.0,0.0,0.0,0.0,0.0,0.0,0.0,-27.665074019981756,-27.665074019981756,-27.665074019981756,-1.8359492861064846,-1.8359492861064846,-1.8359492861064846,0.03234652550834964,0.03234652550834964,0.03234652550834964,-22.12581158664498,-22.12581158664498,-22.12581158664498,-1.3188915733696234,-1.3188915733696234,-1.3188915733696234,0.0,0.0,0.0,-0.37686189945400084,-0.37686189945400084,-0.37686189945400084,0.04919086563710921,0.04919086563710921,0.04919086563710921,-14.24593257177272,-14.24593257177272,-14.24593257177272,-3.2304298056810885,-3.2304298056810885,-3.2304298056810885,-2.030186779996947,-2.030186779996947,-2.030186779996947,-2.3377433335432958,-2.3377433335432958,-2.3377433335432958,-0.07145470851448046,-0.07145470851448046,-0.07145470851448046,1.1856337448292456,1.1856337448292456,1.1856337448292456,-0.34660384958716295,-0.34660384958716295,-0.34660384958716295,0.21851794971247074,0.21851794971247074,0.21851794971247074,-3.3567092976431305,-3.3567092976431305,-3.3567092976431305,0.0,0.0,0.0,28.6839873088387
426,2018-04-07 02:00:00,56.349042951931494,16.884142341531554,36.49762862405574,56.349042951931494,56.349042951931494,0.0,0.0,0.0,0.0,0.0,0.0,0.0,0.0,0.0,0.0,0.0,0.0,0.0,0.0,0.0,0.0,0.0,0.0,0.0,0.0,0.0,0.0,0.0,0.0,0.0,0.0,0.0,0.0,0.0,0.0,-29.651501070570642,-29.651501070570642,-29.651501070570642,-2.057193858920344,-2.057193858920344,-2.057193858920344,0.03234652550834964,0.03234652550834964,0.03234652550834964,-23.81019098424152,-23.81019098424152,-23.81019098424152,-1.2956834460369175,-1.2956834460369175,-1.2956834460369175,0.0,0.0,0.0,-0.34259670633332723,-0.34259670633332723,-0.34259670633332723,0.03191024323863447,0.03191024323863447,0.03191024323863447,-15.254978493695504,-15.254978493695504,-15.254978493695504,-4.071138398222324,-4.071138398222324,-4.071138398222324,-1.87437743897966,-1.87437743897966,-1.87437743897966,-2.3907751553637713,-2.3907751553637713,-2.3907751553637713,-0.0735833653236969,-0.0735833653236969,-0.0735833653236969,1.1962409874779145,1.1962409874779145,1.1962409874779145,-0.4317225319383009,-0.4317225319383009,-0.4317225319383009,0.23244426348878297,0.23244426348878297,0.23244426348878297,-3.352393695470472,-3.352393695470472,-3.352393695470472,0.0,0.0,0.0,26.697541881360852
427,2018-04-07 03:00:00,56.34902457504254,17.299594822833797,37.33989959628078,56.34902457504254,56.34902457504254,0.0,0.0,0.0,0.0,0.0,0.0,0.0,0.0,0.0,0.0,0.0,0.0,0.0,0.0,0.0,0.0,0.0,0.0,0.0,0.0,0.0,0.0,0.0,0.0,0.0,0.0,0.0,0.0,0.0,0.0,-29.28491150896364,-29.28491150896364,-29.28491150896364,-2.003310311644693,-2.003310311644693,-2.003310311644693,0.03234652550834964,0.03234652550834964,0.03234652550834964,-23.413516013635043,-23.413516013635043,-23.413516013635043,-1.0958093698246363,-1.0958093698246363,-1.0958093698246363,0.0,0.0,0.0,-0.30833151321265373,-0.30833151321265373,-0.30833151321265373,-0.0020338364726551804,-0.0020338364726551804,-0.0020338364726551804,-14.934538234706512,-14.934538234706512,-14.934538234706512,-4.082670752029474,-4.082670752029474,-4.082670752029474,-1.7503350509853137,-1.7503350509853137,-1.7503350509853137,-2.5456280750795615,-2.5456280750795615,-2.5456280750795615,-0.07467994610420232,-0.07467994610420232,-0.07467994610420232,1.1107854551534264,1.1107854551534264,1.1107854551534264,-0.5200425504967097,-0.5200425504967097,-0.5200425504967097,0.23737878411818486,0.23737878411818486,0.23737878411818486,-3.348042633187194,-3.348042633187194,-3.348042633187194,0.0,0.0,0.0,27.064113066078903
428,2018-04-07 04:00:00,56.34900619815358,19.277289152113617,37.968518796860465,56.34900619815358,56.34900619815358,0.0,0.0,0.0,0.0,0.0,0.0,0.0,0.0,0.0,0.0,0.0,0.0,0.0,0.0,0.0,0.0,0.0,0.0,0.0,0.0,0.0,0.0,0.0,0.0,0.0,0.0,0.0,0.0,0.0,0.0,-28.415791886552586,-28.415791886552586,-28.415791886552586,-1.5255731356534394,-1.5255731356534394,-1.5255731356534394,0.03234652550834964,0.03234652550834964,0.03234652550834964,-22.93541330198116,-22.93541330198116,-22.93541330198116,-0.8130491245669775,-0.8130491245669775,-0.8130491245669775,0.0,0.0,0.0,-0.2740663200919802,-0.2740663200919802,-0.2740663200919802,0.09208383909046614,0.09208383909046614,0.09208383909046614,-14.740228715957867,-14.740228715957867,-14.740228715957867,-4.166856934821669,-4.166856934821669,-4.166856934821669,-1.5748604533347748,-1.5748604533347748,-1.5748604533347748,-2.4660803423488473,-2.4660803423488473,-2.4660803423488473,-0.07822770745289635,-0.07822770745289635,-0.07822770745289635,0.7892814244501071,0.7892814244501071,0.7892814244501071,-0.6111493590785955,-0.6111493590785955,-0.6111493590785955,0.26424450754492895,0.26424450754492895,0.26424450754492895,-3.343656089839387,-3.343656089839387,-3.343656089839387,0.0,0.0,0.0,27.933214311600995
429,2018-04-07 05:00:00,56.34898782126462,18.735361942355546,38.672500514584264,56.34898782126462,56.34898782126462,0.0,0.0,0.0,0.0,0.0,0.0,0.0,0.0,0.0,0.0,0.0,0.0,0.0,0.0,0.0,0.0,0.0,0.0,0.0,0.0,0.0,0.0,0.0,0.0,0.0,0.0,0.0,0.0,0.0,0.0,-27.42199409088558,-27.42199409088558,-27.42199409088558,-0.7029017788886137,-0.7029017788886137,-0.7029017788886137,0.03234652550834964,0.03234652550834964,0.03234652550834964,-22.675278789459767,-22.675278789459767,-22.675278789459767,-0.28731399519344114,-0.28731399519344114,-0.28731399519344114,0.0,0.0,0.0,-0.23980112697130657,-0.23980112697130657,-0.23980112697130657,0.2494609359337182,0.2494609359337182,0.2494609359337182,-14.832270066944066,-14.832270066944066,-14.832270066944066,-4.106888695024489,-4.106888695024489,-4.106888695024489,-1.6656231762574674,-1.6656231762574674,-1.6656231762574674,-2.3960783375458186,-2.3960783375458186,-2.3960783375458186,-0.07577652688470775,-0.07577652688470775,-0.07577652688470775,0.37156522098984673,0.37156522098984673,0.37156522098984673,-0.7045794767745237,-0.7045794767745237,-0.7045794767745237,0.2751004529296133,0.2751004529296133,0.2751004529296133,-3.3392340457626775,-3.3392340457626775,-3.3392340457626775,0.0,0.0,0.0,28.926993730379042
430,2018-04-07 06:00:00,56.34896944437566,21.310791786647112,40.76696301501832,56.34896944437566,56.34896944437566,0.0,0.0,0.0,0.0,0.0,0.0,0.0,0.0,0.0,0.0,0.0,0.0,0.0,0.0,0.0,0.0,0.0,0.0,0.0,0.0,0.0,0.0,0.0,0.0,0.0,0.0,0.0,0.0,0.0,0.0,-24.931505304267002,-24.931505304267002,-24.931505304267002,0.16040377599855357,0.16040377599855357,0.16040377599855357,0.03234652550834964,0.03234652550834964,0.03234652550834964,-20.957309129870666,-20.957309129870666,-20.957309129870666,-0.014973725472915598,-0.014973725472915598,-0.014973725472915598,0.0,0.0,0.0,-0.20553593385063307,-0.20553593385063307,-0.20553593385063307,0.5062016115681999,0.5062016115681999,0.5062016115681999,-13.615278870570982,-13.615278870570982,-13.615278870570982,-3.9592745662929696,-3.9592745662929696,-3.9592745662929696,-1.6172163906986978,-1.6172163906986978,-1.6172163906986978,-2.3685017901991716,-2.3685017901991716,-2.3685017901991716,-0.03894431361008419,-0.03894431361008419,-0.03894431361008419,-0.008801536524396147,-0.008801536524396147,-0.008801536524396147,-0.7998234677926288,-0.7998234677926288,-0.7998234677926288,0.33266986027263623,0.33266986027263623,0.33266986027263623,-3.334776482602264,-3.334776482602264,-3.334776482602264,0.0,0.0,0.0,31.41746414010866
431,2018-04-07 07:00:00,56.34895106748671,24.660034683177063,43.17165101118124,56.34895106748671,56.34895106748671,0.0,0.0,0.0,0.0,0.0,0.0,0.0,0.0,0.0,0.0,0.0,0.0,0.0,0.0,0.0,0.0,0.0,0.0,0.0,0.0,0.0,0.0,0.0,0.0,0.0,0.0,0.0,0.0,0.0,0.0,-22.074034780778785,-22.074034780778785,-22.074034780778785,0.7539284696254784,0.7539284696254784,0.7539284696254784,0.03234652550834964,0.03234652550834964,0.03234652550834964,-18.601350329116908,-18.601350329116908,-18.601350329116908,-0.025867336261736623,-0.025867336261736623,-0.025867336261736623,0.0,0.0,0.0,-0.17127074072995951,-0.17127074072995951,-0.17127074072995951,0.6135883364730073,0.6135883364730073,0.6135883364730073,-12.708501116410641,-12.708501116410641,-12.708501116410641,-3.6202233643627593,-3.6202233643627593,-3.6202233643627593,-1.1694536242800833,-1.1694536242800833,-1.1694536242800833,-1.7522720206452413,-1.7522720206452413,-1.7522720206452413,0.04026752159348449,0.04026752159348449,0.04026752159348449,-0.20257046209233528,-0.20257046209233528,-0.20257046209233528,-0.8963295379814064,-0.8963295379814064,-0.8963295379814064,0.3626059520910082,0.3626059520910082,0.3626059520910082,-3.330283383305948,-3.330283383305948,-3.330283383305948,0.0,0.0,0.0,34.27491628670792
432,2018-04-07 08:00:00,56.46666941791472,28.29522803247856,47.171502235578004,56.46666941791472,56.46666941791472,0.0,0.0,0.0,0.0,0.0,0.0,0.0,0.0,0.0,0.0,0.0,0.0,0.0,0.0,0.0,0.0,0.0,0.0,0.0,0.0,0.0,0.0,0.0,0.0,0.0,0.0,0.0,0.0,0.0,0.0,-18.671679175118093,-18.671679175118093,-18.671679175118093,0.9466281026125586,0.9466281026125586,0.9466281026125586,0.06650531963260513,0.06650531963260513,0.06650531963260513,-15.423525845598608,-15.423525845598608,-15.423525845598608,0.0455664357625163,0.0455664357625163,0.0455664357625163,0.0,0.0,0.0,-0.10182601442072692,-0.10182601442072692,-0.10182601442072692,0.7799395776709557,0.7799395776709557,0.7799395776709557,-11.915301905182409,-11.915301905182409,-11.915301905182409,-3.0253851678552826,-3.0253851678552826,-3.0253851678552826,-0.10107845909446363,-0.10107845909446363,-0.10107845909446363,-1.3057719460097443,-1.3057719460097443,-1.3057719460097443,0.07480486802396231,0.07480486802396231,0.07480486802396231,-0.31291910263437767,-0.31291910263437767,-0.31291910263437767,-1.0037085244016077,-1.0037085244016077,-1.0037085244016077,0.37194054850835767,0.37194054850835767,0.37194054850835767,-3.1910729077304367,-3.1910729077304367,-3.1910729077304367,0.0,0.0,0.0,37.79499024279663
433,2018-04-07 09:00:00,56.466669571042004,26.847659871845043,46.670463777644684,56.466669571042004,56.466669571042004,0.0,0.0,0.0,0.0,0.0,0.0,0.0,0.0,0.0,0.0,0.0,0.0,0.0,0.0,0.0,0.0,0.0,0.0,0.0,0.0,0.0,0.0,0.0,0.0,0.0,0.0,0.0,0.0,0.0,0.0,-19.206885945866954,-19.206885945866954,-19.206885945866954,0.9764328916509569,0.9764328916509569,0.9764328916509569,0.06650531963260513,0.06650531963260513,0.06650531963260513,-15.890780874737546,-15.890780874737546,-15.890780874737546,-0.0001340253828363313,-0.0001340253828363313,-0.0001340253828363313,0.0,0.0,0.0,-0.07635925849834617,-0.07635925849834617,-0.07635925849834617,0.7690316913037547,0.7690316913037547,0.7690316913037547,-12.421768499554062,-12.421768499554062,-12.421768499554062,-3.101679615770447,-3.101679615770447,-3.101679615770447,0.012507821810330869,0.012507821810330869,0.012507821810330869,-1.1611987134310446,-1.1611987134310446,-1.1611987134310446,0.0849217395747521,0.0849217395747521,0.0849217395747521,-0.38349796715435797,-0.38349796715435797,-0.38349796715435797,-1.106091978418981,-1.106091978418981,-1.106091978418981,0.3208906327321072,0.3208906327321072,0.3208906327321072,-3.1864459843613857,-3.1864459843613857,-3.1864459843613857,0.0,0.0,0.0,37.25978362517505
434,2018-04-07 10:00:00,56.46666972416928,26.814870786461427,46.27939396561406,56.46666972416928,56.46666972416928,0.0,0.0,0.0,0.0,0.0,0.0,0.0,0.0,0.0,0.0,0.0,0.0,0.0,0.0,0.0,0.0,0.0,0.0,0.0,0.0,0.0,0.0,0.0,0.0,0.0,0.0,0.0,0.0,0.0,0.0,-19.796451757138097,-19.796451757138097,-19.796451757138097,0.954458146543358,0.954458146543358,0.954458146543358,0.06650531963260513,0.06650531963260513,0.06650531963260513,-16.36107210773235,-16.36107210773235,-16.36107210773235,-0.021118931010804375,-0.021118931010804375,-0.021118931010804375,0.0,0.0,0.0,-0.05089250257596541,-0.05089250257596541,-0.05089250257596541,0.7602447828412872,0.7602447828412872,0.7602447828412872,-12.686741088662412,-12.686741088662412,-12.686741088662412,-3.1953137109390575,-3.1953137109390575,-3.1953137109390575,0.05548641458511694,0.05548641458511694,0.05548641458511694,-1.204783290899623,-1.204783290899623,-1.204783290899623,0.0974190514904336,0.0974190514904336,0.0974190514904336,-0.4520725637163672,-0.4520725637163672,-0.4520725637163672,-1.2080513219842062,-1.2080513219842062,-1.2080513219842062,0.2701944115224359,0.2701944115224359,0.2701944115224359,-3.1817864739648956,-3.1817864739648956,-3.1817864739648956,0.0,0.0,0.0,36.67021796703118
435,2018-04-07 11:00:00,56.46666987729655,27.617089121714518,46.50073005716244,56.46666987729655,56.46666987729655,0.0,0.0,0.0,0.0,0.0,0.0,0.0,0.0,0.0,0.0,0.0,0.0,0.0,0.0,0.0,0.0,0.0,0.0,0.0,0.0,0.0,0.0,0.0,0.0,0.0,0.0,0.0,0.0,0.0,0.0,-19.584323182068836,-19.584323182068836,-19.584323182068836,0.8835073027343254,0.8835073027343254,0.8835073027343254,0.06650531963260513,0.06650531963260513,0.06650531963260513,-15.9818577167975,-15.9818577167975,-15.9818577167975,-0.0001340253828363313,-0.0001340253828363313,-0.0001340253828363313,0.0,0.0,0.0,-0.025425746653584665,-0.025425746653584665,-0.025425746653584665,0.47391276570226265,0.47391276570226265,0.47391276570226265,-12.156795910445714,-12.156795910445714,-12.156795910445714,-3.135202933793777,-3.135202933793777,-3.135202933793777,0.18902704213534866,0.18902704213534866,0.18902704213534866,-1.2760068687141295,-1.2760068687141295,-1.2760068687141295,0.11684128083125464,0.11684128083125464,0.11684128083125464,-0.45608109963230925,-0.45608109963230925,-0.45608109963230925,-1.308878401941118,-1.308878401941118,-1.308878401941118,0.2215024595233794,0.2215024595233794,0.2215024595233794,-3.177094366064545,-3.177094366064545,-3.177094366064545,0.0,0.0,0.0,36.88234669522772
436,2018-04-07 12:00:00,56.46667003042383,27.103478864879587,45.74503476082034,56.46667003042383,56.46667003042383,0.0,0.0,0.0,0.0,0.0,0.0,0.0,0.0,0.0,0.0,0.0,0.0,0.0,0.0,0.0,0.0,0.0,0.0,0.0,0.0,0.0,0.0,0.0,0.0,0.0,0.0,0.0,0.0,0.0,0.0,-20.036124108802372,-20.036124108802372,-20.036124108802372,0.641420048000772,0.641420048000772,0.641420048000772,0.06650531963260513,0.06650531963260513,0.06650531963260513,-16.097327932514208,-16.097327932514208,-16.097327932514208,-0.12277914049740513,-0.12277914049740513,-0.12277914049740513,0.0,0.0,0.0,4.1009268796081835e-05,4.1009268796081835e-05,4.1009268796081835e-05,0.25181607939231027,0.25181607939231027,0.25181607939231027,-11.774430402112147,-11.774430402112147,-11.774430402112147,-3.135202933793777,-3.135202933793777,-3.135202933793777,0.06009126381098715,0.06009126381098715,0.06009126381098715,-1.4142018704437687,-1.4142018704437687,-1.4142018704437687,0.12441540926500103,0.12441540926500103,0.12441540926500103,-0.32379941440622045,-0.32379941440622045,-0.32379941440622045,-1.4078465728755072,-1.4078465728755072,-1.4078465728755072,0.17021674736940956,0.17021674736940956,0.17021674736940956,-3.1723696514134296,-3.1723696514134296,-3.1723696514134296,0.0,0.0,0.0,36.43054592162146
437,2018-04-07 13:00:00,56.46667018355111,23.826706928662908,43.17582090027953,56.46667018355111,56.46667018355111,0.0,0.0,0.0,0.0,0.0,0.0,0.0,0.0,0.0,0.0,0.0,0.0,0.0,0.0,0.0,0.0,0.0,0.0,0.0,0.0,0.0,0.0,0.0,0.0,0.0,0.0,0.0,0.0,0.0,0.0,-23.305496610647968,-23.305496610647968,-23.305496610647968,0.19418000732027876,0.19418000732027876,0.19418000732027876,0.06650531963260513,0.06650531963260513,0.06650531963260513,-18.82784688575971,-18.82784688575971,-18.82784688575971,-0.3610744021838867,-0.3610744021838867,-0.3610744021838867,0.0,0.0,0.0,0.025507765191176833,0.025507765191176833,0.025507765191176833,0.1066805913398311,0.1066805913398311,0.1066805913398311,-13.615822192244854,-13.615822192244854,-13.615822192244854,-3.0658443447799906,-3.0658443447799906,-3.0658443447799906,-0.4142082064536258,-0.4142082064536258,-0.4142082064536258,-1.5715315647205892,-1.5715315647205892,-1.5715315647205892,0.11841020743538784,0.11841020743538784,0.11841020743538784,-0.2317462503365505,-0.2317462503365505,-0.2317462503365505,-1.5042174101963985,-1.5042174101963985,-1.5042174101963985,0.11527619136078895,0.11527619136078895,0.11527619136078895,-3.167612322012143,-3.167612322012143,-3.167612322012143,0.0,0.0,0.0,33.16117357290314
438,2018-04-07 14:00:00,56.46667033667838,21.695802154268907,40.32612734265751,56.46667033667838,56.46667033667838,0.0,0.0,0.0,0.0,0.0,0.0,0.0,0.0,0.0,0.0,0.0,0.0,0.0,0.0,0.0,0.0,0.0,0.0,0.0,0.0,0.0,0.0,0.0,0.0,0.0,0.0,0.0,0.0,0.0,0.0,-25.073192598543166,-25.073192598543166,-25.073192598543166,-0.249149181257935,-0.249149181257935,-0.249149181257935,0.06650531963260513,0.06650531963260513,0.06650531963260513,-20.063973343185665,-20.063973343185665,-20.063973343185665,-0.46693159279608104,-0.46693159279608104,-0.46693159279608104,0.0,0.0,0.0,0.05097452111355758,0.05097452111355758,0.05097452111355758,0.13152633250956658,0.13152633250956658,0.13152633250956658,-13.51519969005181,-13.51519969005181,-13.51519969005181,-3.5733180210641904,-3.5733180210641904,-3.5733180210641904,-0.9084620233636761,-0.9084620233636761,-0.9084620233636761,-1.8128412985100362,-1.8128412985100362,-1.8128412985100362,0.09925848268148629,0.09925848268148629,0.09925848268148629,-0.19853266703303035,-0.19853266703303035,-0.19853266703303035,-1.5972477029942966,-1.5972477029942966,-1.5972477029942966,0.06304729369594148,0.06304729369594148,0.06304729369594148,-3.162822371105268,-3.162822371105268,-3.162822371105268,0.0,0.0,0.0,31.393477738135218
439,2018-04-07 15:00:00,56.466670489805665,22.313868420800866,41.638494903956975,56.466670489805665,56.466670489805665,0.0,0.0,0.0,0.0,0.0,0.0,0.0,0.0,0.0,0.0,0.0,0.0,0.0,0.0,0.0,0.0,0.0,0.0,0.0,0.0,0.0,0.0,0.0,0.0,0.0,0.0,0.0,0.0,0.0,0.0,-24.57003772968598,-24.57003772968598,-24.57003772968598,-0.33511040175910595,-0.33511040175910595,-0.33511040175910595,0.06650531963260513,0.06650531963260513,0.06650531963260513,-19.390730883965105,-19.390730883965105,-19.390730883965105,-0.3927849262439273,-0.3927849262439273,-0.3927849262439273,0.0,0.0,0.0,0.07644127703593834,0.07644127703593834,0.07644127703593834,0.14819115890390133,0.14819115890390133,0.14819115890390133,-12.31108374714171,-12.31108374714171,-12.31108374714171,-3.6785118810684323,-3.6785118810684323,-3.6785118810684323,-1.1755432784641384,-1.1755432784641384,-1.1755432784641384,-2.035016339752303,-2.035016339752303,-2.035016339752303,0.061117335925834945,0.061117335925834945,0.061117335925834945,-0.19352199713810275,-0.19352199713810275,-0.19352199713810275,-1.686196650769325,-1.686196650769325,-1.686196650769325,0.04347619434523114,0.04347619434523114,0.04347619434523114,-3.1579997931924404,-3.1579997931924404,-3.1579997931924404,0.0,0.0,0.0,31.896632760119687
440,2018-04-07 16:00:00,56.46667064293295,25.70116573999015,45.474079788552174,56.46667064293295,56.46667064293295,0.0,0.0,0.0,0.0,0.0,0.0,0.0,0.0,0.0,0.0,0.0,0.0,0.0,0.0,0.0,0.0,0.0,0.0,0.0,0.0,0.0,0.0,0.0,0.0,0.0,0.0,0.0,0.0,0.0,0.0,-21.190262434593095,-21.190262434593095,-21.190262434593095,0.1369021373943454,0.1369021373943454,0.1369021373943454,0.06650531963260513,0.06650531963260513,0.06650531963260513,-16.40368680324044,-16.40368680324044,-16.40368680324044,-0.14982635219567506,-0.14982635219567506,-0.14982635219567506,0.0,0.0,0.0,0.10190803295831907,0.10190803295831907,0.10190803295831907,0.3215053534049829,0.3215053534049829,0.3215053534049829,-10.560252208982744,-10.560252208982744,-10.560252208982744,-3.1883778520376795,-3.1883778520376795,-3.1883778520376795,-0.9836745607195535,-0.9836745607195535,-0.9836745607195535,-1.973360108211386,-1.973360108211386,-1.973360108211386,0.026817354304440676,0.026817354304440676,0.026817354304440676,-0.11406708880425075,-0.11406708880425075,-0.11406708880425075,-1.7703331847126613,-1.7703331847126613,-1.7703331847126613,0.04913530741049677,0.04913530741049677,0.04913530741049677,-3.153144584034338,-3.153144584034338,-3.153144584034338,0.0,0.0,0.0,35.27640820833985
441,2018-04-07 17:00:00,56.46667079606022,33.385346049559836,52.36920813275846,56.46667079606022,56.46667079606022,0.0,0.0,0.0,0.0,0.0,0.0,0.0,0.0,0.0,0.0,0.0,0.0,0.0,0.0,0.0,0.0,0.0,0.0,0.0,0.0,0.0,0.0,0.0,0.0,0.0,0.0,0.0,0.0,0.0,0.0,-13.751319295421816,-13.751319295421816,-13.751319295421816,0.9883707477610634,0.9883707477610634,0.9883707477610634,0.06650531963260513,0.06650531963260513,0.06650531963260513,-9.74248997017588,-9.74248997017588,-9.74248997017588,-0.03977218045788708,-0.03977218045788708,-0.03977218045788708,0.0,0.0,0.0,0.12737478888069984,0.12737478888069984,0.12737478888069984,0.5084544058650656,0.5084544058650656,0.5084544058650656,-5.827640522503228,-5.827640522503228,-5.827640522503228,-2.6959318700398005,-2.6959318700398005,-2.6959318700398005,-0.27606272967752504,-0.27606272967752504,-0.27606272967752504,-1.6012966420162034,-1.6012966420162034,-1.6012966420162034,-0.014028838320405806,-0.014028838320405806,-0.014028838320405806,-0.10418891101139345,-0.10418891101139345,-0.10418891101139345,-1.8489433323516637,-1.8489433323516637,-1.8489433323516637,0.11409720947219196,0.11409720947219196,0.11409720947219196,-3.148256740655334,-3.148256740655334,-3.148256740655334,0.0,0.0,0.0,42.715351500638405
442,2018-04-07 18:00:00,56.4666709491875,42.24359376867249,60.67304494019201,56.4666709491875,56.4666709491875,0.0,0.0,0.0,0.0,0.0,0.0,0.0,0.0,0.0,0.0,0.0,0.0,0.0,0.0,0.0,0.0,0.0,0.0,0.0,0.0,0.0,0.0,0.0,0.0,0.0,0.0,0.0,0.0,0.0,0.0,-4.756230171029558,-4.756230171029558,-4.756230171029558,1.7352380319924685,1.7352380319924685,1.7352380319924685,0.06650531963260513,0.06650531963260513,0.06650531963260513,-1.426794399167349,-1.426794399167349,-1.426794399167349,0.20878236842448997,0.20878236842448997,0.20878236842448997,0.0,0.0,0.0,0.15284154480308057,0.15284154480308057,0.15284154480308057,0.5881425757143391,0.5881425757143391,0.5881425757143391,-1.1252155866816271,-1.1252155866816271,-1.1252155866816271,-1.524927692190384,-1.524927692190384,-1.524927692190384,1.1606502287939255,1.1606502287939255,1.1606502287939255,-0.941149749138465,-0.941149749138465,-0.941149749138465,-0.045515572237837136,-0.045515572237837136,-0.045515572237837136,-0.14985758805373361,-0.14985758805373361,-0.14985758805373361,-1.9213375425057655,-1.9213375425057655,-1.9213375425057655,0.18294975176625725,0.18294975176625725,0.18294975176625725,-3.143336261348913,-3.143336261348913,-3.143336261348913,0.0,0.0,0.0,51.710440778157945
443,2018-04-07 19:00:00,56.46667110231477,45.901965556496606,64.79655714494001,56.46667110231477,56.46667110231477,0.0,0.0,0.0,0.0,0.0,0.0,0.0,0.0,0.0,0.0,0.0,0.0,0.0,0.0,0.0,0.0,0.0,0.0,0.0,0.0,0.0,0.0,0.0,0.0,0.0,0.0,0.0,0.0,0.0,0.0,-1.3735453578225485,-1.3735453578225485,-1.3735453578225485,1.9225873838426812,1.9225873838426812,1.9225873838426812,0.06650531963260513,0.06650531963260513,0.06650531963260513,1.82910829132615,1.82910829132615,1.82910829132615,0.19525876257535502,0.19525876257535502,0.19525876257535502,0.0,0.0,0.0,0.1783083007254613,0.1783083007254613,0.1783083007254613,0.49754651949786466,0.49754651949786466,0.49754651949786466,-0.9977604172371037,-0.9977604172371037,-0.9977604172371037,0.0865035258965713,0.0865035258965713,0.0865035258965713,2.7140193676540836,2.7140193676540836,2.7140193676540836,-0.8061438628333555,-0.8061438628333555,-0.8061438628333555,-0.06088023277486548,-0.06088023277486548,-0.06088023277486548,-0.24004964616243052,-0.24004964616243052,-0.24004964616243052,-1.9868578873056277,-1.9868578873056277,-1.9868578873056277,0.19580065435196461,0.19580065435196461,0.19580065435196461,-3.1383831456857525,-3.1383831456857525,-3.1383831456857525,0.0,0.0,0.0,55.09312574449222
444,2018-04-07 20:00:00,56.46667125544205,44.55936788786658,62.97593548837704,56.46667125544205,56.46667125544205,0.0,0.0,0.0,0.0,0.0,0.0,0.0,0.0,0.0,0.0,0.0,0.0,0.0,0.0,0.0,0.0,0.0,0.0,0.0,0.0,0.0,0.0,0.0,0.0,0.0,0.0,0.0,0.0,0.0,0.0,-2.6416217674045552,-2.6416217674045552,-2.6416217674045552,1.440109779636924,1.440109779636924,1.440109779636924,0.06650531963260513,0.06650531963260513,0.06650531963260513,1.0965509062267778,1.0965509062267778,1.0965509062267778,0.13090505198291968,0.13090505198291968,0.13090505198291968,0.0,0.0,0.0,0.2037750566478421,0.2037750566478421,0.2037750566478421,0.35847096831605274,0.35847096831605274,0.35847096831605274,-0.39402540407883907,-0.39402540407883907,-0.39402540407883907,0.08534754941300843,0.08534754941300843,0.08534754941300843,1.8298883162870385,1.8298883162870385,1.8298883162870385,-1.2069093678493101,-1.2069093678493101,-1.2069093678493101,-0.0652624070829616,-0.0652624070829616,-0.0652624070829616,-0.07068900371387744,-0.07068900371387744,-0.07068900371387744,-2.0448850587459346,-2.0448850587459346,-2.0448850587459346,0.1585448266722992,0.1585448266722992,0.1585448266722992,-3.1333973945223232,-3.1333973945223232,-3.1333973945223232,0.0,0.0,0.0,53.82504948803749
445,2018-04-07 21:00:00,56.466671408569326,39.64626876268971,59.06499119730039,56.466671408569326,56.466671408569326,0.0,0.0,0.0,0.0,0.0,0.0,0.0,0.0,0.0,0.0,0.0,0.0,0.0,0.0,0.0,0.0,0.0,0.0,0.0,0.0,0.0,0.0,0.0,0.0,0.0,0.0,0.0,0.0,0.0,0.0,-6.868823259701816,-6.868823259701816,-6.868823259701816,0.5548898603714243,0.5548898603714243,0.5548898603714243,0.06650531963260513,0.06650531963260513,0.06650531963260513,-2.2004890313907532,-2.2004890313907532,-2.2004890313907532,-0.11065452835680137,-0.11065452835680137,-0.11065452835680137,0.0,0.0,0.0,0.22924181257022286,0.22924181257022286,0.22924181257022286,0.28150977005857947,0.28150977005857947,0.28150977005857947,-2.4769111994748556,-2.4769111994748556,-2.4769111994748556,-0.4660532332465886,-0.4660532332465886,-0.4660532332465886,1.2773064091826327,1.2773064091826327,1.2773064091826327,-1.3727433699248768,-1.3727433699248768,-1.3727433699248768,-0.06769694836523721,-0.06769694836523721,-0.06769694836523721,0.28234848088302184,0.28234848088302184,0.28234848088302184,-2.0948450786828325,-2.0948450786828325,-2.0948450786828325,0.15665845565054395,0.15665845565054395,0.15665845565054395,-3.128379009999653,-3.128379009999653,-3.128379009999653,0.0,0.0,0.0,49.59784814886751
446,2018-04-07 22:00:00,56.46667156169661,36.23989475608523,55.71886745216958,56.46667156169661,56.46667156169661,0.0,0.0,0.0,0.0,0.0,0.0,0.0,0.0,0.0,0.0,0.0,0.0,0.0,0.0,0.0,0.0,0.0,0.0,0.0,0.0,0.0,0.0,0.0,0.0,0.0,0.0,0.0,0.0,0.0,0.0,-9.86055699638229,-9.86055699638229,-9.86055699638229,-0.3427044507315218,-0.3427044507315218,-0.3427044507315218,0.06650531963260513,0.06650531963260513,0.06650531963260513,-4.258308906328973,-4.258308906328973,-4.258308906328973,0.22790194910774975,0.22790194910774975,0.22790194910774975,0.0,0.0,0.0,0.2547085684926036,0.2547085684926036,0.2547085684926036,0.42725125179812534,0.42725125179812534,0.42725125179812534,-2.671448037048074,-2.671448037048074,-2.671448037048074,-1.492560350650618,-1.492560350650618,-1.492560350650618,0.5021567894945109,0.5021567894945109,0.5021567894945109,-1.962729723462953,-1.962729723462953,-1.962729723462953,-0.04383844379893615,-0.04383844379893615,-0.04383844379893615,0.04942391176738715,0.04942391176738715,0.04942391176738715,-2.136215643770439,-2.136215643770439,-2.136215643770439,0.3843198583386263,0.3843198583386263,0.3843198583386263,-3.123327995551354,-3.123327995551354,-3.123327995551354,0.0,0.0,0.0,46.606114565314314
447,2018-04-07 23:00:00,56.46667171482388,31.965956566517654,51.29091338995119,56.46667171482388,56.46667171482388,0.0,0.0,0.0,0.0,0.0,0.0,0.0,0.0,0.0,0.0,0.0,0.0,0.0,0.0,0.0,0.0,0.0,0.0,0.0,0.0,0.0,0.0,0.0,0.0,0.0,0.0,0.0,0.0,0.0,0.0,-14.641115325652507,-14.641115325652507,-14.641115325652507,-1.0312617366116965,-1.0312617366116965,-1.0312617366116965,0.06650531963260513,0.06650531963260513,0.06650531963260513,-8.323077202570428,-8.323077202570428,-8.323077202570428,0.1696105445856163,0.1696105445856163,0.1696105445856163,0.0,0.0,0.0,0.28017532441498433,0.28017532441498433,0.28017532441498433,0.01669052881042337,0.01669052881042337,0.01669052881042337,-4.958932920236614,-4.958932920236614,-4.958932920236614,-0.2718491840079886,-0.2718491840079886,-0.2718491840079886,-0.0918687606427243,-0.0918687606427243,-0.0918687606427243,-4.1653454433384365,-4.1653454433384365,-4.1653454433384365,-0.044541755724926885,-0.044541755724926885,-0.044541755724926885,0.29652151858581705,0.29652151858581705,0.29652151858581705,-2.1685320305583877,-2.1685320305583877,-2.1685320305583877,0.37995762535081734,0.37995762535081734,0.37995762535081734,-3.118244355911998,-3.118244355911998,-3.118244355911998,0.0,0.0,0.0,41.825556389171375
448,2018-04-08 00:00:00,56.46667186795116,29.375857548148417,49.41476445578848,56.46667186795116,56.46667186795116,0.0,0.0,0.0,0.0,0.0,0.0,0.0,0.0,0.0,0.0,0.0,0.0,0.0,0.0,0.0,0.0,0.0,0.0,0.0,0.0,0.0,0.0,0.0,0.0,0.0,0.0,0.0,0.0,0.0,0.0,-17.12863288382979,-17.12863288382979,-17.12863288382979,-1.531274863985045,-1.531274863985045,-1.531274863985045,0.11085330820571106,0.11085330820571106,0.11085330820571106,-10.292837432521177,-10.292837432521177,-10.292837432521177,0.010125261813059158,0.010125261813059158,0.010125261813059158,0.0,0.0,0.0,4.1009268796081835e-05,4.1009268796081835e-05,4.1009268796081835e-05,-0.18571136266986069,-0.18571136266986069,-0.18571136266986069,-5.931617108102707,-5.931617108102707,-5.931617108102707,-0.43946577412463694,-0.43946577412463694,-0.43946577412463694,-0.4372324525829769,-0.4372324525829769,-0.4372324525829769,-4.203614828432799,-4.203614828432799,-4.203614828432799,-0.0469221960898186,-0.0469221960898186,-0.0469221960898186,0.468315914983335,0.468315914983335,0.468315914983335,-2.1913924902056086,-2.1913924902056086,-2.1913924902056086,0.3623907952107219,0.3623907952107219,0.3623907952107219,-3.113128097117961,-3.113128097117961,-3.113128097117961,0.0,0.0,0.0,39.33803898412137
449,2018-04-08 01:00:00,56.466672021078445,26.48177450601835,45.611748518290966,56.466672021078445,56.466672021078445,0.0,0.0,0.0,0.0,0.0,0.0,0.0,0.0,0.0,0.0,0.0,0.0,0.0,0.0,0.0,0.0,0.0,0.0,0.0,0.0,0.0,0.0,0.0,0.0,0.0,0.0,0.0,0.0,0.0,0.0,-20.680466718496472,-20.680466718496472,-20.680466718496472,-1.9338620948693446,-1.9338620948693446,-1.9338620948693446,0.11085330820571106,0.11085330820571106,0.11085330820571106,-13.434162329421884,-13.434162329421884,-13.434162329421884,-0.1577539832106852,-0.1577539832106852,-0.1577539832106852,0.0,0.0,0.0,-0.2800933058773922,-0.2800933058773922,-0.2800933058773922,-0.19661924903706166,-0.19661924903706166,-0.19661924903706166,-6.884176795530195,-6.884176795530195,-6.884176795530195,-1.2937323954777649,-1.2937323954777649,-1.2937323954777649,-1.0450725503978204,-1.0450725503978204,-1.0450725503978204,-4.526778524785186,-4.526778524785186,-4.526778524785186,-0.047084498841970315,-0.047084498841970315,-0.047084498841970315,0.5334546236173938,0.5334546236173938,0.5334546236173938,-2.2044630676878385,-2.2044630676878385,-2.2044630676878385,0.35284104191308613,0.35284104191308613,0.35284104191308613,-3.1079792265174024,-3.1079792265174024,-3.1079792265174024,0.0,0.0,0.0,35.786205302581976
450,2018-04-08 02:00:00,56.46667217420572,25.615395562114962,44.12588120331109,56.46667217420572,56.46667217420572,0.0,0.0,0.0,0.0,0.0,0.0,0.0,0.0,0.0,0.0,0.0,0.0,0.0,0.0,0.0,0.0,0.0,0.0,0.0,0.0,0.0,0.0,0.0,0.0,0.0,0.0,0.0,0.0,0.0,0.0,-22.090358462952455,-22.090358462952455,-22.090358462952455,-2.198193602539168,-2.198193602539168,-2.198193602539168,0.11085330820571106,0.11085330820571106,0.11085330820571106,-14.581885321117998,-14.581885321117998,-14.581885321117998,-0.24635691808432808,-0.24635691808432808,-0.24635691808432808,0.0,0.0,0.0,-0.25462654995501144,-0.25462654995501144,-0.25462654995501144,-0.2893362831582696,-0.2893362831582696,-0.2893362831582696,-7.685802729668112,-7.685802729668112,-7.685802729668112,-1.3711828198764926,-1.3711828198764926,-1.3711828198764926,-1.2031723738193585,-1.2031723738193585,-1.2031723738193585,-4.5405980249581495,-4.5405980249581495,-4.5405980249581495,-0.047084498841970315,-0.047084498841970315,-0.047084498841970315,0.5945847963355106,0.5945847963355106,0.5945847963355106,-2.2074817865233833,-2.2074817865233833,-2.2074817865233833,0.3508367727024712,0.3508367727024712,0.3508367727024712,-3.1027977527719095,-3.1027977527719095,-3.1027977527719095,0.0,0.0,0.0,34.37631371125326
451,2018-04-08 03:00:00,56.466672327332994,24.403367293471415,43.61563076656835,56.466672327332994,56.466672327332994,0.0,0.0,0.0,0.0,0.0,0.0,0.0,0.0,0.0,0.0,0.0,0.0,0.0,0.0,0.0,0.0,0.0,0.0,0.0,0.0,0.0,0.0,0.0,0.0,0.0,0.0,0.0,0.0,0.0,0.0,-22.00228531129425,-22.00228531129425,-22.00228531129425,-2.141946622252679,-2.141946622252679,-2.141946622252679,0.11085330820571106,0.11085330820571106,0.11085330820571106,-14.562492856350243,-14.562492856350243,-14.562492856350243,-0.3410221590282728,-0.3410221590282728,-0.3410221590282728,0.0,0.0,0.0,-0.22915979403263065,-0.22915979403263065,-0.22915979403263065,-0.18662035320046075,-0.18662035320046075,-0.18662035320046075,-7.29337497111524,-7.29337497111524,-7.29337497111524,-1.4185778557025797,-1.4185778557025797,-1.4185778557025797,-1.4196002874352507,-1.4196002874352507,-1.4196002874352507,-4.634145410744367,-4.634145410744367,-4.634145410744367,-0.047625508015809344,-0.047625508015809344,-0.047625508015809344,0.5467686893382016,0.5467686893382016,0.5467686893382016,-2.2002621468297017,-2.2002621468297017,-2.2002621468297017,0.35001148538045335,0.35001148538045335,0.35001148538045335,-3.097583685861628,-3.097583685861628,-3.097583685861628,0.0,0.0,0.0,34.46438701603874
452,2018-04-08 04:00:00,56.46667248046027,25.901381473447653,45.15590307119912,56.46667248046027,56.46667248046027,0.0,0.0,0.0,0.0,0.0,0.0,0.0,0.0,0.0,0.0,0.0,0.0,0.0,0.0,0.0,0.0,0.0,0.0,0.0,0.0,0.0,0.0,0.0,0.0,0.0,0.0,0.0,0.0,0.0,0.0,-21.136467916411,-21.136467916411,-21.136467916411,-1.6337852035864202,-1.6337852035864202,-1.6337852035864202,0.11085330820571106,0.11085330820571106,0.11085330820571106,-14.227649783669747,-14.227649783669747,-14.227649783669747,-0.04163750540259536,-0.04163750540259536,-0.04163750540259536,0.0,0.0,0.0,-0.2036930381102499,-0.2036930381102499,-0.2036930381102499,-0.06754259369185053,-0.06754259369185053,-0.06754259369185053,-7.28666680430237,-7.28666680430237,-7.28666680430237,-1.3561551255901727,-1.3561551255901727,-1.3561551255901727,-1.3443877500793733,-1.3443877500793733,-1.3443877500793733,-4.6554061802412345,-4.6554061802412345,-4.6554061802412345,-0.05530783828432351,-0.05530783828432351,-0.05530783828432351,0.31957060010248406,0.31957060010248406,0.31957060010248406,-2.1826958920595607,-2.1826958920595607,-2.1826958920595607,0.3527231437242265,0.3527231437242265,0.3527231437242265,-3.092337037095271,-3.092337037095271,-3.092337037095271,0.0,0.0,0.0,35.33020456404927
453,2018-04-08 05:00:00,56.46667263358755,27.841439904970308,47.03278338126535,56.46667263358755,56.46667263358755,0.0,0.0,0.0,0.0,0.0,0.0,0.0,0.0,0.0,0.0,0.0,0.0,0.0,0.0,0.0,0.0,0.0,0.0,0.0,0.0,0.0,0.0,0.0,0.0,0.0,0.0,0.0,0.0,0.0,0.0,-19.259999063927808,-19.259999063927808,-19.259999063927808,-0.7800114122830167,-0.7800114122830167,-0.7800114122830167,0.11085330820571106,0.11085330820571106,0.11085330820571106,-13.238174824670606,-13.238174824670606,-13.238174824670606,0.4652645483218772,0.4652645483218772,0.4652645483218772,0.0,0.0,0.0,-0.17822628218786915,-0.17822628218786915,-0.17822628218786915,0.29120566905164696,0.29120566905164696,0.29120566905164696,-6.968028880691065,-6.968028880691065,-6.968028880691065,-1.1446114290981255,-1.1446114290981255,-1.1446114290981255,-1.424205136661121,-1.424205136661121,-1.424205136661121,-4.726629758055742,-4.726629758055742,-4.726629758055742,-0.05530783828432351,-0.05530783828432351,-0.05530783828432351,0.017212462442852544,0.017212462442852544,0.017212462442852544,-2.154755007865566,-2.154755007865566,-2.154755007865566,0.3742985122855517,0.3742985122855517,0.3742985122855517,-3.087057819108619,-3.087057819108619,-3.087057819108619,0.0,0.0,0.0,37.20667356965974
454,2018-04-08 06:00:00,56.466672786714824,30.546412161098925,48.65439937672356,56.466672786714824,56.466672786714824,0.0,0.0,0.0,0.0,0.0,0.0,0.0,0.0,0.0,0.0,0.0,0.0,0.0,0.0,0.0,0.0,0.0,0.0,0.0,0.0,0.0,0.0,0.0,0.0,0.0,0.0,0.0,0.0,0.0,0.0,-17.290876517197038,-17.290876517197038,-17.290876517197038,0.10035105596813075,0.10035105596813075,0.10035105596813075,0.11085330820571106,0.11085330820571106,0.11085330820571106,-12.19298860226149,-12.19298860226149,-12.19298860226149,0.8942892856047795,0.8942892856047795,0.8942892856047795,0.0,0.0,0.0,-0.15275952626548842,-0.15275952626548842,-0.15275952626548842,0.8538708074930952,0.8538708074930952,0.8538708074930952,-7.051880965851934,-7.051880965851934,-7.051880965851934,-0.6429176352317425,-0.6429176352317425,-0.6429176352317425,-1.5884447590504855,-1.5884447590504855,-1.5884447590504855,-4.706432027033716,-4.706432027033716,-4.706432027033716,-0.016084673180994106,-0.016084673180994106,-0.016084673180994106,-0.3283805983101543,-0.3283805983101543,-0.3283805983101543,-2.116492925025343,-2.116492925025343,-2.116492925025343,0.4348981813594379,0.4348981813594379,0.4348981813594379,-3.0817460458783317,-3.0817460458783317,-3.0817460458783317,0.0,0.0,0.0,39.17579626951779
455,2018-04-08 07:00:00,56.466672939842105,31.899786249361796,51.46020812330599,56.466672939842105,56.466672939842105,0.0,0.0,0.0,0.0,0.0,0.0,0.0,0.0,0.0,0.0,0.0,0.0,0.0,0.0,0.0,0.0,0.0,0.0,0.0,0.0,0.0,0.0,0.0,0.0,0.0,0.0,0.0,0.0,0.0,0.0,-14.824211295560387,-14.824211295560387,-14.824211295560387,0.7022240740735654,0.7022240740735654,0.7022240740735654,0.11085330820571106,0.11085330820571106,0.11085330820571106,-10.381988729601032,-10.381988729601032,-10.381988729601032,1.042582618709087,1.042582618709087,1.042582618709087,0.0,0.0,0.0,-0.12729277034310765,-0.12729277034310765,-0.12729277034310765,1.0917233296667823,1.0917233296667823,1.0917233296667823,-6.407896951816451,-6.407896951816451,-6.407896951816451,-0.40825440906843385,-0.40825440906843385,-0.40825440906843385,-1.1985675245934884,-1.1985675245934884,-1.1985675245934884,-4.402403023228509,-4.402403023228509,-4.402403023228509,0.0767525010497828,0.0767525010497828,0.0767525010497828,-0.6271596860448375,-0.6271596860448375,-0.6271596860448375,-2.068044907319101,-2.068044907319101,-2.068044907319101,0.46767387786243486,0.46767387786243486,0.46767387786243486,-3.0764017327138204,-3.0764017327138204,-3.0764017327138204,0.0,0.0,0.0,41.64246164428172
456,2018-04-08 08:00:00,56.55070312673766,31.79805462005927,52.0446526071053,56.55070312673766,56.55070312673766,0.0,0.0,0.0,0.0,0.0,0.0,0.0,0.0,0.0,0.0,0.0,0.0,0.0,0.0,0.0,0.0,0.0,0.0,0.0,0.0,0.0,0.0,0.0,0.0,0.0,0.0,0.0,0.0,0.0,0.0,-14.241241389800559,-14.241241389800559,-14.241241389800559,0.958727302367649,0.958727302367649,0.958727302367649,0.07071471790054926,0.07071471790054926,0.07071471790054926,-10.264406675874175,-10.264406675874175,-10.264406675874175,1.225532400680963,1.225532400680963,1.225532400680963,0.0,0.0,0.0,-0.1015477634335463,-0.1015477634335463,-0.1015477634335463,1.0747918603617634,1.0747918603617634,1.0747918603617634,-6.336689142707632,-6.336689142707632,-6.336689142707632,-0.24975825323800513,-0.24975825323800513,-0.24975825323800513,-1.437690787561586,-1.437690787561586,-1.437690787561586,-4.2357809079623125,-4.2357809079623125,-4.2357809079623125,0.17091722272823676,0.17091722272823676,0.17091722272823676,-0.8607161514471613,-0.8607161514471613,-0.8607161514471613,-1.9578789645199801,-1.9578789645199801,-1.9578789645199801,0.4158201288045551,0.4158201288045551,0.4158201288045551,-2.977683051774052,-2.977683051774052,-2.977683051774052,0.0,0.0,0.0,42.3094617369371
457,2018-04-08 09:00:00,56.55071345912494,32.634816089817164,52.174087320393085,56.55071345912494,56.55071345912494,0.0,0.0,0.0,0.0,0.0,0.0,0.0,0.0,0.0,0.0,0.0,0.0,0.0,0.0,0.0,0.0,0.0,0.0,0.0,0.0,0.0,0.0,0.0,0.0,0.0,0.0,0.0,0.0,0.0,0.0,-14.354439847617323,-14.354439847617323,-14.354439847617323,0.9886739781566156,0.9886739781566156,0.9886739781566156,0.07071471790054926,0.07071471790054926,0.07071471790054926,-10.47810833885246,-10.47810833885246,-10.47810833885246,1.241185726592537,1.241185726592537,1.241185726592537,0.0,0.0,0.0,-0.07615060705049637,-0.07615060705049637,-0.07615060705049637,0.955271727309523,0.955271727309523,0.955271727309523,-6.309916829118259,-6.309916829118259,-6.309916829118259,-0.29332918243604056,-0.29332918243604056,-0.29332918243604056,-1.4672627835146184,-1.4672627835146184,-1.4672627835146184,-4.169403346267933,-4.169403346267933,-4.169403346267933,0.21101182095935103,0.21101182095935103,0.21101182095935103,-0.9878205515303232,-0.9878205515303232,-0.9878205515303232,-1.8927220123598345,-1.8927220123598345,-1.8927220123598345,0.34759096830325087,0.34759096830325087,0.34759096830325087,-2.9722834745616455,-2.9722834745616455,-2.9722834745616455,0.0,0.0,0.0,42.19627361150762
458,2018-04-08 10:00:00,56.55072379151222,31.745365138001926,49.634231354548135,56.55072379151222,56.55072379151222,0.0,0.0,0.0,0.0,0.0,0.0,0.0,0.0,0.0,0.0,0.0,0.0,0.0,0.0,0.0,0.0,0.0,0.0,0.0,0.0,0.0,0.0,0.0,0.0,0.0,0.0,0.0,0.0,0.0,0.0,-15.477105466861886,-15.477105466861886,-15.477105466861886,0.9651510678849465,0.9651510678849465,0.9651510678849465,0.07071471790054926,0.07071471790054926,0.07071471790054926,-11.657014005918066,-11.657014005918066,-11.657014005918066,1.041487235417607,1.041487235417607,1.041487235417607,0.0,0.0,0.0,-0.050753450667446444,-0.050753450667446444,-0.050753450667446444,0.7439098078066136,0.7439098078066136,0.7439098078066136,-6.688075758568144,-6.688075758568144,-6.688075758568144,-0.3747380238323696,-0.3747380238323696,-0.3747380238323696,-1.4610371001560853,-1.4610371001560853,-1.4610371001560853,-4.3095337542894,-4.3095337542894,-4.3095337542894,0.23016243576942,0.23016243576942,0.23016243576942,-1.0824098725224436,-1.0824098725224436,-1.0824098725224436,-1.818388723013028,-1.818388723013028,-1.818388723013028,0.22325975722363156,0.22325975722363156,0.22325975722363156,-2.966853805815737,-2.966853805815737,-2.966853805815737,0.0,0.0,0.0,41.07361832465033
459,2018-04-08 11:00:00,56.550734123899495,28.247934149378874,47.89622092649019,56.550734123899495,56.550734123899495,0.0,0.0,0.0,0.0,0.0,0.0,0.0,0.0,0.0,0.0,0.0,0.0,0.0,0.0,0.0,0.0,0.0,0.0,0.0,0.0,0.0,0.0,0.0,0.0,0.0,0.0,0.0,0.0,0.0,0.0,-18.33067137331259,-18.33067137331259,-18.33067137331259,0.8933754503705222,0.8933754503705222,0.8933754503705222,0.07071471790054926,0.07071471790054926,0.07071471790054926,-14.52733926907861,-14.52733926907861,-14.52733926907861,0.17391350534884914,0.17391350534884914,0.17391350534884914,0.0,0.0,0.0,-0.02535629428439652,-0.02535629428439652,-0.02535629428439652,0.5636860282304723,0.5636860282304723,0.5636860282304723,-7.876097174096541,-7.876097174096541,-7.876097174096541,-0.6889073554182024,-0.6889073554182024,-0.6889073554182024,-1.5373017212981122,-1.5373017212981122,-1.5373017212981122,-4.385393824797262,-4.385393824797262,-4.385393824797262,0.23996191425082647,0.23996191425082647,0.23996191425082647,-1.1261263185730783,-1.1261263185730783,-1.1261263185730783,-1.7353134903082073,-1.7353134903082073,-1.7353134903082073,0.06356725365828644,0.06356725365828644,0.06356725365828644,-2.9613940642962953,-2.9613940642962953,-2.9613940642962953,0.0,0.0,0.0,38.220062750586905
460,2018-04-08 12:00:00,56.55074445628678,26.98134327260708,46.42871885975486,56.55074445628678,56.55074445628678,0.0,0.0,0.0,0.0,0.0,0.0,0.0,0.0,0.0,0.0,0.0,0.0,0.0,0.0,0.0,0.0,0.0,0.0,0.0,0.0,0.0,0.0,0.0,0.0,0.0,0.0,0.0,0.0,0.0,0.0,-20.169668217510818,-20.169668217510818,-20.169668217510818,0.6515781440020585,0.6515781440020585,0.6515781440020585,0.07071471790054926,0.07071471790054926,0.07071471790054926,-16.22134004347376,-16.22134004347376,-16.22134004347376,-0.18326693136070504,-0.18326693136070504,-0.18326693136070504,0.0,0.0,0.0,4.086209865340225e-05,4.086209865340225e-05,4.086209865340225e-05,0.37528455534023025,0.37528455534023025,0.37528455534023025,-8.622375415400297,-8.622375415400297,-8.622375415400297,-1.1131506133990707,-1.1131506133990707,-1.1131506133990707,-1.6524768634309703,-1.6524768634309703,-1.6524768634309703,-4.24737064095657,-4.24737064095657,-4.24737064095657,0.23573468823923938,0.23573468823923938,0.23573468823923938,-1.0102232854495095,-1.0102232854495095,-1.0102232854495095,-1.644002047998413,-1.644002047998413,-1.644002047998413,-0.07425111705531161,-0.07425111705531161,-0.07425111705531161,-2.9559042700406994,-2.9559042700406994,-2.9559042700406994,0.0,0.0,0.0,36.38107623877596
461,2018-04-08 13:00:00,56.550754788674055,24.102377539065714,42.83073707780806,56.550754788674055,56.550754788674055,0.0,0.0,0.0,0.0,0.0,0.0,0.0,0.0,0.0,0.0,0.0,0.0,0.0,0.0,0.0,0.0,0.0,0.0,0.0,0.0,0.0,0.0,0.0,0.0,0.0,0.0,0.0,0.0,0.0,0.0,-22.87143758440685,-22.87143758440685,-22.87143758440685,0.2040140052150426,0.2040140052150426,0.2040140052150426,0.07071471790054926,0.07071471790054926,0.07071471790054926,-18.58003993192886,-18.58003993192886,-18.58003993192886,-0.20413803257613716,-0.20413803257613716,-0.20413803257613716,0.0,0.0,0.0,0.02543801848170333,0.02543801848170333,0.02543801848170333,0.09472676933339243,0.09472676933339243,0.09472676933339243,-10.06138727082906,-10.06138727082906,-10.06138727082906,-1.480063701382525,-1.480063701382525,-1.480063701382525,-1.706951592818133,-1.706951592818133,-1.706951592818133,-4.489701421745572,-4.489701421745572,-4.489701421745572,0.2329805864438114,0.2329805864438114,0.2329805864438114,-0.9061439174499558,-0.9061439174499558,-0.9061439174499558,-1.5450272133138658,-1.5450272133138658,-1.5450272133138658,-0.1555140872869315,-0.1555140872869315,-0.1555140872869315,-2.950384444379167,-2.950384444379167,-2.950384444379167,0.0,0.0,0.0,33.67931720426721
462,2018-04-08 14:00:00,56.55076512106133,22.77666372965489,42.701903785899525,56.55076512106133,56.55076512106133,0.0,0.0,0.0,0.0,0.0,0.0,0.0,0.0,0.0,0.0,0.0,0.0,0.0,0.0,0.0,0.0,0.0,0.0,0.0,0.0,0.0,0.0,0.0,0.0,0.0,0.0,0.0,0.0,0.0,0.0,-23.942549787503832,-23.942549787503832,-23.942549787503832,-0.24180798524783395,-0.24180798524783395,-0.24180798524783395,0.07071471790054926,0.07071471790054926,0.07071471790054926,-19.316883256627317,-19.316883256627317,-19.316883256627317,-0.08460354379684412,-0.08460354379684412,-0.08460354379684412,0.0,0.0,0.0,0.05083517486475325,0.05083517486475325,0.05083517486475325,-0.002776497103961553,-0.002776497103961553,-0.002776497103961553,-10.3625757987095,-10.3625757987095,-10.3625757987095,-1.3459111035885747,-1.3459111035885747,-1.3459111035885747,-2.284383724322056,-2.284383724322056,-2.284383724322056,-4.440181653497384,-4.440181653497384,-4.440181653497384,0.20941059898526498,0.20941059898526498,0.20941059898526498,-0.8790739472976057,-0.8790739472976057,-0.8790739472976057,-1.439023935697122,-1.439023935697122,-1.439023935697122,-0.2483374800619618,-0.2483374800619618,-0.2483374800619618,-2.9448346099315588,-2.9448346099315588,-2.9448346099315588,0.0,0.0,0.0,32.608215333557496
463,2018-04-08 15:00:00,56.55077545344861,24.05674040214583,43.24521360369831,56.55077545344861,56.55077545344861,0.0,0.0,0.0,0.0,0.0,0.0,0.0,0.0,0.0,0.0,0.0,0.0,0.0,0.0,0.0,0.0,0.0,0.0,0.0,0.0,0.0,0.0,0.0,0.0,0.0,0.0,0.0,0.0,0.0,0.0,-23.02232362558621,-23.02232362558621,-23.02232362558621,-0.3315352963982457,-0.3315352963982457,-0.3315352963982457,0.07071471790054926,0.07071471790054926,0.07071471790054926,-18.42484983673108,-18.42484983673108,-18.42484983673108,0.13074827328965996,0.13074827328965996,0.13074827328965996,0.0,0.0,0.0,0.07623233124780318,0.07623233124780318,0.07623233124780318,0.14253482255428856,0.14253482255428856,0.14253482255428856,-7.973146810858017,-7.973146810858017,-7.973146810858017,-1.1876798343957098,-1.1876798343957098,-1.1876798343957098,-4.175435044476412,-4.175435044476412,-4.175435044476412,-4.491808645926346,-4.491808645926346,-4.491808645926346,0.1839831940367788,0.1839831940367788,0.1839831940367788,-0.8641387913514813,-0.8641387913514813,-0.8641387913514813,-1.326683701838364,-1.326683701838364,-1.326683701838364,-0.3368540487521921,-0.3368540487521921,-0.3368540487521921,-2.9392547906185214,-2.9392547906185214,-2.9392547906185214,0.0,0.0,0.0,33.5284518278624
464,2018-04-08 16:00:00,56.550785785835885,26.50595068308327,46.14381159058944,56.550785785835885,56.550785785835885,0.0,0.0,0.0,0.0,0.0,0.0,0.0,0.0,0.0,0.0,0.0,0.0,0.0,0.0,0.0,0.0,0.0,0.0,0.0,0.0,0.0,0.0,0.0,0.0,0.0,0.0,0.0,0.0,0.0,0.0,-20.15117465593809,-20.15117465593809,-20.15117465593809,0.13849773765758164,0.13849773765758164,0.13849773765758164,0.07071471790054926,0.07071471790054926,0.07071471790054926,-16.147279026559463,-16.147279026559463,-16.147279026559463,0.22703994480631273,0.22703994480631273,0.22703994480631273,0.0,0.0,0.0,0.1016294876308531,0.1016294876308531,0.1016294876308531,0.13655881590167654,0.13655881590167654,0.13655881590167654,-7.477859009454629,-7.477859009454629,-7.477859009454629,-0.65680246021965,-0.65680246021965,-0.65680246021965,-3.0516991982612307,-3.0516991982612307,-3.0516991982612307,-4.450717774401253,-4.450717774401253,-4.450717774401253,0.13818824557791823,0.13818824557791823,0.13818824557791823,-0.7810619864011651,-0.7810619864011651,-0.7810619864011651,-1.2087483553743619,-1.2087483553743619,-1.2087483553743619,-0.40326980963884385,-0.40326980963884385,-0.40326980963884385,-2.933645011661846,-2.933645011661846,-2.933645011661846,0.0,0.0,0.0,36.39961112989779
465,2018-04-08 17:00:00,56.55079611822317,30.977235108421606,49.50763156049073,56.55079611822317,56.55079611822317,0.0,0.0,0.0,0.0,0.0,0.0,0.0,0.0,0.0,0.0,0.0,0.0,0.0,0.0,0.0,0.0,0.0,0.0,0.0,0.0,0.0,0.0,0.0,0.0,0.0,0.0,0.0,0.0,0.0,0.0,-16.162582048405493,-16.162582048405493,-16.162582048405493,0.9921290899123599,0.9921290899123599,0.9921290899123599,0.07071471790054926,0.07071471790054926,0.07071471790054926,-13.140702442317224,-13.140702442317224,-13.140702442317224,0.24079589788012026,0.24079589788012026,0.24079589788012026,0.0,0.0,0.0,0.127026644013903,0.127026644013903,0.127026644013903,0.2548208422902091,0.2548208422902091,0.2548208422902091,-6.744966924945561,-6.744966924945561,-6.744966924945561,-0.2646640974373332,-0.2646640974373332,-0.2646640974373332,-1.3676518497780923,-1.3676518497780923,-1.3676518497780923,-4.443342489768545,-4.443342489768545,-4.443342489768545,0.08771772895472647,0.08771772895472647,0.08771772895472647,-0.6996965014030088,-0.6996965014030088,-0.6996965014030088,-1.0860033964099123,-1.0860033964099123,-1.0860033964099123,-0.4014564100241912,-0.4014564100241912,-0.4014564100241912,-2.928005299590721,-2.928005299590721,-2.928005299590721,0.0,0.0,0.0,40.38821406981768
466,2018-04-08 18:00:00,56.550806450610445,34.755368230839814,53.735113734973105,56.550806450610445,56.550806450610445,0.0,0.0,0.0,0.0,0.0,0.0,0.0,0.0,0.0,0.0,0.0,0.0,0.0,0.0,0.0,0.0,0.0,0.0,0.0,0.0,0.0,0.0,0.0,0.0,0.0,0.0,0.0,0.0,0.0,0.0,-12.120104147885325,-12.120104147885325,-12.120104147885325,1.7441919200032645,1.7441919200032645,1.7441919200032645,0.07071471790054926,0.07071471790054926,0.07071471790054926,-9.982689553707507,-9.982689553707507,-9.982689553707507,0.19004117446986488,0.19004117446986488,0.19004117446986488,0.0,0.0,0.0,0.15242380039695297,0.15242380039695297,0.15242380039695297,0.11265478929122848,0.11265478929122848,0.11265478929122848,-5.858134037297601,-5.858134037297601,-5.858134037297601,0.5677699709251282,0.5677699709251282,0.5677699709251282,-0.35442188317686973,-0.35442188317686973,-0.35442188317686973,-3.9418231347443475,-3.9418231347443475,-3.9418231347443475,0.03135471546689812,0.03135471546689812,0.03135471546689812,-0.5949948352390332,-0.5949948352390332,-0.5949948352390332,-0.9592708319386427,-0.9592708319386427,-0.9592708319386427,-0.358274831700276,-0.358274831700276,-0.358274831700276,-2.92233568224244,-2.92233568224244,-2.92233568224244,0.0,0.0,0.0,44.43070230272512
467,2018-04-08 19:00:00,56.55081678299772,39.61267647667541,59.06741351825749,56.55081678299772,56.55081678299772,0.0,0.0,0.0,0.0,0.0,0.0,0.0,0.0,0.0,0.0,0.0,0.0,0.0,0.0,0.0,0.0,0.0,0.0,0.0,0.0,0.0,0.0,0.0,0.0,0.0,0.0,0.0,0.0,0.0,0.0,-7.4333418476340425,-7.4333418476340425,-7.4333418476340425,1.9353846485336335,1.9353846485336335,1.9353846485336335,0.07071471790054926,0.07071471790054926,0.07071471790054926,-5.6226886536988685,-5.6226886536988685,-5.6226886536988685,0.1369147350124013,0.1369147350124013,0.1369147350124013,0.0,0.0,0.0,0.17782095678000287,0.17782095678000287,0.17782095678000287,0.13938955589501908,0.13938955589501908,0.13938955589501908,-3.328150403101913,-3.328150403101913,-3.328150403101913,0.5975816593237844,0.5975816593237844,0.5975816593237844,0.33662896962027844,0.33662896962027844,0.33662896962027844,-2.924033855430534,-2.924033855430534,-2.924033855430534,-0.03141318591727437,-0.03141318591727437,-0.03141318591727437,-0.54334408759202,-0.54334408759202,-0.54334408759202,-0.8294016536931473,-0.8294016536931473,-0.8294016536931473,-0.2547977161891617,-0.2547977161891617,-0.2547977161891617,-2.916636188775661,-2.916636188775661,-2.916636188775661,0.0,0.0,0.0,49.11747493536368
468,2018-04-08 20:00:00,56.550827115385005,40.287175304437575,59.527206631248525,56.550827115385005,56.550827115385005,0.0,0.0,0.0,0.0,0.0,0.0,0.0,0.0,0.0,0.0,0.0,0.0,0.0,0.0,0.0,0.0,0.0,0.0,0.0,0.0,0.0,0.0,0.0,0.0,0.0,0.0,0.0,0.0,0.0,0.0,-6.4776946187898945,-6.4776946187898945,-6.4776946187898945,1.451037388172526,1.451037388172526,1.451037388172526,0.07071471790054926,0.07071471790054926,0.07071471790054926,-4.320557133701821,-4.320557133701821,-4.320557133701821,0.42199500388682637,0.42199500388682637,0.42199500388682637,0.0,0.0,0.0,0.20321811316305277,0.20321811316305277,0.20321811316305277,0.523426614991823,0.523426614991823,0.523426614991823,-2.8931003072746106,-2.8931003072746106,-2.8931003072746106,0.4748950955293169,0.4748950955293169,0.4748950955293169,0.4331270616775373,0.4331270616775373,0.4331270616775373,-2.8639779662784774,-2.8639779662784774,-2.8639779662784774,-0.05152453391179495,-0.05152453391179495,-0.05152453391179495,-0.4580892390662272,-0.4580892390662272,-0.4580892390662272,-0.6972680235940876,-0.6972680235940876,-0.6972680235940876,-0.18124169431981538,-0.18124169431981538,-0.18124169431981538,-2.910906849666513,-2.910906849666513,-2.910906849666513,0.0,0.0,0.0,50.07313249659511
469,2018-04-08 21:00:00,56.55083744777228,36.052399385227154,54.636491199569136,56.55083744777228,56.55083744777228,0.0,0.0,0.0,0.0,0.0,0.0,0.0,0.0,0.0,0.0,0.0,0.0,0.0,0.0,0.0,0.0,0.0,0.0,0.0,0.0,0.0,0.0,0.0,0.0,0.0,0.0,0.0,0.0,0.0,0.0,-11.363299300838735,-11.363299300838735,-11.363299300838735,0.5574893818475585,0.5574893818475585,0.5574893818475585,0.07071471790054926,0.07071471790054926,0.07071471790054926,-8.451885734946545,-8.451885734946545,-8.451885734946545,0.09469818937209543,0.09469818937209543,0.09469818937209543,0.0,0.0,0.0,0.2286152695461027,0.2286152695461027,0.2286152695461027,-0.14745876343035777,-0.14745876343035777,-0.14745876343035777,-5.192172736761964,-5.192172736761964,-5.192172736761964,-0.06859491604617483,-0.06859491604617483,-0.06859491604617483,-0.05247624028802529,-0.05247624028802529,-0.05247624028802529,-3.0536281425481318,-3.0536281425481318,-3.0536281425481318,-0.05555961328649175,-0.05555961328649175,-0.05555961328649175,-0.11053571423662656,-0.11053571423662656,-0.11053571423662656,-0.5637552510220569,-0.5637552510220569,-0.5637552510220569,-0.16548778516752083,-0.16548778516752083,-0.16548778516752083,-2.905147696717691,-2.905147696717691,-2.905147696717691,0.0,0.0,0.0,45.18753814693355
470,2018-04-08 22:00:00,56.55084778015956,32.8475884662902,52.589390562217154,56.55084778015956,56.55084778015956,0.0,0.0,0.0,0.0,0.0,0.0,0.0,0.0,0.0,0.0,0.0,0.0,0.0,0.0,0.0,0.0,0.0,0.0,0.0,0.0,0.0,0.0,0.0,0.0,0.0,0.0,0.0,0.0,0.0,0.0,-13.69741885252996,-13.69741885252996,-13.69741885252996,-0.3513351187646994,-0.3513351187646994,-0.3513351187646994,0.07071471790054926,0.07071471790054926,0.07071471790054926,-10.01697132262377,-10.01697132262377,-10.01697132262377,0.3342415101401232,0.3342415101401232,0.3342415101401232,0.0,0.0,0.0,0.25401242592915263,0.25401242592915263,0.25401242592915263,0.11988890260754828,0.11988890260754828,0.11988890260754828,-5.349460079099527,-5.349460079099527,-5.349460079099527,-0.3942302816314908,-0.3942302816314908,-0.3942302816314908,-0.49449975874385876,-0.49449975874385876,-0.49449975874385876,-4.151491940731355,-4.151491940731355,-4.151491940731355,-0.07759242764991556,-0.07759242764991556,-0.07759242764991556,-0.31947232294126116,-0.31947232294126116,-0.31947232294126116,-0.42975364808018435,-0.42975364808018435,-0.42975364808018435,-0.009082068403733585,-0.009082068403733585,-0.009082068403733585,-2.8993587630613082,-2.8993587630613082,-2.8993587630613082,0.0,0.0,0.0,42.853428927629594
471,2018-04-08 23:00:00,56.550858112546834,31.789906216890525,51.13393475033066,56.550858112546834,56.550858112546834,0.0,0.0,0.0,0.0,0.0,0.0,0.0,0.0,0.0,0.0,0.0,0.0,0.0,0.0,0.0,0.0,0.0,0.0,0.0,0.0,0.0,0.0,0.0,0.0,0.0,0.0,0.0,0.0,0.0,0.0,-15.108245206297326,-15.108245206297326,-15.108245206297326,-1.048956574938479,-1.048956574938479,-1.048956574938479,0.07071471790054926,0.07071471790054926,0.07071471790054926,-10.869598197843631,-10.869598197843631,-10.869598197843631,-0.17235703754354736,-0.17235703754354736,-0.17235703754354736,0.0,0.0,0.0,0.2794095823122026,0.2794095823122026,0.2794095823122026,0.07616969604370247,0.07616969604370247,0.07616969604370247,-7.019383139236627,-7.019383139236627,-7.019383139236627,-0.9858776360048103,-0.9858776360048103,-0.9858776360048103,-0.6221262675937824,-0.6221262675937824,-0.6221262675937824,-2.417246439954402,-2.417246439954402,-2.417246439954402,-0.077656476528879,-0.077656476528879,-0.077656476528879,-0.013923924210135049,-0.013923924210135049,-0.013923924210135049,-0.2961503503528003,-0.2961503503528003,-0.2961503503528003,0.012678726972097685,0.012678726972097685,0.012678726972097685,-2.8935400831624154,-2.8935400831624154,-2.8935400831624154,0.0,0.0,0.0,41.44261290624951
472,2018-04-09 00:00:00,56.55086844493411,27.002127026136087,46.80928669860072,56.55086844493411,56.55086844493411,0.0,0.0,0.0,0.0,0.0,0.0,0.0,0.0,0.0,0.0,0.0,0.0,0.0,0.0,0.0,0.0,0.0,0.0,0.0,0.0,0.0,0.0,0.0,0.0,0.0,0.0,0.0,0.0,0.0,0.0,-19.77921654991337,-19.77921654991337,-19.77921654991337,-1.552993823999449,-1.552993823999449,-1.552993823999449,0.06505312763043859,0.06505312763043859,0.06505312763043859,-15.17470984195007,-15.17470984195007,-15.17470984195007,-0.2425598325409099,-0.2425598325409099,-0.2425598325409099,0.0,0.0,0.0,4.086209865340225e-05,4.086209865340225e-05,4.086209865340225e-05,-0.20029924330608512,-0.20029924330608512,-0.20029924330608512,-9.110970138406342,-9.110970138406342,-9.110970138406342,-1.0007834802041384,-1.0007834802041384,-1.0007834802041384,-1.0127878983417191,-1.0127878983417191,-1.0127878983417191,-3.8954642027673207,-3.8954642027673207,-3.8954642027673207,-0.07784862316576932,-0.07784862316576932,-0.07784862316576932,0.2377956832985014,0.2377956832985014,0.2377956832985014,-0.16382119113923213,-0.16382119113923213,-0.16382119113923213,0.0631139037546233,0.0631139037546233,0.0631139037546233,-2.8876916928246206,-2.8876916928246206,-2.8876916928246206,0.0,0.0,0.0,36.77165189502074
473,2018-04-09 01:00:00,56.55087877732139,25.875370224600843,45.32874986346507,56.55087877732139,56.55087877732139,0.0,0.0,0.0,0.0,0.0,0.0,0.0,0.0,0.0,0.0,0.0,0.0,0.0,0.0,0.0,0.0,0.0,0.0,0.0,0.0,0.0,0.0,0.0,0.0,0.0,0.0,0.0,0.0,0.0,0.0,-21.35963550808926,-21.35963550808926,-21.35963550808926,-1.9552777804481047,-1.9552777804481047,-1.9552777804481047,0.05939153736032791,0.05939153736032791,0.05939153736032791,-16.488921381876192,-16.488921381876192,-16.488921381876192,-0.2392394300748185,-0.2392394300748185,-0.2392394300748185,0.0,0.0,0.0,-0.2793278581148958,-0.2793278581148958,-0.2793278581148958,-0.3736034362318336,-0.3736034362318336,-0.3736034362318336,-9.251524784750549,-9.251524784750549,-9.251524784750549,-1.1395224915978819,-1.1395224915978819,-1.1395224915978819,-1.3318541704665277,-1.3318541704665277,-1.3318541704665277,-4.345356565362557,-4.345356565362557,-4.345356565362557,-0.08149940926668547,-0.08149940926668547,-0.08149940926668547,0.37734604667010024,0.37734604667010024,0.37734604667010024,-0.0336227165702885,-0.0336227165702885,-0.0336227165702885,0.11626917995912779,0.11626917995912779,0.11626917995912779,-2.8818136291946725,-2.8818136291946725,-2.8818136291946725,0.0,0.0,0.0,35.19124326923213
474,2018-04-09 02:00:00,56.55088910970867,26.662294057819974,45.51153577407626,56.55088910970867,56.55088910970867,0.0,0.0,0.0,0.0,0.0,0.0,0.0,0.0,0.0,0.0,0.0,0.0,0.0,0.0,0.0,0.0,0.0,0.0,0.0,0.0,0.0,0.0,0.0,0.0,0.0,0.0,0.0,0.0,0.0,0.0,-20.99364222473831,-20.99364222473831,-20.99364222473831,-2.2174759958797914,-2.2174759958797914,-2.2174759958797914,0.05372994709021726,0.05372994709021726,0.05372994709021726,-15.99387587121249,-15.99387587121249,-15.99387587121249,-0.22548347700101093,-0.22548347700101093,-0.22548347700101093,0.0,0.0,0.0,-0.2539307017318459,-0.2539307017318459,-0.2539307017318459,-0.4701631226714067,-0.4701631226714067,-0.4701631226714067,-8.52532577863882,-8.52532577863882,-8.52532577863882,-1.1464021119975714,-1.1464021119975714,-1.1464021119975714,-1.5948892923645417,-1.5948892923645417,-1.5948892923645417,-4.4096269028761625,-4.4096269028761625,-4.4096269028761625,-0.08643117294687047,-0.08643117294687047,-0.08643117294687047,0.49091546167708705,0.49091546167708705,0.49091546167708705,0.09361557312006559,0.09361557312006559,0.09361557312006559,0.17373128024843223,0.17373128024843223,0.17373128024843223,-2.875905930766092,-2.875905930766092,-2.875905930766092,0.0,0.0,0.0,35.55724688497036
475,2018-04-09 03:00:00,56.55089944209595,27.133825942156584,45.95048108839626,56.55089944209595,56.55089944209595,0.0,0.0,0.0,0.0,0.0,0.0,0.0,0.0,0.0,0.0,0.0,0.0,0.0,0.0,0.0,0.0,0.0,0.0,0.0,0.0,0.0,0.0,0.0,0.0,0.0,0.0,0.0,0.0,0.0,0.0,-19.889858487687718,-19.889858487687718,-19.889858487687718,-2.1586804156059736,-2.1586804156059736,-2.1586804156059736,0.04806835682010658,0.04806835682010658,0.04806835682010658,-15.07830810795853,-15.07830810795853,-15.07830810795853,-0.09077000551958544,-0.09077000551958544,-0.09077000551958544,0.0,0.0,0.0,-0.2285335453487959,-0.2285335453487959,-0.2285335453487959,-0.49752694260705127,-0.49752694260705127,-0.49752694260705127,-8.277681877937127,-8.277681877937127,-8.277681877937127,-0.7875152478137557,-0.7875152478137557,-0.7875152478137557,-1.6478076009120706,-1.6478076009120706,-1.6478076009120706,-4.315855426831722,-4.315855426831722,-4.315855426831722,-0.08675141734168768,-0.08675141734168768,-0.08675141734168768,0.5730588193807706,0.5730588193807706,0.5730588193807706,0.21709867325628115,0.21709867325628115,0.21709867325628115,0.2330067801523893,0.2330067801523893,0.2330067801523893,-2.8699686373795013,-2.8699686373795013,-2.8699686373795013,0.0,0.0,0.0,36.66104095440823
476,2018-04-09 04:00:00,56.55090977448323,32.00182322648602,51.061330170095985,56.55090977448323,56.55090977448323,0.0,0.0,0.0,0.0,0.0,0.0,0.0,0.0,0.0,0.0,0.0,0.0,0.0,0.0,0.0,0.0,0.0,0.0,0.0,0.0,0.0,0.0,0.0,0.0,0.0,0.0,0.0,0.0,0.0,0.0,-15.052315181070538,-15.052315181070538,-15.052315181070538,-1.6468467481269404,-1.6468467481269404,-1.6468467481269404,0.042406766549995895,0.042406766549995895,0.042406766549995895,-10.87753977868858,-10.87753977868858,-10.87753977868858,0.17343916213940752,0.17343916213940752,0.17343916213940752,0.0,0.0,0.0,-0.20313638896574598,-0.20313638896574598,-0.20313638896574598,-0.44877530938837423,-0.44877530938837423,-0.44877530938837423,-6.46385763225715,-6.46385763225715,-6.46385763225715,0.3292764637358831,0.3292764637358831,0.3292764637358831,-1.1653171406257736,-1.1653171406257736,-1.1653171406257736,-3.871231124688421,-3.871231124688421,-3.871231124688421,-0.0868154662206511,-0.0868154662206511,-0.0868154662206511,0.5525229799548498,0.5525229799548498,0.5525229799548498,0.3360731359794257,0.3360731359794257,0.3360731359794257,0.26394791107739934,0.26394791107739934,0.26394791107739934,-2.8640017902344455,-2.8640017902344455,-2.8640017902344455,0.0,0.0,0.0,41.49859459341269
477,2018-04-09 05:00:00,56.55092010687051,35.39632581411593,55.133654901227764,56.55092010687051,56.55092010687051,0.0,0.0,0.0,0.0,0.0,0.0,0.0,0.0,0.0,0.0,0.0,0.0,0.0,0.0,0.0,0.0,0.0,0.0,0.0,0.0,0.0,0.0,0.0,0.0,0.0,0.0,0.0,0.0,0.0,0.0,-11.464119004171364,-11.464119004171364,-11.464119004171364,-0.78702867476524,-0.78702867476524,-0.78702867476524,0.036745176279885224,0.036745176279885224,0.036745176279885224,-8.268918566338762,-8.268918566338762,-8.268918566338762,0.24127024108956188,0.24127024108956188,0.24127024108956188,0.0,0.0,0.0,-0.17773923258269608,-0.17773923258269608,-0.17773923258269608,-0.6242811889756114,-0.6242811889756114,-0.6242811889756114,-6.319956446714273,-6.319956446714273,-6.319956446714273,1.2064280646963288,1.2064280646963288,1.2064280646963288,-1.0719318902477817,-1.0719318902477817,-1.0719318902477817,-2.3034563341926084,-2.3034563341926084,-2.3034563341926084,-0.08406136442522315,-0.08406136442522315,-0.08406136442522315,0.5497226382149515,0.5497226382149515,0.5497226382149515,0.449833668820633,0.449833668820633,0.449833668820633,0.2783417705187044,0.2783417705187044,0.2783417705187044,-2.858005431887994,-2.858005431887994,-2.858005431887994,0.0,0.0,0.0,45.08680110269914
478,2018-04-09 06:00:00,56.55093043925778,42.33655866517877,60.741978864639485,56.55093043925778,56.55093043925778,0.0,0.0,0.0,0.0,0.0,0.0,0.0,0.0,0.0,0.0,0.0,0.0,0.0,0.0,0.0,0.0,0.0,0.0,0.0,0.0,0.0,0.0,0.0,0.0,0.0,0.0,0.0,0.0,0.0,0.0,-5.007205454411181,-5.007205454411181,-5.007205454411181,0.10127611197846889,0.10127611197846889,0.10127611197846889,0.03108358600977455,0.03108358600977455,0.03108358600977455,-2.814231161449329,-2.814231161449329,-2.814231161449329,0.3579586706122051,0.3579586706122051,0.3579586706122051,0.0,0.0,0.0,-0.15234207619964613,-0.15234207619964613,-0.15234207619964613,-0.32579538301093747,-0.32579538301093747,-0.32579538301093747,-4.793934572120051,-4.793934572120051,-4.793934572120051,1.2064280646963288,1.2064280646963288,1.2064280646963288,0.79732953815171,0.79732953815171,0.79732953815171,-0.5418169190655943,-0.5418169190655943,-0.5418169190655943,-0.05408648907033259,-0.05408648907033259,-0.05408648907033259,0.33534092057162573,0.33534092057162573,0.33534092057162573,0.5577292013188562,0.5577292013188562,0.5577292013188562,0.32560349797558796,0.32560349797558796,0.32560349797558796,-2.851979606259176,-2.851979606259176,-2.851979606259176,0.0,0.0,0.0,51.543724984846605
479,2018-04-09 07:00:00,56.55094077164506,44.916933917033205,64.23733581652239,56.55094077164506,56.55094077164506,0.0,0.0,0.0,0.0,0.0,0.0,0.0,0.0,0.0,0.0,0.0,0.0,0.0,0.0,0.0,0.0,0.0,0.0,0.0,0.0,0.0,0.0,0.0,0.0,0.0,0.0,0.0,0.0,0.0,0.0,-1.7200932566013027,-1.7200932566013027,-1.7200932566013027,0.7104121880660279,0.7104121880660279,0.7104121880660279,0.025421995739663892,0.025421995739663892,0.025421995739663892,-0.24374944273501434,-0.24374944273501434,-0.24374944273501434,0.6776659937758699,0.6776659937758699,0.6776659937758699,0.0,0.0,0.0,-0.12694491981659622,-0.12694491981659622,-0.12694491981659622,-0.0018329171061807082,-0.0018329171061807082,-0.0018329171061807082,-4.66341954337186,-4.66341954337186,-4.66341954337186,1.2178940986958111,1.2178940986958111,1.2178940986958111,2.2556958648880316,2.2556958648880316,2.2556958648880316,0.013436652568338628,0.013436652568338628,0.013436652568338628,0.004390137423289327,0.004390137423289327,0.004390137423289327,-0.01563524416229512,-0.01563524416229512,-0.01563524416229512,0.6591683567009041,0.6591683567009041,0.6591683567009041,0.36957843863091366,0.36957843863091366,0.36957843863091366,-2.8459243586332197,-2.8459243586332197,-2.8459243586332197,0.0,0.0,0.0,54.83084751504376
480,2018-04-09 08:00:00,56.61587884958694,44.415502443454535,63.61077114691356,56.61587884958694,56.61587884958694,0.0,0.0,0.0,0.0,0.0,0.0,0.0,0.0,0.0,0.0,0.0,0.0,0.0,0.0,0.0,0.0,0.0,0.0,0.0,0.0,0.0,0.0,0.0,0.0,0.0,0.0,0.0,0.0,0.0,0.0,-1.6964742459500388,-1.6964742459500388,-1.6964742459500388,0.9032747717215652,0.9032747717215652,0.9032747717215652,0.022057559093059707,0.022057559093059707,0.022057559093059707,-0.797085636480128,-0.797085636480128,-0.797085636480128,1.0434755277299477,1.0434755277299477,1.0434755277299477,0.0,0.0,0.0,-0.08529302517743488,-0.08529302517743488,-0.08529302517743488,0.19585918867540908,0.19585918867540908,0.19585918867540908,-4.695924546801011,-4.695924546801011,-4.695924546801011,0.8215135124489276,0.8215135124489276,0.8215135124489276,1.8376172513752786,1.8376172513752786,1.8376172513752786,-0.07047269721467443,-0.07047269721467443,-0.07047269721467443,0.07179136086986136,0.07179136086986136,0.07179136086986136,-0.3142717645723914,-0.3142717645723914,-0.3142717645723914,0.8117330081185515,0.8117330081185515,0.8117330081185515,0.3765619970928994,0.3765619970928994,0.3765619970928994,-2.614396389310027,-2.614396389310027,-2.614396389310027,0.0,0.0,0.0,54.919404603636906
481,2018-04-09 09:00:00,56.615902610855436,44.30983743921859,63.17017195676334,56.615902610855436,56.615902610855436,0.0,0.0,0.0,0.0,0.0,0.0,0.0,0.0,0.0,0.0,0.0,0.0,0.0,0.0,0.0,0.0,0.0,0.0,0.0,0.0,0.0,0.0,0.0,0.0,0.0,0.0,0.0,0.0,0.0,0.0,-2.7407356388570077,-2.7407356388570077,-2.7407356388570077,0.9292336098568043,0.9292336098568043,0.9292336098568043,0.0157206996046411,0.0157206996046411,0.0157206996046411,-1.9581635217585547,-1.9581635217585547,-1.9581635217585547,1.430507739032955,1.430507739032955,1.430507739032955,0.0,0.0,0.0,-0.06396119591557729,-0.06396119591557729,-0.06396119591557729,0.016659471038009258,0.016659471038009258,0.016659471038009258,-4.531418952886335,-4.531418952886335,-4.531418952886335,0.7641233012044009,0.7641233012044009,0.7641233012044009,0.6403469098988976,0.6403469098988976,0.6403469098988976,-0.2924406431042016,-0.2924406431042016,-0.2924406431042016,0.13315970787370543,0.13315970787370543,0.13315970787370543,-0.4598044249264144,-0.4598044249264144,-0.4598044249264144,0.8962174459357808,0.8962174459357808,0.8962174459357808,0.3889438664213636,0.3889438664213636,0.3889438664213636,-2.608023172891038,-2.608023172891038,-2.608023172891038,0.0,0.0,0.0,53.875166971998425
482,2018-04-09 10:00:00,56.61592637212393,43.94998750309758,63.12480084166341,56.61592637212393,56.61592637212393,0.0,0.0,0.0,0.0,0.0,0.0,0.0,0.0,0.0,0.0,0.0,0.0,0.0,0.0,0.0,0.0,0.0,0.0,0.0,0.0,0.0,0.0,0.0,0.0,0.0,0.0,0.0,0.0,0.0,0.0,-2.902693982844415,-2.902693982844415,-2.902693982844415,0.9112716517857143,0.9112716517857143,0.9112716517857143,0.009383840116222486,0.009383840116222486,0.009383840116222486,-2.1850131480280077,-2.1850131480280077,-2.1850131480280077,1.5053403217602608,1.5053403217602608,1.5053403217602608,0.0,0.0,0.0,-0.04262936665371969,-0.04262936665371969,-0.04262936665371969,0.1173820709514443,0.1173820709514443,0.1173820709514443,-4.306482732635655,-4.306482732635655,-4.306482732635655,0.6704249971317051,0.6704249971317051,0.6704249971317051,0.31137434579442347,0.31137434579442347,0.31137434579442347,-0.4201769138519484,-0.4201769138519484,-0.4201769138519484,0.1790188429985823,0.1790188429985823,0.1790188429985823,-0.601161967975199,-0.601161967975199,-0.601161967975199,0.9726705322490004,0.9726705322490004,0.9726705322490004,0.3925134143358758,0.3925134143358758,0.3925134143358758,-2.601623018851121,-2.601623018851121,-2.601623018851121,0.0,0.0,0.0,53.71323238927951
483,2018-04-09 11:00:00,56.615950133392424,42.4032648275566,62.04563794739716,56.615950133392424,56.615950133392424,0.0,0.0,0.0,0.0,0.0,0.0,0.0,0.0,0.0,0.0,0.0,0.0,0.0,0.0,0.0,0.0,0.0,0.0,0.0,0.0,0.0,0.0,0.0,0.0,0.0,0.0,0.0,0.0,0.0,0.0,-4.15671079993289,-4.15671079993289,-4.15671079993289,0.8468002965130339,0.8468002965130339,0.8468002965130339,0.0030469806278038904,0.0030469806278038904,0.0030469806278038904,-3.4491159009867034,-3.4491159009867034,-3.4491159009867034,1.380937110984294,1.380937110984294,1.380937110984294,0.0,0.0,0.0,-0.021297537391862097,-0.021297537391862097,-0.021297537391862097,0.2663032156087317,0.2663032156087317,0.2663032156087317,-4.961147851275694,-4.961147851275694,-4.961147851275694,0.6177197010908131,0.6177197010908131,0.6177197010908131,-0.2564196470589716,-0.2564196470589716,-0.2564196470589716,-0.33536840622434644,-0.33536840622434644,-0.33536840622434644,0.2013467601001988,0.2013467601001988,0.2013467601001988,-0.7253717078060405,-0.7253717078060405,-0.7253717078060405,1.04080079011176,1.04080079011176,1.04080079011176,0.3811354803583682,0.3811354803583682,0.3811354803583682,-2.59519598557098,-2.59519598557098,-2.59519598557098,0.0,0.0,0.0,52.459239333459536
484,2018-04-09 12:00:00,56.61597389466092,39.796843336888344,59.59028492900421,56.61597389466092,56.61597389466092,0.0,0.0,0.0,0.0,0.0,0.0,0.0,0.0,0.0,0.0,0.0,0.0,0.0,0.0,0.0,0.0,0.0,0.0,0.0,0.0,0.0,0.0,0.0,0.0,0.0,0.0,0.0,0.0,0.0,0.0,-6.996145117225775,-6.996145117225775,-6.996145117225775,0.6115975040154854,0.6115975040154854,0.6115975040154854,-0.00328987886061472,-0.00328987886061472,-0.00328987886061472,-6.119394902060894,-6.119394902060894,-6.119394902060894,1.3575817189229058,1.3575817189229058,1.3575817189229058,0.0,0.0,0.0,3.429186999550095e-05,3.429186999550095e-05,3.429186999550095e-05,0.21934053098651662,0.21934053098651662,0.21934053098651662,-6.518915107937116,-6.518915107937116,-6.518915107937116,0.18202258715277625,0.18202258715277625,0.18202258715277625,-0.45570110416072124,-0.45570110416072124,-0.45570110416072124,-0.6965898276011713,-0.6965898276011713,-0.6965898276011713,0.22340727699700547,0.22340727699700547,0.22340727699700547,-0.7769642287922003,-0.7769642287922003,-0.7769642287922003,1.1003944135574595,1.1003944135574595,1.1003944135574595,0.34967883936172933,0.34967883936172933,0.34967883936172933,-2.588742132737827,-2.588742132737827,-2.588742132737827,0.0,0.0,0.0,49.619828777435146
485,2018-04-09 13:00:00,56.61599765592942,37.44777771985324,56.07830507028284,56.61599765592942,56.61599765592942,0.0,0.0,0.0,0.0,0.0,0.0,0.0,0.0,0.0,0.0,0.0,0.0,0.0,0.0,0.0,0.0,0.0,0.0,0.0,0.0,0.0,0.0,0.0,0.0,0.0,0.0,0.0,0.0,0.0,0.0,-9.996062445644755,-9.996062445644755,-9.996062445644755,0.17262682299345108,0.17262682299345108,0.17262682299345108,-0.009626738349033315,-0.009626738349033315,-0.009626738349033315,-8.737743812174243,-8.737743812174243,-8.737743812174243,1.447190161933947,1.447190161933947,1.447190161933947,0.0,0.0,0.0,0.021366121131853096,0.021366121131853096,0.021366121131853096,-0.008366696425144851,-0.008366696425144851,-0.008366696425144851,-8.080039621617205,-8.080039621617205,-8.080039621617205,-0.34151668685341335,-0.34151668685341335,-0.34151668685341335,-0.6312585782741666,-0.6312585782741666,-0.6312585782741666,-0.9447332388078603,-0.9447332388078603,-0.9447332388078603,0.22046587474409793,0.22046587474409793,0.22046587474409793,-0.7194072545128428,-0.7194072545128428,-0.7194072545128428,1.151316064894105,1.151316064894105,1.151316064894105,0.30818284485552494,0.30818284485552494,0.30818284485552494,-2.5822615213580673,-2.5822615213580673,-2.5822615213580673,0.0,0.0,0.0,46.619935210284666
486,2018-04-09 14:00:00,56.61602141719791,36.59799882616954,54.23087068795847,56.61602141719791,56.61602141719791,0.0,0.0,0.0,0.0,0.0,0.0,0.0,0.0,0.0,0.0,0.0,0.0,0.0,0.0,0.0,0.0,0.0,0.0,0.0,0.0,0.0,0.0,0.0,0.0,0.0,0.0,0.0,0.0,0.0,0.0,-11.182809820388384,-11.182809820388384,-11.182809820388384,-0.26139195074938,-0.26139195074938,-0.26139195074938,-0.015963597837451927,-0.015963597837451927,-0.015963597837451927,-9.539172507531815,-9.539172507531815,-9.539172507531815,0.7160233982161965,0.7160233982161965,0.7160233982161965,0.0,0.0,0.0,0.042697950393710694,0.042697950393710694,0.042697950393710694,0.06949249123800126,0.06949249123800126,0.06949249123800126,-7.791315518011855,-7.791315518011855,-7.791315518011855,-0.46215325334700974,-0.46215325334700974,-0.46215325334700974,-0.9143647752679208,-0.9143647752679208,-0.9143647752679208,-0.9887080205406913,-0.9887080205406913,-0.9887080205406913,0.2031517114826648,0.2031517114826648,0.2031517114826648,-0.64977226231476,-0.64977226231476,-0.64977226231476,1.1935088516518415,1.1935088516518415,1.1935088516518415,0.25173936845730066,0.25173936845730066,0.25173936845730066,-2.575754213759032,-2.575754213759032,-2.575754213759032,0.0,0.0,0.0,45.43321159680953
487,2018-04-09 15:00:00,56.61604517846641,36.08559953012745,54.86014319704013,56.61604517846641,56.61604517846641,0.0,0.0,0.0,0.0,0.0,0.0,0.0,0.0,0.0,0.0,0.0,0.0,0.0,0.0,0.0,0.0,0.0,0.0,0.0,0.0,0.0,0.0,0.0,0.0,0.0,0.0,0.0,0.0,0.0,0.0,-11.027832754002588,-11.027832754002588,-11.027832754002588,-0.34117648823700236,-0.34117648823700236,-0.34117648823700236,-0.022300457325870538,-0.022300457325870538,-0.022300457325870538,-9.34442948275838,-9.34442948275838,-9.34442948275838,0.48294611825662676,0.48294611825662676,0.48294611825662676,0.0,0.0,0.0,0.0640297796555683,0.0640297796555683,0.0640297796555683,0.0005932894567251377,0.0005932894567251377,0.0005932894567251377,-7.2272963388758225,-7.2272963388758225,-7.2272963388758225,-0.34151668685341335,-0.34151668685341335,-0.34151668685341335,-1.1863997802004669,-1.1863997802004669,-1.1863997802004669,-0.8808651034339868,-0.8808651034339868,-0.8808651034339868,0.17393823910719658,0.17393823910719658,0.17393823910719658,-0.5795408247873576,-0.5795408247873576,-0.5795408247873576,1.226993490576736,1.226993490576736,1.226993490576736,0.17198228224241854,0.17198228224241854,0.17198228224241854,-2.569220273583942,-2.569220273583942,-2.569220273583942,0.0,0.0,0.0,45.58821242446382
488,2018-04-09 16:00:00,56.6160689397349,37.91450672658238,57.72513623320137,56.6160689397349,56.6160689397349,0.0,0.0,0.0,0.0,0.0,0.0,0.0,0.0,0.0,0.0,0.0,0.0,0.0,0.0,0.0,0.0,0.0,0.0,0.0,0.0,0.0,0.0,0.0,0.0,0.0,0.0,0.0,0.0,0.0,0.0,-9.048269697104331,-9.048269697104331,-9.048269697104331,0.12909940427185582,0.12909940427185582,0.12909940427185582,-0.028637316814289136,-0.028637316814289136,-0.028637316814289136,-7.866576011068574,-7.866576011068574,-7.866576011068574,0.5129744794784118,0.5129744794784118,0.5129744794784118,0.0,0.0,0.0,0.08536160891742588,0.08536160891742588,0.08536160891742588,-0.11743135215963128,-0.11743135215963128,-0.11743135215963128,-6.7472085852064625,-6.7472085852064625,-6.7472085852064625,0.3038303824472811,0.3038303824472811,0.3038303824472811,-1.040892684538872,-1.040892684538872,-1.040892684538872,-0.5426780915362631,-0.5426780915362631,-0.5426780915362631,0.12694265311187808,0.12694265311187808,0.12694265311187808,-0.5113969459125742,-0.5113969459125742,-0.5113969459125742,1.2518666754967012,1.2518666754967012,1.2518666754967012,0.09255984114452193,0.09255984114452193,0.09255984114452193,-2.5626597658043146,-2.5626597658043146,-2.5626597658043146,0.0,0.0,0.0,47.56779924263057
489,2018-04-09 17:00:00,56.616092701003396,42.671807538665554,61.05771411832069,56.616092701003396,56.616092701003396,0.0,0.0,0.0,0.0,0.0,0.0,0.0,0.0,0.0,0.0,0.0,0.0,0.0,0.0,0.0,0.0,0.0,0.0,0.0,0.0,0.0,0.0,0.0,0.0,0.0,0.0,0.0,0.0,0.0,0.0,-4.542796464278827,-4.542796464278827,-4.542796464278827,0.9717007070578035,0.9717007070578035,0.9717007070578035,-0.03497417630270774,-0.03497417630270774,-0.03497417630270774,-4.226723089530751,-4.226723089530751,-4.226723089530751,0.6697892547477338,0.6697892547477338,0.6697892547477338,0.0,0.0,0.0,0.10669343817928349,0.10669343817928349,0.10669343817928349,-0.143075449683604,-0.143075449683604,-0.143075449683604,-4.850358369659685,-4.850358369659685,-4.850358369659685,0.7606096148016747,0.7606096148016747,0.7606096148016747,-0.6534009623965832,-0.6534009623965832,-0.6534009623965832,0.35775791537408397,0.35775791537408397,0.35775791537408397,0.05474459781323803,0.05474459781323803,0.05474459781323803,-0.4987224826645292,-0.4987224826645292,-0.4987224826645292,1.2682986749110738,1.2682986749110738,1.2682986749110738,0.004213530260344794,0.004213530260344794,0.004213530260344794,-2.556072756716953,-2.556072756716953,-2.556072756716953,0.0,0.0,0.0,52.073296236724566
490,2018-04-09 18:00:00,56.61611646227189,49.662618405699824,67.91539633806971,56.61611646227189,56.61611646227189,0.0,0.0,0.0,0.0,0.0,0.0,0.0,0.0,0.0,0.0,0.0,0.0,0.0,0.0,0.0,0.0,0.0,0.0,0.0,0.0,0.0,0.0,0.0,0.0,0.0,0.0,0.0,0.0,0.0,0.0,1.8782606005031883,1.8782606005031883,1.8782606005031883,1.7111048159829196,1.7111048159829196,1.7111048159829196,-0.04131103579112634,-0.04131103579112634,-0.04131103579112634,1.4400849047673352,1.4400849047673352,1.4400849047673352,0.779893245894279,0.779893245894279,0.779893245894279,0.0,0.0,0.0,0.1280252674411411,0.1280252674411411,0.1280252674411411,-0.08251830372337925,-0.08251830372337925,-0.08251830372337925,-2.785645303179568,-2.785645303179568,-2.785645303179568,1.933009644511285,1.933009644511285,1.933009644511285,0.132653673949205,0.132653673949205,0.132653673949205,1.9261917971783855,1.9261917971783855,1.9261917971783855,-0.02741411511456627,-0.02741411511456627,-0.02741411511456627,-0.4675582142075714,-0.4675582142075714,-0.4675582142075714,1.2765301937071045,1.2765301937071045,1.2765301937071045,-0.05524175219074915,-0.05524175219074915,-0.05524175219074915,-2.5494593139541712,-2.5494593139541712,-2.5494593139541712,0.0,0.0,0.0,58.49437706277508
491,2018-04-09 19:00:00,56.61614022354039,51.7408589608353,70.74896580727041,56.61614022354039,56.61614022354039,0.0,0.0,0.0,0.0,0.0,0.0,0.0,0.0,0.0,0.0,0.0,0.0,0.0,0.0,0.0,0.0,0.0,0.0,0.0,0.0,0.0,0.0,0.0,0.0,0.0,0.0,0.0,0.0,0.0,0.0,4.8714076165426,4.8714076165426,4.8714076165426,1.9031478529767472,1.9031478529767472,1.9031478529767472,-0.047647895279544945,-0.047647895279544945,-0.047647895279544945,4.2342107283481605,4.2342107283481605,4.2342107283481605,0.8061084818815517,0.8061084818815517,0.8061084818815517,0.0,0.0,0.0,0.14935709670299868,0.14935709670299868,0.14935709670299868,0.2443666984496707,0.2443666984496707,0.2443666984496707,-1.7213948282621732,-1.7213948282621732,-1.7213948282621732,1.8826468060722117,1.8826468060722117,1.8826468060722117,1.0515626150294908,1.0515626150294908,1.0515626150294908,2.5669671881424936,2.5669671881424936,2.5669671881424936,-0.06538494419755474,-0.06538494419755474,-0.06538494419755474,-0.5522534509709783,-0.5522534509709783,-0.5522534509709783,1.2768685416923071,1.2768685416923071,1.2768685416923071,-0.0801170392200061,-0.0801170392200061,-0.0801170392200061,-2.542819506474614,-2.542819506474614,-2.542819506474614,0.0,0.0,0.0,61.48754784008299
492,2018-04-09 20:00:00,56.616163984808885,49.22062357992766,68.03377148020118,56.616163984808885,56.616163984808885,0.0,0.0,0.0,0.0,0.0,0.0,0.0,0.0,0.0,0.0,0.0,0.0,0.0,0.0,0.0,0.0,0.0,0.0,0.0,0.0,0.0,0.0,0.0,0.0,0.0,0.0,0.0,0.0,0.0,0.0,1.575398744219586,1.575398744219586,1.575398744219586,1.441210589239615,1.441210589239615,1.441210589239615,-0.053984754767963564,-0.053984754767963564,-0.053984754767963564,1.4006584003439218,1.4006584003439218,1.4006584003439218,0.828033951979998,0.828033951979998,0.828033951979998,0.0,0.0,0.0,0.17068892596485627,0.17068892596485627,0.17068892596485627,0.1853543776414925,0.1853543776414925,0.1853543776414925,-2.5640663399475567,-2.5640663399475567,-2.5640663399475567,0.725472750774414,0.725472750774414,0.725472750774414,0.4806054244443214,0.4806054244443214,0.4806054244443214,2.284272162717152,2.284272162717152,2.284272162717152,-0.07514505167311164,-0.07514505167311164,-0.07514505167311164,-0.4932053633683214,-0.4932053633683214,-0.4932053633683214,1.2696831592138378,1.2696831592138378,1.2696831592138378,-0.08736768342135902,-0.08736768342135902,-0.08736768342135902,-2.5361534045777883,-2.5361534045777883,-2.5361534045777883,0.0,0.0,0.0,58.19156272902847
493,2018-04-09 21:00:00,56.61618774607738,43.2836782672842,62.239346889709005,56.61618774607738,56.61618774607738,0.0,0.0,0.0,0.0,0.0,0.0,0.0,0.0,0.0,0.0,0.0,0.0,0.0,0.0,0.0,0.0,0.0,0.0,0.0,0.0,0.0,0.0,0.0,0.0,0.0,0.0,0.0,0.0,0.0,0.0,-4.303562068007155,-4.303562068007155,-4.303562068007155,0.5844943901318099,0.5844943901318099,0.5844943901318099,-0.06032161425638218,-0.06032161425638218,-0.06032161425638218,-3.6139959354902973,-3.6139959354902973,-3.6139959354902973,0.7751268393511386,0.7751268393511386,0.7751268393511386,0.0,0.0,0.0,0.19202075522671386,0.19202075522671386,0.19202075522671386,-0.1860215889104981,-0.1860215889104981,-0.1860215889104981,-4.2527666203369865,-4.2527666203369865,-4.2527666203369865,0.07075585106644923,0.07075585106644923,0.07075585106644923,-0.56324982704103,-0.56324982704103,-0.56324982704103,0.7776123790613502,0.7776123790613502,0.7776123790613502,-0.083167057817405,-0.083167057817405,-0.083167057817405,-0.2236120745157869,-0.2236120745157869,-0.2236120745157869,1.2554005572502471,1.2554005572502471,1.2554005572502471,-0.06037297731786045,-0.06037297731786045,-0.06037297731786045,-2.529461079898916,-2.529461079898916,-2.529461079898916,0.0,0.0,0.0,52.312625678070226
494,2018-04-09 22:00:00,56.616211507345874,35.88912710753508,55.03014097269924,56.616211507345874,56.616211507345874,0.0,0.0,0.0,0.0,0.0,0.0,0.0,0.0,0.0,0.0,0.0,0.0,0.0,0.0,0.0,0.0,0.0,0.0,0.0,0.0,0.0,0.0,0.0,0.0,0.0,0.0,0.0,0.0,0.0,0.0,-11.002690834526955,-11.002690834526955,-11.002690834526955,-0.29093656121952394,-0.29093656121952394,-0.29093656121952394,-0.06665847374480079,-0.06665847374480079,-0.06665847374480079,-9.423510403385247,-9.423510403385247,-9.423510403385247,0.072081874237917,0.072081874237917,0.072081874237917,0.0,0.0,0.0,0.21335258448857147,0.21335258448857147,0.21335258448857147,-0.5879850934730103,-0.5879850934730103,-0.5879850934730103,-7.076219773035813,-7.076219773035813,-7.076219773035813,-0.8615422744568766,-0.8615422744568766,-0.8615422744568766,-1.1690021926757108,-1.1690021926757108,-1.1690021926757108,0.1734826395412682,0.1734826395412682,0.1734826395412682,-0.09292716529296188,-0.09292716529296188,-0.09292716529296188,0.11203753455891173,0.11203753455891173,0.11203753455891173,1.2344987354949861,1.2344987354949861,1.2344987354949861,-0.14013006353274257,-0.14013006353274257,-0.14013006353274257,-2.5227426054171707,-2.5227426054171707,-2.5227426054171707,0.0,0.0,0.0,45.61352067281892
495,2018-04-09 23:00:00,56.61623526861437,32.431407184240115,51.401885574686055,56.61623526861437,56.61623526861437,0.0,0.0,0.0,0.0,0.0,0.0,0.0,0.0,0.0,0.0,0.0,0.0,0.0,0.0,0.0,0.0,0.0,0.0,0.0,0.0,0.0,0.0,0.0,0.0,0.0,0.0,0.0,0.0,0.0,0.0,-14.390381056426731,-14.390381056426731,-14.390381056426731,-0.9734703273845249,-0.9734703273845249,-0.9734703273845249,-0.0729953332332194,-0.0729953332332194,-0.0729953332332194,-12.10841382117678,-12.10841382117678,-12.10841382117678,-0.038498757562942264,-0.038498757562942264,-0.038498757562942264,0.0,0.0,0.0,0.2346844137504291,0.2346844137504291,0.2346844137504291,-0.6609008406496076,-0.6609008406496076,-0.6609008406496076,-7.9860364250945315,-7.9860364250945315,-7.9860364250945315,-1.204712313123126,-1.204712313123126,-1.204712313123126,-2.231836630551705,-2.231836630551705,-2.231836630551705,-0.3364154248370327,-0.3364154248370327,-0.3364154248370327,-0.09225866478093743,-0.09225866478093743,-0.09225866478093743,0.34316009967032124,0.34316009967032124,0.34316009967032124,1.2075011475899085,1.2075011475899085,1.2075011475899085,-0.06260394476443058,-0.06260394476443058,-0.06260394476443058,-2.515998055455334,-2.515998055455334,-2.515998055455334,0.0,0.0,0.0,42.225854212187635
496,2018-04-10 00:00:00,56.61625902988286,28.485416741423226,47.22806373064741,56.61625902988286,56.61625902988286,0.0,0.0,0.0,0.0,0.0,0.0,0.0,0.0,0.0,0.0,0.0,0.0,0.0,0.0,0.0,0.0,0.0,0.0,0.0,0.0,0.0,0.0,0.0,0.0,0.0,0.0,0.0,0.0,0.0,0.0,-18.756649337643584,-18.756649337643584,-18.756649337643584,-1.4816920960042272,-1.4816920960042272,-1.4816920960042272,-0.07933219272163798,-0.07933219272163798,-0.07933219272163798,-15.940700023142472,-15.940700023142472,-15.940700023142472,-0.27491252210271033,-0.27491252210271033,-0.27491252210271033,0.0,0.0,0.0,3.429186999550095e-05,3.429186999550095e-05,3.429186999550095e-05,-0.6717146167139335,-0.6717146167139335,-0.6717146167139335,-10.688628325121353,-10.688628325121353,-10.688628325121353,-1.306609218802184,-1.306609218802184,-1.306609218802184,-2.29035578858952,-2.29035578858952,-2.29035578858952,-0.998131188054869,-0.998131188054869,-0.998131188054869,-0.09199126457612766,-0.09199126457612766,-0.09199126457612766,0.47870230075823816,0.47870230075823816,0.47870230075823816,1.1749702871835173,1.1749702871835173,1.1749702871835173,-0.01776149908837098,-0.01776149908837098,-0.01776149908837098,-2.5092275056804016,-2.5092275056804016,-2.5092275056804016,0.0,0.0,0.0,37.859609692239275
497,2018-04-10 01:00:00,56.61628279115136,25.323508741548423,43.76785836875198,56.61628279115136,56.61628279115136,0.0,0.0,0.0,0.0,0.0,0.0,0.0,0.0,0.0,0.0,0.0,0.0,0.0,0.0,0.0,0.0,0.0,0.0,0.0,0.0,0.0,0.0,0.0,0.0,0.0,0.0,0.0,0.0,0.0,0.0,-21.782106657667413,-21.782106657667413,-21.782106657667413,-1.8959714795247076,-1.8959714795247076,-1.8959714795247076,-0.07933219272163798,-0.07933219272163798,-0.07933219272163798,-18.52120511734632,-18.52120511734632,-18.52120511734632,-0.28825846042350367,-0.28825846042350367,-0.28825846042350367,0.0,0.0,0.0,-0.23461583001043806,-0.23461583001043806,-0.23461583001043806,-0.6476153443420072,-0.6476153443420072,-0.6476153443420072,-12.387400376566784,-12.387400376566784,-12.387400376566784,-1.3042667612003662,-1.3042667612003662,-1.3042667612003662,-2.6193283526939948,-2.6193283526939948,-2.6193283526939948,-1.4671955265383982,-1.4671955265383982,-1.4671955265383982,-0.09199126457612766,-0.09199126457612766,-0.09199126457612766,0.545504177642052,0.545504177642052,0.545504177642052,1.1375009723155207,1.1375009723155207,1.1375009723155207,0.05329481408488764,0.05329481408488764,0.05329481408488764,-2.5024310331119075,-2.5024310331119075,-2.5024310331119075,0.0,0.0,0.0,34.83417613348395
498,2018-04-10 02:00:00,56.61630655241986,24.905836861884044,43.295393356339986,56.61630655241986,56.61630655241986,0.0,0.0,0.0,0.0,0.0,0.0,0.0,0.0,0.0,0.0,0.0,0.0,0.0,0.0,0.0,0.0,0.0,0.0,0.0,0.0,0.0,0.0,0.0,0.0,0.0,0.0,0.0,0.0,0.0,0.0,-22.465580225267065,-22.465580225267065,-22.465580225267065,-2.1660400357787206,-2.1660400357787206,-2.1660400357787206,-0.07933219272163798,-0.07933219272163798,-0.07933219272163798,-18.89964488162881,-18.89964488162881,-18.89964488162881,-0.222482050128165,-0.222482050128165,-0.222482050128165,0.0,0.0,0.0,-0.21328400074858048,-0.21328400074858048,-0.21328400074858048,-0.6695518615010682,-0.6695518615010682,-0.6695518615010682,-12.6996252793028,-12.6996252793028,-12.6996252793028,-1.2913832443903703,-1.2913832443903703,-1.2913832443903703,-2.684173906195357,-2.684173906195357,-2.684173906195357,-1.6504237837585272,-1.6504237837585272,-1.6504237837585272,-0.0919244145249252,-0.0919244145249252,-0.0919244145249252,0.6026138179244197,0.6026138179244197,0.6026138179244197,1.0957134082574107,1.0957134082574107,1.0957134082574107,0.09992203371820334,0.09992203371820334,0.09992203371820334,-2.495608716116948,-2.495608716116948,-2.495608716116948,0.0,0.0,0.0,34.150726327152796
499,2018-04-10 03:00:00,56.61633031368835,28.084497363132204,46.85071433609948,56.61633031368835,56.61633031368835,0.0,0.0,0.0,0.0,0.0,0.0,0.0,0.0,0.0,0.0,0.0,0.0,0.0,0.0,0.0,0.0,0.0,0.0,0.0,0.0,0.0,0.0,0.0,0.0,0.0,0.0,0.0,0.0,0.0,0.0,-19.049434312228236,-19.049434312228236,-19.049434312228236,-2.1095538157700973,-2.1095538157700973,-2.1095538157700973,-0.07933219272163798,-0.07933219272163798,-0.07933219272163798,-15.501365972881294,-15.501365972881294,-15.501365972881294,0.0039222606710080515,0.0039222606710080515,0.0039222606710080515,0.0,0.0,0.0,-0.19195217148672286,-0.19195217148672286,-0.19195217148672286,-0.6609008406496076,-0.6609008406496076,-0.6609008406496076,-9.476658541382617,-9.476658541382617,-9.476658541382617,-1.1367810426704217,-1.1367810426704217,-1.1367810426704217,-2.8961081542242018,-2.8961081542242018,-2.8961081542242018,-1.6441416720824087,-1.6441416720824087,-1.6441416720824087,-0.0919244145249252,-0.0919244145249252,-0.0919244145249252,0.5370048316992454,0.5370048316992454,0.5370048316992454,1.050246110842818,1.050246110842818,1.050246110842818,0.1355059644909969,0.1355059644909969,0.1355059644909969,-2.4887606344196636,-2.4887606344196636,-2.4887606344196636,0.0,0.0,0.0,37.566896001460115
500,2018-04-10 04:00:00,56.616354074956845,33.614205641542696,53.02117588182804,56.616354074956845,56.616354074956845,0.0,0.0,0.0,0.0,0.0,0.0,0.0,0.0,0.0,0.0,0.0,0.0,0.0,0.0,0.0,0.0,0.0,0.0,0.0,0.0,0.0,0.0,0.0,0.0,0.0,0.0,0.0,0.0,0.0,0.0,-13.186755428183222,-13.186755428183222,-13.186755428183222,-1.6034901732001612,-1.6034901732001612,-1.6034901732001612,-0.07933219272163798,-0.07933219272163798,-0.07933219272163798,-10.103127158966833,-10.103127158966833,-10.103127158966833,0.8799877833002292,0.8799877833002292,0.8799877833002292,0.0,0.0,0.0,-0.17062034222486527,-0.17062034222486527,-0.17062034222486527,-0.3494640899970231,-0.3494640899970231,-0.3494640899970231,-6.522272364955782,-6.522272364955782,-6.522272364955782,-0.26304435719253005,-0.26304435719253005,-0.26304435719253005,-2.4232100933240193,-2.4232100933240193,-2.4232100933240193,-1.5069822338204835,-1.5069822338204835,-1.5069822338204835,-0.09199126457612766,-0.09199126457612766,-0.09199126457612766,0.24802706964381846,0.24802706964381846,0.24802706964381846,1.0017487730804728,1.0017487730804728,1.0017487730804728,0.17577492690158775,0.17577492690158775,0.17577492690158775,-2.4818868690967,-2.4818868690967,-2.4818868690967,0.0,0.0,0.0,43.42959864677363
501,2018-04-10 05:00:00,56.61637783622534,40.341599600136746,60.17119860233193,56.61637783622534,56.61637783622534,0.0,0.0,0.0,0.0,0.0,0.0,0.0,0.0,0.0,0.0,0.0,0.0,0.0,0.0,0.0,0.0,0.0,0.0,0.0,0.0,0.0,0.0,0.0,0.0,0.0,0.0,0.0,0.0,0.0,0.0,-6.195412717202976,-6.195412717202976,-6.195412717202976,-0.7620840506081215,-0.7620840506081215,-0.7620840506081215,-0.07933219272163798,-0.07933219272163798,-0.07933219272163798,-3.909216321567669,-3.909216321567669,-3.909216321567669,1.792277995657318,1.792277995657318,1.792277995657318,0.0,0.0,0.0,-0.1492885129630077,-0.1492885129630077,-0.1492885129630077,0.13344825253272843,0.13344825253272843,0.13344825253272843,-3.376522538464936,-3.376522538464936,-3.376522538464936,0.5919526674708219,0.5919526674708219,0.5919526674708219,-2.029391975718182,-2.029391975718182,-2.029391975718182,-0.7866334282922058,-0.7866334282922058,-0.7866334282922058,-0.0919244145249252,-0.0919244145249252,-0.0919244145249252,-0.12504948384569547,-0.12504948384569547,-0.12504948384569547,0.95087515756025,0.95087515756025,0.95087515756025,0.2112473093020528,0.2112473093020528,0.2112473093020528,-2.4749875025874353,-2.4749875025874353,-2.4749875025874353,0.0,0.0,0.0,50.42096511902236
502,2018-04-10 06:00:00,56.61640159749384,44.4241808606284,63.12536994002096,56.61640159749384,56.61640159749384,0.0,0.0,0.0,0.0,0.0,0.0,0.0,0.0,0.0,0.0,0.0,0.0,0.0,0.0,0.0,0.0,0.0,0.0,0.0,0.0,0.0,0.0,0.0,0.0,0.0,0.0,0.0,0.0,0.0,0.0,-2.52286685576808,-2.52286685576808,-2.52286685576808,0.09599207999814467,0.09599207999814467,0.09599207999814467,-0.07933219272163798,-0.07933219272163798,-0.07933219272163798,-1.0490724130807372,-1.0490724130807372,-1.0490724130807372,2.18217005088621,2.18217005088621,2.18217005088621,0.0,0.0,0.0,-0.1279566837011501,-0.1279566837011501,-0.1279566837011501,-0.04853215037835515,-0.04853215037835515,-0.04853215037835515,-1.9295447634195202,-1.9295447634195202,-1.9295447634195202,1.100265967065198,1.100265967065198,1.100265967065198,-2.049952760974712,-2.049952760974712,-2.049952760974712,0.10333239249127664,0.10333239249127664,0.10333239249127664,-0.07414230090507498,-0.07414230090507498,-0.07414230090507498,-0.3760038561569873,-0.3760038561569873,-0.3760038561569873,0.8982760960005344,0.8982760960005344,0.8982760960005344,0.2506238847340156,0.2506238847340156,0.2506238847340156,-2.4680626186860213,-2.4680626186860213,-2.4680626186860213,0.0,0.0,0.0,54.09353474172576
503,2018-04-10 07:00:00,56.616425358762335,47.650489947271396,66.6449278867646,56.616425358762335,56.616425358762335,0.0,0.0,0.0,0.0,0.0,0.0,0.0,0.0,0.0,0.0,0.0,0.0,0.0,0.0,0.0,0.0,0.0,0.0,0.0,0.0,0.0,0.0,0.0,0.0,0.0,0.0,0.0,0.0,0.0,0.0,0.4087707756897293,0.4087707756897293,0.4087707756897293,0.6742524819339746,0.6742524819339746,0.6742524819339746,-0.07933219272163798,-0.07933219272163798,-0.07933219272163798,1.3510379211402503,1.3510379211402503,1.3510379211402503,2.2851244322180437,2.2851244322180437,2.2851244322180437,0.0,0.0,0.0,-0.10662485443929248,-0.10662485443929248,-0.10662485443929248,0.18782609788476698,0.18782609788476698,0.18782609788476698,-1.7885399686355115,-1.7885399686355115,-1.7885399686355115,1.0604441878343034,1.0604441878343034,1.0604441878343034,-0.6628905555919039,-0.6628905555919039,-0.6628905555919039,0.8372924399844771,0.8372924399844771,0.8372924399844771,-0.014578905283696923,-0.014578905283696923,-0.014578905283696923,-0.6754194114755101,-0.6754194114755101,-0.6754194114755101,0.8445926751673187,0.8445926751673187,0.8445926751673187,0.30773665136621087,0.30773665136621087,0.30773665136621087,-2.4611123025518142,-2.4611123025518142,-2.4611123025518142,0.0,0.0,0.0,57.02519613445207
504,2018-04-10 08:00:00,56.63609446311888,47.778770156756714,66.54169875144261,56.63609446311888,56.63609446311888,0.0,0.0,0.0,0.0,0.0,0.0,0.0,0.0,0.0,0.0,0.0,0.0,0.0,0.0,0.0,0.0,0.0,0.0,0.0,0.0,0.0,0.0,0.0,0.0,0.0,0.0,0.0,0.0,0.0,0.0,0.5411366716228958,0.5411366716228958,0.5411366716228958,0.8685323620302506,0.8685323620302506,0.8685323620302506,-0.08117313740633318,-0.08117313740633318,-0.08117313740633318,1.25577101378274,1.25577101378274,1.25577101378274,2.3086317205961935,2.3086317205961935,2.3086317205961935,0.0,0.0,0.0,-0.06990264427284278,-0.06990264427284278,-0.06990264427284278,0.18781291008340856,0.18781291008340856,0.18781291008340856,-1.9332477206299015,-1.9332477206299015,-1.9332477206299015,0.9013950884039503,0.9013950884039503,0.9013950884039503,-0.6968346595828194,-0.6968346595828194,-0.6968346595828194,1.0498534559347221,1.0498534559347221,1.0498534559347221,0.07784303402593604,0.07784303402593604,0.07784303402593604,-0.8388690936219669,-0.8388690936219669,-0.8388690936219669,0.7900356584592839,0.7900356584592839,0.7900356584592839,0.350262060252393,0.350262060252393,0.350262060252393,-2.373202362649379,-2.373202362649379,-2.373202362649379,0.0,0.0,0.0,57.177231134741774
505,2018-04-10 09:00:00,56.63612540381661,46.093754528637895,65.59896188047296,56.63612540381661,56.63612540381661,0.0,0.0,0.0,0.0,0.0,0.0,0.0,0.0,0.0,0.0,0.0,0.0,0.0,0.0,0.0,0.0,0.0,0.0,0.0,0.0,0.0,0.0,0.0,0.0,0.0,0.0,0.0,0.0,0.0,0.0,-0.46422801191208724,-0.46422801191208724,-0.46422801191208724,0.8952156407953284,0.8952156407953284,0.8952156407953284,-0.08117313740633318,-0.08117313740633318,-0.08117313740633318,0.27046410972968155,0.27046410972968155,0.27046410972968155,2.4600417052803567,2.4600417052803567,2.4600417052803567,0.0,0.0,0.0,-0.05241996317528034,-0.05241996317528034,-0.05241996317528034,0.304875718899364,0.304875718899364,0.304875718899364,-2.3500138086760405,-2.3500138086760405,-2.3500138086760405,0.607766047207724,0.607766047207724,0.607766047207724,-1.2452693642240416,-1.2452693642240416,-1.2452693642240416,1.074100793614429,1.074100793614429,1.074100793614429,0.1457174843441373,0.1457174843441373,0.1457174843441373,-0.9693546962311104,-0.9693546962311104,-0.9693546962311104,0.736246916191758,0.736246916191758,0.736246916191758,0.3761933300964773,0.3761933300964773,0.3761933300964773,-2.366154678628855,-2.366154678628855,-2.366154678628855,0.0,0.0,0.0,56.17189739190452
506,2018-04-10 10:00:00,56.63615634451434,44.03019625119944,62.85931736396349,56.63615634451434,56.63615634451434,0.0,0.0,0.0,0.0,0.0,0.0,0.0,0.0,0.0,0.0,0.0,0.0,0.0,0.0,0.0,0.0,0.0,0.0,0.0,0.0,0.0,0.0,0.0,0.0,0.0,0.0,0.0,0.0,0.0,0.0,-2.834053702122502,-2.834053702122502,-2.834053702122502,0.882015588963653,0.882015588963653,0.882015588963653,-0.08117313740633318,-0.08117313740633318,-0.08117313740633318,-2.040116729994832,-2.040116729994832,-2.040116729994832,2.5790747121075293,2.5790747121075293,2.5790747121075293,0.0,0.0,0.0,-0.03493728207771791,-0.03493728207771791,-0.03493728207771791,0.37129218296852007,0.37129218296852007,0.37129218296852007,-3.4490663150557777,-3.4490663150557777,-3.4490663150557777,0.14245873595725309,0.14245873595725309,0.14245873595725309,-1.7715130692555037,-1.7715130692555037,-1.7715130692555037,0.6945772473233734,0.6945772473233734,0.6945772473233734,0.18375306084660395,0.18375306084660395,0.18375306084660395,-1.0819392127680245,-1.0819392127680245,-1.0819392127680245,0.6831303354981414,0.6831303354981414,0.6831303354981414,0.40735634736524545,0.40735634736524545,0.40735634736524545,-2.359082896589464,-2.359082896589464,-2.359082896589464,0.0,0.0,0.0,53.80210264239184
507,2018-04-10 11:00:00,56.63618728521207,43.12207300413619,61.75224910852659,56.63618728521207,56.63618728521207,0.0,0.0,0.0,0.0,0.0,0.0,0.0,0.0,0.0,0.0,0.0,0.0,0.0,0.0,0.0,0.0,0.0,0.0,0.0,0.0,0.0,0.0,0.0,0.0,0.0,0.0,0.0,0.0,0.0,0.0,-3.9586890999334425,-3.9586890999334425,-3.9586890999334425,0.8237307219738125,0.8237307219738125,0.8237307219738125,-0.08117313740633318,-0.08117313740633318,-0.08117313740633318,-3.0616576677367213,-3.0616576677367213,-3.0616576677367213,2.508131040038534,2.508131040038534,2.508131040038534,0.0,0.0,0.0,-0.017454600980155482,-0.017454600980155482,-0.017454600980155482,0.35643187822245326,0.35643187822245326,0.35643187822245326,-4.000273076665188,-4.000273076665188,-4.000273076665188,-0.07539506880123664,-0.07539506880123664,-0.07539506880123664,-1.7461519268443493,-1.7461519268443493,-1.7461519268443493,0.491110457228447,0.491110457228447,0.491110457228447,0.20992498872353746,0.20992498872353746,0.20992498872353746,-1.127357670819053,-1.127357670819053,-1.127357670819053,0.6312249558095326,0.6312249558095326,0.6312249558095326,0.4205494495666217,0.4205494495666217,0.4205494495666217,-2.3519871099800667,-2.3519871099800667,-2.3519871099800667,0.0,0.0,0.0,52.67749818527862
508,2018-04-10 12:00:00,56.6362182259098,41.395457589643264,59.712869438430225,56.6362182259098,56.6362182259098,0.0,0.0,0.0,0.0,0.0,0.0,0.0,0.0,0.0,0.0,0.0,0.0,0.0,0.0,0.0,0.0,0.0,0.0,0.0,0.0,0.0,0.0,0.0,0.0,0.0,0.0,0.0,0.0,0.0,0.0,-5.875878449389511,-5.875878449389511,-5.875878449389511,0.5966482720071604,0.5966482720071604,0.5966482720071604,-0.08117313740633318,-0.08117313740633318,-0.08117313740633318,-4.708691255565343,-4.708691255565343,-4.708691255565343,2.448138404597639,2.448138404597639,2.448138404597639,0.0,0.0,0.0,2.8080117406948396e-05,2.8080117406948396e-05,2.8080117406948396e-05,0.024349557876672822,0.024349557876672822,0.024349557876672822,-4.689281528676948,-4.689281528676948,-4.689281528676948,-0.4661111316833119,-0.4661111316833119,-0.4661111316833119,-1.7762682834575954,-1.7762682834575954,-1.7762682834575954,0.2802640426223056,0.2802640426223056,0.2802640426223056,0.22552748418863247,0.22552748418863247,0.22552748418863247,-1.048652069245284,-1.048652069245284,-1.048652069245284,0.5810319477533621,0.5810319477533621,0.5810319477533621,0.37448732550147174,0.37448732550147174,0.37448732550147174,-2.3448674135846894,-2.3448674135846894,-2.3448674135846894,0.0,0.0,0.0,50.76033977652029
509,2018-04-10 13:00:00,56.636249166607534,38.485172930313155,57.930159676744815,56.636249166607534,56.636249166607534,0.0,0.0,0.0,0.0,0.0,0.0,0.0,0.0,0.0,0.0,0.0,0.0,0.0,0.0,0.0,0.0,0.0,0.0,0.0,0.0,0.0,0.0,0.0,0.0,0.0,0.0,0.0,0.0,0.0,0.0,-8.318754348941383,-8.318754348941383,-8.318754348941383,0.16929146360199115,0.16929146360199115,0.16929146360199115,-0.08117313740633318,-0.08117313740633318,-0.08117313740633318,-6.683332241948892,-6.683332241948892,-6.683332241948892,2.4195704829591183,2.4195704829591183,2.4195704829591183,0.0,0.0,0.0,0.01751076121496938,0.01751076121496938,0.01751076121496938,-0.06693517127773804,-0.06693517127773804,-0.06693517127773804,-5.9530238601716885,-5.9530238601716885,-5.9530238601716885,-0.7514522563941599,-0.7514522563941599,-0.7514522563941599,-1.9062441383147635,-1.9062441383147635,-1.9062441383147635,0.07468878838131818,0.07468878838131818,0.07468878838131818,0.22214814185287454,0.22214814185287454,0.22214814185287454,-0.9884393251841483,-0.9884393251841483,-0.9884393251841483,0.5330103329332407,0.5330103329332407,0.5330103329332407,0.33001747239166046,0.33001747239166046,0.33001747239166046,-2.337723903527723,-2.337723903527723,-2.337723903527723,0.0,0.0,0.0,48.31749481766615
510,2018-04-10 14:00:00,56.63628010730527,37.28165315064684,55.955394754195034,56.63628010730527,56.63628010730527,0.0,0.0,0.0,0.0,0.0,0.0,0.0,0.0,0.0,0.0,0.0,0.0,0.0,0.0,0.0,0.0,0.0,0.0,0.0,0.0,0.0,0.0,0.0,0.0,0.0,0.0,0.0,0.0,0.0,0.0,-10.230395934401475,-10.230395934401475,-10.230395934401475,-0.2514553460651179,-0.2514553460651179,-0.2514553460651179,-0.08117313740633318,-0.08117313740633318,-0.08117313740633318,-8.135957213411052,-8.135957213411052,-8.135957213411052,2.231022200144877,2.231022200144877,2.231022200144877,0.0,0.0,0.0,0.034993442312531806,0.034993442312531806,0.034993442312531806,-0.08604127737982405,-0.08604127737982405,-0.08604127737982405,-6.783195019424885,-6.783195019424885,-6.783195019424885,-0.9243145145177447,-0.9243145145177447,-0.9243145145177447,-1.7429817840429545,-1.7429817840429545,-1.7429817840429545,-0.2774247240109383,-0.2774247240109383,-0.2774247240109383,0.21014069142581987,0.21014069142581987,0.21014069142581987,-0.9692067533710095,-0.9692067533710095,-0.9692067533710095,0.4875733023447538,0.4875733023447538,0.4875733023447538,0.2522236628594073,0.2522236628594073,0.2522236628594073,-2.33055667727006,-2.33055667727006,-2.33055667727006,0.0,0.0,0.0,46.4058841729038
511,2018-04-10 15:00:00,56.636311048002995,37.04789822489326,56.00839295796757,56.636311048002995,56.636311048002995,0.0,0.0,0.0,0.0,0.0,0.0,0.0,0.0,0.0,0.0,0.0,0.0,0.0,0.0,0.0,0.0,0.0,0.0,0.0,0.0,0.0,0.0,0.0,0.0,0.0,0.0,0.0,0.0,0.0,0.0,-10.224310817589433,-10.224310817589433,-10.224310817589433,-0.3224186572346324,-0.3224186572346324,-0.3224186572346324,-0.08117313740633318,-0.08117313740633318,-0.08117313740633318,-8.023611493255759,-8.023611493255759,-8.023611493255759,2.1448423032020045,2.1448423032020045,2.1448423032020045,0.0,0.0,0.0,0.05247612341009424,0.05247612341009424,0.05247612341009424,-0.15427737060155974,-0.15427737060155974,-0.15427737060155974,-6.8268882383329474,-6.8268882383329474,-6.8268882383329474,-0.8734030275361411,-0.8734030275361411,-0.8734030275361411,-1.64470735719973,-1.64470735719973,-1.64470735719973,-0.05603598867448969,-0.05603598867448969,-0.05603598867448969,0.17706627707584893,0.17706627707584893,0.17706627707584893,-0.9335525240866516,-0.9335525240866516,-0.9335525240866516,0.4450851665120434,0.4450851665120434,0.4450851665120434,0.17204144689414638,0.17204144689414638,0.17204144689414638,-2.323365833611084,-2.323365833611084,-2.323365833611084,0.0,0.0,0.0,46.41200023041356
512,2018-04-10 16:00:00,56.63634198870073,37.857592083747306,57.15602983574569,56.63634198870073,56.63634198870073,0.0,0.0,0.0,0.0,0.0,0.0,0.0,0.0,0.0,0.0,0.0,0.0,0.0,0.0,0.0,0.0,0.0,0.0,0.0,0.0,0.0,0.0,0.0,0.0,0.0,0.0,0.0,0.0,0.0,0.0,-9.137494916824151,-9.137494916824151,-9.137494916824151,0.14685091798053787,0.14685091798053787,0.14685091798053787,-0.08117313740633318,-0.08117313740633318,-0.08117313740633318,-7.374053324329647,-7.374053324329647,-7.374053324329647,2.2167382393256165,2.2167382393256165,2.2167382393256165,0.0,0.0,0.0,0.06995880450765667,0.06995880450765667,0.06995880450765667,-0.1372941651774833,-0.1372941651774833,-0.1372941651774833,-6.638671295344368,-6.638671295344368,-6.638671295344368,-0.7526362444634993,-0.7526362444634993,-0.7526362444634993,-1.6922594992206446,-1.6922594992206446,-1.6922594992206446,0.25707093701563016,0.25707093701563016,0.25707093701563016,0.12486622312350344,0.12486622312350344,0.12486622312350344,-0.8217077218502429,-0.8217077218502429,-0.8217077218502429,0.4058589622187306,0.4058589622187306,0.4058589622187306,0.08105453516051699,0.08105453516051699,0.08105453516051699,-2.3161514726937726,-2.3161514726937726,-2.3161514726937726,0.0,0.0,0.0,47.498847071876575
513,2018-04-10 17:00:00,56.63637292939846,41.99369743579613,60.986119706718426,56.63637292939846,56.63637292939846,0.0,0.0,0.0,0.0,0.0,0.0,0.0,0.0,0.0,0.0,0.0,0.0,0.0,0.0,0.0,0.0,0.0,0.0,0.0,0.0,0.0,0.0,0.0,0.0,0.0,0.0,0.0,0.0,0.0,0.0,-5.488766067316031,-5.488766067316031,-5.488766067316031,0.9803915315296297,0.9803915315296297,0.9803915315296297,-0.08117313740633318,-0.08117313740633318,-0.08117313740633318,-4.530398635012679,-4.530398635012679,-4.530398635012679,2.456708781089196,2.456708781089196,2.456708781089196,0.0,0.0,0.0,0.08744148560521911,0.08744148560521911,0.08744148560521911,0.04982436601278748,0.04982436601278748,0.04982436601278748,-6.319374695631603,-6.319374695631603,-6.319374695631603,0.06786748758885755,0.06786748758885755,0.06786748758885755,-1.2103977934087042,-1.2103977934087042,-1.2103977934087042,1.0561788483729067,1.0561788483729067,1.0561788483729067,0.036068610683907494,0.036068610683907494,0.036068610683907494,-0.7144491482769674,-0.7144491482769674,-0.7144491482769674,0.37015473217118644,0.37015473217118644,0.37015473217118644,0.04090656035805301,0.04090656035805301,0.04090656035805301,-2.308913696004168,-2.308913696004168,-2.308913696004168,0.0,0.0,0.0,51.147606862082434
514,2018-04-10 18:00:00,56.636403870096196,48.4990293838803,67.80158083725675,56.636403870096196,56.636403870096196,0.0,0.0,0.0,0.0,0.0,0.0,0.0,0.0,0.0,0.0,0.0,0.0,0.0,0.0,0.0,0.0,0.0,0.0,0.0,0.0,0.0,0.0,0.0,0.0,0.0,0.0,0.0,0.0,0.0,0.0,1.5324980658638092,1.5324980658638092,1.5324980658638092,1.7123148639849624,1.7123148639849624,1.7123148639849624,-0.08117313740633318,-0.08117313740633318,-0.08117313740633318,1.7836573227350057,1.7836573227350057,1.7836573227350057,2.540508017895525,2.540508017895525,2.540508017895525,0.0,0.0,0.0,0.10492416670278153,0.10492416670278153,0.10492416670278153,0.12412588974312191,0.12412588974312191,0.12412588974312191,-3.3314307256879157,-3.3314307256879157,-3.3314307256879157,0.5272548584926298,0.5272548584926298,0.5272548584926298,0.27481410904454767,0.27481410904454767,0.27481410904454767,2.397162045267966,2.397162045267966,2.397162045267966,-0.04827114590851845,-0.04827114590851845,-0.04827114590851845,-0.7527663490431444,-0.7527663490431444,-0.7527663490431444,0.3381784855155865,0.3381784855155865,0.3381784855155865,0.02850959363434601,0.02850959363434601,0.02850959363434601,-2.301652606371745,-2.301652606371745,-2.301652606371745,0.0,0.0,0.0,58.16890193596001
515,2018-04-10 19:00:00,56.63643481079392,51.24484749394182,70.0159112485718,56.63643481079392,56.63643481079392,0.0,0.0,0.0,0.0,0.0,0.0,0.0,0.0,0.0,0.0,0.0,0.0,0.0,0.0,0.0,0.0,0.0,0.0,0.0,0.0,0.0,0.0,0.0,0.0,0.0,0.0,0.0,0.0,0.0,0.0,4.644056315697871,4.644056315697871,4.644056315697871,1.90869431808846,1.90869431808846,1.90869431808846,-0.08117313740633318,-0.08117313740633318,-0.08117313740633318,4.719648467051482,4.719648467051482,4.719648467051482,2.5581249029059467,2.5581249029059467,2.5581249029059467,0.0,0.0,0.0,0.12240684780034394,0.12240684780034394,0.12240684780034394,0.09319219414926838,0.09319219414926838,0.09319219414926838,-1.620673154595298,-1.620673154595298,-1.620673154595298,0.7462926513204596,0.7462926513204596,0.7462926513204596,1.5000743017834626,1.5000743017834626,1.5000743017834626,2.3402335133243066,2.3402335133243066,2.3402335133243066,-0.07178274045730215,-0.07178274045730215,-0.07178274045730215,-0.8808848658906707,-0.8808848658906707,-0.8808848658906707,0.31008183852826343,0.31008183852826343,0.31008183852826343,0.013837954117298266,0.013837954117298266,0.013837954117298266,-2.294368307970335,-2.294368307970335,-2.294368307970335,0.0,0.0,0.0,61.280491126491796
516,2018-04-10 20:00:00,56.636465751491656,47.008368848637026,66.53268355026255,56.636465751491656,56.636465751491656,0.0,0.0,0.0,0.0,0.0,0.0,0.0,0.0,0.0,0.0,0.0,0.0,0.0,0.0,0.0,0.0,0.0,0.0,0.0,0.0,0.0,0.0,0.0,0.0,0.0,0.0,0.0,0.0,0.0,0.0,0.30723831422999576,0.30723831422999576,0.30723831422999576,1.4642679358837343,1.4642679358837343,1.4642679358837343,-0.08117313740633318,-0.08117313740633318,-0.08117313740633318,0.8440689584211573,0.8440689584211573,0.8440689584211573,1.752509512699645,1.752509512699645,1.752509512699645,0.0,0.0,0.0,0.1398895288979064,0.1398895288979064,0.1398895288979064,-0.2401032122982317,-0.2401032122982317,-0.2401032122982317,-2.534869734825539,-2.534869734825539,-2.534869734825539,0.31176902987281874,0.31176902987281874,0.31176902987281874,0.5965836033860741,0.5965836033860741,0.5965836033860741,1.4736547492930658,1.4736547492930658,1.4736547492930658,-0.07487447919001683,-0.07487447919001683,-0.07487447919001683,-0.4926828009854639,-0.4926828009854639,-0.4926828009854639,0.28596232624627066,0.28596232624627066,0.28596232624627066,-0.006634101022768348,-0.006634101022768348,-0.006634101022768348,-2.287060906321166,-2.287060906321166,-2.287060906321166,0.0,0.0,0.0,56.943704065721654
517,2018-04-10 21:00:00,56.63649669218938,41.595588460740935,60.575317874263305,56.63649669218938,56.63649669218938,0.0,0.0,0.0,0.0,0.0,0.0,0.0,0.0,0.0,0.0,0.0,0.0,0.0,0.0,0.0,0.0,0.0,0.0,0.0,0.0,0.0,0.0,0.0,0.0,0.0,0.0,0.0,0.0,0.0,0.0,-5.962027683780589,-5.962027683780589,-5.962027683780589,0.6278913992317762,0.6278913992317762,0.6278913992317762,-0.08117313740633318,-0.08117313740633318,-0.08117313740633318,-4.57605294230908,-4.57605294230908,-4.57605294230908,1.1549638184272402,1.1549638184272402,1.1549638184272402,0.0,0.0,0.0,0.15737220999546883,0.15737220999546883,0.15737220999546883,-0.49212184993050895,-0.49212184993050895,-0.49212184993050895,-4.958162875803487,-4.958162875803487,-4.958162875803487,-0.4554552390592549,-0.4554552390592549,-0.4554552390592549,-0.10718809852347073,-0.10718809852347073,-0.10718809852347073,0.41836844418932845,0.41836844418932845,0.41836844418932845,-0.07544968639610328,-0.07544968639610328,-0.07544968639610328,-0.1253406793545078,-0.1253406793545078,-0.1253406793545078,0.26586436758744614,0.26586436758744614,0.26586436758744614,-0.011865848447452039,-0.011865848447452039,-0.011865848447452039,-2.2797305082907307,-2.2797305082907307,-2.2797305082907307,0.0,0.0,0.0,50.67446900840879
518,2018-04-10 22:00:00,56.636527632887116,35.04659321027291,54.39178636458894,56.636527632887116,56.636527632887116,0.0,0.0,0.0,0.0,0.0,0.0,0.0,0.0,0.0,0.0,0.0,0.0,0.0,0.0,0.0,0.0,0.0,0.0,0.0,0.0,0.0,0.0,0.0,0.0,0.0,0.0,0.0,0.0,0.0,0.0,-11.866492081067644,-11.866492081067644,-11.866492081067644,-0.23908246192698127,-0.23908246192698127,-0.23908246192698127,-0.08117313740633318,-0.08117313740633318,-0.08117313740633318,-9.604813255605753,-9.604813255605753,-9.604813255605753,0.027959309787573584,0.027959309787573584,0.027959309787573584,0.0,0.0,0.0,0.17485489109303126,0.17485489109303126,0.17485489109303126,-0.6028159567124357,-0.6028159567124357,-0.6028159567124357,-7.129379753850306,-7.129379753850306,-7.129379753850306,-0.9752260014993483,-0.9752260014993483,-0.9752260014993483,-1.3514691480707524,-1.3514691480707524,-1.3514691480707524,-0.24685199389304788,-0.24685199389304788,-0.24685199389304788,-0.07178274045730215,-0.07178274045730215,-0.07178274045730215,0.4432037320139032,0.4432037320139032,0.4432037320139032,0.24978085856038684,0.24978085856038684,0.24978085856038684,0.20786754338926297,0.20786754338926297,0.20786754338926297,-2.272377222095296,-2.272377222095296,-2.272377222095296,0.0,0.0,0.0,44.770035551819475
519,2018-04-10 23:00:00,56.63655857358484,32.58458571918438,52.08195731819685,56.63655857358484,56.63655857358484,0.0,0.0,0.0,0.0,0.0,0.0,0.0,0.0,0.0,0.0,0.0,0.0,0.0,0.0,0.0,0.0,0.0,0.0,0.0,0.0,0.0,0.0,0.0,0.0,0.0,0.0,0.0,0.0,0.0,0.0,-14.320328822276341,-14.320328822276341,-14.320328822276341,-0.9323759023018063,-0.9323759023018063,-0.9323759023018063,-0.08117313740633318,-0.08117313740633318,-0.08117313740633318,-11.36060712308258,-11.36060712308258,-11.36060712308258,-0.14630501220740658,-0.14630501220740658,-0.14630501220740658,0.0,0.0,0.0,0.19233757219059366,0.19233757219059366,0.19233757219059366,-0.5991766984072765,-0.5991766984072765,-0.5991766984072765,-7.65033736390798,-7.65033736390798,-7.65033736390798,-1.6311553919134978,-1.6311553919134978,-1.6311553919134978,-1.5654537871648715,-1.5654537871648715,-1.5654537871648715,-0.6843583042007911,-0.6843583042007911,-0.6843583042007911,-0.08249597467066232,-0.08249597467066232,-0.08249597467066232,0.6300555643215541,0.6300555643215541,0.6300555643215541,0.2376553604083179,0.2376553604083179,0.2376553604083179,0.25745541028409097,0.25745541028409097,0.25745541028409097,-2.2650011573002726,-2.2650011573002726,-2.2650011573002726,0.0,0.0,0.0,42.3162297513085
520,2018-04-11 00:00:00,56.636589514282576,30.45920952539864,49.16449368137788,56.636589514282576,56.636589514282576,0.0,0.0,0.0,0.0,0.0,0.0,0.0,0.0,0.0,0.0,0.0,0.0,0.0,0.0,0.0,0.0,0.0,0.0,0.0,0.0,0.0,0.0,0.0,0.0,0.0,0.0,0.0,0.0,0.0,0.0,-17.30195561839339,-17.30195561839339,-17.30195561839339,-1.4645259999853162,-1.4645259999853162,-1.4645259999853162,-0.048738381345559946,-0.048738381345559946,-0.048738381345559946,-13.809212036200195,-13.809212036200195,-13.809212036200195,-0.269623207280357,-0.269623207280357,-0.269623207280357,0.0,0.0,0.0,2.8080117406948396e-05,2.8080117406948396e-05,2.8080117406948396e-05,-0.7019857455280248,-0.7019857455280248,-0.7019857455280248,-9.374539002356924,-9.374539002356924,-9.374539002356924,-1.857297113157366,-1.857297113157366,-1.857297113157366,-1.6256865003913632,-1.6256865003913632,-1.6256865003913632,-0.8751743094193494,-0.8751743094193494,-0.8751743094193494,-0.0947191277999994,-0.0947191277999994,-0.0947191277999994,0.756842595428171,0.756842595428171,0.756842595428171,0.22938484260916522,0.22938484260916522,0.22938484260916522,0.28168067553316983,0.28168067553316983,0.28168067553316983,-2.2576024248170437,-2.2576024248170437,-2.2576024248170437,0.0,0.0,0.0,39.33463389588918
521,2018-04-11 01:00:00,56.63662045498031,26.189074578288512,44.91623551992206,56.63662045498031,56.63662045498031,0.0,0.0,0.0,0.0,0.0,0.0,0.0,0.0,0.0,0.0,0.0,0.0,0.0,0.0,0.0,0.0,0.0,0.0,0.0,0.0,0.0,0.0,0.0,0.0,0.0,0.0,0.0,0.0,0.0,0.0,-21.112073459229748,-21.112073459229748,-21.112073459229748,-1.9014892491573372,-1.9014892491573372,-1.9014892491573372,-0.048738381345559946,-0.048738381345559946,-0.048738381345559946,-17.1852260071751,-17.1852260071751,-17.1852260071751,-0.3481849917862907,-0.3481849917862907,-0.3481849917862907,0.0,0.0,0.0,-0.19228141195577977,-0.19228141195577977,-0.19228141195577977,-0.7141166065452224,-0.7141166065452224,-0.7141166065452224,-11.155877927070255,-11.155877927070255,-11.155877927070255,-2.004111633755478,-2.004111633755478,-2.004111633755478,-2.4467534859524993,-2.4467534859524993,-2.4467534859524993,-1.2842163537552633,-1.2842163537552633,-1.2842163537552633,-0.10090260526542877,-0.10090260526542877,-0.10090260526542877,0.7913132818317201,0.7913132818317201,0.7913132818317201,0.2248229340149502,0.2248229340149502,0.2248229340149502,0.3186441084249568,0.3186441084249568,0.3186441084249568,-2.250181136912264,-2.250181136912264,-2.250181136912264,0.0,0.0,0.0,35.52454699575056
522,2018-04-11 02:00:00,56.636651395678044,24.72496191479355,44.17791374019362,56.636651395678044,56.636651395678044,0.0,0.0,0.0,0.0,0.0,0.0,0.0,0.0,0.0,0.0,0.0,0.0,0.0,0.0,0.0,0.0,0.0,0.0,0.0,0.0,0.0,0.0,0.0,0.0,0.0,0.0,0.0,0.0,0.0,0.0,-22.21199611833273,-22.21199611833273,-22.21199611833273,-2.1817905169635323,-2.1817905169635323,-2.1817905169635323,-0.048738381345559946,-0.048738381345559946,-0.048738381345559946,-18.0112518237432,-18.0112518237432,-18.0112518237432,-0.3200932021750781,-0.3200932021750781,-0.3200932021750781,0.0,0.0,0.0,-0.17479873085821737,-0.17479873085821737,-0.17479873085821737,-0.7189689509521014,-0.7189689509521014,-0.7189689509521014,-12.046547389426925,-12.046547389426925,-12.046547389426925,-1.934256337664441,-1.934256337664441,-1.934256337664441,-2.427732629144134,-2.427732629144134,-2.427732629144134,-1.3917480252043957,-1.3917480252043957,-1.3917480252043957,-0.10198111877684087,-0.10198111877684087,-0.10198111877684087,0.8177950537898115,0.8177950537898115,0.8177950537898115,0.2237836295749441,0.2237836295749441,0.2237836295749441,0.3358178880146793,0.3358178880146793,0.3358178880146793,-2.2427374072009423,-2.2427374072009423,-2.2427374072009423,0.0,0.0,0.0,34.42465527734531
523,2018-04-11 03:00:00,56.63668233637577,27.437782598355806,47.52139314949344,56.63668233637577,56.63668233637577,0.0,0.0,0.0,0.0,0.0,0.0,0.0,0.0,0.0,0.0,0.0,0.0,0.0,0.0,0.0,0.0,0.0,0.0,0.0,0.0,0.0,0.0,0.0,0.0,0.0,0.0,0.0,0.0,0.0,0.0,-19.102309869520234,-19.102309869520234,-19.102309869520234,-2.123123390780486,-2.123123390780486,-2.123123390780486,-0.048738381345559946,-0.048738381345559946,-0.048738381345559946,-14.96996052303801,-14.96996052303801,-14.96996052303801,0.04605232682530377,0.04605232682530377,0.04605232682530377,0.0,0.0,0.0,-0.1573160497606549,-0.1573160497606549,-0.1573160497606549,-0.6416347119674676,-0.6416347119674676,-0.6416347119674676,-9.623254248448974,-9.623254248448974,-9.623254248448974,-1.7613940795408563,-1.7613940795408563,-1.7613940795408563,-2.3992013439315847,-2.3992013439315847,-2.3992013439315847,-1.4159953628841013,-1.4159953628841013,-1.4159953628841013,-0.10198111877684087,-0.10198111877684087,-0.10198111877684087,0.7760751672413099,0.7760751672413099,0.7760751672413099,0.22604539495029244,0.22604539495029244,0.22604539495029244,0.3574272795514163,0.3574272795514163,0.3574272795514163,-2.2352713506520296,-2.2352713506520296,-2.2352713506520296,0.0,0.0,0.0,37.53437246685554
524,2018-04-11 04:00:00,56.636713277073504,33.063685600159175,52.80754013177158,56.636713277073504,56.636713277073504,0.0,0.0,0.0,0.0,0.0,0.0,0.0,0.0,0.0,0.0,0.0,0.0,0.0,0.0,0.0,0.0,0.0,0.0,0.0,0.0,0.0,0.0,0.0,0.0,0.0,0.0,0.0,0.0,0.0,0.0,-13.385714018873538,-13.385714018873538,-13.385714018873538,-1.6117734878449468,-1.6117734878449468,-1.6117734878449468,-0.048738381345559946,-0.048738381345559946,-0.048738381345559946,-9.77751305439,-9.77751305439,-9.77751305439,1.1216345765156321,1.1216345765156321,1.1216345765156321,0.0,0.0,0.0,-0.13983336866309248,-0.13983336866309248,-0.13983336866309248,-0.28165141128213306,-0.28165141128213306,-0.28165141128213306,-6.615144177470795,-6.615144177470795,-6.615144177470795,-1.015481595856896,-1.015481595856896,-1.015481595856896,-2.31202241689324,-2.31202241689324,-2.31202241689324,-1.217799733154329,-1.217799733154329,-1.217799733154329,-0.10205301967760166,-0.10205301967760166,-0.10205301967760166,0.45681447514320145,0.45681447514320145,0.45681447514320145,0.2313556069424216,0.2313556069424216,0.2313556069424216,0.37676199829481255,0.37676199829481255,0.37676199829481255,-2.2277830835810115,-2.2277830835810115,-2.2277830835810115,0.0,0.0,0.0,43.25099925819997
525,2018-04-11 05:00:00,56.63674421777124,39.18521890448282,58.39598930677078,56.63674421777124,56.63674421777124,0.0,0.0,0.0,0.0,0.0,0.0,0.0,0.0,0.0,0.0,0.0,0.0,0.0,0.0,0.0,0.0,0.0,0.0,0.0,0.0,0.0,0.0,0.0,0.0,0.0,0.0,0.0,0.0,0.0,0.0,-7.729630509394491,-7.729630509394491,-7.729630509394491,-0.7713007860617763,-0.7713007860617763,-0.7713007860617763,-0.048738381345559946,-0.048738381345559946,-0.048738381345559946,-4.9774922638649794,-4.9774922638649794,-4.9774922638649794,2.4971800034104343,2.4971800034104343,2.4971800034104343,0.0,0.0,0.0,-0.12235068756553007,-0.12235068756553007,-0.12235068756553007,0.08015151855578113,0.08015151855578113,0.08015151855578113,-5.129574734596659,-5.129574734596659,-5.129574734596659,-0.004355784640859244,-0.004355784640859244,-0.004355784640859244,-1.4592540033181602,-1.4592540033181602,-1.4592540033181602,-1.0153871751324333,-1.0153871751324333,-1.0153871751324333,-0.10169351517379764,-0.10169351517379764,-0.10169351517379764,-0.0695662210964045,-0.0695662210964045,-0.0695662210964045,0.2394352641960353,0.2394352641960353,0.2394352641960353,0.3960967170382088,0.3960967170382088,0.3960967170382088,-2.220272723663771,-2.220272723663771,-2.220272723663771,0.0,0.0,0.0,48.90711370837675
526,2018-04-11 06:00:00,56.63677515846897,46.07568890844058,64.20785356084558,56.63677515846897,56.63677515846897,0.0,0.0,0.0,0.0,0.0,0.0,0.0,0.0,0.0,0.0,0.0,0.0,0.0,0.0,0.0,0.0,0.0,0.0,0.0,0.0,0.0,0.0,0.0,0.0,0.0,0.0,0.0,0.0,0.0,0.0,-1.573623916505058,-1.573623916505058,-1.573623916505058,0.07799787200820088,0.07799787200820088,0.07799787200820088,-0.048738381345559946,-0.048738381345559946,-0.048738381345559946,0.31113470146291167,0.31113470146291167,0.31113470146291167,2.829520158471899,2.829520158471899,2.829520158471899,0.0,0.0,0.0,-0.10486800646796764,-0.10486800646796764,-0.10486800646796764,0.2945644870347462,0.2945644870347462,0.2945644870347462,-3.4356222476994516,-3.4356222476994516,-3.4356222476994516,0.9890102055350825,0.9890102055350825,0.9890102055350825,-0.5462528765165885,-0.5462528765165885,-0.5462528765165885,0.25074554457744563,0.25074554457744563,0.25074554457744563,-0.09054887555587264,-0.09054887555587264,-0.09054887555587264,-0.26928908223284864,-0.26928908223284864,-0.26928908223284864,0.2499838999463165,0.2499838999463165,0.2499838999463165,0.44261377566202686,0.44261377566202686,0.44261377566202686,-2.2127403899224865,-2.2127403899224865,-2.2127403899224865,0.0,0.0,0.0,55.063151241963915
527,2018-04-11 07:00:00,56.6368060991667,47.48546545880879,66.42978350780275,56.6368060991667,56.6368060991667,0.0,0.0,0.0,0.0,0.0,0.0,0.0,0.0,0.0,0.0,0.0,0.0,0.0,0.0,0.0,0.0,0.0,0.0,0.0,0.0,0.0,0.0,0.0,0.0,0.0,0.0,0.0,0.0,0.0,0.0,0.2946378423423356,0.2946378423423356,0.2946378423423356,0.645492910282726,0.645492910282726,0.645492910282726,-0.048738381345559946,-0.048738381345559946,-0.048738381345559946,1.5916465079448756,1.5916465079448756,1.5916465079448756,2.966170050309493,2.966170050309493,2.966170050309493,0.0,0.0,0.0,-0.0873853253704052,-0.0873853253704052,-0.0873853253704052,0.39130810364689594,0.39130810364689594,0.39130810364689594,-3.388568011952306,-3.388568011952306,-3.388568011952306,0.9096830048893276,0.9096830048893276,0.9096830048893276,0.19556053900968895,0.19556053900968895,0.19556053900968895,0.5859913438012105,0.5859913438012105,0.5859913438012105,-0.009516560398443782,-0.009516560398443782,-0.009516560398443782,-0.41767577091422153,-0.41767577091422153,-0.41767577091422153,0.26268462684932514,0.26268462684932514,0.26268462684932514,0.4948175162691967,0.4948175162691967,0.4948175162691967,-2.205186202734591,-2.205186202734591,-2.205186202734591,0.0,0.0,0.0,56.93144394150903
528,2018-04-11 08:00:00,56.69980482511463,46.33584898116997,66.39545522887906,56.69980482511463,56.69980482511463,0.0,0.0,0.0,0.0,0.0,0.0,0.0,0.0,0.0,0.0,0.0,0.0,0.0,0.0,0.0,0.0,0.0,0.0,0.0,0.0,0.0,0.0,0.0,0.0,0.0,0.0,0.0,0.0,0.0,0.0,-0.13656287834465422,-0.13656287834465422,-0.13656287834465422,0.9152853112537803,0.9152853112537803,0.9152853112537803,-0.09168764012068478,-0.09168764012068478,-0.09168764012068478,0.730466913164294,0.730466913164294,0.730466913164294,2.9715278834728136,2.9715278834728136,2.9715278834728136,0.0,0.0,0.0,-0.10341039591095846,-0.10341039591095846,-0.10341039591095846,0.3478349189652482,0.3478349189652482,0.3478349189652482,-3.780872865461885,-3.780872865461885,-3.780872865461885,0.4666245559652554,0.4666245559652554,0.4666245559652554,0.1817664611284416,0.1817664611284416,0.1817664611284416,0.5515908244278944,0.5515908244278944,0.5515908244278944,0.1450935043902721,0.1450935043902721,0.1450935043902721,-0.4825046003698832,-0.4825046003698832,-0.4825046003698832,0.32210781673972566,0.32210781673972566,0.32210781673972566,0.5245042666777806,0.5245042666777806,0.5245042666777806,-2.1044229195024546,-2.1044229195024546,-2.1044229195024546,0.0,0.0,0.0,56.56324194676998
529,2018-04-11 09:00:00,56.69984967959037,44.61492641142451,63.626869870265644,56.69984967959037,56.69984967959037,0.0,0.0,0.0,0.0,0.0,0.0,0.0,0.0,0.0,0.0,0.0,0.0,0.0,0.0,0.0,0.0,0.0,0.0,0.0,0.0,0.0,0.0,0.0,0.0,0.0,0.0,0.0,0.0,0.0,0.0,-2.3631649448006646,-2.3631649448006646,-2.3631649448006646,0.9231069741665887,0.9231069741665887,0.9231069741665887,-0.09168764012068478,-0.09168764012068478,-0.09168764012068478,-1.5245716250377421,-1.5245716250377421,-1.5245716250377421,2.814695285285551,2.814695285285551,2.814695285285551,0.0,0.0,0.0,-0.07754742075296396,-0.07754742075296396,-0.07754742075296396,-0.10489225954962406,-0.10489225954962406,-0.10489225954962406,-4.926139729086224,-4.926139729086224,-4.926139729086224,0.1939739412340381,0.1939739412340381,0.1939739412340381,0.0743164513373214,0.0743164513373214,0.0743164513373214,0.3669224239441275,0.3669224239441275,0.3669224239441275,0.26027494835829396,0.26027494835829396,0.26027494835829396,-0.5493508777746096,-0.5493508777746096,-0.5493508777746096,0.3352037396508984,0.3352037396508984,0.3352037396508984,0.5148632520870323,0.5148632520870323,0.5148632520870323,-2.0969040335804103,-2.0969040335804103,-2.0969040335804103,0.0,0.0,0.0,54.336684734789706
530,2018-04-11 10:00:00,56.69989453406612,44.419963619402516,62.97227620497386,56.69989453406612,56.69989453406612,0.0,0.0,0.0,0.0,0.0,0.0,0.0,0.0,0.0,0.0,0.0,0.0,0.0,0.0,0.0,0.0,0.0,0.0,0.0,0.0,0.0,0.0,0.0,0.0,0.0,0.0,0.0,0.0,0.0,0.0,-3.6243522619264614,-3.6243522619264614,-3.6243522619264614,0.8866658790479184,0.8866658790479184,0.8866658790479184,-0.09168764012068478,-0.09168764012068478,-0.09168764012068478,-2.7712190233155174,-2.7712190233155174,-2.7712190233155174,2.63196372592975,2.63196372592975,2.63196372592975,0.0,0.0,0.0,-0.051684445594969444,-0.051684445594969444,-0.051684445594969444,-0.39660398510764644,-0.39660398510764644,-0.39660398510764644,-5.228409575790598,-5.228409575790598,-5.228409575790598,0.062390383689842246,0.062390383689842246,0.062390383689842246,-0.10740047698589651,-0.10740047698589651,-0.10740047698589651,0.25717663165663174,0.25717663165663174,0.25717663165663174,0.2907169060039567,0.2907169060039567,0.2907169060039567,-0.6270960047561935,-0.6270960047561935,-0.6270960047561935,0.34956577325117366,0.34956577325117366,0.34956577325117366,0.48941545776028994,0.48941545776028994,0.48941545776028994,-2.0893648909100357,-2.0893648909100357,-2.0893648909100357,0.0,0.0,0.0,53.07554227213966
531,2018-04-11 11:00:00,56.699939388541864,43.3826837781327,61.89837915010017,56.699939388541864,56.699939388541864,0.0,0.0,0.0,0.0,0.0,0.0,0.0,0.0,0.0,0.0,0.0,0.0,0.0,0.0,0.0,0.0,0.0,0.0,0.0,0.0,0.0,0.0,0.0,0.0,0.0,0.0,0.0,0.0,0.0,0.0,-4.261453777549308,-4.261453777549308,-4.261453777549308,0.8112017963906006,0.8112017963906006,0.8112017963906006,-0.09168764012068478,-0.09168764012068478,-0.09168764012068478,-3.3557237976548184,-3.3557237976548184,-3.3557237976548184,2.472733075782438,2.472733075782438,2.472733075782438,0.0,0.0,0.0,-0.025821470436974935,-0.025821470436974935,-0.025821470436974935,-0.44458482392294174,-0.44458482392294174,-0.44458482392294174,-5.1914654834156195,-5.1914654834156195,-5.1914654834156195,0.07661563315408018,0.07661563315408018,0.07661563315408018,-0.11530121299995014,-0.11530121299995014,-0.11530121299995014,-0.17441980147400035,-0.17441980147400035,-0.17441980147400035,0.29947198089413407,0.29947198089413407,0.29947198089413407,-0.6282585487110584,-0.6282585487110584,-0.6282585487110584,0.3648738382931457,0.3648738382931457,0.3648738382931457,0.4669944935957593,0.4669944935957593,0.4669944935957593,-2.0818056145782364,-2.0818056145782364,-2.0818056145782364,0.0,0.0,0.0,52.43848561099256
532,2018-04-11 12:00:00,56.69998424301761,40.497909384482796,59.38019705677146,56.69998424301761,56.69998424301761,0.0,0.0,0.0,0.0,0.0,0.0,0.0,0.0,0.0,0.0,0.0,0.0,0.0,0.0,0.0,0.0,0.0,0.0,0.0,0.0,0.0,0.0,0.0,0.0,0.0,0.0,0.0,0.0,0.0,0.0,-6.498118064955541,-6.498118064955541,-6.498118064955541,0.5751640799995601,0.5751640799995601,0.5751640799995601,-0.09168764012068478,-0.09168764012068478,-0.09168764012068478,-5.379869947622313,-5.379869947622313,-5.379869947622313,2.3139820360271357,2.3139820360271357,2.3139820360271357,0.0,0.0,0.0,4.150472101957514e-05,4.150472101957514e-05,4.150472101957514e-05,-0.6550529205667218,-0.6550529205667218,-0.6550529205667218,-6.027745392631045,-6.027745392631045,-6.027745392631045,-0.3003534776482108,-0.3003534776482108,-0.3003534776482108,-0.13268283223086658,-0.13268283223086658,-0.13268283223086658,-0.7252592589170087,-0.7252592589170087,-0.7252592589170087,0.29947198089413407,0.29947198089413407,0.29947198089413407,-0.5109869272640709,-0.5109869272640709,-0.5109869272640709,0.38081413166353706,0.38081413166353706,0.38081413166353706,0.4504029801140064,0.4504029801140064,0.4504029801140064,-2.0742263289963243,-2.0742263289963243,-2.0742263289963243,0.0,0.0,0.0,50.20186617806207
533,2018-04-11 13:00:00,56.700029097493356,38.67467369366577,57.75090917157257,56.700029097493356,56.700029097493356,0.0,0.0,0.0,0.0,0.0,0.0,0.0,0.0,0.0,0.0,0.0,0.0,0.0,0.0,0.0,0.0,0.0,0.0,0.0,0.0,0.0,0.0,0.0,0.0,0.0,0.0,0.0,0.0,0.0,0.0,-8.142256789177624,-8.142256789177624,-8.142256789177624,0.14078544468831009,0.14078544468831009,0.14078544468831009,-0.09168764012068478,-0.09168764012068478,-0.09168764012068478,-6.6134985602452065,-6.6134985602452065,-6.6134985602452065,2.164823204112033,2.164823204112033,2.164823204112033,0.0,0.0,0.0,0.02590447987901409,0.02590447987901409,0.02590447987901409,-0.6841946570250913,-0.6841946570250913,-0.6841946570250913,-6.246051393028646,-6.246051393028646,-6.246051393028646,-0.5978982789418437,-0.5978982789418437,-0.5978982789418437,-0.37444535426088743,-0.37444535426088743,-0.37444535426088743,-1.0935408118817778,-1.0935408118817778,-1.0935408118817778,0.288789183092358,0.288789183092358,0.288789183092358,-0.44326874189319593,-0.44326874189319593,-0.44326874189319593,0.3970834862686598,0.3970834862686598,0.3970834862686598,0.4380714498235145,0.4380714498235145,0.4380714498235145,-2.0666271598893853,-2.0666271598893853,-2.0666271598893853,0.0,0.0,0.0,48.557772308315734
534,2018-04-11 14:00:00,56.7000739519691,38.06013734502243,56.95605184548414,56.7000739519691,56.7000739519691,0.0,0.0,0.0,0.0,0.0,0.0,0.0,0.0,0.0,0.0,0.0,0.0,0.0,0.0,0.0,0.0,0.0,0.0,0.0,0.0,0.0,0.0,0.0,0.0,0.0,0.0,0.0,0.0,0.0,0.0,-8.977372011114301,-8.977372011114301,-8.977372011114301,-0.2902419580443388,-0.2902419580443388,-0.2902419580443388,-0.09168764012068478,-0.09168764012068478,-0.09168764012068478,-7.041515245175991,-7.041515245175991,-7.041515245175991,2.572971647712523,2.572971647712523,2.572971647712523,0.0,0.0,0.0,0.0517674550370086,0.0517674550370086,0.0517674550370086,-0.6665329985654733,-0.6665329985654733,-0.6665329985654733,-6.319939577778606,-6.319939577778606,-6.319939577778606,-0.7709721474233987,-0.7709721474233987,-0.7709721474233987,-0.4139490343311522,-0.4139490343311522,-0.4139490343311522,-1.6454355173275506,-1.6454355173275506,-1.6454355173275506,0.26621876066905664,0.26621876066905664,0.26621876066905664,-0.44196087994397293,-0.44196087994397293,-0.44196087994397293,0.41339342640941024,0.41339342640941024,0.41339342640941024,0.41800468689625947,0.41800468689625947,0.41800468689625947,-2.059008234303381,-2.059008234303381,-2.059008234303381,0.0,0.0,0.0,47.722701940854805
535,2018-04-11 15:00:00,56.70011880644484,37.498591840392265,57.33665742798576,56.70011880644484,56.70011880644484,0.0,0.0,0.0,0.0,0.0,0.0,0.0,0.0,0.0,0.0,0.0,0.0,0.0,0.0,0.0,0.0,0.0,0.0,0.0,0.0,0.0,0.0,0.0,0.0,0.0,0.0,0.0,0.0,0.0,0.0,-9.009372577931927,-9.009372577931927,-9.009372577931927,-0.37101991918213406,-0.37101991918213406,-0.37101991918213406,-0.09168764012068478,-0.09168764012068478,-0.09168764012068478,-7.016456844890789,-7.016456844890789,-7.016456844890789,3.3475424308086352,3.3475424308086352,3.3475424308086352,0.0,0.0,0.0,0.07763043019500311,0.07763043019500311,0.07763043019500311,-0.49550927248150667,-0.49550927248150667,-0.49550927248150667,-6.229258623767293,-6.229258623767293,-6.229258623767293,-0.9440460159049537,-0.9440460159049537,-0.9440460159049537,-0.5814446378290743,-0.5814446378290743,-0.5814446378290743,-2.2522031189170706,-2.2522031189170706,-2.2522031189170706,0.2214795247623703,0.2214795247623703,0.2214795247623703,-0.4480642357070132,-0.4480642357070132,-0.4480642357070132,0.42947386674055166,0.42947386674055166,0.42947386674055166,0.37910431407079853,0.37910431407079853,0.37910431407079853,-2.0513696805995556,-2.0513696805995556,-2.0513696805995556,0.0,0.0,0.0,47.690746228512914
536,2018-04-11 16:00:00,56.70016366092059,39.731287711562686,58.37072951247666,56.70016366092059,56.70016366092059,0.0,0.0,0.0,0.0,0.0,0.0,0.0,0.0,0.0,0.0,0.0,0.0,0.0,0.0,0.0,0.0,0.0,0.0,0.0,0.0,0.0,0.0,0.0,0.0,0.0,0.0,0.0,0.0,0.0,0.0,-7.317647556640457,-7.317647556640457,-7.317647556640457,0.0980457927668079,0.0980457927668079,0.0980457927668079,-0.09168764012068478,-0.09168764012068478,-0.09168764012068478,-5.817058129372638,-5.817058129372638,-5.817058129372638,3.4017384051057626,3.4017384051057626,3.4017384051057626,0.0,0.0,0.0,0.10349340535299761,0.10349340535299761,0.10349340535299761,-0.41838669720784183,-0.41838669720784183,-0.41838669720784183,-5.083991760142954,-5.083991760142954,-5.083991760142954,-0.9890926392083716,-0.9890926392083716,-0.9890926392083716,-0.38550638468056153,-0.38550638468056153,-0.38550638468056153,-2.456921231453361,-2.456921231453361,-2.456921231453361,0.13216169652496423,0.13216169652496423,0.13216169652496423,-0.3761318284997533,-0.3761318284997533,-0.3761318284997533,0.4450764084249088,0.4450764084249088,0.4450764084249088,0.34726654495716486,0.34726654495716486,0.34726654495716486,-2.043711628459535,-2.043711628459535,-2.043711628459535,0.0,0.0,0.0,49.38251610428013
537,2018-04-11 17:00:00,56.70020851539634,44.41219421514562,63.51299218800557,56.70020851539634,56.70020851539634,0.0,0.0,0.0,0.0,0.0,0.0,0.0,0.0,0.0,0.0,0.0,0.0,0.0,0.0,0.0,0.0,0.0,0.0,0.0,0.0,0.0,0.0,0.0,0.0,0.0,0.0,0.0,0.0,0.0,0.0,-2.9309098090370482,-2.9309098090370482,-2.9309098090370482,0.9438120496436925,0.9438120496436925,0.9438120496436925,-0.09168764012068478,-0.09168764012068478,-0.09168764012068478,-2.29866484210017,-2.29866484210017,-2.29866484210017,3.4026976258897825,3.4026976258897825,3.4026976258897825,0.0,0.0,0.0,0.12935638051099213,0.12935638051099213,0.12935638051099213,-0.1617039275947283,-0.1617039275947283,-0.1617039275947283,-2.6725500942125238,-2.6725500942125238,-2.6725500942125238,-0.14861748336301261,-0.14861748336301261,-0.14861748336301261,0.1233010146244501,0.1233010146244501,0.1233010146244501,-2.81570555239325,-2.81570555239325,-2.81570555239325,-0.010168511781405914,-0.010168511781405914,-0.010168511781405914,-0.3675580668326253,-0.3675580668326253,-0.3675580668326253,0.45997719230147555,0.45997719230147555,0.45997719230147555,0.31397141317283667,0.31397141317283667,0.31397141317283667,-2.0360342088820462,-2.0360342088820462,-2.0360342088820462,0.0,0.0,0.0,53.769298706359294
538,2018-04-11 18:00:00,56.70025336987208,51.01522516745715,70.27297860481026,56.70025336987208,56.70025336987208,0.0,0.0,0.0,0.0,0.0,0.0,0.0,0.0,0.0,0.0,0.0,0.0,0.0,0.0,0.0,0.0,0.0,0.0,0.0,0.0,0.0,0.0,0.0,0.0,0.0,0.0,0.0,0.0,0.0,0.0,3.8859959588254376,3.8859959588254376,3.8859959588254376,1.6899546719955252,1.6899546719955252,1.6899546719955252,-0.09168764012068478,-0.09168764012068478,-0.09168764012068478,3.7503995656276676,3.7503995656276676,3.7503995656276676,3.4540159378348503,3.4540159378348503,3.4540159378348503,0.0,0.0,0.0,0.15521935566898665,0.15521935566898665,0.15521935566898665,0.391989065114293,0.391989065114293,0.391989065114293,-0.768250059974984,-0.768250059974984,-0.768250059974984,0.023270947663189608,0.023270947663189608,0.023270947663189608,1.5501739387624138,1.5501739387624138,1.5501739387624138,-0.5437566024415343,-0.5437566024415343,-0.5437566024415343,-0.06093188178683815,-0.06093188178683815,-0.06093188178683815,-0.6481671139381182,-0.6481671139381182,-0.6481671139381182,0.4739792753845798,0.4739792753845798,0.4739792753845798,0.2885236188460943,0.2885236188460943,0.2885236188460943,-2.028337554182335,-2.028337554182335,-2.028337554182335,0.0,0.0,0.0,60.58624932869752
539,2018-04-11 19:00:00,56.700298224347826,55.21952374202432,74.171002330788,56.700298224347826,56.700298224347826,0.0,0.0,0.0,0.0,0.0,0.0,0.0,0.0,0.0,0.0,0.0,0.0,0.0,0.0,0.0,0.0,0.0,0.0,0.0,0.0,0.0,0.0,0.0,0.0,0.0,0.0,0.0,0.0,0.0,0.0,7.524230341484457,7.524230341484457,7.524230341484457,1.886096342383462,1.886096342383462,1.886096342383462,-0.09168764012068478,-0.09168764012068478,-0.09168764012068478,7.171841292980933,7.171841292980933,7.171841292980933,3.1950263261494625,3.1950263261494625,3.1950263261494625,0.0,0.0,0.0,0.18108233082698114,0.18108233082698114,0.18108233082698114,-0.20732987861540791,-0.20732987861540791,-0.20732987861540791,0.9614051739444742,0.9614051739444742,0.9614051739444742,0.10150981971649488,0.10150981971649488,0.10150981971649488,2.9486042132497894,2.9486042132497894,2.9486042132497894,0.38275114398559307,0.38275114398559307,0.38275114398559307,-0.06502829297398537,-0.06502829297398537,-0.06502829297398537,-0.5032850735630915,-0.5032850735630915,-0.5032850735630915,0.48691450411272896,0.48691450411272896,0.48691450411272896,0.2687931703813072,0.2687931703813072,0.2687931703813072,-2.020621797992667,-2.020621797992667,-2.020621797992667,0.0,0.0,0.0,64.22452856583229
540,2018-04-11 20:00:00,56.70034307882357,48.096918067603504,67.35920618811538,56.70034307882357,56.70034307882357,0.0,0.0,0.0,0.0,0.0,0.0,0.0,0.0,0.0,0.0,0.0,0.0,0.0,0.0,0.0,0.0,0.0,0.0,0.0,0.0,0.0,0.0,0.0,0.0,0.0,0.0,0.0,0.0,0.0,0.0,1.2920118662352194,1.2920118662352194,1.2920118662352194,1.42082399097555,1.42082399097555,1.42082399097555,-0.09168764012068478,-0.09168764012068478,-0.09168764012068478,1.3854300854295187,1.3854300854295187,1.3854300854295187,1.507756967058365,1.507756967058365,1.507756967058365,0.0,0.0,0.0,0.20694530598497568,0.20694530598497568,0.20694530598497568,-0.2373546979967583,-0.2373546979967583,-0.2373546979967583,-0.8387796908726709,-0.8387796908726709,-0.8387796908726709,-0.3323602889427453,-0.3323602889427453,-0.3323602889427453,1.5865173244270583,1.5865173244270583,1.5865173244270583,-0.5500880904581208,-0.5500880904581208,-0.5500880904581208,-0.06510861476196865,-0.06510861476196865,-0.06510861476196865,-0.06718577249443076,-0.06718577249443076,-0.06718577249443076,0.49864486509180983,0.49864486509180983,0.49864486509180983,0.2667752836064995,0.2667752836064995,0.2667752836064995,-2.012887075261659,-2.012887075261659,-2.012887075261659,0.0,0.0,0.0,57.99235494505879
541,2018-04-11 21:00:00,56.70038793329932,44.99454439739252,63.782966713485095,56.70038793329932,56.70038793329932,0.0,0.0,0.0,0.0,0.0,0.0,0.0,0.0,0.0,0.0,0.0,0.0,0.0,0.0,0.0,0.0,0.0,0.0,0.0,0.0,0.0,0.0,0.0,0.0,0.0,0.0,0.0,0.0,0.0,0.0,-2.527013764546699,-2.527013764546699,-2.527013764546699,0.556777057845669,0.556777057845669,0.556777057845669,-0.09168764012068478,-0.09168764012068478,-0.09168764012068478,-1.587720601755279,-1.587720601755279,-1.587720601755279,0.7039299500496443,0.7039299500496443,0.7039299500496443,0.0,0.0,0.0,0.23280828114297017,0.23280828114297017,0.23280828114297017,-0.36716788767494984,-0.36716788767494984,-0.36716788767494984,-1.073878460531625,-1.073878460531625,-1.073878460531625,-1.1740208822434581,-1.1740208822434581,-1.1740208822434581,0.8122451950498684,0.8122451950498684,0.8122451950498684,-1.0724358518264905,-1.0724358518264905,-1.0724358518264905,-0.07450626395601229,-0.07450626395601229,-0.07450626395601229,0.25571081096926945,0.25571081096926945,0.25571081096926945,0.5090633016145125,0.5090633016145125,0.5090633016145125,0.2612821473861894,0.2612821473861894,0.2612821473861894,-2.0051335222516014,-2.0051335222516014,-2.0051335222516014,0.0,0.0,0.0,54.173374168752616
542,2018-04-11 22:00:00,56.700432787775064,42.15412237017551,61.21760025640116,56.700432787775064,56.700432787775064,0.0,0.0,0.0,0.0,0.0,0.0,0.0,0.0,0.0,0.0,0.0,0.0,0.0,0.0,0.0,0.0,0.0,0.0,0.0,0.0,0.0,0.0,0.0,0.0,0.0,0.0,0.0,0.0,0.0,0.0,-5.075147474464462,-5.075147474464462,-5.075147474464462,-0.3191410179607533,-0.3191410179607533,-0.3191410179607533,-0.09168764012068478,-0.09168764012068478,-0.09168764012068478,-3.2767391718714602,-3.2767391718714602,-3.2767391718714602,0.6617242355527664,0.6617242355527664,0.6617242355527664,0.0,0.0,0.0,0.2586712563009647,0.2586712563009647,0.2586712563009647,-0.40631789726043627,-0.40631789726043627,-0.40631789726043627,-0.3954505823729261,-0.3954505823729261,-0.3954505823729261,-1.6944279251434762,-1.6944279251434762,-1.6944279251434762,0.10117895378510172,0.10117895378510172,0.10117895378510172,-2.692241536069818,-2.692241536069818,-2.692241536069818,-0.11514908867555139,-0.11514908867555139,-0.11514908867555139,0.6473428057643513,0.6473428057643513,0.6473428057643513,0.5180939919090009,0.5180939919090009,0.5180939919090009,0.4496182463682479,0.4496182463682479,0.4496182463682479,-1.9973612765412483,-1.9973612765412483,-1.9973612765412483,0.0,0.0,0.0,51.6252853133106
543,2018-04-11 23:00:00,56.70047764225081,40.69406891259861,59.80595788605362,56.70047764225081,56.70047764225081,0.0,0.0,0.0,0.0,0.0,0.0,0.0,0.0,0.0,0.0,0.0,0.0,0.0,0.0,0.0,0.0,0.0,0.0,0.0,0.0,0.0,0.0,0.0,0.0,0.0,0.0,0.0,0.0,0.0,0.0,-6.168291565924455,-6.168291565924455,-6.168291565924455,-0.9859851836229032,-0.9859851836229032,-0.9859851836229032,-0.09168764012068478,-0.09168764012068478,-0.09168764012068478,-3.718427998077789,-3.718427998077789,-3.718427998077789,0.199859428047159,0.199859428047159,0.199859428047159,0.0,0.0,0.0,0.2845342314589592,0.2845342314589592,0.2845342314589592,-0.4746096433042921,-0.4746096433042921,-0.4746096433042921,-0.5868881519523614,-0.5868881519523614,-0.5868881519523614,-2.020423225365583,-2.020423225365583,-2.020423225365583,0.27025470448583516,0.27025470448583516,0.27025470448583516,-2.486468175530763,-2.486468175530763,-2.486468175530763,-0.11514908867555139,-0.11514908867555139,-0.11514908867555139,0.8760733288840021,0.8760733288840021,0.8760733288840021,0.5256920928011318,0.5256920928011318,0.5256920928011318,0.42607623399549055,0.42607623399549055,0.42607623399549055,-1.9895704770248943,-1.9895704770248943,-1.9895704770248943,0.0,0.0,0.0,50.532186076326354
544,2018-04-12 00:00:00,56.70052249672655,37.27140303163234,56.86245016159213,56.70052249672655,56.70052249672655,0.0,0.0,0.0,0.0,0.0,0.0,0.0,0.0,0.0,0.0,0.0,0.0,0.0,0.0,0.0,0.0,0.0,0.0,0.0,0.0,0.0,0.0,0.0,0.0,0.0,0.0,0.0,0.0,0.0,0.0,-9.477439517377064,-9.477439517377064,-9.477439517377064,-1.4637037279923029,-1.4637037279923029,-1.4637037279923029,-0.030595226932201697,-0.030595226932201697,-0.030595226932201697,-6.5638174854810964,-6.5638174854810964,-6.5638174854810964,-0.2773529120027676,-0.2773529120027676,-0.2773529120027676,0.0,0.0,0.0,4.150472101957514e-05,4.150472101957514e-05,4.150472101957514e-05,-0.5643897404740165,-0.5643897404740165,-0.5643897404740165,-0.9529705218498767,-0.9529705218498767,-0.9529705218498767,-2.4922273325961233,-2.4922273325961233,-2.4922273325961233,0.2054686691706003,0.2054686691706003,0.2054686691706003,-3.7949756989585977,-3.7949756989585977,-3.7949756989585977,-0.11514908867555139,-0.11514908867555139,-0.11514908867555139,1.0478391982152775,1.0478391982152775,1.0478391982152775,0.5318429600003024,0.5318429600003024,0.5318429600003024,0.41049366390114167,0.41049366390114167,0.41049366390114167,-1.9817612639039655,-1.9817612639039655,-1.9817612639039655,0.0,0.0,0.0,47.223082979349485
545,2018-04-12 01:00:00,56.700567351202295,37.180761451460036,55.19202747552786,56.700567351202295,56.700567351202295,0.0,0.0,0.0,0.0,0.0,0.0,0.0,0.0,0.0,0.0,0.0,0.0,0.0,0.0,0.0,0.0,0.0,0.0,0.0,0.0,0.0,0.0,0.0,0.0,0.0,0.0,0.0,0.0,0.0,0.0,-10.868472018555883,-10.868472018555883,-10.868472018555883,-1.8453977028887323,-1.8453977028887323,-1.8453977028887323,-0.030595226932201697,-0.030595226932201697,-0.030595226932201697,-7.585701400670193,-7.585701400670193,-7.585701400670193,-0.3267527823797952,-0.3267527823797952,-0.3267527823797952,0.0,0.0,0.0,-0.2844512220169201,-0.2844512220169201,-0.2844512220169201,-0.6262055450826791,-0.6262055450826791,-0.6262055450826791,-0.9764803988157722,-0.9764803988157722,-0.9764803988157722,-2.493412770051476,-2.493412770051476,-2.493412770051476,0.1248811618272604,0.1248811618272604,0.1248811618272604,-4.37325160447348,-4.37325160447348,-4.37325160447348,-0.11514908867555139,-0.11514908867555139,-0.11514908867555139,1.1424412125424013,1.1424412125424013,1.1424412125424013,0.5365608636994831,0.5365608636994831,0.5365608636994831,0.37327486338802063,0.37327486338802063,0.37327486338802063,-1.9739337786964397,-1.9739337786964397,-1.9739337786964397,0.0,0.0,0.0,45.83209533264641
546,2018-04-12 02:00:00,56.70061220567805,35.955438685739445,54.5319812805735,56.70061220567805,56.70061220567805,0.0,0.0,0.0,0.0,0.0,0.0,0.0,0.0,0.0,0.0,0.0,0.0,0.0,0.0,0.0,0.0,0.0,0.0,0.0,0.0,0.0,0.0,0.0,0.0,0.0,0.0,0.0,0.0,0.0,0.0,-11.735079410856686,-11.735079410856686,-11.735079410856686,-2.095812183041892,-2.095812183041892,-2.095812183041892,-0.030595226932201697,-0.030595226932201697,-0.030595226932201697,-8.213066288845766,-8.213066288845766,-8.213066288845766,-0.496534861151327,-0.496534861151327,-0.496534861151327,0.0,0.0,0.0,-0.2585882468589255,-0.2585882468589255,-0.2585882468589255,-0.6117818573406579,-0.6117818573406579,-0.6117818573406579,-0.9328191987362534,-0.9328191987362534,-0.9328191987362534,-2.493412770051476,-2.493412770051476,-2.493412770051476,-0.3175600549597062,-0.3175600549597062,-0.3175600549597062,-4.49143938078309,-4.49143938078309,-4.49143938078309,-0.11514908867555139,-0.11514908867555139,-0.11514908867555139,1.1906867866692905,1.1906867866692905,1.1906867866692905,0.5398872252636402,0.5398872252636402,0.5398872252636402,0.3441276099741306,0.3441276099741306,0.3441276099741306,-1.9660881642326675,-1.9660881642326675,-1.9660881642326675,0.0,0.0,0.0,44.965532794821364
547,2018-04-12 03:00:00,56.70065706015379,35.32563151702789,55.599320050340715,56.70065706015379,56.70065706015379,0.0,0.0,0.0,0.0,0.0,0.0,0.0,0.0,0.0,0.0,0.0,0.0,0.0,0.0,0.0,0.0,0.0,0.0,0.0,0.0,0.0,0.0,0.0,0.0,0.0,0.0,0.0,0.0,0.0,0.0,-11.613677186997359,-11.613677186997359,-11.613677186997359,-2.0388537448248014,-2.0388537448248014,-2.0388537448248014,-0.030595226932201697,-0.030595226932201697,-0.030595226932201697,-8.158487285057033,-8.158487285057033,-8.158487285057033,-0.5401794068242348,-0.5401794068242348,-0.5401794068242348,0.0,0.0,0.0,-0.23272527170093105,-0.23272527170093105,-0.23272527170093105,-0.6135480231866197,-0.6135480231866197,-0.6135480231866197,-0.6507006751455058,-0.6507006751455058,-0.6507006751455058,-2.474445770765827,-2.474445770765827,-2.474445770765827,-0.529299780136325,-0.529299780136325,-0.529299780136325,-4.46716867671951,-4.46716867671951,-4.46716867671951,-0.11514908867555139,-0.11514908867555139,-0.11514908867555139,1.181241117036014,1.181241117036014,1.181241117036014,0.5418884075330577,0.5418884075330577,0.5418884075330577,0.31408351799365936,0.31408351799365936,0.31408351799365936,-1.9582245646485816,-1.9582245646485816,-1.9582245646485816,0.0,0.0,0.0,45.08697987315643
548,2018-04-12 04:00:00,56.70070191462953,36.7985421409947,54.907440550514316,56.70070191462953,56.70070191462953,0.0,0.0,0.0,0.0,0.0,0.0,0.0,0.0,0.0,0.0,0.0,0.0,0.0,0.0,0.0,0.0,0.0,0.0,0.0,0.0,0.0,0.0,0.0,0.0,0.0,0.0,0.0,0.0,0.0,0.0,-10.666004569905468,-10.666004569905468,-10.666004569905468,-1.5456154469313463,-1.5456154469313463,-1.5456154469313463,-0.030595226932201697,-0.030595226932201697,-0.030595226932201697,-7.712699095154232,-7.712699095154232,-7.712699095154232,-0.48646304291911746,-0.48646304291911746,-0.48646304291911746,0.0,0.0,0.0,-0.20686229654293653,-0.20686229654293653,-0.20686229654293653,-0.6306209596975837,-0.6306209596975837,-0.6306209596975837,-1.1074639990543333,-1.1074639990543333,-1.1074639990543333,-2.27410684081115,-2.27410684081115,-2.27410684081115,-0.17692695390956334,-0.17692695390956334,-0.17692695390956334,-4.087279395724332,-4.087279395724332,-4.087279395724332,-0.11514908867555139,-0.11514908867555139,-0.11514908867555139,1.1274734591235167,1.1274734591235167,1.1274734591235167,0.5426530975722198,0.5426530975722198,0.5426530975722198,0.27529524998902116,0.27529524998902116,0.27529524998902116,-1.9503431253921104,-1.9503431253921104,-1.9503431253921104,0.0,0.0,0.0,46.034697344724066
549,2018-04-12 05:00:00,56.70074676910528,40.938668951399286,60.26308832256078,56.70074676910528,56.70074676910528,0.0,0.0,0.0,0.0,0.0,0.0,0.0,0.0,0.0,0.0,0.0,0.0,0.0,0.0,0.0,0.0,0.0,0.0,0.0,0.0,0.0,0.0,0.0,0.0,0.0,0.0,0.0,0.0,0.0,0.0,-6.253842186484404,-6.253842186484404,-6.253842186484404,-0.7190838235628338,-0.7190838235628338,-0.7190838235628338,-0.030595226932201697,-0.030595226932201697,-0.030595226932201697,-4.134603696040523,-4.134603696040523,-4.134603696040523,-0.5142804456556961,-0.5142804456556961,-0.5142804456556961,0.0,0.0,0.0,-0.18099932138494199,-0.18099932138494199,-0.18099932138494199,-0.6462220913369128,-0.6462220913369128,-0.6462220913369128,-0.4861315363842362,-0.4861315363842362,-0.4861315363842362,-1.5936657414384612,-1.5936657414384612,-1.5936657414384612,0.1975679331565478,0.1975679331565478,0.1975679331565478,-2.0569822384056597,-2.0569822384056597,-2.0569822384056597,-0.11482780152361825,-0.11482780152361825,-0.11482780152361825,1.0748683451658843,1.0748683451658843,1.0748683451658843,0.5422893263376046,0.5422893263376046,0.5422893263376046,0.21666442869877317,0.21666442869877317,0.21666442869877317,-1.9424439932186521,-1.9424439932186521,-1.9424439932186521,0.0,0.0,0.0,50.446904582620874
550,2018-04-12 06:00:00,56.700791623581026,47.68232930629812,66.75478017357015,56.700791623581026,56.700791623581026,0.0,0.0,0.0,0.0,0.0,0.0,0.0,0.0,0.0,0.0,0.0,0.0,0.0,0.0,0.0,0.0,0.0,0.0,0.0,0.0,0.0,0.0,0.0,0.0,0.0,0.0,0.0,0.0,0.0,0.0,0.306498079356832,0.306498079356832,0.306498079356832,0.12857460797907996,0.12857460797907996,0.12857460797907996,-0.030595226932201697,-0.030595226932201697,-0.030595226932201697,1.5715296125782583,1.5715296125782583,1.5715296125782583,-0.48166693899901764,-0.48166693899901764,-0.48166693899901764,0.0,0.0,0.0,-0.1551363462269475,-0.1551363462269475,-0.1551363462269475,-0.6088382475973881,-0.6088382475973881,-0.6088382475973881,2.8757808697388274,2.8757808697388274,2.8757808697388274,-0.7591177728698674,-0.7591177728698674,-0.7591177728698674,0.8280466670779734,0.8280466670779734,0.8280466670779734,-1.1842921401195146,-1.1842921401195146,-1.1842921401195146,-0.07354240250021295,-0.07354240250021295,-0.07354240250021295,0.97953974086697,0.97953974086697,0.97953974086697,0.5409211749866639,0.5409211749866639,0.5409211749866639,0.1813514101396372,0.1813514101396372,0.1813514101396372,-1.9345273161871703,-1.9345273161871703,-1.9345273161871703,0.0,0.0,0.0,57.00728970293786
551,2018-04-12 07:00:00,56.70083647805677,50.3447864122229,69.09672953874775,56.70083647805677,56.70083647805677,0.0,0.0,0.0,0.0,0.0,0.0,0.0,0.0,0.0,0.0,0.0,0.0,0.0,0.0,0.0,0.0,0.0,0.0,0.0,0.0,0.0,0.0,0.0,0.0,0.0,0.0,0.0,0.0,0.0,0.0,3.2996819856058175,3.2996819856058175,3.2996819856058175,0.698560708881959,0.698560708881959,0.698560708881959,-0.030595226932201697,-0.030595226932201697,-0.030595226932201697,3.9890292986462623,3.9890292986462623,3.9890292986462623,-0.63897914757829,-0.63897914757829,-0.63897914757829,0.0,0.0,0.0,-0.12927337106895298,-0.12927337106895298,-0.12927337106895298,-0.46519009212582924,-0.46519009212582924,-0.46519009212582924,3.0134815776819286,3.0134815776819286,3.0134815776819286,-0.6737662760844432,-0.6737662760844432,-0.6737662760844432,2.3465681289789533,2.3465681289789533,2.3465681289789533,-0.30210480980849075,-0.30210480980849075,-0.30210480980849075,0.006538420119116087,0.006538420119116087,0.006538420119116087,0.6700124128842151,0.6700124128842151,0.6700124128842151,0.5386852217419771,0.5386852217419771,0.5386852217419771,0.19233768258025732,0.19233768258025732,0.19233768258025732,-1.9265932436643807,-1.9265932436643807,-1.9265932436643807,0.0,0.0,0.0,60.00051846366259
552,2018-04-12 08:00:00,56.72664867659842,50.398943654441325,68.17342471382479,56.72664867659842,56.72664867659842,0.0,0.0,0.0,0.0,0.0,0.0,0.0,0.0,0.0,0.0,0.0,0.0,0.0,0.0,0.0,0.0,0.0,0.0,0.0,0.0,0.0,0.0,0.0,0.0,0.0,0.0,0.0,0.0,0.0,0.0,1.855985475109437,1.855985475109437,1.855985475109437,0.8782048698019899,0.8782048698019899,0.8782048698019899,-0.018155972962186205,-0.018155972962186205,-0.018155972962186205,2.3469108947136195,2.3469108947136195,2.3469108947136195,-0.5662816081534509,-0.5662816081534509,-0.5662816081534509,0.0,0.0,0.0,-0.09299698243366787,-0.09299698243366787,-0.09299698243366787,-0.45910642464763113,-0.45910642464763113,-0.45910642464763113,2.2874440616047287,2.2874440616047287,2.2874440616047287,-1.107142107517684,-1.107142107517684,-1.107142107517684,1.7756278889841115,1.7756278889841115,1.7756278889841115,-0.19787886001860874,-0.19787886001860874,-0.19787886001860874,0.06228368215407271,0.06228368215407271,0.06228368215407271,0.47160632990733714,0.47160632990733714,0.47160632990733714,0.48484205573330785,0.48484205573330785,0.48484205573330785,0.19151088779659842,0.19151088779659842,0.19151088779659842,-1.8539723451394803,-1.8539723451394803,-1.8539723451394803,0.0,0.0,0.0,58.58263415170786
553,2018-04-12 09:00:00,56.726706636339344,47.292833592021026,66.89050267840774,56.726706636339344,56.726706636339344,0.0,0.0,0.0,0.0,0.0,0.0,0.0,0.0,0.0,0.0,0.0,0.0,0.0,0.0,0.0,0.0,0.0,0.0,0.0,0.0,0.0,0.0,0.0,0.0,0.0,0.0,0.0,0.0,0.0,0.0,0.6796573742769738,0.6796573742769738,0.6796573742769738,0.8873373445561237,0.8873373445561237,0.8873373445561237,-0.018155972962186205,-0.018155972962186205,-0.018155972962186205,1.1549464296785144,1.1549464296785144,1.1549464296785144,-0.5233155716345845,-0.5233155716345845,-0.5233155716345845,0.0,0.0,0.0,-0.06973841350793701,-0.06973841350793701,-0.06973841350793701,-0.4152322225844987,-0.4152322225844987,-0.4152322225844987,1.3058894439631135,1.3058894439631135,1.3058894439631135,-1.2063973152539775,-1.2063973152539775,-1.2063973152539775,1.6691073293608587,1.6691073293608587,1.6691073293608587,-0.20225478258908378,-0.20225478258908378,-0.20225478258908378,0.08594686668727235,0.08594686668727235,0.08594686668727235,0.36383813309312096,0.36383813309312096,0.36383813309312096,0.48327858210984914,0.48327858210984914,0.48327858210984914,0.16525893510641684,0.16525893510641684,0.16525893510641684,-1.8459049820675133,-1.8459049820675133,-1.8459049820675133,0.0,0.0,0.0,57.406364010616315
554,2018-04-12 10:00:00,56.72676459608027,45.439705367211474,64.7467268333104,56.72676459608027,56.72676459608027,0.0,0.0,0.0,0.0,0.0,0.0,0.0,0.0,0.0,0.0,0.0,0.0,0.0,0.0,0.0,0.0,0.0,0.0,0.0,0.0,0.0,0.0,0.0,0.0,0.0,0.0,0.0,0.0,0.0,0.0,-1.5995875106965678,-1.5995875106965678,-1.5995875106965678,0.8569744203004368,0.8569744203004368,0.8569744203004368,-0.018155972962186205,-0.018155972962186205,-0.018155972962186205,-1.1001318375905063,-1.1001318375905063,-1.1001318375905063,-0.5609108535885925,-0.5609108535885925,-0.5609108535885925,0.0,0.0,0.0,-0.04647984458220616,-0.04647984458220616,-0.04647984458220616,-0.46764569887468377,-0.46764569887468377,-0.46764569887468377,-0.35936873493231736,-0.35936873493231736,-0.35936873493231736,-1.6699917611442268,-1.6699917611442268,-1.6699917611442268,1.685005920349405,1.685005920349405,1.685005920349405,-0.25367187279216646,-0.25367187279216646,-0.25367187279216646,0.09989124328719358,0.09989124328719358,0.09989124328719358,0.36645162716707486,0.36645162716707486,0.36645162716707486,0.48138958190322345,0.48138958190322345,0.48138958190322345,0.12474411048219955,0.12474411048219955,0.12474411048219955,-1.8378196753097218,-1.8378196753097218,-1.8378196753097218,0.0,0.0,0.0,55.12717708538371
555,2018-04-12 11:00:00,56.726822555821194,45.465208046128424,64.48207840718216,56.726822555821194,56.726822555821194,0.0,0.0,0.0,0.0,0.0,0.0,0.0,0.0,0.0,0.0,0.0,0.0,0.0,0.0,0.0,0.0,0.0,0.0,0.0,0.0,0.0,0.0,0.0,0.0,0.0,0.0,0.0,0.0,0.0,0.0,-2.169793680564178,-2.169793680564178,-2.169793680564178,0.7899829185404361,0.7899829185404361,0.7899829185404361,-0.018155972962186205,-0.018155972962186205,-0.018155972962186205,-1.6093699747623673,-1.6093699747623673,-1.6093699747623673,-0.4730257788909116,-0.4730257788909116,-0.4730257788909116,0.0,0.0,0.0,-0.023221275656475294,-0.023221275656475294,-0.023221275656475294,-0.5009194225869921,-0.5009194225869921,-0.5009194225869921,-0.1325957715461505,-0.1325957715461505,-0.1325957715461505,-1.844293589364059,-1.844293589364059,-1.844293589364059,1.3288774822059923,1.3288774822059923,1.3288774822059923,-0.43964858203736007,-0.43964858203736007,-0.43964858203736007,0.09507409500722078,0.09507409500722078,0.09507409500722078,0.3174101795440578,0.3174101795440578,0.3174101795440578,0.4793099578232169,0.4793099578232169,0.4793099578232169,0.08112866152449626,0.08112866152449626,0.08112866152449626,-1.8297165821654635,-1.8297165821654635,-1.8297165821654635,0.0,0.0,0.0,54.55702887525702
556,2018-04-12 12:00:00,56.726880515562115,43.051416499584775,62.24927386078683,56.726880515562115,56.726880515562115,0.0,0.0,0.0,0.0,0.0,0.0,0.0,0.0,0.0,0.0,0.0,0.0,0.0,0.0,0.0,0.0,0.0,0.0,0.0,0.0,0.0,0.0,0.0,0.0,0.0,0.0,0.0,0.0,0.0,0.0,-3.9358177855781427,-3.9358177855781427,-3.9358177855781427,0.5666446880125772,0.5666446880125772,0.5666446880125772,-0.018155972962186205,-0.018155972962186205,-0.018155972962186205,-3.158033248844063,-3.158033248844063,-3.158033248844063,-0.5628638552485409,-0.5628638552485409,-0.5628638552485409,0.0,0.0,0.0,3.729326925556514e-05,3.729326925556514e-05,3.729326925556514e-05,-0.5645222926919358,-0.5645222926919358,-0.5645222926919358,-0.47783222326837244,-0.47783222326837244,-0.47783222326837244,-2.4277205421554435,-2.4277205421554435,-2.4277205421554435,1.2096380497919048,1.2096380497919048,1.2096380497919048,-0.7700307361082332,-0.7700307361082332,-0.7700307361082332,0.08493273020727807,0.08493273020727807,0.08493273020727807,0.3332448789333078,0.3332448789333078,0.3332448789333078,0.4771666365208601,0.4771666365208601,0.4771666365208601,0.0352394213889032,0.0352394213889032,0.0352394213889032,-1.8215958612675172,-1.8215958612675172,-1.8215958612675172,0.0,0.0,0.0,52.79106272998397
557,2018-04-12 13:00:00,56.72693847530304,40.260355159724575,59.90444223609882,56.72693847530304,56.72693847530304,0.0,0.0,0.0,0.0,0.0,0.0,0.0,0.0,0.0,0.0,0.0,0.0,0.0,0.0,0.0,0.0,0.0,0.0,0.0,0.0,0.0,0.0,0.0,0.0,0.0,0.0,0.0,0.0,0.0,0.0,-7.025662335339554,-7.025662335339554,-7.025662335339554,0.14892085087839246,0.14892085087839246,0.14892085087839246,-0.018155972962186205,-0.018155972962186205,-0.018155972962186205,-5.836200493436993,-5.836200493436993,-5.836200493436993,-0.8855973795550249,-0.8855973795550249,-0.8855973795550249,0.0,0.0,0.0,0.023295862194986423,0.023295862194986423,0.023295862194986423,-0.5288929071238887,-0.5288929071238887,-0.5288929071238887,-1.327384668192669,-1.327384668192669,-1.327384668192669,-2.979676331518247,-2.979676331518247,-2.979676331518247,0.6261597605122973,0.6261597605122973,0.6261597605122973,-1.3060812509914375,-1.3060812509914375,-1.3060812509914375,0.05205780598079715,0.05205780598079715,0.05205780598079715,0.5097325963979585,0.5097325963979585,0.5097325963979585,0.47507497979918345,0.47507497979918345,0.47507497979918345,-0.001658008179580394,-0.001658008179580394,-0.001658008179580394,-1.8134576725801363,-1.8134576725801363,-1.8134576725801363,0.0,0.0,0.0,49.70127613996348
558,2018-04-12 14:00:00,56.72699643504396,38.63525828420193,57.96457060263392,56.72699643504396,56.72699643504396,0.0,0.0,0.0,0.0,0.0,0.0,0.0,0.0,0.0,0.0,0.0,0.0,0.0,0.0,0.0,0.0,0.0,0.0,0.0,0.0,0.0,0.0,0.0,0.0,0.0,0.0,0.0,0.0,0.0,0.0,-8.425771357958952,-8.425771357958952,-8.425771357958952,-0.2692265207463179,-0.2692265207463179,-0.2692265207463179,-0.018155972962186205,-0.018155972962186205,-0.018155972962186205,-6.824378040813712,-6.824378040813712,-6.824378040813712,-0.7166627359694827,-0.7166627359694827,-0.7166627359694827,0.0,0.0,0.0,0.04655443112071729,0.04655443112071729,0.04655443112071729,-0.523003752484542,-0.523003752484542,-0.523003752484542,-1.4018474322896186,-1.4018474322896186,-1.4018474322896186,-3.7325633950789134,-3.7325633950789134,-3.7325633950789134,0.4671738506268458,0.4671738506268458,0.4671738506268458,-1.535817185941382,-1.535817185941382,-1.535817185941382,-0.009973542045519047,-0.009973542045519047,-0.009973542045519047,0.6001287443676577,0.6001287443676577,0.6001287443676577,0.47313538099858593,0.47313538099858593,0.47313538099858593,-0.00021105015728691942,-0.00021105015728691942,-0.00021105015728691942,-1.8053021773975084,-1.8053021773975084,-1.8053021773975084,0.0,0.0,0.0,48.30122507708501
559,2018-04-12 15:00:00,56.727054394784886,38.39521166812614,57.024134820478174,56.727054394784886,56.727054394784886,0.0,0.0,0.0,0.0,0.0,0.0,0.0,0.0,0.0,0.0,0.0,0.0,0.0,0.0,0.0,0.0,0.0,0.0,0.0,0.0,0.0,0.0,0.0,0.0,0.0,0.0,0.0,0.0,0.0,0.0,-8.89714185437423,-8.89714185437423,-8.89714185437423,-0.35288325544120397,-0.35288325544120397,-0.35288325544120397,-0.018155972962186205,-0.018155972962186205,-0.018155972962186205,-7.218559162993792,-7.218559162993792,-7.218559162993792,-0.20546455147797177,-0.20546455147797177,-0.20546455147797177,0.0,0.0,0.0,0.06981300004644814,0.06981300004644814,0.06981300004644814,-0.27153684938444095,-0.27153684938444095,-0.27153684938444095,-1.9129327676823211,-1.9129327676823211,-1.9129327676823211,-4.1029547800460575,-4.1029547800460575,-4.1029547800460575,0.30182850434597636,0.30182850434597636,0.30182850434597636,-1.5642606826494705,-1.5642606826494705,-1.5642606826494705,-0.09068190357839638,-0.09068190357839638,-0.09068190357839638,0.5630786224957232,0.5630786224957232,0.5630786224957232,0.47143010240115146,0.47143010240115146,0.47143010240115146,0.012708217898904816,0.012708217898904816,0.012708217898904816,-1.7971295383403834,-1.7971295383403834,-1.7971295383403834,0.0,0.0,0.0,47.82991254041066
560,2018-04-12 16:00:00,56.72711235452581,40.03571792304778,59.58048037510254,56.72711235452581,56.72711235452581,0.0,0.0,0.0,0.0,0.0,0.0,0.0,0.0,0.0,0.0,0.0,0.0,0.0,0.0,0.0,0.0,0.0,0.0,0.0,0.0,0.0,0.0,0.0,0.0,0.0,0.0,0.0,0.0,0.0,0.0,-7.2802850642994805,-7.2802850642994805,-7.2802850642994805,0.09190322618780662,0.09190322618780662,0.09190322618780662,-0.018155972962186205,-0.018155972962186205,-0.018155972962186205,-6.053268777258711,-6.053268777258711,-6.053268777258711,-0.031159153327571177,-0.031159153327571177,-0.031159153327571177,0.0,0.0,0.0,0.09307156897217901,0.09307156897217901,0.09307156897217901,0.06502833825421891,0.06502833825421891,0.06502833825421891,-1.4695408541959356,-1.4695408541959356,-1.4695408541959356,-3.8729732011448887,-3.8729732011448887,-3.8729732011448887,0.2271051266998143,0.2271051266998143,0.2271051266998143,-1.1343262901002882,-1.1343262901002882,-1.1343262901002882,-0.11764103167157741,-0.11764103167157741,-0.11764103167157741,0.20656728381930764,0.20656728381930764,0.20656728381930764,0.4700204061273106,0.4700204061273106,0.4700204061273106,-0.0012445916017822583,-0.0012445916017822583,-0.0012445916017822583,-1.788939919355887,-1.788939919355887,-1.788939919355887,0.0,0.0,0.0,49.446827290226324
561,2018-04-12 17:00:00,56.72717031426673,44.345459965637865,63.14849077205204,56.72717031426673,56.72717031426673,0.0,0.0,0.0,0.0,0.0,0.0,0.0,0.0,0.0,0.0,0.0,0.0,0.0,0.0,0.0,0.0,0.0,0.0,0.0,0.0,0.0,0.0,0.0,0.0,0.0,0.0,0.0,0.0,0.0,0.0,-3.1871243272957552,-3.1871243272957552,-3.1871243272957552,0.900907690479907,0.900907690479907,0.900907690479907,-0.018155972962186205,-0.018155972962186205,-0.018155972962186205,-2.7762425589859374,-2.7762425589859374,-2.7762425589859374,0.04647266265538033,0.04647266265538033,0.04647266265538033,0.0,0.0,0.0,0.11633013789790984,0.11633013789790984,0.11633013789790984,0.1680885444427849,0.1680885444427849,0.1680885444427849,0.10094653403064688,0.10094653403064688,0.10094653403064688,-3.789453575122886,-3.789453575122886,-3.789453575122886,0.6833946880710599,0.6833946880710599,0.6833946880710599,0.13687921662273947,0.13687921662273947,0.13687921662273947,-0.12110599797822448,-0.12110599797822448,-0.12110599797822448,-0.03679513494945724,-0.03679513494945724,-0.03679513494945724,0.4689440269245677,0.4689440269245677,0.4689440269245677,-0.06284366169370445,-0.06284366169370445,-0.06284366169370445,-1.7807334857142925,-1.7807334857142925,-1.7807334857142925,0.0,0.0,0.0,53.54004598697097
562,2018-04-12 18:00:00,56.72722827400765,49.220298032788634,68.24581276461015,56.72722827400765,56.72722827400765,0.0,0.0,0.0,0.0,0.0,0.0,0.0,0.0,0.0,0.0,0.0,0.0,0.0,0.0,0.0,0.0,0.0,0.0,0.0,0.0,0.0,0.0,0.0,0.0,0.0,0.0,0.0,0.0,0.0,0.0,1.9731690878201156,1.9731690878201156,1.9731690878201156,1.6180455840061514,1.6180455840061514,1.6180455840061514,-0.018155972962186205,-0.018155972962186205,-0.018155972962186205,1.6594208771316465,1.6594208771316465,1.6594208771316465,-0.09951421142576747,-0.09951421142576747,-0.09951421142576747,0.0,0.0,0.0,0.13958870682364072,0.13958870682364072,0.13958870682364072,-0.27153684938444095,-0.27153684938444095,-0.27153684938444095,1.140040560292633,1.140040560292633,1.140040560292633,-2.3502530629466287,-2.3502530629466287,-2.3502530629466287,2.425880260415609,2.425880260415609,2.425880260415609,1.1170858724091695,1.1170858724091695,1.1170858724091695,-0.12110599797822448,-0.12110599797822448,-0.12110599797822448,-0.1676235735926783,-0.1676235735926783,-0.1676235735926783,0.46821303068620196,0.46821303068620196,0.46821303068620196,-0.1349848545194791,-0.1349848545194791,-0.1349848545194791,-1.7725104040038844,-1.7725104040038844,-1.7725104040038844,0.0,0.0,0.0,58.70039736182777
563,2018-04-12 19:00:00,56.72728623374857,49.989147631137996,68.53785562528445,56.72728623374857,56.72728623374857,0.0,0.0,0.0,0.0,0.0,0.0,0.0,0.0,0.0,0.0,0.0,0.0,0.0,0.0,0.0,0.0,0.0,0.0,0.0,0.0,0.0,0.0,0.0,0.0,0.0,0.0,0.0,0.0,0.0,0.0,2.8718837810969955,2.8718837810969955,2.8718837810969955,1.810831962354959,1.810831962354959,1.810831962354959,-0.018155972962186205,-0.018155972962186205,-0.018155972962186205,2.357510563835683,2.357510563835683,2.357510563835683,-0.06387193113170798,-0.06387193113170798,-0.06387193113170798,0.0,0.0,0.0,0.1628472757493716,0.1628472757493716,0.1628472757493716,-0.37224139371726833,-0.37224139371726833,-0.37224139371726833,0.8963442414298874,0.8963442414298874,0.8963442414298874,-2.082748173803692,-2.082748173803692,-2.082748173803692,3.2669157237096487,3.2669157237096487,3.2669157237096487,0.9595526598720648,0.9595526598720648,0.9595526598720648,-0.12110599797822448,-0.12110599797822448,-0.12110599797822448,-0.12780622270126318,-0.12780622270126318,-0.12780622270126318,0.4678120970411954,0.4678120970411954,0.4678120970411954,-0.14221964463094647,-0.14221964463094647,-0.14221964463094647,-1.764270842134842,-1.764270842134842,-1.764270842134842,0.0,0.0,0.0,59.59917001484557
564,2018-04-12 20:00:00,56.7273441934895,46.16514602671769,64.51046561918035,56.7273441934895,56.7273441934895,0.0,0.0,0.0,0.0,0.0,0.0,0.0,0.0,0.0,0.0,0.0,0.0,0.0,0.0,0.0,0.0,0.0,0.0,0.0,0.0,0.0,0.0,0.0,0.0,0.0,0.0,0.0,0.0,0.0,0.0,-1.220810535272418,-1.220810535272418,-1.220810535272418,1.3703816707478231,1.3703816707478231,1.3703816707478231,-0.018155972962186205,-0.018155972962186205,-0.018155972962186205,-1.3028744953177738,-1.3028744953177738,-1.3028744953177738,-0.2279240705673791,-0.2279240705673791,-0.2279240705673791,0.0,0.0,0.0,0.18610584467510244,0.18610584467510244,0.18610584467510244,-0.39049777309924283,-0.39049777309924283,-0.39049777309924283,-0.7282978843217508,-0.7282978843217508,-0.7282978843217508,-2.363567785935644,-2.363567785935644,-2.363567785935644,2.2637146323324484,2.2637146323324484,2.2637146323324484,0.14344310047845166,0.14344310047845166,0.14344310047845166,-0.12102148660489162,-0.12102148660489162,-0.12102148660489162,0.08004342365083418,0.08004342365083418,0.08004342365083418,0.4676972586278964,0.4676972586278964,0.4676972586278964,-0.1267165229635164,-0.1267165229635164,-0.1267165229635164,-1.7560149693303637,-1.7560149693303637,-1.7560149693303637,0.0,0.0,0.0,55.50653365821708
565,2018-04-12 21:00:00,56.72740215323042,42.163649294666754,61.00274045503015,56.72740215323042,56.72740215323042,0.0,0.0,0.0,0.0,0.0,0.0,0.0,0.0,0.0,0.0,0.0,0.0,0.0,0.0,0.0,0.0,0.0,0.0,0.0,0.0,0.0,0.0,0.0,0.0,0.0,0.0,0.0,0.0,0.0,0.0,-5.394224593950802,-5.394224593950802,-5.394224593950802,0.5453384634390711,0.5453384634390711,0.5453384634390711,-0.018155972962186205,-0.018155972962186205,-0.018155972962186205,-4.6596152244957185,-4.6596152244957185,-4.6596152244957185,-0.692738465635114,-0.692738465635114,-0.692738465635114,0.0,0.0,0.0,0.20936441360083333,0.20936441360083333,0.20936441360083333,-0.5477382019697978,-0.5477382019697978,-0.5477382019697978,-0.8399920304671755,-0.8399920304671755,-0.8399920304671755,-2.7642199049687317,-2.7642199049687317,-2.7642199049687317,0.6531873651928244,0.6531873651928244,0.6531873651928244,-0.7569029683968074,-0.7569029683968074,-0.7569029683968074,-0.12110599797822448,-0.12110599797822448,-0.12110599797822448,0.4296366897785483,0.4296366897785483,0.4296366897785483,0.4677951232335208,0.4677951232335208,0.4677951232335208,-0.21095015068988654,-0.21095015068988654,-0.21095015068988654,-1.747742956127675,-1.747742956127675,-1.747742956127675,0.0,0.0,0.0,51.33317755927962
566,2018-04-12 22:00:00,56.72746011297134,37.178854687048634,55.45506082944202,56.72746011297134,56.72746011297134,0.0,0.0,0.0,0.0,0.0,0.0,0.0,0.0,0.0,0.0,0.0,0.0,0.0,0.0,0.0,0.0,0.0,0.0,0.0,0.0,0.0,0.0,0.0,0.0,0.0,0.0,0.0,0.0,0.0,0.0,-10.567691185654292,-10.567691185654292,-10.567691185654292,-0.29635178327160855,-0.29635178327160855,-0.29635178327160855,-0.018155972962186205,-0.018155972962186205,-0.018155972962186205,-8.999887026280753,-8.999887026280753,-8.999887026280753,0.3687179365468772,0.3687179365468772,0.3687179365468772,0.0,0.0,0.0,0.2326229825265642,0.2326229825265642,0.2326229825265642,0.022331967118955846,0.022331967118955846,0.022331967118955846,-3.764347856820126,-3.764347856820126,-3.764347856820126,-4.6331228408813825,-4.6331228408813825,-4.6331228408813825,-0.21328584368288692,-0.21328584368288692,-0.21328584368288692,-1.4614265022433046,-1.4614265022433046,-1.4614265022433046,-0.11907772501823596,-0.11907772501823596,-0.11907772501823596,0.26360294860971306,0.26360294860971306,0.26360294860971306,0.46800259827352175,0.46800259827352175,0.46800259827352175,0.32225388052525883,0.32225388052525883,0.32225388052525883,-1.7394549743754522,-1.7394549743754522,-1.7394549743754522,0.0,0.0,0.0,46.15976892731705
567,2018-04-12 23:00:00,56.72751807271227,34.13713211902865,52.09343495016941,56.72751807271227,56.72751807271227,0.0,0.0,0.0,0.0,0.0,0.0,0.0,0.0,0.0,0.0,0.0,0.0,0.0,0.0,0.0,0.0,0.0,0.0,0.0,0.0,0.0,0.0,0.0,0.0,0.0,0.0,0.0,0.0,0.0,0.0,-13.56418238877674,-13.56418238877674,-13.56418238877674,-0.9437367825282751,-0.9437367825282751,-0.9437367825282751,-0.018155972962186205,-0.018155972962186205,-0.018155972962186205,-11.357481539057687,-11.357481539057687,-11.357481539057687,0.19441253839647663,0.19441253839647663,0.19441253839647663,0.0,0.0,0.0,0.25588155145229496,0.25588155145229496,0.25588155145229496,-0.16258748855652833,-0.16258748855652833,-0.16258748855652833,-6.204695716542901,-6.204695716542901,-6.204695716542901,-4.769901358859445,-4.769901358859445,-4.769901358859445,-1.1274548255242334,-1.1274548255242334,-1.1274548255242334,-0.3116528468509622,-0.3116528468509622,-0.3116528468509622,-0.11907772501823596,-0.11907772501823596,-0.11907772501823596,0.5563142848925484,0.5563142848925484,0.5563142848925484,0.4681871300390617,0.4681871300390617,0.4681871300390617,0.3494360205154863,0.3494360205154863,0.3494360205154863,-1.7311511972298375,-1.7311511972298375,-1.7311511972298375,0.0,0.0,0.0,43.16333568393553
568,2018-04-13 00:00:00,56.727576032453186,30.52656496915346,50.18290828548294,56.727576032453186,56.727576032453186,0.0,0.0,0.0,0.0,0.0,0.0,0.0,0.0,0.0,0.0,0.0,0.0,0.0,0.0,0.0,0.0,0.0,0.0,0.0,0.0,0.0,0.0,0.0,0.0,0.0,0.0,0.0,0.0,0.0,0.0,-15.862450248833193,-15.862450248833193,-15.862450248833193,-1.4134236639970723,-1.4134236639970723,-1.4134236639970723,0.018170210910613115,0.018170210910613115,0.018170210910613115,-13.19438224857988,-13.19438224857988,-13.19438224857988,0.22028981039079376,0.22028981039079376,0.22028981039079376,0.0,0.0,0.0,3.729326925556514e-05,3.729326925556514e-05,3.729326925556514e-05,-0.2797816658795262,-0.2797816658795262,-0.2797816658795262,-6.665010985505866,-6.665010985505866,-6.665010985505866,-5.117294585936474,-5.117294585936474,-5.117294585936474,-1.205357921368105,-1.205357921368105,-1.205357921368105,-1.1616758061657577,-1.1616758061657577,-1.1616758061657577,-0.11907772501823596,-0.11907772501823596,-0.11907772501823596,0.7318795926840389,0.7318795926840389,0.7318795926840389,0.46818746289206903,0.46818746289206903,0.46818746289206903,0.3834395340393829,0.3834395340393829,0.3834395340393829,-1.7228317991483055,-1.7228317991483055,-1.7228317991483055,0.0,0.0,0.0,40.865125783619995
569,2018-04-13 01:00:00,56.727633992194114,29.20765927102655,49.30517676169755,56.727633992194114,56.727633992194114,0.0,0.0,0.0,0.0,0.0,0.0,0.0,0.0,0.0,0.0,0.0,0.0,0.0,0.0,0.0,0.0,0.0,0.0,0.0,0.0,0.0,0.0,0.0,0.0,0.0,0.0,0.0,0.0,0.0,0.0,-17.343323366380652,-17.343323366380652,-17.343323366380652,-1.7895730834280787,-1.7895730834280787,-1.7895730834280787,0.018170210910613115,0.018170210910613115,0.018170210910613115,-14.30706824328086,-14.30706824328086,-14.30706824328086,0.16365276225228828,0.16365276225228828,0.16365276225228828,0.0,0.0,0.0,-0.25580696491378385,-0.25580696491378385,-0.25580696491378385,-0.29774358752953345,-0.29774358752953345,-0.29774358752953345,-6.895168619987348,-6.895168619987348,-6.895168619987348,-5.176605624705721,-5.176605624705721,-5.176605624705721,-1.3722931267478284,-1.3722931267478284,-1.3722931267478284,-1.5752004890756586,-1.5752004890756586,-1.5752004890756586,-0.11933125913823453,-0.11933125913823453,-0.11933125913823453,0.8072097159921215,0.8072097159921215,0.8072097159921215,0.46781491622305055,0.46781491622305055,0.46781491622305055,0.39604873966222603,0.39604873966222603,0.39604873966222603,-1.7144969558947705,-1.7144969558947705,-1.7144969558947705,0.0,0.0,0.0,39.38431062581346
570,2018-04-13 02:00:00,56.727691951935036,29.552042345581945,48.23104412537547,56.727691951935036,56.727691951935036,0.0,0.0,0.0,0.0,0.0,0.0,0.0,0.0,0.0,0.0,0.0,0.0,0.0,0.0,0.0,0.0,0.0,0.0,0.0,0.0,0.0,0.0,0.0,0.0,0.0,0.0,0.0,0.0,0.0,0.0,-17.93522156412549,-17.93522156412549,-17.93522156412549,-2.0335825802930994,-2.0335825802930994,-2.0335825802930994,0.018170210910613115,0.018170210910613115,0.018170210910613115,-14.662347308905874,-14.662347308905874,-14.662347308905874,0.1680470159871723,0.1680470159871723,0.1680470159871723,0.0,0.0,0.0,-0.23254839598805302,-0.23254839598805302,-0.23254839598805302,-0.3092274390762594,-0.3092274390762594,-0.3092274390762594,-6.729319736316869,-6.729319736316869,-6.729319736316869,-5.291596414156305,-5.291596414156305,-5.291596414156305,-1.5090210092493168,-1.5090210092493168,-1.5090210092493168,-1.8596354561565411,-1.8596354561565411,-1.8596354561565411,-0.12135953209822305,-0.12135953209822305,-0.12135953209822305,0.8064410412644879,0.8064410412644879,0.8064410412644879,0.466855169604822,0.466855169604822,0.466855169604822,0.39770240597341855,0.39770240597341855,0.39770240597341855,-1.7061468445313415,-1.7061468445313415,-1.7061468445313415,0.0,0.0,0.0,38.792470387809544
571,2018-04-13 03:00:00,56.72774991167596,30.463238036907633,49.15265565709781,56.72774991167596,56.72774991167596,0.0,0.0,0.0,0.0,0.0,0.0,0.0,0.0,0.0,0.0,0.0,0.0,0.0,0.0,0.0,0.0,0.0,0.0,0.0,0.0,0.0,0.0,0.0,0.0,0.0,0.0,0.0,0.0,0.0,0.0,-16.542071923823077,-16.542071923823077,-16.542071923823077,-1.9752000405680927,-1.9752000405680927,-1.9752000405680927,0.018170210910613115,0.018170210910613115,0.018170210910613115,-13.334160779120383,-13.334160779120383,-13.334160779120383,0.49517479402854037,0.49517479402854037,0.49517479402854037,0.0,0.0,0.0,-0.2092898270623222,-0.2092898270623222,-0.2092898270623222,-0.2650587792811597,-0.2650587792811597,-0.2650587792811597,-5.693610381150199,-5.693610381150199,-5.693610381150199,-5.250441815826623,-5.250441815826623,-5.250441815826623,-1.496302136458481,-1.496302136458481,-1.496302136458481,-1.9187104108579565,-1.9187104108579565,-1.9187104108579565,-0.12135953209822305,-0.12135953209822305,-0.12135953209822305,0.7123552546021481,0.7123552546021481,0.7123552546021481,0.46507053928017483,0.46507053928017483,0.46507053928017483,0.39491184407328117,0.39491184407328117,0.39491184407328117,-1.6977816434147763,-1.6977816434147763,-1.6977816434147763,0.0,0.0,0.0,40.185677987852884
572,2018-04-13 04:00:00,56.727807871416886,36.48610521880263,54.940143366839344,56.727807871416886,56.727807871416886,0.0,0.0,0.0,0.0,0.0,0.0,0.0,0.0,0.0,0.0,0.0,0.0,0.0,0.0,0.0,0.0,0.0,0.0,0.0,0.0,0.0,0.0,0.0,0.0,0.0,0.0,0.0,0.0,0.0,0.0,-11.08061697434013,-11.08061697434013,-11.08061697434013,-1.4937107907015381,-1.4937107907015381,-1.4937107907015381,0.018170210910613115,0.018170210910613115,0.018170210910613115,-8.359707373430544,-8.359707373430544,-8.359707373430544,1.1084173152523584,1.1084173152523584,1.1084173152523584,0.0,0.0,0.0,-0.18603125813659133,-0.18603125813659133,-0.18603125813659133,-0.12843039164831785,-0.12843039164831785,-0.12843039164831785,-2.176937113116963,-2.176937113116963,-2.176937113116963,-5.093085998683718,-5.093085998683718,-5.093085998683718,-1.1354041210185055,-1.1354041210185055,-1.1354041210185055,-1.3454645541257133,-1.3454645541257133,-1.3454645541257133,-0.12144404347155591,-0.12144404347155591,-0.12144404347155591,0.30342029950112814,0.30342029950112814,0.30342029950112814,0.4622027219873137,0.4622027219873137,0.4622027219873137,0.3970822811067214,0.3970822811067214,0.3970822811067214,-1.689401532195362,-1.689401532195362,-1.689401532195362,0.0,0.0,0.0,45.647190897076754
573,2018-04-13 05:00:00,56.7278658311578,40.46202474218772,60.10774654013925,56.7278658311578,56.7278658311578,0.0,0.0,0.0,0.0,0.0,0.0,0.0,0.0,0.0,0.0,0.0,0.0,0.0,0.0,0.0,0.0,0.0,0.0,0.0,0.0,0.0,0.0,0.0,0.0,0.0,0.0,0.0,0.0,0.0,0.0,-6.278085011251573,-6.278085011251573,-6.278085011251573,-0.6929312660013599,-0.6929312660013599,-0.6929312660013599,0.018170210910613115,0.018170210910613115,0.018170210910613115,-4.362123028733616,-4.362123028733616,-4.362123028733616,2.5594975485940687,2.5594975485940687,2.5594975485940687,0.0,0.0,0.0,-0.16277268921086047,-0.16277268921086047,-0.16277268921086047,0.7246136578610414,0.7246136578610414,0.7246136578610414,-1.0701496649486575,-1.0701496649486575,-1.0701496649486575,-5.200814211958477,-5.200814211958477,-5.200814211958477,-0.6918334324380958,-0.6918334324380958,-0.6918334324380958,-0.40792314340141544,-0.40792314340141544,-0.40792314340141544,-0.12144404347155591,-0.12144404347155591,-0.12144404347155591,-0.4100635826882829,-0.4100635826882829,-0.4100635826882829,0.45797597529740885,0.45797597529740885,0.45797597529740885,0.40059632201800555,0.40059632201800555,0.40059632201800555,-1.6810066918140065,-1.6810066918140065,-1.6810066918140065,0.0,0.0,0.0,50.44978081990622
574,2018-04-13 06:00:00,56.72792379089872,45.55951937258641,64.91219040704577,56.72792379089872,56.72792379089872,0.0,0.0,0.0,0.0,0.0,0.0,0.0,0.0,0.0,0.0,0.0,0.0,0.0,0.0,0.0,0.0,0.0,0.0,0.0,0.0,0.0,0.0,0.0,0.0,0.0,0.0,0.0,0.0,0.0,0.0,-1.913015459764974,-1.913015459764974,-1.913015459764974,0.12414087998948542,0.12414087998948542,0.12414087998948542,0.018170210910613115,0.018170210910613115,0.018170210910613115,-0.8166597323851382,-0.8166597323851382,-0.8166597323851382,3.2425598791610444,3.2425598791610444,3.2425598791610444,0.0,0.0,0.0,-0.1395141202851296,-0.1395141202851296,-0.1395141202851296,0.9545851465275272,0.9545851465275272,0.9545851465275272,0.31079614194023514,0.31079614194023514,0.31079614194023514,-4.993830790947425,-4.993830790947425,-4.993830790947425,0.14761217175708854,0.14761217175708854,0.14761217175708854,0.12593941019655147,0.12593941019655147,0.12593941019655147,-0.11282388339160462,-0.11282388339160462,-0.11282388339160462,-0.7739541987499801,-0.7739541987499801,-0.7739541987499801,0.4521006971253212,0.4521006971253212,0.4521006971253212,0.40380030049594107,0.40380030049594107,0.40380030049594107,-1.6725973044946425,-1.6725973044946425,-1.6725973044946425,0.0,0.0,0.0,54.81490833113375
575,2018-04-13 07:00:00,56.72798175063965,47.38913180081982,66.0779654530722,56.72798175063965,56.72798175063965,0.0,0.0,0.0,0.0,0.0,0.0,0.0,0.0,0.0,0.0,0.0,0.0,0.0,0.0,0.0,0.0,0.0,0.0,0.0,0.0,0.0,0.0,0.0,0.0,0.0,0.0,0.0,0.0,0.0,0.0,0.3119340912275161,0.3119340912275161,0.3119340912275161,0.6710051976726343,0.6710051976726343,0.6710051976726343,0.018170210910613115,0.018170210910613115,0.018170210910613115,0.8608250862261909,0.8608250862261909,0.8608250862261909,3.212288353431843,3.212288353431843,3.212288353431843,0.0,0.0,0.0,-0.11625555135939875,-0.11625555135939875,-0.11625555135939875,0.9654800826103185,0.9654800826103185,0.9654800826103185,-0.10890307387893897,-0.10890307387893897,-0.10890307387893897,-4.739640624793501,-4.739640624793501,-4.739640624793501,1.3352369186014112,1.3352369186014112,1.3352369186014112,0.8414027504692363,0.8414027504692363,0.8414027504692363,-0.04842621691196845,-0.04842621691196845,-0.04842621691196845,-0.9017079384826672,-0.9017079384826672,-0.9017079384826672,0.44427736107700894,0.44427736107700894,0.44427736107700894,0.40318017562924385,0.40318017562924385,0.40318017562924385,-1.6641735537483187,-1.6641735537483187,-1.6641735537483187,0.0,0.0,0.0,57.03991584186716
576,2018-04-13 08:00:00,56.82750011679963,47.197432952196806,66.07719626880615,56.82750011679963,56.82750011679963,0.0,0.0,0.0,0.0,0.0,0.0,0.0,0.0,0.0,0.0,0.0,0.0,0.0,0.0,0.0,0.0,0.0,0.0,0.0,0.0,0.0,0.0,0.0,0.0,0.0,0.0,0.0,0.0,0.0,0.0,-0.2782565244795236,-0.2782565244795236,-0.2782565244795236,0.9375016850234082,0.9375016850234082,0.9375016850234082,0.006202154386844628,0.006202154386844628,0.006202154386844628,-0.13702598270638028,-0.13702598270638028,-0.13702598270638028,2.942388132082826,2.942388132082826,2.942388132082826,0.0,0.0,0.0,-0.09217220135971659,-0.09217220135971659,-0.09217220135971659,0.8353999826199175,0.8353999826199175,0.8353999826199175,-1.1855394808942286,-1.1855394808942286,-1.1855394808942286,-4.585082224269956,-4.585082224269956,-4.585082224269956,1.437852704509822,1.437852704509822,1.437852704509822,0.9219925470185308,0.9219925470185308,0.9219925470185308,0.03174939063054753,0.03174939063054753,0.03174939063054753,-0.9108196591471748,-0.9108196591471748,-0.9108196591471748,0.5242573793599015,0.5242573793599015,0.5242573793599015,0.46100267171620724,0.46100267171620724,0.46100267171620724,-1.602989606156453,-1.602989606156453,-1.602989606156453,0.0,0.0,0.0,56.5492435923201
577,2018-04-13 09:00:00,56.82755998724813,46.51043816153619,65.04640824237595,56.82755998724813,56.82755998724813,0.0,0.0,0.0,0.0,0.0,0.0,0.0,0.0,0.0,0.0,0.0,0.0,0.0,0.0,0.0,0.0,0.0,0.0,0.0,0.0,0.0,0.0,0.0,0.0,0.0,0.0,0.0,0.0,0.0,0.0,-0.959672286297255,-0.959672286297255,-0.959672286297255,0.9616215035465687,0.9616215035465687,0.9616215035465687,0.006202154386844628,0.006202154386844628,0.006202154386844628,-0.8369193226031421,-0.8369193226031421,-0.8369193226031421,2.766800995873113,2.766800995873113,2.766800995873113,0.0,0.0,0.0,-0.06911991828866317,-0.06911991828866317,-0.06911991828866317,0.6189243297179463,0.6189243297179463,0.6189243297179463,-1.3877726184486963,-1.3877726184486963,-1.3877726184486963,-4.545133764196895,-4.545133764196895,-4.545133764196895,1.464994270630835,1.464994270630835,1.464994270630835,0.5838447745124832,0.5838447745124832,0.5838447745124832,0.09143976933773657,0.09143976933773657,0.09143976933773657,-0.8341362721048854,-0.8341362721048854,-0.8341362721048854,0.510124158287518,0.510124158287518,0.510124158287518,0.4670369559770392,0.4670369559770392,0.4670369559770392,-1.5944986255281999,-1.5944986255281999,-1.5944986255281999,0.0,0.0,0.0,55.867887700950874
578,2018-04-13 10:00:00,56.82761985769663,44.950116724210105,64.84425221369902,56.82761985769663,56.82761985769663,0.0,0.0,0.0,0.0,0.0,0.0,0.0,0.0,0.0,0.0,0.0,0.0,0.0,0.0,0.0,0.0,0.0,0.0,0.0,0.0,0.0,0.0,0.0,0.0,0.0,0.0,0.0,0.0,0.0,0.0,-2.7001546664531313,-2.7001546664531313,-2.7001546664531313,0.9369951685538292,0.9369951685538292,0.9369951685538292,0.006202154386844628,0.006202154386844628,0.006202154386844628,-2.5438797807654017,-2.5438797807654017,-2.5438797807654017,2.455229256892291,2.455229256892291,2.455229256892291,0.0,0.0,0.0,-0.04606763521760976,-0.04606763521760976,-0.04606763521760976,0.15829444110688795,0.15829444110688795,0.15829444110688795,-2.109070809059638,-2.109070809059638,-2.109070809059638,-4.415015922816071,-4.415015922816071,-4.415015922816071,1.0323257754076305,1.0323257754076305,1.0323257754076305,0.5335506437916472,0.5335506437916472,0.5335506437916472,0.11807086137632862,0.11807086137632862,0.11807086137632862,-0.7467563811726107,-0.7467563811726107,-0.7467563811726107,0.49272681228857373,0.49272681228857373,0.49272681228857373,0.46935783453889757,0.46935783453889757,0.46935783453889757,-1.585996866530132,-1.585996866530132,-1.585996866530132,0.0,0.0,0.0,54.1274651912435
579,2018-04-13 11:00:00,56.82767972814513,41.75637063628754,61.00588563152599,56.82767972814513,56.82767972814513,0.0,0.0,0.0,0.0,0.0,0.0,0.0,0.0,0.0,0.0,0.0,0.0,0.0,0.0,0.0,0.0,0.0,0.0,0.0,0.0,0.0,0.0,0.0,0.0,0.0,0.0,0.0,0.0,0.0,0.0,-5.210322452648229,-5.210322452648229,-5.210322452648229,0.8680109476687173,0.8680109476687173,0.8680109476687173,0.006202154386844628,0.006202154386844628,0.006202154386844628,-4.972626173733573,-4.972626173733573,-4.972626173733573,2.340238768233213,2.340238768233213,2.340238768233213,0.0,0.0,0.0,-0.02301535214655635,-0.02301535214655635,-0.02301535214655635,0.15305007804869752,0.15305007804869752,0.15305007804869752,-3.8111997168097576,-3.8111997168097576,-3.8111997168097576,-4.376208847316528,-4.376208847316528,-4.376208847316528,0.435211320745348,0.435211320745348,0.435211320745348,0.4511538764404897,0.4511538764404897,0.4511538764404897,0.12266242896918932,0.12266242896918932,0.12266242896918932,-0.741935421672899,-0.741935421672899,-0.741935421672899,0.4717772904750406,0.4717772904750406,0.4717772904750406,0.47121453738838426,0.47121453738838426,0.47121453738838426,-1.5774845170584137,-1.5774845170584137,-1.5774845170584137,0.0,0.0,0.0,51.6173572754969
580,2018-04-13 12:00:00,56.82773959859363,39.95135724629586,59.30048751686952,56.82773959859363,56.82773959859363,0.0,0.0,0.0,0.0,0.0,0.0,0.0,0.0,0.0,0.0,0.0,0.0,0.0,0.0,0.0,0.0,0.0,0.0,0.0,0.0,0.0,0.0,0.0,0.0,0.0,0.0,0.0,0.0,0.0,0.0,-6.841075794843297,-6.841075794843297,-6.841075794843297,0.6324065920051947,0.6324065920051947,0.6324065920051947,0.006202154386844628,0.006202154386844628,0.006202154386844628,-6.35152444040722,-6.35152444040722,-6.35152444040722,2.507237403215277,2.507237403215277,2.507237403215277,0.0,0.0,0.0,3.693092449705807e-05,3.693092449705807e-05,3.693092449705807e-05,0.23433770545064905,0.23433770545064905,0.23433770545064905,-4.94707583940736,-4.94707583940736,-4.94707583940736,-4.52687161102064,-4.52687161102064,-4.52687161102064,0.1526197205442151,0.1526197205442151,0.1526197205442151,0.2371362989050166,0.2371362989050166,0.2371362989050166,0.12051969742585429,0.12051969742585429,0.12051969742585429,-0.6137280299774407,-0.6137280299774407,-0.6137280299774407,0.44700381972927583,0.44700381972927583,0.44700381972927583,0.47806112914586674,0.47806112914586674,0.47806112914586674,-1.568961766170547,-1.568961766170547,-1.568961766170547,0.0,0.0,0.0,49.98666380375033
581,2018-04-13 13:00:00,56.827799469042134,38.549327727774696,56.88299660607842,56.827799469042134,56.827799469042134,0.0,0.0,0.0,0.0,0.0,0.0,0.0,0.0,0.0,0.0,0.0,0.0,0.0,0.0,0.0,0.0,0.0,0.0,0.0,0.0,0.0,0.0,0.0,0.0,0.0,0.0,0.0,0.0,0.0,0.0,-9.142264167542395,-9.142264167542395,-9.142264167542395,0.192866673615245,0.192866673615245,0.192866673615245,0.006202154386844628,0.006202154386844628,0.006202154386844628,-8.192857811781852,-8.192857811781852,-8.192857811781852,2.6169793633463474,2.6169793633463474,2.6169793633463474,0.0,0.0,0.0,0.02308921399555047,0.02308921399555047,0.02308921399555047,0.3488396322211398,0.3488396322211398,0.3488396322211398,-6.224515158293092,-6.224515158293092,-6.224515158293092,-4.922932058030693,-4.922932058030693,-4.922932058030693,0.05842252047717006,0.05842252047717006,0.05842252047717006,-0.1309739344559968,-0.1309739344559968,-0.1309739344559968,0.10680621554851036,0.10680621554851036,0.10680621554851036,-0.5466865619345749,-0.5466865619345749,-0.5466865619345749,0.4181557747073635,0.4181557747073635,0.4181557747073635,0.4719108009569419,0.4719108009569419,0.4719108009569419,-1.5604288040831498,-1.5604288040831498,-1.5604288040831498,0.0,0.0,0.0,47.68553530149974
582,2018-04-13 14:00:00,56.82785933949064,37.12993899171549,55.95938277586576,56.82785933949064,56.82785933949064,0.0,0.0,0.0,0.0,0.0,0.0,0.0,0.0,0.0,0.0,0.0,0.0,0.0,0.0,0.0,0.0,0.0,0.0,0.0,0.0,0.0,0.0,0.0,0.0,0.0,0.0,0.0,0.0,0.0,0.0,-10.152884944155849,-10.152884944155849,-10.152884944155849,-0.24674816464685628,-0.24674816464685628,-0.24674816464685628,0.006202154386844628,0.006202154386844628,0.006202154386844628,-8.739259411058045,-8.739259411058045,-8.739259411058045,2.814514891582274,2.814514891582274,2.814514891582274,0.0,0.0,0.0,0.04614149706660388,0.04614149706660388,0.04614149706660388,0.5283133902125452,0.5283133902125452,0.5283133902125452,-6.207662396830221,-6.207662396830221,-6.207662396830221,-4.7848245246352565,-4.7848245246352565,-4.7848245246352565,-0.7654038394312187,-0.7654038394312187,-0.7654038394312187,-0.39956599426301526,-0.39956599426301526,-0.39956599426301526,0.056666297434471574,0.056666297434471574,0.056666297434471574,-0.510077400733639,-0.510077400733639,-0.510077400733639,0.38500845371566467,0.38500845371566467,0.38500845371566467,0.4764365141525658,0.4764365141525658,0.4764365141525658,-1.5518858221666136,-1.5518858221666136,-1.5518858221666136,0.0,0.0,0.0,46.674974395334786
583,2018-04-13 15:00:00,56.82791920993913,38.17378944388449,56.55001470863726,56.82791920993913,56.82791920993913,0.0,0.0,0.0,0.0,0.0,0.0,0.0,0.0,0.0,0.0,0.0,0.0,0.0,0.0,0.0,0.0,0.0,0.0,0.0,0.0,0.0,0.0,0.0,0.0,0.0,0.0,0.0,0.0,0.0,0.0,-9.363352518782841,-9.363352518782841,-9.363352518782841,-0.33641637338359265,-0.33641637338359265,-0.33641637338359265,0.006202154386844628,0.006202154386844628,0.006202154386844628,-7.830970825928906,-7.830970825928906,-7.830970825928906,3.1380151044903863,3.1380151044903863,3.1380151044903863,0.0,0.0,0.0,0.06919378013765728,0.06919378013765728,0.06919378013765728,0.8310296800714255,0.8310296800714255,0.8310296800714255,-5.257166650324214,-5.257166650324214,-5.257166650324214,-4.8099349852526085,-4.8099349852526085,-4.8099349852526085,-0.9937123073903262,-0.9937123073903262,-0.9937123073903262,-0.6167938354615206,-0.6167938354615206,-0.6167938354615206,-0.02947151060759508,-0.02947151060759508,-0.02947151060759508,-0.6144813048992708,-0.6144813048992708,-0.6144813048992708,0.34736769347083796,0.34736769347083796,0.34736769347083796,0.4461490489203132,0.4461490489203132,0.4461490489203132,-1.5433330129411782,-1.5433330129411782,-1.5433330129411782,0.0,0.0,0.0,47.46456669115629
584,2018-04-13 16:00:00,56.827979080387635,40.39006884900652,59.51208031149921,56.827979080387635,56.827979080387635,0.0,0.0,0.0,0.0,0.0,0.0,0.0,0.0,0.0,0.0,0.0,0.0,0.0,0.0,0.0,0.0,0.0,0.0,0.0,0.0,0.0,0.0,0.0,0.0,0.0,0.0,0.0,0.0,0.0,0.0,-6.3327324767947015,-6.3327324767947015,-6.3327324767947015,0.12583967497339577,0.12583967497339577,0.12583967497339577,0.006202154386844628,0.006202154386844628,0.006202154386844628,-5.228875838523353,-5.228875838523353,-5.228875838523353,3.4448154539002918,3.4448154539002918,3.4448154539002918,0.0,0.0,0.0,0.0922460632087107,0.0922460632087107,0.0922460632087107,1.0658606036770633,1.0658606036770633,1.0658606036770633,-3.059566555565645,-3.059566555565645,-3.059566555565645,-4.750582987429777,-4.750582987429777,-4.750582987429777,-0.9394291751483014,-0.9394291751483014,-0.9394291751483014,-0.48731320105255926,-0.48731320105255926,-0.48731320105255926,-0.0750198611287732,-0.0750198611287732,-0.0750198611287732,-0.905396079709999,-0.905396079709999,-0.905396079709999,0.3050742568276571,0.3050742568276571,0.3050742568276571,0.37930774633879033,0.37930774633879033,0.37930774633879033,-1.534770570072401,-1.534770570072401,-1.534770570072401,0.0,0.0,0.0,50.49524660359293
585,2018-04-13 17:00:00,56.82803895083614,43.7466583683198,62.40144683666898,56.82803895083614,56.82803895083614,0.0,0.0,0.0,0.0,0.0,0.0,0.0,0.0,0.0,0.0,0.0,0.0,0.0,0.0,0.0,0.0,0.0,0.0,0.0,0.0,0.0,0.0,0.0,0.0,0.0,0.0,0.0,0.0,0.0,0.0,-3.8637075777920575,-3.8637075777920575,-3.8637075777920575,0.9671985619611165,0.9671985619611165,0.9671985619611165,0.006202154386844628,0.006202154386844628,0.006202154386844628,-3.562715380799272,-3.562715380799272,-3.562715380799272,3.494915044394911,3.494915044394911,3.494915044394911,0.0,0.0,0.0,0.1152983462797641,0.1152983462797641,0.1152983462797641,1.0128342660886935,1.0128342660886935,1.0128342660886935,-1.99110147881953,-1.99110147881953,-1.99110147881953,-4.430995306845295,-4.430995306845295,-4.430995306845295,-0.964974178556313,-0.964974178556313,-0.964974178556313,-0.08067980373516077,-0.08067980373516077,-0.08067980373516077,-0.08157049756125445,-0.08157049756125445,-0.08157049756125445,-0.9737934426121588,-0.9737934426121588,-0.9737934426121588,0.2580079294180365,0.2580079294180365,0.2580079294180365,0.3311495161802278,0.3311495161802278,0.3311495161802278,-1.5261986883719383,-1.5261986883719383,-1.5261986883719383,0.0,0.0,0.0,52.96433137304408
586,2018-04-13 18:00:00,56.828098821284634,45.47035759442363,65.0671808026081,56.828098821284634,56.828098821284634,0.0,0.0,0.0,0.0,0.0,0.0,0.0,0.0,0.0,0.0,0.0,0.0,0.0,0.0,0.0,0.0,0.0,0.0,0.0,0.0,0.0,0.0,0.0,0.0,0.0,0.0,0.0,0.0,0.0,0.0,-1.3583168762488567,-1.3583168762488567,-1.3583168762488567,1.709681023985906,1.709681023985906,1.709681023985906,0.006202154386844628,0.006202154386844628,0.006202154386844628,-1.7564716004562468,-1.7564716004562468,-1.7564716004562468,3.037338784544056,3.037338784544056,3.037338784544056,0.0,0.0,0.0,0.1383506293508175,0.1383506293508175,0.1383506293508175,0.7203153488429611,0.7203153488429611,0.7203153488429611,-0.8147787287110342,-0.8147787287110342,-0.8147787287110342,-4.457247152036164,-4.457247152036164,-4.457247152036164,-0.4269325442750591,-0.4269325442750591,-0.4269325442750591,0.7957221762726019,0.7957221762726019,0.7957221762726019,-0.0823663692773503,-0.0823663692773503,-0.0823663692773503,-0.969876413018643,-0.969876413018643,-0.969876413018643,0.2060912640016996,0.2060912640016996,0.2060912640016996,0.296800513464723,0.296800513464723,0.296800513464723,-1.5176175637802152,-1.5176175637802152,-1.5176175637802152,0.0,0.0,0.0,55.46978194503578
587,2018-04-13 19:00:00,56.82815869173314,47.38044010780823,66.83939976503709,56.82815869173314,56.82815869173314,0.0,0.0,0.0,0.0,0.0,0.0,0.0,0.0,0.0,0.0,0.0,0.0,0.0,0.0,0.0,0.0,0.0,0.0,0.0,0.0,0.0,0.0,0.0,0.0,0.0,0.0,0.0,0.0,0.0,0.0,-0.2489874842116071,-0.2489874842116071,-0.2489874842116071,1.900603760901723,1.900603760901723,1.900603760901723,0.006202154386844628,0.006202154386844628,0.006202154386844628,-0.7898567667337587,-0.7898567667337587,-0.7898567667337587,2.661353286355867,2.661353286355867,2.661353286355867,0.0,0.0,0.0,0.1614029124218709,0.1614029124218709,0.1614029124218709,0.6145540271694544,0.6145540271694544,0.6145540271694544,-0.6428805617897333,-0.6428805617897333,-0.6428805617897333,-4.137659471451683,-4.137659471451683,-4.137659471451683,0.5836916530544181,0.5836916530544181,0.5836916530544181,0.6619611903129313,0.6619611903129313,0.6619611903129313,-0.08303979919096988,-0.08303979919096988,-0.08303979919096988,-0.905396079709999,-0.905396079709999,-0.905396079709999,0.14929291500048011,0.14929291500048011,0.14929291500048011,0.2899539217072406,0.2899539217072406,0.2899539217072406,-1.5090273933800515,-1.5090273933800515,-1.5090273933800515,0.0,0.0,0.0,56.57917120752153
588,2018-04-13 20:00:00,56.82821856218164,43.45747128249921,63.36032748138258,56.82821856218164,56.82821856218164,0.0,0.0,0.0,0.0,0.0,0.0,0.0,0.0,0.0,0.0,0.0,0.0,0.0,0.0,0.0,0.0,0.0,0.0,0.0,0.0,0.0,0.0,0.0,0.0,0.0,0.0,0.0,0.0,0.0,0.0,-3.0309656149354027,-3.0309656149354027,-3.0309656149354027,1.427020858870237,1.427020858870237,1.427020858870237,0.006202154386844628,0.006202154386844628,0.006202154386844628,-3.0451886083384037,-3.0451886083384037,-3.0451886083384037,1.9733189102297646,1.9733189102297646,1.9733189102297646,0.0,0.0,0.0,0.18445519549292433,0.18445519549292433,0.18445519549292433,0.31445991883966934,0.31445991883966934,0.31445991883966934,-1.9270609852606155,-1.9270609852606155,-1.9270609852606155,-4.357946694140272,-4.357946694140272,-4.357946694140272,0.4192456936153402,0.4192456936153402,0.4192456936153402,0.6394893446717065,0.6394893446717065,0.6394893446717065,-0.0836520082033513,-0.0836520082033513,-0.0836520082033513,-0.48868439295366844,-0.48868439295366844,-0.48868439295366844,0.08763050991209116,0.08763050991209116,0.08763050991209116,0.2749842549832537,0.2749842549832537,0.2749842549832537,-1.500428375379327,-1.500428375379327,-1.500428375379327,0.0,0.0,0.0,53.797252947246236
589,2018-04-13 21:00:00,56.828278432630135,40.51434925826796,59.72918693529861,56.828278432630135,56.828278432630135,0.0,0.0,0.0,0.0,0.0,0.0,0.0,0.0,0.0,0.0,0.0,0.0,0.0,0.0,0.0,0.0,0.0,0.0,0.0,0.0,0.0,0.0,0.0,0.0,0.0,0.0,0.0,0.0,0.0,0.0,-6.421546730432428,-6.421546730432428,-6.421546730432428,0.5513239364877579,0.5513239364877579,0.5513239364877579,0.006202154386844628,0.006202154386844628,0.006202154386844628,-5.502222967386672,-5.502222967386672,-5.502222967386672,1.304847231344418,1.304847231344418,1.304847231344418,0.0,0.0,0.0,0.20750747856397778,0.20750747856397778,0.20750747856397778,0.04204439331700036,0.04204439331700036,0.04204439331700036,-2.2169284824220217,-2.2169284824220217,-2.2169284824220217,-4.551982071637992,-4.551982071637992,-4.551982071637992,-0.6552410122341669,-0.6552410122341669,-0.6552410122341669,0.21573454115146976,0.21573454115146976,0.21573454115146976,-0.08420299631449459,-0.08420299631449459,-0.08420299631449459,-0.02105132148163283,-0.02105132148163283,-0.02105132148163283,0.02117300957691227,0.02117300957691227,0.02117300957691227,0.25084711793992603,0.25084711793992603,0.25084711793992603,-1.4918207091104256,-1.4918207091104256,-1.4918207091104256,0.0,0.0,0.0,50.40673170219771
590,2018-04-13 22:00:00,56.82833830307864,36.659723825064255,54.954685528935315,56.82833830307864,56.82833830307864,0.0,0.0,0.0,0.0,0.0,0.0,0.0,0.0,0.0,0.0,0.0,0.0,0.0,0.0,0.0,0.0,0.0,0.0,0.0,0.0,0.0,0.0,0.0,0.0,0.0,0.0,0.0,0.0,0.0,0.0,-10.57870767227423,-10.57870767227423,-10.57870767227423,-0.33894193132828987,-0.33894193132828987,-0.33894193132828987,0.006202154386844628,0.006202154386844628,0.006202154386844628,-8.706603660978708,-8.706603660978708,-8.706603660978708,-1.0827561099420016,-1.0827561099420016,-1.0827561099420016,0.0,0.0,0.0,0.23055976163503117,0.23055976163503117,0.23055976163503117,1.1515185336275064,1.1515185336275064,1.1515185336275064,-2.1596290934482547,-2.1596290934482547,-2.1596290934482547,-4.817924677267221,-4.817924677267221,-4.817924677267221,-2.039460884405821,-2.039460884405821,-2.039460884405821,-0.32037949057489,-0.32037949057489,-0.32037949057489,-0.08726404137640172,-0.08726404137640172,-0.08726404137640172,0.16922592377261358,0.16922592377261358,0.16922592377261358,-0.04995748493837202,-0.04995748493837202,-0.04995748493837202,0.2433042626138861,0.2433042626138861,0.2433042626138861,-1.4832045950288602,-1.4832045950288602,-1.4832045950288602,0.0,0.0,0.0,46.249630630804404
591,2018-04-13 23:00:00,56.82839817352714,32.936825458160364,51.67684496193278,56.82839817352714,56.82839817352714,0.0,0.0,0.0,0.0,0.0,0.0,0.0,0.0,0.0,0.0,0.0,0.0,0.0,0.0,0.0,0.0,0.0,0.0,0.0,0.0,0.0,0.0,0.0,0.0,0.0,0.0,0.0,0.0,0.0,0.0,-14.457321571261675,-14.457321571261675,-14.457321571261675,-1.0217729754981975,-1.0217729754981975,-1.0217729754981975,0.006202154386844628,0.006202154386844628,0.006202154386844628,-11.835383846233192,-11.835383846233192,-11.835383846233192,-1.1333328393937123,-1.1333328393937123,-1.1333328393937123,0.0,0.0,0.0,0.25361204470608456,0.25361204470608456,0.25361204470608456,1.159385078214792,1.159385078214792,1.159385078214792,-3.9797273314384825,-3.9797273314384825,-3.9797273314384825,-5.156915895601473,-5.156915895601473,-5.156915895601473,-2.96866038337226,-2.96866038337226,-2.96866038337226,-0.6456862084288099,-0.6456862084288099,-0.6456862084288099,-0.08726404137640172,-0.08726404137640172,-0.08726404137640172,0.43935031074083514,0.43935031074083514,0.43935031074083514,-0.1255845148271643,-0.1255845148271643,-0.1255845148271643,0.2776532653293909,0.2776532653293909,0.2776532653293909,-1.4745802347031214,-1.4745802347031214,-1.4745802347031214,0.0,0.0,0.0,42.37107660226547
592,2018-04-14 00:00:00,56.828458043975644,29.964251154015503,48.93746563694288,56.828458043975644,56.828458043975644,0.0,0.0,0.0,0.0,0.0,0.0,0.0,0.0,0.0,0.0,0.0,0.0,0.0,0.0,0.0,0.0,0.0,0.0,0.0,0.0,0.0,0.0,0.0,0.0,0.0,0.0,0.0,0.0,0.0,0.0,-17.46897637179725,-17.46897637179725,-17.46897637179725,-1.5155360639797983,-1.5155360639797983,-1.5155360639797983,0.01859807829264217,0.01859807829264217,0.01859807829264217,-14.28201581269464,-14.28201581269464,-14.28201581269464,-1.2025179881719958,-1.2025179881719958,-1.2025179881719958,0.0,0.0,0.0,3.693092449705807e-05,3.693092449705807e-05,3.693092449705807e-05,0.894836097279409,0.894836097279409,0.894836097279409,-4.677431656001402,-4.677431656001402,-4.677431656001402,-5.0530498994115165,-5.0530498994115165,-5.0530498994115165,-3.8882805060606946,-3.8882805060606946,-3.8882805060606946,-1.189290855368911,-1.189290855368911,-1.189290855368911,-0.08726404137640172,-0.08726404137640172,-0.08726404137640172,0.638968165025773,0.638968165025773,0.638968165025773,-0.20547666431067163,-0.20547666431067163,-0.20547666431067163,0.26337986217396153,0.26337986217396153,0.26337986217396153,-1.4659478308121412,-1.4659478308121412,-1.4659478308121412,0.0,0.0,0.0,39.35948167217839
593,2018-04-14 01:00:00,56.82851791442414,27.408150031137616,46.69479755462458,56.82851791442414,56.82851791442414,0.0,0.0,0.0,0.0,0.0,0.0,0.0,0.0,0.0,0.0,0.0,0.0,0.0,0.0,0.0,0.0,0.0,0.0,0.0,0.0,0.0,0.0,0.0,0.0,0.0,0.0,0.0,0.0,0.0,0.0,-19.701651306017784,-19.701651306017784,-19.701651306017784,-1.9108071708486192,-1.9108071708486192,-1.9108071708486192,0.01859807829264217,0.01859807829264217,0.01859807829264217,-16.044188946687363,-16.044188946687363,-16.044188946687363,-1.3790594022958915,-1.3790594022958915,-1.3790594022958915,0.0,0.0,0.0,-0.2535381828570904,-0.2535381828570904,-0.2535381828570904,0.8925052692535466,0.8925052692535466,0.8925052692535466,-5.513328624559875,-5.513328624559875,-5.513328624559875,-4.775693448047129,-4.775693448047129,-4.775693448047129,-4.486991523435978,-4.486991523435978,-4.486991523435978,-1.4439717726361236,-1.4439717726361236,-1.4439717726361236,-0.08726404137640172,-0.08726404137640172,-0.08726404137640172,0.7159528620367944,0.7159528620367944,0.7159528620367944,-0.28934760133850046,-0.28934760133850046,-0.28934760133850046,0.268601838938143,0.268601838938143,0.268601838938143,-1.4573075871433034,-1.4573075871433034,-1.4573075871433034,0.0,0.0,0.0,37.12686660840636
594,2018-04-14 02:00:00,56.828577784872635,26.34709366309964,45.075772420760586,56.828577784872635,56.828577784872635,0.0,0.0,0.0,0.0,0.0,0.0,0.0,0.0,0.0,0.0,0.0,0.0,0.0,0.0,0.0,0.0,0.0,0.0,0.0,0.0,0.0,0.0,0.0,0.0,0.0,0.0,0.0,0.0,0.0,0.0,-21.395666705889873,-21.395666705889873,-21.395666705889873,-2.1690074085531617,-2.1690074085531617,-2.1690074085531617,0.01859807829264217,0.01859807829264217,0.01859807829264217,-17.401142816677783,-17.401142816677783,-17.401142816677783,-1.495004168869153,-1.495004168869153,-1.495004168869153,0.0,0.0,0.0,-0.230485899786037,-0.230485899786037,-0.230485899786037,0.8884263202082873,0.8884263202082873,0.8884263202082873,-5.412212055782641,-5.412212055782641,-5.412212055782641,-5.113543281807865,-5.113543281807865,-5.113543281807865,-5.650885741213527,-5.650885741213527,-5.650885741213527,-1.3337527202053556,-1.3337527202053556,-1.3337527202053556,-0.08726404137640172,-0.08726404137640172,-0.08726404137640172,0.7251428160831198,0.7251428160831198,0.7251428160831198,-0.376856772073211,-0.376856772073211,-0.376856772073211,0.2898378777791477,0.2898378777791477,0.2898378777791477,-1.4486597085857191,-1.4486597085857191,-1.4486597085857191,0.0,0.0,0.0,35.43291107898276
595,2018-04-14 03:00:00,56.828637655321145,26.571116169532647,45.854912715872906,56.828637655321145,56.828637655321145,0.0,0.0,0.0,0.0,0.0,0.0,0.0,0.0,0.0,0.0,0.0,0.0,0.0,0.0,0.0,0.0,0.0,0.0,0.0,0.0,0.0,0.0,0.0,0.0,0.0,0.0,0.0,0.0,0.0,0.0,-20.98078222800684,-20.98078222800684,-20.98078222800684,-2.111101930618602,-2.111101930618602,-2.111101930618602,0.01859807829264217,0.01859807829264217,0.01859807829264217,-16.962065140994977,-16.962065140994977,-16.962065140994977,-1.1710268170039495,-1.1710268170039495,-1.1710268170039495,0.0,0.0,0.0,-0.20743361671498362,-0.20743361671498362,-0.20743361671498362,0.8689056354916896,0.8689056354916896,0.8689056354916896,-5.415582608075216,-5.415582608075216,-5.415582608075216,-5.0062531318973615,-5.0062531318973615,-5.0062531318973615,-5.666851368343535,-5.666851368343535,-5.666851368343535,-1.2460055134158117,-1.2460055134158117,-1.2460055134158117,-0.08726404137640172,-0.08726404137640172,-0.08726404137640172,0.6349004804478914,0.6349004804478914,0.6349004804478914,-0.46761075527092055,-0.46761075527092055,-0.46761075527092055,0.3159477616000551,0.3159477616000551,0.3159477616000551,-1.4400044011223352,-1.4400044011223352,-1.4400044011223352,0.0,0.0,0.0,35.8478554273143
596,2018-04-14 04:00:00,56.82869752576964,27.80001305297433,46.85635256714571,56.82869752576964,56.82869752576964,0.0,0.0,0.0,0.0,0.0,0.0,0.0,0.0,0.0,0.0,0.0,0.0,0.0,0.0,0.0,0.0,0.0,0.0,0.0,0.0,0.0,0.0,0.0,0.0,0.0,0.0,0.0,0.0,0.0,0.0,-19.571100777624686,-19.571100777624686,-19.571100777624686,-1.607232746820147,-1.607232746820147,-1.607232746820147,0.01859807829264217,0.01859807829264217,0.01859807829264217,-15.97136088473992,-15.97136088473992,-15.97136088473992,-0.7501902568491489,-0.7501902568491489,-0.7501902568491489,0.0,0.0,0.0,-0.18438133364393022,-0.18438133364393022,-0.18438133364393022,1.2164903648484213,1.2164903648484213,1.2164903648484213,-4.93022307794449,-4.93022307794449,-4.93022307794449,-4.941194211206948,-4.941194211206948,-4.941194211206948,-5.783400446392589,-5.783400446392589,-5.783400446392589,-1.1218753184452368,-1.1218753184452368,-1.1218753184452368,-0.08726404137640172,-0.08726404137640172,-0.08726404137640172,0.24259490115885113,0.24259490115885113,0.24259490115885113,-0.5611652742343316,-0.5611652742343316,-0.5611652742343316,0.34948445681890944,0.34948445681890944,0.34948445681890944,-1.4313418718302866,-1.4313418718302866,-1.4313418718302866,0.0,0.0,0.0,37.257596748144955
597,2018-04-14 05:00:00,56.828757396218144,29.479647110556797,48.61554664396133,56.828757396218144,56.828757396218144,0.0,0.0,0.0,0.0,0.0,0.0,0.0,0.0,0.0,0.0,0.0,0.0,0.0,0.0,0.0,0.0,0.0,0.0,0.0,0.0,0.0,0.0,0.0,0.0,0.0,0.0,0.0,0.0,0.0,0.0,-17.81633120171231,-17.81633120171231,-17.81633120171231,-0.7622035048229051,-0.7622035048229051,-0.7622035048229051,0.01859807829264217,0.01859807829264217,0.01859807829264217,-14.974427511831998,-14.974427511831998,-14.974427511831998,-0.11559544391730683,-0.11559544391730683,-0.11559544391730683,0.0,0.0,0.0,-0.16132905057287683,-0.16132905057287683,-0.16132905057287683,1.7502499827709126,1.7502499827709126,1.7502499827709126,-4.552721221176145,-4.552721221176145,-4.552721221176145,-4.97201159469188,-4.97201159469188,-4.97201159469188,-5.70037918531655,-5.70037918531655,-5.70037918531655,-1.186080591705879,-1.186080591705879,-1.186080591705879,-0.086957936870211,-0.086957936870211,-0.086957936870211,-0.33079796933810995,-0.33079796933810995,-0.33079796933810995,-0.6570278561858157,-0.6570278561858157,-0.6570278561858157,0.3625974206934096,0.3625974206934096,0.3625974206934096,-1.4226723288715926,-1.4226723288715926,-1.4226723288715926,0.0,0.0,0.0,39.012426194505835
598,2018-04-14 06:00:00,56.82881726666664,32.12517020530691,50.97056500779869,56.82881726666664,56.82881726666664,0.0,0.0,0.0,0.0,0.0,0.0,0.0,0.0,0.0,0.0,0.0,0.0,0.0,0.0,0.0,0.0,0.0,0.0,0.0,0.0,0.0,0.0,0.0,0.0,0.0,0.0,0.0,0.0,0.0,0.0,-15.353958407457755,-15.353958407457755,-15.353958407457755,0.10802131200801879,0.10802131200801879,0.10802131200801879,0.01859807829264217,0.01859807829264217,0.01859807829264217,-13.293322617459822,-13.293322617459822,-13.293322617459822,0.6755009469405836,0.6755009469405836,0.6755009469405836,0.0,0.0,0.0,-0.1382767675018234,-0.1382767675018234,-0.1382767675018234,2.1607670688259297,2.1607670688259297,2.1607670688259297,-4.367340845084549,-4.367340845084549,-4.367340845084549,-4.564537301946668,-4.564537301946668,-4.564537301946668,-5.496019158052454,-5.496019158052454,-5.496019158052454,-1.1518377793002033,-1.1518377793002033,-1.1518377793002033,-0.07465253572134432,-0.07465253572134432,-0.07465253572134432,-0.7170773492525105,-0.7170773492525105,-0.7170773492525105,-0.7546611205136261,-0.7546611205136261,-0.7546611205136261,0.3615530253405733,0.3615530253405733,0.3615530253405733,-1.4139959814923222,-1.4139959814923222,-1.4139959814923222,0.0,0.0,0.0,41.47485885920889
599,2018-04-14 07:00:00,56.82887713711514,35.55782704735328,54.53400913441128,56.82887713711514,56.82887713711514,0.0,0.0,0.0,0.0,0.0,0.0,0.0,0.0,0.0,0.0,0.0,0.0,0.0,0.0,0.0,0.0,0.0,0.0,0.0,0.0,0.0,0.0,0.0,0.0,0.0,0.0,0.0,0.0,0.0,0.0,-11.588127052802578,-11.588127052802578,-11.588127052802578,0.7006765709625632,0.7006765709625632,0.7006765709625632,0.01859807829264217,0.01859807829264217,0.01859807829264217,-10.030003914182814,-10.030003914182814,-10.030003914182814,0.9379273733409694,0.9379273733409694,0.9379273733409694,0.0,0.0,0.0,-0.11522448443076999,-0.11522448443076999,-0.11522448443076999,2.259535906421849,2.259535906421849,2.259535906421849,-2.4157910676839176,-2.4157910676839176,-2.4157910676839176,-4.260929005391412,-4.260929005391412,-4.260929005391412,-5.026629720430232,-5.026629720430232,-5.026629720430232,-0.835091764547703,-0.835091764547703,-0.835091764547703,-0.034736508114075346,-0.034736508114075346,-0.034736508114075346,-0.9322126669271453,-0.9322126669271453,-0.9322126669271453,-0.8534866695695927,-0.8534866695695927,-0.8534866695695927,0.37454994528698055,0.37454994528698055,0.37454994528698055,-1.4053130400127358,-1.4053130400127358,-1.4053130400127358,0.0,0.0,0.0,45.240750084312566
600,2018-04-14 08:00:00,56.90815309180136,38.826628921514704,58.31450161077974,56.90815309180136,56.90815309180136,0.0,0.0,0.0,0.0,0.0,0.0,0.0,0.0,0.0,0.0,0.0,0.0,0.0,0.0,0.0,0.0,0.0,0.0,0.0,0.0,0.0,0.0,0.0,0.0,0.0,0.0,0.0,0.0,0.0,0.0,-8.304065567906237,-8.304065567906237,-8.304065567906237,0.8918173509376128,0.8918173509376128,0.8918173509376128,0.16018313477974552,0.16018313477974552,0.16018313477974552,-6.926997177391575,-6.926997177391575,-6.926997177391575,0.5566223275459686,0.5566223275459686,0.5566223275459686,0.0,0.0,0.0,-0.05832627801614405,-0.05832627801614405,-0.05832627801614405,2.118733841345984,2.118733841345984,2.118733841345984,-1.059114276445165,-1.059114276445165,-1.059114276445165,-3.737189612131116,-3.737189612131116,-3.737189612131116,-4.185768801716683,-4.185768801716683,-4.185768801716683,-0.07875197272930742,-0.07875197272930742,-0.07875197272930742,0.008134027101313147,0.008134027101313147,0.008134027101313147,-1.01462618154861,-1.01462618154861,-1.01462618154861,-1.0481602537631853,-1.0481602537631853,-1.0481602537631853,0.36310661442243763,0.36310661442243763,0.36310661442243763,-1.2207254876890876,-1.2207254876890876,-1.2207254876890876,0.0,0.0,0.0,48.604087523895124
601,2018-04-14 09:00:00,56.90821508483489,39.72788261952683,58.89942228743583,56.90821508483489,56.90821508483489,0.0,0.0,0.0,0.0,0.0,0.0,0.0,0.0,0.0,0.0,0.0,0.0,0.0,0.0,0.0,0.0,0.0,0.0,0.0,0.0,0.0,0.0,0.0,0.0,0.0,0.0,0.0,0.0,0.0,0.0,-7.644925138868483,-7.644925138868483,-7.644925138868483,0.94400318211147,0.94400318211147,0.94400318211147,0.16018313477974552,0.16018313477974552,0.16018313477974552,-6.218993762053133,-6.218993762053133,-6.218993762053133,0.9085983859521494,0.9085983859521494,0.9085983859521494,0.0,0.0,0.0,-0.04373887105867825,-0.04373887105867825,-0.04373887105867825,1.8310301810548741,1.8310301810548741,1.8310301810548741,-0.24242578468710368,-0.24242578468710368,-0.24242578468710368,-3.8958111601525833,-3.8958111601525833,-3.8958111601525833,-4.290955475279605,-4.290955475279605,-4.290955475279605,0.0009065321822752821,0.0009065321822752821,0.0009065321822752821,0.03603863462949388,0.03603863462949388,0.03603863462949388,-1.0496984918490608,-1.0496984918490608,-1.0496984918490608,-1.1577182105931356,-1.1577182105931356,-1.1577182105931356,0.36687915237536084,0.36687915237536084,0.36687915237536084,-1.212216348333684,-1.212216348333684,-1.212216348333684,0.0,0.0,0.0,49.26328994596641
602,2018-04-14 10:00:00,56.90827707786842,39.56624885309879,58.38620739566846,56.90827707786842,56.90827707786842,0.0,0.0,0.0,0.0,0.0,0.0,0.0,0.0,0.0,0.0,0.0,0.0,0.0,0.0,0.0,0.0,0.0,0.0,0.0,0.0,0.0,0.0,0.0,0.0,0.0,0.0,0.0,0.0,0.0,0.0,-8.509965393437588,-8.509965393437588,-8.509965393437588,0.9494125800215195,0.9494125800215195,0.9494125800215195,0.16018313477974552,0.16018313477974552,0.16018313477974552,-6.988713901882271,-6.988713901882271,-6.988713901882271,0.671376165766066,0.671376165766066,0.671376165766066,0.0,0.0,0.0,-0.02915146410121246,-0.02915146410121246,-0.02915146410121246,1.713477253777339,1.713477253777339,1.713477253777339,-0.5562771472222262,-0.5562771472222262,-0.5562771472222262,-3.9787985925611653,-3.9787985925611653,-3.9787985925611653,-4.420048211015918,-4.420048211015918,-4.420048211015918,0.03104758809476531,0.03104758809476531,0.03104758809476531,0.051064192529283514,0.051064192529283514,0.051064192529283514,-1.0187433658012714,-1.0187433658012714,-1.0187433658012714,-1.2669573378195367,-1.2669573378195367,-1.2669573378195367,0.3871565438723233,0.3871565438723233,0.3871565438723233,-1.2037067337573018,-1.2037067337573018,-1.2037067337573018,0.0,0.0,0.0,48.39831168443083
603,2018-04-14 11:00:00,56.90833907090195,38.01072407606342,57.342458556844164,56.90833907090195,56.90833907090195,0.0,0.0,0.0,0.0,0.0,0.0,0.0,0.0,0.0,0.0,0.0,0.0,0.0,0.0,0.0,0.0,0.0,0.0,0.0,0.0,0.0,0.0,0.0,0.0,0.0,0.0,0.0,0.0,0.0,0.0,-8.836321535425308,-8.836321535425308,-8.836321535425308,0.897519760487891,0.897519760487891,0.897519760487891,0.16018313477974552,0.16018313477974552,0.16018313477974552,-7.1635009184352745,-7.1635009184352745,-7.1635009184352745,0.5585509634824408,0.5585509634824408,0.5585509634824408,0.0,0.0,0.0,-0.01456405714374667,-0.01456405714374667,-0.01456405714374667,1.6003602860197113,1.6003602860197113,1.6003602860197113,-0.9612466472675466,-0.9612466472675466,-0.9612466472675466,-3.8128237277440014,-3.8128237277440014,-3.8128237277440014,-4.337173862148162,-4.337173862148162,-4.337173862148162,0.12470015468000467,0.12470015468000467,0.12470015468000467,0.06270052684265442,0.06270052684265442,0.06270052684265442,-0.9499711399512565,-0.9499711399512565,-0.9499711399512565,-1.375143524724429,-1.375143524724429,-1.375143524724429,0.4057834500148818,0.4057834500148818,0.4057834500148818,-1.1951968527534942,-1.1951968527534942,-1.1951968527534942,0.0,0.0,0.0,48.07201753547665
604,2018-04-14 12:00:00,56.908401063935486,38.335707911229655,56.07208888313236,56.908401063935486,56.908401063935486,0.0,0.0,0.0,0.0,0.0,0.0,0.0,0.0,0.0,0.0,0.0,0.0,0.0,0.0,0.0,0.0,0.0,0.0,0.0,0.0,0.0,0.0,0.0,0.0,0.0,0.0,0.0,0.0,0.0,0.0,-9.579559075571837,-9.579559075571837,-9.579559075571837,0.6627395519979762,0.6627395519979762,0.6627395519979762,0.16018313477974552,0.16018313477974552,0.16018313477974552,-7.574088975612412,-7.574088975612412,-7.574088975612412,0.025765286031989073,0.025765286031989073,0.025765286031989073,0.0,0.0,0.0,2.3349813719123007e-05,2.3349813719123007e-05,2.3349813719123007e-05,1.4698163344338773,1.4698163344338773,1.4698163344338773,-0.9376234264315696,-0.9376234264315696,-0.9376234264315696,-3.6930697113569324,-3.6930697113569324,-3.6930697113569324,-4.337173862148162,-4.337173862148162,-4.337173862148162,0.03427698694253229,0.03427698694253229,0.03427698694253229,0.0688011292982081,0.0688011292982081,0.0688011292982081,-0.7747620767546551,-0.7747620767546551,-0.7747620767546551,-1.4815227369862507,-1.4815227369862507,-1.4815227369862507,0.4096738797788339,0.4096738797788339,0.4096738797788339,-1.1866869149711483,-1.1866869149711483,-1.1866869149711483,0.0,0.0,0.0,47.32884198836365
605,2018-04-14 13:00:00,56.90846305696902,34.98706480116322,54.49579145587273,56.90846305696902,56.90846305696902,0.0,0.0,0.0,0.0,0.0,0.0,0.0,0.0,0.0,0.0,0.0,0.0,0.0,0.0,0.0,0.0,0.0,0.0,0.0,0.0,0.0,0.0,0.0,0.0,0.0,0.0,0.0,0.0,0.0,0.0,-12.428705257665403,-12.428705257665403,-12.428705257665403,0.21932301021754458,0.21932301021754458,0.21932301021754458,0.16018313477974552,0.16018313477974552,0.16018313477974552,-9.884523352825658,-9.884523352825658,-9.884523352825658,-0.11406081936224714,-0.11406081936224714,-0.11406081936224714,0.0,0.0,0.0,0.014610756771184914,0.014610756771184914,0.014610756771184914,1.30093301842599,1.30093301842599,1.30093301842599,-2.2706480307474135,-2.2706480307474135,-2.2706480307474135,-4.269779842905182,-4.269779842905182,-4.269779842905182,-4.2415496134545965,-4.2415496134545965,-4.2415496134545965,-0.29835109437745366,-0.29835109437745366,-0.29835109437745366,0.07094763756960663,0.07094763756960663,0.07094763756960663,-0.6375226016659336,-0.6375226016659336,-0.6375226016659336,-1.5853277841484357,-1.5853277841484357,-1.5853277841484357,0.40071410214064124,0.40071410214064124,0.40071410214064124,-1.1781771309088538,-1.1781771309088538,-1.1781771309088538,0.0,0.0,0.0,44.47975779930361
606,2018-04-14 14:00:00,56.908525050002545,32.618739157012364,50.79217950144932,56.908525050002545,56.908525050002545,0.0,0.0,0.0,0.0,0.0,0.0,0.0,0.0,0.0,0.0,0.0,0.0,0.0,0.0,0.0,0.0,0.0,0.0,0.0,0.0,0.0,0.0,0.0,0.0,0.0,0.0,0.0,0.0,0.0,0.0,-15.284922738318766,-15.284922738318766,-15.284922738318766,-0.21484574609409202,-0.21484574609409202,-0.21484574609409202,0.16018313477974552,0.16018313477974552,0.16018313477974552,-12.214623897891643,-12.214623897891643,-12.214623897891643,-0.3131924798030042,-0.3131924798030042,-0.3131924798030042,0.0,0.0,0.0,0.02919816372865071,0.02919816372865071,0.02919816372865071,1.2252048523361494,1.2252048523361494,1.2252048523361494,-3.3910636475394647,-3.3910636475394647,-3.3910636475394647,-4.23826562806648,-4.23826562806648,-4.23826562806648,-4.941200366395851,-4.941200366395851,-4.941200366395851,-0.6449732373710964,-0.6449732373710964,-0.6449732373710964,0.061570785647181506,0.061570785647181506,0.061570785647181506,-0.5565513113635878,-0.5565513113635878,-0.5565513113635878,-1.6857853824213096,-1.6857853824213096,-1.6857853824213096,0.3944658361561121,0.3944658361561121,0.3944658361561121,-1.1696677119117211,-1.1696677119117211,-1.1696677119117211,0.0,0.0,0.0,41.62360231168378
607,2018-04-14 15:00:00,56.90858704303608,31.48687992679325,50.382942964631575,56.90858704303608,56.90858704303608,0.0,0.0,0.0,0.0,0.0,0.0,0.0,0.0,0.0,0.0,0.0,0.0,0.0,0.0,0.0,0.0,0.0,0.0,0.0,0.0,0.0,0.0,0.0,0.0,0.0,0.0,0.0,0.0,0.0,0.0,-15.635453206659578,-15.635453206659578,-15.635453206659578,-0.28745253070609755,-0.28745253070609755,-0.28745253070609755,0.16018313477974552,0.16018313477974552,0.16018313477974552,-12.404718368437882,-12.404718368437882,-12.404718368437882,-0.2442437450741222,-0.2442437450741222,-0.2442437450741222,0.0,0.0,0.0,0.0437855706861165,0.0437855706861165,0.0437855706861165,1.2419981276615115,1.2419981276615115,1.2419981276615115,-3.7757846725825184,-3.7757846725825184,-3.7757846725825184,-3.8611455238300105,-3.8611455238300105,-3.8611455238300105,-5.086230476914426,-5.086230476914426,-5.086230476914426,-0.8322783705415742,-0.8322783705415742,-0.8322783705415742,0.04756199482331751,0.04756199482331751,0.04756199482331751,-0.49845326690936226,-0.49845326690936226,-0.49845326690936226,-1.7821234373536063,-1.7821234373536063,-1.7821234373536063,0.3998888594634392,0.3998888594634392,0.3998888594634392,-1.1611588701619946,-1.1611588701619946,-1.1611588701619946,0.0,0.0,0.0,41.2731338363765
608,2018-04-14 16:00:00,56.908649036069605,35.00856358388257,54.26770586460426,56.908649036069605,56.908649036069605,0.0,0.0,0.0,0.0,0.0,0.0,0.0,0.0,0.0,0.0,0.0,0.0,0.0,0.0,0.0,0.0,0.0,0.0,0.0,0.0,0.0,0.0,0.0,0.0,0.0,0.0,0.0,0.0,0.0,0.0,-12.361099580219756,-12.361099580219756,-12.361099580219756,0.19339130507672941,0.19339130507672941,0.19339130507672941,0.16018313477974552,0.16018313477974552,0.16018313477974552,-9.528261598879903,-9.528261598879903,-9.528261598879903,-0.11406081936224714,-0.11406081936224714,-0.11406081936224714,0.0,0.0,0.0,0.058372977643582284,0.058372977643582284,0.058372977643582284,1.1060676538015046,1.1060676538015046,1.1060676538015046,-2.344892439089055,-2.344892439089055,-2.344892439089055,-3.3127981856365927,-3.3127981856365927,-3.3127981856365927,-4.410485786146562,-4.410485786146562,-4.410485786146562,-0.6977200852179553,-0.6977200852179553,-0.6977200852179553,0.03259292398330152,0.03259292398330152,0.03259292398330152,-0.4011657279020241,-0.4011657279020241,-0.4011657279020241,-1.8735784677386758,-1.8735784677386758,-1.8735784677386758,0.3956447542664006,0.3956447542664006,0.3956447542664006,-1.152650818677907,-1.152650818677907,-1.152650818677907,0.0,0.0,0.0,44.54754945584985
609,2018-04-14 17:00:00,56.90871102910314,39.13788557516882,57.87844792244665,56.90871102910314,56.90871102910314,0.0,0.0,0.0,0.0,0.0,0.0,0.0,0.0,0.0,0.0,0.0,0.0,0.0,0.0,0.0,0.0,0.0,0.0,0.0,0.0,0.0,0.0,0.0,0.0,0.0,0.0,0.0,0.0,0.0,0.0,-8.098441195673697,-8.098441195673697,-8.098441195673697,1.0455056975238515,1.0455056975238515,1.0455056975238515,0.16018313477974552,0.16018313477974552,0.16018313477974552,-6.040400032255034,-6.040400032255034,-6.040400032255034,0.06337368679319742,0.06337368679319742,0.06337368679319742,0.0,0.0,0.0,0.07296038460104809,0.07296038460104809,0.07296038460104809,1.1881329049197837,1.1881329049197837,1.1881329049197837,-1.7880593765267414,-1.7880593765267414,-1.7880593765267414,-1.830579614389633,-1.830579614389633,-1.830579614389633,-3.731553620422246,-3.731553620422246,-3.731553620422246,-0.20146912894444807,-0.20146912894444807,-0.20146912894444807,-0.005648815483456286,-0.005648815483456286,-0.005648815483456286,-0.37493773932951274,-0.37493773932951274,-0.37493773932951274,-1.959403089635896,-1.959403089635896,-1.959403089635896,0.407198151747228,0.407198151747228,0.407198151747228,-1.1441437713066172,-1.1441437713066172,-1.1441437713066172,0.0,0.0,0.0,48.810269833429444
610,2018-04-14 18:00:00,56.90877302213668,46.96669661350981,66.35201543315156,56.90877302213668,56.90877302213668,0.0,0.0,0.0,0.0,0.0,0.0,0.0,0.0,0.0,0.0,0.0,0.0,0.0,0.0,0.0,0.0,0.0,0.0,0.0,0.0,0.0,0.0,0.0,0.0,0.0,0.0,0.0,0.0,0.0,0.0,-0.2167327225808095,-0.2167327225808095,-0.2167327225808095,1.794046831987586,1.794046831987586,1.794046831987586,0.16018313477974552,0.16018313477974552,0.16018313477974552,1.1637318657571885,1.1637318657571885,1.1637318657571885,0.5932664103389409,0.5932664103389409,0.5932664103389409,0.0,0.0,0.0,0.08754779155851389,0.08754779155851389,0.08754779155851389,1.7616390999934721,1.7616390999934721,1.7616390999934721,0.3852769403831413,0.3852769403831413,0.3852769403831413,-0.35781530759428476,-0.35781530759428476,-0.35781530759428476,-2.117097554979214,-2.117097554979214,-2.117097554979214,0.8061033115588114,0.8061033115588114,0.8061033115588114,-0.0567696045786052,-0.0567696045786052,-0.0567696045786052,-0.5329156239871968,-0.5329156239871968,-0.5329156239871968,-2.038873477613086,-2.038873477613086,-2.038873477613086,0.4343132682838638,0.4343132682838638,0.4343132682838638,-1.1356379427124978,-1.1356379427124978,-1.1356379427124978,0.0,0.0,0.0,56.69204029955587
611,2018-04-14 19:00:00,56.908835015170204,53.151086019166456,71.98025438414874,56.908835015170204,56.908835015170204,0.0,0.0,0.0,0.0,0.0,0.0,0.0,0.0,0.0,0.0,0.0,0.0,0.0,0.0,0.0,0.0,0.0,0.0,0.0,0.0,0.0,0.0,0.0,0.0,0.0,0.0,0.0,0.0,0.0,0.0,5.582492624598484,5.582492624598484,5.582492624598484,1.9981578036499341,1.9981578036499341,1.9981578036499341,0.16018313477974552,0.16018313477974552,0.16018313477974552,6.822765089068288,6.822765089068288,6.822765089068288,1.1728215092488439,1.1728215092488439,1.1728215092488439,0.0,0.0,0.0,0.10213519851597967,0.10213519851597967,0.10213519851597967,2.0220932946622963,2.0220932946622963,2.0220932946622963,2.0692751114049264,2.0692751114049264,2.0692751114049264,-0.3178973021319284,-0.3178973021319284,-0.3178973021319284,0.10457248966795907,0.10457248966795907,0.10457248966795907,1.8954871895388314,1.8954871895388314,1.8954871895388314,-0.07123029188065838,-0.07123029188065838,-0.07123029188065838,-0.7822340037317079,-0.7822340037317079,-0.7822340037317079,-2.111296719738143,-2.111296719738143,-2.111296719738143,0.4675587589939999,0.4675587589939999,0.4675587589939999,-1.127133548381595,-1.127133548381595,-1.127133548381595,0.0,0.0,0.0,62.49132763976869
612,2018-04-14 20:00:00,56.90889700820374,50.691711355904985,69.47015886853733,56.90889700820374,56.90889700820374,0.0,0.0,0.0,0.0,0.0,0.0,0.0,0.0,0.0,0.0,0.0,0.0,0.0,0.0,0.0,0.0,0.0,0.0,0.0,0.0,0.0,0.0,0.0,0.0,0.0,0.0,0.0,0.0,0.0,0.0,2.7252846903494112,2.7252846903494112,2.7252846903494112,1.548579204767499,1.548579204767499,1.548579204767499,0.16018313477974552,0.16018313477974552,0.16018313477974552,4.47135427352862,4.47135427352862,4.47135427352862,0.4008849756758366,0.4008849756758366,0.4008849756758366,0.0,0.0,0.0,0.11672260547344544,0.11672260547344544,0.11672260547344544,1.7093581485088543,1.7093581485088543,1.7093581485088543,0.8746150862712342,0.8746150862712342,0.8746150862712342,-0.12881201309971557,-0.12881201309971557,-0.12881201309971557,0.10297875218973328,0.10297875218973328,0.10297875218973328,1.2754426107675954,1.2754426107675954,1.2754426107675954,-0.07247300719567858,-0.07247300719567858,-0.07247300719567858,-0.4691755122237683,-0.4691755122237683,-0.4691755122237683,-2.1760179833362603,-2.1760179833362603,-2.1760179833362603,0.5016294923813379,0.5016294923813379,0.5016294923813379,-1.1186308046104474,-1.1186308046104474,-1.1186308046104474,0.0,0.0,0.0,59.63418169855315
613,2018-04-14 21:00:00,56.908959001237264,46.69338931235088,66.04767026944329,56.908959001237264,56.908959001237264,0.0,0.0,0.0,0.0,0.0,0.0,0.0,0.0,0.0,0.0,0.0,0.0,0.0,0.0,0.0,0.0,0.0,0.0,0.0,0.0,0.0,0.0,0.0,0.0,0.0,0.0,0.0,0.0,0.0,0.0,-0.8127625972930115,-0.8127625972930115,-0.8127625972930115,0.6913089459069908,0.6913089459069908,0.6913089459069908,0.16018313477974552,0.16018313477974552,0.16018313477974552,1.8384857951542246,1.8384857951542246,1.8384857951542246,-0.1574551279328722,-0.1574551279328722,-0.1574551279328722,0.0,0.0,0.0,0.13131001243091125,0.13131001243091125,0.13131001243091125,1.5765962171630667,1.5765962171630667,1.5765962171630667,0.38190219454942864,0.38190219454942864,0.38190219454942864,-0.7811562602608509,-0.7811562602608509,-0.7811562602608509,-0.6572340249241134,-0.6572340249241134,-0.6572340249241134,0.8879147490355717,0.8879147490355717,0.8879147490355717,-0.07569276960277635,-0.07569276960277635,-0.07569276960277635,-0.1625215295533025,-0.1625215295533025,-0.1625215295533025,-2.2324274098574994,-2.2324274098574994,-2.2324274098574994,0.5346391994694162,0.5346391994694162,0.5346391994694162,-1.1101299284967274,-1.1101299284967274,-1.1101299284967274,0.0,0.0,0.0,56.096196403944255
614,2018-04-14 22:00:00,56.9090209942708,41.469351283141634,60.41304553863987,56.9090209942708,56.9090209942708,0.0,0.0,0.0,0.0,0.0,0.0,0.0,0.0,0.0,0.0,0.0,0.0,0.0,0.0,0.0,0.0,0.0,0.0,0.0,0.0,0.0,0.0,0.0,0.0,0.0,0.0,0.0,0.0,0.0,0.0,-5.861541953502854,-5.861541953502854,-5.861541953502854,-0.21436972590505324,-0.21436972590505324,-0.21436972590505324,0.16018313477974552,0.16018313477974552,0.16018313477974552,-2.2655744303276846,-2.2655744303276846,-2.2655744303276846,-0.7881190791592892,-0.7881190791592892,-0.7881190791592892,0.0,0.0,0.0,0.14589741938837705,0.14589741938837705,0.14589741938837705,1.3370544030880895,1.3370544030880895,1.3370544030880895,-1.1974788556273173,-1.1974788556273173,-1.1974788556273173,-0.8420837422823416,-0.8420837422823416,-0.8420837422823416,-2.072472905588884,-2.072472905588884,-2.072472905588884,0.34429927632815094,0.34429927632815094,0.34429927632815094,-0.07772630375462758,-0.07772630375462758,-0.07772630375462758,0.161821096573043,0.161821096573043,0.161821096573043,-2.27996665932972,-2.27996665932972,-2.27996665932972,0.5630511259273695,0.5630511259273695,0.5630511259273695,-1.1016311379403956,-1.1016311379403956,-1.1016311379403956,0.0,0.0,0.0,51.04747904076794
615,2018-04-14 23:00:00,56.90908298730433,39.67137439391191,59.17420657354668,56.90908298730433,56.90908298730433,0.0,0.0,0.0,0.0,0.0,0.0,0.0,0.0,0.0,0.0,0.0,0.0,0.0,0.0,0.0,0.0,0.0,0.0,0.0,0.0,0.0,0.0,0.0,0.0,0.0,0.0,0.0,0.0,0.0,0.0,-7.724990712871864,-7.724990712871864,-7.724990712871864,-0.9623416423848973,-0.9623416423848973,-0.9623416423848973,0.16018313477974552,0.16018313477974552,0.16018313477974552,-3.3513793902546256,-3.3513793902546256,-3.3513793902546256,-1.088504126264838,-1.088504126264838,-1.088504126264838,0.0,0.0,0.0,0.16048482634584285,0.16048482634584285,0.16048482634584285,1.2071441600050994,1.2071441600050994,1.2071441600050994,-2.7498619391343735,-2.7498619391343735,-2.7498619391343735,-1.558506892948838,-1.558506892948838,-1.558506892948838,-0.38948612858212994,-0.38948612858212994,-0.38948612858212994,-0.07229317503377422,-0.07229317503377422,-0.07229317503377422,-0.07964686378693152,-0.07964686378693152,-0.07964686378693152,0.47884428402798995,0.47884428402798995,0.47884428402798995,-2.3181350285981637,-2.3181350285981637,-2.3181350285981637,0.5802633303375817,0.5802633303375817,0.5802633303375817,-1.0931346516341776,-1.0931346516341776,-1.0931346516341776,0.0,0.0,0.0,49.184092274432466
616,2018-04-15 00:00:00,56.909144980337864,35.88855287075601,54.24969416366744,56.909144980337864,56.909144980337864,0.0,0.0,0.0,0.0,0.0,0.0,0.0,0.0,0.0,0.0,0.0,0.0,0.0,0.0,0.0,0.0,0.0,0.0,0.0,0.0,0.0,0.0,0.0,0.0,0.0,0.0,0.0,0.0,0.0,0.0,-11.589591243909272,-11.589591243909272,-11.589591243909272,-1.5556942399828855,-1.5556942399828855,-1.5556942399828855,0.26699848780194685,0.26699848780194685,0.26699848780194685,-6.60276124346432,-6.60276124346432,-6.60276124346432,-1.3339230491809286,-1.3339230491809286,-1.3339230491809286,0.0,0.0,0.0,2.3349813719123007e-05,2.3349813719123007e-05,2.3349813719123007e-05,1.1333171194237905,1.1333171194237905,1.1333171194237905,-5.068312326893828,-5.068312326893828,-5.068312326893828,-1.8631443030562924,-1.8631443030562924,-1.8631443030562924,-0.6205780629249127,-0.6205780629249127,-0.6205780629249127,-0.31449808861628853,-0.31449808861628853,-0.31449808861628853,-0.08072011792263077,-0.08072011792263077,-0.08072011792263077,0.6941577716116288,0.6941577716116288,0.6941577716116288,-2.346495071408354,-2.346495071408354,-2.346495071408354,0.5839179764794761,0.5839179764794761,0.5839179764794761,-1.084640689053713,-1.084640689053713,-1.084640689053713,0.0,0.0,0.0,45.31955373642859
617,2018-04-15 01:00:00,56.90920697337139,32.84014836627476,51.61082147316264,56.90920697337139,56.90920697337139,0.0,0.0,0.0,0.0,0.0,0.0,0.0,0.0,0.0,0.0,0.0,0.0,0.0,0.0,0.0,0.0,0.0,0.0,0.0,0.0,0.0,0.0,0.0,0.0,0.0,0.0,0.0,0.0,0.0,0.0,-14.287818424400232,-14.287818424400232,-14.287818424400232,-2.044139734638621,-2.044139734638621,-2.044139734638621,0.26699848780194685,0.26699848780194685,0.26699848780194685,-8.802851565697251,-8.802851565697251,-8.802851565697251,-1.5619842486687687,-1.5619842486687687,-1.5619842486687687,0.0,0.0,0.0,-0.1604381267184046,-0.1604381267184046,-0.1604381267184046,1.0585395160882154,1.0585395160882154,1.0585395160882154,-5.017691139388164,-5.017691139388164,-5.017691139388164,-2.1614788701960066,-2.1614788701960066,-2.1614788701960066,-1.7983500593339954,-1.7983500593339954,-1.7983500593339954,-0.7407787365215132,-0.7407787365215132,-0.7407787365215132,-0.08072011792263077,-0.08072011792263077,-0.08072011792263077,0.8231628781950273,0.8231628781950273,0.8231628781950273,-2.364677653605232,-2.364677653605232,-2.364677653605232,0.5698888509670428,0.5698888509670428,0.5698888509670428,-1.076149470459127,-1.076149470459127,-1.076149470459127,0.0,0.0,0.0,42.621388548971154
618,2018-04-15 02:00:00,56.90926896640492,32.524725308318665,51.21922679874096,56.90926896640492,56.90926896640492,0.0,0.0,0.0,0.0,0.0,0.0,0.0,0.0,0.0,0.0,0.0,0.0,0.0,0.0,0.0,0.0,0.0,0.0,0.0,0.0,0.0,0.0,0.0,0.0,0.0,0.0,0.0,0.0,0.0,0.0,-15.31932752930181,-15.31932752930181,-15.31932752930181,-2.3502335240118057,-2.3502335240118057,-2.3502335240118057,0.26699848780194685,0.26699848780194685,0.26699848780194685,-9.529046405619358,-9.529046405619358,-9.529046405619358,-1.7408652317765676,-1.7408652317765676,-1.7408652317765676,0.0,0.0,0.0,-0.1458507197609388,-0.1458507197609388,-0.1458507197609388,0.9625326779073715,0.9625326779073715,0.9625326779073715,-5.078436564394963,-5.078436564394963,-5.078436564394963,-2.4125421150776667,-2.4125421150776667,-2.4125421150776667,-1.9051304703751437,-1.9051304703751437,-1.9051304703751437,-0.8516547636281754,-0.8516547636281754,-0.8516547636281754,-0.08072011792263077,-0.08072011792263077,-0.08072011792263077,0.9064214930821851,0.9064214930821851,0.9064214930821851,-2.3723863827867713,-2.3723863827867713,-2.3723863827867713,0.5502009185252246,0.5502009185252246,0.5502009185252246,-1.0676612168838717,-1.0676612168838717,-1.0676612168838717,0.0,0.0,0.0,41.589941437103114
619,2018-04-15 03:00:00,56.909330959438456,31.251391523520894,50.37431863750721,56.909330959438456,56.909330959438456,0.0,0.0,0.0,0.0,0.0,0.0,0.0,0.0,0.0,0.0,0.0,0.0,0.0,0.0,0.0,0.0,0.0,0.0,0.0,0.0,0.0,0.0,0.0,0.0,0.0,0.0,0.0,0.0,0.0,0.0,-15.77294086651897,-15.77294086651897,-15.77294086651897,-2.2849413253048945,-2.2849413253048945,-2.2849413253048945,0.26699848780194685,0.26699848780194685,0.26699848780194685,-10.059422032935847,-10.059422032935847,-10.059422032935847,-1.7746163606648317,-1.7746163606648317,-1.7746163606648317,0.0,0.0,0.0,-0.13126331280347303,-0.13126331280347303,-0.13126331280347303,0.9752068479642486,0.9752068479642486,0.9752068479642486,-5.507029285276258,-5.507029285276258,-5.507029285276258,-2.2896366772067287,-2.2896366772067287,-2.2896366772067287,-1.9704737069824143,-1.9704737069824143,-1.9704737069824143,-1.003436509473218,-1.003436509473218,-1.003436509473218,-0.08072011792263077,-0.08072011792263077,-0.08072011792263077,0.9042866568030271,0.9042866568030271,0.9042866568030271,-2.369401358152267,-2.369401358152267,-2.369401358152267,0.5512619448244843,0.5512619448244843,0.5512619448244843,-1.0591761501259607,-1.0591761501259607,-1.0591761501259607,0.0,0.0,0.0,41.136390092919484
620,2018-04-15 04:00:00,56.90939295247198,32.7059089543708,51.523582845488974,56.90939295247198,56.90939295247198,0.0,0.0,0.0,0.0,0.0,0.0,0.0,0.0,0.0,0.0,0.0,0.0,0.0,0.0,0.0,0.0,0.0,0.0,0.0,0.0,0.0,0.0,0.0,0.0,0.0,0.0,0.0,0.0,0.0,0.0,-14.795658870835648,-14.795658870835648,-14.795658870835648,-1.7408331727236075,-1.7408331727236075,-1.7408331727236075,0.26699848780194685,0.26699848780194685,0.26699848780194685,-9.648549011513058,-9.648549011513058,-9.648549011513058,-1.5692166334305397,-1.5692166334305397,-1.5692166334305397,0.0,0.0,0.0,-0.11667590584600723,-0.11667590584600723,-0.11667590584600723,1.0160810463976773,1.0160810463976773,1.0160810463976773,-5.412536401932349,-5.412536401932349,-5.412536401932349,-2.287535729550815,-2.287535729550815,-2.287535729550815,-1.8844118831582053,-1.8844118831582053,-1.8844118831582053,-0.9506896616263593,-0.9506896616263593,-0.9506896616263593,-0.08072011792263077,-0.08072011792263077,-0.08072011792263077,0.8137086032444707,0.8137086032444707,0.8137086032444707,-2.355582193851205,-2.355582193851205,-2.355582193851205,0.5564491845097537,0.5564491845097537,0.5564491845097537,-1.0506944927477795,-1.0506944927477795,-1.0506944927477795,0.0,0.0,0.0,42.11373408163634
621,2018-04-15 05:00:00,56.90945494550552,34.45595608447855,53.14136179826337,56.90945494550552,56.90945494550552,0.0,0.0,0.0,0.0,0.0,0.0,0.0,0.0,0.0,0.0,0.0,0.0,0.0,0.0,0.0,0.0,0.0,0.0,0.0,0.0,0.0,0.0,0.0,0.0,0.0,0.0,0.0,0.0,0.0,0.0,-13.646295071959617,-13.646295071959617,-13.646295071959617,-0.8560011012334364,-0.8560011012334364,-0.8560011012334364,0.26699848780194685,0.26699848780194685,0.26699848780194685,-9.417207225722798,-9.417207225722798,-9.417207225722798,-1.5046073295587203,-1.5046073295587203,-1.5046073295587203,0.0,0.0,0.0,-0.10208849888854142,-0.10208849888854142,-0.10208849888854142,1.0186158804090526,1.0186158804090526,1.0186158804090526,-5.469907081105436,-5.469907081105436,-5.469907081105436,-2.187740715894925,-2.187740715894925,-2.187740715894925,-1.5927579246428296,-1.5927579246428296,-1.5927579246428296,-1.006665908320985,-1.006665908320985,-1.006665908320985,-0.08032470850421526,-0.08032470850421526,-0.08032470850421526,0.6847034966610724,0.6847034966610724,0.6847034966610724,-2.330870276936278,-2.330870276936278,-2.330870276936278,0.5565670763207826,0.5565670763207826,0.5565670763207826,-1.0422164680671036,-1.0422164680671036,-1.0422164680671036,0.0,0.0,0.0,43.2631598735459
622,2018-04-15 06:00:00,56.90951693853905,35.58368361248226,54.91073724457376,56.90951693853905,56.90951693853905,0.0,0.0,0.0,0.0,0.0,0.0,0.0,0.0,0.0,0.0,0.0,0.0,0.0,0.0,0.0,0.0,0.0,0.0,0.0,0.0,0.0,0.0,0.0,0.0,0.0,0.0,0.0,0.0,0.0,0.0,-11.675173065649654,-11.675173065649654,-11.675173065649654,0.03598958397767562,0.03598958397767562,0.03598958397767562,0.26699848780194685,0.26699848780194685,0.26699848780194685,-8.382130120015958,-8.382130120015958,-8.382130120015958,-1.7345971649830332,-1.7345971649830332,-1.7345971649830332,0.0,0.0,0.0,-0.08750109193107564,-0.08750109193107564,-0.08750109193107564,1.1637351275602954,1.1637351275602954,1.1637351275602954,-4.663342826848509,-4.663342826848509,-4.663342826848509,-2.2140025615938437,-2.2140025615938437,-2.2140025615938437,-0.9010758590927058,-0.9010758590927058,-0.9010758590927058,-1.121847800558003,-1.121847800558003,-1.121847800558003,-0.06202290113755421,-0.06202290113755421,-0.06202290113755421,0.413426800902366,0.413426800902366,0.413426800902366,-2.295290229463447,-2.295290229463447,-2.295290229463447,0.5580996698641577,0.5580996698641577,0.5580996698641577,-1.0337423001479256,-1.0337423001479256,-1.0337423001479256,0.0,0.0,0.0,45.2343438728894
623,2018-04-15 07:00:00,56.90957893157258,36.95214900109308,56.058277496913426,56.90957893157258,56.90957893157258,0.0,0.0,0.0,0.0,0.0,0.0,0.0,0.0,0.0,0.0,0.0,0.0,0.0,0.0,0.0,0.0,0.0,0.0,0.0,0.0,0.0,0.0,0.0,0.0,0.0,0.0,0.0,0.0,0.0,0.0,-10.069877190180343,-10.069877190180343,-10.069877190180343,0.6390579342891668,0.6390579342891668,0.6390579342891668,0.26699848780194685,0.26699848780194685,0.26699848780194685,-7.434712357526853,-7.434712357526853,-7.434712357526853,-1.3483878187044702,-1.3483878187044702,-1.3483878187044702,0.0,0.0,0.0,-0.07291368497360984,-0.07291368497360984,-0.07291368497360984,1.3944050225954583,1.3944050225954583,1.3944050225954583,-4.794957914363238,-4.794957914363238,-4.794957914363238,-2.012311586626149,-2.012311586626149,-2.012311586626149,-0.5775471510128088,-0.5775471510128088,-0.5775471510128088,-0.8484253647804084,-0.8484253647804084,-0.8484253647804084,-0.0029374366143213155,-0.0029374366143213155,-0.0029374366143213155,-0.005458574729543274,-0.005458574729543274,-0.005458574729543274,-2.2489505531450864,-2.2489505531450864,-2.2489505531450864,0.5668236638802926,0.5668236638802926,0.5668236638802926,-1.0252722137975723,-1.0252722137975723,-1.0252722137975723,0.0,0.0,0.0,46.83970174139224
624,2018-04-15 08:00:00,56.8651959507681,37.4211245880584,57.06815771923158,56.8651959507681,56.8651959507681,0.0,0.0,0.0,0.0,0.0,0.0,0.0,0.0,0.0,0.0,0.0,0.0,0.0,0.0,0.0,0.0,0.0,0.0,0.0,0.0,0.0,0.0,0.0,0.0,0.0,0.0,0.0,0.0,0.0,0.0,-9.750302246169314,-9.750302246169314,-9.750302246169314,0.8850874184699791,0.8850874184699791,0.8850874184699791,0.19253158182615174,0.19253158182615174,0.19253158182615174,-7.6738942993273405,-7.6738942993273405,-7.6738942993273405,-1.3055886033307147,-1.3055886033307147,-1.3055886033307147,0.0,0.0,0.0,-0.08066575786704092,-0.08066575786704092,-0.08066575786704092,1.4170163960230022,1.4170163960230022,1.4170163960230022,-4.895766150793711,-4.895766150793711,-4.895766150793711,-1.9987542781231282,-1.9987542781231282,-1.9987542781231282,-0.36463618458863306,-0.36463618458863306,-0.36463618458863306,-1.0252498318193415,-1.0252498318193415,-1.0252498318193415,0.10095292827865056,0.10095292827865056,0.10095292827865056,-0.23028932548100592,-0.23028932548100592,-0.23028932548100592,-2.059036962124588,-2.059036962124588,-2.059036962124588,0.5165549265484315,0.5165549265484315,0.5165549265484315,-0.9024584031873665,-0.9024584031873665,-0.9024584031873665,0.0,0.0,0.0,47.114893704598785
625,2018-04-15 09:00:00,56.86525423962066,37.05051482379346,56.170996243930325,56.86525423962066,56.86525423962066,0.0,0.0,0.0,0.0,0.0,0.0,0.0,0.0,0.0,0.0,0.0,0.0,0.0,0.0,0.0,0.0,0.0,0.0,0.0,0.0,0.0,0.0,0.0,0.0,0.0,0.0,0.0,0.0,0.0,0.0,-10.371598620850985,-10.371598620850985,-10.371598620850985,0.9234138598411149,0.9234138598411149,0.9234138598411149,0.19253158182615174,0.19253158182615174,0.19253158182615174,-8.408619378571348,-8.408619378571348,-8.408619378571348,-1.4928903656729284,-1.4928903656729284,-1.4928903656729284,0.0,0.0,0.0,-0.06049125203959693,-0.06049125203959693,-0.06049125203959693,1.19723335591729,1.19723335591729,1.19723335591729,-5.174317150115522,-5.174317150115522,-5.174317150115522,-1.990332526450498,-1.990332526450498,-1.990332526450498,-0.42566543326437384,-0.42566543326437384,-0.42566543326437384,-1.0461729135873155,-1.0461729135873155,-1.0461729135873155,0.17338402825247654,0.17338402825247654,0.17338402825247654,-0.2670909801382201,-0.2670909801382201,-0.2670909801382201,-1.9924970870172243,-1.9924970870172243,-1.9924970870172243,0.4851922767011877,0.4851922767011877,0.4851922767011877,-0.8938960151035283,-0.8938960151035283,-0.8938960151035283,0.0,0.0,0.0,46.49365561876968
626,2018-04-15 10:00:00,56.865312528473225,35.99727659805733,55.89402305240866,56.865312528473225,56.865312528473225,0.0,0.0,0.0,0.0,0.0,0.0,0.0,0.0,0.0,0.0,0.0,0.0,0.0,0.0,0.0,0.0,0.0,0.0,0.0,0.0,0.0,0.0,0.0,0.0,0.0,0.0,0.0,0.0,0.0,0.0,-10.860509621584832,-10.860509621584832,-10.860509621584832,0.9182845769186577,0.9182845769186577,0.9182845769186577,0.19253158182615174,0.19253158182615174,0.19253158182615174,-8.977044350291958,-8.977044350291958,-8.977044350291958,-1.7142021848614915,-1.7142021848614915,-1.7142021848614915,0.0,0.0,0.0,-0.040316746212152955,-0.040316746212152955,-0.040316746212152955,1.0368864425563618,1.0368864425563618,1.0368864425563618,-5.184508040334613,-5.184508040334613,-5.184508040334613,-2.1092897688263883,-2.1092897688263883,-2.1092897688263883,-0.5396937663164152,-0.5396937663164152,-0.5396937663164152,-1.041768054267742,-1.041768054267742,-1.041768054267742,0.2111565084257428,0.2111565084257428,0.2111565084257428,-0.221602239617715,-0.221602239617715,-0.221602239617715,-1.9164102243841925,-1.9164102243841925,-1.9164102243841925,0.433761917336302,0.433761917336302,0.433761917336302,-0.8853396238273381,-0.8853396238273381,-0.8853396238273381,0.0,0.0,0.0,46.00480290688839
627,2018-04-15 11:00:00,56.86537081732579,35.398164354675416,54.50928876120987,56.86537081732579,56.86537081732579,0.0,0.0,0.0,0.0,0.0,0.0,0.0,0.0,0.0,0.0,0.0,0.0,0.0,0.0,0.0,0.0,0.0,0.0,0.0,0.0,0.0,0.0,0.0,0.0,0.0,0.0,0.0,0.0,0.0,0.0,-11.731950310856389,-11.731950310856389,-11.731950310856389,0.8641478928351135,0.8641478928351135,0.8641478928351135,0.19253158182615174,0.19253158182615174,0.19253158182615174,-9.888094209710575,-9.888094209710575,-9.888094209710575,-1.9015039472037052,-1.9015039472037052,-1.9015039472037052,0.0,0.0,0.0,-0.020142240384708972,-0.020142240384708972,-0.020142240384708972,1.0757485254279515,1.0757485254279515,1.0757485254279515,-5.0927900283627965,-5.0927900283627965,-5.0927900283627965,-2.4830049992993155,-2.4830049992993155,-2.4830049992993155,-0.9797467699257013,-0.9797467699257013,-0.9797467699257013,-1.0957275809325147,-1.0957275809325147,-1.0957275809325147,0.22219040496381165,0.22219040496381165,0.22219040496381165,-0.18480058496050078,-0.18480058496050078,-0.18480058496050078,-1.8312145333311094,-1.8312145333311094,-1.8312145333311094,0.3791514291407517,0.3791514291407517,0.3791514291407517,-0.8767894606498174,-0.8767894606498174,-0.8767894606498174,0.0,0.0,0.0,45.1334205064694
628,2018-04-15 12:00:00,56.865429106178354,34.484532133935616,52.573774882490724,56.865429106178354,56.865429106178354,0.0,0.0,0.0,0.0,0.0,0.0,0.0,0.0,0.0,0.0,0.0,0.0,0.0,0.0,0.0,0.0,0.0,0.0,0.0,0.0,0.0,0.0,0.0,0.0,0.0,0.0,0.0,0.0,0.0,0.0,-13.21906882265046,-13.21906882265046,-13.21906882265046,0.6377291680110682,0.6377291680110682,0.6377291680110682,0.19253158182615174,0.19253158182615174,0.19253158182615174,-11.251131209130957,-11.251131209130957,-11.251131209130957,-2.2534341006572327,-2.2534341006572327,-2.2534341006572327,0.0,0.0,0.0,3.2265442735009234e-05,3.2265442735009234e-05,3.2265442735009234e-05,0.9382616608150169,0.9382616608150169,0.9382616608150169,-5.140347516051885,-5.140347516051885,-5.140347516051885,-2.7177613271738585,-2.7177613271738585,-2.7177613271738585,-1.5739789280842253,-1.5739789280842253,-1.5739789280842253,-1.177217478344621,-1.177217478344621,-1.177217478344621,0.21704576608716605,0.21704576608716605,0.21704576608716605,-0.06365522392151662,-0.06365522392151662,-0.06365522392151662,-1.7374210240046386,-1.7374210240046386,-1.7374210240046386,0.32739209093131433,0.32739209093131433,0.32739209093131433,-0.8682457575259307,-0.8682457575259307,-0.8682457575259307,0.0,0.0,0.0,43.6463602835279
629,2018-04-15 13:00:00,56.86548739503092,30.486456912894084,50.13747155673056,56.86548739503092,56.86548739503092,0.0,0.0,0.0,0.0,0.0,0.0,0.0,0.0,0.0,0.0,0.0,0.0,0.0,0.0,0.0,0.0,0.0,0.0,0.0,0.0,0.0,0.0,0.0,0.0,0.0,0.0,0.0,0.0,0.0,0.0,-16.284590594699914,-16.284590594699914,-16.284590594699914,0.20691075446117188,0.20691075446117188,0.20691075446117188,0.19253158182615174,0.19253158182615174,0.19253158182615174,-13.996183315216593,-13.996183315216593,-13.996183315216593,-2.4708027248491176,-2.4708027248491176,-2.4708027248491176,0.0,0.0,0.0,0.020206771270178992,0.020206771270178992,0.020206771270178992,0.8602109229468665,0.8602109229468665,0.8602109229468665,-6.736920317042754,-6.736920317042754,-6.736920317042754,-3.170430479577686,-3.170430479577686,-3.170430479577686,-2.087909443248355,-2.087909443248355,-2.087909443248355,-1.2157599973908877,-1.2157599973908877,-1.2157599973908877,0.20811034066983422,0.20811034066983422,0.20811034066983422,0.14451894276607283,0.14451894276607283,0.14451894276607283,-1.6356092868831216,-1.6356092868831216,-1.6356092868831216,0.2600610874131057,0.2600610874131057,0.2600610874131057,-0.8597087470613767,-0.8597087470613767,-0.8597087470613767,0.0,0.0,0.0,40.580896800331004
630,2018-04-15 14:00:00,56.86554568388348,29.24438039214959,48.786826611782494,56.86554568388348,56.86554568388348,0.0,0.0,0.0,0.0,0.0,0.0,0.0,0.0,0.0,0.0,0.0,0.0,0.0,0.0,0.0,0.0,0.0,0.0,0.0,0.0,0.0,0.0,0.0,0.0,0.0,0.0,0.0,0.0,0.0,0.0,-17.895240762198725,-17.895240762198725,-17.895240762198725,-0.22281139451484924,-0.22281139451484924,-0.22281139451484924,0.19253158182615174,0.19253158182615174,0.19253158182615174,-15.294828182000023,-15.294828182000023,-15.294828182000023,-2.5314293479230447,-2.5314293479230447,-2.5314293479230447,0.0,0.0,0.0,0.04038127709762298,0.04038127709762298,0.04038127709762298,0.8409431675735575,0.8409431675735575,0.8409431675735575,-7.7390245219199985,-7.7390245219199985,-7.7390245219199985,-3.2651751858947664,-3.2651751858947664,-3.2651751858947664,-1.9000035986414703,-1.9000035986414703,-1.9000035986414703,-1.6243106992813123,-1.6243106992813123,-1.6243106992813123,0.18658408852808034,0.18658408852808034,0.18658408852808034,0.30262390547796736,0.30262390547796736,0.30262390547796736,-1.5264225231700328,-1.5264225231700328,-1.5264225231700328,0.2020511511571898,0.2020511511571898,0.2020511511571898,-0.8511786625138242,-0.8511786625138242,-0.8511786625138242,0.0,0.0,0.0,38.97030492168476
631,2018-04-15 15:00:00,56.86560397273605,28.557792800069386,48.08235397452555,56.86560397273605,56.86560397273605,0.0,0.0,0.0,0.0,0.0,0.0,0.0,0.0,0.0,0.0,0.0,0.0,0.0,0.0,0.0,0.0,0.0,0.0,0.0,0.0,0.0,0.0,0.0,0.0,0.0,0.0,0.0,0.0,0.0,0.0,-18.134773886762343,-18.134773886762343,-18.134773886762343,-0.30808348400972607,-0.30808348400972607,-0.30808348400972607,0.19253158182615174,0.19253158182615174,0.19253158182615174,-15.573472737691644,-15.573472737691644,-15.573472737691644,-2.6497251978233907,-2.6497251978233907,-2.6497251978233907,0.0,0.0,0.0,0.060555782925066956,0.060555782925066956,0.060555782925066956,0.7413386694572985,0.7413386694572985,0.7413386694572985,-7.470664412817278,-7.470664412817278,-7.470664412817278,-2.513533849112597,-2.513533849112597,-2.513533849112597,-1.678371063976939,-1.678371063976939,-1.678371063976939,-2.962286717601705,-2.962286717601705,-2.962286717601705,0.16343321358317522,0.16343321358317522,0.16343321358317522,0.3972341678799902,0.3972341678799902,0.3972341678799902,-1.4105619272824343,-1.4105619272824343,-1.4105619272824343,0.14601508796858292,0.14601508796858292,0.14601508796858292,-0.8426557377785402,-0.8426557377785402,-0.8426557377785402,0.0,0.0,0.0,38.73083008597371
632,2018-04-15 16:00:00,56.86566226158861,33.04768583078549,52.59378130402466,56.86566226158861,56.86566226158861,0.0,0.0,0.0,0.0,0.0,0.0,0.0,0.0,0.0,0.0,0.0,0.0,0.0,0.0,0.0,0.0,0.0,0.0,0.0,0.0,0.0,0.0,0.0,0.0,0.0,0.0,0.0,0.0,0.0,0.0,-14.348481378988058,-14.348481378988058,-14.348481378988058,0.14490754152049412,0.14490754152049412,0.14490754152049412,0.19253158182615174,0.19253158182615174,0.19253158182615174,-12.37046823328352,-12.37046823328352,-12.37046823328352,-2.5407944360401555,-2.5407944360401555,-2.5407944360401555,0.0,0.0,0.0,0.08073028875251094,0.08073028875251094,0.08073028875251094,0.8967870009436567,0.8967870009436567,0.8967870009436567,-6.251154549932767,-6.251154549932767,-6.251154549932767,-2.3577314431689538,-2.3577314431689538,-2.3577314431689538,-0.9347778498488398,-0.9347778498488398,-0.9347778498488398,-2.1672096104187224,-2.1672096104187224,-2.1672096104187224,0.12478072939153538,0.12478072939153538,0.12478072939153538,0.4270861538465717,0.4270861538465717,0.4270861538465717,-1.288780479840652,-1.288780479840652,-1.288780479840652,0.15928390136549375,0.15928390136549375,0.15928390136549375,-0.8341402073843819,-0.8341402073843819,-0.8341402073843819,0.0,0.0,0.0,42.517180882600556
633,2018-04-15 17:00:00,56.865720550441175,37.965985735107886,57.96581628213062,56.865720550441175,56.865720550441175,0.0,0.0,0.0,0.0,0.0,0.0,0.0,0.0,0.0,0.0,0.0,0.0,0.0,0.0,0.0,0.0,0.0,0.0,0.0,0.0,0.0,0.0,0.0,0.0,0.0,0.0,0.0,0.0,0.0,0.0,-8.618369505701429,-8.618369505701429,-8.618369505701429,0.9653811464519692,0.9653811464519692,0.9653811464519692,0.19253158182615174,0.19253158182615174,0.19253158182615174,-7.596242129552927,-7.596242129552927,-7.596242129552927,-2.3377198937112293,-2.3377198937112293,-2.3377198937112293,0.0,0.0,0.0,0.10090479457995491,0.10090479457995491,0.10090479457995491,0.9003792943183414,0.9003792943183414,0.9003792943183414,-3.4962172273719303,-3.4962172273719303,-3.4962172273719303,-2.127185991130726,-2.127185991130726,-2.127185991130726,-0.3855146117671762,-0.3855146117671762,-0.3855146117671762,-0.9756951644741422,-0.9756951644741422,-0.9756951644741422,0.05370348175366874,0.05370348175366874,0.05370348175366874,0.3768590028551806,0.3768590028551806,0.3768590028551806,-1.1618762161147493,-1.1618762161147493,-1.1618762161147493,0.10171260356897982,0.10171260356897982,0.10171260356897982,-0.8256323064857224,-0.8256323064857224,-0.8256323064857224,0.0,0.0,0.0,48.247351044739744
634,2018-04-15 18:00:00,56.86577883929374,43.134949622523884,62.433242655346724,56.86577883929374,56.86577883929374,0.0,0.0,0.0,0.0,0.0,0.0,0.0,0.0,0.0,0.0,0.0,0.0,0.0,0.0,0.0,0.0,0.0,0.0,0.0,0.0,0.0,0.0,0.0,0.0,0.0,0.0,0.0,0.0,0.0,0.0,-4.414752562222946,-4.414752562222946,-4.414752562222946,1.6908295039985664,1.6908295039985664,1.6908295039985664,0.19253158182615174,0.19253158182615174,0.19253158182615174,-4.257764754310151,-4.257764754310151,-4.257764754310151,-2.1035926907834623,-2.1035926907834623,-2.1035926907834623,0.0,0.0,0.0,0.12107930040739891,0.12107930040739891,0.12107930040739891,1.0577870585545275,1.0577870585545275,1.0577870585545275,-2.460143388431047,-2.460143388431047,-2.460143388431047,-1.8482154669748783,-1.8482154669748783,-1.8482154669748783,0.7804652445114421,0.7804652445114421,0.7804652445114421,-0.25880431021358624,-0.25880431021358624,-0.25880431021358624,-0.030235363075811837,-0.030235363075811837,-0.030235363075811837,0.18274212056455283,0.18274212056455283,0.18274212056455283,-1.0306850410583213,-1.0306850410583213,-1.0306850410583213,0.1086211593045615,0.1086211593045615,0.1086211593045615,-0.8171322708530393,-0.8171322708530393,-0.8171322708530393,0.0,0.0,0.0,52.451026277070795
635,2018-04-15 19:00:00,56.8658371281463,47.89101608590112,66.47597927042348,56.8658371281463,56.8658371281463,0.0,0.0,0.0,0.0,0.0,0.0,0.0,0.0,0.0,0.0,0.0,0.0,0.0,0.0,0.0,0.0,0.0,0.0,0.0,0.0,0.0,0.0,0.0,0.0,0.0,0.0,0.0,0.0,0.0,0.0,0.028851434756687503,0.028851434756687503,0.028851434756687503,1.8863164563402086,1.8863164563402086,1.8863164563402086,0.19253158182615174,0.19253158182615174,0.19253158182615174,-0.15275151767210762,-0.15275151767210762,-0.15275151767210762,-1.6259731968108169,-1.6259731968108169,-1.6259731968108169,0.0,0.0,0.0,0.1412538062348429,0.1412538062348429,0.1412538062348429,1.1985396444171754,1.1985396444171754,1.1985396444171754,0.1181518369988841,0.1181518369988841,0.1181518369988841,-1.0523599339114047,-1.0523599339114047,-1.0523599339114047,0.8222220988685284,0.8222220988685284,0.8222220988685284,0.23013507425905166,0.23013507425905166,0.23013507425905166,-0.05582317222544382,-0.05582317222544382,-0.05582317222544382,-0.2029644917655636,-0.2029644917655636,-0.2029644917655636,-0.8960731670423351,-0.8960731670423351,-0.8960731670423351,0.08153523443648733,0.08153523443648733,0.08153523443648733,-0.8086403368690785,-0.8086403368690785,-0.8086403368690785,0.0,0.0,0.0,56.89468856290299
636,2018-04-15 20:00:00,56.86589541699887,47.11377873765954,66.13818331858862,56.86589541699887,56.86589541699887,0.0,0.0,0.0,0.0,0.0,0.0,0.0,0.0,0.0,0.0,0.0,0.0,0.0,0.0,0.0,0.0,0.0,0.0,0.0,0.0,0.0,0.0,0.0,0.0,0.0,0.0,0.0,0.0,0.0,0.0,-0.36207763576884655,-0.36207763576884655,-0.36207763576884655,1.4422674097313057,1.4422674097313057,1.4422674097313057,0.19253158182615174,0.19253158182615174,0.19253158182615174,-0.24525904928323183,-0.24525904928323183,-0.24525904928323183,-1.7965163804171487,-1.7965163804171487,-1.7965163804171487,0.0,0.0,0.0,0.16142831206228686,0.16142831206228686,0.16142831206228686,1.00716837918397,1.00716837918397,1.00716837918397,0.18948806853251887,0.18948806853251887,0.18948806853251887,-0.9155064692311772,-0.9155064692311772,-0.9155064692311772,0.6503765828605225,0.6503765828605225,0.6503765828605225,0.29841039371243766,0.29841039371243766,0.29841039371243766,-0.05920780306534223,-0.05920780306534223,-0.05920780306534223,-0.012638337851644548,-0.012638337851644548,-0.012638337851644548,-0.7589292546941381,-0.7589292546941381,-0.7589292546941381,0.03920662310419329,0.03920662310419329,0.03920662310419329,-0.8001567415227824,-0.8001567415227824,-0.8001567415227824,0.0,0.0,0.0,56.50381778123002
637,2018-04-15 21:00:00,56.86595370585143,43.3821089780804,62.05317902876921,56.86595370585143,56.86595370585143,0.0,0.0,0.0,0.0,0.0,0.0,0.0,0.0,0.0,0.0,0.0,0.0,0.0,0.0,0.0,0.0,0.0,0.0,0.0,0.0,0.0,0.0,0.0,0.0,0.0,0.0,0.0,0.0,0.0,0.0,-4.114433231730016,-4.114433231730016,-4.114433231730016,0.6039306841588394,0.6039306841588394,0.6039306841588394,0.19253158182615174,0.19253158182615174,0.19253158182615174,-3.3065258529451866,-3.3065258529451866,-3.3065258529451866,-1.7600418266978755,-1.7600418266978755,-1.7600418266978755,0.0,0.0,0.0,0.18160281788973084,0.18160281788973084,0.18160281788973084,1.038192731056247,1.038192731056247,1.038192731056247,-1.3799090252074393,-1.3799090252074393,-1.3799090252074393,-1.6387243941182235,-1.6387243941182235,-1.6387243941182235,-0.11088299272634444,-0.11088299272634444,-0.11088299272634444,-0.04516863321428021,-0.04516863321428021,-0.04516863321428021,-0.061441659419675186,-0.061441659419675186,-0.061441659419675186,0.24655271490581696,0.24655271490581696,0.24655271490581696,-0.6201563405536669,-0.6201563405536669,-0.6201563405536669,0.03076283276070458,0.03076283276070458,0.03076283276070458,-0.7916817223900015,-0.7916817223900015,-0.7916817223900015,0.0,0.0,0.0,52.75152047412141
638,2018-04-15 22:00:00,56.866011994703996,41.316388081675015,61.239052269765665,56.866011994703996,56.866011994703996,0.0,0.0,0.0,0.0,0.0,0.0,0.0,0.0,0.0,0.0,0.0,0.0,0.0,0.0,0.0,0.0,0.0,0.0,0.0,0.0,0.0,0.0,0.0,0.0,0.0,0.0,0.0,0.0,0.0,0.0,-5.737254940725835,-5.737254940725835,-5.737254940725835,-0.2669578695061546,-0.2669578695061546,-0.2669578695061546,0.19253158182615174,0.19253158182615174,0.19253158182615174,-4.206417915701023,-4.206417915701023,-4.206417915701023,-1.819189751648048,-1.819189751648048,-1.819189751648048,0.0,0.0,0.0,0.20177732371717483,0.20177732371717483,0.20177732371717483,0.9696125848122656,0.9696125848122656,0.9696125848122656,-1.6550630611228871,-1.6550630611228871,-1.6550630611228871,-1.6882021851949207,-1.6882021851949207,-1.6882021851949207,-0.5669963249345098,-0.5669963249345098,-0.5669963249345098,-0.3579136449039856,-0.3579136449039856,-0.3579136449039856,-0.06496167549316953,-0.06496167549316953,-0.06496167549316953,0.5540755544663152,0.5540755544663152,0.5540755544663152,-0.480663637877579,-0.480663637877579,-0.480663637877579,0.02791168277459151,0.02791168277459151,0.02791168277459151,-0.7832155176410796,-0.7832155176410796,-0.7832155176410796,0.0,0.0,0.0,51.12875705397816
639,2018-04-15 23:00:00,56.86607028355656,38.39519028663306,57.67600460910057,56.86607028355656,56.86607028355656,0.0,0.0,0.0,0.0,0.0,0.0,0.0,0.0,0.0,0.0,0.0,0.0,0.0,0.0,0.0,0.0,0.0,0.0,0.0,0.0,0.0,0.0,0.0,0.0,0.0,0.0,0.0,0.0,0.0,0.0,-8.374250069987088,-8.374250069987088,-8.374250069987088,-0.9622891855883028,-0.9622891855883028,-0.9622891855883028,0.19253158182615174,0.19253158182615174,0.19253158182615174,-6.295844220634012,-6.295844220634012,-6.295844220634012,-1.9631163690268016,-1.9631163690268016,-1.9631163690268016,0.0,0.0,0.0,0.22195182954461884,0.22195182954461884,0.22195182954461884,0.8634766441965799,0.8634766441965799,0.8634766441965799,-2.3344557423955967,-2.3344557423955967,-2.3344557423955967,-2.2135089457751764,-2.2135089457751764,-2.2135089457751764,-1.395709280636668,-1.395709280636668,-1.395709280636668,-0.44821326095523845,-0.44821326095523845,-0.44821326095523845,-0.06746630231469436,-0.06746630231469436,-0.06746630231469436,0.8495944208339024,0.8495944208339024,0.8495944208339024,-0.34135829774076076,-0.34135829774076076,-0.34135829774076076,-0.000928795931090697,-0.000928795931090697,-0.000928795931090697,-0.7747583660240107,-0.7747583660240107,-0.7747583660240107,0.0,0.0,0.0,48.49182021356947
640,2018-04-16 00:00:00,56.866128572409124,36.82516738958692,55.44826538814558,56.866128572409124,56.866128572409124,0.0,0.0,0.0,0.0,0.0,0.0,0.0,0.0,0.0,0.0,0.0,0.0,0.0,0.0,0.0,0.0,0.0,0.0,0.0,0.0,0.0,0.0,0.0,0.0,0.0,0.0,0.0,0.0,0.0,0.0,-10.509236584977744,-10.509236584977744,-10.509236584977744,-1.4912124639981212,-1.4912124639981212,-1.4912124639981212,0.17711711244918146,0.17711711244918146,0.17711711244918146,-8.048576395709949,-8.048576395709949,-8.048576395709949,-2.1868926850882886,-2.1868926850882886,-2.1868926850882886,0.0,0.0,0.0,3.2265442735009234e-05,3.2265442735009234e-05,3.2265442735009234e-05,0.8174299745756209,0.8174299745756209,0.8174299745756209,-2.799839729067402,-2.799839729067402,-2.799839729067402,-2.871458295199344,-2.871458295199344,-2.871458295199344,-1.4165877078152112,-1.4165877078152112,-1.4165877078152112,-0.7246181832584635,-0.7246181832584635,-0.7246181832584635,-0.07274632642493586,-0.07274632642493586,-0.07274632642493586,1.0617172629138967,1.0617172629138967,1.0617172629138967,-0.20313721841054685,-0.20313721841054685,-0.20313721841054685,-0.032730084237736476,-0.032730084237736476,-0.032730084237736476,-0.7663105068591265,-0.7663105068591265,-0.7663105068591265,0.0,0.0,0.0,46.35689198743138
641,2018-04-16 01:00:00,56.86618686126169,35.785877380197974,54.454919885490106,56.86618686126169,56.86618686126169,0.0,0.0,0.0,0.0,0.0,0.0,0.0,0.0,0.0,0.0,0.0,0.0,0.0,0.0,0.0,0.0,0.0,0.0,0.0,0.0,0.0,0.0,0.0,0.0,0.0,0.0,0.0,0.0,0.0,0.0,-11.686933982473388,-11.686933982473388,-11.686933982473388,-1.9202890785104738,-1.9202890785104738,-1.9202890785104738,0.1617026430722112,0.1617026430722112,0.1617026430722112,-8.941893733685125,-8.941893733685125,-8.941893733685125,-2.2238601381821463,-2.2238601381821463,-2.2238601381821463,0.0,0.0,0.0,-0.2218872986591488,-0.2218872986591488,-0.2218872986591488,0.6675333692137757,0.6675333692137757,0.6675333692137757,-2.8711759606010365,-2.8711759606010365,-2.8711759606010365,-2.915672491480648,-2.915672491480648,-2.915672491480648,-1.610917683861648,-1.610917683861648,-1.610917683861648,-0.9503672233865953,-0.9503672233865953,-0.9503672233865953,-0.08195252230945956,-0.08195252230945956,-0.08195252230945956,1.1676997104460458,1.1676997104460458,1.1676997104460458,-0.0668789902476711,-0.0668789902476711,-0.0668789902476711,-0.06299613793647522,-0.06299613793647522,-0.06299613793647522,-0.7578721800301188,-0.7578721800301188,-0.7578721800301188,0.0,0.0,0.0,45.179252878788304
642,2018-04-16 02:00:00,56.86624515011425,35.526109446488114,54.70205932208816,56.86624515011425,56.86624515011425,0.0,0.0,0.0,0.0,0.0,0.0,0.0,0.0,0.0,0.0,0.0,0.0,0.0,0.0,0.0,0.0,0.0,0.0,0.0,0.0,0.0,0.0,0.0,0.0,0.0,0.0,0.0,0.0,0.0,0.0,-11.714896657899255,-11.714896657899255,-11.714896657899255,-2.1924359209097335,-2.1924359209097335,-2.1924359209097335,0.14628817369524094,0.14628817369524094,0.14628817369524094,-8.839581049692269,-8.839581049692269,-8.839581049692269,-2.1819636913424407,-2.1819636913424407,-2.1819636913424407,0.0,0.0,0.0,-0.2017127928317048,-0.2017127928317048,-0.2017127928317048,0.6593690660894922,0.6593690660894922,0.6593690660894922,-2.8983516678519448,-2.8983516678519448,-2.8983516678519448,-2.687232477360577,-2.687232477360577,-2.687232477360577,-1.6205538810209745,-1.6205538810209745,-1.6205538810209745,-1.136472529638568,-1.136472529638568,-1.136472529638568,-0.08851870613886247,-0.08851870613886247,-0.08851870613886247,1.2338795100227529,1.2338795100227529,1.2338795100227529,0.06656393868295378,0.06656393868295378,0.06656393868295378,-0.06431205331468125,-0.06431205331468125,-0.06431205331468125,-0.7494436259802075,-0.7494436259802075,-0.7494436259802075,0.0,0.0,0.0,45.151348492215
643,2018-04-16 03:00:00,56.86630343896682,37.40311030170631,56.33561662040706,56.86630343896682,56.86630343896682,0.0,0.0,0.0,0.0,0.0,0.0,0.0,0.0,0.0,0.0,0.0,0.0,0.0,0.0,0.0,0.0,0.0,0.0,0.0,0.0,0.0,0.0,0.0,0.0,0.0,0.0,0.0,0.0,0.0,0.0,-10.248910137272695,-10.248910137272695,-10.248910137272695,-2.129698371992849,-2.129698371992849,-2.129698371992849,0.13087370431827067,0.13087370431827067,0.13087370431827067,-7.574559472967575,-7.574559472967575,-7.574559472967575,-2.2933589499985993,-2.2933589499985993,-2.2933589499985993,0.0,0.0,0.0,-0.18153828700426083,-0.18153828700426083,-0.18153828700426083,0.5274339276010706,0.5274339276010706,0.5274339276010706,-1.892850499568334,-1.892850499568334,-1.892850499568334,-2.609331274388756,-2.609331274388756,-2.609331274388756,-1.117865595876061,-1.117865595876061,-1.117865595876061,-1.1739138338549409,-1.1739138338549409,-1.1739138338549409,-0.09021102155881168,-0.09021102155881168,-0.09021102155881168,1.2469891123255374,1.2469891123255374,1.2469891123255374,0.19637279338043317,0.19637279338043317,0.19637279338043317,-0.12078675496269013,-0.12078675496269013,-0.12078675496269013,-0.7410250856927039,-0.7410250856927039,-0.7410250856927039,0.0,0.0,0.0,46.61739330169412
644,2018-04-16 04:00:00,56.86636172781938,42.33057706078168,62.05938595572379,56.86636172781938,56.86636172781938,0.0,0.0,0.0,0.0,0.0,0.0,0.0,0.0,0.0,0.0,0.0,0.0,0.0,0.0,0.0,0.0,0.0,0.0,0.0,0.0,0.0,0.0,0.0,0.0,0.0,0.0,0.0,0.0,0.0,0.0,-4.8856984695658525,-4.8856984695658525,-4.8856984695658525,-1.6187790736921392,-1.6187790736921392,-1.6187790736921392,0.11545923494130039,0.11545923494130039,0.11545923494130039,-2.8560722149655553,-2.8560722149655553,-2.8560722149655553,-2.2583630944030806,-2.2583630944030806,-2.2583630944030806,0.0,0.0,0.0,-0.16136378117681685,-0.16136378117681685,-0.16136378117681685,0.5983000787198514,0.5983000787198514,0.5983000787198514,0.3015878609425154,0.3015878609425154,0.3015878609425154,-2.0387575985681172,-2.0387575985681172,-2.0387575985681172,0.4464104096547582,0.4464104096547582,0.4464104096547582,-0.8325372365880092,-0.8325372365880092,-0.8325372365880092,-0.09285103361393243,-0.09285103361393243,-0.09285103361393243,1.1718063328541468,1.1718063328541468,1.1718063328541468,0.3217696197926493,0.3217696197926493,0.3217696197926493,-0.10576338772817127,-0.10576338772817127,-0.10576338772817127,-0.7326168007008068,-0.7326168007008068,-0.7326168007008068,0.0,0.0,0.0,51.98066325825353
645,2018-04-16 05:00:00,56.866420016671945,46.66777777630797,66.00879533446461,56.866420016671945,56.866420016671945,0.0,0.0,0.0,0.0,0.0,0.0,0.0,0.0,0.0,0.0,0.0,0.0,0.0,0.0,0.0,0.0,0.0,0.0,0.0,0.0,0.0,0.0,0.0,0.0,0.0,0.0,0.0,0.0,0.0,0.0,-0.5510951626550424,-0.5510951626550424,-0.5510951626550424,-0.7793473664830757,-0.7793473664830757,-0.7793473664830757,0.10004476556433012,0.10004476556433012,0.10004476556433012,0.5104472414211983,0.5104472414211983,0.5104472414211983,-2.245054811289292,-2.245054811289292,-2.245054811289292,0.0,0.0,0.0,-0.14118927534937287,-0.14118927534937287,-0.14118927534937287,0.6502250465902946,0.6502250465902946,0.6502250465902946,2.2718266366333744,2.2718266366333744,2.2718266366333744,-1.9934906833277346,-1.9934906833277346,-1.9934906833277346,1.6750255474690061,1.6750255474690061,1.6750255474690061,-0.7664643467944102,-0.7664643467944102,-0.7664643467944102,-0.09427257856668977,-0.09427257856668977,-0.09427257856668977,1.1378477244794643,1.1378477244794643,1.1378477244794643,0.44202397547182803,0.44202397547182803,0.44202397547182803,-0.08405078398777174,-0.08405078398777174,-0.08405078398777174,-0.7242190130649933,-0.7242190130649933,-0.7242190130649933,0.0,0.0,0.0,56.3153248540169
646,2018-04-16 06:00:00,56.86647830552451,52.353038915445005,71.41148541305462,56.86647830552451,56.86647830552451,0.0,0.0,0.0,0.0,0.0,0.0,0.0,0.0,0.0,0.0,0.0,0.0,0.0,0.0,0.0,0.0,0.0,0.0,0.0,0.0,0.0,0.0,0.0,0.0,0.0,0.0,0.0,0.0,0.0,0.0,4.866713838191335,4.866713838191335,4.866713838191335,0.07309110398876711,0.07309110398876711,0.07309110398876711,0.08463029618735983,0.08463029618735983,0.08463029618735983,4.9529956059092335,4.9529956059092335,4.9529956059092335,-2.0474021620807976,-2.0474021620807976,-2.0474021620807976,0.0,0.0,0.0,-0.1210147695219289,-0.1210147695219289,-0.1210147695219289,0.700517153835881,0.700517153835881,0.700517153835881,4.670082801526037,4.670082801526037,4.670082801526037,-1.513450837987862,-1.513450837987862,-1.513450837987862,1.6750255474690061,1.6750255474690061,1.6750255474690061,0.5560946639074767,0.5560946639074767,0.5560946639074767,-0.07423556399449117,-0.07423556399449117,-0.07423556399449117,1.0190715686759233,1.0190715686759233,1.0190715686759233,0.5564590936618908,0.5564590936618908,0.5564590936618908,0.003676907892630416,0.003676907892630416,0.003676907892630416,-0.7158319653685572,-0.7158319653685572,-0.7158319653685572,0.0,0.0,0.0,61.73319214371585
647,2018-04-16 07:00:00,56.866536594377074,53.24134511172958,71.98099140535655,56.866536594377074,56.866536594377074,0.0,0.0,0.0,0.0,0.0,0.0,0.0,0.0,0.0,0.0,0.0,0.0,0.0,0.0,0.0,0.0,0.0,0.0,0.0,0.0,0.0,0.0,0.0,0.0,0.0,0.0,0.0,0.0,0.0,0.0,5.362314997644006,5.362314997644006,5.362314997644006,0.6496066924436549,0.6496066924436549,0.6496066924436549,0.06921582681038962,0.06921582681038962,0.06921582681038962,4.755706748208765,4.755706748208765,4.755706748208765,-2.4954476935783565,-2.4954476935783565,-2.4954476935783565,0.0,0.0,0.0,-0.10084026369448491,-0.10084026369448491,-0.10084026369448491,0.911482746567367,0.911482746567367,0.911482746567367,3.8344298035606066,3.8344298035606066,3.8344298035606066,-1.4723947985837937,-1.4723947985837937,-1.4723947985837937,1.6910858760678842,1.6910858760678842,1.6910858760678842,1.5879329595175244,1.5879329595175244,1.5879329595175244,-0.023466101396015016,-0.023466101396015016,-0.023466101396015016,0.6971755506870709,0.6971755506870709,0.6971755506870709,0.6644574577044902,0.6644574577044902,0.6644574577044902,0.056532842250572715,0.056532842250572715,0.056532842250572715,-0.7074559007129044,-0.7074559007129044,-0.7074559007129044,0.0,0.0,0.0,62.22885159202108
648,2018-04-16 08:00:00,56.889465127976614,51.024712566349024,71.25229112806251,56.889465127976614,56.889465127976614,0.0,0.0,0.0,0.0,0.0,0.0,0.0,0.0,0.0,0.0,0.0,0.0,0.0,0.0,0.0,0.0,0.0,0.0,0.0,0.0,0.0,0.0,0.0,0.0,0.0,0.0,0.0,0.0,0.0,0.0,4.048779983595031,4.048779983595031,4.048779983595031,0.9826592093218294,0.9826592093218294,0.9826592093218294,0.05135765083835453,0.05135765083835453,0.05135765083835453,3.0837147891363674,3.0837147891363674,3.0837147891363674,-2.679211731719099,-2.679211731719099,-2.679211731719099,0.0,0.0,0.0,-0.12573908287952515,-0.12573908287952515,-0.12573908287952515,1.008360689296375,1.008360689296375,1.008360689296375,3.426970167102814,3.426970167102814,3.426970167102814,-1.4533062439811262,-1.4533062439811262,-1.4533062439811262,1.0998441538213268,1.0998441538213268,1.0998441538213268,1.2511402575607764,1.2511402575607764,1.2511402575607764,0.02974095056736994,0.02974095056736994,0.02974095056736994,0.43121748249360414,0.43121748249360414,0.43121748249360414,0.7612213515043357,0.7612213515043357,0.7612213515043357,0.04334049603549706,0.04334049603549706,0.04334049603549706,-0.778815366367501,-0.778815366367501,-0.778815366367501,0.0,0.0,0.0,60.938245111571646
649,2018-04-16 09:00:00,56.8895209337928,49.321388458573374,68.56615767392442,56.8895209337928,56.8895209337928,0.0,0.0,0.0,0.0,0.0,0.0,0.0,0.0,0.0,0.0,0.0,0.0,0.0,0.0,0.0,0.0,0.0,0.0,0.0,0.0,0.0,0.0,0.0,0.0,0.0,0.0,0.0,0.0,0.0,0.0,2.0716270154225453,2.0716270154225453,2.0716270154225453,1.007447928796477,1.007447928796477,1.007447928796477,0.03660372788591384,0.03660372788591384,0.03660372788591384,0.9784375344480107,0.9784375344480107,0.9784375344480107,-2.635443114280825,-2.635443114280825,-2.635443114280825,0.0,0.0,0.0,-0.09429174930666653,-0.09429174930666653,-0.09429174930666653,0.9357360075961475,0.9357360075961475,0.9357360075961475,2.3482767780414293,2.3482767780414293,2.3482767780414293,-1.4025817728442045,-1.4025817728442045,-1.4025817728442045,1.0219876287147474,1.0219876287147474,1.0219876287147474,0.43082681267514894,0.43082681267514894,0.43082681267514894,0.05468035777741337,0.05468035777741337,0.05468035777741337,0.29730700765388124,0.29730700765388124,0.29730700765388124,0.8562841365898559,0.8562841365898559,0.8562841365898559,-0.014664149464974583,-0.014664149464974583,-0.014664149464974583,-0.7705425844117981,-0.7705425844117981,-0.7705425844117981,0.0,0.0,0.0,58.961147949215345
650,2018-04-16 10:00:00,56.88957673960899,48.694559547230746,68.58872987415387,56.88957673960899,56.88957673960899,0.0,0.0,0.0,0.0,0.0,0.0,0.0,0.0,0.0,0.0,0.0,0.0,0.0,0.0,0.0,0.0,0.0,0.0,0.0,0.0,0.0,0.0,0.0,0.0,0.0,0.0,0.0,0.0,0.0,0.0,1.3728558347711228,1.3728558347711228,1.3728558347711228,0.9796397251257315,0.9796397251257315,0.9796397251257315,0.021849804933473157,0.021849804933473157,0.021849804933473157,0.21215767202818586,0.21215767202818586,0.21215767202818586,-2.7278435288727376,-2.7278435288727376,-2.7278435288727376,0.0,0.0,0.0,-0.06284441573380792,-0.06284441573380792,-0.06284441573380792,0.800766850281113,0.800766850281113,0.800766850281113,2.1081914155857606,2.1081914155857606,2.1081914155857606,-1.3332238225141284,-1.3332238225141284,-1.3332238225141284,0.8948749346631899,0.8948749346631899,0.8948749346631899,0.20543025186113287,0.20543025186113287,0.20543025186113287,0.07259978369870383,0.07259978369870383,0.07259978369870383,0.300152802868893,0.300152802868893,0.300152802868893,0.9433399090118901,0.9433399090118901,0.9433399090118901,-0.0677964047434066,-0.0677964047434066,-0.0677964047434066,-0.7622814713946845,-0.7622814713946845,-0.7622814713946845,0.0,0.0,0.0,58.262432574380114
651,2018-04-16 11:00:00,56.88963254542518,47.19976867669214,66.81226588072875,56.88963254542518,56.88963254542518,0.0,0.0,0.0,0.0,0.0,0.0,0.0,0.0,0.0,0.0,0.0,0.0,0.0,0.0,0.0,0.0,0.0,0.0,0.0,0.0,0.0,0.0,0.0,0.0,0.0,0.0,0.0,0.0,0.0,0.0,0.4677675563333604,0.4677675563333604,0.4677675563333604,0.9085611093169192,0.9085611093169192,0.9085611093169192,0.007095881981032504,0.007095881981032504,0.007095881981032504,-0.7088093068610154,-0.7088093068610154,-0.7088093068610154,-2.720548759299692,-2.720548759299692,-2.720548759299692,0.0,0.0,0.0,-0.03139708216094931,-0.03139708216094931,-0.03139708216094931,0.7881653073376946,0.7881653073376946,0.7881653073376946,1.8478171492605981,1.8478171492605981,1.8478171492605981,-1.5350865137733052,-1.5350865137733052,-1.5350865137733052,0.823374044259188,0.823374044259188,0.823374044259188,-0.183595543005366,-0.183595543005366,-0.183595543005366,0.08017397403656885,0.08017397403656885,0.08017397403656885,0.2914573174896903,0.2914573174896903,0.2914573174896903,1.0220480225746325,1.0220480225746325,1.0220480225746325,-0.07626508298647545,-0.07626508298647545,-0.07626508298647545,-0.7540322686971758,-0.7540322686971758,-0.7540322686971758,0.0,0.0,0.0,57.35740010175854
652,2018-04-16 12:00:00,56.88968835124137,46.20924650469068,64.45128536177907,56.88968835124137,56.88968835124137,0.0,0.0,0.0,0.0,0.0,0.0,0.0,0.0,0.0,0.0,0.0,0.0,0.0,0.0,0.0,0.0,0.0,0.0,0.0,0.0,0.0,0.0,0.0,0.0,0.0,0.0,0.0,0.0,0.0,0.0,-1.7306726108400756,-1.7306726108400756,-1.7306726108400756,0.6706796160123744,0.6706796160123744,0.6706796160123744,-0.00765804097140818,-0.00765804097140818,-0.00765804097140818,-2.747702792414682,-2.747702792414682,-2.747702792414682,-2.699150768552091,-2.699150768552091,-2.699150768552091,0.0,0.0,0.0,5.0251411909302664e-05,5.0251411909302664e-05,5.0251411909302664e-05,0.810383817264248,0.810383817264248,0.810383817264248,0.9618683469594006,0.9618683469594006,0.9618683469594006,-2.0154161996412947,-2.0154161996412947,-2.0154161996412947,0.23230001691944338,0.23230001691944338,0.23230001691944338,-0.32013384426770336,-0.32013384426770336,-0.32013384426770336,0.07518609259456017,0.07518609259456017,0.07518609259456017,0.3229191645889877,0.3229191645889877,0.3229191645889877,1.0921457837372812,1.0921457837372812,1.0921457837372812,-0.10805162872073391,-0.10805162872073391,-0.10805162872073391,-0.7457952181750488,-0.7457952181750488,-0.7457952181750488,0.0,0.0,0.0,55.159015740401294
653,2018-04-16 13:00:00,56.88974415705756,44.05254671494002,62.56493066883251,56.88974415705756,56.88974415705756,0.0,0.0,0.0,0.0,0.0,0.0,0.0,0.0,0.0,0.0,0.0,0.0,0.0,0.0,0.0,0.0,0.0,0.0,0.0,0.0,0.0,0.0,0.0,0.0,0.0,0.0,0.0,0.0,0.0,0.0,-4.016103561487545,-4.016103561487545,-4.016103561487545,0.22238688038909865,0.22238688038909865,0.22238688038909865,-0.02241196392384883,-0.02241196392384883,-0.02241196392384883,-4.654369430917982,-4.654369430917982,-4.654369430917982,-2.757508925136457,-2.757508925136457,-2.757508925136457,0.0,0.0,0.0,0.03149758498476792,0.03149758498476792,0.03149758498476792,0.7752321448431335,0.7752321448431335,0.7752321448431335,0.2990974872226257,0.2990974872226257,0.2990974872226257,-2.4967810787977927,-2.4967810787977927,-2.4967810787977927,-0.47794216109363685,-0.47794216109363685,-0.47794216109363685,-0.44041758585595236,-0.44041758585595236,-0.44041758585595236,0.05936034530324867,0.05936034530324867,0.05936034530324867,0.5232315277789864,0.5232315277789864,0.5232315277789864,1.1534495512005234,1.1534495512005234,1.1534495512005234,-0.14772680624305654,-0.14772680624305654,-0.14772680624305654,-0.7375705621591849,-0.7375705621591849,-0.7375705621591849,0.0,0.0,0.0,52.87364059557001
654,2018-04-16 14:00:00,56.88979996287375,42.603442335325624,61.2858057209556,56.88979996287375,56.88979996287375,0.0,0.0,0.0,0.0,0.0,0.0,0.0,0.0,0.0,0.0,0.0,0.0,0.0,0.0,0.0,0.0,0.0,0.0,0.0,0.0,0.0,0.0,0.0,0.0,0.0,0.0,0.0,0.0,0.0,0.0,-5.241216922942622,-5.241216922942622,-5.241216922942622,-0.23540827520470672,-0.23540827520470672,-0.23540827520470672,-0.03716588687628952,-0.03716588687628952,-0.03716588687628952,-5.482305116883115,-5.482305116883115,-5.482305116883115,-2.7341656625027104,-2.7341656625027104,-2.7341656625027104,0.0,0.0,0.0,0.06294491855762653,0.06294491855762653,0.06294491855762653,0.7506922980585818,0.7506922980585818,0.7506922980585818,-0.34338446864465527,-0.34338446864465527,-0.34338446864465527,-2.407754455986053,-2.407754455986053,-2.407754455986053,-0.641599754685018,-0.641599754685018,-0.641599754685018,-0.6343886646333989,-0.6343886646333989,-0.6343886646333989,0.03762303482140836,0.03762303482140836,0.03762303482140836,0.6315298456836029,0.6315298456836029,0.6315298456836029,1.2058550125864314,1.2058550125864314,1.2058550125864314,-0.16663632067621026,-0.16663632067621026,-0.16663632067621026,-0.7293585434412311,-0.7293585434412311,-0.7293585434412311,0.0,0.0,0.0,51.64858303993113
655,2018-04-16 15:00:00,56.88985576868994,42.093976154493234,61.50258886412792,56.88985576868994,56.88985576868994,0.0,0.0,0.0,0.0,0.0,0.0,0.0,0.0,0.0,0.0,0.0,0.0,0.0,0.0,0.0,0.0,0.0,0.0,0.0,0.0,0.0,0.0,0.0,0.0,0.0,0.0,0.0,0.0,0.0,0.0,-4.870255253660662,-4.870255253660662,-4.870255253660662,-0.34616643750007436,-0.34616643750007436,-0.34616643750007436,-0.0519198098287302,-0.0519198098287302,-0.0519198098287302,-5.052266054299979,-5.052266054299979,-5.052266054299979,-2.622798847020879,-2.622798847020879,-2.622798847020879,0.0,0.0,0.0,0.09439225213048515,0.09439225213048515,0.09439225213048515,0.9327514316358642,0.9327514316358642,0.9327514316358642,-0.48202531175285934,-0.48202531175285934,-0.48202531175285934,-2.2338419835166086,-2.2338419835166086,-2.2338419835166086,-0.47794216109363685,-0.47794216109363685,-0.47794216109363685,-0.8207742822296046,-0.8207742822296046,-0.8207742822296046,0.010158897498743253,0.010158897498743253,0.010158897498743253,0.6922401436038551,0.6922401436038551,0.6922401436038551,1.2493366434004383,1.2493366434004383,1.2493366434004383,-0.09250638372660752,-0.09250638372660752,-0.09250638372660752,-0.7211594052610466,-0.7211594052610466,-0.7211594052610466,0.0,0.0,0.0,52.01960051502928
656,2018-04-16 16:00:00,56.88991157450614,44.739494729483745,63.76594740660603,56.88991157450614,56.88991157450614,0.0,0.0,0.0,0.0,0.0,0.0,0.0,0.0,0.0,0.0,0.0,0.0,0.0,0.0,0.0,0.0,0.0,0.0,0.0,0.0,0.0,0.0,0.0,0.0,0.0,0.0,0.0,0.0,0.0,0.0,-3.005329869907408,-3.005329869907408,-3.005329869907408,0.10410755867925854,0.10410755867925854,0.10410755867925854,-0.06667373278117085,-0.06667373278117085,-0.06667373278117085,-3.6804104000614415,-3.6804104000614415,-3.6804104000614415,-2.571249142038022,-2.571249142038022,-2.571249142038022,0.0,0.0,0.0,0.12583958570334378,0.12583958570334378,0.12583958570334378,1.0435123617174895,1.0435123617174895,1.0435123617174895,-0.4346845360573753,-0.4346845360573753,-0.4346845360573753,-2.085809343259879,-2.085809343259879,-2.085809343259879,0.3975465191864687,0.3975465191864687,0.3975465191864687,-0.7210796495618664,-0.7210796495618664,-0.7210796495618664,-0.024078905979736116,-0.024078905979736116,-0.024078905979736116,0.6671022858712506,0.6671022858712506,0.6671022858712506,1.2839463627846939,1.2839463627846939,1.2839463627846939,-0.01083584286194345,-0.01083584286194345,-0.01083584286194345,-0.7129733913099202,-0.7129733913099202,-0.7129733913099202,0.0,0.0,0.0,53.88458170459873
657,2018-04-16 17:00:00,56.889967380322325,48.115882616452794,67.07301594204391,56.889967380322325,56.889967380322325,0.0,0.0,0.0,0.0,0.0,0.0,0.0,0.0,0.0,0.0,0.0,0.0,0.0,0.0,0.0,0.0,0.0,0.0,0.0,0.0,0.0,0.0,0.0,0.0,0.0,0.0,0.0,0.0,0.0,0.0,0.41780397129493574,0.41780397129493574,0.41780397129493574,0.9486319534857401,0.9486319534857401,0.9486319534857401,-0.08142765573361153,-0.08142765573361153,-0.08142765573361153,-1.1358386462339336,-1.1358386462339336,-1.1358386462339336,-2.4360527459509083,-2.4360527459509083,-2.4360527459509083,0.0,0.0,0.0,0.15728691927620236,0.15728691927620236,0.15728691927620236,1.1214429562359984,1.1214429562359984,1.1214429562359984,0.47831613806981504,0.47831613806981504,0.47831613806981504,-1.500925135252521,-1.500925135252521,-1.500925135252521,1.0172209026878138,1.0172209026878138,1.0172209026878138,-0.4555885082184343,-0.4555885082184343,-0.4555885082184343,-0.06194985766906132,-0.06194985766906132,-0.06194985766906132,0.5297136168798466,0.5297136168798466,0.5297136168798466,1.3098114097548292,1.3098114097548292,1.3098114097548292,0.09612472344092625,0.09612472344092625,0.09612472344092625,-0.7048007457116997,-0.7048007457116997,-0.7048007457116997,0.0,0.0,0.0,57.30777135161726
658,2018-04-16 18:00:00,56.890023186138514,52.221397252400834,72.26373183665838,56.890023186138514,56.890023186138514,0.0,0.0,0.0,0.0,0.0,0.0,0.0,0.0,0.0,0.0,0.0,0.0,0.0,0.0,0.0,0.0,0.0,0.0,0.0,0.0,0.0,0.0,0.0,0.0,0.0,0.0,0.0,0.0,0.0,0.0,5.562473463642606,5.562473463642606,5.562473463642606,1.7018063679777478,1.7018063679777478,1.7018063679777478,-0.09618157868605219,-0.09618157868605219,-0.09618157868605219,3.230177336528883,3.230177336528883,3.230177336528883,-1.9930170738812631,-1.9930170738812631,-1.9930170738812631,0.0,0.0,0.0,0.18873425284906098,0.18873425284906098,0.18873425284906098,1.4295175192474656,1.4295175192474656,1.4295175192474656,1.5299576553052072,1.5299576553052072,1.5299576553052072,-0.8642812628197334,-0.8642812628197334,-0.8642812628197334,2.6077184870079333,2.6077184870079333,2.6077184870079333,0.08297923564967258,0.08297923564967258,0.08297923564967258,-0.07993086237358644,-0.07993086237358644,-0.07993086237358644,0.2260040275444184,0.2260040275444184,0.2260040275444184,1.327131472154978,1.327131472154978,1.327131472154978,0.19867693668576014,0.19867693668576014,0.19867693668576014,-0.6966417130190029,-0.6966417130190029,-0.6966417130190029,0.0,0.0,0.0,62.45249664978112
659,2018-04-16 19:00:00,56.8900789919547,55.68712211497184,74.41354782353258,56.8900789919547,56.8900789919547,0.0,0.0,0.0,0.0,0.0,0.0,0.0,0.0,0.0,0.0,0.0,0.0,0.0,0.0,0.0,0.0,0.0,0.0,0.0,0.0,0.0,0.0,0.0,0.0,0.0,0.0,0.0,0.0,0.0,0.0,8.340674451154916,8.340674451154916,8.340674451154916,1.8946310649288018,1.8946310649288018,1.8946310649288018,-0.11093550163849288,-0.11093550163849288,-0.11093550163849288,5.798364815504795,5.798364815504795,5.798364815504795,-1.503781194515662,-1.503781194515662,-1.503781194515662,0.0,0.0,0.0,0.2201815864219196,0.2201815864219196,0.2201815864219196,2.16737102053973,2.16737102053973,2.16737102053973,2.3956175537369133,2.3956175537369133,2.3956175537369133,-0.5361249903625077,-0.5361249903625077,-0.5361249903625077,2.539395413955222,2.539395413955222,2.539395413955222,0.7125725136926695,0.7125725136926695,0.7125725136926695,-0.08196296222033074,-0.08196296222033074,-0.08196296222033074,-0.18663627863229568,-0.18663627863229568,-0.18663627863229568,1.3361751089223308,1.3361751089223308,1.3361751089223308,0.18266765452762992,0.18266765452762992,0.18266765452762992,-0.6884965382010126,-0.6884965382010126,-0.6884965382010126,0.0,0.0,0.0,65.23075344310962
660,2018-04-16 20:00:00,56.89013479777089,51.86593522743841,70.74311265738514,56.89013479777089,56.89013479777089,0.0,0.0,0.0,0.0,0.0,0.0,0.0,0.0,0.0,0.0,0.0,0.0,0.0,0.0,0.0,0.0,0.0,0.0,0.0,0.0,0.0,0.0,0.0,0.0,0.0,0.0,0.0,0.0,0.0,0.0,4.175187833167835,4.175187833167835,4.175187833167835,1.4036514164901535,1.4036514164901535,1.4036514164901535,-0.12568942459093355,-0.12568942459093355,-0.12568942459093355,2.1146263692701766,2.1146263692701766,2.1146263692701766,-1.6764240744110779,-1.6764240744110779,-1.6764240744110779,0.0,0.0,0.0,0.2516289199947782,0.2516289199947782,0.2516289199947782,1.999571527661579,1.999571527661579,1.999571527661579,1.0802202861981107,1.0802202861981107,1.0802202861981107,-0.7959585057781664,-0.7959585057781664,-0.7959585057781664,0.9695536424184801,0.9695536424184801,0.9695536424184801,0.3213794442029586,0.3213794442029586,0.3213794442029586,-0.08208611978680008,-0.08208611978680008,-0.08208611978680008,-0.013833269187411196,-0.013833269187411196,-0.013833269187411196,1.3372755140486856,1.3372755140486856,1.3372755140486856,0.1862639425486592,0.1862639425486592,0.1862639425486592,-0.6803654666411806,-0.6803654666411806,-0.6803654666411806,0.0,0.0,0.0,61.065322630938724
661,2018-04-16 21:00:00,56.89019060358708,45.696233827567404,65.28066448948906,56.89019060358708,56.89019060358708,0.0,0.0,0.0,0.0,0.0,0.0,0.0,0.0,0.0,0.0,0.0,0.0,0.0,0.0,0.0,0.0,0.0,0.0,0.0,0.0,0.0,0.0,0.0,0.0,0.0,0.0,0.0,0.0,0.0,0.0,-1.5158585639460154,-1.5158585639460154,-1.5158585639460154,0.4975434312452752,0.4975434312452752,0.4975434312452752,-0.14044334754337426,-0.14044334754337426,-0.14044334754337426,-2.671978928736542,-2.671978928736542,-2.671978928736542,-1.991558119966654,-1.991558119966654,-1.991558119966654,0.0,0.0,0.0,0.2830762535676368,0.2830762535676368,0.2830762535676368,1.250774581181609,1.250774581181609,1.250774581181609,-0.8235551935559925,-0.8235551935559925,-0.8235551935559925,-1.3166607298979913,-1.3166607298979913,-1.3166607298979913,0.0813536927332178,0.0813536927332178,0.0813536927332178,-0.393821181456901,-0.393821181456901,-0.393821181456901,-0.08633505582999267,-0.08633505582999267,-0.08633505582999267,0.2949355116413714,0.2949355116413714,0.2949355116413714,1.3308256776626717,1.3308256776626717,1.3308256776626717,0.17025466039052897,0.17025466039052897,0.17025466039052897,-0.67224874411742,-0.67224874411742,-0.67224874411742,0.0,0.0,0.0,55.37433203964106
662,2018-04-16 22:00:00,56.89024640940327,39.82449309859224,58.1200375539443,56.89024640940327,56.89024640940327,0.0,0.0,0.0,0.0,0.0,0.0,0.0,0.0,0.0,0.0,0.0,0.0,0.0,0.0,0.0,0.0,0.0,0.0,0.0,0.0,0.0,0.0,0.0,0.0,0.0,0.0,0.0,0.0,0.0,0.0,-7.840490731622169,-7.840490731622169,-7.840490731622169,-0.416431500770821,-0.416431500770821,-0.416431500770821,-0.1551972704958149,-0.1551972704958149,-0.1551972704958149,-8.077185620205553,-8.077185620205553,-8.077185620205553,-2.1150828847368954,-2.1150828847368954,-2.1150828847368954,0.0,0.0,0.0,0.31452358714049544,0.31452358714049544,0.31452358714049544,0.8465303483387905,0.8465303483387905,0.8465303483387905,-3.4780201164813396,-3.4780201164813396,-3.4780201164813396,-2.1872582855337215,-2.1872582855337215,-2.1872582855337215,-1.1834176130797835,-1.1834176130797835,-1.1834176130797835,-0.8088542718019402,-0.8088542718019402,-0.8088542718019402,-0.08744347392821682,-0.08744347392821682,-0.08744347392821682,0.645758821758662,0.645758821758662,0.645758821758662,1.3172730061594422,1.3172730061594422,1.3172730061594422,0.13127553861421207,0.13127553861421207,0.13127553861421207,-0.6641466168052398,-0.6641466168052398,-0.6641466168052398,0.0,0.0,0.0,49.0497556777811
663,2018-04-16 23:00:00,56.89030221521946,35.755269273732864,55.430620240808764,56.89030221521946,56.89030221521946,0.0,0.0,0.0,0.0,0.0,0.0,0.0,0.0,0.0,0.0,0.0,0.0,0.0,0.0,0.0,0.0,0.0,0.0,0.0,0.0,0.0,0.0,0.0,0.0,0.0,0.0,0.0,0.0,0.0,0.0,-11.411611510264102,-11.411611510264102,-11.411611510264102,-1.0987574953656332,-1.0987574953656332,-1.0987574953656332,-0.1699511934482556,-0.1699511934482556,-0.1699511934482556,-10.953908152516334,-10.953908152516334,-10.953908152516334,-2.2711909536000743,-2.2711909536000743,-2.2711909536000743,0.0,0.0,0.0,0.34597092071335406,0.34597092071335406,0.34597092071335406,0.7218413971091764,0.7218413971091764,0.7218413971091764,-4.827232223802629,-4.827232223802629,-4.827232223802629,-2.4677956667195518,-2.4677956667195518,-2.4677956667195518,-1.6489678550436146,-1.6489678550436146,-1.6489678550436146,-1.5370585452010697,-1.5370585452010697,-1.5370585452010697,-0.08744347392821682,-0.08744347392821682,-0.08744347392821682,0.9075719815397496,0.9075719815397496,0.9075719815397496,1.2971134688795816,1.2971134688795816,1.2971134688795816,0.08034745986479797,0.08034745986479797,0.08034745986479797,-0.656059331261717,-0.656059331261717,-0.656059331261717,0.0,0.0,0.0,45.478690704955355
664,2018-04-17 00:00:00,56.89035802103565,31.747481758286426,51.76282576459116,56.89035802103565,56.89035802103565,0.0,0.0,0.0,0.0,0.0,0.0,0.0,0.0,0.0,0.0,0.0,0.0,0.0,0.0,0.0,0.0,0.0,0.0,0.0,0.0,0.0,0.0,0.0,0.0,0.0,0.0,0.0,0.0,0.0,0.0,-15.378438787245155,-15.378438787245155,-15.378438787245155,-1.5668252800032927,-1.5668252800032927,-1.5668252800032927,-0.18470511640069623,-0.18470511640069623,-0.18470511640069623,-14.434511716517507,-14.434511716517507,-14.434511716517507,-2.343166013387459,-2.343166013387459,-2.343166013387459,0.0,0.0,0.0,5.0251411909302664e-05,5.0251411909302664e-05,5.0251411909302664e-05,0.6472269981020933,0.6472269981020933,0.6472269981020933,-6.8865559665561795,-6.8865559665561795,-6.8865559665561795,-3.3011262639689725,-3.3011262639689725,-3.3011262639689725,-1.7872029098246847,-1.7872029098246847,-1.7872029098246847,-1.5771531257304858,-1.5771531257304858,-1.5771531257304858,-0.08744347392821682,-0.08744347392821682,-0.08744347392821682,1.0721538048079333,1.0721538048079333,1.0721538048079333,1.2708853436919187,1.2708853436919187,1.2708853436919187,0.013410098957253693,0.013410098957253693,0.013410098957253693,-0.6479871344162761,-0.6479871344162761,-0.6479871344162761,0.0,0.0,0.0,41.51191923379049
665,2018-04-17 01:00:00,56.89041382685184,30.110617631347406,48.739866698851955,56.89041382685184,56.89041382685184,0.0,0.0,0.0,0.0,0.0,0.0,0.0,0.0,0.0,0.0,0.0,0.0,0.0,0.0,0.0,0.0,0.0,0.0,0.0,0.0,0.0,0.0,0.0,0.0,0.0,0.0,0.0,0.0,0.0,0.0,-17.270815045969847,-17.270815045969847,-17.270815045969847,-1.927157665017952,-1.927157665017952,-1.927157665017952,-0.18470511640069623,-0.18470511640069623,-0.18470511640069623,-15.942889745096874,-15.942889745096874,-15.942889745096874,-2.3592145064481596,-2.3592145064481596,-2.3592145064481596,0.0,0.0,0.0,-0.3458704178895355,-0.3458704178895355,-0.3458704178895355,0.5381241657761809,0.5381241657761809,0.5381241657761809,-7.146930232881339,-7.146930232881339,-7.146930232881339,-3.824934067954324,-3.824934067954324,-3.824934067954324,-1.7840250924733954,-1.7840250924733954,-1.7840250924733954,-1.8025496865445025,-1.8025496865445025,-1.8025496865445025,-0.0875050527114515,-0.0875050527114515,-0.0875050527114515,1.1353936984748625,1.1353936984748625,1.1353936984748625,1.2391626377111327,1.2391626377111327,1.2391626377111327,-0.0806734360445113,-0.0806734360445113,-0.0806734360445113,-0.6399302735661541,-0.6399302735661541,-0.6399302735661541,0.0,0.0,0.0,39.619598780881994
666,2018-04-17 02:00:00,56.89046963266804,30.91625413425014,49.600530154143314,56.89046963266804,56.89046963266804,0.0,0.0,0.0,0.0,0.0,0.0,0.0,0.0,0.0,0.0,0.0,0.0,0.0,0.0,0.0,0.0,0.0,0.0,0.0,0.0,0.0,0.0,0.0,0.0,0.0,0.0,0.0,0.0,0.0,0.0,-17.284789887241267,-17.284789887241267,-17.284789887241267,-2.160485389115385,-2.160485389115385,-2.160485389115385,-0.18470511640069623,-0.18470511640069623,-0.18470511640069623,-15.694963764061615,-15.694963764061615,-15.694963764061615,-2.3533786907897225,-2.3533786907897225,-2.3533786907897225,0.0,0.0,0.0,-0.3144230843166768,-0.3144230843166768,-0.3144230843166768,0.5295020574464736,0.5295020574464736,0.5295020574464736,-6.778348479252216,-6.778348479252216,-6.778348479252216,-3.9212070437856235,-3.9212070437856235,-3.9212070437856235,-1.7665470970413062,-1.7665470970413062,-1.7665470970413062,-1.846978816320342,-1.846978816320342,-1.846978816320342,-0.08744347392821682,-0.08744347392821682,-0.08744347392821682,1.1168960295772856,1.1168960295772856,1.1168960295772856,1.2025482622977102,1.2025482622977102,1.2025482622977102,-0.08833004925057356,-0.08833004925057356,-0.08833004925057356,-0.6318889963619756,-0.6318889963619756,-0.6318889963619756,0.0,0.0,0.0,39.60567974542677
667,2018-04-17 03:00:00,56.890525438484225,32.32371399864584,51.03311540433902,56.890525438484225,56.890525438484225,0.0,0.0,0.0,0.0,0.0,0.0,0.0,0.0,0.0,0.0,0.0,0.0,0.0,0.0,0.0,0.0,0.0,0.0,0.0,0.0,0.0,0.0,0.0,0.0,0.0,0.0,0.0,0.0,0.0,0.0,-14.886576189115372,-14.886576189115372,-14.886576189115372,-2.0953646985038907,-2.0953646985038907,-2.0953646985038907,-0.18470511640069623,-0.18470511640069623,-0.18470511640069623,-13.329014983373932,-13.329014983373932,-13.329014983373932,-2.309123755379912,-2.309123755379912,-2.309123755379912,0.0,0.0,0.0,-0.2829757507438182,-0.2829757507438182,-0.2829757507438182,0.5679699253790141,0.5679699253790141,0.5679699253790141,-5.368269660322445,-5.368269660322445,-5.368269660322445,-2.9274214868173694,-2.9274214868173694,-2.9274214868173694,-1.5568111518562355,-1.5568111518562355,-1.5568111518562355,-1.992186216075526,-1.992186216075526,-1.992186216075526,-0.08744347392821682,-0.08744347392821682,-0.08744347392821682,1.0353165667469468,1.0353165667469468,1.0353165667469468,1.161667043565099,1.161667043565099,1.161667043565099,-0.22336486397567154,-0.22336486397567154,-0.22336486397567154,-0.6238635508026477,-0.6238635508026477,-0.6238635508026477,0.0,0.0,0.0,42.00394924936885
668,2018-04-17 04:00:00,56.890581244300414,38.699385838694006,57.96491868422194,56.890581244300414,56.890581244300414,0.0,0.0,0.0,0.0,0.0,0.0,0.0,0.0,0.0,0.0,0.0,0.0,0.0,0.0,0.0,0.0,0.0,0.0,0.0,0.0,0.0,0.0,0.0,0.0,0.0,0.0,0.0,0.0,0.0,0.0,-8.966747810364655,-8.966747810364655,-8.966747810364655,-1.5942725204454797,-1.5942725204454797,-1.5942725204454797,-0.18470511640069623,-0.18470511640069623,-0.18470511640069623,-7.8737797551794095,-7.8737797551794095,-7.8737797551794095,-1.933199963382288,-1.933199963382288,-1.933199963382288,0.0,0.0,0.0,-0.2515284171709596,-0.2515284171709596,-0.2515284171709596,0.869743716918772,0.869743716918772,0.869743716918772,-2.5920713141801395,-2.5920713141801395,-2.5920713141801395,-2.016451392929803,-2.016451392929803,-2.016451392929803,-0.37148527982545676,-0.37148527982545676,-0.37148527982545676,-1.6681786599053772,-1.6681786599053772,-1.6681786599053772,-0.0875050527114515,-0.0875050527114515,-0.0875050527114515,0.5633888602574865,0.5633888602574865,0.5633888602574865,1.1171586504841302,1.1171586504841302,1.1171586504841302,-0.2017871358494961,-0.2017871358494961,-0.2017871358494961,-0.6158541852238968,-0.6158541852238968,-0.6158541852238968,0.0,0.0,0.0,47.923833433935755
669,2018-04-17 05:00:00,56.8906370501166,42.71064998624656,62.55390298807929,56.8906370501166,56.8906370501166,0.0,0.0,0.0,0.0,0.0,0.0,0.0,0.0,0.0,0.0,0.0,0.0,0.0,0.0,0.0,0.0,0.0,0.0,0.0,0.0,0.0,0.0,0.0,0.0,0.0,0.0,0.0,0.0,0.0,0.0,-4.244854931295768,-4.244854931295768,-4.244854931295768,-0.7488525289597161,-0.7488525289597161,-0.7488525289597161,-0.18470511640069623,-0.18470511640069623,-0.18470511640069623,-3.9578117768753964,-3.9578117768753964,-3.9578117768753964,-1.3710163882862296,-1.3710163882862296,-1.3710163882862296,0.0,0.0,0.0,-0.220081083598101,-0.220081083598101,-0.220081083598101,1.3565612179960953,1.3565612179960953,1.3565612179960953,-1.4254593416842882,-1.4254593416842882,-1.4254593416842882,-1.0464752815972471,-1.0464752815972471,-1.0464752815972471,0.7884180533950097,0.7884180533950097,0.7884180533950097,-1.3983529693155212,-1.3983529693155212,-1.3983529693155212,-0.08707400122880876,-0.08707400122880876,-0.08707400122880876,-0.0685357772093051,-0.0685357772093051,-0.0685357772093051,1.0696705228310748,1.0696705228310748,1.0696705228310748,-0.3010910889463035,-0.3010910889463035,-0.3010910889463035,-0.6078611482917299,-0.6078611482917299,-0.6078611482917299,0.0,0.0,0.0,52.64578211882083
670,2018-04-17 06:00:00,56.89069285593279,49.24305358657601,68.24828159719524,56.89069285593279,56.89069285593279,0.0,0.0,0.0,0.0,0.0,0.0,0.0,0.0,0.0,0.0,0.0,0.0,0.0,0.0,0.0,0.0,0.0,0.0,0.0,0.0,0.0,0.0,0.0,0.0,0.0,0.0,0.0,0.0,0.0,0.0,1.0871729000763966,1.0871729000763966,1.0871729000763966,0.1308790719987553,0.1308790719987553,0.1308790719987553,-0.18470511640069623,-0.18470511640069623,-0.18470511640069623,0.5363276370638997,0.5363276370638997,0.5363276370638997,-0.8988016379244019,-0.8988016379244019,-0.8988016379244019,0.0,0.0,0.0,-0.18863375002524238,-0.18863375002524238,-0.18863375002524238,1.7773864283960432,1.7773864283960432,1.7773864283960432,1.5164317193922119,1.5164317193922119,1.5164317193922119,-0.6003069742500412,-0.6003069742500412,-0.6003069742500412,1.4780044186247117,1.4780044186247117,1.4780044186247117,-1.4124402543663974,-1.4124402543663974,-1.4124402543663974,-0.06983194192309973,-0.06983194192309973,-0.06983194192309973,-0.5069463400552929,-0.5069463400552929,-0.5069463400552929,1.0198508799996462,1.0198508799996462,1.0198508799996462,-0.37382891440389493,-0.37382891440389493,-0.37382891440389493,-0.5998846889859046,-0.5998846889859046,-0.5998846889859046,0.0,0.0,0.0,57.97786575600919
671,2018-04-17 07:00:00,56.89074866174898,51.13931094011151,69.66340095238672,56.89074866174898,56.89074866174898,0.0,0.0,0.0,0.0,0.0,0.0,0.0,0.0,0.0,0.0,0.0,0.0,0.0,0.0,0.0,0.0,0.0,0.0,0.0,0.0,0.0,0.0,0.0,0.0,0.0,0.0,0.0,0.0,0.0,0.0,3.35232788072418,3.35232788072418,3.35232788072418,0.7370964571581782,0.7370964571581782,0.7370964571581782,-0.18470511640069623,-0.18470511640069623,-0.18470511640069623,2.2388145901200427,2.2388145901200427,2.2388145901200427,-0.7305356197728134,-0.7305356197728134,-0.7305356197728134,0.0,0.0,0.0,-0.15718641645238376,-0.15718641645238376,-0.15718641645238376,1.7863401562768935,1.7863401562768935,1.7863401562768935,2.2840285824546993,2.2840285824546993,2.2840285824546993,-0.55682885613268,-0.55682885613268,-0.55682885613268,1.4239815236528008,1.4239815236528008,1.4239815236528008,-0.46209033208806877,-0.46209033208806877,-0.46209033208806877,-0.017736291306564577,-0.017736291306564577,-0.017736291306564577,-0.7257563721428685,-0.7257563721428685,-0.7257563721428685,0.9683418900467365,0.9683418900467365,0.9683418900467365,-0.42069666796827604,-0.42069666796827604,-0.42069666796827604,-0.5919250566007778,-0.5919250566007778,-0.5919250566007778,0.0,0.0,0.0,60.24307654247316
672,2018-04-17 08:00:00,57.017647860794035,50.17958838975936,68.81643732210887,57.017647860794035,57.017647860794035,0.0,0.0,0.0,0.0,0.0,0.0,0.0,0.0,0.0,0.0,0.0,0.0,0.0,0.0,0.0,0.0,0.0,0.0,0.0,0.0,0.0,0.0,0.0,0.0,0.0,0.0,0.0,0.0,0.0,0.0,2.2422868403922758,2.2422868403922758,2.2422868403922758,0.8833883658213069,0.8833883658213069,0.8833883658213069,-0.08688774285403429,-0.08688774285403429,-0.08688774285403429,0.9447340057811433,0.9447340057811433,0.9447340057811433,-0.826995847023071,-0.826995847023071,-0.826995847023071,0.0,0.0,0.0,-0.0718801316433032,-0.0718801316433032,-0.0718801316433032,1.6584567896863076,1.6584567896863076,1.6584567896863076,1.3378097637211444,1.3378097637211444,1.3378097637211444,-0.611425050810591,-0.611425050810591,-0.611425050810591,1.2167454458367624,1.2167454458367624,1.2167454458367624,-0.4948514571660523,-0.4948514571660523,-0.4948514571660523,0.045069862095191246,0.045069862095191246,0.045069862095191246,-0.7915450832539306,-0.7915450832539306,-0.7915450832539306,0.7957708926661007,0.7957708926661007,0.7957708926661007,-0.42976254280728005,-0.42976254280728005,-0.42976254280728005,-0.38160642387627486,-0.38160642387627486,-0.38160642387627486,0.0,0.0,0.0,59.25993470118631
673,2018-04-17 09:00:00,57.01773457519348,48.53911656389895,68.30268776280593,57.01773457519348,57.01773457519348,0.0,0.0,0.0,0.0,0.0,0.0,0.0,0.0,0.0,0.0,0.0,0.0,0.0,0.0,0.0,0.0,0.0,0.0,0.0,0.0,0.0,0.0,0.0,0.0,0.0,0.0,0.0,0.0,0.0,0.0,1.186643746105806,1.186643746105806,1.186643746105806,0.9225993495268736,0.9225993495268736,0.9225993495268736,-0.08688774285403429,-0.08688774285403429,-0.08688774285403429,-0.10426580332738085,-0.10426580332738085,-0.10426580332738085,-0.9716654294403037,-0.9716654294403037,-0.9716654294403037,0.0,0.0,0.0,-0.05390292315697727,-0.05390292315697727,-0.05390292315697727,1.5929829252103094,1.5929829252103094,1.5929829252103094,1.3720542182217312,1.3720542182217312,1.3720542182217312,-0.742061966264194,-0.742061966264194,-0.742061966264194,0.8155417241460365,0.8155417241460365,0.8155417241460365,-0.8779605062881608,-0.8779605062881608,-0.8779605062881608,0.09933495876252675,0.09933495876252675,0.09933495876252675,-0.8137813333687868,-0.8137813333687868,-0.8137813333687868,0.7417825369528236,0.7417825369528236,0.7417825369528236,-0.4379197282955283,-0.4379197282955283,-0.4379197282955283,-0.37347233704651067,-0.37347233704651067,-0.37347233704651067,0.0,0.0,0.0,58.20437832129929
674,2018-04-17 10:00:00,57.01782128959292,46.01206048591654,65.3523576275104,57.01782128959292,57.01782128959292,0.0,0.0,0.0,0.0,0.0,0.0,0.0,0.0,0.0,0.0,0.0,0.0,0.0,0.0,0.0,0.0,0.0,0.0,0.0,0.0,0.0,0.0,0.0,0.0,0.0,0.0,0.0,0.0,0.0,0.0,-1.3379702641464049,-1.3379702641464049,-1.3379702641464049,0.9174148880897987,0.9174148880897987,0.9174148880897987,-0.08688774285403429,-0.08688774285403429,-0.08688774285403429,-2.5783236125869333,-2.5783236125869333,-2.5783236125869333,-1.1482113605257398,-1.1482113605257398,-1.1482113605257398,0.0,0.0,0.0,-0.03592571467065134,-0.03592571467065134,-0.03592571467065134,1.3418938332877917,1.3418938332877917,1.3418938332877917,0.5536117556576655,0.5536117556576655,0.5536117556576655,-1.0865641545974853,-1.0865641545974853,-1.0865641545974853,0.17976324582162118,0.17976324582162118,0.17976324582162118,-1.2455680331914556,-1.2455680331914556,-1.2455680331914556,0.14061407275918197,0.14061407275918197,0.14061407275918197,-0.7705615796244183,-0.7705615796244183,-0.7705615796244183,0.6882957467457033,0.6882957467457033,0.6882957467457033,-0.4204879346494087,-0.4204879346494087,-0.4204879346494087,-0.36535728639497306,-0.36535728639497306,-0.36535728639497306,0.0,0.0,0.0,55.67985102544652
675,2018-04-17 11:00:00,57.01790800399237,46.428348480301025,64.03963555795097,57.01790800399237,57.01790800399237,0.0,0.0,0.0,0.0,0.0,0.0,0.0,0.0,0.0,0.0,0.0,0.0,0.0,0.0,0.0,0.0,0.0,0.0,0.0,0.0,0.0,0.0,0.0,0.0,0.0,0.0,0.0,0.0,0.0,0.0,-2.0565482982586607,-2.0565482982586607,-2.0565482982586607,0.863406891917717,0.863406891917717,0.863406891917717,-0.08688774285403429,-0.08688774285403429,-0.08688774285403429,-3.1985350921941373,-3.1985350921941373,-3.1985350921941373,-1.3193628326057876,-1.3193628326057876,-1.3193628326057876,0.0,0.0,0.0,-0.017948506184325412,-0.017948506184325412,-0.017948506184325412,1.0844480554938178,1.0844480554938178,1.0844480554938178,0.6871651282099589,0.6871651282099589,0.6871651282099589,-1.2593420105199926,-1.2593420105199926,-1.2593420105199926,-0.11790403156181954,-0.11790403156181954,-0.11790403156181954,-1.2278520077985262,-1.2278520077985262,-1.2278520077985262,0.16853079879035457,0.16853079879035457,0.16853079879035457,-0.7187291937933098,-0.7187291937933098,-0.7187291937933098,0.6358414311069617,0.6358414311069617,0.6358414311069617,-0.39065274937047323,-0.39065274937047323,-0.39065274937047323,-0.35726152908920206,-0.35726152908920206,-0.35726152908920206,0.0,0.0,0.0,54.961359705733706
676,2018-04-17 12:00:00,57.01799471839181,44.08339523947532,63.37865812970261,57.01799471839181,57.01799471839181,0.0,0.0,0.0,0.0,0.0,0.0,0.0,0.0,0.0,0.0,0.0,0.0,0.0,0.0,0.0,0.0,0.0,0.0,0.0,0.0,0.0,0.0,0.0,0.0,0.0,0.0,0.0,0.0,0.0,0.0,-3.3119049413917505,-3.3119049413917505,-3.3119049413917505,0.6381274560038728,0.6381274560038728,0.6381274560038728,-0.08688774285403429,-0.08688774285403429,-0.08688774285403429,-4.185761129643809,-4.185761129643809,-4.185761129643809,-1.72688969019467,-1.72688969019467,-1.72688969019467,0.0,0.0,0.0,2.870230200051904e-05,2.870230200051904e-05,2.870230200051904e-05,1.0450366030907896,1.0450366030907896,1.0450366030907896,0.6768917918597843,0.6768917918597843,0.6768917918597843,-1.4753143304231258,-1.4753143304231258,-1.4753143304231258,-0.651763822521253,-0.651763822521253,-0.651763822521253,-1.24888978795263,-1.24888978795263,-1.24888978795263,0.18722559509887016,0.18722559509887016,0.18722559509887016,-0.5516441313105519,-0.5516441313105519,-0.5516441313105519,0.584914054752945,0.584914054752945,0.584914054752945,-0.35355431673898796,-0.35355431673898796,-0.35355431673898796,-0.34918532250475925,-0.34918532250475925,-0.34918532250475925,0.0,0.0,0.0,53.70608977700006
677,2018-04-17 13:00:00,57.018081432791256,43.14422549360614,61.81582001385296,57.018081432791256,57.018081432791256,0.0,0.0,0.0,0.0,0.0,0.0,0.0,0.0,0.0,0.0,0.0,0.0,0.0,0.0,0.0,0.0,0.0,0.0,0.0,0.0,0.0,0.0,0.0,0.0,0.0,0.0,0.0,0.0,0.0,0.0,-4.874286954688562,-4.874286954688562,-4.874286954688562,0.20869852177591935,0.20869852177591935,0.20869852177591935,-0.08688774285403429,-0.08688774285403429,-0.08688774285403429,-5.277824067432974,-5.277824067432974,-5.277824067432974,-1.828403600568796,-1.828403600568796,-1.828403600568796,0.0,0.0,0.0,0.018005910788326453,0.018005910788326453,0.018005910788326453,1.0749130266866336,1.0749130266866336,1.0749130266866336,0.39951171040501576,0.39951171040501576,0.39951171040501576,-1.8714391708308242,-1.8714391708308242,-1.8714391708308242,-1.0416432456158686,-1.0416432456158686,-1.0416432456158686,-1.3396844180913958,-1.3396844180913958,-1.3396844180913958,0.18822934255167637,0.18822934255167637,0.18822934255167637,-0.470059016452523,-0.470059016452523,-0.470059016452523,0.5359675151879929,0.5359675151879929,0.5359675151879929,-0.3203668634511834,-0.3203668634511834,-0.3203668634511834,-0.3411289242194999,-0.3411289242194999,-0.3411289242194999,0.0,0.0,0.0,52.14379447810269
678,2018-04-17 14:00:00,57.0181681471907,41.433687647499916,60.505232991272536,57.0181681471907,57.0181681471907,0.0,0.0,0.0,0.0,0.0,0.0,0.0,0.0,0.0,0.0,0.0,0.0,0.0,0.0,0.0,0.0,0.0,0.0,0.0,0.0,0.0,0.0,0.0,0.0,0.0,0.0,0.0,0.0,0.0,0.0,-5.85105844180578,-5.85105844180578,-5.85105844180578,-0.22118671054306635,-0.22118671054306635,-0.22118671054306635,-0.08688774285403429,-0.08688774285403429,-0.08688774285403429,-5.786190744101381,-5.786190744101381,-5.786190744101381,-1.9068684588289897,-1.9068684588289897,-1.9068684588289897,0.0,0.0,0.0,0.035983119274652385,0.035983119274652385,0.035983119274652385,1.0288270541185764,1.0288270541185764,1.0288270541185764,0.26938278330277815,0.26938278330277815,0.26938278330277815,-2.1316594782263074,-2.1316594782263074,-2.1316594782263074,-1.27783575919186,-1.27783575919186,-1.27783575919186,-1.2256375046244095,-1.2256375046244095,-1.2256375046244095,0.18415161852465117,0.18415161852465117,0.18415161852465117,-0.3814272026144341,-0.3814272026144341,-0.3814272026144341,0.4894116048391168,0.4894116048391168,0.4894116048391168,-0.294219172982004,-0.294219172982004,-0.294219172982004,-0.3330925920004494,-0.3330925920004494,-0.3330925920004494,0.0,0.0,0.0,51.16710970538492
679,2018-04-17 15:00:00,57.018254861590144,41.88107133361959,60.56043914882118,57.018254861590144,57.018254861590144,0.0,0.0,0.0,0.0,0.0,0.0,0.0,0.0,0.0,0.0,0.0,0.0,0.0,0.0,0.0,0.0,0.0,0.0,0.0,0.0,0.0,0.0,0.0,0.0,0.0,0.0,0.0,0.0,0.0,0.0,-5.689215621813921,-5.689215621813921,-5.689215621813921,-0.3091504569362544,-0.3091504569362544,-0.3091504569362544,-0.08688774285403429,-0.08688774285403429,-0.08688774285403429,-5.500597670089935,-5.500597670089935,-5.500597670089935,-1.7376786082054465,-1.7376786082054465,-1.7376786082054465,0.0,0.0,0.0,0.05396032776097831,0.05396032776097831,0.05396032776097831,0.8896156335336868,0.8896156335336868,0.8896156335336868,0.2865050105530739,0.2865050105530739,0.2865050105530739,-2.1453552838787013,-2.1453552838787013,-2.1453552838787013,-1.2082722106729038,-1.2082722106729038,-1.2082722106729038,-1.1569879062268065,-1.1569879062268065,-1.1569879062268065,0.16451580897912974,0.16451580897912974,0.16451580897912974,-0.31049043288182926,-0.31049043288182926,-0.31049043288182926,0.4456090890035097,0.4456090890035097,0.4456090890035097,-0.24952226619708198,-0.24952226619708198,-0.24952226619708198,-0.3250765837912419,-0.3250765837912419,-0.3250765837912419,0.0,0.0,0.0,51.32903923977622
680,2018-04-17 16:00:00,57.01834157598959,42.74931860573232,61.311485853701114,57.01834157598959,57.01834157598959,0.0,0.0,0.0,0.0,0.0,0.0,0.0,0.0,0.0,0.0,0.0,0.0,0.0,0.0,0.0,0.0,0.0,0.0,0.0,0.0,0.0,0.0,0.0,0.0,0.0,0.0,0.0,0.0,0.0,0.0,-4.933788549374089,-4.933788549374089,-4.933788549374089,0.1397329141875428,0.1397329141875428,0.1397329141875428,-0.08688774285403429,-0.08688774285403429,-0.08688774285403429,-5.161313728260917,-5.161313728260917,-5.161313728260917,-1.6268469959129224,-1.6268469959129224,-1.6268469959129224,0.0,0.0,0.0,0.07193753624730426,0.07193753624730426,0.07193753624730426,0.9064608510930455,0.9064608510930455,0.9064608510930455,0.13240496530042417,0.13240496530042417,0.13240496530042417,-2.086357967222235,-2.086357967222235,-2.086357967222235,-1.0432610025581697,-1.0432610025581697,-1.0432610025581697,-1.1902054538385498,-1.1902054538385498,-1.1902054538385498,0.1332741695105366,0.1332741695105366,0.1332741695105366,-0.21293280033566422,-0.21293280033566422,-0.21293280033566422,0.4048734224077184,0.4048734224077184,0.4048734224077184,-0.1588992876906526,-0.1588992876906526,-0.1588992876906526,-0.317081157708433,-0.317081157708433,-0.317081157708433,0.0,0.0,0.0,52.084553026615495
681,2018-04-17 17:00:00,57.01842829038903,46.394939147415016,65.0226001772235,57.01842829038903,57.01842829038903,0.0,0.0,0.0,0.0,0.0,0.0,0.0,0.0,0.0,0.0,0.0,0.0,0.0,0.0,0.0,0.0,0.0,0.0,0.0,0.0,0.0,0.0,0.0,0.0,0.0,0.0,0.0,0.0,0.0,0.0,-1.5403067270567739,-1.5403067270567739,-1.5403067270567739,0.9571656348123545,0.9571656348123545,0.9571656348123545,-0.08688774285403429,-0.08688774285403429,-0.08688774285403429,-2.555832908663472,-2.555832908663472,-2.555832908663472,-1.2085312203132639,-1.2085312203132639,-1.2085312203132639,0.0,0.0,0.0,0.08991474473363018,0.08991474473363018,0.08991474473363018,1.1654958003548836,1.1654958003548836,1.1654958003548836,0.44060505580572124,0.44060505580572124,0.44060505580572124,-1.9862732336085884,-1.9862732336085884,-1.9862732336085884,0.07784455845663929,0.07784455845663929,0.07784455845663929,-0.8536009713728823,-0.8536009713728823,-0.8536009713728823,0.07336299342116617,0.07336299342116617,0.07336299342116617,-0.2206058725583963,-0.2206058725583963,-0.2206058725583963,0.3674671188207899,0.3674671188207899,0.3674671188207899,-0.04715702072834757,-0.04715702072834757,-0.04715702072834757,-0.30910657202644587,-0.30910657202644587,-0.30910657202644587,0.0,0.0,0.0,55.47812156333226
682,2018-04-17 18:00:00,57.018515004788476,53.235129989045994,71.35721888668608,57.018515004788476,57.018515004788476,0.0,0.0,0.0,0.0,0.0,0.0,0.0,0.0,0.0,0.0,0.0,0.0,0.0,0.0,0.0,0.0,0.0,0.0,0.0,0.0,0.0,0.0,0.0,0.0,0.0,0.0,0.0,0.0,0.0,0.0,5.026732285599097,5.026732285599097,5.026732285599097,1.6824058879891222,1.6824058879891222,1.6824058879891222,-0.08688774285403429,-0.08688774285403429,-0.08688774285403429,3.3118787028108847,3.3118787028108847,3.3118787028108847,-0.7171450454587995,-0.7171450454587995,-0.7171450454587995,0.0,0.0,0.0,0.10789195321995611,0.10789195321995611,0.10789195321995611,1.5996574453753383,1.5996574453753383,1.5996574453753383,2.930176897998512,2.930176897998512,2.930176897998512,-1.0496908316871945,-1.0496908316871945,-1.0496908316871945,0.7055342520695475,0.7055342520695475,0.7055342520695475,0.1838937657005729,0.1838937657005729,0.1838937657005729,-0.01609599831018693,-0.01609599831018693,-0.01609599831018693,-0.41227608481603045,-0.41227608481603045,-0.41227608481603045,0.3336007799670453,0.3336007799670453,0.3336007799670453,0.06682009157320358,0.06682009157320358,0.06682009157320358,-0.3011530851679553,-0.3011530851679553,-0.3011530851679553,0.0,0.0,0.0,62.04524729038757
683,2018-04-17 19:00:00,57.01860171918792,55.3041348575681,75.43034081053086,57.01860171918792,57.01860171918792,0.0,0.0,0.0,0.0,0.0,0.0,0.0,0.0,0.0,0.0,0.0,0.0,0.0,0.0,0.0,0.0,0.0,0.0,0.0,0.0,0.0,0.0,0.0,0.0,0.0,0.0,0.0,0.0,0.0,0.0,8.836127921090442,8.836127921090442,8.836127921090442,1.880126407610197,1.880126407610197,1.880126407610197,-0.08688774285403429,-0.08688774285403429,-0.08688774285403429,6.945789687517635,6.945789687517635,6.945789687517635,-0.641622619383363,-0.641622619383363,-0.641622619383363,0.0,0.0,0.0,0.12586916170628204,0.12586916170628204,0.12586916170628204,2.1701700023385277,2.1701700023385277,2.1701700023385277,4.525968477725945,4.525968477725945,4.525968477725945,-0.513447364220389,-0.513447364220389,-0.513447364220389,1.0048192863952903,1.0048192863952903,1.0048192863952903,1.0397992424964968,1.0397992424964968,1.0397992424964968,-0.04639662454177426,-0.04639662454177426,-0.04639662454177426,-0.73517149141345,-0.73517149141345,-0.73517149141345,0.30343278165872456,0.30343278165872456,0.30343278165872456,0.10268935926810349,0.10268935926810349,0.10268935926810349,-0.293220955696114,-0.293220955696114,-0.293220955696114,0.0,0.0,0.0,65.85472964027836
684,2018-04-17 20:00:00,57.018688433587364,52.04041164749956,71.39603411316037,57.018688433587364,57.018688433587364,0.0,0.0,0.0,0.0,0.0,0.0,0.0,0.0,0.0,0.0,0.0,0.0,0.0,0.0,0.0,0.0,0.0,0.0,0.0,0.0,0.0,0.0,0.0,0.0,0.0,0.0,0.0,0.0,0.0,0.0,4.960299119687381,4.960299119687381,4.960299119687381,1.4388124832829792,1.4388124832829792,1.4388124832829792,-0.08688774285403429,-0.08688774285403429,-0.08688774285403429,3.529727472000842,3.529727472000842,3.529727472000842,-0.8471024669522457,-0.8471024669522457,-0.8471024669522457,0.0,0.0,0.0,0.143846370192608,0.143846370192608,0.143846370192608,1.6718058300163656,1.6718058300163656,1.6718058300163656,2.960996907049043,2.960996907049043,2.960996907049043,-0.8000057594089376,-0.8000057594089376,-0.8000057594089376,0.4111024885707087,0.4111024885707087,0.4111024885707087,0.40866583787337074,0.40866583787337074,0.40866583787337074,-0.04921966425279172,-0.04921966425279172,-0.04921966425279172,-0.38001786281842204,-0.38001786281842204,-0.38001786281842204,0.27706960670562136,0.27706960670562136,0.27706960670562136,0.09654353458517671,0.09654353458517671,0.09654353458517671,-0.2853104423020608,-0.2853104423020608,-0.2853104423020608,0.0,0.0,0.0,61.97898755327475
685,2018-04-17 21:00:00,57.01877514798681,46.54722310941273,66.5084931509223,57.01877514798681,57.01877514798681,0.0,0.0,0.0,0.0,0.0,0.0,0.0,0.0,0.0,0.0,0.0,0.0,0.0,0.0,0.0,0.0,0.0,0.0,0.0,0.0,0.0,0.0,0.0,0.0,0.0,0.0,0.0,0.0,0.0,0.0,-0.7749064547611277,-0.7749064547611277,-0.7749064547611277,0.6022456744967771,0.6022456744967771,0.6022456744967771,-0.08688774285403429,-0.08688774285403429,-0.08688774285403429,-1.3542971318070207,-1.3542971318070207,-1.3542971318070207,-1.2384459475249627,-1.2384459475249627,-1.2384459475249627,0.0,0.0,0.0,0.1618235786789339,0.1618235786789339,0.1618235786789339,1.112099639034652,1.112099639034652,1.112099639034652,0.9439985369643734,0.9439985369643734,0.9439985369643734,-1.5595962113609338,-1.5595962113609338,-1.5595962113609338,-0.6372040100405407,-0.6372040100405407,-0.6372040100405407,-0.08295386678043289,-0.08295386678043289,-0.08295386678043289,-0.05197996974800879,-0.05197996974800879,-0.05197996974800879,0.026968151607714434,0.026968151607714434,0.026968151607714434,0.25456680634212375,0.25456680634212375,0.25456680634212375,0.05788071021621916,0.05788071021621916,0.05788071021621916,-0.2774218037930082,-0.2774218037930082,-0.2774218037930082,0.0,0.0,0.0,56.24386869322568
686,2018-04-17 22:00:00,57.01886186238625,38.519820877724015,57.726839284488015,57.01886186238625,57.01886186238625,0.0,0.0,0.0,0.0,0.0,0.0,0.0,0.0,0.0,0.0,0.0,0.0,0.0,0.0,0.0,0.0,0.0,0.0,0.0,0.0,0.0,0.0,0.0,0.0,0.0,0.0,0.0,0.0,0.0,0.0,-8.875310187612934,-8.875310187612934,-8.875310187612934,-0.26744725744812786,-0.26744725744812786,-0.26744725744812786,-0.08688774285403429,-0.08688774285403429,-0.08688774285403429,-8.574238195157585,-8.574238195157585,-8.574238195157585,-1.690109287885204,-1.690109287885204,-1.690109287885204,0.0,0.0,0.0,0.17980078716525985,0.17980078716525985,0.17980078716525985,0.7974436883975726,0.7974436883975726,0.7974436883975726,-3.555722784412968,-3.555722784412968,-3.555722784412968,-2.2401723999337357,-2.2401723999337357,-2.2401723999337357,-1.3473993077108164,-1.3473993077108164,-1.3473993077108164,-0.9521463626210549,-0.9521463626210549,-0.9521463626210549,-0.054991212106427406,-0.054991212106427406,-0.054991212106427406,0.35393498428250203,0.35393498428250203,0.35393498428250203,0.23593056407786694,0.23593056407786694,0.23593056407786694,0.022011442521319247,0.022011442521319247,0.022011442521319247,-0.2695552990850896,-0.2695552990850896,-0.2695552990850896,0.0,0.0,0.0,48.14355167477332
687,2018-04-17 23:00:00,57.0189485767857,36.069067997150725,54.82581301706045,57.0189485767857,57.0189485767857,0.0,0.0,0.0,0.0,0.0,0.0,0.0,0.0,0.0,0.0,0.0,0.0,0.0,0.0,0.0,0.0,0.0,0.0,0.0,0.0,0.0,0.0,0.0,0.0,0.0,0.0,0.0,0.0,0.0,0.0,-11.89925319626962,-11.89925319626962,-11.89925319626962,-0.9605737236813159,-0.9605737236813159,-0.9605737236813159,-0.08688774285403429,-0.08688774285403429,-0.08688774285403429,-10.898088114116005,-10.898088114116005,-10.898088114116005,-1.9304079163070476,-1.9304079163070476,-1.9304079163070476,0.0,0.0,0.0,0.19777799565158577,0.19777799565158577,0.19777799565158577,0.7221169608208173,0.7221169608208173,0.7221169608208173,-4.634423101181511,-4.634423101181511,-4.634423101181511,-2.4034685442507393,-2.4034685442507393,-2.4034685442507393,-2.2436366537457433,-2.2436366537457433,-2.2436366537457433,-1.1016253268739007,-1.1016253268739007,-1.1016253268739007,-0.059131670349253006,-0.059131670349253006,-0.059131670349253006,0.621709545524785,0.621709545524785,0.621709545524785,0.22111982872168076,0.22111982872168076,0.22111982872168076,0.019888339449035453,0.019888339449035453,0.019888339449035453,-0.2617111871939798,-0.2617111871939798,-0.2617111871939798,0.0,0.0,0.0,45.11969538051608
688,2018-04-18 00:00:00,57.01903529118514,33.71898236064756,53.10700722570079,57.01903529118514,57.01903529118514,0.0,0.0,0.0,0.0,0.0,0.0,0.0,0.0,0.0,0.0,0.0,0.0,0.0,0.0,0.0,0.0,0.0,0.0,0.0,0.0,0.0,0.0,0.0,0.0,0.0,0.0,0.0,0.0,0.0,0.0,-13.904998415627379,-13.904998415627379,-13.904998415627379,-1.4855511679854514,-1.4855511679854514,-1.4855511679854514,-0.052169353464905796,-0.052169353464905796,-0.052169353464905796,-12.375606496759657,-12.375606496759657,-12.375606496759657,-1.9789580473555428,-1.9789580473555428,-1.9789580473555428,0.0,0.0,0.0,2.870230200051904e-05,2.870230200051904e-05,2.870230200051904e-05,0.6404335473726059,0.6404335473726059,0.6404335473726059,-5.106996573289633,-5.106996573289633,-5.106996573289633,-2.9439261057644344,-2.9439261057644344,-2.9439261057644344,-2.5526282297252947,-2.5526282297252947,-2.5526282297252947,-1.1437008871821086,-1.1437008871821086,-1.1437008871821086,-0.06709891575590227,-0.06709891575590227,-0.06709891575590227,0.7983467999582909,0.7983467999582909,0.7983467999582909,0.2100489763350893,0.2100489763350893,0.2100489763350893,0.031062566145265952,0.031062566145265952,0.031062566145265952,-0.2538897272173587,-0.2538897272173587,-0.2538897272173587,0.0,0.0,0.0,43.11403687555776
689,2018-04-18 01:00:00,57.019122005584585,30.802261733654138,50.81881499192029,57.019122005584585,57.019122005584585,0.0,0.0,0.0,0.0,0.0,0.0,0.0,0.0,0.0,0.0,0.0,0.0,0.0,0.0,0.0,0.0,0.0,0.0,0.0,0.0,0.0,0.0,0.0,0.0,0.0,0.0,0.0,0.0,0.0,0.0,-16.547859375678684,-16.547859375678684,-16.547859375678684,-1.910372039181705,-1.910372039181705,-1.910372039181705,-0.052169353464905796,-0.052169353464905796,-0.052169353464905796,-14.593987113113444,-14.593987113113444,-14.593987113113444,-1.9985742619205913,-1.9985742619205913,-1.9985742619205913,0.0,0.0,0.0,-0.19772059104758472,-0.19772059104758472,-0.19772059104758472,0.5844947117037919,0.5844947117037919,0.5844947117037919,-5.761065654250878,-5.761065654250878,-5.761065654250878,-3.5022935669774142,-3.5022935669774142,-3.5022935669774142,-2.7532300905706557,-2.7532300905706557,-2.7532300905706557,-1.7172572092782132,-1.7172572092782132,-1.7172572092782132,-0.0721176530199333,-0.0721176530199333,-0.0721176530199333,0.8515885255854115,0.8515885255854115,0.8515885255854115,0.20259095494792362,0.20259095494792362,0.20259095494792362,0.02435803012752765,0.02435803012752765,0.02435803012752765,-0.24609117833145894,-0.24609117833145894,-0.24609117833145894,0.0,0.0,0.0,40.4712626299059
690,2018-04-18 02:00:00,57.01920871998403,29.205915475732443,48.382306449068864,57.01920871998403,57.01920871998403,0.0,0.0,0.0,0.0,0.0,0.0,0.0,0.0,0.0,0.0,0.0,0.0,0.0,0.0,0.0,0.0,0.0,0.0,0.0,0.0,0.0,0.0,0.0,0.0,0.0,0.0,0.0,0.0,0.0,0.0,-18.324639091534532,-18.324639091534532,-18.324639091534532,-2.1806758000804414,-2.1806758000804414,-2.1806758000804414,-0.052169353464905796,-0.052169353464905796,-0.052169353464905796,-16.104228351714372,-16.104228351714372,-16.104228351714372,-2.005439937018358,-2.005439937018358,-2.005439937018358,0.0,0.0,0.0,-0.1797433825612588,-0.1797433825612588,-0.1797433825612588,0.5590679682179672,0.5590679682179672,0.5590679682179672,-7.110297161574068,-7.110297161574068,-7.110297161574068,-3.781477297583904,-3.781477297583904,-3.781477297583904,-2.657782430974879,-2.657782430974879,-2.657782430974879,-1.7039701902335163,-1.7039701902335163,-1.7039701902335163,-0.0746897558677492,-0.0746897558677492,-0.0746897558677492,0.8744511489429397,0.8744511489429397,0.8744511489429397,0.19858086004065054,0.19858086004065054,0.19858086004065054,0.027822040403359106,0.027822040403359106,0.027822040403359106,-0.2383157997803707,-0.2383157997803707,-0.2383157997803707,0.0,0.0,0.0,38.6945696284495
691,2018-04-18 03:00:00,57.01929543438347,30.691263224296815,50.91746188597246,57.01929543438347,57.01929543438347,0.0,0.0,0.0,0.0,0.0,0.0,0.0,0.0,0.0,0.0,0.0,0.0,0.0,0.0,0.0,0.0,0.0,0.0,0.0,0.0,0.0,0.0,0.0,0.0,0.0,0.0,0.0,0.0,0.0,0.0,-16.608341417036723,-16.608341417036723,-16.608341417036723,-2.1201657350766454,-2.1201657350766454,-2.1201657350766454,-0.052169353464905796,-0.052169353464905796,-0.052169353464905796,-14.455431715227519,-14.455431715227519,-14.455431715227519,-1.9343311592200572,-1.9343311592200572,-1.9343311592200572,0.0,0.0,0.0,-0.16176617407493285,-0.16176617407493285,-0.16176617407493285,0.610557123776762,0.610557123776762,0.610557123776762,-6.582932562265003,-6.582932562265003,-6.582932562265003,-3.0218868456319075,-3.0218868456319075,-3.0218868456319075,-2.4215899173988875,-2.4215899173988875,-2.4215899173988875,-1.6840396616664701,-1.6840396616664701,-1.6840396616664701,-0.07606990861535773,-0.07606990861535773,-0.07606990861535773,0.8078989919090391,0.8078989919090391,0.8078989919090391,0.19781988412510293,0.19781988412510293,0.19781988412510293,0.0608977514242014,0.0608977514242014,0.0608977514242014,-0.23056385085766068,-0.23056385085766068,-0.23056385085766068,0.0,0.0,0.0,40.410954017346754
692,2018-04-18 04:00:00,57.01938214878292,36.93935493600211,54.91310687406792,57.01938214878292,57.01938214878292,0.0,0.0,0.0,0.0,0.0,0.0,0.0,0.0,0.0,0.0,0.0,0.0,0.0,0.0,0.0,0.0,0.0,0.0,0.0,0.0,0.0,0.0,0.0,0.0,0.0,0.0,0.0,0.0,0.0,0.0,-11.435949656384453,-11.435949656384453,-11.435949656384453,-1.6145100512402408,-1.6145100512402408,-1.6145100512402408,-0.052169353464905796,-0.052169353464905796,-0.052169353464905796,-9.798683593952738,-9.798683593952738,-9.798683593952738,-1.2727743230137976,-1.2727743230137976,-1.2727743230137976,0.0,0.0,0.0,-0.14378896558860693,-0.14378896558860693,-0.14378896558860693,0.7777379621960586,0.7777379621960586,0.7777379621960586,-4.435805265078096,-4.435805265078096,-4.435805265078096,-2.078983302640177,-2.078983302640177,-2.078983302640177,-1.4024030437490618,-1.4024030437490618,-1.4024030437490618,-1.623140824378274,-1.623140824378274,-1.623140824378274,-0.0793320878369779,-0.0793320878369779,-0.0793320878369779,0.4161025286176987,0.4161025286176987,0.4161025286176987,0.20007957971495707,0.20007957971495707,0.20007957971495707,0.09587308098340287,0.09587308098340287,0.09587308098340287,-0.22283559090643293,-0.22283559090643293,-0.22283559090643293,0.0,0.0,0.0,45.583432492398465
693,2018-04-18 05:00:00,57.01946886318236,42.090337111540244,61.31283990470531,57.01946886318236,57.01946886318236,0.0,0.0,0.0,0.0,0.0,0.0,0.0,0.0,0.0,0.0,0.0,0.0,0.0,0.0,0.0,0.0,0.0,0.0,0.0,0.0,0.0,0.0,0.0,0.0,0.0,0.0,0.0,0.0,0.0,0.0,-5.206350271145349,-5.206350271145349,-5.206350271145349,-0.7803371414900112,-0.7803371414900112,-0.7803371414900112,-0.052169353464905796,-0.052169353464905796,-0.052169353464905796,-4.415988221936968,-4.415988221936968,-4.415988221936968,-0.38514061394535415,-0.38514061394535415,-0.38514061394535415,0.0,0.0,0.0,-0.125811757102281,-0.125811757102281,-0.125811757102281,1.3867084686815576,1.3867084686815576,1.3867084686815576,-2.4941446948947235,-2.4941446948947235,-2.4941446948947235,-1.613325910458787,-1.613325910458787,-1.613325910458787,-0.020838615023740632,-0.020838615023740632,-0.020838615023740632,-1.0274394705410066,-1.0274394705410066,-1.0274394705410066,-0.08058677215298567,-0.08058677215298567,-0.08058677215298567,-0.12257846008022723,-0.12257846008022723,-0.12257846008022723,0.20510637158238343,0.20510637158238343,0.20510637158238343,0.11933895704548692,0.11933895704548692,0.11933895704548692,-0.21513127930075443,-0.21513127930075443,-0.21513127930075443,0.0,0.0,0.0,51.813118592037014
694,2018-04-18 06:00:00,57.019555577581805,49.55623304449331,68.25008312504463,57.019555577581805,57.019555577581805,0.0,0.0,0.0,0.0,0.0,0.0,0.0,0.0,0.0,0.0,0.0,0.0,0.0,0.0,0.0,0.0,0.0,0.0,0.0,0.0,0.0,0.0,0.0,0.0,0.0,0.0,0.0,0.0,0.0,0.0,1.521862918479266,1.521862918479266,1.521862918479266,0.06948899196956086,0.06948899196956086,0.06948899196956086,-0.052169353464905796,-0.052169353464905796,-0.052169353464905796,1.4471988498459827,1.4471988498459827,1.4471988498459827,0.19353771572357586,0.19353771572357586,0.19353771572357586,0.0,0.0,0.0,-0.10783454861595508,-0.10783454861595508,-0.10783454861595508,1.778280318363256,1.778280318363256,1.778280318363256,0.14610274710065935,0.14610274710065935,0.14610274710065935,-1.0823500605505951,-1.0823500605505951,-1.0823500605505951,1.3364594595670598,1.3364594595670598,1.3364594595670598,-0.3896625563955316,-0.3896625563955316,-0.3896625563955316,-0.04740037199458047,-0.04740037199458047,-0.04740037199458047,-0.48900680704335125,-0.48900680704335125,-0.48900680704335125,0.21262625210014122,0.21262625210014122,0.21262625210014122,0.16124230715635132,0.16124230715635132,0.16124230715635132,-0.20745117543641858,-0.20745117543641858,-0.20745117543641858,0.0,0.0,0.0,58.54141849606107
695,2018-04-18 07:00:00,57.01964229198125,50.91823798834002,70.33970333907253,57.01964229198125,57.01964229198125,0.0,0.0,0.0,0.0,0.0,0.0,0.0,0.0,0.0,0.0,0.0,0.0,0.0,0.0,0.0,0.0,0.0,0.0,0.0,0.0,0.0,0.0,0.0,0.0,0.0,0.0,0.0,0.0,0.0,0.0,3.4616540763690757,3.4616540763690757,3.4616540763690757,0.6463566161944083,0.6463566161944083,0.6463566161944083,-0.052169353464905796,-0.052169353464905796,-0.052169353464905796,2.792743407161478,2.792743407161478,2.792743407161478,-0.255183192451908,-0.255183192451908,-0.255183192451908,0.0,0.0,0.0,-0.08985734012962913,-0.08985734012962913,-0.08985734012962913,1.7153491282358402,1.7153491282358402,1.7153491282358402,1.550125381624793,1.550125381624793,1.550125381624793,-1.0676007313864788,-1.0676007313864788,-1.0676007313864788,1.2280697444328719,1.2280697444328719,1.2280697444328719,0.12853118634766705,0.12853118634766705,0.12853118634766705,0.038670972083551684,0.038670972083551684,0.038670972083551684,-0.6271221070525288,-0.6271221070525288,-0.6271221070525288,0.22234959173788252,0.22234959173788252,0.22234959173788252,0.22392971892220445,0.22392971892220445,0.22392971892220445,-0.19979553872469255,-0.19979553872469255,-0.19979553872469255,0.0,0.0,0.0,60.48129636835033
696,2018-04-18 08:00:00,57.05534428215391,50.48476332644303,69.3355277590303,57.05534428215391,57.05534428215391,0.0,0.0,0.0,0.0,0.0,0.0,0.0,0.0,0.0,0.0,0.0,0.0,0.0,0.0,0.0,0.0,0.0,0.0,0.0,0.0,0.0,0.0,0.0,0.0,0.0,0.0,0.0,0.0,0.0,0.0,2.924636821482553,2.924636821482553,2.924636821482553,0.8766883358868385,0.8766883358868385,0.8766883358868385,-0.05556586713825159,-0.05556586713825159,-0.05556586713825159,1.7062501204120653,1.7062501204120653,1.7062501204120653,-0.37243718271530446,-0.37243718271530446,-0.37243718271530446,0.0,0.0,0.0,-0.10289438701930645,-0.10289438701930645,-0.10289438701930645,1.2336623584805075,1.2336623584805075,1.2336623584805075,1.7146094990767315,1.7146094990767315,1.7146094990767315,-1.1973268157132082,-1.1973268157132082,-1.1973268157132082,0.6314482946798475,0.6314482946798475,0.6314482946798475,0.12145787700803277,0.12145787700803277,0.12145787700803277,0.2197014306295422,0.2197014306295422,0.2197014306295422,-0.7040106683750245,-0.7040106683750245,-0.7040106683750245,0.2435138415186131,0.2435138415186131,0.2435138415186131,0.21760558149849907,0.21760558149849907,0.21760558149849907,0.09818452366503634,0.09818452366503634,0.09818452366503634,0.0,0.0,0.0,59.97998110363646
697,2018-04-18 09:00:00,57.05543935442138,49.00384017201589,67.73754620792997,57.05543935442138,57.05543935442138,0.0,0.0,0.0,0.0,0.0,0.0,0.0,0.0,0.0,0.0,0.0,0.0,0.0,0.0,0.0,0.0,0.0,0.0,0.0,0.0,0.0,0.0,0.0,0.0,0.0,0.0,0.0,0.0,0.0,0.0,1.2586840137409123,1.2586840137409123,1.2586840137409123,0.8925843985824579,0.8925843985824579,0.8925843985824579,-0.05556586713825159,-0.05556586713825159,-0.05556586713825159,0.0063448602607080445,0.0063448602607080445,0.0063448602607080445,-0.7181482137931797,-0.7181482137931797,-0.7181482137931797,0.0,0.0,0.0,-0.0771605273724586,-0.0771605273724586,-0.0771605273724586,1.1824483951435691,1.1824483951435691,1.1824483951435691,1.1256067925449809,1.1256067925449809,1.1256067925449809,-1.558352223177808,-1.558352223177808,-1.558352223177808,0.2536644448550532,0.2536644448550532,0.2536644448550532,0.0447987505516987,0.0447987505516987,0.0447987505516987,0.28884073717616315,0.28884073717616315,0.28884073717616315,-0.694467700603936,-0.694467700603936,-0.694467700603936,0.2538067321276952,0.2538067321276952,0.2538067321276952,0.2146802720748768,0.2146802720748768,0.2146802720748768,0.10594802277005161,0.10594802277005161,0.10594802277005161,0.0,0.0,0.0,58.31412336816229
698,2018-04-18 10:00:00,57.05553442668885,47.706348820135545,67.28810301030506,57.05553442668885,57.05553442668885,0.0,0.0,0.0,0.0,0.0,0.0,0.0,0.0,0.0,0.0,0.0,0.0,0.0,0.0,0.0,0.0,0.0,0.0,0.0,0.0,0.0,0.0,0.0,0.0,0.0,0.0,0.0,0.0,0.0,0.0,0.10405439653533335,0.10405439653533335,0.10405439653533335,0.8692415839075245,0.8692415839075245,0.8692415839075245,-0.05556586713825159,-0.05556586713825159,-0.05556586713825159,-1.144130454117854,-1.144130454117854,-1.144130454117854,-0.8665976376184682,-0.8665976376184682,-0.8665976376184682,0.0,0.0,0.0,-0.05142666772561076,-0.05142666772561076,-0.05142666772561076,1.1426515573912988,1.1426515573912988,1.1426515573912988,0.508886311588207,0.508886311588207,0.508886311588207,-1.653637521335621,-1.653637521335621,-1.653637521335621,0.07134267385265282,0.07134267385265282,0.07134267385265282,-0.08484536036710148,-0.08484536036710148,-0.08484536036710148,0.31916644016681456,0.31916644016681456,0.31916644016681456,-0.6857618352689081,-0.6857618352689081,-0.6857618352689081,0.26526030375610365,0.26526030375610365,0.26526030375610365,0.21165745233713384,0.21165745233713384,0.21165745233713384,0.11368296298955964,0.11368296298955964,0.11368296298955964,0.0,0.0,0.0,57.15958882322418
699,2018-04-18 11:00:00,57.05562949895633,45.730656952282104,65.18292725895739,57.05562949895633,57.05562949895633,0.0,0.0,0.0,0.0,0.0,0.0,0.0,0.0,0.0,0.0,0.0,0.0,0.0,0.0,0.0,0.0,0.0,0.0,0.0,0.0,0.0,0.0,0.0,0.0,0.0,0.0,0.0,0.0,0.0,0.0,-1.4630275494330716,-1.4630275494330716,-1.4630275494330716,0.8095946194750407,0.8095946194750407,0.8095946194750407,-0.05556586713825159,-0.05556586713825159,-0.05556586713825159,-2.6716127369793528,-2.6716127369793528,-2.6716127369793528,-0.8062114313166558,-0.8062114313166558,-0.8062114313166558,0.0,0.0,0.0,-0.025692808078762917,-0.025692808078762917,-0.025692808078762917,0.9691112485043484,0.9691112485043484,0.9691112485043484,-1.0398443344099824,-1.0398443344099824,-1.0398443344099824,-1.641991540449666,-1.641991540449666,-1.641991540449666,0.09105313558264279,0.09105313558264279,0.09105313558264279,-0.09048206084183243,-0.09048206084183243,-0.09048206084183243,0.3349061392733755,0.3349061392733755,0.3349061392733755,-0.6161149125886843,-0.6161149125886843,-0.6161149125886843,0.2776014892865352,0.2776014892865352,0.2776014892865352,0.2092196944841153,0.2092196944841153,0.2092196944841153,0.12138907878470571,0.12138907878470571,0.12138907878470571,0.0,0.0,0.0,55.59260194952326
700,2018-04-18 12:00:00,57.0557245712238,44.44410733265208,63.200554292914866,57.0557245712238,57.0557245712238,0.0,0.0,0.0,0.0,0.0,0.0,0.0,0.0,0.0,0.0,0.0,0.0,0.0,0.0,0.0,0.0,0.0,0.0,0.0,0.0,0.0,0.0,0.0,0.0,0.0,0.0,0.0,0.0,0.0,0.0,-3.3636926885348752,-3.3636926885348752,-3.3636926885348752,0.5931489439961481,0.5931489439961481,0.5931489439961481,-0.05556586713825159,-0.05556586713825159,-0.05556586713825159,-4.37647332129199,-4.37647332129199,-4.37647332129199,-0.9828410847494568,-0.9828410847494568,-0.9828410847494568,0.0,0.0,0.0,4.1051568084925256e-05,4.1051568084925256e-05,4.1051568084925256e-05,0.8536351783051371,0.8536351783051371,0.8536351783051371,-1.8436597927356648,-1.8436597927356648,-1.8436597927356648,-1.9056141986862796,-1.9056141986862796,-1.9056141986862796,-0.43127410026207197,-0.43127410026207197,-0.43127410026207197,-0.10288280188623933,-0.10288280188623933,-0.10288280188623933,0.33556539368621574,0.33556539368621574,0.33556539368621574,-0.4669432584827242,-0.4669432584827242,-0.4669432584827242,0.2905655839908663,0.2905655839908663,0.2905655839908663,0.22306615908926059,0.22306615908926059,0.22306615908926059,0.12906610477010008,0.12906610477010008,0.12906610477010008,0.0,0.0,0.0,53.69203188268892
701,2018-04-18 13:00:00,57.05581964349127,41.534400411695344,61.08418981232921,57.05581964349127,57.05581964349127,0.0,0.0,0.0,0.0,0.0,0.0,0.0,0.0,0.0,0.0,0.0,0.0,0.0,0.0,0.0,0.0,0.0,0.0,0.0,0.0,0.0,0.0,0.0,0.0,0.0,0.0,0.0,0.0,0.0,0.0,-5.571148165767673,-5.571148165767673,-5.571148165767673,0.17778072567788913,0.17778072567788913,0.17778072567788913,-0.05556586713825159,-0.05556586713825159,-0.05556586713825159,-6.189542647889302,-6.189542647889302,-6.189542647889302,-0.9944151076239709,-0.9944151076239709,-0.9944151076239709,0.0,0.0,0.0,0.025774911214932767,0.025774911214932767,0.025774911214932767,0.9837904099703497,0.9837904099703497,0.9837904099703497,-3.250336844805607,-3.250336844805607,-3.250336844805607,-1.9744313584669217,-1.9744313584669217,-1.9744313584669217,-0.8435512581143477,-0.8435512581143477,-0.8435512581143477,-0.27536583641299117,-0.27536583641299117,-0.27536583641299117,0.32575898429521705,0.32575898429521705,0.32575898429521705,-0.3885904704674725,-0.3885904704674725,-0.3885904704674725,0.30389998071852486,0.30389998071852486,0.30389998071852486,0.2573897896597615,0.2573897896597615,0.2573897896597615,0.1367137757252141,0.1367137757252141,0.1367137757252141,0.0,0.0,0.0,51.484671477723595
702,2018-04-18 14:00:00,57.055914715758746,41.95884205904,60.67946786107082,57.055914715758746,57.055914715758746,0.0,0.0,0.0,0.0,0.0,0.0,0.0,0.0,0.0,0.0,0.0,0.0,0.0,0.0,0.0,0.0,0.0,0.0,0.0,0.0,0.0,0.0,0.0,0.0,0.0,0.0,0.0,0.0,0.0,0.0,-6.0978969032705175,-6.0978969032705175,-6.0978969032705175,-0.24772478509667503,-0.24772478509667503,-0.24772478509667503,-0.05556586713825159,-0.05556586713825159,-0.05556586713825159,-6.311871526216607,-6.311871526216607,-6.311871526216607,-0.9279902806919774,-0.9279902806919774,-0.9279902806919774,0.0,0.0,0.0,0.05150877086178061,0.05150877086178061,0.05150877086178061,0.9710684700331484,0.9710684700331484,0.9710684700331484,-3.2607310102149913,-3.2607310102149913,-3.2607310102149913,-1.9977233202388318,-1.9977233202388318,-1.9977233202388318,-1.083361875829217,-1.083361875829217,-1.083361875829217,-0.3035493387866435,-0.3035493387866435,-0.3035493387866435,0.3101840987918662,0.3101840987918662,0.3101840987918662,-0.31073994391385706,-0.31073994391385706,-0.31073994391385706,0.31736758143441046,0.31736758143441046,0.31736758143441046,0.2950287709103676,0.2950287709103676,0.2950287709103676,0.14433182660835395,0.14433182660835395,0.14433182660835395,0.0,0.0,0.0,50.95801781248823
703,2018-04-18 15:00:00,57.056009788026216,39.571094162807526,59.26699517866311,57.056009788026216,57.056009788026216,0.0,0.0,0.0,0.0,0.0,0.0,0.0,0.0,0.0,0.0,0.0,0.0,0.0,0.0,0.0,0.0,0.0,0.0,0.0,0.0,0.0,0.0,0.0,0.0,0.0,0.0,0.0,0.0,0.0,0.0,-7.155647553068653,-7.155647553068653,-7.155647553068653,-0.34959341169996166,-0.34959341169996166,-0.34959341169996166,-0.05556586713825159,-0.05556586713825159,-0.05556586713825159,-7.288723975185128,-7.288723975185128,-7.288723975185128,-0.8671008560043166,-0.8671008560043166,-0.8671008560043166,0.0,0.0,0.0,0.07724263050862847,0.07724263050862847,0.07724263050862847,1.018041786724353,1.018041786724353,1.018041786724353,-4.078405355753186,-4.078405355753186,-4.078405355753186,-1.9691377307914883,-1.9691377307914883,-1.9691377307914883,-1.323172493544086,-1.323172493544086,-1.323172493544086,-0.4230473888509285,-0.4230473888509285,-0.4230473888509285,0.269722359203796,0.269722359203796,0.269722359203796,-0.24929662510702502,-0.24929662510702502,-0.24929662510702502,0.3307498412518342,0.3307498412518342,0.3307498412518342,0.3119955655673766,0.3119955655673766,0.3119955655673766,0.151919992564601,0.151919992564601,0.151919992564601,0.0,0.0,0.0,49.90036223495756
704,2018-04-18 16:00:00,57.056104860293686,41.425458527303974,60.41559116458174,57.056104860293686,57.056104860293686,0.0,0.0,0.0,0.0,0.0,0.0,0.0,0.0,0.0,0.0,0.0,0.0,0.0,0.0,0.0,0.0,0.0,0.0,0.0,0.0,0.0,0.0,0.0,0.0,0.0,0.0,0.0,0.0,0.0,0.0,-6.284911293107784,-6.284911293107784,-6.284911293107784,0.07168211213025538,0.07168211213025538,0.07168211213025538,-0.05556586713825159,-0.05556586713825159,-0.05556586713825159,-6.859920820990694,-6.859920820990694,-6.859920820990694,-0.8273466035222902,-0.8273466035222902,-0.8273466035222902,0.0,0.0,0.0,0.1029764901554763,0.1029764901554763,0.1029764901554763,1.0474001096563559,1.0474001096563559,1.0474001096563559,-4.272429776728351,-4.272429776728351,-4.272429776728351,-1.6081123233268886,-1.6081123233268886,-1.6081123233268886,-1.3855889556890513,-1.3855889556890513,-1.3855889556890513,-0.28325721707761387,-0.28325721707761387,-0.28325721707761387,0.21426258172361015,0.21426258172361015,0.21426258172361015,-0.1312651816225112,-0.1312651816225112,-0.1312651816225112,0.34384940681305504,0.34384940681305504,0.34384940681305504,0.3390059225788219,0.3390059225788219,0.3390059225788219,0.15947800893959832,0.15947800893959832,0.15947800893959832,0.0,0.0,0.0,50.771193567185904
705,2018-04-18 17:00:00,57.056199932561164,47.87932806059212,67.2475692113334,57.056199932561164,57.056199932561164,0.0,0.0,0.0,0.0,0.0,0.0,0.0,0.0,0.0,0.0,0.0,0.0,0.0,0.0,0.0,0.0,0.0,0.0,0.0,0.0,0.0,0.0,0.0,0.0,0.0,0.0,0.0,0.0,0.0,0.0,0.018820474469114588,0.018820474469114588,0.018820474469114588,0.8609738051099571,0.8609738051099571,0.8609738051099571,-0.05556586713825159,-0.05556586713825159,-0.05556586713825159,-1.365651258902828,-1.365651258902828,-1.365651258902828,-0.14548569069766,-0.14548569069766,-0.14548569069766,0.0,0.0,0.0,0.12871034980232413,0.12871034980232413,0.12871034980232413,1.4714647742297304,1.4714647742297304,1.4714647742297304,-2.120837536985899,-2.120837536985899,-2.120837536985899,-0.8479473891345632,-0.8479473891345632,-0.8479473891345632,-0.22102917514218773,-0.22102917514218773,-0.22102917514218773,0.07974629349502774,0.07974629349502774,0.07974629349502774,0.12237899793400062,0.12237899793400062,0.12237899793400062,-0.14700270742044633,-0.14700270742044633,-0.14700270742044633,0.3564923169736974,0.3564923169736974,0.3564923169736974,0.36991669215509687,0.36991669215509687,0.36991669215509687,0.16700561128828803,0.16700561128828803,0.16700561128828803,0.0,0.0,0.0,57.07502040703028
706,2018-04-18 18:00:00,57.056295004828634,50.533875891379964,69.87653278508664,57.056295004828634,57.056295004828634,0.0,0.0,0.0,0.0,0.0,0.0,0.0,0.0,0.0,0.0,0.0,0.0,0.0,0.0,0.0,0.0,0.0,0.0,0.0,0.0,0.0,0.0,0.0,0.0,0.0,0.0,0.0,0.0,0.0,0.0,3.720242410739597,3.720242410739597,3.720242410739597,1.568310975999831,1.568310975999831,1.568310975999831,-0.05556586713825159,-0.05556586713825159,-0.05556586713825159,1.6088991590297221,1.6088991590297221,1.6088991590297221,0.04925982462568461,0.04925982462568461,0.04925982462568461,0.0,0.0,0.0,0.15444420944917198,0.15444420944917198,0.15444420944917198,1.9023797141539058,1.9023797141539058,1.9023797141539058,-1.3482045748883693,-1.3482045748883693,-1.3482045748883693,-0.24765001074034537,-0.24765001074034537,-0.24765001074034537,0.017138904095182688,0.017138904095182688,0.017138904095182688,1.0977343992313464,1.0977343992313464,1.0977343992313464,-0.002137679291201163,-0.002137679291201163,-0.002137679291201163,-0.3371923808933651,-0.3371923808933651,-0.3371923808933651,0.36852974031765595,0.36852974031765595,0.36852974031765595,0.37869262042596363,0.37869262042596363,0.37869262042596363,0.17450253539238753,0.17450253539238753,0.17450253539238753,0.0,0.0,0.0,60.77653741556823
707,2018-04-18 19:00:00,57.05639007709611,55.17994976262429,73.81227134687259,57.05639007709611,57.05639007709611,0.0,0.0,0.0,0.0,0.0,0.0,0.0,0.0,0.0,0.0,0.0,0.0,0.0,0.0,0.0,0.0,0.0,0.0,0.0,0.0,0.0,0.0,0.0,0.0,0.0,0.0,0.0,0.0,0.0,0.0,7.529883373780401,7.529883373780401,7.529883373780401,1.7604931698418829,1.7604931698418829,1.7604931698418829,-0.05556586713825159,-0.05556586713825159,-0.05556586713825159,5.207582455817125,5.207582455817125,5.207582455817125,0.5026595902751252,0.5026595902751252,0.5026595902751252,0.0,0.0,0.0,0.18017806909601983,0.18017806909601983,0.18017806909601983,2.2833855050936758,2.2833855050936758,2.2833855050936758,0.1554846876691583,0.1554846876691583,0.1554846876691583,0.29759363982935844,0.29759363982935844,0.29759363982935844,0.12554644361012293,0.12554644361012293,0.12554644361012293,2.0954303832586367,2.0954303832586367,2.0954303832586367,-0.049933624222119125,-0.049933624222119125,-0.049933624222119125,-0.7115445902995678,-0.7115445902995678,-0.7115445902995678,0.3798392308570022,0.3798392308570022,0.3798392308570022,0.3843482186449666,0.3843482186449666,0.3843482186449666,0.1819685172643895,0.1819685172643895,0.1819685172643895,0.0,0.0,0.0,64.58627345087652
708,2018-04-18 20:00:00,57.056485149363574,50.268700202005625,69.74858842509184,57.056485149363574,57.056485149363574,0.0,0.0,0.0,0.0,0.0,0.0,0.0,0.0,0.0,0.0,0.0,0.0,0.0,0.0,0.0,0.0,0.0,0.0,0.0,0.0,0.0,0.0,0.0,0.0,0.0,0.0,0.0,0.0,0.0,0.0,3.2643111638174216,3.2643111638174216,3.2643111638174216,1.3235782686151474,1.3235782686151474,1.3235782686151474,-0.05556586713825159,-0.05556586713825159,-0.05556586713825159,1.3610041116668328,1.3610041116668328,1.3610041116668328,0.40000303956204425,0.40000303956204425,0.40000303956204425,0.0,0.0,0.0,0.20591192874286765,0.20591192874286765,0.20591192874286765,2.0739628015120557,2.0739628015120557,2.0739628015120557,-1.6288470409417308,-1.6288470409417308,-1.6288470409417308,-0.2698832469771683,-0.2698832469771683,-0.2698832469771683,-0.4756226391545483,-0.4756226391545483,-0.4756226391545483,1.1236632214151068,1.1236632214151068,1.1236632214151068,-0.057597456771387,-0.057597456771387,-0.057597456771387,-0.33936884722712213,-0.33936884722712213,-0.33936884722712213,0.39032549037282227,0.39032549037282227,0.39032549037282227,0.3843482186449666,0.3843482186449666,0.3843482186449666,0.18940329316261925,0.18940329316261925,0.18940329316261925,0.0,0.0,0.0,60.320796313181
709,2018-04-18 21:00:00,57.05658022163105,46.75803246811245,65.95354768208496,57.05658022163105,57.05658022163105,0.0,0.0,0.0,0.0,0.0,0.0,0.0,0.0,0.0,0.0,0.0,0.0,0.0,0.0,0.0,0.0,0.0,0.0,0.0,0.0,0.0,0.0,0.0,0.0,0.0,0.0,0.0,0.0,0.0,0.0,-0.6259698321576407,-0.6259698321576407,-0.6259698321576407,0.5030681454258686,0.5030681454258686,0.5030681454258686,-0.05556586713825159,-0.05556586713825159,-0.05556586713825159,-1.725765210195019,-1.725765210195019,-1.725765210195019,-0.39759810200772616,-0.39759810200772616,-0.39759810200772616,0.0,0.0,0.0,0.23164578838971553,0.23164578838971553,0.23164578838971553,1.5269193842124027,1.5269193842124027,1.5269193842124027,-2.00303699567955,-2.00303699567955,-2.00303699567955,-0.34399403443324417,-0.34399403443324417,-0.34399403443324417,-1.6418249581789117,-1.6418249581789117,-1.6418249581789117,0.5712665748915229,0.5712665748915229,0.5712665748915229,-0.05784467717620209,-0.05784467717620209,-0.05784467717620209,0.08068915518797751,0.08068915518797751,0.08068915518797751,0.3999206330071268,0.3999206330071268,0.3999206330071268,0.3635785217372487,0.3635785217372487,0.3635785217372487,0.1968065996043825,0.1968065996043825,0.1968065996043825,0.0,0.0,0.0,56.43061038947341
710,2018-04-18 22:00:00,57.05667529389852,41.69121004304996,60.874774639431266,57.05667529389852,57.05667529389852,0.0,0.0,0.0,0.0,0.0,0.0,0.0,0.0,0.0,0.0,0.0,0.0,0.0,0.0,0.0,0.0,0.0,0.0,0.0,0.0,0.0,0.0,0.0,0.0,0.0,0.0,0.0,0.0,0.0,0.0,-5.92551725579159,-5.92551725579159,-5.92551725579159,-0.3307096949068921,-0.3307096949068921,-0.3307096949068921,-0.05556586713825159,-0.05556586713825159,-0.05556586713825159,-6.207569689194261,-6.207569689194261,-6.207569689194261,-1.1358194740473815,-1.1358194740473815,-1.1358194740473815,0.0,0.0,0.0,0.2573796480365633,0.2573796480365633,0.2573796480365633,1.1488494255658324,1.1488494255658324,1.1488494255658324,-4.681266949497448,-4.681266949497448,-4.681266949497448,-0.1301314763457102,-0.1301314763457102,-0.1301314763457102,-2.3628993498010185,-2.3628993498010185,-2.3628993498010185,0.06396353216578242,0.06396353216578242,0.06396353216578242,-0.057350236366571904,-0.057350236366571904,-0.057350236366571904,0.39661161455716565,0.39661161455716565,0.39661161455716565,0.4085839549354577,0.4085839549354577,0.4085839549354577,0.34865944367677526,0.34865944367677526,0.34865944367677526,0.20417817337410654,0.20417817337410654,0.20417817337410654,0.0,0.0,0.0,51.13115803810693
711,2018-04-18 23:00:00,57.05677036616599,39.631216281774144,58.617250617812715,57.05677036616599,57.05677036616599,0.0,0.0,0.0,0.0,0.0,0.0,0.0,0.0,0.0,0.0,0.0,0.0,0.0,0.0,0.0,0.0,0.0,0.0,0.0,0.0,0.0,0.0,0.0,0.0,0.0,0.0,0.0,0.0,0.0,0.0,-7.977678537946824,-7.977678537946824,-7.977678537946824,-0.961838791102148,-0.961838791102148,-0.961838791102148,-0.05556586713825159,-0.05556586713825159,-0.05556586713825159,-7.643658717489294,-7.643658717489294,-7.643658717489294,-1.2545790131076122,-1.2545790131076122,-1.2545790131076122,0.0,0.0,0.0,0.2831135076834112,0.2831135076834112,0.2831135076834112,1.0196728046650199,1.0196728046650199,1.0196728046650199,-5.769189595679622,-5.769189595679622,-5.769189595679622,-0.19047883184565803,-0.19047883184565803,-0.19047883184565803,-2.8145974311132713,-2.8145974311132713,-2.8145974311132713,0.1845889223250141,0.1845889223250141,0.1845889223250141,-0.058751151993857435,-0.058751151993857435,-0.058751151993857435,0.6830680681770283,0.6830680681770283,0.6830680681770283,0.4163012191074052,0.4163012191074052,0.4163012191074052,0.32905987053850627,0.32905987053850627,0.32905987053850627,0.21151775153721278,0.21151775153721278,0.21151775153721278,0.0,0.0,0.0,49.07909182821917
712,2018-04-19 00:00:00,57.05686543843347,37.17148686294273,55.978489802157604,57.05686543843347,57.05686543843347,0.0,0.0,0.0,0.0,0.0,0.0,0.0,0.0,0.0,0.0,0.0,0.0,0.0,0.0,0.0,0.0,0.0,0.0,0.0,0.0,0.0,0.0,0.0,0.0,0.0,0.0,0.0,0.0,0.0,0.0,-10.145729659378695,-10.145729659378695,-10.145729659378695,-1.406189071992164,-1.406189071992164,-1.406189071992164,-0.0185416431656765,-0.0185416431656765,-0.0185416431656765,-9.381449130839167,-9.381449130839167,-9.381449130839167,-1.4206410804375957,-1.4206410804375957,-1.4206410804375957,0.0,0.0,0.0,4.1051568084925256e-05,4.1051568084925256e-05,4.1051568084925256e-05,0.74631419780926,0.74631419780926,0.74631419780926,-6.160703159433079,-6.160703159433079,-6.160703159433079,-0.3058799151701193,-0.3058799151701193,-0.3058799151701193,-3.468327745157914,-3.468327745157914,-3.468327745157914,0.13836797843222395,0.13836797843222395,0.13836797843222395,-0.058174304382622215,-0.058174304382622215,-0.058174304382622215,0.8617057280323136,0.8617057280323136,0.8617057280323136,0.4230834719996519,0.4230834719996519,0.4230834719996519,0.3043897610659588,0.3043897610659588,0.3043897610659588,0.21882507145298152,0.21882507145298152,0.21882507145298152,0.0,0.0,0.0,46.911135779054774
713,2018-04-19 01:00:00,57.05696051070094,36.26384004501356,55.11089855083546,57.05696051070094,57.05696051070094,0.0,0.0,0.0,0.0,0.0,0.0,0.0,0.0,0.0,0.0,0.0,0.0,0.0,0.0,0.0,0.0,0.0,0.0,0.0,0.0,0.0,0.0,0.0,0.0,0.0,0.0,0.0,0.0,0.0,0.0,-11.427794114232984,-11.427794114232984,-11.427794114232984,-1.7552207418796422,-1.7552207418796422,-1.7552207418796422,-0.0185416431656765,-0.0185416431656765,-0.0185416431656765,-10.327638659164657,-10.327638659164657,-10.327638659164657,-1.7442105025381398,-1.7442105025381398,-1.7442105025381398,0.0,0.0,0.0,-0.28303140454724135,-0.28303140454724135,-0.28303140454724135,0.6484531213692505,0.6484531213692505,0.6484531213692505,-6.385910076636395,-6.385910076636395,-6.385910076636395,-0.3132909939157269,-0.3132909939157269,-0.3132909939157269,-3.469970283635413,-3.469970283635413,-3.469970283635413,0.0808736335899736,0.0808736335899736,0.0808736335899736,-0.05833911798583228,-0.05833911798583228,-0.05833911798583228,0.9343662194823549,0.9343662194823549,0.9343662194823549,0.4289654160290032,0.4289654160290032,0.4289654160290032,0.28196238881818825,0.28196238881818825,0.28196238881818825,0.22609987078231122,0.22609987078231122,0.22609987078231122,0.0,0.0,0.0,45.62916639646795
714,2018-04-19 02:00:00,57.05705558296842,34.890110830164616,54.38756609618754,57.05705558296842,57.05705558296842,0.0,0.0,0.0,0.0,0.0,0.0,0.0,0.0,0.0,0.0,0.0,0.0,0.0,0.0,0.0,0.0,0.0,0.0,0.0,0.0,0.0,0.0,0.0,0.0,0.0,0.0,0.0,0.0,0.0,0.0,-12.374517267548779,-12.374517267548779,-12.374517267548779,-1.9820851199075493,-1.9820851199075493,-1.9820851199075493,-0.0185416431656765,-0.0185416431656765,-0.0185416431656765,-11.059777402824762,-11.059777402824762,-11.059777402824762,-1.8166739501003146,-1.8166739501003146,-1.8166739501003146,0.0,0.0,0.0,-0.25729754490039347,-0.25729754490039347,-0.25729754490039347,0.5385225121683065,0.5385225121683065,0.5385225121683065,-6.638834768264734,-6.638834768264734,-6.638834768264734,-0.29952756195959895,-0.29952756195959895,-0.29952756195959895,-3.469970283635413,-3.469970283635413,-3.469970283635413,-0.2347815929949321,-0.2347815929949321,-0.2347815929949321,-0.05858633839064737,-0.05858633839064737,-0.05858633839064737,0.947592437972109,0.947592437972109,0.947592437972109,0.4340033676822249,0.4340033676822249,0.4340033676822249,0.24832133044653254,0.24832133044653254,0.24832133044653254,0.233341887501308,0.233341887501308,0.233341887501308,0.0,0.0,0.0,44.682538315419635
715,2018-04-19 03:00:00,57.05715065523589,35.563938273764414,54.651858599800406,57.05715065523589,57.05715065523589,0.0,0.0,0.0,0.0,0.0,0.0,0.0,0.0,0.0,0.0,0.0,0.0,0.0,0.0,0.0,0.0,0.0,0.0,0.0,0.0,0.0,0.0,0.0,0.0,0.0,0.0,0.0,0.0,0.0,0.0,-11.533436395686943,-11.533436395686943,-11.533436395686943,-1.9242970203049867,-1.9242970203049867,-1.9242970203049867,-0.0185416431656765,-0.0185416431656765,-0.0185416431656765,-10.28796307259736,-10.28796307259736,-10.28796307259736,-1.8061063639974975,-1.8061063639974975,-1.8061063639974975,0.0,0.0,0.0,-0.23156368525354565,-0.23156368525354565,-0.23156368525354565,0.5985439723848457,0.5985439723848457,0.5985439723848457,-5.82116042272654,-5.82116042272654,-5.82116042272654,-0.2105946170123071,-0.2105946170123071,-0.2105946170123071,-3.4436896679954274,-3.4436896679954274,-3.4436896679954274,-0.38584516571770766,-0.38584516571770766,-0.38584516571770766,-0.06526128932065486,-0.06526128932065486,-0.06526128932065486,0.8742622645732194,0.8742622645732194,0.8742622645732194,0.4382728373010086,0.4382728373010086,0.4382728373010086,0.22199354563393242,0.22199354563393242,0.22199354563393242,0.2405508599143937,0.2405508599143937,0.2405508599143937,0.0,0.0,0.0,45.523714259548946
716,2018-04-19 04:00:00,57.05724572750336,40.29860986533551,60.01351682210541,57.05724572750336,57.05724572750336,0.0,0.0,0.0,0.0,0.0,0.0,0.0,0.0,0.0,0.0,0.0,0.0,0.0,0.0,0.0,0.0,0.0,0.0,0.0,0.0,0.0,0.0,0.0,0.0,0.0,0.0,0.0,0.0,0.0,0.0,-7.203705672493656,-7.203705672493656,-7.203705672493656,-1.4589085885690543,-1.4589085885690543,-1.4589085885690543,-0.0185416431656765,-0.0185416431656765,-0.0185416431656765,-6.434389382516578,-6.434389382516578,-6.434389382516578,-1.4130928046498692,-1.4130928046498692,-1.4130928046498692,0.0,0.0,0.0,-0.20582982560669782,-0.20582982560669782,-0.20582982560669782,0.8536351783051371,0.8536351783051371,0.8536351783051371,-2.57471609319566,-2.57471609319566,-2.57471609319566,-0.35458128978411235,-0.35458128978411235,-0.35458128978411235,-3.1661006652980794,-3.1661006652980794,-3.1661006652980794,-0.13444832454472996,-0.13444832454472996,-0.13444832454472996,-0.08693427814277803,-0.08693427814277803,-0.08693427814277803,0.460901081646603,0.460901081646603,0.460901081646603,0.4418657719254802,0.4418657719254802,0.4418657719254802,0.20531928191928564,0.20531928191928564,0.20531928191928564,0.24772652666649528,0.24772652666649528,0.24772652666649528,0.0,0.0,0.0,49.8535400550097
717,2018-04-19 05:00:00,57.057340799770834,45.09700588829136,64.35232431959979,57.057340799770834,57.057340799770834,0.0,0.0,0.0,0.0,0.0,0.0,0.0,0.0,0.0,0.0,0.0,0.0,0.0,0.0,0.0,0.0,0.0,0.0,0.0,0.0,0.0,0.0,0.0,0.0,0.0,0.0,0.0,0.0,0.0,0.0,-2.3764165367726027,-2.3764165367726027,-2.3764165367726027,-0.6791863329885272,-0.6791863329885272,-0.6791863329885272,-0.0185416431656765,-0.0185416431656765,-0.0185416431656765,-2.396986337936393,-2.396986337936393,-2.396986337936393,-0.8842102811231635,-0.8842102811231635,-0.8842102811231635,0.0,0.0,0.0,-0.18009596595984997,-0.18009596595984997,-0.18009596595984997,1.2662827172938438,1.2662827172938438,1.2662827172938438,-0.34689997378439413,-0.34689997378439413,-0.34689997378439413,-0.15871706579305347,-0.15871706579305347,-0.15871706579305347,-2.223283579213594,-2.223283579213594,-2.223283579213594,0.13273127795749382,0.13273127795749382,0.13273127795749382,-0.10069621401081819,-0.10069621401081819,-0.10069621401081819,-0.07668610279137429,-0.07668610279137429,-0.07668610279137429,0.4448875074042894,0.4448875074042894,0.4448875074042894,0.19313049265419302,0.19313049265419302,0.19313049265419302,0.25486862674802835,0.25486862674802835,0.25486862674802835,0.0,0.0,0.0,54.68092426299823
718,2018-04-19 06:00:00,57.057435872038305,51.00306671012892,70.35143815566586,57.057435872038305,57.057435872038305,0.0,0.0,0.0,0.0,0.0,0.0,0.0,0.0,0.0,0.0,0.0,0.0,0.0,0.0,0.0,0.0,0.0,0.0,0.0,0.0,0.0,0.0,0.0,0.0,0.0,0.0,0.0,0.0,0.0,0.0,3.675682817746533,3.675682817746533,3.675682817746533,0.12296703998059351,0.12296703998059351,0.12296703998059351,-0.0185416431656765,-0.0185416431656765,-0.0185416431656765,2.843285398045041,2.843285398045041,2.843285398045041,-0.8228176380496544,-0.8228176380496544,-0.8228176380496544,0.0,0.0,0.0,-0.15436210631300212,-0.15436210631300212,-0.15436210631300212,1.709593393567087,1.709593393567087,1.709593393567087,2.0056461305394775,2.0056461305394775,2.0056461305394775,0.901067194828837,0.901067194828837,0.901067194828837,-1.0669364910542256,-1.0669364910542256,-1.0669364910542256,0.5825399758409832,0.5825399758409832,0.5825399758409832,-0.05726782956496687,-0.05726782956496687,-0.05726782956496687,-0.41638227134467726,-0.41638227134467726,-0.41638227134467726,0.4474534802025272,0.4474534802025272,0.4474534802025272,0.18074668276085884,0.18074668276085884,0.18074668276085884,0.26197689951837133,0.26197689951837133,0.26197689951837133,0.0,0.0,0.0,60.73311868978484
719,2018-04-19 07:00:00,57.057530944305775,53.240637902558305,73.29485717403604,57.057530944305775,57.057530944305775,0.0,0.0,0.0,0.0,0.0,0.0,0.0,0.0,0.0,0.0,0.0,0.0,0.0,0.0,0.0,0.0,0.0,0.0,0.0,0.0,0.0,0.0,0.0,0.0,0.0,0.0,0.0,0.0,0.0,0.0,6.210179888402808,6.210179888402808,6.210179888402808,0.6656414338146613,0.6656414338146613,0.6656414338146613,-0.0185416431656765,-0.0185416431656765,-0.0185416431656765,4.825801617096883,4.825801617096883,4.825801617096883,-1.2248891283425543,-1.2248891283425543,-1.2248891283425543,0.0,0.0,0.0,-0.12862824666615427,-0.12862824666615427,-0.12862824666615427,1.660662855347082,1.660662855347082,1.660662855347082,3.1663279345873407,3.1663279345873407,3.1663279345873407,0.9444749417673955,0.9444749417673955,0.9444749417673955,-0.9486737206742903,-0.9486737206742903,-0.9486737206742903,1.6659138070841761,1.6659138070841761,1.6659138070841761,0.07021549251801602,0.07021549251801602,0.07021549251801602,-0.5682326532460305,-0.5682326532460305,-0.5682326532460305,0.4496857527840985,0.4496857527840985,0.4496857527840985,0.20717197788757974,0.20717197788757974,0.20717197788757974,0.2690510847071649,0.2690510847071649,0.2690510847071649,0.0,0.0,0.0,63.26771083270858
