,ds,trend,yhat_lower,yhat_upper,trend_lower,trend_upper,All Saints' Day,All Saints' Day_lower,All Saints' Day_upper,Assumption Day,Assumption Day_lower,Assumption Day_upper,Christmas Day,Christmas Day_lower,Christmas Day_upper,Constitution Day,Constitution Day_lower,Constitution Day_upper,Epiphany,Epiphany_lower,Epiphany_upper,Good Friday,Good Friday_lower,Good Friday_upper,Immaculate Conception,Immaculate Conception_lower,Immaculate Conception_upper,Labor Day,Labor Day_lower,Labor Day_upper,National Day,National Day_lower,National Day_upper,New Year's Day,New Year's Day_lower,New Year's Day_upper,additive_terms,additive_terms_lower,additive_terms_upper,daily,daily_lower,daily_upper,day_of_week,day_of_week_lower,day_of_week_upper,extra_regressors_additive,extra_regressors_additive_lower,extra_regressors_additive_upper,fossil_fuels,fossil_fuels_lower,fossil_fuels_upper,holidays,holidays_lower,holidays_upper,hour_of_day,hour_of_day_lower,hour_of_day_upper,other_green_energy,other_green_energy_lower,other_green_energy_upper,solarpower,solarpower_lower,solarpower_upper,total_load_actual,total_load_actual_lower,total_load_actual_upper,weekly,weekly_lower,weekly_upper,windpower,windpower_lower,windpower_upper,yearly,yearly_lower,yearly_upper,multiplicative_terms,multiplicative_terms_lower,multiplicative_terms_upper,yhat
0,2018-03-14 18:00:00,56.83071602814076,44.42052681145709,63.797260321910734,56.83071602814076,56.83071602814076,0.0,0.0,0.0,0.0,0.0,0.0,0.0,0.0,0.0,0.0,0.0,0.0,0.0,0.0,0.0,0.0,0.0,0.0,0.0,0.0,0.0,0.0,0.0,0.0,0.0,0.0,0.0,0.0,0.0,0.0,-2.2197876095601448,-2.2197876095601448,-2.2197876095601448,6.3814555999666975,6.3814555999666975,6.3814555999666975,-2.601387106325138,-2.601387106325138,-2.601387106325138,-4.92634403568795,-4.92634403568795,-4.92634403568795,-2.152648418571741,-2.152648418571741,-2.152648418571741,0.0,0.0,0.0,0.5953639887092174,0.5953639887092174,0.5953639887092174,2.2579946317722204,2.2579946317722204,2.2579946317722204,0.6605358206835532,0.6605358206835532,0.6605358206835532,0.9010533097456523,0.9010533097456523,0.9010533097456523,3.753347769670649,3.753347769670649,3.753347769670649,-4.587256261701714,-4.587256261701714,-4.587256261701714,-7.428246943509542,-7.428246943509542,-7.428246943509542,0.0,0.0,0.0,54.61092841858062
1,2018-03-14 19:00:00,56.83037066606072,46.05791935087708,65.40294482800684,56.83037066606072,56.83037066606072,0.0,0.0,0.0,0.0,0.0,0.0,0.0,0.0,0.0,0.0,0.0,0.0,0.0,0.0,0.0,0.0,0.0,0.0,0.0,0.0,0.0,0.0,0.0,0.0,0.0,0.0,0.0,0.0,0.0,0.0,-0.9879826438532446,-0.9879826438532446,-0.9879826438532446,6.678931222719369,6.678931222719369,6.678931222719369,-2.601387106325138,-2.601387106325138,-2.601387106325138,-3.970469844694642,-3.970469844694642,-3.970469844694642,-2.132771240218162,-2.132771240218162,-2.132771240218162,0.0,0.0,0.0,0.6945677431630342,0.6945677431630342,0.6945677431630342,2.4236916273426203,2.4236916273426203,2.4236916273426203,0.6624172839100495,0.6624172839100495,0.6624172839100495,1.0683807712394913,1.0683807712394913,1.0683807712394913,3.7326349718264775,3.7326349718264775,3.7326349718264775,-4.085368923806537,-4.085368923806537,-4.085368923806537,-7.429078993704449,-7.429078993704449,-7.429078993704449,0.0,0.0,0.0,55.84238802220748
2,2018-03-14 20:00:00,56.830025303980676,43.6834701703657,63.17707604759918,56.830025303980676,56.830025303980676,0.0,0.0,0.0,0.0,0.0,0.0,0.0,0.0,0.0,0.0,0.0,0.0,0.0,0.0,0.0,0.0,0.0,0.0,0.0,0.0,0.0,0.0,0.0,0.0,0.0,0.0,0.0,0.0,0.0,0.0,-3.6172205728577107,-3.6172205728577107,-3.6172205728577107,4.813042165437072,4.813042165437072,4.813042165437072,-2.601387106325138,-2.601387106325138,-2.601387106325138,-4.710948624281652,-4.710948624281652,-4.710948624281652,-2.6947044444842128,-2.6947044444842128,-2.6947044444842128,0.0,0.0,0.0,0.7937714976168511,0.7937714976168511,0.7937714976168511,2.1297595656351285,2.1297595656351285,2.1297595656351285,0.6671209419762901,0.6671209419762901,0.6671209419762901,0.904016106281378,0.904016106281378,0.904016106281378,3.7105949810326915,3.7105949810326915,3.7105949810326915,-3.9095251849819483,-3.9095251849819483,-3.9095251849819483,-7.429909095045821,-7.429909095045821,-7.429909095045821,0.0,0.0,0.0,53.212804731122965
3,2018-03-14 21:00:00,56.82967994190063,39.36553557642105,59.145853245481526,56.82967994190063,56.82967994190063,0.0,0.0,0.0,0.0,0.0,0.0,0.0,0.0,0.0,0.0,0.0,0.0,0.0,0.0,0.0,0.0,0.0,0.0,0.0,0.0,0.0,0.0,0.0,0.0,0.0,0.0,0.0,0.0,0.0,0.0,-7.678415739534699,-7.678415739534699,-7.678415739534699,1.688060011128863,1.688060011128863,1.688060011128863,-2.601387106325138,-2.601387106325138,-2.601387106325138,-5.622163104732819,-5.622163104732819,-5.622163104732819,-2.8897156807639224,-2.8897156807639224,-2.8897156807639224,0.0,0.0,0.0,0.8929752520706679,0.8929752520706679,0.8929752520706679,1.7633050507939247,1.7633050507939247,1.7633050507939247,0.6671209419762901,0.6671209419762901,0.6671209419762901,0.5178649577918016,0.5178649577918016,0.5178649577918016,3.686424707606925,3.686424707606925,3.686424707606925,-3.972326520276444,-3.972326520276444,-3.972326520276444,-7.430737353537668,-7.430737353537668,-7.430737353537668,0.0,0.0,0.0,49.15126420236593
4,2018-03-14 22:00:00,56.82933457982058,35.55226092484581,55.09821360571422,56.82933457982058,56.82933457982058,0.0,0.0,0.0,0.0,0.0,0.0,0.0,0.0,0.0,0.0,0.0,0.0,0.0,0.0,0.0,0.0,0.0,0.0,0.0,0.0,0.0,0.0,0.0,0.0,0.0,0.0,0.0,0.0,0.0,0.0,-11.638817936550906,-11.638817936550906,-11.638817936550906,-1.4659136526580823,-1.4659136526580823,-1.4659136526580823,-2.601387106325138,-2.601387106325138,-2.601387106325138,-6.40072935086866,-6.40072935086866,-6.40072935086866,-3.132539589299539,-3.132539589299539,-3.132539589299539,0.0,0.0,0.0,0.9921790065244849,0.9921790065244849,0.9921790065244849,1.6898220353670519,1.6898220353670519,1.6898220353670519,0.6671209419762901,0.6671209419762901,0.6671209419762901,0.12282541969504836,0.12282541969504836,0.12282541969504836,3.6593889421677024,3.6593889421677024,3.6593889421677024,-4.138750058806858,-4.138750058806858,-4.138750058806858,-7.431563875191866,-7.431563875191866,-7.431563875191866,0.0,0.0,0.0,45.190516643269675
5,2018-03-14 23:00:00,56.82898921774054,31.37152949924721,51.67103489408184,56.82898921774054,56.82898921774054,0.0,0.0,0.0,0.0,0.0,0.0,0.0,0.0,0.0,0.0,0.0,0.0,0.0,0.0,0.0,0.0,0.0,0.0,0.0,0.0,0.0,0.0,0.0,0.0,0.0,0.0,0.0,0.0,0.0,0.0,-15.075744490974811,-15.075744490974811,-15.075744490974811,-3.9644712914390916,-3.9644712914390916,-3.9644712914390916,-2.601387106325138,-2.601387106325138,-2.601387106325138,-7.307715356493845,-7.307715356493845,-7.307715356493845,-3.3920173499692354,-3.3920173499692354,-3.3920173499692354,0.0,0.0,0.0,1.0913827609783016,1.0913827609783016,1.0913827609783016,1.2263507289165132,1.2263507289165132,1.2263507289165132,0.6671209419762901,0.6671209419762901,0.6671209419762901,-0.16146196218529374,-0.16146196218529374,-0.16146196218529374,3.6288309229782434,3.6288309229782434,3.6288309229782434,-4.137703369885283,-4.137703369885283,-4.137703369885283,-7.43238876602012,-7.43238876602012,-7.43238876602012,0.0,0.0,0.0,41.75324472676573
6,2018-03-15 00:00:00,56.828643855660495,30.291916920103237,50.12695786880798,56.828643855660495,56.828643855660495,0.0,0.0,0.0,0.0,0.0,0.0,0.0,0.0,0.0,0.0,0.0,0.0,0.0,0.0,0.0,0.0,0.0,0.0,0.0,0.0,0.0,0.0,0.0,0.0,0.0,0.0,0.0,0.0,0.0,0.0,-17.06075442571694,-17.06075442571694,-17.06075442571694,-5.849732943944023,-5.849732943944023,-5.849732943944023,-0.8674381062413427,-0.8674381062413427,-0.8674381062413427,-7.3719906297392646,-7.3719906297392646,-7.3719906297392646,-3.509668756980962,-3.509668756980962,-3.509668756980962,0.0,0.0,0.0,0.0001414619863161201,0.0001414619863161201,0.0001414619863161201,1.067857950544826,1.067857950544826,1.067857950544826,0.6647691129431699,0.6647691129431699,0.6647691129431699,-0.4135818388206145,-0.4135818388206145,-0.4135818388206145,3.5941812800012296,3.5941812800012296,3.5941812800012296,-4.3140704531706575,-4.3140704531706575,-4.3140704531706575,-7.4332121320348845,-7.4332121320348845,-7.4332121320348845,0.0,0.0,0.0,39.76788942994355
7,2018-03-15 01:00:00,56.82829849358045,27.803747208211515,47.991291421114106,56.82829849358045,56.82829849358045,0.0,0.0,0.0,0.0,0.0,0.0,0.0,0.0,0.0,0.0,0.0,0.0,0.0,0.0,0.0,0.0,0.0,0.0,0.0,0.0,0.0,0.0,0.0,0.0,0.0,0.0,0.0,0.0,0.0,0.0,-19.193803156922005,-19.193803156922005,-19.193803156922005,-7.354631048681256,-7.354631048681256,-7.354631048681256,-0.8674381062413427,-0.8674381062413427,-0.8674381062413427,-7.960103275370745,-7.960103275370745,-7.960103275370745,-3.416729517652064,-3.416729517652064,-3.416729517652064,0.0,0.0,0.0,-1.0910998370056695,-1.0910998370056695,-1.0910998370056695,1.1720789593528749,1.1720789593528749,1.1720789593528749,0.6553617968106886,0.6553617968106886,0.6553617968106886,-0.5514224205065172,-0.5514224205065172,-0.5514224205065172,3.55496524636738,3.55496524636738,3.55496524636738,-3.8608541501287146,-3.8608541501287146,-3.8608541501287146,-7.434034079237386,-7.434034079237386,-7.434034079237386,0.0,0.0,0.0,37.634495336658446
8,2018-03-15 02:00:00,56.8279531315004,27.539587264624252,46.95002872882446,56.8279531315004,56.8279531315004,0.0,0.0,0.0,0.0,0.0,0.0,0.0,0.0,0.0,0.0,0.0,0.0,0.0,0.0,0.0,0.0,0.0,0.0,0.0,0.0,0.0,0.0,0.0,0.0,0.0,0.0,0.0,0.0,0.0,0.0,-19.592999562406597,-19.592999562406597,-19.592999562406597,-8.308169094744084,-8.308169094744084,-8.308169094744084,-0.8674381062413427,-0.8674381062413427,-0.8674381062413427,-7.360783807559162,-7.360783807559162,-7.360783807559162,-3.4591699795421382,-3.4591699795421382,-3.4591699795421382,0.0,0.0,0.0,-0.9918960825518525,-0.9918960825518525,-0.9918960825518525,1.315202741033974,1.315202741033974,1.315202741033974,0.6544210651974405,0.6544210651974405,0.6544210651974405,-0.601648876064533,-0.601648876064533,-0.601648876064533,3.510808053511457,3.510808053511457,3.510808053511457,-3.4102545693907094,-3.4102545693907094,-3.4102545693907094,-7.434854713614808,-7.434854713614808,-7.434854713614808,0.0,0.0,0.0,37.234953569093804
9,2018-03-15 03:00:00,56.82760776942036,26.581413777730766,46.856843450914226,56.82760776942036,56.82760776942036,0.0,0.0,0.0,0.0,0.0,0.0,0.0,0.0,0.0,0.0,0.0,0.0,0.0,0.0,0.0,0.0,0.0,0.0,0.0,0.0,0.0,0.0,0.0,0.0,0.0,0.0,0.0,0.0,0.0,0.0,-19.714833731661557,-19.714833731661557,-19.714833731661557,-8.131758712267338,-8.131758712267338,-8.131758712267338,-0.8674381062413427,-0.8674381062413427,-0.8674381062413427,-7.6088393316131375,-7.6088393316131375,-7.6088393316131375,-3.5139665252736276,-3.5139665252736276,-3.5139665252736276,0.0,0.0,0.0,-0.8926923280980357,-0.8926923280980357,-0.8926923280980357,1.193211329802433,1.193211329802433,1.193211329802433,0.6563025284239368,0.6563025284239368,0.6563025284239368,-0.5950178552464804,-0.5950178552464804,-0.5950178552464804,3.4614384533512146,3.4614384533512146,3.4614384533512146,-3.589238374980022,-3.589238374980022,-3.589238374980022,-7.435674141132293,-7.435674141132293,-7.435674141132293,0.0,0.0,0.0,37.112774037758804
10,2018-03-15 04:00:00,56.82726240734031,28.80536521646496,49.02437355244709,56.82726240734031,56.82726240734031,0.0,0.0,0.0,0.0,0.0,0.0,0.0,0.0,0.0,0.0,0.0,0.0,0.0,0.0,0.0,0.0,0.0,0.0,0.0,0.0,0.0,0.0,0.0,0.0,0.0,0.0,0.0,0.0,0.0,0.0,-18.096587003718373,-18.096587003718373,-18.096587003718373,-6.423361429270931,-6.423361429270931,-6.423361429270931,-0.8674381062413427,-0.8674381062413427,-0.8674381062413427,-7.6434234450300815,-7.6434234450300815,-7.6434234450300815,-3.473137726493302,-3.473137726493302,-3.473137726493302,0.0,0.0,0.0,-0.7934885736442188,-0.7934885736442188,-0.7934885736442188,1.1586310872486103,1.1586310872486103,1.1586310872486103,0.6671209419762901,0.6671209419762901,0.6671209419762901,-0.5265913638261499,-0.5265913638261499,-0.5265913638261499,3.406690338314101,3.406690338314101,3.406690338314101,-3.8085197040499685,-3.8085197040499685,-3.8085197040499685,-7.436492467731461,-7.436492467731461,-7.436492467731461,0.0,0.0,0.0,38.73067540362193
11,2018-03-15 05:00:00,56.82691704526027,32.262171089144154,52.612667652857354,56.82691704526027,56.82691704526027,0.0,0.0,0.0,0.0,0.0,0.0,0.0,0.0,0.0,0.0,0.0,0.0,0.0,0.0,0.0,0.0,0.0,0.0,0.0,0.0,0.0,0.0,0.0,0.0,0.0,0.0,0.0,0.0,0.0,0.0,-14.476108640055145,-14.476108640055145,-14.476108640055145,-3.5057597845284256,-3.5057597845284256,-3.5057597845284256,-0.8674381062413427,-0.8674381062413427,-0.8674381062413427,-6.879541514055848,-6.879541514055848,-6.879541514055848,-3.297466447530588,-3.297466447530588,-3.297466447530588,0.0,0.0,0.0,-0.694284819190402,-0.694284819190402,-0.694284819190402,1.3906068810471703,1.3906068810471703,1.3906068810471703,0.6675913077829143,0.6675913077829143,0.6675913077829143,-0.15751156680432618,-0.15751156680432618,-0.15751156680432618,3.3465024578480214,3.3465024578480214,3.3465024578480214,-3.9210387631192734,-3.9210387631192734,-3.9210387631192734,-7.437309799318889,-7.437309799318889,-7.437309799318889,0.0,0.0,0.0,42.35080840520512
12,2018-03-15 06:00:00,56.82657168318022,36.553196059597774,56.824571048234986,56.82657168318022,56.82657168318022,0.0,0.0,0.0,0.0,0.0,0.0,0.0,0.0,0.0,0.0,0.0,0.0,0.0,0.0,0.0,0.0,0.0,0.0,0.0,0.0,0.0,0.0,0.0,0.0,0.0,0.0,0.0,0.0,0.0,0.0,-9.973770595507524,-9.973770595507524,-9.973770595507524,-0.3497961441258409,-0.3497961441258409,-0.3497961441258409,-0.8674381062413427,-0.8674381062413427,-0.8674381062413427,-5.46676446725544,-5.46676446725544,-5.46676446725544,-2.9300072585076644,-2.9300072585076644,-2.9300072585076644,0.0,0.0,0.0,-0.5950810647365851,-0.5950810647365851,-0.5950810647365851,1.7330473385593301,1.7330473385593301,1.7330473385593301,0.658183991650433,0.658183991650433,0.658183991650433,0.33572351361933434,0.33572351361933434,0.33572351361933434,3.280916257639793,3.280916257639793,3.280916257639793,-3.8011928815989444,-3.8011928815989444,-3.8011928815989444,-7.438126241766037,-7.438126241766037,-7.438126241766037,0.0,0.0,0.0,46.852801087672695
13,2018-03-15 07:00:00,56.82622632110017,40.354909370819776,61.35545623828326,56.82622632110017,56.82622632110017,0.0,0.0,0.0,0.0,0.0,0.0,0.0,0.0,0.0,0.0,0.0,0.0,0.0,0.0,0.0,0.0,0.0,0.0,0.0,0.0,0.0,0.0,0.0,0.0,0.0,0.0,0.0,0.0,0.0,0.0,-5.883507654634403,-5.883507654634403,-5.883507654634403,2.0804840649650136,2.0804840649650136,2.0804840649650136,-0.8674381062413427,-0.8674381062413427,-0.8674381062413427,-3.735121713881274,-3.735121713881274,-3.735121713881274,-2.708134970398793,-2.708134970398793,-2.708134970398793,0.0,0.0,0.0,-0.4958773102827681,-0.4958773102827681,-0.4958773102827681,2.540880227108352,2.540880227108352,2.540880227108352,0.5222482735360796,0.5222482735360796,0.5222482735360796,0.6954916643860204,0.6954916643860204,0.6954916643860204,3.2100718951795817,3.2100718951795817,3.2100718951795817,-3.422291491988821,-3.422291491988821,-3.422291491988821,-7.438941900897726,-7.438941900897726,-7.438941900897726,0.0,0.0,0.0,50.942718666465765
14,2018-03-15 08:00:00,56.82588095902013,43.32042001989795,63.43885224507403,56.82588095902013,56.82588095902013,0.0,0.0,0.0,0.0,0.0,0.0,0.0,0.0,0.0,0.0,0.0,0.0,0.0,0.0,0.0,0.0,0.0,0.0,0.0,0.0,0.0,0.0,0.0,0.0,0.0,0.0,0.0,0.0,0.0,0.0,-3.4456335750113216,-3.4456335750113216,-3.4456335750113216,3.4352996734662384,3.4352996734662384,3.4352996734662384,-0.8674381062413427,-0.8674381062413427,-0.8674381062413427,-2.575378877523141,-2.575378877523141,-2.575378877523141,-2.530314807289747,-2.530314807289747,-2.530314807289747,0.0,0.0,0.0,-0.3966735558289513,-0.3966735558289513,-0.3966735558289513,3.100407762875065,3.100407762875065,3.100407762875065,0.20192915922509452,0.20192915922509452,0.20192915922509452,0.9088130149582672,0.9088130149582672,0.9088130149582672,3.1342025115356615,3.1342025115356615,3.1342025115356615,-2.9921023452215265,-2.9921023452215265,-2.9921023452215265,-7.439756882490081,-7.439756882490081,-7.439756882490081,0.0,0.0,0.0,53.38024738400881
15,2018-03-15 09:00:00,56.825535596940085,44.628144795743005,64.4743811624954,56.825535596940085,56.825535596940085,0.0,0.0,0.0,0.0,0.0,0.0,0.0,0.0,0.0,0.0,0.0,0.0,0.0,0.0,0.0,0.0,0.0,0.0,0.0,0.0,0.0,0.0,0.0,0.0,0.0,0.0,0.0,0.0,0.0,0.0,-2.967628434620207,-2.967628434620207,-2.967628434620207,3.9807438929351564,3.9807438929351564,3.9807438929351564,-0.8674381062413427,-0.8674381062413427,-0.8674381062413427,-2.561427899663399,-2.561427899663399,-2.561427899663399,-2.4309289155218505,-2.4309289155218505,-2.4309289155218505,0.0,0.0,0.0,-0.29746980137513446,-0.29746980137513446,-0.29746980137513446,3.116737321858815,3.116737321858815,3.116737321858815,-0.09204946991494323,-0.09204946991494323,-0.09204946991494323,0.9824596717034476,0.9824596717034476,0.9824596717034476,3.0536268643722044,3.0536268643722044,3.0536268643722044,-2.97273860017239,-2.97273860017239,-2.97273860017239,-7.440571292264169,-7.440571292264169,-7.440571292264169,0.0,0.0,0.0,53.857907162319876
16,2018-03-15 10:00:00,56.82519023486004,42.57099369872249,63.539155661309046,56.82519023486004,56.82519023486004,0.0,0.0,0.0,0.0,0.0,0.0,0.0,0.0,0.0,0.0,0.0,0.0,0.0,0.0,0.0,0.0,0.0,0.0,0.0,0.0,0.0,0.0,0.0,0.0,0.0,0.0,0.0,0.0,0.0,0.0,-3.965715530305652,-3.965715530305652,-3.965715530305652,4.069651270739397,4.069651270739397,4.069651270739397,-0.8674381062413427,-0.8674381062413427,-0.8674381062413427,-3.562722016385776,-3.562722016385776,-3.562722016385776,-2.2982353194857943,-2.2982353194857943,-2.2982353194857943,0.0,0.0,0.0,-0.19826604692131763,-0.19826604692131763,-0.19826604692131763,2.497654923916074,2.497654923916074,2.497654923916074,-0.32393981258060495,-0.32393981258060495,-0.32393981258060495,0.9854224682391731,0.9854224682391731,0.9854224682391731,2.968740451219903,2.968740451219903,2.968740451219903,-3.357920123311963,-3.357920123311963,-3.357920123311963,-7.441385235879177,-7.441385235879177,-7.441385235879177,0.0,0.0,0.0,52.85947470455439
17,2018-03-15 11:00:00,56.82484487277999,41.795937134451705,62.04562029827349,56.82484487277999,56.82484487277999,0.0,0.0,0.0,0.0,0.0,0.0,0.0,0.0,0.0,0.0,0.0,0.0,0.0,0.0,0.0,0.0,0.0,0.0,0.0,0.0,0.0,0.0,0.0,0.0,0.0,0.0,0.0,0.0,0.0,0.0,-5.2569675770878135,-5.2569675770878135,-5.2569675770878135,3.6972242598961595,3.6972242598961595,3.6972242598961595,-0.8674381062413427,-0.8674381062413427,-0.8674381062413427,-4.3919982914067255,-4.3919982914067255,-4.3919982914067255,-2.3976212112536905,-2.3976212112536905,-2.3976212112536905,0.0,0.0,0.0,-0.09906229246750074,-0.09906229246750074,-0.09906229246750074,2.0913370739086585,2.0913370739086585,2.0913370739086585,-0.5012677216778757,-0.5012677216778757,-0.5012677216778757,0.9241913398341765,0.9241913398341765,0.9241913398341765,2.880005273349331,2.880005273349331,2.880005273349331,-3.5421373735091506,-3.5421373735091506,-3.5421373735091506,-7.442198818926578,-7.442198818926578,-7.442198818926578,0.0,0.0,0.0,51.56787729569218
18,2018-03-15 12:00:00,56.824499510699944,40.83829183226264,60.51733624718228,56.824499510699944,56.824499510699944,0.0,0.0,0.0,0.0,0.0,0.0,0.0,0.0,0.0,0.0,0.0,0.0,0.0,0.0,0.0,0.0,0.0,0.0,0.0,0.0,0.0,0.0,0.0,0.0,0.0,0.0,0.0,0.0,0.0,0.0,-6.230895732375662,-6.230895732375662,-6.230895732375662,2.641437839985905,2.641437839985905,2.641437839985905,-0.8674381062413427,-0.8674381062413427,-0.8674381062413427,-4.217259836300867,-4.217259836300867,-4.217259836300867,-2.5276287021068304,-2.5276287021068304,-2.5276287021068304,0.0,0.0,0.0,0.0001414619863161201,0.0001414619863161201,0.0001414619863161201,2.1523327795244294,2.1523327795244294,2.1523327795244294,-0.5610041791191314,-0.5610041791191314,-0.5610041791191314,0.876222253065285,0.876222253065285,0.876222253065285,2.787938410863307,2.787938410863307,2.787938410863307,-3.2898853434095927,-3.2898853434095927,-3.2898853434095927,-7.443012146924006,-7.443012146924006,-7.443012146924006,0.0,0.0,0.0,50.59360377832428
19,2018-03-15 13:00:00,56.824154148619904,38.83560343461446,57.90869392634256,56.824154148619904,56.824154148619904,0.0,0.0,0.0,0.0,0.0,0.0,0.0,0.0,0.0,0.0,0.0,0.0,0.0,0.0,0.0,0.0,0.0,0.0,0.0,0.0,0.0,0.0,0.0,0.0,0.0,0.0,0.0,0.0,0.0,0.0,-8.270928097155792,-8.270928097155792,-8.270928097155792,1.0315248775395431,1.0315248775395431,1.0315248775395431,-0.8674381062413427,-0.8674381062413427,-0.8674381062413427,-4.551727245850537,-4.551727245850537,-4.551727245850537,-2.7495009902157013,-2.7495009902157013,-2.7495009902157013,0.0,0.0,0.0,0.09934521644013299,0.09934521644013299,0.09934521644013299,1.9136330496737368,1.9136330496737368,1.9136330496737368,-0.6616624617366802,-0.6616624617366802,-0.6616624617366802,0.6798311684114705,0.6798311684114705,0.6798311684114705,2.693099596465093,2.693099596465093,2.693099596465093,-2.9659351221821533,-2.9659351221821533,-2.9659351221821533,-7.443825325309891,-7.443825325309891,-7.443825325309891,0.0,0.0,0.0,48.55322605146411
20,2018-03-15 14:00:00,56.82380878653986,36.952213061184324,56.72267646217967,56.82380878653986,56.82380878653986,0.0,0.0,0.0,0.0,0.0,0.0,0.0,0.0,0.0,0.0,0.0,0.0,0.0,0.0,0.0,0.0,0.0,0.0,0.0,0.0,0.0,0.0,0.0,0.0,0.0,0.0,0.0,0.0,0.0,0.0,-9.713086446013957,-9.713086446013957,-9.713086446013957,-0.32722797931464737,-0.32722797931464737,-0.32722797931464737,-0.8674381062413427,-0.8674381062413427,-0.8674381062413427,-4.537297997672897,-4.537297997672897,-4.537297997672897,-2.714581622837792,-2.714581622837792,-2.714581622837792,0.0,0.0,0.0,0.19854897089394985,0.19854897089394985,0.19854897089394985,1.9299626086574864,1.9299626086574864,1.9299626086574864,-0.7261025772441766,-0.7261025772441766,-0.7261025772441766,0.5679503278004971,0.5679503278004971,0.5679503278004971,2.5960779904104103,2.5960779904104103,2.5960779904104103,-2.9256375987015186,-2.9256375987015186,-2.9256375987015186,-7.444638459436825,-7.444638459436825,-7.444638459436825,0.0,0.0,0.0,47.110722340525896
21,2018-03-15 15:00:00,56.82346342445981,36.80014164281754,57.574609455045845,56.82346342445981,56.82346342445981,0.0,0.0,0.0,0.0,0.0,0.0,0.0,0.0,0.0,0.0,0.0,0.0,0.0,0.0,0.0,0.0,0.0,0.0,0.0,0.0,0.0,0.0,0.0,0.0,0.0,0.0,0.0,0.0,0.0,0.0,-9.53432152834185,-9.53432152834185,-9.53432152834185,-0.3604095437662567,-0.3604095437662567,-0.3604095437662567,-0.8674381062413427,-0.8674381062413427,-0.8674381062413427,-4.225938700745927,-4.225938700745927,-4.225938700745927,-2.7666920633863645,-2.7666920633863645,-2.7666920633863645,0.0,0.0,0.0,0.2977527253477667,0.2977527253477667,0.2977527253477667,1.9357259824164572,1.9357259824164572,1.9357259824164572,-0.40907602357955986,-0.40907602357955986,-0.40907602357955986,0.4989594941828856,0.4989594941828856,0.4989594941828856,2.497478370738276,2.497478370738276,2.497478370738276,-2.915170709485769,-2.915170709485769,-2.915170709485769,-7.445451654567944,-7.445451654567944,-7.445451654567944,0.0,0.0,0.0,47.28914189611796
22,2018-03-15 16:00:00,56.82311806237977,39.5409430412431,60.135123204517,56.82311806237977,56.82311806237977,0.0,0.0,0.0,0.0,0.0,0.0,0.0,0.0,0.0,0.0,0.0,0.0,0.0,0.0,0.0,0.0,0.0,0.0,0.0,0.0,0.0,0.0,0.0,0.0,0.0,0.0,0.0,0.0,0.0,0.0,-6.791078091943491,-6.791078091943491,-6.791078091943491,1.383314694570809,1.383314694570809,1.383314694570809,-0.8674381062413427,-0.8674381062413427,-0.8674381062413427,-3.1260347327864997,-3.1260347327864997,-3.1260347327864997,-2.558250301192074,-2.558250301192074,-2.558250301192074,0.0,0.0,0.0,0.3969564798015836,0.3969564798015836,0.3969564798015836,2.175386274560311,2.175386274560311,2.175386274560311,-0.12638617379849962,-0.12638617379849962,-0.12638617379849962,0.48626179474406134,0.48626179474406134,0.48626179474406134,2.39790696213746,2.39790696213746,2.39790696213746,-2.6325647006605393,-2.6325647006605393,-2.6325647006605393,-7.44626501586526,-7.44626501586526,-7.44626501586526,0.0,0.0,0.0,50.03203997043628
23,2018-03-15 17:00:00,56.82277270029972,43.01601566023015,63.78988975709073,56.82277270029972,56.82277270029972,0.0,0.0,0.0,0.0,0.0,0.0,0.0,0.0,0.0,0.0,0.0,0.0,0.0,0.0,0.0,0.0,0.0,0.0,0.0,0.0,0.0,0.0,0.0,0.0,0.0,0.0,0.0,0.0,0.0,0.0,-2.717588042472552,-2.717588042472552,-2.717588042472552,4.160062051400302,4.160062051400302,4.160062051400302,-0.8674381062413427,-0.8674381062413427,-0.8674381062413427,-1.7285285775795336,-1.7285285775795336,-1.7285285775795336,-2.0967774307670854,-2.0967774307670854,-2.0967774307670854,0.0,0.0,0.0,0.4961602342554004,0.4961602342554004,0.4961602342554004,2.3386818643978065,2.3386818643978065,2.3386818643978065,0.26966183537895916,0.26966183537895916,0.26966183537895916,0.4806183727712506,0.4806183727712506,0.4806183727712506,2.2979571320978347,2.2979571320978347,2.2979571320978347,-2.3494353473745218,-2.3494353473745218,-2.3494353473745218,-7.447078648391154,-7.447078648391154,-7.447078648391154,0.0,0.0,0.0,54.105184657827174
24,2018-03-15 18:00:00,56.61387441214227,48.49333475768476,68.74980949762245,56.61387441214227,56.61387441214227,0.0,0.0,0.0,0.0,0.0,0.0,0.0,0.0,0.0,0.0,0.0,0.0,0.0,0.0,0.0,0.0,0.0,0.0,0.0,0.0,0.0,0.0,0.0,0.0,0.0,0.0,0.0,0.0,0.0,0.0,2.190370633029367,2.190370633029367,2.190370633029367,6.4536928959947994,6.4536928959947994,6.4536928959947994,-0.7137110665906449,-0.7137110665906449,-0.7137110665906449,1.1087190405333713,1.1087190405333713,1.1087190405333713,-1.5775603069518518,-1.5775603069518518,-1.5775603069518518,0.0,0.0,0.0,0.47167790250854535,0.47167790250854535,0.47167790250854535,3.5153014630603163,3.5153014630603163,3.5153014630603163,0.5685613919429158,0.5685613919429158,0.5685613919429158,0.7375801697580109,0.7375801697580109,0.7375801697580109,2.0894352315175624,2.0894352315175624,2.0894352315175624,-1.8931305131939198,-1.8931305131939198,-1.8931305131939198,-7.461476535016366,-7.461476535016366,-7.461476535016366,0.0,0.0,0.0,58.80424504517164
25,2018-03-15 19:00:00,56.61348903639955,49.718283845268196,69.75991829328407,56.61348903639955,56.61348903639955,0.0,0.0,0.0,0.0,0.0,0.0,0.0,0.0,0.0,0.0,0.0,0.0,0.0,0.0,0.0,0.0,0.0,0.0,0.0,0.0,0.0,0.0,0.0,0.0,0.0,0.0,0.0,0.0,0.0,0.0,2.9504085001246927,2.9504085001246927,2.9504085001246927,6.751450931661818,6.751450931661818,6.751450931661818,-0.7137110665906449,-0.7137110665906449,-0.7137110665906449,1.6515340554252937,1.6515340554252937,1.6515340554252937,-1.5770258149546896,-1.5770258149546896,-1.5770258149546896,0.0,0.0,0.0,0.5502722233164711,0.5502722233164711,0.5502722233164711,3.7742987694077854,3.7742987694077854,3.7742987694077854,0.6375734751629516,0.6375734751629516,0.6375734751629516,0.9608947944822608,0.9608947944822608,0.9608947944822608,2.0097494068771877,2.0097494068771877,2.0097494068771877,-1.9807683253988404,-1.9807683253988404,-1.9807683253988404,-7.462325893839607,-7.462325893839607,-7.462325893839607,0.0,0.0,0.0,59.563897536524244
26,2018-03-15 20:00:00,56.61310366065683,45.6028369389652,65.71889527245452,56.61310366065683,56.61310366065683,0.0,0.0,0.0,0.0,0.0,0.0,0.0,0.0,0.0,0.0,0.0,0.0,0.0,0.0,0.0,0.0,0.0,0.0,0.0,0.0,0.0,0.0,0.0,0.0,0.0,0.0,0.0,0.0,0.0,0.0,-0.5353257302125936,-0.5353257302125936,-0.5353257302125936,4.904167125084618,4.904167125084618,4.904167125084618,-0.7137110665906449,-0.7137110665906449,-0.7137110665906449,0.09199097086745792,0.09199097086745792,0.09199097086745792,-2.256899635344854,-2.256899635344854,-2.256899635344854,0.0,0.0,0.0,0.6288665441243969,0.6288665441243969,0.6288665441243969,2.919905356514409,2.919905356514409,2.919905356514409,0.669243403763927,0.669243403763927,0.669243403763927,0.8379493494452802,0.8379493494452802,0.8379493494452802,1.9316894672517018,1.9316894672517018,1.9316894672517018,-1.9933629810450564,-1.9933629810450564,-1.9933629810450564,-7.463173293416371,-7.463173293416371,-7.463173293416371,0.0,0.0,0.0,56.07777793044424
27,2018-03-15 21:00:00,56.61271828491411,41.55191998972349,62.1393013559014,56.61271828491411,56.61271828491411,0.0,0.0,0.0,0.0,0.0,0.0,0.0,0.0,0.0,0.0,0.0,0.0,0.0,0.0,0.0,0.0,0.0,0.0,0.0,0.0,0.0,0.0,0.0,0.0,0.0,0.0,0.0,0.0,0.0,0.0,-4.655065753790021,-4.655065753790021,-4.655065753790021,1.8088903962884608,1.8088903962884608,1.8088903962884608,-0.7137110665906449,-0.7137110665906449,-0.7137110665906449,-0.8554874849918155,-0.8554874849918155,-0.8554874849918155,-2.5455253138123766,-2.5455253138123766,-2.5455253138123766,0.0,0.0,0.0,0.7074608649323225,0.7074608649323225,0.7074608649323225,2.439123000478589,2.439123000478589,2.439123000478589,0.669243403763927,0.669243403763927,0.669243403763927,0.5062414507227191,0.5062414507227191,0.5062414507227191,1.85555017464501,1.85555017464501,1.85555017464501,-1.918319824486352,-1.918319824486352,-1.918319824486352,-7.464018839731677,-7.464018839731677,-7.464018839731677,0.0,0.0,0.0,51.95765253112409
28,2018-03-15 22:00:00,56.61233290917139,37.39818406838914,58.460833511324964,56.61233290917139,56.61233290917139,0.0,0.0,0.0,0.0,0.0,0.0,0.0,0.0,0.0,0.0,0.0,0.0,0.0,0.0,0.0,0.0,0.0,0.0,0.0,0.0,0.0,0.0,0.0,0.0,0.0,0.0,0.0,0.0,0.0,0.0,-8.553711422419214,-8.553711422419214,-8.553711422419214,-1.3340836228427824,-1.3340836228427824,-1.3340836228427824,-0.7137110665906449,-0.7137110665906449,-0.7137110665906449,-1.5363077248440482,-1.5363077248440482,-1.5363077248440482,-2.61340579745196,-2.61340579745196,-2.61340579745196,0.0,0.0,0.0,0.7860551857402484,0.7860551857402484,0.7860551857402484,1.9464327223118518,1.9464327223118518,1.9464327223118518,0.669716089265434,0.669716089265434,0.669716089265434,0.09334059770029358,0.09334059770029358,0.09334059770029358,1.7815425640088027,1.7815425640088027,1.7815425640088027,-1.7047354558192702,-1.7047354558192702,-1.7047354558192702,-7.464862638741185,-7.464862638741185,-7.464862638741185,0.0,0.0,0.0,48.05862148675218
29,2018-03-15 23:00:00,56.61194753342867,34.89757831782355,55.12069959384705,56.61194753342867,56.61194753342867,0.0,0.0,0.0,0.0,0.0,0.0,0.0,0.0,0.0,0.0,0.0,0.0,0.0,0.0,0.0,0.0,0.0,0.0,0.0,0.0,0.0,0.0,0.0,0.0,0.0,0.0,0.0,0.0,0.0,0.0,-11.828443524140479,-11.828443524140479,-11.828443524140479,-3.869935100179979,-3.869935100179979,-3.869935100179979,-0.7137110665906449,-0.7137110665906449,-0.7137110665906449,-2.2025890027064974,-2.2025890027064974,-2.2025890027064974,-2.698390025000731,-2.698390025000731,-2.698390025000731,0.0,0.0,0.0,0.8646495065481741,0.8646495065481741,0.8646495065481741,1.628888132154035,1.628888132154035,1.628888132154035,0.669716089265434,0.669716089265434,0.669716089265434,-0.16819047620027436,-0.16819047620027436,-0.16819047620027436,1.7097853751035297,1.7097853751035297,1.7097853751035297,-1.7855511628824903,-1.7855511628824903,-1.7855511628824903,-7.465704796357532,-7.465704796357532,-7.465704796357532,0.0,0.0,0.0,44.783504009288194
30,2018-03-16 00:00:00,56.61156215768595,33.08612849758329,51.760643216721085,56.61156215768595,56.61156215768595,0.0,0.0,0.0,0.0,0.0,0.0,0.0,0.0,0.0,0.0,0.0,0.0,0.0,0.0,0.0,0.0,0.0,0.0,0.0,0.0,0.0,0.0,0.0,0.0,0.0,0.0,0.0,0.0,0.0,0.0,-13.77527137066663,-13.77527137066663,-13.77527137066663,-5.842063855959892,-5.842063855959892,-5.842063855959892,0.7147795725005616,0.7147795725005616,0.7147795725005616,-2.1069599999321116,-2.1069599999321116,-2.1069599999321116,-2.832547516288413,-2.832547516288413,-2.832547516288413,0.0,0.0,0.0,0.00011197766099079945,0.00011197766099079945,0.00011197766099079945,1.42446880223994,1.42446880223994,1.42446880223994,0.6701887747669412,0.6701887747669412,0.6701887747669412,-0.43012955489631904,-0.43012955489631904,-0.43012955489631904,1.6402979036769316,1.6402979036769316,1.6402979036769316,-1.6538320559158133,-1.6538320559158133,-1.6538320559158133,-7.466545418451559,-7.466545418451559,-7.466545418451559,0.0,0.0,0.0,42.83629078701932
31,2018-03-16 01:00:00,56.61117678194322,29.73657839531205,49.864577695663726,56.61117678194322,56.61117678194322,0.0,0.0,0.0,0.0,0.0,0.0,0.0,0.0,0.0,0.0,0.0,0.0,0.0,0.0,0.0,0.0,0.0,0.0,0.0,0.0,0.0,0.0,0.0,0.0,0.0,0.0,0.0,0.0,0.0,0.0,-16.384766144375778,-16.384766144375778,-16.384766144375778,-7.449216755916506,-7.449216755916506,-7.449216755916506,0.7147795725005616,0.7147795725005616,0.7147795725005616,-3.041159185443013,-3.041159185443013,-3.041159185443013,-2.9057729198996176,-2.9057729198996176,-2.9057729198996176,0.0,0.0,0.0,-0.8644255512261926,-0.8644255512261926,-0.8644255512261926,1.3589752305198903,1.3589752305198903,1.3589752305198903,0.669716089265434,0.669716089265434,0.669716089265434,-0.6009475626025661,-0.6009475626025661,-0.6009475626025661,1.5729944078224891,1.5729944078224891,1.5729944078224891,-1.4134840440005225,-1.4134840440005225,-1.4134840440005225,-7.46738461083875,-7.46738461083875,-7.46738461083875,0.0,0.0,0.0,40.22641063756744
32,2018-03-16 02:00:00,56.61079140620051,29.934429503522843,50.09067401064015,56.61079140620051,56.61079140620051,0.0,0.0,0.0,0.0,0.0,0.0,0.0,0.0,0.0,0.0,0.0,0.0,0.0,0.0,0.0,0.0,0.0,0.0,0.0,0.0,0.0,0.0,0.0,0.0,0.0,0.0,0.0,0.0,0.0,0.0,-17.142614193173983,-17.142614193173983,-17.142614193173983,-8.473202645591046,-8.473202645591046,-8.473202645591046,0.7147795725005616,0.7147795725005616,0.7147795725005616,-2.708869252310586,-2.708869252310586,-2.708869252310586,-2.885996716004621,-2.885996716004621,-2.885996716004621,0.0,0.0,0.0,-0.7858312304182667,-0.7858312304182667,-0.7858312304182667,1.4492769733460196,1.4492769733460196,1.4492769733460196,0.669716089265434,0.669716089265434,0.669716089265434,-0.6614682739316108,-0.6614682739316108,-0.6614682739316108,1.507680184006853,1.507680184006853,1.507680184006853,-1.2093456670681029,-1.2093456670681029,-1.2093456670681029,-7.468222479279205,-7.468222479279205,-7.468222479279205,0.0,0.0,0.0,39.46817721302653
33,2018-03-16 03:00:00,56.61040603045778,29.409745265354857,49.1516974059396,56.61040603045778,56.61040603045778,0.0,0.0,0.0,0.0,0.0,0.0,0.0,0.0,0.0,0.0,0.0,0.0,0.0,0.0,0.0,0.0,0.0,0.0,0.0,0.0,0.0,0.0,0.0,0.0,0.0,0.0,0.0,0.0,0.0,0.0,-17.11386145200818,-17.11386145200818,-17.11386145200818,-8.309207489601697,-8.309207489601697,-8.309207489601697,0.7147795725005616,0.7147795725005616,0.7147795725005616,-2.779644237627622,-2.779644237627622,-2.779644237627622,-2.90897987188259,-2.90897987188259,-2.90897987188259,0.0,0.0,0.0,-0.707236909610341,-0.707236909610341,-0.707236909610341,1.3247399543935008,1.3247399543935008,1.3247399543935008,0.669716089265434,0.669716089265434,0.669716089265434,-0.6543961908100144,-0.6543961908100144,-0.6543961908100144,1.4440494046873487,1.4440494046873487,1.4440494046873487,-1.2182668814841726,-1.2182668814841726,-1.2182668814841726,-7.46905912946621,-7.46905912946621,-7.46905912946621,0.0,0.0,0.0,39.4965445784496
34,2018-03-16 04:00:00,56.610020654715065,31.92486588816955,50.88512663745457,56.610020654715065,56.610020654715065,0.0,0.0,0.0,0.0,0.0,0.0,0.0,0.0,0.0,0.0,0.0,0.0,0.0,0.0,0.0,0.0,0.0,0.0,0.0,0.0,0.0,0.0,0.0,0.0,0.0,0.0,0.0,0.0,0.0,0.0,-14.933314027739199,-14.933314027739199,-14.933314027739199,-6.566599044903775,-6.566599044903775,-6.566599044903775,0.7147795725005616,0.7147795725005616,0.7147795725005616,-2.278505100956183,-2.278505100956183,-2.278505100956183,-2.8106333444047675,-2.8106333444047675,-2.8106333444047675,0.0,0.0,0.0,-0.6286425888024152,-0.6286425888024152,-0.6286425888024152,1.418514841174481,1.418514841174481,1.418514841174481,0.669716089265434,0.669716089265434,0.669716089265434,-0.5714352157297511,-0.5714352157297511,-0.5714352157297511,1.3816847851440814,1.3816847851440814,1.3816847851440814,-1.0708044549597253,-1.0708044549597253,-1.0708044549597253,-7.469894667023322,-7.469894667023322,-7.469894667023322,0.0,0.0,0.0,41.676706626975864
35,2018-03-16 05:00:00,56.60963527897234,36.60252910678584,56.31954077040526,56.60963527897234,56.60963527897234,0.0,0.0,0.0,0.0,0.0,0.0,0.0,0.0,0.0,0.0,0.0,0.0,0.0,0.0,0.0,0.0,0.0,0.0,0.0,0.0,0.0,0.0,0.0,0.0,0.0,0.0,0.0,0.0,0.0,0.0,-10.445430253185368,-10.445430253185368,-10.445430253185368,-3.603315750346501,-3.603315750346501,-3.603315750346501,0.7147795725005616,0.7147795725005616,0.7147795725005616,-0.6914444269582988,-0.6914444269582988,-0.6914444269582988,-2.388384666646725,-2.388384666646725,-2.388384666646725,0.0,0.0,0.0,-0.5500482679944894,-0.5500482679944894,-0.5500482679944894,1.9429595783570008,1.9429595783570008,1.9429595783570008,0.669716089265434,0.669716089265434,0.669716089265434,-0.1854626792087882,-0.1854626792087882,-0.1854626792087882,1.3200591216178272,1.3200591216178272,1.3200591216178272,-0.8950040532312921,-0.8950040532312921,-0.8950040532312921,-7.470729197498395,-7.470729197498395,-7.470729197498395,0.0,0.0,0.0,46.16420502578697
36,2018-03-16 06:00:00,56.609249903229625,42.39065192073512,61.470776330360145,56.609249903229625,56.609249903229625,0.0,0.0,0.0,0.0,0.0,0.0,0.0,0.0,0.0,0.0,0.0,0.0,0.0,0.0,0.0,0.0,0.0,0.0,0.0,0.0,0.0,0.0,0.0,0.0,0.0,0.0,0.0,0.0,0.0,0.0,-5.115181590207558,-5.115181590207558,-5.115181590207558,-0.41870464008332053,-0.41870464008332053,-0.41870464008332053,0.7147795725005616,0.7147795725005616,0.7147795725005616,1.5165471593070523,1.5165471593070523,1.5165471593070523,-1.9260490891015272,-1.9260490891015272,-1.9260490891015272,0.0,0.0,0.0,-0.47145394718656375,-0.47145394718656375,-0.47145394718656375,3.0102070993405388,3.0102070993405388,3.0102070993405388,0.6451364431870652,0.6451364431870652,0.6451364431870652,0.3093111361059628,0.3093111361059628,0.3093111361059628,1.2585387169225148,1.2585387169225148,1.2585387169225148,-0.7653840555389845,-0.7653840555389845,-0.7653840555389845,-7.471562826353806,-7.471562826353806,-7.471562826353806,0.0,0.0,0.0,51.49406831302207
37,2018-03-16 07:00:00,56.6088645274869,46.22154427990413,65.93749726192507,56.6088645274869,56.6088645274869,0.0,0.0,0.0,0.0,0.0,0.0,0.0,0.0,0.0,0.0,0.0,0.0,0.0,0.0,0.0,0.0,0.0,0.0,0.0,0.0,0.0,0.0,0.0,0.0,0.0,0.0,0.0,0.0,0.0,0.0,-0.7514851890482174,-0.7514851890482174,-0.7514851890482174,2.020853619818398,2.020853619818398,2.020853619818398,0.7147795725005616,0.7147795725005616,0.7147795725005616,3.5036681668897254,3.5036681668897254,3.5036681668897254,-1.1590530731739441,-1.1590530731739441,-1.1590530731739441,0.0,0.0,0.0,-0.3928596263786379,-0.3928596263786379,-0.3928596263786379,3.8472347924596595,3.8472347924596595,3.8472347924596595,0.3757057073280212,0.3757057073280212,0.3757057073280212,0.660739266609898,0.660739266609898,0.660739266609898,1.1963886832081074,1.1963886832081074,1.1963886832081074,-0.5428784724558331,-0.5428784724558331,-0.5428784724558331,-7.472395658964449,-7.472395658964449,-7.472395658964449,0.0,0.0,0.0,55.85737933843868
38,2018-03-16 08:00:00,56.608479151744184,46.989909824362186,67.15160200799916,56.608479151744184,56.608479151744184,0.0,0.0,0.0,0.0,0.0,0.0,0.0,0.0,0.0,0.0,0.0,0.0,0.0,0.0,0.0,0.0,0.0,0.0,0.0,0.0,0.0,0.0,0.0,0.0,0.0,0.0,0.0,0.0,0.0,0.0,0.6308245455060789,0.6308245455060789,0.6308245455060789,3.382940523878602,3.382940523878602,3.382940523878602,0.7147795725005616,0.7147795725005616,0.7147795725005616,3.5883317375611794,3.5883317375611794,3.5883317375611794,-0.7897191031349476,-0.7897191031349476,-0.7897191031349476,0.0,0.0,0.0,-0.3142653055707122,-0.3142653055707122,-0.3142653055707122,3.746513617768976,3.746513617768976,3.746513617768976,-0.0038607503821759107,-0.0038607503821759107,-0.0038607503821759107,0.8202691416412897,0.8202691416412897,0.8202691416412897,1.1327800846729004,1.1327800846729004,1.1327800846729004,-0.5853854352618124,-0.5853854352618124,-0.5853854352618124,-7.473227800606602,-7.473227800606602,-7.473227800606602,0.0,0.0,0.0,57.239303697250264
39,2018-03-16 09:00:00,56.60809377600146,46.10043863876598,66.15786758554394,56.60809377600146,56.60809377600146,0.0,0.0,0.0,0.0,0.0,0.0,0.0,0.0,0.0,0.0,0.0,0.0,0.0,0.0,0.0,0.0,0.0,0.0,0.0,0.0,0.0,0.0,0.0,0.0,0.0,0.0,0.0,0.0,0.0,0.0,0.35108927256817596,0.35108927256817596,0.35108927256817596,3.9482259877415276,3.9482259877415276,3.9482259877415276,0.7147795725005616,0.7147795725005616,0.7147795725005616,2.810123784298854,2.810123784298854,2.810123784298854,-0.8469097468312901,-0.8469097468312901,-0.8469097468312901,0.0,0.0,0.0,-0.23567098476278647,-0.23567098476278647,-0.23567098476278647,3.6016338985094727,3.6016338985094727,3.6016338985094727,-0.3801184095818233,-0.3801184095818233,-0.3801184095818233,0.8514135076960115,0.8514135076960115,0.8514135076960115,1.0667988569841353,1.0667988569841353,1.0667988569841353,-0.8950040532312921,-0.8950040532312921,-0.8950040532312921,-7.474059356456341,-7.474059356456341,-7.474059356456341,0.0,0.0,0.0,56.959183048569635
40,2018-03-16 10:00:00,56.607708400258744,45.43138967544988,65.75721346305207,56.607708400258744,56.607708400258744,0.0,0.0,0.0,0.0,0.0,0.0,0.0,0.0,0.0,0.0,0.0,0.0,0.0,0.0,0.0,0.0,0.0,0.0,0.0,0.0,0.0,0.0,0.0,0.0,0.0,0.0,0.0,0.0,0.0,0.0,-0.9382324518432303,-0.9382324518432303,-0.9382324518432303,4.066304773611768,4.066304773611768,4.066304773611768,0.7147795725005616,0.7147795725005616,0.7147795725005616,1.4728967917536409,1.4728967917536409,1.4728967917536409,-1.2312094927908248,-1.2312094927908248,-1.2312094927908248,0.0,0.0,0.0,-0.1570766639548607,-0.1570766639548607,-0.1570766639548607,3.20420699739008,3.20420699739008,3.20420699739008,-0.7667751498146268,-0.7667751498146268,-0.7667751498146268,0.840125375021156,0.840125375021156,0.840125375021156,0.9974564143719641,0.9974564143719641,0.9974564143719641,-1.1311538465978443,-1.1311538465978443,-1.1311538465978443,-7.474890431580603,-7.474890431580603,-7.474890431580603,0.0,0.0,0.0,55.66947594841552
41,2018-03-16 11:00:00,56.60732302451602,44.781373335753834,64.07565537035781,56.60732302451602,56.60732302451602,0.0,0.0,0.0,0.0,0.0,0.0,0.0,0.0,0.0,0.0,0.0,0.0,0.0,0.0,0.0,0.0,0.0,0.0,0.0,0.0,0.0,0.0,0.0,0.0,0.0,0.0,0.0,0.0,0.0,0.0,-2.284756378617314,-2.284756378617314,-2.284756378617314,3.7171458448561547,3.7171458448561547,3.7171458448561547,0.7147795725005616,0.7147795725005616,0.7147795725005616,0.5501170769103824,0.5501170769103824,0.5501170769103824,-1.4514201956216013,-1.4514201956216013,-1.4514201956216013,0.0,0.0,0.0,-0.07848234314693496,-0.07848234314693496,-0.07848234314693496,2.8950971854083303,2.8950971854083303,2.8950971854083303,-0.9128349697803192,-0.9128349697803192,-0.9128349697803192,0.8148290777016003,0.8148290777016003,0.8148290777016003,0.9237018305461966,0.9237018305461966,0.9237018305461966,-1.4318512501512541,-1.4318512501512541,-1.4318512501512541,-7.475721130930048,-7.475721130930048,-7.475721130930048,0.0,0.0,0.0,54.3225666458987
42,2018-03-16 12:00:00,56.606937648773304,42.300613471781,61.539113374458964,56.606937648773304,56.606937648773304,0.0,0.0,0.0,0.0,0.0,0.0,0.0,0.0,0.0,0.0,0.0,0.0,0.0,0.0,0.0,0.0,0.0,0.0,0.0,0.0,0.0,0.0,0.0,0.0,0.0,0.0,0.0,0.0,0.0,0.0,-4.435431488913072,-4.435431488913072,-4.435431488913072,2.669474512041569,2.669474512041569,2.669474512041569,0.7147795725005616,0.7147795725005616,0.7147795725005616,-0.47278989785878256,-0.47278989785878256,-0.47278989785878256,-1.7753223459018208,-1.7753223459018208,-1.7753223459018208,0.0,0.0,0.0,0.00011197766099079945,0.00011197766099079945,0.00011197766099079945,2.4738544400271008,2.4738544400271008,2.4738544400271008,-0.941668785372252,-0.941668785372252,-0.941668785372252,0.7722605773735307,0.7722605773735307,0.7722605773735307,0.8444354562400493,0.8444354562400493,0.8444354562400493,-1.716805334146894,-1.716805334146894,-1.716805334146894,-7.476551559335907,-7.476551559335907,-7.476551559335907,0.0,0.0,0.0,52.17150615986023
43,2018-03-16 13:00:00,56.60655227303058,39.72461963195862,59.17362212149666,56.60655227303058,56.60655227303058,0.0,0.0,0.0,0.0,0.0,0.0,0.0,0.0,0.0,0.0,0.0,0.0,0.0,0.0,0.0,0.0,0.0,0.0,0.0,0.0,0.0,0.0,0.0,0.0,0.0,0.0,0.0,0.0,0.0,0.0,-7.3828916198531,-7.3828916198531,-7.3828916198531,1.0592093584637874,1.0592093584637874,1.0592093584637874,0.7147795725005616,0.7147795725005616,0.7147795725005616,-1.7232429713064066,-1.7232429713064066,-1.7232429713064066,-2.0104988246531357,-2.0104988246531357,-2.0104988246531357,0.0,0.0,0.0,0.07870629846891657,0.07870629846891657,0.07870629846891657,1.8913585824563555,1.8913585824563555,1.8913585824563555,-0.9407234143692377,-0.9407234143692377,-0.9407234143692377,0.6236108302215179,0.6236108302215179,0.6236108302215179,0.7585238144873748,0.7585238144873748,0.7585238144873748,-2.0804760159313846,-2.0804760159313846,-2.0804760159313846,-7.477381821497858,-7.477381821497858,-7.477381821497858,0.0,0.0,0.0,49.22366065317748
44,2018-03-16 14:00:00,56.60616689728786,37.374076438449414,56.83940850570568,56.60616689728786,56.60616689728786,0.0,0.0,0.0,0.0,0.0,0.0,0.0,0.0,0.0,0.0,0.0,0.0,0.0,0.0,0.0,0.0,0.0,0.0,0.0,0.0,0.0,0.0,0.0,0.0,0.0,0.0,0.0,0.0,0.0,0.0,-9.689165529735998,-9.689165529735998,-9.689165529735998,-0.294006761201703,-0.294006761201703,-0.294006761201703,0.7147795725005616,0.7147795725005616,0.7147795725005616,-2.58176234106791,-2.58176234106791,-2.58176234106791,-2.2093298475974295,-2.2093298475974295,-2.2093298475974295,0.0,0.0,0.0,0.1573006192768423,0.1573006192768423,0.1573006192768423,1.6144993929125087,1.6144993929125087,1.6144993929125087,-0.8736020731552302,-0.8736020731552302,-0.8736020731552302,0.5133135338443152,0.5133135338443152,0.5133135338443152,0.6648155945187573,0.6648155945187573,0.6648155945187573,-2.4987235388494784,-2.4987235388494784,-2.4987235388494784,-7.478212021985141,-7.478212021985141,-7.478212021985141,0.0,0.0,0.0,46.91700136755186
45,2018-03-16 15:00:00,56.60578152154514,36.677693901252454,57.23497141556838,56.60578152154514,56.60578152154514,0.0,0.0,0.0,0.0,0.0,0.0,0.0,0.0,0.0,0.0,0.0,0.0,0.0,0.0,0.0,0.0,0.0,0.0,0.0,0.0,0.0,0.0,0.0,0.0,0.0,0.0,0.0,0.0,0.0,0.0,-9.891687670678076,-9.891687670678076,-9.891687670678076,-0.310307806455933,-0.310307806455933,-0.310307806455933,0.7147795725005616,0.7147795725005616,0.7147795725005616,-2.6644961468299706,-2.6644961468299706,-2.6644961468299706,-2.249416747384585,-2.249416747384585,-2.249416747384585,0.0,0.0,0.0,0.2358949400847681,0.2358949400847681,0.2358949400847681,1.6090415952691712,1.6090415952691712,1.6090415952691712,-0.723288083675974,-0.723288083675974,-0.723288083675974,0.4529288241137629,0.4529288241137629,0.4529288241137629,0.5621585478314832,0.5621585478314832,0.5621585478314832,-2.704436247737675,-2.704436247737675,-2.704436247737675,-7.479042265223654,-7.479042265223654,-7.479042265223654,0.0,0.0,0.0,46.714093850867066
46,2018-03-16 16:00:00,56.605396145802416,39.566885858728355,58.20138681673741,56.605396145802416,56.605396145802416,0.0,0.0,0.0,0.0,0.0,0.0,0.0,0.0,0.0,0.0,0.0,0.0,0.0,0.0,0.0,0.0,0.0,0.0,0.0,0.0,0.0,0.0,0.0,0.0,0.0,0.0,0.0,0.0,0.0,0.0,-7.423413695499736,-7.423413695499736,-7.423413695499736,1.4520807400268592,1.4520807400268592,1.4520807400268592,0.7147795725005616,0.7147795725005616,0.7147795725005616,-1.8450388543318248,-1.8450388543318248,-1.8450388543318248,-2.1505357279096002,-2.1505357279096002,-2.1505357279096002,0.0,0.0,0.0,0.31448926089269386,0.31448926089269386,0.31448926089269386,1.815941742293874,1.815941742293874,1.815941742293874,-0.4198239917084193,-0.4198239917084193,-0.4198239917084193,0.41294435415704583,0.41294435415704583,0.41294435415704583,0.44941707429681654,0.44941707429681654,0.44941707429681654,-2.53283406455798,-2.53283406455798,-2.53283406455798,-7.479872655491588,-7.479872655491588,-7.479872655491588,0.0,0.0,0.0,49.181982450302684
47,2018-03-16 17:00:00,56.6050107700597,43.76908867909902,63.296527781280695,56.6050107700597,56.6050107700597,0.0,0.0,0.0,0.0,0.0,0.0,0.0,0.0,0.0,0.0,0.0,0.0,0.0,0.0,0.0,0.0,0.0,0.0,0.0,0.0,0.0,0.0,0.0,0.0,0.0,0.0,0.0,0.0,0.0,0.0,-3.379565461324183,-3.379565461324183,-3.379565461324183,4.236206763467964,4.236206763467964,4.236206763467964,0.7147795725005616,0.7147795725005616,0.7147795725005616,-0.4605592019269533,-0.4605592019269533,-0.4605592019269533,-1.8950485532661265,-1.8950485532661265,-1.8950485532661265,0.0,0.0,0.0,0.3930835817006196,0.3930835817006196,0.3930835817006196,2.1076858345013685,2.1076858345013685,2.1076858345013685,0.13699952906693832,0.13699952906693832,0.13699952906693832,0.3996161975048068,0.3996161975048068,0.3996161975048068,0.3254902740498142,0.3254902740498142,0.3254902740498142,-2.3176753639351215,-2.3176753639351215,-2.3176753639351215,-7.480703296915007,-7.480703296915007,-7.480703296915007,0.0,0.0,0.0,53.225445308735516
48,2018-03-16 18:00:00,56.62856869968441,48.6796205903738,67.86628873365139,56.62856869968441,56.62856869968441,0.0,0.0,0.0,0.0,0.0,0.0,0.0,0.0,0.0,0.0,0.0,0.0,0.0,0.0,0.0,0.0,0.0,0.0,0.0,0.0,0.0,0.0,0.0,0.0,0.0,0.0,0.0,0.0,0.0,0.0,1.3796946881134582,1.3796946881134582,1.3796946881134582,6.327732272022648,6.327732272022648,6.327732272022648,0.837533963633643,0.837533963633643,0.837533963633643,2.429771491174512,2.429771491174512,2.429771491174512,-1.1913436244201001,-1.1913436244201001,-1.1913436244201001,0.0,0.0,0.0,0.6202496543885289,0.6202496543885289,0.6202496543885289,2.785706617016972,2.785706617016972,2.785706617016972,0.5330391929290157,0.5330391929290157,0.5330391929290157,0.7531363429504649,0.7531363429504649,0.7531363429504649,-0.012913524794924428,-0.012913524794924428,-0.012913524794924428,-1.9085506553240124,-1.9085506553240124,-1.9085506553240124,-7.364895550288778,-7.364895550288778,-7.364895550288778,0.0,0.0,0.0,58.00826338779787
49,2018-03-16 19:00:00,56.62819835437908,49.1727461423229,68.51577344061147,56.62819835437908,56.62819835437908,0.0,0.0,0.0,0.0,0.0,0.0,0.0,0.0,0.0,0.0,0.0,0.0,0.0,0.0,0.0,0.0,0.0,0.0,0.0,0.0,0.0,0.0,0.0,0.0,0.0,0.0,0.0,0.0,0.0,0.0,2.0310093097181836,2.0310093097181836,2.0310093097181836,6.601813653744301,6.601813653744301,6.601813653744301,0.837533963633643,0.837533963633643,0.837533963633643,2.9640148815964724,2.9640148815964724,2.9640148815964724,-1.0764631767531965,-1.0764631767531965,-1.0764631767531965,0.0,0.0,0.0,0.7236000762409625,0.7236000762409625,0.7236000762409625,2.826121339033029,2.826121339033029,2.826121339033029,0.6333316772807127,0.6333316772807127,0.6333316772807127,0.9728023993211221,0.9728023993211221,0.9728023993211221,-0.16906298484015886,-0.16906298484015886,-0.16906298484015886,-1.9529113971598,-1.9529113971598,-1.9529113971598,-7.365756240782432,-7.365756240782432,-7.365756240782432,0.0,0.0,0.0,58.659207664097266
50,2018-03-16 20:00:00,56.627828009073745,45.33324784435701,65.38817761970574,56.627828009073745,56.627828009073745,0.0,0.0,0.0,0.0,0.0,0.0,0.0,0.0,0.0,0.0,0.0,0.0,0.0,0.0,0.0,0.0,0.0,0.0,0.0,0.0,0.0,0.0,0.0,0.0,0.0,0.0,0.0,0.0,0.0,0.0,-0.886221953857947,-0.886221953857947,-0.886221953857947,4.718262391208627,4.718262391208627,4.718262391208627,0.837533963633643,0.837533963633643,0.837533963633643,2.101110532236869,2.101110532236869,2.101110532236869,-1.3553846240165346,-1.3553846240165346,-1.3553846240165346,0.0,0.0,0.0,0.8269504980933959,0.8269504980933959,0.8269504980933959,2.6131119806425174,2.6131119806425174,2.6131119806425174,0.6725549756162774,0.6725549756162774,0.6725549756162774,0.8476821188187779,0.8476821188187779,0.8476821188187779,-0.3389766107800255,-0.3389766107800255,-0.3389766107800255,-2.341338380551208,-2.341338380551208,-2.341338380551208,-7.3666182665234174,-7.3666182665234174,-7.3666182665234174,0.0,0.0,0.0,55.7416060552158
51,2018-03-16 21:00:00,56.627457663768425,41.53340980850782,60.574036423461656,56.627457663768425,56.627457663768425,0.0,0.0,0.0,0.0,0.0,0.0,0.0,0.0,0.0,0.0,0.0,0.0,0.0,0.0,0.0,0.0,0.0,0.0,0.0,0.0,0.0,0.0,0.0,0.0,0.0,0.0,0.0,0.0,0.0,0.0,-5.171880319768998,-5.171880319768998,-5.171880319768998,1.5894878081203594,1.5894878081203594,1.5894878081203594,0.837533963633643,0.837533963633643,0.837533963633643,1.129617808133904,1.129617808133904,1.129617808133904,-1.823703566082065,-1.823703566082065,-1.823703566082065,0.0,0.0,0.0,0.9303009199458295,0.9303009199458295,0.9303009199458295,2.3982007529806624,2.3982007529806624,2.3982007529806624,0.6795059398782763,0.6795059398782763,0.6795059398782763,0.5091674752040389,0.5091674752040389,0.5091674752040389,-0.5235042044118247,-0.5235042044118247,-0.5235042044118247,-2.401387677426481,-2.401387677426481,-2.401387677426481,-7.367481731611438,-7.367481731611438,-7.367481731611438,0.0,0.0,0.0,51.45557734399943
52,2018-03-16 22:00:00,56.62708731846309,36.57473757463954,56.1204440581658,56.62708731846309,56.62708731846309,0.0,0.0,0.0,0.0,0.0,0.0,0.0,0.0,0.0,0.0,0.0,0.0,0.0,0.0,0.0,0.0,0.0,0.0,0.0,0.0,0.0,0.0,0.0,0.0,0.0,0.0,0.0,0.0,0.0,0.0,-9.717456654914185,-9.717456654914185,-9.717456654914185,-1.5467109512036041,-1.5467109512036041,-1.5467109512036041,0.837533963633643,0.837533963633643,0.837533963633643,-0.07902070956319258,-0.07902070956319258,-0.07902070956319258,-2.234582284314144,-2.234582284314144,-2.234582284314144,0.0,0.0,0.0,1.033651341798263,1.033651341798263,1.033651341798263,1.8747112360432672,1.8747112360432672,1.8747112360432672,0.697379847980559,0.697379847980559,0.697379847980559,0.13098437173078736,0.13098437173078736,0.13098437173078736,-0.7233782542130962,-0.7233782542130962,-0.7233782542130962,-2.418699186435569,-2.418699186435569,-2.418699186435569,-7.3683467399342915,-7.3683467399342915,-7.3683467399342915,0.0,0.0,0.0,46.9096306635489
53,2018-03-16 23:00:00,56.62671697315777,33.094054845813716,53.19082283538904,56.62671697315777,56.62671697315777,0.0,0.0,0.0,0.0,0.0,0.0,0.0,0.0,0.0,0.0,0.0,0.0,0.0,0.0,0.0,0.0,0.0,0.0,0.0,0.0,0.0,0.0,0.0,0.0,0.0,0.0,0.0,0.0,0.0,0.0,-12.750745711161162,-12.750745711161162,-12.750745711161162,-4.006091471517739,-4.006091471517739,-4.006091471517739,0.837533963633643,0.837533963633643,0.837533963633643,-0.43624386820696714,-0.43624386820696714,-0.43624386820696714,-2.399140763404574,-2.399140763404574,-2.399140763404574,0.0,0.0,0.0,1.1370017636506966,1.1370017636506966,1.1370017636506966,1.7344483772816583,1.7344483772816583,1.7344483772816583,0.7033378173479865,0.7033378173479865,0.7033378173479865,-0.17084086632311365,-0.17084086632311365,-0.17084086632311365,-0.9391969762762353,-0.9391969762762353,-0.9391969762762353,-2.2785841603932644,-2.2785841603932644,-2.2785841603932644,-7.369213395160224,-7.369213395160224,-7.369213395160224,0.0,0.0,0.0,43.87597126199661
54,2018-03-17 00:00:00,56.626346627852435,31.404034948027007,51.029120111647075,56.626346627852435,56.626346627852435,0.0,0.0,0.0,0.0,0.0,0.0,0.0,0.0,0.0,0.0,0.0,0.0,0.0,0.0,0.0,0.0,0.0,0.0,0.0,0.0,0.0,0.0,0.0,0.0,0.0,0.0,0.0,0.0,0.0,0.0,-14.976350232270818,-14.976350232270818,-14.976350232270818,-5.842410752020233,-5.842410752020233,-5.842410752020233,2.512065544972887,2.512065544972887,2.512065544972887,-0.5924492176357735,-0.5924492176357735,-0.5924492176357735,-2.5326504728552988,-2.5326504728552988,-2.5326504728552988,0.0,0.0,0.0,0.00014712327392788784,0.00014712327392788784,0.00014712327392788784,1.5937100512022135,1.5937100512022135,1.5937100512022135,0.7033378173479865,0.7033378173479865,0.7033378173479865,-0.47470440468595015,-0.47470440468595015,-0.47470440468595015,-1.1714084618836837,-1.1714084618836837,-1.1714084618836837,-2.3943548768915393,-2.3943548768915393,-2.3943548768915393,-7.370081800731129,-7.370081800731129,-7.370081800731129,0.0,0.0,0.0,41.64999639558162
55,2018-03-17 01:00:00,56.625976282547114,28.58680195014199,48.31061275553357,56.625976282547114,56.625976282547114,0.0,0.0,0.0,0.0,0.0,0.0,0.0,0.0,0.0,0.0,0.0,0.0,0.0,0.0,0.0,0.0,0.0,0.0,0.0,0.0,0.0,0.0,0.0,0.0,0.0,0.0,0.0,0.0,0.0,0.0,-18.336114775035128,-18.336114775035128,-18.336114775035128,-7.306861945046708,-7.306861945046708,-7.306861945046708,2.512065544972887,2.512065544972887,2.512065544972887,-2.238004605561731,-2.238004605561731,-2.238004605561731,-2.674957333703941,-2.674957333703941,-2.674957333703941,0.0,0.0,0.0,-1.1367075171028407,-1.1367075171028407,-1.1367075171028407,1.5670838814033996,1.5670838814033996,1.5670838814033996,0.7033378173479865,0.7033378173479865,0.7033378173479865,-0.6619144484450971,-0.6619144484450971,-0.6619144484450971,-1.4202961645718999,-1.4202961645718999,-1.4202961645718999,-2.5469125500341256,-2.5469125500341256,-2.5469125500341256,-7.370952059854787,-7.370952059854787,-7.370952059854787,0.0,0.0,0.0,38.289861507511986
56,2018-03-17 02:00:00,56.62560593724178,26.35743928438947,46.65133068756369,56.62560593724178,56.62560593724178,0.0,0.0,0.0,0.0,0.0,0.0,0.0,0.0,0.0,0.0,0.0,0.0,0.0,0.0,0.0,0.0,0.0,0.0,0.0,0.0,0.0,0.0,0.0,0.0,0.0,0.0,0.0,0.0,0.0,0.0,-19.700343782202733,-19.700343782202733,-19.700343782202733,-8.242563004206046,-8.242563004206046,-8.242563004206046,2.512065544972887,2.512065544972887,2.512065544972887,-2.399990555366666,-2.399990555366666,-2.399990555366666,-2.6532231949561487,-2.6532231949561487,-2.6532231949561487,0.0,0.0,0.0,-1.0333570952504072,-1.0333570952504072,-1.0333570952504072,1.267064003848907,1.267064003848907,1.267064003848907,0.7038343147952723,0.7038343147952723,0.7038343147952723,-0.7701011571501316,-0.7701011571501316,-0.7701011571501316,-1.6859659471295534,-1.6859659471295534,-1.6859659471295534,-2.4262729716270446,-2.4262729716270446,-2.4262729716270446,-7.371824275500468,-7.371824275500468,-7.371824275500468,0.0,0.0,0.0,36.92526215503905
57,2018-03-17 03:00:00,56.62523559193646,27.10304198860551,46.991571345128264,56.62523559193646,56.62523559193646,0.0,0.0,0.0,0.0,0.0,0.0,0.0,0.0,0.0,0.0,0.0,0.0,0.0,0.0,0.0,0.0,0.0,0.0,0.0,0.0,0.0,0.0,0.0,0.0,0.0,0.0,0.0,0.0,0.0,0.0,-19.407063151389657,-19.407063151389657,-19.407063151389657,-8.072347221953573,-8.072347221953573,-8.072347221953573,2.512065544972887,2.512065544972887,2.512065544972887,-1.9936824874273351,-1.9936824874273351,-1.9936824874273351,-2.6521882359681586,-2.6521882359681586,-2.6521882359681586,0.0,0.0,0.0,-0.9300066733979736,-0.9300066733979736,-0.9300066733979736,1.15247638025044,1.15247638025044,1.15247638025044,0.7038343147952723,0.7038343147952723,0.7038343147952723,-0.8442639299290903,-0.8442639299290903,-0.8442639299290903,-1.9683348916187489,-1.9683348916187489,-1.9683348916187489,-1.935599888150712,-1.935599888150712,-1.935599888150712,-7.372698550390003,-7.372698550390003,-7.372698550390003,0.0,0.0,0.0,37.2181724405468
58,2018-03-17 04:00:00,56.624865246631124,29.50497041866772,49.387081920324405,56.624865246631124,56.624865246631124,0.0,0.0,0.0,0.0,0.0,0.0,0.0,0.0,0.0,0.0,0.0,0.0,0.0,0.0,0.0,0.0,0.0,0.0,0.0,0.0,0.0,0.0,0.0,0.0,0.0,0.0,0.0,0.0,0.0,0.0,-17.374504025991914,-17.374504025991914,-17.374504025991914,-6.383328151051671,-6.383328151051671,-6.383328151051671,2.512065544972887,2.512065544972887,2.512065544972887,-1.3504788313987246,-1.3504788313987246,-1.3504788313987246,-2.522818362469393,-2.522818362469393,-2.522818362469393,0.0,0.0,0.0,-0.8266562515455402,-0.8266562515455402,-0.8266562515455402,1.228075683786358,1.228075683786358,1.228075683786358,0.7038343147952723,0.7038343147952723,0.7038343147952723,-0.8323477127383908,-0.8323477127383908,-0.8323477127383908,-2.267122056547849,-2.267122056547849,-2.267122056547849,-1.6126320481999175,-1.6126320481999175,-1.6126320481999175,-7.373574986993668,-7.373574986993668,-7.373574986993668,0.0,0.0,0.0,39.250361220639206
59,2018-03-17 05:00:00,56.624494901325804,32.45086760614091,51.952543991658,56.624494901325804,56.624494901325804,0.0,0.0,0.0,0.0,0.0,0.0,0.0,0.0,0.0,0.0,0.0,0.0,0.0,0.0,0.0,0.0,0.0,0.0,0.0,0.0,0.0,0.0,0.0,0.0,0.0,0.0,0.0,0.0,0.0,0.0,-14.714241251243342,-14.714241251243342,-14.714241251243342,-3.483907933720744,-3.483907933720744,-3.483907933720744,2.512065544972887,2.512065544972887,2.512065544972887,-1.274038285549165,-1.274038285549165,-1.274038285549165,-2.6320065357023505,-2.6320065357023505,-2.6320065357023505,0.0,0.0,0.0,-0.7233058296931067,-0.7233058296931067,-0.7233058296931067,1.2247474125615063,1.2247474125615063,1.2247474125615063,0.7038343147952723,0.7038343147952723,0.7038343147952723,-0.7251017580220955,-0.7251017580220955,-0.7251017580220955,-2.58184134445248,-2.58184134445248,-2.58184134445248,-1.6342714344612774,-1.6342714344612774,-1.6342714344612774,-7.374453687520955,-7.374453687520955,-7.374453687520955,0.0,0.0,0.0,41.91025365008246
60,2018-03-17 06:00:00,56.62412455602047,35.645181919288056,55.91313163985125,56.62412455602047,56.62412455602047,0.0,0.0,0.0,0.0,0.0,0.0,0.0,0.0,0.0,0.0,0.0,0.0,0.0,0.0,0.0,0.0,0.0,0.0,0.0,0.0,0.0,0.0,0.0,0.0,0.0,0.0,0.0,0.0,0.0,0.0,-11.278019532107995,-11.278019532107995,-11.278019532107995,-0.3366584800398953,-0.3366584800398953,-0.3366584800398953,2.512065544972887,2.512065544972887,2.512065544972887,-0.6542296799827607,-0.6542296799827607,-0.6542296799827607,-2.601992725050638,-2.601992725050638,-2.601992725050638,0.0,0.0,0.0,-0.6199554078406732,-0.6199554078406732,-0.6199554078406732,1.5380803750154057,1.5380803750154057,1.5380803750154057,0.6824849245619901,0.6824849245619901,0.6824849245619901,-0.6042148704690785,-0.6042148704690785,-0.6042148704690785,-2.911796618168364,-2.911796618168364,-2.911796618168364,-1.5606975211726541,-1.5606975211726541,-1.5606975211726541,-7.375334753916975,-7.375334753916975,-7.375334753916975,0.0,0.0,0.0,45.34610502391247
61,2018-03-17 07:00:00,56.62375421071515,38.68928354444601,57.852484543945906,56.62375421071515,56.62375421071515,0.0,0.0,0.0,0.0,0.0,0.0,0.0,0.0,0.0,0.0,0.0,0.0,0.0,0.0,0.0,0.0,0.0,0.0,0.0,0.0,0.0,0.0,0.0,0.0,0.0,0.0,0.0,0.0,0.0,0.0,-8.511168512198598,-8.511168512198598,-8.511168512198598,2.093461686082156,2.093461686082156,2.093461686082156,2.512065544972887,2.512065544972887,2.512065544972887,0.027667267951466307,0.027667267951466307,0.027667267951466307,-2.656845551414114,-2.656845551414114,-2.656845551414114,0.0,0.0,0.0,-0.5166049859882397,-0.5166049859882397,-0.5166049859882397,1.8328701120737028,1.8328701120737028,1.8328701120737028,0.4838859456477384,0.4838859456477384,0.4838859456477384,-0.30395755572974326,-0.30395755572974326,-0.30395755572974326,-3.256079178379274,-3.256079178379274,-3.256079178379274,-1.3237462416107648,-1.3237462416107648,-1.3237462416107648,-7.376218287852946,-7.376218287852946,-7.376218287852946,0.0,0.0,0.0,48.112585698516554
62,2018-03-17 08:00:00,56.623383865409814,40.11626506848915,59.584002075792306,56.623383865409814,56.623383865409814,0.0,0.0,0.0,0.0,0.0,0.0,0.0,0.0,0.0,0.0,0.0,0.0,0.0,0.0,0.0,0.0,0.0,0.0,0.0,0.0,0.0,0.0,0.0,0.0,0.0,0.0,0.0,0.0,0.0,0.0,-6.588806695751465,-6.588806695751465,-6.588806695751465,3.4511680670957894,3.4511680670957894,3.4511680670957894,2.512065544972887,2.512065544972887,2.512065544972887,0.9506973157143498,0.9506973157143498,0.9506973157143498,-2.4343293689962375,-2.4343293689962375,-2.4343293689962375,0.0,0.0,0.0,-0.41325456413580614,-0.41325456413580614,-0.41325456413580614,2.3349635997084794,2.3349635997084794,2.3349635997084794,0.20832986240421422,0.20832986240421422,0.20832986240421422,0.14619322788207484,0.14619322788207484,0.14619322788207484,-3.613567687840853,-3.613567687840853,-3.613567687840853,-1.4032709861212618,-1.4032709861212618,-1.4032709861212618,-7.377104390720751,-7.377104390720751,-7.377104390720751,0.0,0.0,0.0,50.03457716965835
63,2018-03-17 09:00:00,56.623013520104486,41.18531773311972,61.1479892029564,56.623013520104486,56.623013520104486,0.0,0.0,0.0,0.0,0.0,0.0,0.0,0.0,0.0,0.0,0.0,0.0,0.0,0.0,0.0,0.0,0.0,0.0,0.0,0.0,0.0,0.0,0.0,0.0,0.0,0.0,0.0,0.0,0.0,0.0,-5.578893461820272,-5.578893461820272,-5.578893461820272,3.999153919860886,3.999153919860886,3.999153919860886,2.512065544972887,2.512065544972887,2.512065544972887,1.782876380203277,1.782876380203277,1.782876380203277,-2.2744282053517635,-2.2744282053517635,-2.2744282053517635,0.0,0.0,0.0,-0.30990414228337265,-0.30990414228337265,-0.30990414228337265,2.8151855907228014,2.8151855907228014,2.8151855907228014,0.15818362022836566,0.15818362022836566,0.15818362022836566,0.40568453644270147,0.40568453644270147,0.40568453644270147,-3.98293059825554,-3.98293059825554,-3.98293059825554,-1.5239105645283426,-1.5239105645283426,-1.5239105645283426,-7.377993163628895,-7.377993163628895,-7.377993163628895,0.0,0.0,0.0,51.044120058284214
64,2018-03-17 10:00:00,56.62264317479916,40.73601148682473,60.06093084984599,56.62264317479916,56.62264317479916,0.0,0.0,0.0,0.0,0.0,0.0,0.0,0.0,0.0,0.0,0.0,0.0,0.0,0.0,0.0,0.0,0.0,0.0,0.0,0.0,0.0,0.0,0.0,0.0,0.0,0.0,0.0,0.0,0.0,0.0,-5.831276814472674,-5.831276814472674,-5.831276814472674,4.091294780223991,4.091294780223991,4.091294780223991,2.512065544972887,2.512065544972887,2.512065544972887,1.8189442180127693,1.8189442180127693,1.8189442180127693,-2.3323859086792105,-2.3323859086792105,-2.3323859086792105,0.0,0.0,0.0,-0.20655372043093914,-0.20655372043093914,-0.20655372043093914,2.7129601173880697,2.7129601173880697,2.7129601173880697,0.14428169170436805,0.14428169170436805,0.14428169170436805,0.4762410855981588,0.4762410855981588,0.4762410855981588,-4.362631105318057,-4.362631105318057,-4.362631105318057,-1.487664592540565,-1.487664592540565,-1.487664592540565,-7.378884707391377,-7.378884707391377,-7.378884707391377,0.0,0.0,0.0,50.791366360326485
65,2018-03-17 11:00:00,56.62227282949384,40.259543990144444,59.759239722324345,56.62227282949384,56.62227282949384,0.0,0.0,0.0,0.0,0.0,0.0,0.0,0.0,0.0,0.0,0.0,0.0,0.0,0.0,0.0,0.0,0.0,0.0,0.0,0.0,0.0,0.0,0.0,0.0,0.0,0.0,0.0,0.0,0.0,0.0,-6.869401063221432,-6.869401063221432,-6.869401063221432,3.7249526438494187,3.7249526438494187,3.7249526438494187,2.512065544972887,2.512065544972887,2.512065544972887,1.5363600434486764,1.5363600434486764,1.5363600434486764,-2.294609905617571,-2.294609905617571,-2.294609905617571,0.0,0.0,0.0,-0.10320329857850563,-0.10320329857850563,-0.10320329857850563,2.508984638036442,2.508984638036442,2.508984638036442,0.04349270990538534,0.04349270990538534,0.04349270990538534,0.39408190391491515,0.39408190391491515,0.39408190391491515,-4.750934627996429,-4.750934627996429,-4.750934627996429,-1.5244515491848765,-1.5244515491848765,-1.5244515491848765,-7.379779122523102,-7.379779122523102,-7.379779122523102,0.0,0.0,0.0,49.752871766272406
66,2018-03-17 12:00:00,56.6219024841885,37.69929908408277,57.93548445828682,56.6219024841885,56.6219024841885,0.0,0.0,0.0,0.0,0.0,0.0,0.0,0.0,0.0,0.0,0.0,0.0,0.0,0.0,0.0,0.0,0.0,0.0,0.0,0.0,0.0,0.0,0.0,0.0,0.0,0.0,0.0,0.0,0.0,0.0,-9.086478738390374,-9.086478738390374,-9.086478738390374,2.6768317440493674,2.6768317440493674,2.6768317440493674,2.512065544972887,2.512065544972887,2.512065544972887,0.7632848029699267,0.7632848029699267,0.7632848029699267,-2.439504163936188,-2.439504163936188,-2.439504163936188,0.0,0.0,0.0,0.00014712327392788784,0.00014712327392788784,0.00014712327392788784,2.0734565748986995,2.0734565748986995,2.0734565748986995,0.003276416675249382,0.003276416675249382,0.003276416675249382,0.42826263217244787,0.42826263217244787,0.42826263217244787,-5.145918776176076,-5.145918776176076,-5.145918776176076,-1.8144193250870972,-1.8144193250870972,-1.8144193250870972,-7.3806765092335915,-7.3806765092335915,-7.3806765092335915,0.0,0.0,0.0,47.53542374579813
67,2018-03-17 13:00:00,56.621532138883175,34.60701227623552,54.635808950588384,56.621532138883175,56.621532138883175,0.0,0.0,0.0,0.0,0.0,0.0,0.0,0.0,0.0,0.0,0.0,0.0,0.0,0.0,0.0,0.0,0.0,0.0,0.0,0.0,0.0,0.0,0.0,0.0,0.0,0.0,0.0,0.0,0.0,0.0,-11.940443531755125,-11.940443531755125,-11.940443531755125,1.0708542263242962,1.0708542263242962,1.0708542263242962,2.512065544972887,2.512065544972887,2.512065544972887,-0.0842350506254225,-0.0842350506254225,-0.0842350506254225,-2.5554195705910816,-2.5554195705910816,-2.5554195705910816,0.0,0.0,0.0,0.10349754512636139,0.10349754512636139,0.10349754512636139,1.6697848220559675,1.6697848220559675,1.6697848220559675,0.010227380937248188,0.010227380937248188,0.010227380937248188,0.31678328450682514,0.31678328450682514,0.31678328450682514,-5.545485740033359,-5.545485740033359,-5.545485740033359,-2.14117405763363,-2.14117405763363,-2.14117405763363,-7.3815769674206395,-7.3815769674206395,-7.3815769674206395,0.0,0.0,0.0,44.681088607128046
68,2018-03-17 14:00:00,56.62116179357785,31.54477630632473,51.54143273135213,56.62116179357785,56.62116179357785,0.0,0.0,0.0,0.0,0.0,0.0,0.0,0.0,0.0,0.0,0.0,0.0,0.0,0.0,0.0,0.0,0.0,0.0,0.0,0.0,0.0,0.0,0.0,0.0,0.0,0.0,0.0,0.0,0.0,0.0,-14.491060033468159,-14.491060033468159,-14.491060033468159,-0.2930946168571684,-0.2930946168571684,-0.2930946168571684,2.512065544972887,2.512065544972887,2.512065544972887,-0.8681078147967544,-0.8681078147967544,-0.8681078147967544,-2.7494743808392297,-2.7494743808392297,-2.7494743808392297,0.0,0.0,0.0,0.2068479669787949,0.2068479669787949,0.2068479669787949,1.3222182127178788,1.3222182127178788,1.3222182127178788,0.12293230147108603,0.12293230147108603,0.12293230147108603,0.13600172633739768,0.13600172633739768,0.13600172633739768,-5.947377005150537,-5.947377005150537,-5.947377005150537,-2.418699186435569,-2.418699186435569,-2.418699186435569,-7.382480596663699,-7.382480596663699,-7.382480596663699,0.0,0.0,0.0,42.13010176010969
69,2018-03-17 15:00:00,56.62079144827253,31.102901213578193,51.348272752423235,56.62079144827253,56.62079144827253,0.0,0.0,0.0,0.0,0.0,0.0,0.0,0.0,0.0,0.0,0.0,0.0,0.0,0.0,0.0,0.0,0.0,0.0,0.0,0.0,0.0,0.0,0.0,0.0,0.0,0.0,0.0,0.0,0.0,0.0,-15.370101729220588,-15.370101729220588,-15.370101729220588,-0.3417892900727476,-0.3417892900727476,-0.3417892900727476,2.512065544972887,2.512065544972887,2.512065544972887,-1.2957346755968102,-1.2957346755968102,-1.2957346755968102,-2.9186901753756147,-2.9186901753756147,-2.9186901753756147,0.0,0.0,0.0,0.31019838883122847,0.31019838883122847,0.31019838883122847,1.2903619024228692,1.2903619024228692,1.2903619024228692,0.21230184198249927,0.21230184198249927,0.21230184198249927,0.00994069184631382,0.00994069184631382,0.00994069184631382,-6.3491902673360325,-6.3491902673360325,-6.3491902673360325,-2.7119128702769935,-2.7119128702769935,-2.7119128702769935,-7.383387496214996,-7.383387496214996,-7.383387496214996,0.0,0.0,0.0,41.25068971905194
70,2018-03-17 16:00:00,56.62042110296719,34.40772920340391,53.08294805945934,56.62042110296719,56.62042110296719,0.0,0.0,0.0,0.0,0.0,0.0,0.0,0.0,0.0,0.0,0.0,0.0,0.0,0.0,0.0,0.0,0.0,0.0,0.0,0.0,0.0,0.0,0.0,0.0,0.0,0.0,0.0,0.0,0.0,0.0,-13.066173308793665,-13.066173308793665,-13.066173308793665,1.37947670088522,1.37947670088522,1.37947670088522,2.512065544972887,2.512065544972887,2.512065544972887,-0.31295385232116313,-0.31295385232116313,-0.31295385232116313,-2.674439854209946,-2.674439854209946,-2.674439854209946,0.0,0.0,0.0,0.4135488106836619,0.4135488106836619,0.4135488106836619,1.583249770209822,1.583249770209822,1.583249770209822,0.3061398595194832,0.3061398595194832,0.3061398595194832,-0.0018187330129290787,-0.0018187330129290787,-0.0018187330129290787,-6.748398392361714,-6.748398392361714,-6.748398392361714,-2.4516992504841424,-2.4516992504841424,-2.4516992504841424,-7.384297764996008,-7.384297764996008,-7.384297764996008,0.0,0.0,0.0,43.55424779417353
71,2018-03-17 17:00:00,56.620050757661865,37.25580712171186,57.06521882843384,56.620050757661865,56.620050757661865,0.0,0.0,0.0,0.0,0.0,0.0,0.0,0.0,0.0,0.0,0.0,0.0,0.0,0.0,0.0,0.0,0.0,0.0,0.0,0.0,0.0,0.0,0.0,0.0,0.0,0.0,0.0,0.0,0.0,0.0,-9.213050017134021,-9.213050017134021,-9.213050017134021,4.131273924045948,4.131273924045948,4.131273924045948,2.512065544972887,2.512065544972887,2.512065544972887,1.1832578016344715,1.1832578016344715,1.1832578016344715,-2.235099763808139,-2.235099763808139,-2.235099763808139,0.0,0.0,0.0,0.5168992325360954,0.5168992325360954,0.5168992325360954,1.9060920790204408,1.9060920790204408,1.9060920790204408,0.432250211130033,0.432250211130033,0.432250211130033,0.056978391283285405,0.056978391283285405,0.056978391283285405,-7.142370241224821,-7.142370241224821,-7.142370241224821,-2.0059278935001315,-2.0059278935001315,-2.0059278935001315,-7.38521150158962,-7.38521150158962,-7.38521150158962,0.0,0.0,0.0,47.40700074052784
72,2018-03-17 18:00:00,56.66231050584593,42.11692510279214,62.215976786218576,56.66231050584593,56.66231050584593,0.0,0.0,0.0,0.0,0.0,0.0,0.0,0.0,0.0,0.0,0.0,0.0,0.0,0.0,0.0,0.0,0.0,0.0,0.0,0.0,0.0,0.0,0.0,0.0,0.0,0.0,0.0,0.0,0.0,0.0,-4.799523303370547,-4.799523303370547,-4.799523303370547,6.376033743968262,6.376033743968262,6.376033743968262,2.1295105903889513,2.1295105903889513,2.1295105903889513,3.2934712817116973,3.2934712817116973,3.2934712817116973,-1.5269811715545467,-1.5269811715545467,-1.5269811715545467,0.0,0.0,0.0,0.5052871369824322,0.5052871369824322,0.5052871369824322,2.791242601961489,2.791242601961489,2.791242601961489,0.601535774745606,0.601535774745606,0.601535774745606,0.2894956116528254,0.2894956116528254,0.2894956116528254,-7.075141263527237,-7.075141263527237,-7.075141263527237,-1.4966192624650603,-1.4966192624650603,-1.4966192624650603,-7.393887065523272,-7.393887065523272,-7.393887065523272,0.0,0.0,0.0,51.86278720247538
73,2018-03-17 19:00:00,56.66192690575928,43.76845439859193,63.15115126131799,56.66192690575928,56.66192690575928,0.0,0.0,0.0,0.0,0.0,0.0,0.0,0.0,0.0,0.0,0.0,0.0,0.0,0.0,0.0,0.0,0.0,0.0,0.0,0.0,0.0,0.0,0.0,0.0,0.0,0.0,0.0,0.0,0.0,0.0,-3.136336039374623,-3.136336039374623,-3.136336039374623,6.65401414855459,6.65401414855459,6.65401414855459,2.1295105903889513,2.1295105903889513,2.1295105903889513,5.038709796764519,5.038709796764519,5.038709796764519,-1.119526894147907,-1.119526894147907,-1.119526894147907,0.0,0.0,0.0,0.5894817011635278,0.5894817011635278,0.5894817011635278,3.352642534667077,3.352642534667077,3.352642534667077,0.6977565074886432,0.6977565074886432,0.6977565074886432,0.49751664451529676,0.49751664451529676,0.49751664451529676,-7.434334028004739,-7.434334028004739,-7.434334028004739,-1.1086712873110691,-1.1086712873110691,-1.1086712873110691,-7.394725956688995,-7.394725956688995,-7.394725956688995,0.0,0.0,0.0,53.525590866384654
74,2018-03-17 20:00:00,56.661543305672616,41.61731500347949,60.96771494897469,56.661543305672616,56.661543305672616,0.0,0.0,0.0,0.0,0.0,0.0,0.0,0.0,0.0,0.0,0.0,0.0,0.0,0.0,0.0,0.0,0.0,0.0,0.0,0.0,0.0,0.0,0.0,0.0,0.0,0.0,0.0,0.0,0.0,0.0,-5.251502684646623,-5.251502684646623,-5.251502684646623,4.7972525736335845,4.7972525736335845,4.7972525736335845,2.1295105903889513,2.1295105903889513,2.1295105903889513,5.126415169226463,5.126415169226463,5.126415169226463,-1.0978921537546342,-1.0978921537546342,-1.0978921537546342,0.0,0.0,0.0,0.6736762653446233,0.6736762653446233,0.6736762653446233,3.0504655246253685,3.0504655246253685,3.0504655246253685,0.7022203559148664,0.7022203559148664,0.7022203559148664,0.45541898552978555,0.45541898552978555,0.45541898552978555,-7.7796000312854465,-7.7796000312854465,-7.7796000312854465,-0.7869843988224979,-0.7869843988224979,-0.7869843988224979,-7.395570396221224,-7.395570396221224,-7.395570396221224,0.0,0.0,0.0,51.41004062102599
75,2018-03-17 21:00:00,56.661159705585966,38.06483728015891,57.55129685257185,56.661159705585966,56.661159705585966,0.0,0.0,0.0,0.0,0.0,0.0,0.0,0.0,0.0,0.0,0.0,0.0,0.0,0.0,0.0,0.0,0.0,0.0,0.0,0.0,0.0,0.0,0.0,0.0,0.0,0.0,0.0,0.0,0.0,0.0,-9.362113051987226,-9.362113051987226,-9.362113051987226,1.7075009127861374,1.7075009127861374,1.7075009127861374,2.1295105903889513,2.1295105903889513,2.1295105903889513,4.435050436637528,4.435050436637528,4.435050436637528,-1.7361169953561846,-1.7361169953561846,-1.7361169953561846,0.0,0.0,0.0,0.7578708295257188,0.7578708295257188,0.7578708295257188,2.8426876135884243,2.8426876135884243,2.8426876135884243,0.7022203559148664,0.7022203559148664,0.7022203559148664,0.24585591387663613,0.24585591387663613,0.24585591387663613,-8.10824391936989,-8.10824391936989,-8.10824391936989,-0.5069778713008846,-0.5069778713008846,-0.5069778713008846,-7.396420482041,-7.396420482041,-7.396420482041,0.0,0.0,0.0,47.29904665359874
76,2018-03-17 22:00:00,56.660776105499316,33.5391953340592,53.61801643477962,56.660776105499316,56.660776105499316,0.0,0.0,0.0,0.0,0.0,0.0,0.0,0.0,0.0,0.0,0.0,0.0,0.0,0.0,0.0,0.0,0.0,0.0,0.0,0.0,0.0,0.0,0.0,0.0,0.0,0.0,0.0,0.0,0.0,0.0,-13.26615753406875,-13.26615753406875,-13.26615753406875,-1.4093878068117605,-1.4093878068117605,-1.4093878068117605,2.1295105903889513,2.1295105903889513,2.1295105903889513,3.958111060057837,3.958111060057837,3.958111060057837,-2.008611701738122,-2.008611701738122,-2.008611701738122,0.0,0.0,0.0,0.8420653937068144,0.8420653937068144,0.8420653937068144,2.6404038300067847,2.6404038300067847,2.6404038300067847,0.7022203559148664,0.7022203559148664,0.7022203559148664,-0.07936006707736833,-0.07936006707736833,-0.07936006707736833,-8.41760447567718,-8.41760447567718,-8.41760447567718,-0.2681173411440885,-0.2681173411440885,-0.2681173411440885,-7.397276311637646,-7.397276311637646,-7.397276311637646,0.0,0.0,0.0,43.39461857143057
77,2018-03-17 23:00:00,56.660392505412666,30.264832906696146,49.78040745657655,56.660392505412666,56.660392505412666,0.0,0.0,0.0,0.0,0.0,0.0,0.0,0.0,0.0,0.0,0.0,0.0,0.0,0.0,0.0,0.0,0.0,0.0,0.0,0.0,0.0,0.0,0.0,0.0,0.0,0.0,0.0,0.0,0.0,0.0,-16.492873192482637,-16.492873192482637,-16.492873192482637,-3.89768170417108,-3.89768170417108,-3.89768170417108,2.1295105903889513,2.1295105903889513,2.1295105903889513,3.508027113766377,3.508027113766377,3.508027113766377,-2.0333371193304335,-2.0333371193304335,-2.0333371193304335,0.0,0.0,0.0,0.9262599578879099,0.9262599578879099,0.9262599578879099,2.3856761025336084,2.3856761025336084,2.3856761025336084,0.7027163390733357,0.7027163390733357,0.7027163390733357,-0.4153703195661192,-0.4153703195661192,-0.4153703195661192,-8.705080620015991,-8.705080620015991,-8.705080620015991,-0.18742843722087546,-0.18742843722087546,-0.18742843722087546,-7.398137982061937,-7.398137982061937,-7.398137982061937,0.0,0.0,0.0,40.167519312930025
78,2018-03-18 00:00:00,56.660008905326016,27.996398412201604,47.91436130760812,56.660008905326016,56.660008905326016,0.0,0.0,0.0,0.0,0.0,0.0,0.0,0.0,0.0,0.0,0.0,0.0,0.0,0.0,0.0,0.0,0.0,0.0,0.0,0.0,0.0,0.0,0.0,0.0,0.0,0.0,0.0,0.0,0.0,0.0,-18.770890954820437,-18.770890954820437,-18.770890954820437,-5.810072335951948,-5.810072335951948,-5.810072335951948,3.55004301130758,3.55004301130758,3.55004301130758,3.4063442504764105,3.4063442504764105,3.4063442504764105,-2.016853507602226,-2.016853507602226,-2.016853507602226,0.0,0.0,0.0,0.00011975189585904138,0.00011975189585904138,0.00011975189585904138,2.059025252009182,2.059025252009182,2.059025252009182,0.7027163390733357,0.7027163390733357,0.7027163390733357,-0.7103623402228336,-0.7103623402228336,-0.7103623402228336,-8.968157279425869,-8.968157279425869,-8.968157279425869,-0.17834425598448722,-0.17834425598448722,-0.17834425598448722,-7.399005589919031,-7.399005589919031,-7.399005589919031,0.0,0.0,0.0,37.88911795050558
79,2018-03-18 01:00:00,56.65962530523936,24.534584145665097,44.12282764071646,56.65962530523936,56.65962530523936,0.0,0.0,0.0,0.0,0.0,0.0,0.0,0.0,0.0,0.0,0.0,0.0,0.0,0.0,0.0,0.0,0.0,0.0,0.0,0.0,0.0,0.0,0.0,0.0,0.0,0.0,0.0,0.0,0.0,0.0,-22.425670718578857,-22.425670718578857,-22.425670718578857,-7.3638133989518275,-7.3638133989518275,-7.3638133989518275,3.55004301130758,3.55004301130758,3.55004301130758,1.5424527550691884,1.5424527550691884,1.5424527550691884,-2.3408595006348127,-2.3408595006348127,-2.3408595006348127,0.0,0.0,0.0,-0.9260204540961917,-0.9260204540961917,-0.9260204540961917,1.7753284888625858,1.7753284888625858,1.7753284888625858,0.7027163390733357,0.7027163390733357,0.7027163390733357,-0.9378130618478485,-0.9378130618478485,-0.9378130618478485,-9.204430843335663,-9.204430843335663,-9.204430843335663,-0.2809420675954601,-0.2809420675954601,-0.2809420675954601,-7.399879231360556,-7.399879231360556,-7.399879231360556,0.0,0.0,0.0,34.2339545866605
80,2018-03-18 02:00:00,56.65924170515271,21.800734529276937,41.69946759314412,56.65924170515271,56.65924170515271,0.0,0.0,0.0,0.0,0.0,0.0,0.0,0.0,0.0,0.0,0.0,0.0,0.0,0.0,0.0,0.0,0.0,0.0,0.0,0.0,0.0,0.0,0.0,0.0,0.0,0.0,0.0,0.0,0.0,0.0,-24.199823033552565,-24.199823033552565,-24.199823033552565,-8.359318660620612,-8.359318660620612,-8.359318660620612,3.55004301130758,3.55004301130758,3.55004301130758,0.9718885465433537,0.9718885465433537,0.9718885465433537,-2.393401013018475,-2.393401013018475,-2.393401013018475,0.0,0.0,0.0,-0.8418258899150963,-0.8418258899150963,-0.8418258899150963,1.480643470805382,1.480643470805382,1.480643470805382,0.7027163390733357,0.7027163390733357,0.7027163390733357,-1.0577836797626021,-1.0577836797626021,-1.0577836797626021,-9.411633917395582,-9.411633917395582,-9.411633917395582,-0.4685036919467698,-0.4685036919467698,-0.4685036919467698,-7.4007590020797265,-7.4007590020797265,-7.4007590020797265,0.0,0.0,0.0,32.45941867160015
81,2018-03-18 03:00:00,56.65885810506606,21.373958626778126,41.15034068853532,56.65885810506606,56.65885810506606,0.0,0.0,0.0,0.0,0.0,0.0,0.0,0.0,0.0,0.0,0.0,0.0,0.0,0.0,0.0,0.0,0.0,0.0,0.0,0.0,0.0,0.0,0.0,0.0,0.0,0.0,0.0,0.0,0.0,0.0,-24.853116474217106,-24.853116474217106,-24.853116474217106,-8.199248515325383,-8.199248515325383,-8.199248515325383,3.55004301130758,3.55004301130758,3.55004301130758,0.33543613466109556,0.33543613466109556,0.33543613466109556,-2.5942950309560096,-2.5942950309560096,-2.5942950309560096,0.0,0.0,0.0,-0.7576313257340007,-0.7576313257340007,-0.7576313257340007,1.3163191132785679,1.3163191132785679,1.3163191132785679,0.7022203559148664,0.7022203559148664,0.7022203559148664,-1.1156101344130298,-1.1156101344130298,-1.1156101344130298,-9.587659096247537,-9.587659096247537,-9.587659096247537,-0.7656098547368786,-0.7656098547368786,-0.7656098547368786,-7.401644997305285,-7.401644997305285,-7.401644997305285,0.0,0.0,0.0,31.805741630848953
82,2018-03-18 04:00:00,56.65847450497941,24.171014193749468,43.01617453057114,56.65847450497941,56.65847450497941,0.0,0.0,0.0,0.0,0.0,0.0,0.0,0.0,0.0,0.0,0.0,0.0,0.0,0.0,0.0,0.0,0.0,0.0,0.0,0.0,0.0,0.0,0.0,0.0,0.0,0.0,0.0,0.0,0.0,0.0,-23.04776266475768,-23.04776266475768,-23.04776266475768,-6.484851389467563,-6.484851389467563,-6.484851389467563,3.55004301130758,3.55004301130758,3.55004301130758,0.5702075198468547,0.5702075198468547,0.5702075198468547,-2.5221792296450998,-2.5221792296450998,-2.5221792296450998,0.0,0.0,0.0,-0.6734367615529051,-0.6734367615529051,-0.6734367615529051,1.4516744351319615,1.4516744351319615,1.4516744351319615,0.7022203559148664,0.7022203559148664,0.7022203559148664,-1.102502804692266,-1.102502804692266,-1.102502804692266,-9.730581483343107,-9.730581483343107,-9.730581483343107,-0.835611486617282,-0.835611486617282,-0.835611486617282,-7.402537311793867,-7.402537311793867,-7.402537311793867,0.0,0.0,0.0,33.610711840221725
83,2018-03-18 05:00:00,56.65809090489276,26.017979800518557,46.00097376187124,56.65809090489276,56.65809090489276,0.0,0.0,0.0,0.0,0.0,0.0,0.0,0.0,0.0,0.0,0.0,0.0,0.0,0.0,0.0,0.0,0.0,0.0,0.0,0.0,0.0,0.0,0.0,0.0,0.0,0.0,0.0,0.0,0.0,0.0,-20.11106498057802,-20.11106498057802,-20.11106498057802,-3.5564681821952395,-3.5564681821952395,-3.5564681821952395,3.55004301130758,3.55004301130758,3.55004301130758,0.6875189405107772,0.6875189405107772,0.6875189405107772,-2.518058326713048,-2.518058326713048,-2.518058326713048,0.0,0.0,0.0,-0.5892421973718097,-0.5892421973718097,-0.5892421973718097,1.4281995269138454,1.4281995269138454,1.4281995269138454,0.7022203559148664,0.7022203559148664,0.7022203559148664,-1.0227793992142102,-1.0227793992142102,-1.0227793992142102,-9.838679699071044,-9.838679699071044,-9.838679699071044,-0.8628640303264467,-0.8628640303264467,-0.8628640303264467,-7.40343603982252,-7.40343603982252,-7.40343603982252,0.0,0.0,0.0,36.54702592431474
84,2018-03-18 06:00:00,56.65770730480611,29.717655806150546,49.91256701724254,56.65770730480611,56.65770730480611,0.0,0.0,0.0,0.0,0.0,0.0,0.0,0.0,0.0,0.0,0.0,0.0,0.0,0.0,0.0,0.0,0.0,0.0,0.0,0.0,0.0,0.0,0.0,0.0,0.0,0.0,0.0,0.0,0.0,0.0,-16.878090679460882,-16.878090679460882,-16.878090679460882,-0.39817703997745485,-0.39817703997745485,-0.39817703997745485,3.55004301130758,3.55004301130758,3.55004301130758,0.8348827684630085,0.8348827684630085,0.8348827684630085,-2.47066794299445,-2.47066794299445,-2.47066794299445,0.0,0.0,0.0,-0.5050476331907142,-0.5050476331907142,-0.5050476331907142,1.4511749689996614,1.4511749689996614,1.4511749689996614,0.6799011137837495,0.6799011137837495,0.6799011137837495,-1.0065879919120904,-1.0065879919120904,-1.0065879919120904,-9.910455132764179,-9.910455132764179,-9.910455132764179,-0.8639327575307277,-0.8639327575307277,-0.8639327575307277,-7.404341275182248,-7.404341275182248,-7.404341275182248,0.0,0.0,0.0,39.77961662534523
85,2018-03-18 07:00:00,56.65732370471945,32.06444344824487,52.561668949898845,56.65732370471945,56.65732370471945,0.0,0.0,0.0,0.0,0.0,0.0,0.0,0.0,0.0,0.0,0.0,0.0,0.0,0.0,0.0,0.0,0.0,0.0,0.0,0.0,0.0,0.0,0.0,0.0,0.0,0.0,0.0,0.0,0.0,0.0,-14.138252450560868,-14.138252450560868,-14.138252450560868,2.0284406088528155,2.0284406088528155,2.0284406088528155,3.55004301130758,3.55004301130758,3.55004301130758,1.1832092645504402,1.1832092645504402,1.1832092645504402,-2.442336735336593,-2.442336735336593,-2.442336735336593,0.0,0.0,0.0,-0.42085306900961866,-0.42085306900961866,-0.42085306900961866,1.648464091258298,1.648464091258298,1.648464091258298,0.4294296187567717,0.4294296187567717,0.4294296187567717,-0.8095154344634333,-0.8095154344634333,-0.8095154344634333,-9.944649212789225,-9.944649212789225,-9.944649212789225,-0.7720222179625644,-0.7720222179625644,-0.7720222179625644,-7.405253111174898,-7.405253111174898,-7.405253111174898,0.0,0.0,0.0,42.51907125415858
86,2018-03-18 08:00:00,56.656940104632795,34.37712705752493,53.8007603523162,56.656940104632795,56.656940104632795,0.0,0.0,0.0,0.0,0.0,0.0,0.0,0.0,0.0,0.0,0.0,0.0,0.0,0.0,0.0,0.0,0.0,0.0,0.0,0.0,0.0,0.0,0.0,0.0,0.0,0.0,0.0,0.0,0.0,0.0,-12.478787174857269,-12.478787174857269,-12.478787174857269,3.3864164084281345,3.3864164084281345,3.3864164084281345,3.55004301130758,3.55004301130758,3.55004301130758,1.481226546965944,1.481226546965944,1.481226546965944,-2.6324133830774903,-2.6324133830774903,-2.6324133830774903,0.0,0.0,0.0,-0.33665850482852305,-0.33665850482852305,-0.33665850482852305,1.959631491681413,1.959631491681413,1.959631491681413,0.07480166045124854,0.07480166045124854,0.07480166045124854,-0.43001968807756086,-0.43001968807756086,-0.43001968807756086,-9.940258489650022,-9.940258489650022,-9.940258489650022,-0.7041580404907231,-0.7041580404907231,-0.7041580404907231,-7.406171640601329,-7.406171640601329,-7.406171640601329,0.0,0.0,0.0,44.17815292977553
87,2018-03-18 09:00:00,56.656556504546145,34.459753083374366,54.39184407838055,56.656556504546145,56.656556504546145,0.0,0.0,0.0,0.0,0.0,0.0,0.0,0.0,0.0,0.0,0.0,0.0,0.0,0.0,0.0,0.0,0.0,0.0,0.0,0.0,0.0,0.0,0.0,0.0,0.0,0.0,0.0,0.0,0.0,0.0,-12.084414398215891,-12.084414398215891,-12.084414398215891,3.9501649433389106,3.9501649433389106,3.9501649433389106,3.55004301130758,3.55004301130758,3.55004301130758,1.269064964505389,1.269064964505389,1.269064964505389,-2.5340268255747493,-2.5340268255747493,-2.5340268255747493,0.0,0.0,0.0,-0.25246394064742755,-0.25246394064742755,-0.25246394064742755,1.895699826746969,1.895699826746969,1.895699826746969,-0.24609944307836473,-0.24609944307836473,-0.24609944307836473,-0.1513732786020341,-0.1513732786020341,-0.1513732786020341,-9.896547350299636,-9.896547350299636,-9.896547350299636,-0.9927143856465841,-0.9927143856465841,-0.9927143856465841,-7.40709695576055,-7.40709695576055,-7.40709695576055,0.0,0.0,0.0,44.572142106330254
88,2018-03-18 10:00:00,56.65617290445949,35.068209101363315,54.73767403441092,56.65617290445949,56.65617290445949,0.0,0.0,0.0,0.0,0.0,0.0,0.0,0.0,0.0,0.0,0.0,0.0,0.0,0.0,0.0,0.0,0.0,0.0,0.0,0.0,0.0,0.0,0.0,0.0,0.0,0.0,0.0,0.0,0.0,0.0,-12.132839842430247,-12.132839842430247,-12.132839842430247,4.067600772640234,4.067600772640234,4.067600772640234,3.55004301130758,3.55004301130758,3.55004301130758,1.0206467411022253,1.0206467411022253,1.0206467411022253,-2.468607491528424,-2.468607491528424,-2.468607491528424,0.0,0.0,0.0,-0.168269376466332,-0.168269376466332,-0.168269376466332,2.0270594195419602,2.0270594195419602,2.0270594195419602,-0.4985548707392197,-0.4985548707392197,-0.4985548707392197,-0.026468136557110604,-0.026468136557110604,-0.026468136557110604,-9.813058207736056,-9.813058207736056,-9.813058207736056,-1.3945558144562278,-1.3945558144562278,-1.3945558144562278,-7.408029148436651,-7.408029148436651,-7.408029148436651,0.0,0.0,0.0,44.52333306202924
89,2018-03-18 11:00:00,56.65578930437284,33.40788770072012,53.7433948380937,56.65578930437284,56.65578930437284,0.0,0.0,0.0,0.0,0.0,0.0,0.0,0.0,0.0,0.0,0.0,0.0,0.0,0.0,0.0,0.0,0.0,0.0,0.0,0.0,0.0,0.0,0.0,0.0,0.0,0.0,0.0,0.0,0.0,0.0,-12.88149947280887,-12.88149947280887,-12.88149947280887,3.7211028508004937,3.7211028508004937,3.7211028508004937,3.55004301130758,3.55004301130758,3.55004301130758,0.49598502355031826,0.49598502355031826,0.49598502355031826,-2.4701528301279434,-2.4701528301279434,-2.4701528301279434,0.0,0.0,0.0,-0.08407481228523649,-0.08407481228523649,-0.08407481228523649,1.8996955558053719,1.8996955558053719,1.8996955558053719,-0.6101510813948038,-0.6101510813948038,-0.6101510813948038,-0.05175757272423091,-0.05175757272423091,-0.05175757272423091,-9.689619037260961,-9.689619037260961,-9.689619037260961,-1.7376172470304183,-1.7376172470304183,-1.7376172470304183,-7.408968309898722,-7.408968309898722,-7.408968309898722,0.0,0.0,0.0,43.77428983156397
90,2018-03-18 12:00:00,56.65540570428619,32.93681198766377,52.82774206280795,56.65540570428619,56.65540570428619,0.0,0.0,0.0,0.0,0.0,0.0,0.0,0.0,0.0,0.0,0.0,0.0,0.0,0.0,0.0,0.0,0.0,0.0,0.0,0.0,0.0,0.0,0.0,0.0,0.0,0.0,0.0,0.0,0.0,0.0,-13.907394782832203,-13.907394782832203,-13.907394782832203,2.6804256800153,2.6804256800153,2.6804256800153,3.55004301130758,3.55004301130758,3.55004301130758,0.34844222804605873,0.34844222804605873,0.34844222804605873,-2.5129071980479827,-2.5129071980479827,-2.5129071980479827,0.0,0.0,0.0,0.00011975189585904138,0.00011975189585904138,0.00011975189585904138,1.929164057611092,1.929164057611092,1.929164057611092,-0.6577654646078532,-0.6577654646078532,-0.6577654646078532,-0.012589787441007994,-0.012589787441007994,-0.012589787441007994,-9.526348160004467,-9.526348160004467,-9.526348160004467,-1.9476221426716283,-1.9476221426716283,-1.9476221426716283,-7.409914530889095,-7.409914530889095,-7.409914530889095,0.0,0.0,0.0,42.74801092145398
91,2018-03-18 13:00:00,56.65502210419954,30.937907298511032,50.94222989385407,56.65502210419954,56.65502210419954,0.0,0.0,0.0,0.0,0.0,0.0,0.0,0.0,0.0,0.0,0.0,0.0,0.0,0.0,0.0,0.0,0.0,0.0,0.0,0.0,0.0,0.0,0.0,0.0,0.0,0.0,0.0,0.0,0.0,0.0,-15.963807607743632,-15.963807607743632,-15.963807607743632,1.0771680015631149,1.0771680015631149,1.0771680015631149,3.55004301130758,3.55004301130758,3.55004301130758,-0.30645150263999277,-0.30645150263999277,-0.30645150263999277,-2.693196701325257,-2.693196701325257,-2.693196701325257,0.0,0.0,0.0,0.08431431607695457,0.08431431607695457,0.08431431607695457,1.5975185457636627,1.5975185457636627,1.5975185457636627,-0.6919883025422322,-0.6919883025422322,-0.6919883025422322,-0.07673860113321561,-0.07673860113321561,-0.07673860113321561,-9.32365620504653,-9.32365620504653,-9.32365620504653,-2.076403770787485,-2.076403770787485,-2.076403770787485,-7.410867901620225,-7.410867901620225,-7.410867901620225,0.0,0.0,0.0,40.691214496455906
92,2018-03-18 14:00:00,56.65463850411289,29.8377208729375,49.31243822678658,56.65463850411289,56.65463850411289,0.0,0.0,0.0,0.0,0.0,0.0,0.0,0.0,0.0,0.0,0.0,0.0,0.0,0.0,0.0,0.0,0.0,0.0,0.0,0.0,0.0,0.0,0.0,0.0,0.0,0.0,0.0,0.0,0.0,0.0,-17.624059437970672,-17.624059437970672,-17.624059437970672,-0.2767510091574203,-0.2767510091574203,-0.2767510091574203,3.55004301130758,3.55004301130758,3.55004301130758,-0.8532347047970383,-0.8532347047970383,-0.8532347047970383,-2.7725240827672577,-2.7725240827672577,-2.7725240827672577,0.0,0.0,0.0,0.1685088802580501,0.1685088802580501,0.1685088802580501,1.33330096177678,1.33330096177678,1.33330096177678,-0.6180868119303121,-0.6180868119303121,-0.6180868119303121,-0.26440472195873643,-0.26440472195873643,-0.26440472195873643,-9.082245212248313,-9.082245212248313,-9.082245212248313,-2.250071941483142,-2.250071941483142,-2.250071941483142,-7.411828511767898,-7.411828511767898,-7.411828511767898,0.0,0.0,0.0,39.03057906614222
93,2018-03-18 15:00:00,56.65425490402624,29.773600190349235,49.19157964405315,56.65425490402624,56.65425490402624,0.0,0.0,0.0,0.0,0.0,0.0,0.0,0.0,0.0,0.0,0.0,0.0,0.0,0.0,0.0,0.0,0.0,0.0,0.0,0.0,0.0,0.0,0.0,0.0,0.0,0.0,0.0,0.0,0.0,0.0,-17.50040983219917,-17.50040983219917,-17.50040983219917,-0.3066273886720029,-0.3066273886720029,-0.3066273886720029,3.55004301130758,3.55004301130758,3.55004301130758,-0.9778811228779715,-0.9778811228779715,-0.9778811228779715,-2.9286032813187264,-2.9286032813187264,-2.9286032813187264,0.0,0.0,0.0,0.25270344443914566,0.25270344443914566,0.25270344443914566,1.4571685625872655,1.4571685625872655,1.4571685625872655,-0.4231654306518917,-0.4231654306518917,-0.4231654306518917,-0.40457604803137276,-0.40457604803137276,-0.40457604803137276,-8.80310487018731,-8.80310487018731,-8.80310487018731,-2.4814513812099714,-2.4814513812099714,-2.4814513812099714,-7.4127964504618875,-7.4127964504618875,-7.4127964504618875,0.0,0.0,0.0,39.153845071827064
94,2018-03-18 16:00:00,56.65387130393958,31.70981664978123,51.445917984699896,56.65387130393958,56.65387130393958,0.0,0.0,0.0,0.0,0.0,0.0,0.0,0.0,0.0,0.0,0.0,0.0,0.0,0.0,0.0,0.0,0.0,0.0,0.0,0.0,0.0,0.0,0.0,0.0,0.0,0.0,0.0,0.0,0.0,0.0,-15.381916573203128,-15.381916573203128,-15.381916573203128,1.4308290636279328,1.4308290636279328,1.4308290636279328,3.55004301130758,3.55004301130758,3.55004301130758,-0.911467914753592,-0.911467914753592,-0.911467914753592,-2.987326148100467,-2.987326148100467,-2.987326148100467,0.0,0.0,0.0,0.33689800862024116,0.33689800862024116,0.33689800862024116,1.336297758570582,1.336297758570582,1.336297758570582,-0.20146095881613102,-0.20146095881613102,-0.20146095881613102,-0.4628651143190038,-0.4628651143190038,-0.4628651143190038,-8.487505915793335,-8.487505915793335,-8.487505915793335,-2.483054472016393,-2.483054472016393,-2.483054472016393,-7.413771806284136,-7.413771806284136,-7.413771806284136,0.0,0.0,0.0,41.271954730736454
95,2018-03-18 17:00:00,56.65348770385293,35.66250715187276,55.36140818541024,56.65348770385293,56.65348770385293,0.0,0.0,0.0,0.0,0.0,0.0,0.0,0.0,0.0,0.0,0.0,0.0,0.0,0.0,0.0,0.0,0.0,0.0,0.0,0.0,0.0,0.0,0.0,0.0,0.0,0.0,0.0,0.0,0.0,0.0,-10.714260020165456,-10.714260020165456,-10.714260020165456,4.185447723339007,4.185447723339007,4.185447723339007,3.55004301130758,3.55004301130758,3.55004301130758,0.6520376771768887,0.6520376771768887,0.6520376771768887,-2.804976193357167,-2.804976193357167,-2.804976193357167,0.0,0.0,0.0,0.4210925728013367,0.4210925728013367,0.4210925728013367,1.5815356295300516,1.5815356295300516,1.5815356295300516,0.22359660799202752,0.22359660799202752,0.22359660799202752,-0.4079685333708645,-0.4079685333708645,-0.4079685333708645,-8.136990753424156,-8.136990753424156,-8.136990753424156,-1.9112854177260754,-1.9112854177260754,-1.9112854177260754,-7.414754667257196,-7.414754667257196,-7.414754667257196,0.0,0.0,0.0,45.93922768368748
96,2018-03-18 18:00:00,56.708025940244475,40.79498964905223,61.08688782182556,56.708025940244475,56.708025940244475,0.0,0.0,0.0,0.0,0.0,0.0,0.0,0.0,0.0,0.0,0.0,0.0,0.0,0.0,0.0,0.0,0.0,0.0,0.0,0.0,0.0,0.0,0.0,0.0,0.0,0.0,0.0,0.0,0.0,0.0,-5.732200791106741,-5.732200791106741,-5.732200791106741,6.249772943976214,6.249772943976214,6.249772943976214,3.4123756990977085,3.4123756990977085,3.4123756990977085,2.8166643245595204,2.8166643245595204,2.8166643245595204,-2.646054577429248,-2.646054577429248,-2.646054577429248,0.0,0.0,0.0,0.6509991928978544,0.6509991928978544,0.6509991928978544,2.388460347676263,2.388460347676263,2.388460347676263,0.5240863848423483,0.5240863848423483,0.5240863848423483,-0.030710632531956862,-0.030710632531956862,-0.030710632531956862,-7.6025246757243625,-7.6025246757243625,-7.6025246757243625,-1.4824920899934497,-1.4824920899934497,-1.4824920899934497,-7.196113383918112,-7.196113383918112,-7.196113383918112,0.0,0.0,0.0,50.975825149137734
97,2018-03-18 19:00:00,56.707664377178865,43.18749002496109,62.21639472033624,56.707664377178865,56.707664377178865,0.0,0.0,0.0,0.0,0.0,0.0,0.0,0.0,0.0,0.0,0.0,0.0,0.0,0.0,0.0,0.0,0.0,0.0,0.0,0.0,0.0,0.0,0.0,0.0,0.0,0.0,0.0,0.0,0.0,0.0,-3.5696102952107833,-3.5696102952107833,-3.5696102952107833,6.522303961626011,6.522303961626011,6.522303961626011,3.4123756990977085,3.4123756990977085,3.4123756990977085,4.299735323830497,4.299735323830497,4.299735323830497,-2.102187115883008,-2.102187115883008,-2.102187115883008,0.0,0.0,0.0,0.7594733660813112,0.7594733660813112,0.7594733660813112,2.6879694731703427,2.6879694731703427,2.6879694731703427,0.5817761916104374,0.5817761916104374,0.5817761916104374,0.32247466415088794,0.32247466415088794,0.32247466415088794,-7.1945991247308925,-7.1945991247308925,-7.1945991247308925,-1.362146954397183,-1.362146954397183,-1.362146954397183,-7.197050455936398,-7.197050455936398,-7.197050455936398,0.0,0.0,0.0,53.13805408196808
98,2018-03-18 20:00:00,56.70730281411327,42.14181587802908,61.66827847506648,56.70730281411327,56.70730281411327,0.0,0.0,0.0,0.0,0.0,0.0,0.0,0.0,0.0,0.0,0.0,0.0,0.0,0.0,0.0,0.0,0.0,0.0,0.0,0.0,0.0,0.0,0.0,0.0,0.0,0.0,0.0,0.0,0.0,0.0,-4.407966329943011,-4.407966329943011,-4.407966329943011,4.609072621968822,4.609072621968822,4.609072621968822,3.4123756990977085,3.4123756990977085,3.4123756990977085,4.939394842901795,4.939394842901795,4.939394842901795,-1.8117248343157266,-1.8117248343157266,-1.8117248343157266,0.0,0.0,0.0,0.8679475392647682,0.8679475392647682,0.8679475392647682,2.9326965876766167,2.9326965876766167,2.9326965876766167,0.6394659983785264,0.6394659983785264,0.6394659983785264,0.3598580524509063,0.3598580524509063,0.3598580524509063,-6.758435558086795,-6.758435558086795,-6.758435558086795,-1.4612241996510058,-1.4612241996510058,-1.4612241996510058,-7.197998236726833,-7.197998236726833,-7.197998236726833,0.0,0.0,0.0,52.29933648417026
99,2018-03-18 21:00:00,56.70694125104766,37.99349767271781,59.34963016998484,56.70694125104766,56.70694125104766,0.0,0.0,0.0,0.0,0.0,0.0,0.0,0.0,0.0,0.0,0.0,0.0,0.0,0.0,0.0,0.0,0.0,0.0,0.0,0.0,0.0,0.0,0.0,0.0,0.0,0.0,0.0,0.0,0.0,0.0,-8.053655601021411,-8.053655601021411,-8.053655601021411,1.450093016118101,1.450093016118101,1.450093016118101,3.4123756990977085,3.4123756990977085,3.4123756990977085,3.991697122092154,3.991697122092154,3.991697122092154,-2.2645844140200615,-2.2645844140200615,-2.2645844140200615,0.0,0.0,0.0,0.9764217124482251,0.9764217124482251,0.9764217124482251,2.5302791985512374,2.5302791985512374,2.5302791985512374,0.6619790937026585,0.6619790937026585,0.6619790937026585,0.2147781159075138,0.2147781159075138,0.2147781159075138,-6.296488925601825,-6.296488925601825,-6.296488925601825,-1.539552283595128,-1.539552283595128,-1.539552283595128,-7.198956813629843,-7.198956813629843,-7.198956813629843,0.0,0.0,0.0,48.65328565002625
100,2018-03-18 22:00:00,56.70657968798206,35.68400794388424,55.59003795657087,56.70657968798206,56.70657968798206,0.0,0.0,0.0,0.0,0.0,0.0,0.0,0.0,0.0,0.0,0.0,0.0,0.0,0.0,0.0,0.0,0.0,0.0,0.0,0.0,0.0,0.0,0.0,0.0,0.0,0.0,0.0,0.0,0.0,0.0,-11.40220325131468,-11.40220325131468,-11.40220325131468,-1.674861742813852,-1.674861742813852,-1.674861742813852,3.4123756990977085,3.4123756990977085,3.4123756990977085,3.283982538585439,3.283982538585439,3.283982538585439,-2.4645837711217347,-2.4645837711217347,-2.4645837711217347,0.0,0.0,0.0,1.0848958856316822,1.0848958856316822,1.0848958856316822,2.230770073057158,2.230770073057158,2.230770073057158,0.6633861621604169,0.6633861621604169,0.6633861621604169,-0.08982227179335772,-0.08982227179335772,-0.08982227179335772,-5.811397773793813,-5.811397773793813,-5.811397773793813,-1.5530392384464338,-1.5530392384464338,-1.5530392384464338,-7.199926273292453,-7.199926273292453,-7.199926273292453,0.0,0.0,0.0,45.304376436667376
101,2018-03-18 23:00:00,56.706218124916454,32.59155350176798,52.52606273544152,56.706218124916454,56.706218124916454,0.0,0.0,0.0,0.0,0.0,0.0,0.0,0.0,0.0,0.0,0.0,0.0,0.0,0.0,0.0,0.0,0.0,0.0,0.0,0.0,0.0,0.0,0.0,0.0,0.0,0.0,0.0,0.0,0.0,0.0,-14.316632453938057,-14.316632453938057,-14.316632453938057,-4.062494026382021,-4.062494026382021,-4.062494026382021,3.4123756990977085,3.4123756990977085,3.4123756990977085,2.2527295656179644,2.2527295656179644,2.2527295656179644,-2.6406050036662596,-2.6406050036662596,-2.6406050036662596,0.0,0.0,0.0,1.1933700588151388,1.1933700588151388,1.1933700588151388,1.5856734950699085,1.5856734950699085,1.5856734950699085,0.6643242077989223,0.6643242077989223,0.6643242077989223,-0.42181914983684193,-0.42181914983684193,-0.42181914983684193,-5.305961291507248,-5.305961291507248,-5.305961291507248,-1.540589741660613,-1.540589741660613,-1.540589741660613,-7.200906701666751,-7.200906701666751,-7.200906701666751,0.0,0.0,0.0,42.3895856709784
102,2018-03-19 00:00:00,56.70585656185085,29.201644313672237,49.40539775940516,56.70585656185085,56.70585656185085,0.0,0.0,0.0,0.0,0.0,0.0,0.0,0.0,0.0,0.0,0.0,0.0,0.0,0.0,0.0,0.0,0.0,0.0,0.0,0.0,0.0,0.0,0.0,0.0,0.0,0.0,0.0,0.0,0.0,0.0,-17.356763119619174,-17.356763119619174,-17.356763119619174,-5.790863407975637,-5.790863407975637,-5.790863407975637,3.139076874824708,3.139076874824708,3.139076874824708,0.4191132809322897,0.4191132809322897,0.4191132809322897,-2.6122672200987203,-2.6122672200987203,-2.6122672200987203,0.0,0.0,0.0,0.00015415379711304652,0.00015415379711304652,0.00015415379711304652,1.4883970269607203,1.4883970269607203,1.4883970269607203,0.6638551849796697,0.6638551849796697,0.6638551849796697,-0.635997623599041,-0.635997623599041,-0.635997623599041,-4.783114808576725,-4.783114808576725,-4.783114808576725,-1.6241051159321604,-1.6241051159321604,-1.6241051159321604,-7.201898183999105,-7.201898183999105,-7.201898183999105,0.0,0.0,0.0,39.34909344223168
103,2018-03-19 01:00:00,56.70549499878525,26.031623544319828,46.09934508972004,56.70549499878525,56.70549499878525,0.0,0.0,0.0,0.0,0.0,0.0,0.0,0.0,0.0,0.0,0.0,0.0,0.0,0.0,0.0,0.0,0.0,0.0,0.0,0.0,0.0,0.0,0.0,0.0,0.0,0.0,0.0,0.0,0.0,0.0,-20.410280535833756,-20.410280535833756,-20.410280535833756,-7.162654555676755,-7.162654555676755,-7.162654555676755,2.8657780505517083,2.8657780505517083,2.8657780505517083,-1.7988211676970056,-1.7988211676970056,-1.7988211676970056,-2.7305229707555676,-2.7305229707555676,-2.7305229707555676,0.0,0.0,0.0,-1.1930617512209127,-1.1930617512209127,-1.1930617512209127,1.2073192322662762,1.2073192322662762,1.2073192322662762,0.6638551849796697,0.6638551849796697,0.6638551849796697,-0.7686614167359291,-0.7686614167359291,-0.7686614167359291,-4.245904007633483,-4.245904007633483,-4.245904007633483,-1.84352749678225,-1.84352749678225,-1.84352749678225,-7.20290080482651,-7.20290080482651,-7.20290080482651,0.0,0.0,0.0,36.29521446295149
104,2018-03-19 02:00:00,56.705133435719645,25.638845210906656,46.145081684845955,56.705133435719645,56.705133435719645,0.0,0.0,0.0,0.0,0.0,0.0,0.0,0.0,0.0,0.0,0.0,0.0,0.0,0.0,0.0,0.0,0.0,0.0,0.0,0.0,0.0,0.0,0.0,0.0,0.0,0.0,0.0,0.0,0.0,0.0,-21.475482899262268,-21.475482899262268,-21.475482899262268,-8.060480772679869,-8.060480772679869,-8.060480772679869,2.5924792262787086,2.5924792262787086,2.5924792262787086,-2.51362935777151,-2.51362935777151,-2.51362935777151,-2.786653580514348,-2.786653580514348,-2.786653580514348,0.0,0.0,0.0,-1.0845875780374559,-1.0845875780374559,-1.0845875780374559,1.039389329425151,1.039389329425151,1.039389329425151,0.6643242077989223,0.6643242077989223,0.6643242077989223,-0.8279080140778355,-0.8279080140778355,-0.8279080140778355,-3.6974581208407287,-3.6974581208407287,-3.6974581208407287,-2.1106729486446527,-2.1106729486446527,-2.1106729486446527,-7.203914647970158,-7.203914647970158,-7.203914647970158,0.0,0.0,0.0,35.22965053645738
105,2018-03-19 03:00:00,56.70477187265404,25.915124446260716,46.17178443139465,56.70477187265404,56.70477187265404,0.0,0.0,0.0,0.0,0.0,0.0,0.0,0.0,0.0,0.0,0.0,0.0,0.0,0.0,0.0,0.0,0.0,0.0,0.0,0.0,0.0,0.0,0.0,0.0,0.0,0.0,0.0,0.0,0.0,0.0,-21.04976715263485,-21.04976715263485,-21.04976715263485,-7.906957248206419,-7.906957248206419,-7.906957248206419,2.319180402005708,2.319180402005708,2.319180402005708,-2.7969077111672878,-2.7969077111672878,-2.7969077111672878,-2.7506863936786248,-2.7506863936786248,-2.7506863936786248,0.0,0.0,0.0,-0.976113404853999,-0.976113404853999,-0.976113404853999,1.0076464819368895,1.0076464819368895,1.0076464819368895,0.6638551849796697,0.6638551849796697,0.6638551849796697,-0.8225096908576162,-0.8225096908576162,-0.8225096908576162,-3.140962396731288,-3.140962396731288,-3.140962396731288,-2.2382802906993153,-2.2382802906993153,-2.2382802906993153,-7.204939796529859,-7.204939796529859,-7.204939796529859,0.0,0.0,0.0,35.65500472001919
106,2018-03-19 04:00:00,56.70441030958844,27.979147460245834,47.11794769256985,56.70441030958844,56.70441030958844,0.0,0.0,0.0,0.0,0.0,0.0,0.0,0.0,0.0,0.0,0.0,0.0,0.0,0.0,0.0,0.0,0.0,0.0,0.0,0.0,0.0,0.0,0.0,0.0,0.0,0.0,0.0,0.0,0.0,0.0,-18.500186996807443,-18.500186996807443,-18.500186996807443,-6.256199069825257,-6.256199069825257,-6.256199069825257,2.0458815777327075,2.0458815777327075,2.0458815777327075,-2.4583814647057176,-2.4583814647057176,-2.4583814647057176,-2.564855928360721,-2.564855928360721,-2.564855928360721,0.0,0.0,0.0,-0.8676392316705421,-0.8676392316705421,-0.8676392316705421,1.1433215558786523,1.1433215558786523,1.1433215558786523,0.6638551849796697,0.6638551849796697,0.6638551849796697,-0.7122489390846379,-0.7122489390846379,-0.7122489390846379,-2.579630129400377,-2.579630129400377,-2.579630129400377,-2.1666956841808465,-2.1666956841808465,-2.1666956841808465,-7.205976332876092,-7.205976332876092,-7.205976332876092,0.0,0.0,0.0,38.204223312781
107,2018-03-19 05:00:00,56.70404874652284,32.19483571019726,51.50222655209873,56.70404874652284,56.70404874652284,0.0,0.0,0.0,0.0,0.0,0.0,0.0,0.0,0.0,0.0,0.0,0.0,0.0,0.0,0.0,0.0,0.0,0.0,0.0,0.0,0.0,0.0,0.0,0.0,0.0,0.0,0.0,0.0,0.0,0.0,-14.669110569282402,-14.669110569282402,-14.669110569282402,-3.3833267245128322,-3.3833267245128322,-3.3833267245128322,1.7725827534597072,1.7725827534597072,1.7725827534597072,-2.0620849606256897,-2.0620849606256897,-2.0620849606256897,-2.4792976202818036,-2.4792976202818036,-2.4792976202818036,0.0,0.0,0.0,-0.759165058487085,-0.759165058487085,-0.759165058487085,1.2339422656435275,1.2339422656435275,1.2339422656435275,0.6638551849796697,0.6638551849796697,0.6638551849796697,-0.34286867274113536,-0.34286867274113536,-0.34286867274113536,-2.0166745455015858,-2.0166745455015858,-2.0166745455015858,-2.1511338131985704,-2.1511338131985704,-2.1511338131985704,-7.2070243386422925,-7.2070243386422925,-7.2070243386422925,0.0,0.0,0.0,42.034938177240434
108,2018-03-19 06:00:00,56.70368718345723,36.90441413582794,56.133374554857134,56.70368718345723,56.70368718345723,0.0,0.0,0.0,0.0,0.0,0.0,0.0,0.0,0.0,0.0,0.0,0.0,0.0,0.0,0.0,0.0,0.0,0.0,0.0,0.0,0.0,0.0,0.0,0.0,0.0,0.0,0.0,0.0,0.0,0.0,-10.289383682399624,-10.289383682399624,-10.289383682399624,-0.24408747209128945,-0.24408747209128945,-0.24408747209128945,1.4992839291867068,1.4992839291867068,1.4992839291867068,-1.381931468980108,-1.381931468980108,-1.381931468980108,-2.403548544976265,-2.403548544976265,-2.403548544976265,0.0,0.0,0.0,-0.6506908853036283,-0.6506908853036283,-0.6506908853036283,1.5744099040256867,1.5744099040256867,1.5744099040256867,0.6389969755592736,0.6389969755592736,0.6389969755592736,0.11801317218508363,0.11801317218508363,0.11801317218508363,-1.4552808466070821,-1.4552808466070821,-1.4552808466070821,-2.1583960196569656,-2.1583960196569656,-2.1583960196569656,-7.208083894721144,-7.208083894721144,-7.208083894721144,0.0,0.0,0.0,46.4143035010576
109,2018-03-19 07:00:00,56.70332562039163,40.670990016759745,59.633743505666374,56.70332562039163,56.70332562039163,0.0,0.0,0.0,0.0,0.0,0.0,0.0,0.0,0.0,0.0,0.0,0.0,0.0,0.0,0.0,0.0,0.0,0.0,0.0,0.0,0.0,0.0,0.0,0.0,0.0,0.0,0.0,0.0,0.0,0.0,-6.227056557502492,-6.227056557502492,-6.227056557502492,2.178981319932268,2.178981319932268,2.178981319932268,1.2259851049137074,1.2259851049137074,1.2259851049137074,-0.2983040940357775,-0.2983040940357775,-0.2983040940357775,-2.147418578115811,-2.147418578115811,-2.147418578115811,0.0,0.0,0.0,-0.5422167121201713,-0.5422167121201713,-0.5422167121201713,2.4821529459077443,2.4821529459077443,2.4821529459077443,0.39838826928260973,0.39838826928260973,0.39838826928260973,0.508042024845925,0.508042024845925,0.508042024845925,-0.8985787021391549,-0.8985787021391549,-0.8985787021391549,-2.223237148749782,-2.223237148749782,-2.223237148749782,-7.209155081259829,-7.209155081259829,-7.209155081259829,0.0,0.0,0.0,50.47626906288914
110,2018-03-19 08:00:00,56.70296405732603,41.69592791248924,62.021693579428224,56.70296405732603,56.70296405732603,0.0,0.0,0.0,0.0,0.0,0.0,0.0,0.0,0.0,0.0,0.0,0.0,0.0,0.0,0.0,0.0,0.0,0.0,0.0,0.0,0.0,0.0,0.0,0.0,0.0,0.0,0.0,0.0,0.0,0.0,-5.07216534341808,-5.07216534341808,-5.07216534341808,3.5132357926945126,3.5132357926945126,3.5132357926945126,0.952686280640707,0.952686280640707,0.952686280640707,-1.025547678041505,-1.025547678041505,-1.025547678041505,-1.953413752153425,-1.953413752153425,-1.953413752153425,0.0,0.0,0.0,-0.43374253893671455,-0.43374253893671455,-0.43374253893671455,2.3208788014109323,2.3208788014109323,2.3208788014109323,0.05084236021631741,0.05084236021631741,0.05084236021631741,0.7392252167518146,0.7392252167518146,0.7392252167518146,-0.3496154804220414,-0.3496154804220414,-0.3496154804220414,-2.7020240459711364,-2.7020240459711364,-2.7020240459711364,-7.2102379776490455,-7.2102379776490455,-7.2102379776490455,0.0,0.0,0.0,51.63079871390795
111,2018-03-19 09:00:00,56.702602494260425,41.92932166918268,62.08469340793878,56.702602494260425,56.702602494260425,0.0,0.0,0.0,0.0,0.0,0.0,0.0,0.0,0.0,0.0,0.0,0.0,0.0,0.0,0.0,0.0,0.0,0.0,0.0,0.0,0.0,0.0,0.0,0.0,0.0,0.0,0.0,0.0,0.0,0.0,-5.130283181461349,-5.130283181461349,-5.130283181461349,4.024306631933782,4.024306631933782,4.024306631933782,0.6793874563677065,0.6793874563677065,0.6793874563677065,-2.1319266528519147,-2.1319266528519147,-2.1319266528519147,-2.223712610797648,-2.223712610797648,-2.223712610797648,0.0,0.0,0.0,-0.3252683657532576,-0.3252683657532576,-0.3252683657532576,2.300911526377994,2.300911526377994,2.300911526377994,-0.12269608290720234,-0.12269608290720234,-0.12269608290720234,0.8652760639439342,0.8652760639439342,0.8652760639439342,0.1886695019789915,0.1886695019789915,0.1886695019789915,-3.305824640083441,-3.305824640083441,-3.305824640083441,-7.211332662522208,-7.211332662522208,-7.211332662522208,0.0,0.0,0.0,51.572319312799074
112,2018-03-19 10:00:00,56.70224093119482,42.05437076103949,60.96514202709847,56.70224093119482,56.70224093119482,0.0,0.0,0.0,0.0,0.0,0.0,0.0,0.0,0.0,0.0,0.0,0.0,0.0,0.0,0.0,0.0,0.0,0.0,0.0,0.0,0.0,0.0,0.0,0.0,0.0,0.0,0.0,0.0,0.0,0.0,-5.32072495729381,-5.32072495729381,-5.32072495729381,4.085000052720687,4.085000052720687,4.085000052720687,0.406088632094706,0.406088632094706,0.406088632094706,-2.9067552423621974,-2.9067552423621974,-2.9067552423621974,-2.4073632466103567,-2.4073632466103567,-2.4073632466103567,0.0,0.0,0.0,-0.2167941925698007,-0.2167941925698007,-0.2167941925698007,2.3372622065661637,2.3372622065661637,2.3372622065661637,-0.1466162466890929,-0.1466162466890929,-0.1466162466890929,0.9265470324934227,0.9265470324934227,0.9265470324934227,0.713469446091376,0.713469446091376,0.713469446091376,-3.8058794276472394,-3.8058794276472394,-3.8058794276472394,-7.212439213743676,-7.212439213743676,-7.212439213743676,0.0,0.0,0.0,51.38151597390101
113,2018-03-19 11:00:00,56.70187936812921,41.11031414528537,61.26301621713575,56.70187936812921,56.70187936812921,0.0,0.0,0.0,0.0,0.0,0.0,0.0,0.0,0.0,0.0,0.0,0.0,0.0,0.0,0.0,0.0,0.0,0.0,0.0,0.0,0.0,0.0,0.0,0.0,0.0,0.0,0.0,0.0,0.0,0.0,-5.347658624382706,-5.347658624382706,-5.347658624382706,3.7056506969370866,3.7056506969370866,3.7056506969370866,0.13278980782170613,0.13278980782170613,0.13278980782170613,-3.0618846127595734,-3.0618846127595734,-3.0618846127595734,-2.4438753908223787,-2.4438753908223787,-2.4438753908223787,0.0,0.0,0.0,-0.10832001938634384,-0.10832001938634384,-0.10832001938634384,2.440170470197463,2.440170470197463,2.440170470197463,-0.15036842924311497,-0.15036842924311497,-0.15036842924311497,0.9156154279724787,0.9156154279724787,0.9156154279724787,1.2221329998476878,1.2221329998476878,1.2221329998476878,-3.847896479299384,-3.847896479299384,-3.847896479299384,-7.2135577084079054,-7.2135577084079054,-7.2135577084079054,0.0,0.0,0.0,51.35422074374651
114,2018-03-19 12:00:00,56.70151780506361,40.15121593583207,59.86250718262592,56.70151780506361,56.70151780506361,0.0,0.0,0.0,0.0,0.0,0.0,0.0,0.0,0.0,0.0,0.0,0.0,0.0,0.0,0.0,0.0,0.0,0.0,0.0,0.0,0.0,0.0,0.0,0.0,0.0,0.0,0.0,0.0,0.0,0.0,-6.812013378959755,-6.812013378959755,-6.812013378959755,2.655220240071376,2.655220240071376,2.655220240071376,-0.14050901645129435,-0.14050901645129435,-0.14050901645129435,-3.964730814987041,-3.964730814987041,-3.964730814987041,-2.5419677185561693,-2.5419677185561693,-2.5419677185561693,0.0,0.0,0.0,0.00015415379711304652,0.00015415379711304652,0.00015415379711304652,2.21643459354633,2.21643459354633,2.21643459354633,-0.11941292317243306,-0.11941292317243306,-0.11941292317243306,0.9088675239472047,0.9088675239472047,0.9088675239472047,1.7121854187850503,1.7121854187850503,1.7121854187850503,-4.288297428097792,-4.288297428097792,-4.288297428097792,-7.214688222829141,-7.214688222829141,-7.214688222829141,0.0,0.0,0.0,49.889504426103855
115,2018-03-19 13:00:00,56.70115624199801,38.086215712362,58.67490939573268,56.70115624199801,56.70115624199801,0.0,0.0,0.0,0.0,0.0,0.0,0.0,0.0,0.0,0.0,0.0,0.0,0.0,0.0,0.0,0.0,0.0,0.0,0.0,0.0,0.0,0.0,0.0,0.0,0.0,0.0,0.0,0.0,0.0,0.0,-8.952489435816076,-8.952489435816076,-8.952489435816076,1.0378962106659713,1.0378962106659713,1.0378962106659713,-0.4138078407242942,-0.4138078407242942,-0.4138078407242942,-4.955902559399367,-4.955902559399367,-4.955902559399367,-2.6733024462441897,-2.6733024462441897,-2.6733024462441897,0.0,0.0,0.0,0.10862832698056994,0.10862832698056994,0.10862832698056994,1.7838103011659923,1.7838103011659923,1.7838103011659923,-0.024670313683376317,-0.024670313683376317,-0.024670313683376317,0.7566348091370216,0.7566348091370216,0.7566348091370216,2.1813477454561907,2.1813477454561907,2.1813477454561907,-4.493195396031091,-4.493195396031091,-4.493195396031091,-7.215830832538871,-7.215830832538871,-7.215830832538871,0.0,0.0,0.0,47.74866680618193
116,2018-03-19 14:00:00,56.70079467893241,35.84535339017941,56.337063709002024,56.70079467893241,56.70079467893241,0.0,0.0,0.0,0.0,0.0,0.0,0.0,0.0,0.0,0.0,0.0,0.0,0.0,0.0,0.0,0.0,0.0,0.0,0.0,0.0,0.0,0.0,0.0,0.0,0.0,0.0,0.0,0.0,0.0,0.0,-10.351775920925883,-10.351775920925883,-10.351775920925883,-0.35534300920410283,-0.35534300920410283,-0.35534300920410283,-0.6871066649972947,-0.6871066649972947,-0.6871066649972947,-5.4070011190134,-5.4070011190134,-5.4070011190134,-2.6411499610425584,-2.6411499610425584,-2.6411499610425584,0.0,0.0,0.0,0.2171025001640268,0.2171025001640268,0.2171025001640268,1.5795297181366967,1.5795297181366967,1.5795297181366967,0.05178040585482293,0.05178040585482293,0.05178040585482293,0.6381416144532089,0.6381416144532089,0.6381416144532089,2.6275538195696986,2.6275538195696986,2.6275538195696986,-4.565298731582303,-4.565298731582303,-4.565298731582303,-7.216985612278079,-7.216985612278079,-7.216985612278079,0.0,0.0,0.0,46.34901875800653
117,2018-03-19 15:00:00,56.70043311586681,36.69811053584628,57.1136688117643,56.70043311586681,56.70043311586681,0.0,0.0,0.0,0.0,0.0,0.0,0.0,0.0,0.0,0.0,0.0,0.0,0.0,0.0,0.0,0.0,0.0,0.0,0.0,0.0,0.0,0.0,0.0,0.0,0.0,0.0,0.0,0.0,0.0,0.0,-10.120610806947429,-10.120610806947429,-10.120610806947429,-0.4374847038074558,-0.4374847038074558,-0.4374847038074558,-0.9604054892702952,-0.9604054892702952,-0.9604054892702952,-5.5139384233604565,-5.5139384233604565,-5.5139384233604565,-2.638970131537363,-2.638970131537363,-2.638970131537363,0.0,0.0,0.0,0.3255766733474837,0.3255766733474837,0.3255766733474837,1.5303795026710016,1.5303795026710016,1.5303795026710016,0.033957538723218196,0.033957538723218196,0.033957538723218196,0.6083158786614976,0.6083158786614976,0.6083158786614976,3.048964956208896,3.048964956208896,3.048964956208896,-4.412792395955999,-4.412792395955999,-4.412792395955999,-7.218152635988413,-7.218152635988413,-7.218152635988413,0.0,0.0,0.0,46.579822308919375
118,2018-03-19 16:00:00,56.700071552801205,39.206632963906536,59.376112354673246,56.700071552801205,56.700071552801205,0.0,0.0,0.0,0.0,0.0,0.0,0.0,0.0,0.0,0.0,0.0,0.0,0.0,0.0,0.0,0.0,0.0,0.0,0.0,0.0,0.0,0.0,0.0,0.0,0.0,0.0,0.0,0.0,0.0,0.0,-7.607754010952722,-7.607754010952722,-7.607754010952722,1.2695338232931455,1.2695338232931455,1.2695338232931455,-1.2337043135432952,-1.2337043135432952,-1.2337043135432952,-5.101938013410638,-5.101938013410638,-5.101938013410638,-2.654773895450029,-2.654773895450029,-2.654773895450029,0.0,0.0,0.0,0.43405084653094056,0.43405084653094056,0.43405084653094056,1.7679388774218614,1.7679388774218614,1.7679388774218614,0.18638995498036393,0.18638995498036393,0.18638995498036393,0.5936054478864001,0.5936054478864001,0.5936054478864001,3.4439821559770323,3.4439821559770323,3.4439821559770323,-4.195444931236879,-4.195444931236879,-4.195444931236879,-7.219331976812262,-7.219331976812262,-7.219331976812262,0.0,0.0,0.0,49.09231754184848
119,2018-03-19 17:00:00,56.6997099897356,41.4993330011972,62.124008303629196,56.6997099897356,56.6997099897356,0.0,0.0,0.0,0.0,0.0,0.0,0.0,0.0,0.0,0.0,0.0,0.0,0.0,0.0,0.0,0.0,0.0,0.0,0.0,0.0,0.0,0.0,0.0,0.0,0.0,0.0,0.0,0.0,0.0,0.0,-4.574820964035539,-4.574820964035539,-4.574820964035539,4.033685421223574,4.033685421223574,4.033685421223574,-1.5070031378162954,-1.5070031378162954,-1.5070031378162954,-5.199238419229138,-5.199238419229138,-5.199238419229138,-2.780659049375061,-2.780659049375061,-2.780659049375061,0.0,0.0,0.0,0.5425250197143975,0.5425250197143975,0.5425250197143975,1.8012176691434258,1.8012176691434258,1.8012176691434258,0.3744681055007191,0.3744681055007191,0.3744681055007191,0.6118247887546401,0.6118247887546401,0.6118247887546401,3.8112557410515073,3.8112557410515073,3.8112557410515073,-4.241611815150964,-4.241611815150964,-4.241611815150964,-7.220523707081483,-7.220523707081483,-7.220523707081483,0.0,0.0,0.0,52.124889025700064
120,2018-03-19 18:00:00,56.962289001375865,46.944045989648686,66.05338483398288,56.962289001375865,56.962289001375865,0.0,0.0,0.0,0.0,0.0,0.0,0.0,0.0,0.0,0.0,0.0,0.0,0.0,0.0,0.0,0.0,0.0,0.0,0.0,0.0,0.0,0.0,0.0,0.0,0.0,0.0,0.0,0.0,0.0,0.0,-0.720290261159104,-0.720290261159104,-0.720290261159104,6.1646853120040825,6.1646853120040825,6.1646853120040825,-1.9652581559543836,-1.9652581559543836,-1.9652581559543836,-4.107643240975216,-4.107643240975216,-4.107643240975216,-2.612444333957801,-2.612444333957801,-2.612444333957801,0.0,0.0,0.0,0.7606976789976587,0.7606976789976587,0.7606976789976587,2.6521255472738585,2.6521255472738585,2.6521255472738585,0.5716865713604825,0.5716865713604825,0.5716865713604825,0.8537256251579219,0.8537256251579219,0.8537256251579219,4.339280844040538,4.339280844040538,4.339280844040538,-4.368176173852953,-4.368176173852953,-4.368176173852953,-7.116613176228508,-7.116613176228508,-7.116613176228508,0.0,0.0,0.0,56.24199874021676
121,2018-03-19 19:00:00,56.96196823881025,47.85980961798801,68.19797063489526,56.96196823881025,56.96196823881025,0.0,0.0,0.0,0.0,0.0,0.0,0.0,0.0,0.0,0.0,0.0,0.0,0.0,0.0,0.0,0.0,0.0,0.0,0.0,0.0,0.0,0.0,0.0,0.0,0.0,0.0,0.0,0.0,0.0,0.0,1.2356729390573804,1.2356729390573804,1.2356729390573804,6.426053204617018,6.426053204617018,6.426053204617018,-2.2667387183183334,-2.2667387183183334,-2.2667387183183334,-2.7424036602322666,-2.7424036602322666,-2.7424036602322666,-2.1595959915409844,-2.1595959915409844,-2.1595959915409844,0.0,0.0,0.0,0.8874506294137273,0.8874506294137273,0.8874506294137273,3.297661532247101,3.297661532247101,3.297661532247101,0.6308401033720569,0.6308401033720569,0.6308401033720569,1.0802503823168363,1.0802503823168363,1.0802503823168363,4.669704924738267,4.669704924738267,4.669704924738267,-4.212271597722671,-4.212271597722671,-4.212271597722671,-7.117681530065637,-7.117681530065637,-7.117681530065637,0.0,0.0,0.0,58.19764117786763
122,2018-03-19 20:00:00,56.96164747624464,45.84358161452137,65.64510313812394,56.96164747624464,56.96164747624464,0.0,0.0,0.0,0.0,0.0,0.0,0.0,0.0,0.0,0.0,0.0,0.0,0.0,0.0,0.0,0.0,0.0,0.0,0.0,0.0,0.0,0.0,0.0,0.0,0.0,0.0,0.0,0.0,0.0,0.0,-1.2052726628799415,-1.2052726628799415,-1.2052726628799415,4.480740958458089,4.480740958458089,4.480740958458089,-2.5682192806822832,-2.5682192806822832,-2.5682192806822832,-3.5360407987379956,-3.5360407987379956,-3.5360407987379956,-2.5408286032307656,-2.5408286032307656,-2.5408286032307656,0.0,0.0,0.0,1.014203579829796,1.014203579829796,1.014203579829796,3.1519622456788428,3.1519622456788428,3.1519622456788428,0.6524816394738523,0.6524816394738523,0.6524816394738523,0.9462958384199783,0.9462958384199783,0.9462958384199783,4.968791626741591,4.968791626741591,4.968791626741591,-4.191936218227417,-4.191936218227417,-4.191936218227417,-7.118764449341624,-7.118764449341624,-7.118764449341624,0.0,0.0,0.0,55.7563748133647
123,2018-03-19 21:00:00,56.96132671367903,41.386904761154256,61.70989121631419,56.96132671367903,56.96132671367903,0.0,0.0,0.0,0.0,0.0,0.0,0.0,0.0,0.0,0.0,0.0,0.0,0.0,0.0,0.0,0.0,0.0,0.0,0.0,0.0,0.0,0.0,0.0,0.0,0.0,0.0,0.0,0.0,0.0,0.0,-5.180919736397536,-5.180919736397536,-5.180919736397536,1.2818661413001438,1.2818661413001438,1.2818661413001438,-2.869699843046233,-2.869699843046233,-2.869699843046233,-4.579064981272673,-4.579064981272673,-4.579064981272673,-2.6382906127164305,-2.6382906127164305,-2.6382906127164305,0.0,0.0,0.0,1.1409565302458644,1.1409565302458644,1.1409565302458644,2.5982012561596277,2.5982012561596277,2.5982012561596277,0.6649856381104452,0.6649856381104452,0.6649856381104452,0.6171270506734308,0.6171270506734308,0.6171270506734308,5.236141110351666,5.236141110351666,5.236141110351666,-4.0923450006993765,-4.0923450006993765,-4.0923450006993765,-7.119862006776672,-7.119862006776672,-7.119862006776672,0.0,0.0,0.0,51.780406977281494
124,2018-03-19 22:00:00,56.96100595111342,37.10976706487124,57.049578816624525,56.96100595111342,56.96100595111342,0.0,0.0,0.0,0.0,0.0,0.0,0.0,0.0,0.0,0.0,0.0,0.0,0.0,0.0,0.0,0.0,0.0,0.0,0.0,0.0,0.0,0.0,0.0,0.0,0.0,0.0,0.0,0.0,0.0,0.0,-9.721681051021502,-9.721681051021502,-9.721681051021502,-1.8542711273809187,-1.8542711273809187,-1.8542711273809187,-3.1711804054101824,-3.1711804054101824,-3.1711804054101824,-6.218056579352166,-6.218056579352166,-6.218056579352166,-2.7869067155785485,-2.7869067155785485,-2.7869067155785485,0.0,0.0,0.0,1.2677094806619331,1.2677094806619331,1.2677094806619331,1.5938613341570826,1.5938613341570826,1.5938613341570826,0.67989425186946,0.67989425186946,0.67989425186946,0.21009037765350647,0.21009037765350647,0.21009037765350647,5.471620929904405,5.471620929904405,5.471620929904405,-4.011524902705418,-4.011524902705418,-4.011524902705418,-7.120974274192821,-7.120974274192821,-7.120974274192821,0.0,0.0,0.0,47.239324900091916
125,2018-03-19 23:00:00,56.96068518854781,33.74022345300294,53.887847264028736,56.96068518854781,56.96068518854781,0.0,0.0,0.0,0.0,0.0,0.0,0.0,0.0,0.0,0.0,0.0,0.0,0.0,0.0,0.0,0.0,0.0,0.0,0.0,0.0,0.0,0.0,0.0,0.0,0.0,0.0,0.0,0.0,0.0,0.0,-13.122366682840179,-13.122366682840179,-13.122366682840179,-4.194425807624461,-4.194425807624461,-4.194425807624461,-3.4726609677741322,-3.4726609677741322,-3.4726609677741322,-7.481199824595253,-7.481199824595253,-7.481199824595253,-3.105677486934976,-3.105677486934976,-3.105677486934976,0.0,0.0,0.0,1.3944624310780016,1.3944624310780016,1.3944624310780016,1.2526864922997387,1.2526864922997387,1.2526864922997387,0.67989425186946,0.67989425186946,0.67989425186946,-0.09688878544345994,-0.09688878544345994,-0.09688878544345994,5.675360271884706,5.675360271884706,5.675360271884706,-4.133015759689885,-4.133015759689885,-4.133015759689885,-7.122101322505171,-7.122101322505171,-7.122101322505171,0.0,0.0,0.0,43.838318505707626
126,2018-03-20 00:00:00,56.9603644259822,30.208335075502877,50.70428210889186,56.9603644259822,56.9603644259822,0.0,0.0,0.0,0.0,0.0,0.0,0.0,0.0,0.0,0.0,0.0,0.0,0.0,0.0,0.0,0.0,0.0,0.0,0.0,0.0,0.0,0.0,0.0,0.0,0.0,0.0,0.0,0.0,0.0,0.0,-16.647857441755775,-16.647857441755775,-16.647857441755775,-5.823144591990339,-5.823144591990339,-5.823144591990339,-3.7741415301380807,-3.7741415301380807,-3.7741415301380807,-9.549211237686572,-9.549211237686572,-9.549211237686572,-3.1029851662309524,-3.1029851662309524,-3.1029851662309524,0.0,0.0,0.0,0.00017997650124740988,0.00017997650124740988,0.00017997650124740988,1.0831360769694174,1.0831360769694174,1.0831360769694174,0.67989425186946,0.67989425186946,0.67989425186946,-0.3445141059194608,-0.3445141059194608,-0.3445141059194608,5.8477416096407735,5.8477416096407735,5.8477416096407735,-4.090780740738203,-4.090780740738203,-4.090780740738203,-7.1232432217196395,-7.1232432217196395,-7.1232432217196395,0.0,0.0,0.0,40.312506984226424
127,2018-03-20 01:00:00,56.960043663416585,27.392174029767396,47.905857492738825,56.960043663416585,56.960043663416585,0.0,0.0,0.0,0.0,0.0,0.0,0.0,0.0,0.0,0.0,0.0,0.0,0.0,0.0,0.0,0.0,0.0,0.0,0.0,0.0,0.0,0.0,0.0,0.0,0.0,0.0,0.0,0.0,0.0,0.0,-19.083603320768578,-19.083603320768578,-19.083603320768578,-7.087072622310506,-7.087072622310506,-7.087072622310506,-3.7741415301380807,-3.7741415301380807,-3.7741415301380807,-10.861520560185006,-10.861520560185006,-10.861520560185006,-3.1245237318631434,-3.1245237318631434,-3.1245237318631434,0.0,0.0,0.0,-1.3941024780755067,-1.3941024780755067,-1.3941024780755067,1.0530629146172503,1.0530629146172503,1.0530629146172503,0.6794133288449755,0.6794133288449755,0.6794133288449755,-0.49357937580468386,-0.49357937580468386,-0.49357937580468386,5.989389902648732,5.989389902648732,5.989389902648732,-3.8076496877658177,-3.8076496877658177,-3.8076496877658177,-7.124400040921796,-7.124400040921796,-7.124400040921796,0.0,0.0,0.0,37.87644034264801
128,2018-03-20 02:00:00,56.95972290085098,28.088516753853654,47.665591734984105,56.95972290085098,56.95972290085098,0.0,0.0,0.0,0.0,0.0,0.0,0.0,0.0,0.0,0.0,0.0,0.0,0.0,0.0,0.0,0.0,0.0,0.0,0.0,0.0,0.0,0.0,0.0,0.0,0.0,0.0,0.0,0.0,0.0,0.0,-19.851197988861884,-19.851197988861884,-19.851197988861884,-7.91909467235013,-7.91909467235013,-7.91909467235013,-3.7741415301380807,-3.7741415301380807,-3.7741415301380807,-10.907690963437153,-10.907690963437153,-10.907690963437153,-3.1848317156332784,-3.1848317156332784,-3.1848317156332784,0.0,0.0,0.0,-1.2673495276594382,-1.2673495276594382,-1.2673495276594382,0.9426218183929126,0.9426218183929126,0.9426218183929126,0.67989425186946,0.67989425186946,0.67989425186946,-0.5530693510922113,-0.5530693510922113,-0.5530693510922113,6.101159495200555,6.101159495200555,6.101159495200555,-3.7508149091765177,-3.7508149091765177,-3.7508149091765177,-7.125571848275155,-7.125571848275155,-7.125571848275155,0.0,0.0,0.0,37.10852491198909
129,2018-03-20 03:00:00,56.95940213828537,27.955850888860546,47.870575568380794,56.95940213828537,56.95940213828537,0.0,0.0,0.0,0.0,0.0,0.0,0.0,0.0,0.0,0.0,0.0,0.0,0.0,0.0,0.0,0.0,0.0,0.0,0.0,0.0,0.0,0.0,0.0,0.0,0.0,0.0,0.0,0.0,0.0,0.0,-19.282039357082528,-19.282039357082528,-19.282039357082528,-7.7613099932006335,-7.7613099932006335,-7.7613099932006335,-3.7741415301380807,-3.7741415301380807,-3.7741415301380807,-10.57808954673581,-10.57808954673581,-10.57808954673581,-3.170831647972354,-3.170831647972354,-3.170831647972354,0.0,0.0,0.0,-1.1405965772433695,-1.1405965772433695,-1.1405965772433695,1.0126196962815774,1.0126196962815774,1.0126196962815774,0.67989425186946,0.67989425186946,0.67989425186946,-0.5661380870821487,-0.5661380870821487,-0.5661380870821487,6.184118893870767,6.184118893870767,6.184118893870767,-3.618895652450894,-3.618895652450894,-3.618895652450894,-7.126758711016854,-7.126758711016854,-7.126758711016854,0.0,0.0,0.0,37.677362781202845
130,2018-03-20 04:00:00,56.959081375719755,30.229897618105273,50.23345121796969,56.959081375719755,56.959081375719755,0.0,0.0,0.0,0.0,0.0,0.0,0.0,0.0,0.0,0.0,0.0,0.0,0.0,0.0,0.0,0.0,0.0,0.0,0.0,0.0,0.0,0.0,0.0,0.0,0.0,0.0,0.0,0.0,0.0,0.0,-16.984016527833784,-16.984016527833784,-16.984016527833784,-6.145503038298111,-6.145503038298111,-6.145503038298111,-3.7741415301380807,-3.7741415301380807,-3.7741415301380807,-9.950086420040664,-9.950086420040664,-9.950086420040664,-2.9963692663516066,-2.9963692663516066,-2.9963692663516066,0.0,0.0,0.0,-1.013843626827301,-1.013843626827301,-1.013843626827301,1.1313568372927199,1.1313568372927199,1.1313568372927199,0.67989425186946,0.67989425186946,0.67989425186946,-0.4769711904841385,-0.4769711904841385,-0.4769711904841385,6.239533625950533,6.239533625950533,6.239533625950533,-3.500011895401716,-3.500011895401716,-3.500011895401716,-7.127960695445542,-7.127960695445542,-7.127960695445542,0.0,0.0,0.0,39.975064847885974
131,2018-03-20 05:00:00,56.95876061315415,33.52379155908528,53.85045664069441,56.95876061315415,56.95876061315415,0.0,0.0,0.0,0.0,0.0,0.0,0.0,0.0,0.0,0.0,0.0,0.0,0.0,0.0,0.0,0.0,0.0,0.0,0.0,0.0,0.0,0.0,0.0,0.0,0.0,0.0,0.0,0.0,0.0,0.0,-13.350643866403042,-13.350643866403042,-13.350643866403042,-3.305910319962599,-3.305910319962599,-3.305910319962599,-3.7741415301380807,-3.7741415301380807,-3.7741415301380807,-9.184403080440081,-9.184403080440081,-9.184403080440081,-2.985599983535511,-2.985599983535511,-2.985599983535511,0.0,0.0,0.0,-0.8870906764112325,-0.8870906764112325,-0.8870906764112325,1.3397949625611882,1.3397949625611882,1.3397949625611882,0.67989425186946,0.67989425186946,0.67989425186946,-0.08123352878884747,-0.08123352878884747,-0.08123352878884747,6.268847400921626,6.268847400921626,6.268847400921626,-3.476026575997057,-3.476026575997057,-3.476026575997057,-7.129177866921988,-7.129177866921988,-7.129177866921988,0.0,0.0,0.0,43.60811674675111
132,2018-03-20 06:00:00,56.95843985058853,37.820261916974665,57.80982536490597,56.95843985058853,56.95843985058853,0.0,0.0,0.0,0.0,0.0,0.0,0.0,0.0,0.0,0.0,0.0,0.0,0.0,0.0,0.0,0.0,0.0,0.0,0.0,0.0,0.0,0.0,0.0,0.0,0.0,0.0,0.0,0.0,0.0,0.0,-8.728110058013288,-8.728110058013288,-8.728110058013288,-0.1738684800485322,-0.1738684800485322,-0.1738684800485322,-3.7741415301380807,-3.7741415301380807,-3.7741415301380807,-7.69749310251222,-7.69749310251222,-7.69749310251222,-2.89190722303548,-2.89190722303548,-2.89190722303548,0.0,0.0,0.0,-0.7603377259951639,-0.7603377259951639,-0.7603377259951639,2.3223577669983713,2.3223577669983713,2.3223577669983713,0.652000716449368,0.652000716449368,0.652000716449368,0.4620719434594864,0.4620719434594864,0.4620719434594864,6.273661814406389,6.273661814406389,6.273661814406389,-3.7075370502507203,-3.7075370502507203,-3.7075370502507203,-7.130410289858925,-7.130410289858925,-7.130410289858925,0.0,0.0,0.0,48.23032979257525
133,2018-03-20 07:00:00,56.958119088022926,41.759630427262366,61.624444815225864,56.958119088022926,56.958119088022926,0.0,0.0,0.0,0.0,0.0,0.0,0.0,0.0,0.0,0.0,0.0,0.0,0.0,0.0,0.0,0.0,0.0,0.0,0.0,0.0,0.0,0.0,0.0,0.0,0.0,0.0,0.0,0.0,0.0,0.0,-5.2611411995879855,-5.2611411995879855,-5.2611411995879855,2.260567356212797,2.260567356212797,2.260567356212797,-3.7741415301380807,-3.7741415301380807,-3.7741415301380807,-6.645765375931401,-6.645765375931401,-6.645765375931401,-2.5445978522163992,-2.5445978522163992,-2.5445978522163992,0.0,0.0,0.0,-0.6335847755790954,-0.6335847755790954,-0.6335847755790954,2.8636746893373792,2.8636746893373792,2.8636746893373792,0.3153545993103274,0.3153545993103274,0.3153545993103274,0.9362220210944017,0.9362220210944017,0.9362220210944017,6.255714847849668,6.255714847849668,6.255714847849668,-3.8086925277399333,-3.8086925277399333,-3.8086925277399333,-7.13165802771905,-7.13165802771905,-7.13165802771905,0.0,0.0,0.0,51.696977888434944
134,2018-03-20 08:00:00,56.95779832545732,42.74956251111742,62.1893396027263,56.95779832545732,56.95779832545732,0.0,0.0,0.0,0.0,0.0,0.0,0.0,0.0,0.0,0.0,0.0,0.0,0.0,0.0,0.0,0.0,0.0,0.0,0.0,0.0,0.0,0.0,0.0,0.0,0.0,0.0,0.0,0.0,0.0,0.0,-4.17879908901591,-4.17879908901591,-4.17879908901591,3.6003154259258596,3.6003154259258596,3.6003154259258596,-3.7741415301380807,-3.7741415301380807,-3.7741415301380807,-6.863051800466018,-6.863051800466018,-6.863051800466018,-2.3114428792479313,-2.3114428792479313,-2.3114428792479313,0.0,0.0,0.0,-0.5068318251630268,-0.5068318251630268,-0.5068318251630268,2.8310090129893353,2.8310090129893353,2.8310090129893353,-0.29734133388272627,-0.29734133388272627,-0.29734133388272627,1.1571653389242804,1.1571653389242804,1.1571653389242804,6.2168584285312605,6.2168584285312605,6.2168584285312605,-3.9614685839478687,-3.9614685839478687,-3.9614685839478687,-7.132921143007011,-7.132921143007011,-7.132921143007011,0.0,0.0,0.0,52.77899923644141
135,2018-03-20 09:00:00,56.957477562891704,41.53258049203593,61.666126842399706,56.957477562891704,56.957477562891704,0.0,0.0,0.0,0.0,0.0,0.0,0.0,0.0,0.0,0.0,0.0,0.0,0.0,0.0,0.0,0.0,0.0,0.0,0.0,0.0,0.0,0.0,0.0,0.0,0.0,0.0,0.0,0.0,0.0,0.0,-5.272133510681958,-5.272133510681958,-5.272133510681958,4.097049506701672,4.097049506701672,4.097049506701672,-3.7741415301380807,-3.7741415301380807,-3.7741415301380807,-8.394018642229105,-8.394018642229105,-8.394018642229105,-2.3275968034720744,-2.3275968034720744,-2.3275968034720744,0.0,0.0,0.0,-0.3800788747469583,-0.3800788747469583,-0.3800788747469583,2.248730369515479,2.248730369515479,2.248730369515479,-1.0134357173399138,-1.0134357173399138,-1.0134357173399138,1.231629907533611,1.231629907533611,1.231629907533611,6.159035322109494,6.159035322109494,6.159035322109494,-4.379125993581168,-4.379125993581168,-4.379125993581168,-7.13419969726402,-7.13419969726402,-7.13419969726402,0.0,0.0,0.0,51.68534405220974
136,2018-03-20 10:00:00,56.957156800326096,41.30118982245014,61.56073558610327,56.957156800326096,56.957156800326096,0.0,0.0,0.0,0.0,0.0,0.0,0.0,0.0,0.0,0.0,0.0,0.0,0.0,0.0,0.0,0.0,0.0,0.0,0.0,0.0,0.0,0.0,0.0,0.0,0.0,0.0,0.0,0.0,0.0,0.0,-5.459725219908764,-5.459725219908764,-5.459725219908764,4.13230084836921,4.13230084836921,4.13230084836921,-3.7741415301380807,-3.7741415301380807,-3.7741415301380807,-8.54078795139321,-8.54078795139321,-8.54078795139321,-2.383058609974966,-2.383058609974966,-2.383058609974966,0.0,0.0,0.0,-0.25332592433088974,-0.25332592433088974,-0.25332592433088974,2.511611288697354,2.511611288697354,2.511611288697354,-1.2332175395292588,-1.2332175395292588,-1.2332175395292588,1.2363945508632759,1.2363945508632759,1.2363945508632759,6.08425563417852,6.08425563417852,6.08425563417852,-4.645050186980645,-4.645050186980645,-4.645050186980645,-7.135493751063284,-7.135493751063284,-7.135493751063284,0.0,0.0,0.0,51.497431580417334
137,2018-03-20 11:00:00,56.95683603776048,41.338711568388604,61.31562354185849,56.95683603776048,56.95683603776048,0.0,0.0,0.0,0.0,0.0,0.0,0.0,0.0,0.0,0.0,0.0,0.0,0.0,0.0,0.0,0.0,0.0,0.0,0.0,0.0,0.0,0.0,0.0,0.0,0.0,0.0,0.0,0.0,0.0,0.0,-5.512561094278462,-5.512561094278462,-5.512561094278462,3.7349683189190976,3.7349683189190976,3.7349683189190976,-3.7741415301380807,-3.7741415301380807,-3.7741415301380807,-8.10529924792564,-8.10529924792564,-8.10529924792564,-2.229596329845605,-2.229596329845605,-2.229596329845605,0.0,0.0,0.0,-0.12657297391482114,-0.12657297391482114,-0.12657297391482114,2.6567920724664362,2.6567920724664362,2.6567920724664362,-1.0908643242818932,-1.0908643242818932,-1.0908643242818932,1.2068537622193547,1.2068537622193547,1.2068537622193547,5.9945731987321995,5.9945731987321995,5.9945731987321995,-4.747769924431031,-4.747769924431031,-4.747769924431031,-7.13680336400412,-7.13680336400412,-7.13680336400412,0.0,0.0,0.0,51.44427494348202
138,2018-03-20 12:00:00,56.956515275194874,41.021372004324526,60.178031251026304,56.956515275194874,56.956515275194874,0.0,0.0,0.0,0.0,0.0,0.0,0.0,0.0,0.0,0.0,0.0,0.0,0.0,0.0,0.0,0.0,0.0,0.0,0.0,0.0,0.0,0.0,0.0,0.0,0.0,0.0,0.0,0.0,0.0,0.0,-6.392136767893783,-6.392136767893783,-6.392136767893783,2.680575184037232,2.680575184037232,2.680575184037232,-3.7741415301380807,-3.7741415301380807,-3.7741415301380807,-7.826645485557499,-7.826645485557499,-7.826645485557499,-2.2376732919576767,-2.2376732919576767,-2.2376732919576767,0.0,0.0,0.0,0.00017997650124740988,0.00017997650124740988,0.00017997650124740988,2.772936699481703,2.772936699481703,2.772936699481703,-0.8768535783863602,-0.8768535783863602,-0.8768535783863602,1.1623383802536305,1.1623383802536305,1.1623383802536305,5.8920621283331736,5.8920621283331736,5.8920621283331736,-4.8734321413119615,-4.8734321413119615,-4.8734321413119615,-7.138128594706689,-7.138128594706689,-7.138128594706689,0.0,0.0,0.0,50.56437850730109
139,2018-03-20 13:00:00,56.95619451262926,38.89435246139311,58.65220207902635,56.95619451262926,56.95619451262926,0.0,0.0,0.0,0.0,0.0,0.0,0.0,0.0,0.0,0.0,0.0,0.0,0.0,0.0,0.0,0.0,0.0,0.0,0.0,0.0,0.0,0.0,0.0,0.0,0.0,0.0,0.0,0.0,0.0,0.0,-8.36149735187226,-8.36149735187226,-8.36149735187226,1.0609093166778647,1.0609093166778647,1.0609093166778647,-3.7741415301380807,-3.7741415301380807,-3.7741415301380807,-8.061730963802924,-8.061730963802924,-8.061730963802924,-2.3453661201186318,-2.3453661201186318,-2.3453661201186318,0.0,0.0,0.0,0.12693292691731597,0.12693292691731597,0.12693292691731597,2.552054507033027,2.552054507033027,2.552054507033027,-0.7301720559186354,-0.7301720559186354,-0.7301720559186354,1.0381853883492256,1.0381853883492256,1.0381853883492256,5.77879379605845,5.77879379605845,5.77879379605845,-4.929224079927145,-4.929224079927145,-4.929224079927145,-7.139469500805648,-7.139469500805648,-7.139469500805648,0.0,0.0,0.0,48.594697160757
140,2018-03-20 14:00:00,56.955873750063645,36.80624206387671,57.230709424241844,56.955873750063645,56.955873750063645,0.0,0.0,0.0,0.0,0.0,0.0,0.0,0.0,0.0,0.0,0.0,0.0,0.0,0.0,0.0,0.0,0.0,0.0,0.0,0.0,0.0,0.0,0.0,0.0,0.0,0.0,0.0,0.0,0.0,0.0,-9.886031978139975,-9.886031978139975,-9.886031978139975,-0.34975188065030993,-0.34975188065030993,-0.34975188065030993,-3.7741415301380807,-3.7741415301380807,-3.7741415301380807,-8.052268467986313,-8.052268467986313,-8.052268467986313,-2.2678272838427445,-2.2678272838427445,-2.2678272838427445,0.0,0.0,0.0,0.25368587733338455,0.25368587733338455,0.25368587733338455,2.2342122911385713,2.2342122911385713,2.2342122911385713,-0.645529603609391,-0.645529603609391,-0.645529603609391,0.9409866644240664,0.9409866644240664,0.9409866644240664,5.656814509443751,5.656814509443751,5.656814509443751,-4.793654883292118,-4.793654883292118,-4.793654883292118,-7.140826138947104,-7.140826138947104,-7.140826138947104,0.0,0.0,0.0,47.06984177192367
141,2018-03-20 15:00:00,56.95555298749803,36.801713162220494,56.56484753539505,56.95555298749803,56.95555298749803,0.0,0.0,0.0,0.0,0.0,0.0,0.0,0.0,0.0,0.0,0.0,0.0,0.0,0.0,0.0,0.0,0.0,0.0,0.0,0.0,0.0,0.0,0.0,0.0,0.0,0.0,0.0,0.0,0.0,0.0,-10.47199244814382,-10.47199244814382,-10.47199244814382,-0.4658530788341592,-0.4658530788341592,-0.4658530788341592,-3.7741415301380807,-3.7741415301380807,-3.7741415301380807,-8.392064929725558,-8.392064929725558,-8.392064929725558,-2.3636739009059946,-2.3636739009059946,-2.3636739009059946,0.0,0.0,0.0,0.3804388277494531,0.3804388277494531,0.3804388277494531,1.9225921088342195,1.9225921088342195,1.9225921088342195,-0.5950326860385349,-0.5950326860385349,-0.5950326860385349,0.8684279531466016,0.8684279531466016,0.8684279531466016,5.528124125194138,5.528124125194138,5.528124125194138,-4.830675702373221,-4.830675702373221,-4.830675702373221,-7.142198564778241,-7.142198564778241,-7.142198564778241,0.0,0.0,0.0,46.483560539354215
142,2018-03-20 16:00:00,56.95523222493242,38.634743156992975,58.84793062859148,56.95523222493242,56.95523222493242,0.0,0.0,0.0,0.0,0.0,0.0,0.0,0.0,0.0,0.0,0.0,0.0,0.0,0.0,0.0,0.0,0.0,0.0,0.0,0.0,0.0,0.0,0.0,0.0,0.0,0.0,0.0,0.0,0.0,0.0,-8.372602229527923,-8.372602229527923,-8.372602229527923,1.2070160620360042,1.2070160620360042,1.2070160620360042,-3.7741415301380807,-3.7741415301380807,-3.7741415301380807,-7.830687297122383,-7.830687297122383,-7.830687297122383,-2.246288718210553,-2.246288718210553,-2.246288718210553,0.0,0.0,0.0,0.5071917781655216,0.5071917781655216,0.5071917781655216,1.9319251592193745,1.9319251592193745,1.9319251592193745,-0.42959516561592076,-0.42959516561592076,-0.42959516561592076,0.8221428465155733,0.8221428465155733,0.8221428465155733,5.394655838506918,5.394655838506918,5.394655838506918,-4.641921667058298,-4.641921667058298,-4.641921667058298,-7.143586832948461,-7.143586832948461,-7.143586832948461,0.0,0.0,0.0,48.5826299954045
143,2018-03-20 17:00:00,56.954911462366816,42.446380069665096,61.56019550316447,56.954911462366816,56.954911462366816,0.0,0.0,0.0,0.0,0.0,0.0,0.0,0.0,0.0,0.0,0.0,0.0,0.0,0.0,0.0,0.0,0.0,0.0,0.0,0.0,0.0,0.0,0.0,0.0,0.0,0.0,0.0,0.0,0.0,0.0,-4.706526439621619,-4.706526439621619,-4.706526439621619,3.953157977184331,3.953157977184331,3.953157977184331,-3.7741415301380807,-3.7741415301380807,-3.7741415301380807,-6.772950782333123,-6.772950782333123,-6.772950782333123,-2.1429036031760362,-2.1429036031760362,-2.1429036031760362,0.0,0.0,0.0,0.6339447285815902,0.6339447285815902,0.6339447285815902,2.24095282752785,2.24095282752785,2.24095282752785,-0.08044504984028733,-0.08044504984028733,-0.08044504984028733,0.7996809565328685,0.7996809565328685,0.7996809565328685,5.2582573626276545,5.2582573626276545,5.2582573626276545,-4.450039111821027,-4.450039111821027,-4.450039111821027,-7.144990997100481,-7.144990997100481,-7.144990997100481,0.0,0.0,0.0,52.2483850227452
144,2018-03-20 18:00:00,56.87273729143134,45.92525864601803,65.61788571754185,56.87273729143134,56.87273729143134,0.0,0.0,0.0,0.0,0.0,0.0,0.0,0.0,0.0,0.0,0.0,0.0,0.0,0.0,0.0,0.0,0.0,0.0,0.0,0.0,0.0,0.0,0.0,0.0,0.0,0.0,0.0,0.0,0.0,0.0,-0.9393676780951444,-0.9393676780951444,-0.9393676780951444,6.328852383948806,6.328852383948806,6.328852383948806,-3.441484898679131,-3.441484898679131,-3.441484898679131,-4.898345982903733,-4.898345982903733,-4.898345982903733,-1.9876370604586986,-1.9876370604586986,-1.9876370604586986,0.0,0.0,0.0,0.5683009596062161,0.5683009596062161,0.5683009596062161,2.8522527793358243,2.8522527793358243,2.8522527793358243,0.3585594232125844,0.3585594232125844,0.3585594232125844,1.0334221316879293,1.0334221316879293,1.0334221316879293,4.780822017992518,4.780822017992518,4.780822017992518,-4.281759317608458,-4.281759317608458,-4.281759317608458,-7.150696097132736,-7.150696097132736,-7.150696097132736,0.0,0.0,0.0,55.9333696133362
145,2018-03-20 19:00:00,56.87240641310491,48.079364185468826,67.88478340029742,56.87240641310491,56.87240641310491,0.0,0.0,0.0,0.0,0.0,0.0,0.0,0.0,0.0,0.0,0.0,0.0,0.0,0.0,0.0,0.0,0.0,0.0,0.0,0.0,0.0,0.0,0.0,0.0,0.0,0.0,0.0,0.0,0.0,0.0,1.1131158557209904,1.1131158557209904,1.1131158557209904,6.621999308479914,6.621999308479914,6.621999308479914,-3.441484898679131,-3.441484898679131,-3.441484898679131,-3.008267690989315,-3.008267690989315,-3.008267690989315,-1.4419291969267192,-1.4419291969267192,-1.4419291969267192,0.0,0.0,0.0,0.6629953958457838,0.6629953958457838,0.6629953958457838,3.8030843431049655,3.8030843431049655,3.8030843431049655,0.507500905363808,0.507500905363808,0.507500905363808,1.281084587946338,1.281084587946338,1.281084587946338,4.6515229166506655,4.6515229166506655,4.6515229166506655,-4.379518827644361,-4.379518827644361,-4.379518827644361,-7.152138678420274,-7.152138678420274,-7.152138678420274,0.0,0.0,0.0,57.9855222688259
146,2018-03-20 20:00:00,56.87207553477848,44.60315570281001,65.33450843131571,56.87207553477848,56.87207553477848,0.0,0.0,0.0,0.0,0.0,0.0,0.0,0.0,0.0,0.0,0.0,0.0,0.0,0.0,0.0,0.0,0.0,0.0,0.0,0.0,0.0,0.0,0.0,0.0,0.0,0.0,0.0,0.0,0.0,0.0,-1.4036984623795925,-1.4036984623795925,-1.4036984623795925,4.745345536049116,4.745345536049116,4.745345536049116,-3.441484898679131,-3.441484898679131,-3.441484898679131,-3.5202212876014753,-3.5202212876014753,-3.5202212876014753,-1.6985385454695068,-1.6985385454695068,-1.6985385454695068,0.0,0.0,0.0,0.7576898320853516,0.7576898320853516,0.7576898320853516,3.462907186264146,3.462907186264146,3.462907186264146,0.5199511221380588,0.5199511221380588,0.5199511221380588,1.1748327408459143,1.1748327408459143,1.1748327408459143,4.5247745192653435,4.5247745192653435,4.5247745192653435,-4.295578724786309,-4.295578724786309,-4.295578724786309,-7.153597230092577,-7.153597230092577,-7.153597230092577,0.0,0.0,0.0,55.46837707239889
147,2018-03-20 21:00:00,56.871744656452044,40.80572240486946,60.64229637525657,56.871744656452044,56.871744656452044,0.0,0.0,0.0,0.0,0.0,0.0,0.0,0.0,0.0,0.0,0.0,0.0,0.0,0.0,0.0,0.0,0.0,0.0,0.0,0.0,0.0,0.0,0.0,0.0,0.0,0.0,0.0,0.0,0.0,0.0,-6.03732820025546,-6.03732820025546,-6.03732820025546,1.6192556839578072,1.6192556839578072,1.6192556839578072,-3.441484898679131,-3.441484898679131,-3.441484898679131,-4.903336622791655,-4.903336622791655,-4.903336622791655,-1.8527244201304092,-1.8527244201304092,-1.8527244201304092,0.0,0.0,0.0,0.8523842683249193,0.8523842683249193,0.8523842683249193,2.4080459109228887,2.4080459109228887,2.4080459109228887,0.5333235771918838,0.5333235771918838,0.5333235771918838,0.8077339017154966,0.8077339017154966,0.8077339017154966,4.40182453979048,4.40182453979048,4.40182453979048,-4.210614962137304,-4.210614962137304,-4.210614962137304,-7.155071801212093,-7.155071801212093,-7.155071801212093,0.0,0.0,0.0,50.834416456196585
148,2018-03-20 22:00:00,56.87141377812562,36.699744054370186,56.652577996540884,56.87141377812562,56.87141377812562,0.0,0.0,0.0,0.0,0.0,0.0,0.0,0.0,0.0,0.0,0.0,0.0,0.0,0.0,0.0,0.0,0.0,0.0,0.0,0.0,0.0,0.0,0.0,0.0,0.0,0.0,0.0,0.0,0.0,0.0,-10.468730641431623,-10.468730641431623,-10.468730641431623,-1.509812044044372,-1.509812044044372,-1.509812044044372,-3.441484898679131,-3.441484898679131,-3.441484898679131,-6.086125047175078,-6.086125047175078,-6.086125047175078,-2.320238018655788,-2.320238018655788,-2.320238018655788,0.0,0.0,0.0,0.9470787045644872,0.9470787045644872,0.9470787045644872,1.8181974463089905,1.8181974463089905,1.8181974463089905,0.5794354911705908,0.5794354911705908,0.5794354911705908,0.3679908556867357,0.3679908556867357,0.3679908556867357,4.283768889594731,4.283768889594731,4.283768889594731,-4.037104627570963,-4.037104627570963,-4.037104627570963,-7.156562439806904,-7.156562439806904,-7.156562439806904,0.0,0.0,0.0,46.402683136693994
149,2018-03-20 23:00:00,56.871082899799184,33.42064238683418,53.006016363159176,56.871082899799184,56.871082899799184,0.0,0.0,0.0,0.0,0.0,0.0,0.0,0.0,0.0,0.0,0.0,0.0,0.0,0.0,0.0,0.0,0.0,0.0,0.0,0.0,0.0,0.0,0.0,0.0,0.0,0.0,0.0,0.0,0.0,0.0,-13.682862075094326,-13.682862075094326,-13.682862075094326,-3.958479405155803,-3.958479405155803,-3.958479405155803,-3.441484898679131,-3.441484898679131,-3.441484898679131,-6.737859024297001,-6.737859024297001,-6.737859024297001,-2.6346670701964143,-2.6346670701964143,-2.6346670701964143,0.0,0.0,0.0,1.041773140804055,1.041773140804055,1.041773140804055,1.3433018129822807,1.3433018129822807,1.3433018129822807,0.5946524227835641,0.5946524227835641,0.5946524227835641,0.029199990418839555,0.029199990418839555,0.029199990418839555,4.171545547225365,4.171545547225365,4.171545547225365,-3.670634422410195,-3.670634422410195,-3.670634422410195,-7.158069192866885,-7.158069192866885,-7.158069192866885,0.0,0.0,0.0,43.18822082470486
150,2018-03-21 00:00:00,56.87075202147276,31.287871460063634,52.219305076898976,56.87075202147276,56.87075202147276,0.0,0.0,0.0,0.0,0.0,0.0,0.0,0.0,0.0,0.0,0.0,0.0,0.0,0.0,0.0,0.0,0.0,0.0,0.0,0.0,0.0,0.0,0.0,0.0,0.0,0.0,0.0,0.0,0.0,0.0,-15.256725065060857,-15.256725065060857,-15.256725065060857,-5.790288752005098,-5.790288752005098,-5.790288752005098,-2.0658569769039197,-2.0658569769039197,-2.0658569769039197,-6.37277482353202,-6.37277482353202,-6.37277482353202,-2.7883022810192415,-2.7883022810192415,-2.7883022810192415,0.0,0.0,0.0,0.00013434216880949763,0.00013434216880949763,0.00013434216880949763,1.4187233538720647,1.4187233538720647,1.4187233538720647,0.6306197156869555,0.6306197156869555,0.6306197156869555,-0.23526628594060925,-0.23526628594060925,-0.23526628594060925,4.065930616812834,4.065930616812834,4.065930616812834,-3.33282669139608,-3.33282669139608,-3.33282669139608,-7.159592106336575,-7.159592106336575,-7.159592106336575,0.0,0.0,0.0,41.614026956411905
151,2018-03-21 01:00:00,56.87042114314633,28.655764889791747,48.51275034434672,56.87042114314633,56.87042114314633,0.0,0.0,0.0,0.0,0.0,0.0,0.0,0.0,0.0,0.0,0.0,0.0,0.0,0.0,0.0,0.0,0.0,0.0,0.0,0.0,0.0,0.0,0.0,0.0,0.0,0.0,0.0,0.0,0.0,0.0,-18.44595666409715,-18.44595666409715,-18.44595666409715,-7.264213850402178,-7.264213850402178,-7.264213850402178,-2.0658569769039197,-2.0658569769039197,-2.0658569769039197,-7.9881481627250315,-7.9881481627250315,-7.9881481627250315,-2.967818692231578,-2.967818692231578,-2.967818692231578,0.0,0.0,0.0,-1.041504456466436,-1.041504456466436,-1.041504456466436,1.0707439686633364,1.0707439686633364,1.0707439686633364,0.653675672676309,0.653675672676309,0.653675672676309,-0.3818473012835296,-0.3818473012835296,-0.3818473012835296,3.9675365741445785,3.9675365741445785,3.9675365741445785,-3.2555403771792144,-3.2555403771792144,-3.2555403771792144,-7.161131225114518,-7.161131225114518,-7.161131225114518,0.0,0.0,0.0,38.42446447904918
152,2018-03-21 02:00:00,56.87009026481989,28.203045281122805,47.55143842507465,56.87009026481989,56.87009026481989,0.0,0.0,0.0,0.0,0.0,0.0,0.0,0.0,0.0,0.0,0.0,0.0,0.0,0.0,0.0,0.0,0.0,0.0,0.0,0.0,0.0,0.0,0.0,0.0,0.0,0.0,0.0,0.0,0.0,0.0,-19.28085877339543,-19.28085877339543,-19.28085877339543,-8.219305260004187,-8.219305260004187,-8.219305260004187,-2.0658569769039197,-2.0658569769039197,-2.0658569769039197,-7.775679591685029,-7.775679591685029,-7.775679591685029,-2.8764084951111855,-2.8764084951111855,-2.8764084951111855,0.0,0.0,0.0,-0.946810020226868,-0.946810020226868,-0.946810020226868,1.048897729233192,1.048897729233192,1.048897729233192,0.653675672676309,0.653675672676309,0.653675672676309,-0.44828702075995025,-0.44828702075995025,-0.44828702075995025,3.8768126713370927,3.8768126713370927,3.8768126713370927,-3.1408904805926054,-3.1408904805926054,-3.1408904805926054,-7.162686593043304,-7.162686593043304,-7.162686593043304,0.0,0.0,0.0,37.589231491424464
153,2018-03-21 03:00:00,56.86975938649346,27.865925872394627,47.589872078011275,56.86975938649346,56.86975938649346,0.0,0.0,0.0,0.0,0.0,0.0,0.0,0.0,0.0,0.0,0.0,0.0,0.0,0.0,0.0,0.0,0.0,0.0,0.0,0.0,0.0,0.0,0.0,0.0,0.0,0.0,0.0,0.0,0.0,0.0,-19.064416979636178,-19.064416979636178,-19.064416979636178,-8.064433852009062,-8.064433852009062,-8.064433852009062,-2.0658569769039197,-2.0658569769039197,-2.0658569769039197,-7.629772318768065,-7.629772318768065,-7.629772318768065,-2.8929284102534254,-2.8929284102534254,-2.8929284102534254,0.0,0.0,0.0,-0.8521155839873004,-0.8521155839873004,-0.8521155839873004,1.1482461037845628,1.1482461037845628,1.1482461037845628,0.653675672676309,0.653675672676309,0.653675672676309,-0.4619885971500292,-0.4619885971500292,-0.4619885971500292,3.794047444050246,3.794047444050246,3.794047444050246,-3.1588045269342633,-3.1588045269342633,-3.1588045269342633,-7.1642582529092955,-7.1642582529092955,-7.1642582529092955,0.0,0.0,0.0,37.805342406857285
154,2018-03-21 04:00:00,56.86942850816704,28.60364100976237,48.809436243064276,56.86942850816704,56.86942850816704,0.0,0.0,0.0,0.0,0.0,0.0,0.0,0.0,0.0,0.0,0.0,0.0,0.0,0.0,0.0,0.0,0.0,0.0,0.0,0.0,0.0,0.0,0.0,0.0,0.0,0.0,0.0,0.0,0.0,0.0,-17.484318477550026,-17.484318477550026,-17.484318477550026,-6.3755184638740205,-6.3755184638740205,-6.3755184638740205,-2.0658569769039197,-2.0658569769039197,-2.0658569769039197,-7.662327006038464,-7.662327006038464,-7.662327006038464,-2.9033910231768436,-2.9033910231768436,-2.9033910231768436,0.0,0.0,0.0,-0.7574211477477326,-0.7574211477477326,-0.7574211477477326,1.1586490749417744,1.1586490749417744,1.1586490749417744,0.653675672676309,0.653675672676309,0.653675672676309,-0.36039011561604745,-0.36039011561604745,-0.36039011561604745,3.719373238796071,3.719373238796071,3.719373238796071,-3.387592490212005,-3.387592490212005,-3.387592490212005,-7.165846246433607,-7.165846246433607,-7.165846246433607,0.0,0.0,0.0,39.385110030617014
155,2018-03-21 05:00:00,56.8690976298406,33.21032338108641,53.855405710324085,56.8690976298406,56.8690976298406,0.0,0.0,0.0,0.0,0.0,0.0,0.0,0.0,0.0,0.0,0.0,0.0,0.0,0.0,0.0,0.0,0.0,0.0,0.0,0.0,0.0,0.0,0.0,0.0,0.0,0.0,0.0,0.0,0.0,0.0,-13.811879482523354,-13.811879482523354,-13.811879482523354,-3.4637048949650353,-3.4637048949650353,-3.4637048949650353,-2.0658569769039197,-2.0658569769039197,-2.0658569769039197,-6.833496626363129,-6.833496626363129,-6.833496626363129,-2.7095573521745666,-2.7095573521745666,-2.7095573521745666,0.0,0.0,0.0,-0.6627267115081649,-0.6627267115081649,-0.6627267115081649,1.3276973562464631,1.3276973562464631,1.3276973562464631,0.653675672676309,0.653675672676309,0.653675672676309,-0.012680299679137677,-0.012680299679137677,-0.012680299679137677,3.652772653075259,3.652772653075259,3.652772653075259,-3.3640483150201117,-3.3640483150201117,-3.3640483150201117,-7.16745061427045,-7.16745061427045,-7.16745061427045,0.0,0.0,0.0,43.05721814731725
156,2018-03-21 06:00:00,56.86876675151417,37.6613851998133,57.33213297973232,56.86876675151417,56.86876675151417,0.0,0.0,0.0,0.0,0.0,0.0,0.0,0.0,0.0,0.0,0.0,0.0,0.0,0.0,0.0,0.0,0.0,0.0,0.0,0.0,0.0,0.0,0.0,0.0,0.0,0.0,0.0,0.0,0.0,0.0,-9.00729725744485,-9.00729725744485,-9.00729725744485,-0.3066070080055991,-0.3066070080055991,-0.3066070080055991,-2.0658569769039197,-2.0658569769039197,-2.0658569769039197,-5.1257056111527195,-5.1257056111527195,-5.1257056111527195,-2.4347760969753156,-2.4347760969753156,-2.4347760969753156,0.0,0.0,0.0,-0.568032275268597,-0.568032275268597,-0.568032275268597,2.1047993016901705,2.1047993016901705,2.1047993016901705,0.606641520418028,0.606641520418028,0.606641520418028,0.47631086526113353,0.47631086526113353,0.47631086526113353,3.5940867577174793,3.5940867577174793,3.5940867577174793,-3.24479194937422,-3.24479194937422,-3.24479194937422,-7.169071396004011,-7.169071396004011,-7.169071396004011,0.0,0.0,0.0,47.861469494069325
157,2018-03-21 07:00:00,56.86843587318775,41.60507848790435,61.34095892896078,56.86843587318775,56.86843587318775,0.0,0.0,0.0,0.0,0.0,0.0,0.0,0.0,0.0,0.0,0.0,0.0,0.0,0.0,0.0,0.0,0.0,0.0,0.0,0.0,0.0,0.0,0.0,0.0,0.0,0.0,0.0,0.0,0.0,0.0,-5.341209670757947,-5.341209670757947,-5.341209670757947,2.116946868114046,2.116946868114046,2.116946868114046,-2.0658569769039197,-2.0658569769039197,-2.0658569769039197,-3.8304728585421604,-3.8304728585421604,-3.8304728585421604,-2.1280563391677347,-2.1280563391677347,-2.1280563391677347,0.0,0.0,0.0,-0.4733378390290293,-0.4733378390290293,-0.4733378390290293,2.8324871341371223,2.8324871341371223,2.8324871341371223,0.1492113337492547,0.1492113337492547,0.1492113337492547,0.8976989693333737,0.8976989693333737,0.8976989693333737,3.5430249498086375,3.5430249498086375,3.5430249498086375,-3.0426191406612273,-3.0426191406612273,-3.0426191406612273,-7.1707086301384715,-7.1707086301384715,-7.1707086301384715,0.0,0.0,0.0,51.5272262024298
158,2018-03-21 08:00:00,56.86810499486131,42.029590790670156,61.29064938792405,56.86810499486131,56.86810499486131,0.0,0.0,0.0,0.0,0.0,0.0,0.0,0.0,0.0,0.0,0.0,0.0,0.0,0.0,0.0,0.0,0.0,0.0,0.0,0.0,0.0,0.0,0.0,0.0,0.0,0.0,0.0,0.0,0.0,0.0,-4.928840079015816,-4.928840079015816,-4.928840079015816,3.4516360514056093,3.4516360514056093,3.4516360514056093,-2.0658569769039197,-2.0658569769039197,-2.0658569769039197,-4.707290041146686,-4.707290041146686,-4.707290041146686,-2.080699249093315,-2.080699249093315,-2.080699249093315,0.0,0.0,0.0,-0.37864340278946157,-0.37864340278946157,-0.37864340278946157,2.5334017133672884,2.5334017133672884,2.5334017133672884,-0.7375207720612805,-0.7375207720612805,-0.7375207720612805,1.0846091529187905,1.0846091529187905,1.0846091529187905,3.499176264823277,3.499176264823277,3.499176264823277,-3.0625805065847884,-3.0625805065847884,-3.0625805065847884,-7.172362354098016,-7.172362354098016,-7.172362354098016,0.0,0.0,0.0,51.9392649158455
159,2018-03-21 09:00:00,56.86777411653488,41.644888516176145,61.7745986676717,56.86777411653488,56.86777411653488,0.0,0.0,0.0,0.0,0.0,0.0,0.0,0.0,0.0,0.0,0.0,0.0,0.0,0.0,0.0,0.0,0.0,0.0,0.0,0.0,0.0,0.0,0.0,0.0,0.0,0.0,0.0,0.0,0.0,0.0,-5.694233535686193,-5.694233535686193,-5.694233535686193,3.973745020187879,3.973745020187879,3.973745020187879,-2.0658569769039197,-2.0658569769039197,-2.0658569769039197,-5.955967912144728,-5.955967912144728,-5.955967912144728,-2.1445762543099742,-2.1445762543099742,-2.1445762543099742,0.0,0.0,0.0,-0.28394896654989377,-0.28394896654989377,-0.28394896654989377,2.2265140642295456,2.2265140642295456,2.2265140642295456,-1.4877616124948432,-1.4877616124948432,-1.4877616124948432,1.1504025716220942,1.1504025716220942,1.1504025716220942,3.4620219604904117,3.4620219604904117,3.4620219604904117,-3.350740737737738,-3.350740737737738,-3.350740737737738,-7.174032604219755,-7.174032604219755,-7.174032604219755,0.0,0.0,0.0,51.17354058084869
160,2018-03-21 10:00:00,56.86744323820846,40.471147982016234,60.82859667383371,56.86744323820846,56.86744323820846,0.0,0.0,0.0,0.0,0.0,0.0,0.0,0.0,0.0,0.0,0.0,0.0,0.0,0.0,0.0,0.0,0.0,0.0,0.0,0.0,0.0,0.0,0.0,0.0,0.0,0.0,0.0,0.0,0.0,0.0,-5.900699996240533,-5.900699996240533,-5.900699996240533,4.051621964006771,4.051621964006771,4.051621964006771,-2.0658569769039197,-2.0658569769039197,-2.0658569769039197,-6.207551714925043,-6.207551714925043,-6.207551714925043,-2.259664996467577,-2.259664996467577,-2.259664996467577,0.0,0.0,0.0,-0.18925453031032605,-0.18925453031032605,-0.18925453031032605,2.2894520397306763,2.2894520397306763,2.2894520397306763,-1.7404549010981574,-1.7404549010981574,-1.7404549010981574,1.1273942640991315,1.1273942640991315,1.1273942640991315,3.430949170427761,3.430949170427761,3.430949170427761,-3.3691666139748717,-3.3691666139748717,-3.3691666139748717,-7.175719415750021,-7.175719415750021,-7.175719415750021,0.0,0.0,0.0,50.966743241967926
161,2018-03-21 11:00:00,56.86711235988202,39.76739487788059,60.92139142743478,56.86711235988202,56.86711235988202,0.0,0.0,0.0,0.0,0.0,0.0,0.0,0.0,0.0,0.0,0.0,0.0,0.0,0.0,0.0,0.0,0.0,0.0,0.0,0.0,0.0,0.0,0.0,0.0,0.0,0.0,0.0,0.0,0.0,0.0,-6.40336241514912,-6.40336241514912,-6.40336241514912,3.6850944447170924,3.6850944447170924,3.6850944447170924,-2.0658569769039197,-2.0658569769039197,-2.0658569769039197,-6.316299451402381,-6.316299451402381,-6.316299451402381,-2.2960088097805036,-2.2960088097805036,-2.2960088097805036,0.0,0.0,0.0,-0.09456009407075827,-0.09456009407075827,-0.09456009407075827,2.1838618824849787,2.1838618824849787,2.1838618824849787,-1.8778684047547043,-1.8778684047547043,-1.8778684047547043,1.0538452361184245,1.0538452361184245,1.0538452361184245,3.4052654143776864,3.4052654143776864,3.4052654143776864,-3.219712284495899,-3.219712284495899,-3.219712284495899,-7.177422822841518,-7.177422822841518,-7.177422822841518,0.0,0.0,0.0,50.4637499447329
162,2018-03-21 12:00:00,56.86678148155559,38.9256350900585,59.159713905344994,56.86678148155559,56.86678148155559,0.0,0.0,0.0,0.0,0.0,0.0,0.0,0.0,0.0,0.0,0.0,0.0,0.0,0.0,0.0,0.0,0.0,0.0,0.0,0.0,0.0,0.0,0.0,0.0,0.0,0.0,0.0,0.0,0.0,0.0,-7.50789501163837,-7.50789501163837,-7.50789501163837,2.640603888003589,2.640603888003589,2.640603888003589,-2.0658569769039197,-2.0658569769039197,-2.0658569769039197,-6.353569784568222,-6.353569784568222,-6.353569784568222,-2.3714497555967307,-2.3714497555967307,-2.3714497555967307,0.0,0.0,0.0,0.00013434216880949763,0.00013434216880949763,0.00013434216880949763,2.1354880666039446,2.1354880666039446,2.1354880666039446,-1.857579162604073,-1.857579162604073,-1.857579162604073,0.9998144914858489,0.9998144914858489,0.9998144914858489,3.3842137434742536,3.3842137434742536,3.3842137434742536,-3.1941207897221027,-3.1941207897221027,-3.1941207897221027,-7.1791428585479915,-7.1791428585479915,-7.1791428585479915,0.0,0.0,0.0,49.35888646991722
163,2018-03-21 13:00:00,56.86645060322917,37.20264267988343,57.303468797338965,56.86645060322917,56.86645060322917,0.0,0.0,0.0,0.0,0.0,0.0,0.0,0.0,0.0,0.0,0.0,0.0,0.0,0.0,0.0,0.0,0.0,0.0,0.0,0.0,0.0,0.0,0.0,0.0,0.0,0.0,0.0,0.0,0.0,0.0,-9.559739272955275,-9.559739272955275,-9.559739272955275,1.0307544773071027,1.0307544773071027,1.0307544773071027,-2.0658569769039197,-2.0658569769039197,-2.0658569769039197,-6.776602488968451,-6.776602488968451,-6.776602488968451,-2.587309980121994,-2.587309980121994,-2.587309980121994,0.0,0.0,0.0,0.09482877840837727,0.09482877840837727,0.09482877840837727,1.9154652266289192,1.9154652266289192,1.9154652266289192,-1.7879501724962255,-1.7879501724962255,-1.7879501724962255,0.8375929974334988,0.8375929974334988,0.8375929974334988,3.3669882935233058,3.3669882935233058,3.3669882935233058,-3.1833723619171077,-3.1833723619171077,-3.1833723619171077,-7.180879554817231,-7.180879554817231,-7.180879554817231,0.0,0.0,0.0,47.30671133027389
164,2018-03-21 14:00:00,56.86611972490273,34.75731232800447,54.95269136949823,56.86611972490273,56.86611972490273,0.0,0.0,0.0,0.0,0.0,0.0,0.0,0.0,0.0,0.0,0.0,0.0,0.0,0.0,0.0,0.0,0.0,0.0,0.0,0.0,0.0,0.0,0.0,0.0,0.0,0.0,0.0,0.0,0.0,0.0,-11.38954351753087,-11.38954351753087,-11.38954351753087,-0.3447500359002154,-0.3447500359002154,-0.3447500359002154,-2.0658569769039197,-2.0658569769039197,-2.0658569769039197,-7.214910556138389,-7.214910556138389,-7.214910556138389,-2.628609767977593,-2.628609767977593,-2.628609767977593,0.0,0.0,0.0,0.18952321464794503,0.18952321464794503,0.18952321464794503,1.6663140674137011,1.6663140674137011,1.6663140674137011,-1.679126055506477,-1.679126055506477,-1.679126055506477,0.7482742305887389,0.7482742305887389,0.7482742305887389,3.352750016997728,3.352750016997728,3.352750016997728,-3.4454292684007854,-3.4454292684007854,-3.4454292684007854,-7.1826329424899935,-7.1826329424899935,-7.1826329424899935,0.0,0.0,0.0,45.47657620737186
165,2018-03-21 15:00:00,56.8657888465763,35.25083618653653,54.896359443498966,56.8657888465763,56.8657888465763,0.0,0.0,0.0,0.0,0.0,0.0,0.0,0.0,0.0,0.0,0.0,0.0,0.0,0.0,0.0,0.0,0.0,0.0,0.0,0.0,0.0,0.0,0.0,0.0,0.0,0.0,0.0,0.0,0.0,0.0,-11.800300245345804,-11.800300245345804,-11.800300245345804,-0.40112736399947524,-0.40112736399947524,-0.40112736399947524,-2.0658569769039197,-2.0658569769039197,-2.0658569769039197,-7.555412195189751,-7.555412195189751,-7.555412195189751,-2.597221929207338,-2.597221929207338,-2.597221929207338,0.0,0.0,0.0,0.28421765088751283,0.28421765088751283,0.28421765088751283,1.4358882562814639,1.4358882562814639,1.4358882562814639,-1.4522554387312387,-1.4522554387312387,-1.4522554387312387,0.7023868756974365,0.7023868756974365,0.7023868756974365,3.3406423651392982,3.3406423651392982,3.3406423651392982,-3.8625706332136702,-3.8625706332136702,-3.8625706332136702,-7.184403051295874,-7.184403051295874,-7.184403051295874,0.0,0.0,0.0,45.0654886012305
166,2018-03-21 16:00:00,56.86545796824987,37.71670286296282,57.075906988742915,56.86545796824987,56.86545796824987,0.0,0.0,0.0,0.0,0.0,0.0,0.0,0.0,0.0,0.0,0.0,0.0,0.0,0.0,0.0,0.0,0.0,0.0,0.0,0.0,0.0,0.0,0.0,0.0,0.0,0.0,0.0,0.0,0.0,0.0,-9.391607459742211,-9.391607459742211,-9.391607459742211,1.3282217405895913,1.3282217405895913,1.3282217405895913,-2.0658569769039197,-2.0658569769039197,-2.0658569769039197,-6.86344598580011,-6.86344598580011,-6.86344598580011,-2.3962296283100897,-2.3962296283100897,-2.3962296283100897,0.0,0.0,0.0,0.3789120871270806,0.3789120871270806,0.3789120871270806,1.577368664019542,1.577368664019542,1.577368664019542,-1.0598430507724423,-1.0598430507724423,-1.0598430507724423,0.6584384231254852,0.6584384231254852,0.6584384231254852,3.3298066953161696,3.3298066953161696,3.3298066953161696,-3.9562355040857655,-3.9562355040857655,-3.9562355040857655,-7.1861899098478625,-7.1861899098478625,-7.1861899098478625,0.0,0.0,0.0,47.47385050850766
167,2018-03-21 17:00:00,56.86512708992343,41.7649294980564,61.863149024324144,56.86512708992343,56.86512708992343,0.0,0.0,0.0,0.0,0.0,0.0,0.0,0.0,0.0,0.0,0.0,0.0,0.0,0.0,0.0,0.0,0.0,0.0,0.0,0.0,0.0,0.0,0.0,0.0,0.0,0.0,0.0,0.0,0.0,0.0,-4.681025148006483,-4.681025148006483,-4.681025148006483,4.104163563751257,4.104163563751257,4.104163563751257,-2.0658569769039197,-2.0658569769039197,-2.0658569769039197,-4.916592351749805,-4.916592351749805,-4.916592351749805,-1.9452359449269505,-1.9452359449269505,-1.9452359449269505,0.0,0.0,0.0,0.47360652336664827,0.47360652336664827,0.47360652336664827,2.06006652571416,2.06006652571416,2.06006652571416,-0.4004426808769325,-0.4004426808769325,-0.4004426808769325,0.6411175624059514,0.6411175624059514,0.6411175624059514,3.3193971856282727,3.3193971856282727,3.3193971856282727,-3.679847360528762,-3.679847360528762,-3.679847360528762,-7.187993545636208,-7.187993545636208,-7.187993545636208,0.0,0.0,0.0,52.18410194191695
168,2018-03-21 18:00:00,56.972155635862975,46.92630961512696,67.19747346725717,56.972155635862975,56.972155635862975,0.0,0.0,0.0,0.0,0.0,0.0,0.0,0.0,0.0,0.0,0.0,0.0,0.0,0.0,0.0,0.0,0.0,0.0,0.0,0.0,0.0,0.0,0.0,0.0,0.0,0.0,0.0,0.0,0.0,0.0,0.1261734480283428,0.1261734480283428,0.1261734480283428,6.318799407976819,6.318799407976819,6.318799407976819,-2.0508726038884073,-2.0508726038884073,-2.0508726038884073,-2.430859755020018,-2.430859755020018,-2.430859755020018,-1.3040772311888968,-1.3040772311888968,-1.3040772311888968,0.0,0.0,0.0,0.584146936530356,0.584146936530356,0.584146936530356,2.526487680690604,2.526487680690604,2.526487680690604,0.22601021828734424,0.22601021828734424,0.22601021828734424,0.949197063531049,0.949197063531049,0.949197063531049,3.309440846219009,3.309440846219009,3.309440846219009,-3.3617518189820674,-3.3617518189820674,-3.3617518189820674,-7.071207051147467,-7.071207051147467,-7.071207051147467,0.0,0.0,0.0,57.098329083891315
169,2018-03-21 19:00:00,56.97185276146594,49.55183816551283,68.87929130107948,56.97185276146594,56.97185276146594,0.0,0.0,0.0,0.0,0.0,0.0,0.0,0.0,0.0,0.0,0.0,0.0,0.0,0.0,0.0,0.0,0.0,0.0,0.0,0.0,0.0,0.0,0.0,0.0,0.0,0.0,0.0,0.0,0.0,0.0,2.3731173516215183,2.3731173516215183,2.3731173516215183,6.6106217097043745,6.6106217097043745,6.6106217097043745,-2.0508726038884073,-2.0508726038884073,-2.0508726038884073,-0.46132666213216217,-0.46132666213216217,-0.46132666213216217,-0.5724931777527132,-0.5724931777527132,-0.5724931777527132,0.0,0.0,0.0,0.6814817641810174,0.6814817641810174,0.6814817641810174,3.1412492536547045,3.1412492536547045,3.1412492536547045,0.36805295118995857,0.36805295118995857,0.36805295118995857,1.2662073717343052,1.2662073717343052,1.2662073717343052,3.296807376381521,3.296807376381521,3.296807376381521,-3.2949522212510267,-3.2949522212510267,-3.2949522212510267,-7.072985072332215,-7.072985072332215,-7.072985072332215,0.0,0.0,0.0,59.344970113087456
170,2018-03-21 20:00:00,56.97154988706891,46.489200424083,67.75143794631056,56.97154988706891,56.97154988706891,0.0,0.0,0.0,0.0,0.0,0.0,0.0,0.0,0.0,0.0,0.0,0.0,0.0,0.0,0.0,0.0,0.0,0.0,0.0,0.0,0.0,0.0,0.0,0.0,0.0,0.0,0.0,0.0,0.0,0.0,0.04318924110619336,0.04318924110619336,0.04318924110619336,4.723099637676098,4.723099637676098,4.723099637676098,-2.0508726038884073,-2.0508726038884073,-2.0508726038884073,-0.8873421555830815,-0.8873421555830815,-0.8873421555830815,-0.8927337445398728,-0.8927337445398728,-0.8927337445398728,0.0,0.0,0.0,0.7788165918316787,0.7788165918316787,0.7788165918316787,2.985047579478368,2.985047579478368,2.985047579478368,0.38603888165489997,0.38603888165489997,0.38603888165489997,1.1493014606078722,1.1493014606078722,1.1493014606078722,3.2822132240404436,3.2822132240404436,3.2822132240404436,-3.242940320727621,-3.242940320727621,-3.242940320727621,-7.074781465027267,-7.074781465027267,-7.074781465027267,0.0,0.0,0.0,57.0147391281751
171,2018-03-21 21:00:00,56.971247012671874,42.206017600242966,61.72113934501516,56.971247012671874,56.971247012671874,0.0,0.0,0.0,0.0,0.0,0.0,0.0,0.0,0.0,0.0,0.0,0.0,0.0,0.0,0.0,0.0,0.0,0.0,0.0,0.0,0.0,0.0,0.0,0.0,0.0,0.0,0.0,0.0,0.0,0.0,-4.06503508634252,-4.06503508634252,-4.06503508634252,1.5834419443095662,1.5834419443095662,1.5834419443095662,-2.0508726038884073,-2.0508726038884073,-2.0508726038884073,-1.836888535204505,-1.836888535204505,-1.836888535204505,-1.5685517682424304,-1.5685517682424304,-1.5685517682424304,0.0,0.0,0.0,0.8761514194823401,0.8761514194823401,0.8761514194823401,2.750493940120333,2.750493940120333,2.750493940120333,0.39111183640142194,0.39111183640142194,0.39111183640142194,0.8108896126103035,0.8108896126103035,0.8108896126103035,3.2650077582860275,3.2650077582860275,3.2650077582860275,-3.0461109716880657,-3.0461109716880657,-3.0461109716880657,-7.07659625373361,-7.07659625373361,-7.07659625373361,0.0,0.0,0.0,52.906211926329355
172,2018-03-21 22:00:00,56.97094413827484,38.23308998009603,57.706971087235466,56.97094413827484,56.97094413827484,0.0,0.0,0.0,0.0,0.0,0.0,0.0,0.0,0.0,0.0,0.0,0.0,0.0,0.0,0.0,0.0,0.0,0.0,0.0,0.0,0.0,0.0,0.0,0.0,0.0,0.0,0.0,0.0,0.0,0.0,-8.878149627541587,-8.878149627541587,-8.878149627541587,-1.5498014660981927,-1.5498014660981927,-1.5498014660981927,-2.0508726038884073,-2.0508726038884073,-2.0508726038884073,-3.494532637431197,-3.494532637431197,-3.494532637431197,-1.9180556971670373,-1.9180556971670373,-1.9180556971670373,0.0,0.0,0.0,0.9734862471330016,0.9734862471330016,0.9734862471330016,1.6379964857776186,1.6379964857776186,1.6379964857776186,0.4192436763594072,0.4192436763594072,0.4192436763594072,0.34139333337256944,0.34139333337256944,0.34139333337256944,3.2446139377420065,3.2446139377420065,3.2446139377420065,-2.897724079018349,-2.897724079018349,-2.897724079018349,-7.078429461754203,-7.078429461754203,-7.078429461754203,0.0,0.0,0.0,48.09279451073325
173,2018-03-21 23:00:00,56.9706412638778,35.52941592584586,55.199236957269555,56.9706412638778,56.9706412638778,0.0,0.0,0.0,0.0,0.0,0.0,0.0,0.0,0.0,0.0,0.0,0.0,0.0,0.0,0.0,0.0,0.0,0.0,0.0,0.0,0.0,0.0,0.0,0.0,0.0,0.0,0.0,0.0,0.0,0.0,-11.712529222959265,-11.712529222959265,-11.712529222959265,-3.9857748130005373,-3.9857748130005373,-3.9857748130005373,-2.0508726038884073,-2.0508726038884073,-2.0508726038884073,-3.8670095568088527,-3.8670095568088527,-3.8670095568088527,-2.2924058769630618,-2.2924058769630618,-2.2924058769630618,0.0,0.0,0.0,1.0708210747836628,1.0708210747836628,1.0708210747836628,1.5315181741204376,1.5315181741204376,1.5315181741204376,0.4298507635566804,0.4298507635566804,0.4298507635566804,0.0052553989781463075,0.0052553989781463075,0.0052553989781463075,3.220536258044352,3.220536258044352,3.220536258044352,-2.561176487396311,-2.561176487396311,-2.561176487396311,-7.0802811111942265,-7.0802811111942265,-7.0802811111942265,0.0,0.0,0.0,45.25811204091853
174,2018-03-22 00:00:00,56.97033838948077,33.197617289661125,53.15775085439188,56.97033838948077,56.97033838948077,0.0,0.0,0.0,0.0,0.0,0.0,0.0,0.0,0.0,0.0,0.0,0.0,0.0,0.0,0.0,0.0,0.0,0.0,0.0,0.0,0.0,0.0,0.0,0.0,0.0,0.0,0.0,0.0,0.0,0.0,-13.497117783212067,-13.497117783212067,-13.497117783212067,-5.792145871941861,-5.792145871941861,-5.792145871941861,-0.6838664150862773,-0.6838664150862773,-0.6838664150862773,-3.8151877763157946,-3.8151877763157946,-3.8151877763157946,-2.4022815197055527,-2.4022815197055527,-2.4022815197055527,0.0,0.0,0.0,0.00013797062638734654,0.00013797062638734654,0.00013797062638734654,1.321575087928449,1.321575087928449,1.321575087928449,0.4307731189651389,0.4307731189651389,0.4307731189651389,-0.26199632920333304,-0.26199632920333304,-0.26199632920333304,3.1923670880004464,3.1923670880004464,3.1923670880004464,-2.2195296898406065,-2.2195296898406065,-2.2195296898406065,-7.082151222954857,-7.082151222954857,-7.082151222954857,0.0,0.0,0.0,43.473220606268704
175,2018-03-22 01:00:00,56.97003551508373,31.75497178656581,50.737388875128204,56.97003551508373,56.97003551508373,0.0,0.0,0.0,0.0,0.0,0.0,0.0,0.0,0.0,0.0,0.0,0.0,0.0,0.0,0.0,0.0,0.0,0.0,0.0,0.0,0.0,0.0,0.0,0.0,0.0,0.0,0.0,0.0,0.0,0.0,-15.837400125036131,-15.837400125036131,-15.837400125036131,-7.241146168480957,-7.241146168480957,-7.241146168480957,-0.6838664150862773,-0.6838664150862773,-0.6838664150862773,-4.672005459771526,-4.672005459771526,-4.672005459771526,-2.4563911327144177,-2.4563911327144177,-2.4563911327144177,0.0,0.0,0.0,-1.0705451335308882,-1.0705451335308882,-1.0705451335308882,1.3687871695122933,1.3687871695122933,1.3687871695122933,0.4565990704019779,0.4565990704019779,0.4565990704019779,-0.4163549349698131,-0.4163549349698131,-0.4163549349698131,3.1597913199453074,3.1597913199453074,3.1597913199453074,-1.870234083384401,-1.870234083384401,-1.870234083384401,-7.084039816728955,-7.084039816728955,-7.084039816728955,0.0,0.0,0.0,41.1326353900476
176,2018-03-22 02:00:00,56.96973264068669,30.12906042591788,51.13778986464307,56.96973264068669,56.96973264068669,0.0,0.0,0.0,0.0,0.0,0.0,0.0,0.0,0.0,0.0,0.0,0.0,0.0,0.0,0.0,0.0,0.0,0.0,0.0,0.0,0.0,0.0,0.0,0.0,0.0,0.0,0.0,0.0,0.0,0.0,-16.686777189110504,-16.686777189110504,-16.686777189110504,-8.184068939134963,-8.184068939134963,-8.184068939134963,-0.6838664150862773,-0.6838664150862773,-0.6838664150862773,-4.539350623621167,-4.539350623621167,-4.539350623621167,-2.4944887173839243,-2.4944887173839243,-2.4944887173839243,0.0,0.0,0.0,-0.9732103058802268,-0.9732103058802268,-0.9732103058802268,1.2939509976400294,1.2939509976400294,1.2939509976400294,0.5373051686420995,0.5373051686420995,0.5373051686420995,-0.47373781354331385,-0.47373781354331385,-0.47373781354331385,3.1225892846437184,3.1225892846437184,3.1225892846437184,-1.7453035380095534,-1.7453035380095534,-1.7453035380095534,-7.085946910998094,-7.085946910998094,-7.085946910998094,0.0,0.0,0.0,40.282955451576186
177,2018-03-22 03:00:00,56.969429766289664,31.07870924865564,51.332630117325735,56.969429766289664,56.969429766289664,0.0,0.0,0.0,0.0,0.0,0.0,0.0,0.0,0.0,0.0,0.0,0.0,0.0,0.0,0.0,0.0,0.0,0.0,0.0,0.0,0.0,0.0,0.0,0.0,0.0,0.0,0.0,0.0,0.0,0.0,-16.197407980990015,-16.197407980990015,-16.197407980990015,-8.031927445360216,-8.031927445360216,-8.031927445360216,-0.6838664150862773,-0.6838664150862773,-0.6838664150862773,-4.158245919247155,-4.158245919247155,-4.158245919247155,-2.4221585204026868,-2.4221585204026868,-2.4221585204026868,0.0,0.0,0.0,-0.8758754782295654,-0.8758754782295654,-0.8758754782295654,1.3527149715263036,1.3527149715263036,1.3527149715263036,0.5705099633466069,0.5705099633466069,0.5705099633466069,-0.48684625666733045,-0.48684625666733045,-0.48684625666733045,3.0806379066451592,3.0806379066451592,3.0806379066451592,-1.6127241837342052,-1.6127241837342052,-1.6127241837342052,-7.0878725230278,-7.0878725230278,-7.0878725230278,0.0,0.0,0.0,40.77202178529965
178,2018-03-22 04:00:00,56.96912689189263,33.34074143770287,52.78558887894143,56.96912689189263,56.96912689189263,0.0,0.0,0.0,0.0,0.0,0.0,0.0,0.0,0.0,0.0,0.0,0.0,0.0,0.0,0.0,0.0,0.0,0.0,0.0,0.0,0.0,0.0,0.0,0.0,0.0,0.0,0.0,0.0,0.0,0.0,-13.956093937070527,-13.956093937070527,-13.956093937070527,-6.35237554148829,-6.35237554148829,-6.35237554148829,-0.6838664150862773,-0.6838664150862773,-0.6838664150862773,-3.5478118285178586,-3.5478118285178586,-3.5478118285178586,-2.2990315438621067,-2.2990315438621067,-2.2990315438621067,0.0,0.0,0.0,-0.778540650578904,-0.778540650578904,-0.778540650578904,1.50439634001908,1.50439634001908,1.50439634001908,0.6249289324456604,0.6249289324456604,0.6249289324456604,-0.37997231731948156,-0.37997231731948156,-0.37997231731948156,3.0339101018024612,3.0339101018024612,3.0339101018024612,-1.53572617413583,-1.53572617413583,-1.53572617413583,-7.089816668866839,-7.089816668866839,-7.089816668866839,0.0,0.0,0.0,43.0130329548221
179,2018-03-22 05:00:00,56.96882401749559,37.788255624295196,57.09784141184842,56.96882401749559,56.96882401749559,0.0,0.0,0.0,0.0,0.0,0.0,0.0,0.0,0.0,0.0,0.0,0.0,0.0,0.0,0.0,0.0,0.0,0.0,0.0,0.0,0.0,0.0,0.0,0.0,0.0,0.0,0.0,0.0,0.0,0.0,-10.201784869071881,-10.201784869071881,-10.201784869071881,-3.446053281850468,-3.446053281850468,-3.446053281850468,-0.6838664150862773,-0.6838664150862773,-0.6838664150862773,-2.6464246679386507,-2.6464246679386507,-2.6464246679386507,-2.102470092523781,-2.102470092523781,-2.102470092523781,0.0,0.0,0.0,-0.6812058229282426,-0.6812058229282426,-0.6812058229282426,1.7856598047738974,1.7856598047738974,1.7856598047738974,0.6364583750513921,0.6364583750513921,0.6364583750513921,-0.019891410280171065,-0.019891410280171065,-0.019891410280171065,2.9824724440574766,2.9824724440574766,2.9824724440574766,-1.5811091069454684,-1.5811091069454684,-1.5811091069454684,-7.0917793633402395,-7.0917793633402395,-7.0917793633402395,0.0,0.0,0.0,46.76703914842371
180,2018-03-22 06:00:00,56.96852114309856,41.931800822842,62.423899939920425,56.96852114309856,56.96852114309856,0.0,0.0,0.0,0.0,0.0,0.0,0.0,0.0,0.0,0.0,0.0,0.0,0.0,0.0,0.0,0.0,0.0,0.0,0.0,0.0,0.0,0.0,0.0,0.0,0.0,0.0,0.0,0.0,0.0,0.0,-5.131852307407635,-5.131852307407635,-5.131852307407635,-0.28672414411992214,-0.28672414411992214,-0.28672414411992214,-0.6838664150862773,-0.6838664150862773,-0.6838664150862773,-0.6778486972062857,-0.6778486972062857,-0.6778486972062857,-1.2957951475650908,-1.2957951475650908,-1.2957951475650908,0.0,0.0,0.0,-0.5838709952775812,-0.5838709952775812,-0.5838709952775812,2.2768663557207036,2.2768663557207036,2.2768663557207036,0.5695876079381483,0.5695876079381483,0.5695876079381483,0.4857199673604656,0.4857199673604656,0.4857199673604656,2.9264811539681648,2.9264811539681648,2.9264811539681648,-1.4464900702966534,-1.4464900702966534,-1.4464900702966534,-7.093760620049592,-7.093760620049592,-7.093760620049592,0.0,0.0,0.0,51.83666883569093
181,2018-03-22 07:00:00,56.96821826870153,45.736192385435814,65.50094434231626,56.96821826870153,56.96821826870153,0.0,0.0,0.0,0.0,0.0,0.0,0.0,0.0,0.0,0.0,0.0,0.0,0.0,0.0,0.0,0.0,0.0,0.0,0.0,0.0,0.0,0.0,0.0,0.0,0.0,0.0,0.0,0.0,0.0,0.0,-1.4468710253828592,-1.4468710253828592,-1.4468710253828592,2.1421017610702164,2.1421017610702164,2.1421017610702164,-0.6838664150862773,-0.6838664150862773,-0.6838664150862773,0.6406111792913072,0.6406111792913072,0.6406111792913072,-0.7309570444215319,-0.7309570444215319,-0.7309570444215319,0.0,0.0,0.0,-0.4865361676269197,-0.4865361676269197,-0.4865361676269197,2.895143721994239,2.895143721994239,2.895143721994239,0.04661209134215929,0.04661209134215929,0.04661209134215929,0.8972983295298408,0.8972983295298408,0.8972983295298408,2.866176485620355,2.866176485620355,2.866176485620355,-1.2970833364402032,-1.2970833364402032,-1.2970833364402032,-7.095760451364739,-7.095760451364739,-7.095760451364739,0.0,0.0,0.0,55.521347243318665
182,2018-03-22 08:00:00,56.96791539430449,46.21788678385526,66.16647844188549,56.96791539430449,56.96791539430449,0.0,0.0,0.0,0.0,0.0,0.0,0.0,0.0,0.0,0.0,0.0,0.0,0.0,0.0,0.0,0.0,0.0,0.0,0.0,0.0,0.0,0.0,0.0,0.0,0.0,0.0,0.0,0.0,0.0,0.0,-1.10377509140449,-1.10377509140449,-1.10377509140449,3.4777361011290027,3.4777361011290027,3.4777361011290027,-0.6838664150862773,-0.6838664150862773,-0.6838664150862773,-0.28560793604635465,-0.28560793604635465,-0.28560793604635465,-0.7270920720637558,-0.7270920720637558,-0.7270920720637558,0.0,0.0,0.0,-0.3892013399762584,-0.3892013399762584,-0.3892013399762584,2.626938918103038,2.626938918103038,2.626938918103038,-0.9426140842296188,-0.9426140842296188,-0.9426140842296188,1.0691794460029143,1.0691794460029143,1.0691794460029143,2.8018756119382844,2.8018756119382844,2.8018756119382844,-1.2389523887963967,-1.2389523887963967,-1.2389523887963967,-7.097778868425422,-7.097778868425422,-7.097778868425422,0.0,0.0,0.0,55.8641403029
183,2018-03-22 09:00:00,56.96761251990746,45.274161376879945,65.03840664648374,56.96761251990746,56.96761251990746,0.0,0.0,0.0,0.0,0.0,0.0,0.0,0.0,0.0,0.0,0.0,0.0,0.0,0.0,0.0,0.0,0.0,0.0,0.0,0.0,0.0,0.0,0.0,0.0,0.0,0.0,0.0,0.0,0.0,0.0,-1.2240596538654165,-1.2240596538654165,-1.2240596538654165,3.993608551786354,3.993608551786354,3.993608551786354,-0.6838664150862773,-0.6838664150862773,-0.6838664150862773,-0.8518164545138406,-0.8518164545138406,-0.8518164545138406,-0.9965358592915727,-0.9965358592915727,-0.9965358592915727,0.0,0.0,0.0,-0.2918665123255969,-0.2918665123255969,-0.2918665123255969,2.7309059488249083,2.7309059488249083,2.7309059488249083,-1.6828042995175927,-1.6828042995175927,-1.6828042995175927,1.1134538814523989,1.1134538814523989,1.1134538814523989,2.7339641299952446,2.7339641299952446,2.7339641299952446,-1.041103198570108,-1.041103198570108,-1.041103198570108,-7.099815881133175,-7.099815881133175,-7.099815881133175,0.0,0.0,0.0,55.743552866042045
184,2018-03-22 10:00:00,56.967309645510426,45.29620435293518,65.78697478804264,56.967309645510426,56.967309645510426,0.0,0.0,0.0,0.0,0.0,0.0,0.0,0.0,0.0,0.0,0.0,0.0,0.0,0.0,0.0,0.0,0.0,0.0,0.0,0.0,0.0,0.0,0.0,0.0,0.0,0.0,0.0,0.0,0.0,0.0,-1.081569338745674,-1.081569338745674,-1.081569338745674,4.061461099161629,4.061461099161629,4.061461099161629,-0.6838664150862773,-0.6838664150862773,-0.6838664150862773,-0.7040452679932822,-0.7040452679932822,-0.7040452679932822,-0.844697659521799,-0.844697659521799,-0.844697659521799,0.0,0.0,0.0,-0.1945316846749355,-0.1945316846749355,-0.1945316846749355,2.652051727456147,2.652051727456147,2.652051727456147,-1.9064754860687874,-1.9064754860687874,-1.9064754860687874,1.0800139755237852,1.0800139755237852,1.0800139755237852,2.6628863282394675,2.6628863282394675,2.6628863282394675,-0.8065397256214151,-0.8065397256214151,-0.8065397256214151,-7.101871498153487,-7.101871498153487,-7.101871498153487,0.0,0.0,0.0,55.88574030676475
185,2018-03-22 11:00:00,56.96700677111339,45.13751805941535,65.62705954621092,56.96700677111339,56.96700677111339,0.0,0.0,0.0,0.0,0.0,0.0,0.0,0.0,0.0,0.0,0.0,0.0,0.0,0.0,0.0,0.0,0.0,0.0,0.0,0.0,0.0,0.0,0.0,0.0,0.0,0.0,0.0,0.0,0.0,0.0,-1.7130830032483597,-1.7130830032483597,-1.7130830032483597,3.686297166371313,3.686297166371313,3.686297166371313,-0.6838664150862773,-0.6838664150862773,-0.6838664150862773,-0.8845688180494398,-0.8845688180494398,-0.8845688180494398,-0.7226749607977261,-0.7226749607977261,-0.7226749607977261,0.0,0.0,0.0,-0.09719685702427408,-0.09719685702427408,-0.09719685702427408,2.2869114794619465,2.2869114794619465,2.2869114794619465,-2.010240469520373,-2.010240469520373,-2.010240469520373,0.98076433472766,0.98076433472766,0.98076433472766,2.589134375337759,2.589134375337759,2.589134375337759,-0.6382659298103962,-0.6382659298103962,-0.6382659298103962,-7.103945726907992,-7.103945726907992,-7.103945726907992,0.0,0.0,0.0,55.25392376786503
186,2018-03-22 12:00:00,56.96670389671635,44.66820059285572,64.53214852108067,56.96670389671635,56.96670389671635,0.0,0.0,0.0,0.0,0.0,0.0,0.0,0.0,0.0,0.0,0.0,0.0,0.0,0.0,0.0,0.0,0.0,0.0,0.0,0.0,0.0,0.0,0.0,0.0,0.0,0.0,0.0,0.0,0.0,0.0,-3.0590780943704106,-3.0590780943704106,-3.0590780943704106,2.636265935969703,2.636265935969703,2.636265935969703,-0.6838664150862773,-0.6838664150862773,-0.6838664150862773,-1.1025420631976075,-1.1025420631976075,-1.1025420631976075,-0.8894209110903505,-0.8894209110903505,-0.8894209110903505,0.0,0.0,0.0,0.00013797062638734654,0.00013797062638734654,0.00013797062638734654,2.1457774908974763,2.1457774908974763,2.1457774908974763,-2.0051675147738504,-2.0051675147738504,-2.0051675147738504,0.9289993603501664,0.9289993603501664,0.9289993603501664,2.5132366064300524,2.5132366064300524,2.5132366064300524,-0.5990020441211585,-0.5990020441211585,-0.5990020441211585,-7.106038573572558,-7.106038573572558,-7.106038573572558,0.0,0.0,0.0,53.90762580234594
187,2018-03-22 13:00:00,56.966401022319324,41.07411362918082,61.744073187052074,56.966401022319324,56.966401022319324,0.0,0.0,0.0,0.0,0.0,0.0,0.0,0.0,0.0,0.0,0.0,0.0,0.0,0.0,0.0,0.0,0.0,0.0,0.0,0.0,0.0,0.0,0.0,0.0,0.0,0.0,0.0,0.0,0.0,0.0,-5.597513128414948,-5.597513128414948,-5.597513128414948,1.0217188672590765,1.0217188672590765,1.0217188672590765,-0.6838664150862773,-0.6838664150862773,-0.6838664150862773,-1.9468270484678547,-1.9468270484678547,-1.9468270484678547,-1.2985558421063597,-1.2985558421063597,-1.2985558421063597,0.0,0.0,0.0,0.09747279827704877,0.09747279827704877,0.09747279827704877,1.8800839679415864,1.8800839679415864,1.8800839679415864,-1.9585885666466947,-1.9585885666466947,-1.9585885666466947,0.7737044372176852,0.7737044372176852,0.7737044372176852,2.435745095869831,2.435745095869831,2.435745095869831,-0.7570774280648428,-0.7570774280648428,-0.7570774280648428,-7.108150043075999,-7.108150043075999,-7.108150043075999,0.0,0.0,0.0,51.36888789390438
188,2018-03-22 14:00:00,56.96609814792228,39.59457200994112,59.19591895431189,56.96609814792228,56.96609814792228,0.0,0.0,0.0,0.0,0.0,0.0,0.0,0.0,0.0,0.0,0.0,0.0,0.0,0.0,0.0,0.0,0.0,0.0,0.0,0.0,0.0,0.0,0.0,0.0,0.0,0.0,0.0,0.0,0.0,0.0,-7.581725912605979,-7.581725912605979,-7.581725912605979,-0.35966595789723976,-0.35966595789723976,-0.35966595789723976,-0.6838664150862773,-0.6838664150862773,-0.6838664150862773,-2.4690025317167894,-2.4690025317167894,-2.4690025317167894,-1.3708860390875974,-1.3708860390875974,-1.3708860390875974,0.0,0.0,0.0,0.1948076259277102,0.1948076259277102,0.1948076259277102,1.6364897172164319,1.6364897172164319,1.6364897172164319,-1.8497506284485876,-1.8497506284485876,-1.8497506284485876,0.6835504508341431,0.6835504508341431,0.6835504508341431,2.357222716102666,2.357222716102666,2.357222716102666,-1.079347243072612,-1.079347243072612,-1.079347243072612,-7.110280139094616,-7.110280139094616,-7.110280139094616,0.0,0.0,0.0,49.384372235316306
189,2018-03-22 15:00:00,56.965795273525245,39.3308804496562,59.09228818292153,56.965795273525245,56.965795273525245,0.0,0.0,0.0,0.0,0.0,0.0,0.0,0.0,0.0,0.0,0.0,0.0,0.0,0.0,0.0,0.0,0.0,0.0,0.0,0.0,0.0,0.0,0.0,0.0,0.0,0.0,0.0,0.0,0.0,0.0,-8.169313522572882,-8.169313522572882,-8.169313522572882,-0.4213183786652719,-0.4213183786652719,-0.4213183786652719,-0.6838664150862773,-0.6838664150862773,-0.6838664150862773,-2.913796170640228,-2.913796170640228,-2.913796170640228,-1.5381841282884756,-1.5381841282884756,-1.5381841282884756,0.0,0.0,0.0,0.2921424535783716,0.2921424535783716,0.2921424535783716,1.4245376062761945,1.4245376062761945,1.4245376062761945,-1.5928746471928856,-1.5928746471928856,-1.5928746471928856,0.6028933977343273,0.6028933977343273,0.6028933977343273,2.278229890785136,2.278229890785136,2.278229890785136,-1.4184444376614833,-1.4184444376614833,-1.4184444376614833,-7.112428864052518,-7.112428864052518,-7.112428864052518,0.0,0.0,0.0,48.79648175095237
190,2018-03-22 16:00:00,56.965492399128216,40.122344269065266,60.1272114048796,56.965492399128216,56.965492399128216,0.0,0.0,0.0,0.0,0.0,0.0,0.0,0.0,0.0,0.0,0.0,0.0,0.0,0.0,0.0,0.0,0.0,0.0,0.0,0.0,0.0,0.0,0.0,0.0,0.0,0.0,0.0,0.0,0.0,0.0,-6.472061489248301,-6.472061489248301,-6.472061489248301,1.3074197389419795,1.3074197389419795,1.3074197389419795,-0.6838664150862773,-0.6838664150862773,-0.6838664150862773,-2.864196263940333,-2.864196263940333,-2.864196263940333,-1.499534404710715,-1.499534404710715,-1.499534404710715,0.0,0.0,0.0,0.389477281229033,0.389477281229033,0.389477281229033,1.42353309390207,1.42353309390207,1.42353309390207,-1.1902665114007354,-1.1902665114007354,-1.1902665114007354,0.567714616697426,0.567714616697426,0.567714616697426,2.199311254863083,2.199311254863083,2.199311254863083,-1.8712539245711342,-1.8712539245711342,-1.8712539245711342,-7.11459621911303,-7.11459621911303,-7.11459621911303,0.0,0.0,0.0,50.49343090987992
191,2018-03-22 17:00:00,56.96518952473118,44.333686685693955,64.11631860198403,56.96518952473118,56.96518952473118,0.0,0.0,0.0,0.0,0.0,0.0,0.0,0.0,0.0,0.0,0.0,0.0,0.0,0.0,0.0,0.0,0.0,0.0,0.0,0.0,0.0,0.0,0.0,0.0,0.0,0.0,0.0,0.0,0.0,0.0,-2.903357752214255,-2.903357752214255,-2.903357752214255,4.0884300869175405,4.0884300869175405,4.0884300869175405,-0.6838664150862773,-0.6838664150862773,-0.6838664150862773,-1.9959880717277279,-1.9959880717277279,-1.9959880717277279,-1.3399662602253888,-1.3399662602253888,-1.3399662602253888,0.0,0.0,0.0,0.48681210887969445,0.48681210887969445,0.48681210887969445,1.5521106777899865,1.5521106777899865,1.5521106777899865,-0.4800528468876639,-0.4800528468876639,-0.4800528468876639,0.5283892873253764,0.5283892873253764,0.5283892873253764,2.1209824367782,2.1209824367782,2.1209824367782,-2.0594146235234554,-2.0594146235234554,-2.0594146235234554,-7.116782204182268,-7.116782204182268,-7.116782204182268,0.0,0.0,0.0,54.061831772516925
192,2018-03-22 18:00:00,57.14118156502052,48.24611413650879,68.78444721652701,57.14118156502052,57.14118156502052,0.0,0.0,0.0,0.0,0.0,0.0,0.0,0.0,0.0,0.0,0.0,0.0,0.0,0.0,0.0,0.0,0.0,0.0,0.0,0.0,0.0,0.0,0.0,0.0,0.0,0.0,0.0,0.0,0.0,0.0,1.4128820915982407,1.4128820915982407,1.4128820915982407,6.408576559985306,6.408576559985306,6.408576559985306,-0.6888460535375234,-0.6888460535375234,-0.6888460535375234,-0.04220442570452036,-0.04220442570452036,-0.04220442570452036,-0.6774190773135249,-0.6774190773135249,-0.6774190773135249,0.0,0.0,0.0,0.47910956010011835,0.47910956010011835,0.47910956010011835,2.2264955702772404,2.2264955702772404,2.2264955702772404,0.20459227950718967,0.20459227950718967,0.20459227950718967,0.7535991659362404,0.7535991659362404,0.7535991659362404,2.0730718746232935,2.0730718746232935,2.0730718746232935,-2.3397358706742613,-2.3397358706742613,-2.3397358706742613,-7.0265619173058385,-7.0265619173058385,-7.0265619173058385,0.0,0.0,0.0,58.55406365661876
193,2018-03-22 19:00:00,57.140896691202215,49.54661821880988,69.25780725060851,57.140896691202215,57.140896691202215,0.0,0.0,0.0,0.0,0.0,0.0,0.0,0.0,0.0,0.0,0.0,0.0,0.0,0.0,0.0,0.0,0.0,0.0,0.0,0.0,0.0,0.0,0.0,0.0,0.0,0.0,0.0,0.0,0.0,0.0,2.172805992082945,2.172805992082945,2.172805992082945,6.722942315357226,6.722942315357226,6.722942315357226,-0.6888460535375234,-0.6888460535375234,-0.6888460535375234,0.4845947854425047,0.4845947854425047,0.4845947854425047,-0.13316485569249562,-0.13316485569249562,-0.13316485569249562,0.0,0.0,0.0,0.5589423091939582,0.5589423091939582,0.5589423091939582,2.4705860384539613,2.4705860384539613,2.4705860384539613,0.3403127153027974,0.3403127153027974,0.3403127153027974,1.0408139497079174,1.0408139497079174,1.0408139497079174,1.993877343422998,1.993877343422998,1.993877343422998,-3.10404931798611,-3.10404931798611,-3.10404931798611,-7.028608452139784,-7.028608452139784,-7.028608452139784,0.0,0.0,0.0,59.31370268328516
194,2018-03-22 20:00:00,57.14061181738391,46.10281523449039,66.19306928754519,57.14061181738391,57.14061181738391,0.0,0.0,0.0,0.0,0.0,0.0,0.0,0.0,0.0,0.0,0.0,0.0,0.0,0.0,0.0,0.0,0.0,0.0,0.0,0.0,0.0,0.0,0.0,0.0,0.0,0.0,0.0,0.0,0.0,0.0,-0.6287515540888053,-0.6287515540888053,-0.6287515540888053,4.88627170575757,4.88627170575757,4.88627170575757,-0.6888460535375234,-0.6888460535375234,-0.6888460535375234,-0.4007979138218391,-0.4007979138218391,-0.4007979138218391,-0.4786965102395901,-0.4786965102395901,-0.4786965102395901,0.0,0.0,0.0,0.6387750582877979,0.6387750582877979,0.6387750582877979,2.1783269413022337,2.1783269413022337,2.1783269413022337,0.357003254332678,0.357003254332678,0.357003254332678,0.9536474621572025,0.9536474621572025,0.9536474621572025,1.916451103230611,1.916451103230611,1.916451103230611,-3.3610080661246378,-3.3610080661246378,-3.3610080661246378,-7.030676449255147,-7.030676449255147,-7.030676449255147,0.0,0.0,0.0,56.511860263295105
195,2018-03-22 21:00:00,57.140326943565604,42.06700848534096,62.54351930002611,57.140326943565604,57.140326943565604,0.0,0.0,0.0,0.0,0.0,0.0,0.0,0.0,0.0,0.0,0.0,0.0,0.0,0.0,0.0,0.0,0.0,0.0,0.0,0.0,0.0,0.0,0.0,0.0,0.0,0.0,0.0,0.0,0.0,0.0,-5.354640463343279,-5.354640463343279,-5.354640463343279,1.7997080853638479,1.7997080853638479,1.7997080853638479,-0.6888460535375234,-0.6888460535375234,-0.6888460535375234,-1.962680202664164,-1.962680202664164,-1.962680202664164,-1.513616845506655,-1.513616845506655,-1.513616845506655,0.0,0.0,0.0,0.7186078073816375,0.7186078073816375,0.7186078073816375,1.9244945032204561,1.9244945032204561,1.9244945032204561,0.35963860260055386,0.35963860260055386,0.35963860260055386,0.6631729897929088,0.6631729897929088,0.6631729897929088,1.8410975619461645,1.8410975619461645,1.8410975619461645,-3.426131206615542,-3.426131206615542,-3.426131206615542,-7.032765907989127,-7.032765907989127,-7.032765907989127,0.0,0.0,0.0,51.785686480222324
196,2018-03-22 22:00:00,57.14004206974731,37.47473086660601,57.34670256945763,57.14004206974731,57.14004206974731,0.0,0.0,0.0,0.0,0.0,0.0,0.0,0.0,0.0,0.0,0.0,0.0,0.0,0.0,0.0,0.0,0.0,0.0,0.0,0.0,0.0,0.0,0.0,0.0,0.0,0.0,0.0,0.0,0.0,0.0,-9.66285017125576,-9.66285017125576,-9.66285017125576,-1.3267305358277959,-1.3267305358277959,-1.3267305358277959,-0.6888460535375234,-0.6888460535375234,-0.6888460535375234,-3.069278103349044,-3.069278103349044,-3.069278103349044,-1.973581438958684,-1.973581438958684,-1.973581438958684,0.0,0.0,0.0,0.7984405564754773,0.7984405564754773,0.7984405564754773,1.5770309099400697,1.5770309099400697,1.5770309099400697,0.35963860260055386,0.35963860260055386,0.35963860260055386,0.2765980685499877,0.2765980685499877,0.2765980685499877,1.768035294236191,1.768035294236191,1.768035294236191,-3.418558748418925,-3.418558748418925,-3.418558748418925,-7.034876826315113,-7.034876826315113,-7.034876826315113,0.0,0.0,0.0,47.47719189849155
197,2018-03-22 23:00:00,57.139757195929,33.648181635094645,53.60267442751958,57.139757195929,57.139757195929,0.0,0.0,0.0,0.0,0.0,0.0,0.0,0.0,0.0,0.0,0.0,0.0,0.0,0.0,0.0,0.0,0.0,0.0,0.0,0.0,0.0,0.0,0.0,0.0,0.0,0.0,0.0,0.0,0.0,0.0,-13.21940584437735,-13.21940584437735,-13.21940584437735,-3.833671030007394,-3.833671030007394,-3.833671030007394,-0.6888460535375234,-0.6888460535375234,-0.6888460535375234,-4.046114121531615,-4.046114121531615,-4.046114121531615,-2.4274057283719115,-2.4274057283719115,-2.4274057283719115,0.0,0.0,0.0,0.8782733055693169,0.8782733055693169,0.8782733055693169,1.1846460109863621,1.1846460109863621,1.1846460109863621,0.36051705202317913,0.36051705202317913,0.36051705202317913,-0.03065776360592563,-0.03065776360592563,-0.03065776360592563,1.697388508003019,1.697388508003019,1.697388508003019,-3.3226409445951135,-3.3226409445951135,-3.3226409445951135,-7.03700920084136,-7.03700920084136,-7.03700920084136,0.0,0.0,0.0,43.92035135155165
198,2018-03-23 00:00:00,57.13947232211069,32.22496668160134,52.09821956171636,57.13947232211069,57.13947232211069,0.0,0.0,0.0,0.0,0.0,0.0,0.0,0.0,0.0,0.0,0.0,0.0,0.0,0.0,0.0,0.0,0.0,0.0,0.0,0.0,0.0,0.0,0.0,0.0,0.0,0.0,0.0,0.0,0.0,0.0,-15.213451329304604,-15.213451329304604,-15.213451329304604,-5.771387007957164,-5.771387007957164,-5.771387007957164,0.6898711947127972,0.6898711947127972,0.6898711947127972,-4.032081251387547,-4.032081251387547,-4.032081251387547,-2.5569103226448124,-2.5569103226448124,-2.5569103226448124,0.0,0.0,0.0,0.00011306553708015051,0.00011306553708015051,0.00011306553708015051,1.0201149637009455,1.0201149637009455,1.0201149637009455,0.36359162500236764,0.36359162500236764,0.36359162500236764,-0.27670388774492416,-0.27670388774492416,-0.27670388774492416,1.629179956852196,1.629179956852196,1.629179956852196,-3.2721578899510018,-3.2721578899510018,-3.2721578899510018,-7.039163026812089,-7.039163026812089,-7.039163026812089,0.0,0.0,0.0,41.92602099280609
199,2018-03-23 01:00:00,57.1391874482924,28.406002487665575,49.24713147972372,57.1391874482924,57.1391874482924,0.0,0.0,0.0,0.0,0.0,0.0,0.0,0.0,0.0,0.0,0.0,0.0,0.0,0.0,0.0,0.0,0.0,0.0,0.0,0.0,0.0,0.0,0.0,0.0,0.0,0.0,0.0,0.0,0.0,0.0,-18.22176663421027,-18.22176663421027,-18.22176663421027,-7.3522751442247785,-7.3522751442247785,-7.3522751442247785,0.6898711947127972,0.6898711947127972,0.6898711947127972,-5.391478624507079,-5.391478624507079,-5.391478624507079,-2.6808328223369857,-2.6808328223369857,-2.6808328223369857,0.0,0.0,0.0,-0.8780471744951567,-0.8780471744951567,-0.8780471744951567,0.6012102577834701,0.6012102577834701,0.6012102577834701,0.40356107373181854,0.40356107373181854,0.40356107373181854,-0.41662903881317703,-0.41662903881317703,-0.41662903881317703,1.5633254326209445,1.5633254326209445,1.5633254326209445,-3.1106121150898445,-3.1106121150898445,-3.1106121150898445,-7.041338298099358,-7.041338298099358,-7.041338298099358,0.0,0.0,0.0,38.91742081408213
200,2018-03-23 02:00:00,57.13890257447409,28.005955595409613,47.52403354307516,57.13890257447409,57.13890257447409,0.0,0.0,0.0,0.0,0.0,0.0,0.0,0.0,0.0,0.0,0.0,0.0,0.0,0.0,0.0,0.0,0.0,0.0,0.0,0.0,0.0,0.0,0.0,0.0,0.0,0.0,0.0,0.0,0.0,0.0,-19.152645009997023,-19.152645009997023,-19.152645009997023,-8.36748653636524,-8.36748653636524,-8.36748653636524,0.6898711947127972,0.6898711947127972,0.6898711947127972,-5.241253416683763,-5.241253416683763,-5.241253416683763,-2.6919970114984424,-2.6919970114984424,-2.6919970114984424,0.0,0.0,0.0,-0.798214425401317,-0.798214425401317,-0.798214425401317,0.5395111150514389,0.5395111150514389,0.5395111150514389,0.45934261206852456,0.45934261206852456,0.45934261206852456,-0.4725266617161977,-0.4725266617161977,-0.4725266617161977,1.4996299502559212,1.4996299502559212,1.4996299502559212,-2.967240239900568,-2.967240239900568,-2.967240239900568,-7.043535007203938,-7.043535007203938,-7.043535007203938,0.0,0.0,0.0,37.986257564477064
201,2018-03-23 03:00:00,57.138617700655786,29.810210127807473,49.50709062007788,57.138617700655786,57.138617700655786,0.0,0.0,0.0,0.0,0.0,0.0,0.0,0.0,0.0,0.0,0.0,0.0,0.0,0.0,0.0,0.0,0.0,0.0,0.0,0.0,0.0,0.0,0.0,0.0,0.0,0.0,0.0,0.0,0.0,0.0,-18.201422707023056,-18.201422707023056,-18.201422707023056,-8.210490773212731,-8.210490773212731,-8.210490773212731,0.6898711947127972,0.6898711947127972,0.6898711947127972,-4.382964503248805,-4.382964503248805,-4.382964503248805,-2.6188715724908995,-2.6188715724908995,-2.6188715724908995,0.0,0.0,0.0,-0.7183816763074773,-0.7183816763074773,-0.7183816763074773,0.8182396984461415,0.8182396984461415,0.8182396984461415,0.5572897226912448,0.5572897226912448,0.5572897226912448,-0.4810984354227085,-0.4810984354227085,-0.4810984354227085,1.437785714689364,1.437785714689364,1.437785714689364,-2.630013434877903,-2.630013434877903,-2.630013434877903,-7.045753145250882,-7.045753145250882,-7.045753145250882,0.0,0.0,0.0,38.93719499363273
202,2018-03-23 04:00:00,57.13833282683748,31.05285761698256,52.180976763876146,57.13833282683748,57.13833282683748,0.0,0.0,0.0,0.0,0.0,0.0,0.0,0.0,0.0,0.0,0.0,0.0,0.0,0.0,0.0,0.0,0.0,0.0,0.0,0.0,0.0,0.0,0.0,0.0,0.0,0.0,0.0,0.0,0.0,0.0,-15.675372800240087,-15.675372800240087,-15.675372800240087,-6.481714153597941,-6.481714153597941,-6.481714153597941,0.6898711947127972,0.6898711947127972,0.6898711947127972,-3.5230378792027124,-3.5230378792027124,-3.5230378792027124,-2.5530028564383027,-2.5530028564383027,-2.5530028564383027,0.0,0.0,0.0,-0.6385489272136377,-0.6385489272136377,-0.6385489272136377,1.0607065049720188,1.0607065049720188,1.0607065049720188,0.6152673845845141,0.6152673845845141,0.6152673845845141,-0.3964672612218067,-0.3964672612218067,-0.3964672612218067,1.3773719345510516,1.3773719345510516,1.3773719345510516,-2.3008639185982958,-2.3008639185982958,-2.3008639185982958,-7.047992701990484,-7.047992701990484,-7.047992701990484,0.0,0.0,0.0,41.462960026597386
203,2018-03-23 05:00:00,57.138047953019175,35.91156767739073,56.05860141914921,57.138047953019175,57.138047953019175,0.0,0.0,0.0,0.0,0.0,0.0,0.0,0.0,0.0,0.0,0.0,0.0,0.0,0.0,0.0,0.0,0.0,0.0,0.0,0.0,0.0,0.0,0.0,0.0,0.0,0.0,0.0,0.0,0.0,0.0,-11.33783203557206,-11.33783203557206,-11.33783203557206,-3.5329173674746235,-3.5329173674746235,-3.5329173674746235,0.6898711947127972,0.6898711947127972,0.6898711947127972,-2.0725175243661713,-2.0725175243661713,-2.0725175243661713,-2.3855400190164473,-2.3855400190164473,-2.3855400190164473,0.0,0.0,0.0,-0.5587161781197979,-0.5587161781197979,-0.5587161781197979,1.7583397942841967,1.7583397942841967,1.7583397942841967,0.6196596316976406,0.6196596316976406,0.6196596316976406,-0.08003600932371288,-0.08003600932371288,-0.08003600932371288,1.3178565220606129,1.3178565220606129,1.3178565220606129,-2.1160959386008478,-2.1160959386008478,-2.1160959386008478,-7.050253665791876,-7.050253665791876,-7.050253665791876,0.0,0.0,0.0,45.80021591744712
204,2018-03-23 06:00:00,57.13776307920087,40.509063447591984,60.58877628147372,57.13776307920087,57.13776307920087,0.0,0.0,0.0,0.0,0.0,0.0,0.0,0.0,0.0,0.0,0.0,0.0,0.0,0.0,0.0,0.0,0.0,0.0,0.0,0.0,0.0,0.0,0.0,0.0,0.0,0.0,0.0,0.0,0.0,0.0,-6.331160078758998,-6.331160078758998,-6.331160078758998,-0.3657019680570649,-0.3657019680570649,-0.3657019680570649,0.6898711947127972,0.6898711947127972,0.6898711947127972,-0.17152177929155016,-0.17152177929155016,-0.17152177929155016,-1.8574738716795307,-1.8574738716795307,-1.8574738716795307,0.0,0.0,0.0,-0.4788834290259581,-0.4788834290259581,-0.4788834290259581,2.458137965797498,2.458137965797498,2.458137965797498,0.5858393289265669,0.5858393289265669,0.5858393289265669,0.35120871855877134,0.35120871855877134,0.35120871855877134,1.258599692233757,1.258599692233757,1.258599692233757,-1.920221686581695,-1.920221686581695,-1.920221686581695,-7.052536023644141,-7.052536023644141,-7.052536023644141,0.0,0.0,0.0,50.806603000441875
205,2018-03-23 07:00:00,57.13747820538257,44.82993709949644,64.60874211775284,57.13747820538257,57.13747820538257,0.0,0.0,0.0,0.0,0.0,0.0,0.0,0.0,0.0,0.0,0.0,0.0,0.0,0.0,0.0,0.0,0.0,0.0,0.0,0.0,0.0,0.0,0.0,0.0,0.0,0.0,0.0,0.0,0.0,0.0,-2.417201127018646,-2.417201127018646,-2.417201127018646,2.0473182542740918,2.0473182542740918,2.0473182542740918,0.6898711947127972,0.6898711947127972,0.6898711947127972,1.3914609319150335,1.3914609319150335,1.3914609319150335,-0.9771775562986457,-0.9771775562986457,-0.9771775562986457,0.0,0.0,0.0,-0.3990506799321184,-0.3990506799321184,-0.3990506799321184,2.8348274687930575,2.8348274687930575,2.8348274687930575,0.35788170375530326,0.35788170375530326,0.35788170375530326,0.7149658196533751,0.7149658196533751,0.7149658196533751,1.1988594479452541,1.1988594479452541,1.1988594479452541,-1.8298570187687355,-1.8298570187687355,-1.8298570187687355,-7.054839761153025,-7.054839761153025,-7.054839761153025,0.0,0.0,0.0,54.72027707836393
206,2018-03-23 08:00:00,57.13719333156427,45.884308878926014,65.2512967539238,57.13719333156427,57.13719333156427,0.0,0.0,0.0,0.0,0.0,0.0,0.0,0.0,0.0,0.0,0.0,0.0,0.0,0.0,0.0,0.0,0.0,0.0,0.0,0.0,0.0,0.0,0.0,0.0,0.0,0.0,0.0,0.0,0.0,0.0,-0.6946312209630637,-0.6946312209630637,-0.6946312209630637,3.3732647776103977,3.3732647776103977,3.3732647776103977,0.6898711947127972,0.6898711947127972,0.6898711947127972,1.8514699535243342,1.8514699535243342,1.8514699535243342,-0.8214371174963203,-0.8214371174963203,-0.8214371174963203,0.0,0.0,0.0,-0.3192179308382787,-0.3192179308382787,-0.3192179308382787,3.264015365165871,3.264015365165871,3.264015365165871,0.07458176495864625,0.07458176495864625,0.07458176495864625,0.9030619243680758,0.9030619243680758,0.9030619243680758,1.1377989104393118,1.1377989104393118,1.1377989104393118,-1.9394052473464574,-1.9394052473464574,-1.9394052473464574,-7.057164862537106,-7.057164862537106,-7.057164862537106,0.0,0.0,0.0,56.44256211060121
207,2018-03-23 09:00:00,57.13690845774596,46.456832250207164,66.53168579399977,57.13690845774596,57.13690845774596,0.0,0.0,0.0,0.0,0.0,0.0,0.0,0.0,0.0,0.0,0.0,0.0,0.0,0.0,0.0,0.0,0.0,0.0,0.0,0.0,0.0,0.0,0.0,0.0,0.0,0.0,0.0,0.0,0.0,0.0,-0.9216569336219429,-0.9216569336219429,-0.9216569336219429,3.9025917226556674,3.9025917226556674,3.9025917226556674,0.6898711947127972,0.6898711947127972,0.6898711947127972,1.1607672254186387,1.1607672254186387,1.1607672254186387,-0.8800491105939696,-0.8800491105939696,-0.8800491105939696,0.0,0.0,0.0,-0.23938518174443899,-0.23938518174443899,-0.23938518174443899,3.1151797138386033,3.1151797138386033,3.1151797138386033,-0.261864363906841,-0.261864363906841,-0.261864363906841,0.9747750734056444,0.9747750734056444,0.9747750734056444,1.074495428933477,1.074495428933477,1.074495428933477,-2.2377601002931566,-2.2377601002931566,-2.2377601002931566,-7.059511310629726,-7.059511310629726,-7.059511310629726,0.0,0.0,0.0,56.215251524124014
208,2018-03-23 10:00:00,57.13662358392765,45.061187449297016,65.42203375313315,57.13662358392765,57.13662358392765,0.0,0.0,0.0,0.0,0.0,0.0,0.0,0.0,0.0,0.0,0.0,0.0,0.0,0.0,0.0,0.0,0.0,0.0,0.0,0.0,0.0,0.0,0.0,0.0,0.0,0.0,0.0,0.0,0.0,0.0,-1.9843283531925264,-1.9843283531925264,-1.9843283531925264,3.9986164083933393,3.9986164083933393,3.9986164083933393,0.6898711947127972,0.6898711947127972,0.6898711947127972,0.07098294837107771,0.07098294837107771,0.07098294837107771,-1.110589616778057,-1.110589616778057,-1.110589616778057,0.0,0.0,0.0,-0.1595524326505993,-0.1595524326505993,-0.1595524326505993,2.8104725440304135,2.8104725440304135,2.8104725440304135,-0.4314051024735225,-0.4314051024735225,-0.4314051024735225,0.9693422590846166,0.9693422590846166,0.9693422590846166,1.0079513769175865,1.0079513769175865,1.0079513769175865,-2.697155897554571,-2.697155897554571,-2.697155897554571,-7.06187908687453,-7.06187908687453,-7.06187908687453,0.0,0.0,0.0,55.15229523073513
209,2018-03-23 11:00:00,57.13633871010936,43.66037429586137,63.37918111675626,57.13633871010936,57.13633871010936,0.0,0.0,0.0,0.0,0.0,0.0,0.0,0.0,0.0,0.0,0.0,0.0,0.0,0.0,0.0,0.0,0.0,0.0,0.0,0.0,0.0,0.0,0.0,0.0,0.0,0.0,0.0,0.0,0.0,0.0,-3.671700142928532,-3.671700142928532,-3.671700142928532,3.6473391325235243,3.6473391325235243,3.6473391325235243,0.6898711947127972,0.6898711947127972,0.6898711947127972,-1.1918776224420982,-1.1918776224420982,-1.1918776224420982,-1.7502976557295435,-1.7502976557295435,-1.7502976557295435,0.0,0.0,0.0,-0.07971968355675957,-0.07971968355675957,-0.07971968355675957,2.556640105948636,2.556640105948636,2.556640105948636,-0.3813334853838809,-0.3813334853838809,-0.3813334853838809,0.9431440211365485,0.9431440211365485,0.9431440211365485,0.9371065183133978,0.9371065183133978,0.9371065183133978,-3.1701821195698963,-3.1701821195698963,-3.1701821195698963,-7.064268171323356,-7.064268171323356,-7.064268171323356,0.0,0.0,0.0,53.46463856718083
210,2018-03-23 12:00:00,57.13605383629105,41.482068618276934,61.696742681840796,57.13605383629105,57.13605383629105,0.0,0.0,0.0,0.0,0.0,0.0,0.0,0.0,0.0,0.0,0.0,0.0,0.0,0.0,0.0,0.0,0.0,0.0,0.0,0.0,0.0,0.0,0.0,0.0,0.0,0.0,0.0,0.0,0.0,0.0,-5.519020847362801,-5.519020847362801,-5.519020847362801,2.6101412800260126,2.6101412800260126,2.6101412800260126,0.6898711947127972,0.6898711947127972,0.6898711947127972,-1.9233353879501218,-1.9233353879501218,-1.9233353879501218,-2.137136810174029,-2.137136810174029,-2.137136810174029,0.0,0.0,0.0,0.00011306553708015051,0.00011306553708015051,0.00011306553708015051,2.4050983518699627,2.4050983518699627,2.4050983518699627,-0.2420992518977719,-0.2420992518977719,-0.2420992518977719,0.8808477502554282,0.8808477502554282,0.8808477502554282,0.860851803195945,0.860851803195945,0.860851803195945,-3.5200296882535893,-3.5200296882535893,-3.5200296882535893,-7.066678542634636,-7.066678542634636,-7.066678542634636,0.0,0.0,0.0,51.617032988928244
211,2018-03-23 13:00:00,57.135768962472746,38.83219148702505,59.351762620725964,57.135768962472746,57.135768962472746,0.0,0.0,0.0,0.0,0.0,0.0,0.0,0.0,0.0,0.0,0.0,0.0,0.0,0.0,0.0,0.0,0.0,0.0,0.0,0.0,0.0,0.0,0.0,0.0,0.0,0.0,0.0,0.0,0.0,0.0,-8.012135553335966,-8.012135553335966,-8.012135553335966,1.0084194572160556,1.0084194572160556,1.0084194572160556,0.6898711947127972,0.6898711947127972,0.6898711947127972,-2.7294892637961747,-2.7294892637961747,-2.7294892637961747,-2.187933870858658,-2.187933870858658,-2.187933870858658,0.0,0.0,0.0,0.07994581463091988,0.07994581463091988,0.07994581463091988,1.927200605971861,1.927200605971861,1.927200605971861,-0.05235417661070859,-0.05235417661070859,-0.05235417661070859,0.7568588545288573,0.7568588545288573,0.7568588545288573,0.778044431316758,0.778044431316758,0.778044431316758,-3.943077686171243,-3.943077686171243,-3.943077686171243,-7.069110178072605,-7.069110178072605,-7.069110178072605,0.0,0.0,0.0,49.12363340913678
212,2018-03-23 14:00:00,57.135484088654444,36.987202817366544,57.16424010983033,57.135484088654444,57.135484088654444,0.0,0.0,0.0,0.0,0.0,0.0,0.0,0.0,0.0,0.0,0.0,0.0,0.0,0.0,0.0,0.0,0.0,0.0,0.0,0.0,0.0,0.0,0.0,0.0,0.0,0.0,0.0,0.0,0.0,0.0,-10.285517267928133,-10.285517267928133,-10.285517267928133,-0.34727392818758696,-0.34727392818758696,-0.34727392818758696,0.6898711947127972,0.6898711947127972,0.6898711947127972,-3.554204287987775,-3.554204287987775,-3.554204287987775,-2.3297190732091626,-2.3297190732091626,-2.3297190732091626,0.0,0.0,0.0,0.1597785637247596,0.1597785637247596,0.1597785637247596,1.4022166721993143,1.4022166721993143,1.4022166721993143,0.09346842754509005,0.09346842754509005,0.09346842754509005,0.6635351774143107,0.6635351774143107,0.6635351774143107,0.6875240017528739,0.6875240017528739,0.6875240017528739,-4.233355250374885,-4.233355250374885,-4.233355250374885,-7.0715630535056455,-7.0715630535056455,-7.0715630535056455,0.0,0.0,0.0,46.84996682072631
213,2018-03-23 15:00:00,57.135199214836135,36.21362678415152,56.77761117536763,57.135199214836135,57.135199214836135,0.0,0.0,0.0,0.0,0.0,0.0,0.0,0.0,0.0,0.0,0.0,0.0,0.0,0.0,0.0,0.0,0.0,0.0,0.0,0.0,0.0,0.0,0.0,0.0,0.0,0.0,0.0,0.0,0.0,0.0,-10.631329828920967,-10.631329828920967,-10.631329828920967,-0.373437898837401,-0.373437898837401,-0.373437898837401,0.6898711947127972,0.6898711947127972,0.6898711947127972,-3.771984336143571,-3.771984336143571,-3.771984336143571,-2.465363971520865,-2.465363971520865,-2.465363971520865,0.0,0.0,0.0,0.2396113128185993,0.2396113128185993,0.2396113128185993,1.2463451537183934,1.2463451537183934,1.2463451537183934,0.22918886334069782,0.22918886334069782,0.22918886334069782,0.6181409955319439,0.6181409955319439,0.6181409955319439,0.5881295494636394,0.5881295494636394,0.5881295494636394,-4.329777884745138,-4.329777884745138,-4.329777884745138,-7.074037143403635,-7.074037143403635,-7.074037143403635,0.0,0.0,0.0,46.503869385915166
214,2018-03-23 16:00:00,57.13491434101783,38.82197001444339,58.489967310381864,57.13491434101783,57.13491434101783,0.0,0.0,0.0,0.0,0.0,0.0,0.0,0.0,0.0,0.0,0.0,0.0,0.0,0.0,0.0,0.0,0.0,0.0,0.0,0.0,0.0,0.0,0.0,0.0,0.0,0.0,0.0,0.0,0.0,0.0,-8.602708797739597,-8.602708797739597,-8.602708797739597,1.3834233983301059,1.3834233983301059,1.3834233983301059,0.6898711947127972,0.6898711947127972,0.6898711947127972,-3.3883170302292434,-3.3883170302292434,-3.3883170302292434,-2.4664803904370105,-2.4664803904370105,-2.4664803904370105,0.0,0.0,0.0,0.319444061912439,0.319444061912439,0.319444061912439,1.4401021107189829,1.4401021107189829,1.4401021107189829,0.42947533169926466,0.42947533169926466,0.42947533169926466,0.6067924500613522,0.6067924500613522,0.6067924500613522,0.47871725499679574,0.47871725499679574,0.47871725499679574,-4.407521788897069,-4.407521788897069,-4.407521788897069,-7.076532420837256,-7.076532420837256,-7.076532420837256,0.0,0.0,0.0,48.53220554327824
215,2018-03-23 17:00:00,57.134629467199524,41.84269535053587,61.37638668667548,57.134629467199524,57.134629467199524,0.0,0.0,0.0,0.0,0.0,0.0,0.0,0.0,0.0,0.0,0.0,0.0,0.0,0.0,0.0,0.0,0.0,0.0,0.0,0.0,0.0,0.0,0.0,0.0,0.0,0.0,0.0,0.0,0.0,0.0,-5.595415378674438,-5.595415378674438,-5.595415378674438,4.174473246164321,4.174473246164321,4.174473246164321,0.6898711947127972,0.6898711947127972,0.6898711947127972,-3.049018367868885,-3.049018367868885,-3.049018367868885,-2.6317103900265746,-2.6317103900265746,-2.6317103900265746,0.0,0.0,0.0,0.3992768110062787,0.3992768110062787,0.3992768110062787,1.7009704159544132,1.7009704159544132,1.7009704159544132,0.5691487898966863,0.5691487898966863,0.5691487898966863,0.5945988001408229,0.5945988001408229,0.5945988001408229,0.3581786005061093,0.3581786005061093,0.3581786005061093,-4.371173989553308,-4.371173989553308,-4.371173989553308,-7.079048857475981,-7.079048857475981,-7.079048857475981,0.0,0.0,0.0,51.539214088525085
216,2018-03-23 18:00:00,57.13372867595721,44.92781073623021,65.63115124284225,57.13372867595721,57.13372867595721,0.0,0.0,0.0,0.0,0.0,0.0,0.0,0.0,0.0,0.0,0.0,0.0,0.0,0.0,0.0,0.0,0.0,0.0,0.0,0.0,0.0,0.0,0.0,0.0,0.0,0.0,0.0,0.0,0.0,0.0,-2.1043807817050983,-2.1043807817050983,-2.1043807817050983,6.353445791929836,6.353445791929836,6.353445791929836,0.6661489643261312,0.6661489643261312,0.6661489643261312,-1.8160654063181663,-1.8160654063181663,-1.8160654063181663,-2.359484406073146,-2.359484406073146,-2.359484406073146,0.0,0.0,0.0,0.4941005801333014,0.4941005801333014,0.4941005801333014,2.3970558704967853,2.3970558704967853,2.3970558704967853,0.6159367218441412,0.6159367218441412,0.6159367218441412,0.825050029574128,0.825050029574128,0.825050029574128,0.2768490777628998,0.2768490777628998,0.2768490777628998,-4.454873166619508,-4.454873166619508,-4.454873166619508,-6.918610245079668,-6.918610245079668,-6.918610245079668,0.0,0.0,0.0,55.02934789425211
217,2018-03-23 19:00:00,57.1334400463512,45.87090553626426,65.44133887343273,57.1334400463512,57.1334400463512,0.0,0.0,0.0,0.0,0.0,0.0,0.0,0.0,0.0,0.0,0.0,0.0,0.0,0.0,0.0,0.0,0.0,0.0,0.0,0.0,0.0,0.0,0.0,0.0,0.0,0.0,0.0,0.0,0.0,0.0,-0.9972579073374235,-0.9972579073374235,-0.9972579073374235,6.663045472923803,6.663045472923803,6.663045472923803,0.6661489643261312,0.6661489643261312,0.6661489643261312,-0.8696322200634101,-0.8696322200634101,-0.8696322200634101,-1.9674288012995218,-1.9674288012995218,-1.9674288012995218,0.0,0.0,0.0,0.5764312594381199,0.5764312594381199,0.5764312594381199,2.7874194205878537,2.7874194205878537,2.7874194205878537,0.6212225137871318,0.6212225137871318,0.6212225137871318,0.988802792947697,0.988802792947697,0.988802792947697,0.130461004527752,0.130461004527752,0.130461004527752,-4.542228369850823,-4.542228369850823,-4.542228369850823,-6.921132164725568,-6.921132164725568,-6.921132164725568,0.0,0.0,0.0,56.136182139013776
218,2018-03-23 20:00:00,57.133151416745186,44.2649414718485,64.29424660667465,57.133151416745186,57.133151416745186,0.0,0.0,0.0,0.0,0.0,0.0,0.0,0.0,0.0,0.0,0.0,0.0,0.0,0.0,0.0,0.0,0.0,0.0,0.0,0.0,0.0,0.0,0.0,0.0,0.0,0.0,0.0,0.0,0.0,0.0,-3.0440119182117393,-3.0440119182117393,-3.0440119182117393,4.825249885955215,4.825249885955215,4.825249885955215,0.6661489643261312,0.6661489643261312,0.6661489643261312,-0.9155750959803047,-0.9155750959803047,-0.9155750959803047,-2.1379365321309693,-2.1379365321309693,-2.1379365321309693,0.0,0.0,0.0,0.6587619387429385,0.6587619387429385,0.6587619387429385,2.717828147034014,2.717828147034014,2.717828147034014,0.6256273404062906,0.6256273404062906,0.6256273404062906,0.884287780379774,0.884287780379774,0.884287780379774,-0.03000920888613522,-0.03000920888613522,-0.03000920888613522,-4.330292734738483,-4.330292734738483,-4.330292734738483,-6.923677499300514,-6.923677499300514,-6.923677499300514,0.0,0.0,0.0,54.08913949853345
219,2018-03-23 21:00:00,57.132862787139175,40.268073940190924,59.71581264904786,57.132862787139175,57.132862787139175,0.0,0.0,0.0,0.0,0.0,0.0,0.0,0.0,0.0,0.0,0.0,0.0,0.0,0.0,0.0,0.0,0.0,0.0,0.0,0.0,0.0,0.0,0.0,0.0,0.0,0.0,0.0,0.0,0.0,0.0,-7.282712656754702,-7.282712656754702,-7.282712656754702,1.7444619335124347,1.7444619335124347,1.7444619335124347,0.6661489643261312,0.6661489643261312,0.6661489643261312,-1.8956149076674182,-1.8956149076674182,-1.8956149076674182,-2.5299921369045935,-2.5299921369045935,-2.5299921369045935,0.0,0.0,0.0,0.7410926180477572,0.7410926180477572,0.7410926180477572,2.105098730665443,2.105098730665443,2.105098730665443,0.6256273404062906,0.6256273404062906,0.6256273404062906,0.605832620541769,0.605832620541769,0.605832620541769,-0.20531346781508933,-0.20531346781508933,-0.20531346781508933,-4.109423044750216,-4.109423044750216,-4.109423044750216,-6.926246214784629,-6.926246214784629,-6.926246214784629,0.0,0.0,0.0,49.85015013038447
220,2018-03-23 22:00:00,57.13257415753316,35.7651114953952,55.38671983436506,57.13257415753316,57.13257415753316,0.0,0.0,0.0,0.0,0.0,0.0,0.0,0.0,0.0,0.0,0.0,0.0,0.0,0.0,0.0,0.0,0.0,0.0,0.0,0.0,0.0,0.0,0.0,0.0,0.0,0.0,0.0,0.0,0.0,0.0,-11.8417997896636,-11.8417997896636,-11.8417997896636,-1.3637751656885289,-1.3637751656885289,-1.3637751656885289,0.6661489643261312,0.6661489643261312,0.6661489643261312,-3.1531072797767035,-3.1531072797767035,-3.1531072797767035,-2.7997757504898773,-2.7997757504898773,-2.7997757504898773,0.0,0.0,0.0,0.8234232973525758,0.8234232973525758,0.8234232973525758,1.3319831760282572,1.3319831760282572,1.3319831760282572,0.6256273404062906,0.6256273404062906,0.6256273404062906,0.25480807171255865,0.25480807171255865,0.25480807171255865,-0.39607906853192526,-0.39607906853192526,-0.39607906853192526,-4.055322379112639,-4.055322379112639,-4.055322379112639,-6.928838275666445,-6.928838275666445,-6.928838275666445,0.0,0.0,0.0,45.29077436786956
221,2018-03-23 23:00:00,57.13228552792715,32.72009230208536,52.488701345559896,57.13228552792715,57.13228552792715,0.0,0.0,0.0,0.0,0.0,0.0,0.0,0.0,0.0,0.0,0.0,0.0,0.0,0.0,0.0,0.0,0.0,0.0,0.0,0.0,0.0,0.0,0.0,0.0,0.0,0.0,0.0,0.0,0.0,0.0,-14.602341954971433,-14.602341954971433,-14.602341954971433,-3.8380584963780295,-3.8380584963780295,-3.8380584963780295,0.6661489643261312,0.6661489643261312,0.6661489643261312,-3.2300364324559503,-3.2300364324559503,-3.2300364324559503,-3.0173974595773827,-3.0173974595773827,-3.0173974595773827,0.0,0.0,0.0,0.9057539766573943,0.9057539766573943,0.9057539766573943,1.4869324960504777,1.4869324960504777,1.4869324960504777,0.6251868577443749,0.6251868577443749,0.6251868577443749,-0.02150899520889428,-0.02150899520889428,-0.02150899520889428,-0.6027933811957867,-0.6027933811957867,-0.6027933811957867,-3.875152272448052,-3.875152272448052,-3.875152272448052,-6.931453644941663,-6.931453644941663,-6.931453644941663,0.0,0.0,0.0,42.529943572955716
222,2018-03-24 00:00:00,57.13199689832115,30.352771453105323,50.105055985378584,57.13199689832115,57.13199689832115,0.0,0.0,0.0,0.0,0.0,0.0,0.0,0.0,0.0,0.0,0.0,0.0,0.0,0.0,0.0,0.0,0.0,0.0,0.0,0.0,0.0,0.0,0.0,0.0,0.0,0.0,0.0,0.0,0.0,0.0,-16.97049507025916,-16.97049507025916,-16.97049507025916,-5.735110096015515,-5.735110096015515,-5.735110096015515,1.998022834364804,1.998022834364804,1.998022834364804,-3.475502919774017,-3.475502919774017,-3.475502919774017,-3.0342238803831174,-3.0342238803831174,-3.0342238803831174,0.0,0.0,0.0,0.00011650430438997246,0.00011650430438997246,0.00011650430438997246,1.0264339905809303,1.0264339905809303,1.0264339905809303,0.6291512017016178,0.6291512017016178,0.6291512017016178,-0.2570765265442977,-0.2570765265442977,-0.2570765265442977,-0.8257897703575263,-0.8257897703575263,-0.8257897703575263,-3.837927043798344,-3.837927043798344,-3.837927043798344,-6.934092284112102,-6.934092284112102,-6.934092284112102,0.0,0.0,0.0,40.161501828061986
223,2018-03-24 01:00:00,57.131708268715144,27.937080790964146,46.95728568830921,57.131708268715144,57.131708268715144,0.0,0.0,0.0,0.0,0.0,0.0,0.0,0.0,0.0,0.0,0.0,0.0,0.0,0.0,0.0,0.0,0.0,0.0,0.0,0.0,0.0,0.0,0.0,0.0,0.0,0.0,0.0,0.0,0.0,0.0,-20.066993698982213,-20.066993698982213,-20.066993698982213,-7.280907976611213,-7.280907976611213,-7.280907976611213,1.998022834364804,1.998022834364804,1.998022834364804,-4.784096606439603,-4.784096606439603,-4.784096606439603,-3.0129104140291862,-3.0129104140291862,-3.0129104140291862,0.0,0.0,0.0,-0.9055209680486143,-0.9055209680486143,-0.9055209680486143,0.8247280336397237,0.8247280336397237,0.8247280336397237,0.6287107190397019,0.6287107190397019,0.6287107190397019,-0.45239760297989917,-0.45239760297989917,-0.45239760297989917,-1.0652349627466398,-1.0652349627466398,-1.0652349627466398,-3.8647292084261338,-3.8647292084261338,-3.8647292084261338,-6.936754153184757,-6.936754153184757,-6.936754153184757,0.0,0.0,0.0,37.06471456973293
224,2018-03-24 02:00:00,57.13141963910913,25.121964638409047,45.31354776663298,57.13141963910913,57.13141963910913,0.0,0.0,0.0,0.0,0.0,0.0,0.0,0.0,0.0,0.0,0.0,0.0,0.0,0.0,0.0,0.0,0.0,0.0,0.0,0.0,0.0,0.0,0.0,0.0,0.0,0.0,0.0,0.0,0.0,0.0,-21.757643863663425,-21.757643863663425,-21.757643863663425,-8.279484576397744,-8.279484576397744,-8.279484576397744,1.998022834364804,1.998022834364804,1.998022834364804,-5.217602018889098,-5.217602018889098,-5.217602018889098,-2.9803793338047657,-2.9803793338047657,-2.9803793338047657,0.0,0.0,0.0,-0.8231902887437957,-0.8231902887437957,-0.8231902887437957,0.7333894871003094,0.7333894871003094,0.7333894871003094,0.624305892420543,0.624305892420543,0.624305892420543,-0.5238350604270476,-0.5238350604270476,-0.5238350604270476,-1.321118057706368,-1.321118057706368,-1.321118057706368,-4.245915549799145,-4.245915549799145,-4.245915549799145,-6.939439210670214,-6.939439210670214,-6.939439210670214,0.0,0.0,0.0,35.37377577544571
225,2018-03-24 03:00:00,57.13113100950312,25.700986180460266,45.057334430837095,57.13113100950312,57.13113100950312,0.0,0.0,0.0,0.0,0.0,0.0,0.0,0.0,0.0,0.0,0.0,0.0,0.0,0.0,0.0,0.0,0.0,0.0,0.0,0.0,0.0,0.0,0.0,0.0,0.0,0.0,0.0,0.0,0.0,0.0,-21.784864256568124,-21.784864256568124,-21.784864256568124,-8.12813033699574,-8.12813033699574,-8.12813033699574,1.998022834364804,1.998022834364804,1.998022834364804,-5.121345148765773,-5.121345148765773,-5.121345148765773,-2.862033507471097,-2.862033507471097,-2.862033507471097,0.0,0.0,0.0,-0.7408596094389772,-0.7408596094389772,-0.7408596094389772,0.6572740316507973,0.6572740316507973,0.6572740316507973,0.6225439617728794,0.6225439617728794,0.6225439617728794,-0.5692380923608867,-0.5692380923608867,-0.5692380923608867,-1.5932413572223425,-1.5932413572223425,-1.5932413572223425,-4.227054767283293,-4.227054767283293,-4.227054767283293,-6.942147413584266,-6.942147413584266,-6.942147413584266,0.0,0.0,0.0,35.346266752934994
226,2018-03-24 04:00:00,57.13084237989711,26.097603444018684,46.84142701772971,57.13084237989711,57.13084237989711,0.0,0.0,0.0,0.0,0.0,0.0,0.0,0.0,0.0,0.0,0.0,0.0,0.0,0.0,0.0,0.0,0.0,0.0,0.0,0.0,0.0,0.0,0.0,0.0,0.0,0.0,0.0,0.0,0.0,0.0,-20.663771019739723,-20.663771019739723,-20.663771019739723,-6.420042925819822,-6.420042925819822,-6.420042925819822,1.998022834364804,1.998022834364804,1.998022834364804,-5.417636204289277,-5.417636204289277,-5.417636204289277,-3.0375891645442645,-3.0375891645442645,-3.0375891645442645,0.0,0.0,0.0,-0.6585289301341586,-0.6585289301341586,-0.6585289301341586,0.5925758945187122,0.5925758945187122,0.5925758945187122,0.6225439617728794,0.6225439617728794,0.6225439617728794,-0.5795512464289609,-0.5795512464289609,-0.5795512464289609,-1.8812131721861902,-1.8812131721861902,-1.8812131721861902,-4.355109553838289,-4.355109553838289,-4.355109553838289,-6.944878717444437,-6.944878717444437,-6.944878717444437,0.0,0.0,0.0,36.46707136015739
227,2018-03-24 05:00:00,57.1305537502911,28.722926428409192,48.931267190406466,57.1305537502911,57.1305537502911,0.0,0.0,0.0,0.0,0.0,0.0,0.0,0.0,0.0,0.0,0.0,0.0,0.0,0.0,0.0,0.0,0.0,0.0,0.0,0.0,0.0,0.0,0.0,0.0,0.0,0.0,0.0,0.0,0.0,0.0,-18.022742134325107,-18.022742134325107,-18.022742134325107,-3.494638664882811,-3.494638664882811,-3.494638664882811,1.998022834364804,1.998022834364804,1.998022834364804,-5.3960276532627764,-5.3960276532627764,-5.3960276532627764,-3.0308585962219703,-3.0308585962219703,-3.0308585962219703,0.0,0.0,0.0,-0.5761982508293401,-0.5761982508293401,-0.5761982508293401,0.508848893524249,0.508848893524249,0.508848893524249,0.6225439617728794,0.6225439617728794,0.6225439617728794,-0.5225773587114289,-0.5225773587114289,-0.5225773587114289,-2.1844427399068804,-2.1844427399068804,-2.1844427399068804,-4.3958091371619705,-4.3958091371619705,-4.3958091371619705,-6.9476330762726395,-6.9476330762726395,-6.9476330762726395,0.0,0.0,0.0,39.10781161596599
228,2018-03-24 06:00:00,57.13026512068509,32.55715752504114,52.039683312277276,57.13026512068509,57.13026512068509,0.0,0.0,0.0,0.0,0.0,0.0,0.0,0.0,0.0,0.0,0.0,0.0,0.0,0.0,0.0,0.0,0.0,0.0,0.0,0.0,0.0,0.0,0.0,0.0,0.0,0.0,0.0,0.0,0.0,0.0,-15.121358013442832,-15.121358013442832,-15.121358013442832,-0.34471417601413623,-0.34471417601413623,-0.34471417601413623,1.998022834364804,1.998022834364804,1.998022834364804,-5.324096032025607,-5.324096032025607,-5.324096032025607,-2.960748509531409,-2.960748509531409,-2.960748509531409,0.0,0.0,0.0,-0.4938675715245215,-0.4938675715245215,-0.4938675715245215,0.5327708938083814,0.5327708938083814,0.5327708938083814,0.5925911407625989,0.5925911407625989,0.5925911407625989,-0.42284161266285714,-0.42284161266285714,-0.42284161266285714,-2.50213736281168,-2.50213736281168,-2.50213736281168,-4.570023207242604,-4.570023207242604,-4.570023207242604,-6.9504104425914095,-6.9504104425914095,-6.9504104425914095,0.0,0.0,0.0,42.00890710724226
229,2018-03-24 07:00:00,57.12997649107908,34.2069175440917,54.35401052371349,57.12997649107908,57.12997649107908,0.0,0.0,0.0,0.0,0.0,0.0,0.0,0.0,0.0,0.0,0.0,0.0,0.0,0.0,0.0,0.0,0.0,0.0,0.0,0.0,0.0,0.0,0.0,0.0,0.0,0.0,0.0,0.0,0.0,0.0,-13.110478341274613,-13.110478341274613,-13.110478341274613,2.0581378708784954,2.0581378708784954,2.0581378708784954,1.998022834364804,1.998022834364804,1.998022834364804,-5.382103592431169,-5.382103592431169,-5.382103592431169,-3.0532938239629503,-3.0532938239629503,-3.0532938239629503,0.0,0.0,0.0,-0.4115368922197029,-0.4115368922197029,-0.4115368922197029,0.6926133502523566,0.6926133502523566,0.6926133502523566,0.21113315554343848,0.21113315554343848,0.21113315554343848,-0.13734332321738682,-0.13734332321738682,-0.13734332321738682,-2.833301852296671,-2.833301852296671,-2.833301852296671,-4.681698893191728,-4.681698893191728,-4.681698893191728,-6.953210767425268,-6.953210767425268,-6.953210767425268,0.0,0.0,0.0,44.01949814980446
230,2018-03-24 08:00:00,57.12968786147307,35.82091326052775,54.502785957557855,57.12968786147307,57.12968786147307,0.0,0.0,0.0,0.0,0.0,0.0,0.0,0.0,0.0,0.0,0.0,0.0,0.0,0.0,0.0,0.0,0.0,0.0,0.0,0.0,0.0,0.0,0.0,0.0,0.0,0.0,0.0,0.0,0.0,0.0,-12.45561515425122,-12.45561515425122,-12.45561515425122,3.377073135358004,3.377073135358004,3.377073135358004,1.998022834364804,1.998022834364804,1.998022834364804,-5.699913954139454,-5.699913954139454,-5.699913954139454,-3.0970425180578616,-3.0970425180578616,-3.0970425180578616,0.0,0.0,0.0,-0.32920621291488433,-0.32920621291488433,-0.32920621291488433,0.7937381696352795,0.7937381696352795,0.7937381696352795,-0.32052941738904045,-0.32052941738904045,-0.32052941738904045,0.22864787602768738,0.22864787602768738,0.22864787602768738,-3.176740335168892,-3.176740335168892,-3.176740335168892,-4.9735446858054395,-4.9735446858054395,-4.9735446858054395,-6.956034000300877,-6.956034000300877,-6.956034000300877,0.0,0.0,0.0,44.67407270722185
231,2018-03-24 09:00:00,57.12939923186707,35.17327224096484,54.525668358760804,57.12939923186707,57.12939923186707,0.0,0.0,0.0,0.0,0.0,0.0,0.0,0.0,0.0,0.0,0.0,0.0,0.0,0.0,0.0,0.0,0.0,0.0,0.0,0.0,0.0,0.0,0.0,0.0,0.0,0.0,0.0,0.0,0.0,0.0,-12.521188324001978,-12.521188324001978,-12.521188324001978,3.8995920504579,3.8995920504579,3.8995920504579,1.998022834364804,1.998022834364804,1.998022834364804,-5.930839834059932,-5.930839834059932,-5.930839834059932,-3.1340606438304786,-3.1340606438304786,-3.1340606438304786,0.0,0.0,0.0,-0.2468755336100657,-0.2468755336100657,-0.2468755336100657,0.9079113528095475,0.9079113528095475,0.9079113528095475,-0.8579182649264259,-0.8579182649264259,-0.8579182649264259,0.4738997105733556,0.4738997105733556,0.4738997105733556,-3.531060451152424,-3.531060451152424,-3.531060451152424,-5.071819289440669,-5.071819289440669,-5.071819289440669,-6.958880089247522,-6.958880089247522,-6.958880089247522,0.0,0.0,0.0,44.60821090786509
232,2018-03-24 10:00:00,57.12911060226106,34.75897594159453,54.46363396241745,57.12911060226106,57.12911060226106,0.0,0.0,0.0,0.0,0.0,0.0,0.0,0.0,0.0,0.0,0.0,0.0,0.0,0.0,0.0,0.0,0.0,0.0,0.0,0.0,0.0,0.0,0.0,0.0,0.0,0.0,0.0,0.0,0.0,0.0,-12.491205450391547,-12.491205450391547,-12.491205450391547,3.9901155364250265,3.9901155364250265,3.9901155364250265,1.998022834364804,1.998022834364804,1.998022834364804,-5.6248920651190915,-5.6248920651190915,-5.6248920651190915,-3.0813378586391753,-3.0813378586391753,-3.0813378586391753,0.0,0.0,0.0,-0.16454485430524715,-0.16454485430524715,-0.16454485430524715,1.0161040359127824,1.0161040359127824,1.0161040359127824,-0.9953488554441835,-0.9953488554441835,-0.9953488554441835,0.5375394173836675,0.5375394173836675,0.5375394173836675,-3.8946799409040422,-3.8946799409040422,-3.8946799409040422,-4.935326784391739,-4.935326784391739,-4.935326784391739,-6.961748980793439,-6.961748980793439,-6.961748980793439,0.0,0.0,0.0,44.63790515186951
233,2018-03-24 11:00:00,57.12882197265505,33.1367156334017,54.00530123604182,57.12882197265505,57.12882197265505,0.0,0.0,0.0,0.0,0.0,0.0,0.0,0.0,0.0,0.0,0.0,0.0,0.0,0.0,0.0,0.0,0.0,0.0,0.0,0.0,0.0,0.0,0.0,0.0,0.0,0.0,0.0,0.0,0.0,0.0,-13.225420781178086,-13.225420781178086,-13.225420781178086,3.637437488727432,3.637437488727432,3.637437488727432,1.998022834364804,1.998022834364804,1.998022834364804,-5.632382054197828,-5.632382054197828,-5.632382054197828,-3.1004078022190082,-3.1004078022190082,-3.1004078022190082,0.0,0.0,0.0,-0.0822141750004286,-0.0822141750004286,-0.0822141750004286,0.9535806260792546,0.9535806260792546,0.9535806260792546,-0.981253410262875,-0.981253410262875,-0.981253410262875,0.45515995501063533,0.45515995501063533,0.45515995501063533,-4.265835595738763,-4.265835595738763,-4.265835595738763,-4.87527008217021,-4.87527008217021,-4.87527008217021,-6.964640619968927,-6.964640619968927,-6.964640619968927,0.0,0.0,0.0,43.90340119147696
234,2018-03-24 12:00:00,57.128533343049035,33.083149661286896,53.60409933328879,57.128533343049035,57.128533343049035,0.0,0.0,0.0,0.0,0.0,0.0,0.0,0.0,0.0,0.0,0.0,0.0,0.0,0.0,0.0,0.0,0.0,0.0,0.0,0.0,0.0,0.0,0.0,0.0,0.0,0.0,0.0,0.0,0.0,0.0,-14.483128349171636,-14.483128349171636,-14.483128349171636,2.602886832032812,2.602886832032812,2.602886832032812,1.998022834364804,1.998022834364804,1.998022834364804,-5.4758657204813606,-5.4758657204813606,-5.4758657204813606,-3.113308058170072,-3.113308058170072,-3.113308058170072,0.0,0.0,0.0,0.00011650430438997246,0.00011650430438997246,0.00011650430438997246,0.8992124436153175,0.8992124436153175,0.8992124436153175,-0.8632040568694165,-0.8632040568694165,-0.8632040568694165,0.49792181334167496,0.49792181334167496,0.49792181334167496,-4.642594510418093,-4.642594510418093,-4.642594510418093,-4.894627201068059,-4.894627201068059,-4.894627201068059,-6.96755495030499,-6.96755495030499,-6.96755495030499,0.0,0.0,0.0,42.6454049938774
235,2018-03-24 13:00:00,57.128244713443024,30.523847815677208,50.33570220394695,57.128244713443024,57.128244713443024,0.0,0.0,0.0,0.0,0.0,0.0,0.0,0.0,0.0,0.0,0.0,0.0,0.0,0.0,0.0,0.0,0.0,0.0,0.0,0.0,0.0,0.0,0.0,0.0,0.0,0.0,0.0,0.0,0.0,0.0,-16.539820697527045,-16.539820697527045,-16.539820697527045,1.00348401935363,1.00348401935363,1.00348401935363,1.998022834364804,1.998022834364804,1.998022834364804,-5.549945251824029,-5.549945251824029,-5.549945251824029,-3.169957008216046,-3.169957008216046,-3.169957008216046,0.0,0.0,0.0,0.08244718360920854,0.08244718360920854,0.08244718360920854,0.7757966694221804,0.7757966694221804,0.7757966694221804,-0.7143209171418459,-0.7143209171418459,-0.7143209171418459,0.3940356516315611,0.3940356516315611,0.3940356516315611,-5.022867551221913,-5.022867551221913,-5.022867551221913,-4.915969665493892,-4.915969665493892,-4.915969665493892,-6.970491913834735,-6.970491913834735,-6.970491913834735,0.0,0.0,0.0,40.588424015915976
236,2018-03-24 14:00:00,57.12795608383702,29.288614671144035,48.51722017883897,57.12795608383702,57.12795608383702,0.0,0.0,0.0,0.0,0.0,0.0,0.0,0.0,0.0,0.0,0.0,0.0,0.0,0.0,0.0,0.0,0.0,0.0,0.0,0.0,0.0,0.0,0.0,0.0,0.0,0.0,0.0,0.0,0.0,0.0,-18.064587178275357,-18.064587178275357,-18.064587178275357,-0.3555874102336749,-0.3555874102336749,-0.3555874102336749,1.998022834364804,1.998022834364804,1.998022834364804,-5.331123391580082,-5.331123391580082,-5.331123391580082,-3.2804505048403723,-3.2804505048403723,-3.2804505048403723,0.0,0.0,0.0,0.16477786291402713,0.16477786291402713,0.16477786291402713,0.9660853080459602,0.9660853080459602,0.9660853080459602,-0.5597115028093685,-0.5597115028093685,-0.5597115028093685,0.19884034536752151,0.19884034536752151,0.19884034536752151,-5.404424925370053,-5.404424925370053,-5.404424925370053,-4.818687734622654,-4.818687734622654,-4.818687734622654,-6.973451451091551,-6.973451451091551,-6.973451451091551,0.0,0.0,0.0,39.06336890556166
237,2018-03-24 15:00:00,57.12766745423101,28.578228830198636,47.27036273379995,57.12766745423101,57.12766745423101,0.0,0.0,0.0,0.0,0.0,0.0,0.0,0.0,0.0,0.0,0.0,0.0,0.0,0.0,0.0,0.0,0.0,0.0,0.0,0.0,0.0,0.0,0.0,0.0,0.0,0.0,0.0,0.0,0.0,0.0,-18.463644976700905,-18.463644976700905,-18.463644976700905,-0.39243199902430076,-0.39243199902430076,-0.39243199902430076,1.998022834364804,1.998022834364804,1.998022834364804,-5.309865767085252,-5.309865767085252,-5.309865767085252,-3.3191512726935626,-3.3191512726935626,-3.3191512726935626,0.0,0.0,0.0,0.24710854221884568,0.24710854221884568,0.24710854221884568,0.8464753066252987,0.8464753066252987,0.8464753066252987,-0.40466160581497534,-0.40466160581497534,-0.40466160581497534,0.09784689760333096,0.09784689760333096,0.09784689760333096,-5.7849137094788325,-5.7849137094788325,-5.7849137094788325,-4.775506469388993,-4.775506469388993,-4.775506469388993,-6.976433501112521,-6.976433501112521,-6.976433501112521,0.0,0.0,0.0,38.664022477530104
238,2018-03-24 16:00:00,57.127378824625005,30.180007011462884,50.09949113674241,57.127378824625005,57.127378824625005,0.0,0.0,0.0,0.0,0.0,0.0,0.0,0.0,0.0,0.0,0.0,0.0,0.0,0.0,0.0,0.0,0.0,0.0,0.0,0.0,0.0,0.0,0.0,0.0,0.0,0.0,0.0,0.0,0.0,0.0,-16.95729526242924,-16.95729526242924,-16.95729526242924,1.3499431686576182,1.3499431686576182,1.3499431686576182,1.998022834364804,1.998022834364804,1.998022834364804,-5.165923259687179,-5.165923259687179,-5.165923259687179,-3.3645826088690467,-3.3645826088690467,-3.3645826088690467,0.0,0.0,0.0,0.3294392215236642,0.3294392215236642,0.3294392215236642,0.7105548504654557,0.7105548504654557,0.7105548504654557,-0.13156235542712372,-0.13156235542712372,-0.13156235542712372,0.05282117618417749,0.05282117618417749,0.05282117618417749,-6.161877169965751,-6.161877169965751,-6.161877169965751,-4.76061637792911,-4.76061637792911,-4.76061637792911,-6.979438001433927,-6.979438001433927,-6.979438001433927,0.0,0.0,0.0,40.170083562195764
239,2018-03-24 17:00:00,57.127090195018994,34.33090045564615,54.19161132251629,57.127090195018994,57.127090195018994,0.0,0.0,0.0,0.0,0.0,0.0,0.0,0.0,0.0,0.0,0.0,0.0,0.0,0.0,0.0,0.0,0.0,0.0,0.0,0.0,0.0,0.0,0.0,0.0,0.0,0.0,0.0,0.0,0.0,0.0,-13.264128278924705,-13.264128278924705,-13.264128278924705,4.128008637749199,4.128008637749199,4.128008637749199,1.998022834364804,1.998022834364804,1.998022834364804,-3.8768963428806367,-3.8768963428806367,-3.8768963428806367,-3.2467976632289024,-3.2467976632289024,-3.2467976632289024,0.0,0.0,0.0,0.4117699008284828,0.4117699008284828,0.4117699008284828,1.0748216729738345,1.0748216729738345,1.0748216729738345,0.23932404590605544,0.23932404590605544,0.23932404590605544,0.08942029610868492,0.08942029610868492,0.08942029610868492,-6.53277568569695,-6.53277568569695,-6.53277568569695,-4.443457429833596,-4.443457429833596,-4.443457429833596,-6.9824648880963185,-6.9824648880963185,-6.9824648880963185,0.0,0.0,0.0,43.86296191609429
240,2018-03-24 18:00:00,56.919321241801306,36.99384535226944,56.303316561188836,56.919321241801306,56.919321241801306,0.0,0.0,0.0,0.0,0.0,0.0,0.0,0.0,0.0,0.0,0.0,0.0,0.0,0.0,0.0,0.0,0.0,0.0,0.0,0.0,0.0,0.0,0.0,0.0,0.0,0.0,0.0,0.0,0.0,0.0,-9.608857944103288,-9.608857944103288,-9.608857944103288,6.188138751958777,6.188138751958777,6.188138751958777,2.049247499305162,2.049247499305162,2.049247499305162,-1.6187400094342728,-1.6187400094342728,-1.6187400094342728,-2.832173680992898,-2.832173680992898,-2.832173680992898,0.0,0.0,0.0,0.6637537655959367,0.6637537655959367,0.6637537655959367,1.9484219875893345,1.9484219875893345,1.9484219875893345,0.5078169373921828,0.5078169373921828,0.5078169373921828,0.35592021294696213,0.35592021294696213,0.35592021294696213,-7.005590422898634,-7.005590422898634,-7.005590422898634,-4.311726731270953,-4.311726731270953,-4.311726731270953,-7.172666263729159,-7.172666263729159,-7.172666263729159,0.0,0.0,0.0,47.31046329769802
241,2018-03-24 19:00:00,56.918994289452534,39.36183228109843,58.89948803290678,56.918994289452534,56.918994289452534,0.0,0.0,0.0,0.0,0.0,0.0,0.0,0.0,0.0,0.0,0.0,0.0,0.0,0.0,0.0,0.0,0.0,0.0,0.0,0.0,0.0,0.0,0.0,0.0,0.0,0.0,0.0,0.0,0.0,0.0,-7.755920279811395,-7.755920279811395,-7.755920279811395,6.459142172690446,6.459142172690446,6.459142172690446,2.049247499305162,2.049247499305162,2.049247499305162,0.317140340474446,0.317140340474446,0.317140340474446,-2.6374396113838263,-2.6374396113838263,-2.6374396113838263,0.0,0.0,0.0,0.7743533308279031,0.7743533308279031,0.7743533308279031,3.013665501435056,3.013665501435056,3.013665501435056,0.5763944897241432,0.5763944897241432,0.5763944897241432,0.6182269920199068,0.6182269920199068,0.6182269920199068,-7.3564343660042635,-7.3564343660042635,-7.3564343660042635,-4.0773078614539,-4.0773078614539,-4.0773078614539,-7.175768426972024,-7.175768426972024,-7.175768426972024,0.0,0.0,0.0,49.163074009641136
242,2018-03-24 20:00:00,56.91866733710376,37.695450823570326,56.6787592640526,56.91866733710376,56.91866733710376,0.0,0.0,0.0,0.0,0.0,0.0,0.0,0.0,0.0,0.0,0.0,0.0,0.0,0.0,0.0,0.0,0.0,0.0,0.0,0.0,0.0,0.0,0.0,0.0,0.0,0.0,0.0,0.0,0.0,0.0,-9.649673362174696,-9.649673362174696,-9.649673362174696,4.556363482422296,4.556363482422296,4.556363482422296,2.049247499305162,2.049247499305162,2.049247499305162,0.6660440975913018,0.6660440975913018,0.6660440975913018,-2.5693873827569997,-2.5693873827569997,-2.5693873827569997,0.0,0.0,0.0,0.8849528960598696,0.8849528960598696,0.8849528960598696,2.9133753996226086,2.9133753996226086,2.9133753996226086,0.6016855019316747,0.6016855019316747,0.6016855019316747,0.6067840788388723,0.6067840788388723,0.6067840788388723,-7.69319193931094,-7.69319193931094,-7.69319193931094,-3.8206138954098856,-3.8206138954098856,-3.8206138954098856,-7.178889002877359,-7.178889002877359,-7.178889002877359,0.0,0.0,0.0,47.26899397492907
243,2018-03-24 21:00:00,56.91834038475499,33.637824816885704,53.385587134218774,56.91834038475499,56.91834038475499,0.0,0.0,0.0,0.0,0.0,0.0,0.0,0.0,0.0,0.0,0.0,0.0,0.0,0.0,0.0,0.0,0.0,0.0,0.0,0.0,0.0,0.0,0.0,0.0,0.0,0.0,0.0,0.0,0.0,0.0,-13.447173347505307,-13.447173347505307,-13.447173347505307,1.4132577764912404,1.4132577764912404,1.4132577764912404,2.049247499305162,2.049247499305162,2.049247499305162,0.33483037685144845,0.33483037685144845,0.33483037685144845,-2.6060308904791376,-2.6060308904791376,-2.6060308904791376,0.0,0.0,0.0,0.9955524612918358,0.9955524612918358,0.9955524612918358,2.4601725611620373,2.4601725611620373,2.4601725611620373,0.6298947078554599,0.6298947078554599,0.6298947078554599,0.37733899915761643,0.37733899915761643,0.37733899915761643,-8.013233577884986,-8.013233577884986,-8.013233577884986,-3.5713449614415262,-3.5713449614415262,-3.5713449614415262,-7.182027922963014,-7.182027922963014,-7.182027922963014,0.0,0.0,0.0,43.471167037249685
244,2018-03-24 22:00:00,56.91801343240623,29.520603647305343,49.75000531028865,56.91801343240623,56.91801343240623,0.0,0.0,0.0,0.0,0.0,0.0,0.0,0.0,0.0,0.0,0.0,0.0,0.0,0.0,0.0,0.0,0.0,0.0,0.0,0.0,0.0,0.0,0.0,0.0,0.0,0.0,0.0,0.0,0.0,0.0,-17.307982878918843,-17.307982878918843,-17.307982878918843,-1.692355501017785,-1.692355501017785,-1.692355501017785,2.049247499305162,2.049247499305162,2.049247499305162,-0.11647551675076408,-0.11647551675076408,-0.11647551675076408,-2.6761770338329427,-2.6761770338329427,-2.6761770338329427,0.0,0.0,0.0,1.1061520265238023,1.1061520265238023,1.1061520265238023,2.004259179409237,2.004259179409237,2.004259179409237,0.6493493326304842,0.6493493326304842,0.6493493326304842,0.06163195857317742,0.06163195857317742,0.06163195857317742,-8.313966743761773,-8.313966743761773,-8.313966743761773,-3.310938479359685,-3.310938479359685,-3.310938479359685,-7.1851851173885235,-7.1851851173885235,-7.1851851173885235,0.0,0.0,0.0,39.610030553487384
245,2018-03-24 23:00:00,56.917686480057455,26.94344946992362,46.471056728363074,56.917686480057455,56.917686480057455,0.0,0.0,0.0,0.0,0.0,0.0,0.0,0.0,0.0,0.0,0.0,0.0,0.0,0.0,0.0,0.0,0.0,0.0,0.0,0.0,0.0,0.0,0.0,0.0,0.0,0.0,0.0,0.0,0.0,0.0,-20.29574440719616,-20.29574440719616,-20.29574440719616,-4.055372212619851,-4.055372212619851,-4.055372212619851,2.049247499305162,2.049247499305162,2.049247499305162,-0.4591503685287166,-0.4591503685287166,-0.4591503685287166,-2.6055074117973924,-2.6055074117973924,-2.6055074117973924,0.0,0.0,0.0,1.2167515917557685,1.2167515917557685,1.2167515917557685,1.4637768469389145,1.4637768469389145,1.4637768469389145,0.6658857636892549,0.6658857636892549,0.6658857636892549,-0.2815087328427161,-0.2815087328427161,-0.2815087328427161,-8.592861311091564,-8.592861311091564,-8.592861311091564,-2.9677959255777084,-2.9677959255777084,-2.9677959255777084,-7.188360514956026,-7.188360514956026,-7.188360514956026,0.0,0.0,0.0,36.621942072861295
246,2018-03-25 00:00:00,56.91735952770868,24.232274871489793,45.58363421282858,56.91735952770868,56.91735952770868,0.0,0.0,0.0,0.0,0.0,0.0,0.0,0.0,0.0,0.0,0.0,0.0,0.0,0.0,0.0,0.0,0.0,0.0,0.0,0.0,0.0,0.0,0.0,0.0,0.0,0.0,0.0,0.0,0.0,0.0,-22.42497062092219,-22.42497062092219,-22.42497062092219,-5.754703295957423,-5.754703295957423,-5.754703295957423,3.4162339179899925,3.4162339179899925,3.4162339179899925,-0.6312384914458932,-0.6312384914458932,-0.6312384914458932,-2.587185657936324,-2.587185657936324,-2.587185657936324,0.0,0.0,0.0,0.0001563742041384143,0.0001563742041384143,0.0001563742041384143,1.1623644328431277,1.1623644328431277,1.1623644328431277,0.685340388464279,0.685340388464279,0.685340388464279,-0.5885602365338085,-0.5885602365338085,-0.5885602365338085,-8.847474790408818,-8.847474790408818,-8.847474790408818,-2.7195877104772985,-2.7195877104772985,-2.7195877104772985,-7.19155404311005,-7.19155404311005,-7.19155404311005,0.0,0.0,0.0,34.492388906786495
247,2018-03-25 01:00:00,56.917032575359904,21.58316714849401,41.518561180294064,56.917032575359904,56.917032575359904,0.0,0.0,0.0,0.0,0.0,0.0,0.0,0.0,0.0,0.0,0.0,0.0,0.0,0.0,0.0,0.0,0.0,0.0,0.0,0.0,0.0,0.0,0.0,0.0,0.0,0.0,0.0,0.0,0.0,0.0,-25.44816954965564,-25.44816954965564,-25.44816954965564,-7.100814694342373,-7.100814694342373,-7.100814694342373,3.4162339179899925,3.4162339179899925,3.4162339179899925,-2.0771121164736486,-2.0771121164736486,-2.0771121164736486,-2.504476026220643,-2.504476026220643,-2.504476026220643,0.0,0.0,0.0,-1.2164388433474917,-1.2164388433474917,-1.2164388433474917,0.7850568065649484,0.7850568065649484,0.7850568065649484,0.6882585821805327,0.6882585821805327,0.6882585821805327,-0.7833831686416779,-0.7833831686416779,-0.7833831686416779,-9.075477110898618,-9.075477110898618,-9.075477110898618,-2.46236338499931,-2.46236338499931,-2.46236338499931,-7.194765627941,-7.194765627941,-7.194765627941,0.0,0.0,0.0,31.468863025704266
248,2018-03-25 02:00:00,56.91670562301114,20.71417165919249,40.79119984593757,56.91670562301114,56.91670562301114,0.0,0.0,0.0,0.0,0.0,0.0,0.0,0.0,0.0,0.0,0.0,0.0,0.0,0.0,0.0,0.0,0.0,0.0,0.0,0.0,0.0,0.0,0.0,0.0,0.0,0.0,0.0,0.0,0.0,0.0,-26.074319154221246,-26.074319154221246,-26.074319154221246,-7.987544291360636,-7.987544291360636,-7.987544291360636,3.4162339179899925,3.4162339179899925,3.4162339179899925,-1.614104985939128,-1.614104985939128,-1.614104985939128,-2.5311734389896285,-2.5311734389896285,-2.5311734389896285,0.0,0.0,0.0,-1.1058392781155255,-1.1058392781155255,-1.1058392781155255,0.9471472954402007,0.9471472954402007,0.9471472954402007,0.6897176790386595,0.6897176790386595,0.6897176790386595,-0.9077881734816428,-0.9077881734816428,-0.9077881734816428,-9.274674682739805,-9.274674682739805,-9.274674682739805,-2.1224029878211845,-2.1224029878211845,-2.1224029878211845,-7.1979951941816775,-7.1979951941816775,-7.1979951941816775,0.0,0.0,0.0,30.842386468789893
249,2018-03-25 03:00:00,56.91637867066236,20.999969307717627,40.87150129074575,56.91637867066236,56.91637867066236,0.0,0.0,0.0,0.0,0.0,0.0,0.0,0.0,0.0,0.0,0.0,0.0,0.0,0.0,0.0,0.0,0.0,0.0,0.0,0.0,0.0,0.0,0.0,0.0,0.0,0.0,0.0,0.0,0.0,0.0,-25.869979658126844,-25.869979658126844,-25.869979658126844,-7.843424009092076,-7.843424009092076,-7.843424009092076,3.4162339179899925,3.4162339179899925,3.4162339179899925,-1.3822795175494649,-1.3822795175494649,-1.3822795175494649,-2.5966082742077305,-2.5966082742077305,-2.5966082742077305,0.0,0.0,0.0,-0.9952397128835591,-0.9952397128835591,-0.9952397128835591,0.9341366876375048,0.9341366876375048,0.9341366876375048,0.6892313134192839,0.6892313134192839,0.6892313134192839,-0.9441707692367267,-0.9441707692367267,-0.9441707692367267,-9.443033466271114,-9.443033466271114,-9.443033466271114,-1.88586268026823,-1.88586268026823,-1.88586268026823,-7.201242665214192,-7.201242665214192,-7.201242665214192,0.0,0.0,0.0,31.046399012535517
250,2018-03-25 04:00:00,56.9160517183136,23.94373112278816,43.14571182896454,56.9160517183136,56.9160517183136,0.0,0.0,0.0,0.0,0.0,0.0,0.0,0.0,0.0,0.0,0.0,0.0,0.0,0.0,0.0,0.0,0.0,0.0,0.0,0.0,0.0,0.0,0.0,0.0,0.0,0.0,0.0,0.0,0.0,0.0,-23.195663241767605,-23.195663241767605,-23.195663241767605,-6.217487242274655,-6.217487242274655,-6.217487242274655,3.4162339179899925,3.4162339179899925,3.4162339179899925,-0.19496725201491827,-0.19496725201491827,-0.19496725201491827,-2.507616898311112,-2.507616898311112,-2.507616898311112,0.0,0.0,0.0,-0.8846401476515926,-0.8846401476515926,-0.8846401476515926,1.4719084768155994,1.4719084768155994,1.4719084768155994,0.6887449477999082,0.6887449477999082,0.6887449477999082,-0.8983991165125886,-0.8983991165125886,-0.8983991165125886,-9.578700784411348,-9.578700784411348,-9.578700784411348,-1.4811984321451257,-1.4811984321451257,-1.4811984321451257,-7.20450796306668,-7.20450796306668,-7.20450796306668,0.0,0.0,0.0,33.72038847654599
251,2018-03-25 05:00:00,56.915724765964825,27.477267459086015,47.719200075012665,56.915724765964825,56.915724765964825,0.0,0.0,0.0,0.0,0.0,0.0,0.0,0.0,0.0,0.0,0.0,0.0,0.0,0.0,0.0,0.0,0.0,0.0,0.0,0.0,0.0,0.0,0.0,0.0,0.0,0.0,0.0,0.0,0.0,0.0,-19.60000106842009,-19.60000106842009,-19.60000106842009,-3.3719906149751266,-3.3719906149751266,-3.3719906149751266,3.4162339179899925,3.4162339179899925,3.4162339179899925,0.6598061814402103,0.6598061814402103,0.6598061814402103,-2.4270011813224093,-2.4270011813224093,-2.4270011813224093,0.0,0.0,0.0,-0.7740405824196263,-0.7740405824196263,-0.7740405824196263,1.7256153289681682,1.7256153289681682,1.7256153289681682,0.6848540228449035,0.6848540228449035,0.6848540228449035,-0.808176147200586,-0.808176147200586,-0.808176147200586,-9.680025626469465,-9.680025626469465,-9.680025626469465,-1.1576791774202324,-1.1576791774202324,-1.1576791774202324,-7.207791008415714,-7.207791008415714,-7.207791008415714,0.0,0.0,0.0,37.31572369754473
252,2018-03-25 06:00:00,56.91539781361605,30.804190297054177,50.02715518318955,56.91539781361605,56.91539781361605,0.0,0.0,0.0,0.0,0.0,0.0,0.0,0.0,0.0,0.0,0.0,0.0,0.0,0.0,0.0,0.0,0.0,0.0,0.0,0.0,0.0,0.0,0.0,0.0,0.0,0.0,0.0,0.0,0.0,0.0,-16.280051812852474,-16.280051812852474,-16.280051812852474,-0.251542815971478,-0.251542815971478,-0.251542815971478,3.4162339179899925,3.4162339179899925,3.4162339179899925,0.928159930898788,0.928159930898788,0.928159930898788,-2.417578565051003,-2.417578565051003,-2.417578565051003,0.0,0.0,0.0,-0.6634410171876599,-0.6634410171876599,-0.6634410171876599,1.7781998688373972,1.7781998688373972,1.7781998688373972,0.6649130324505036,0.6649130324505036,0.6649130324505036,-0.7757545598543216,-0.7757545598543216,-0.7757545598543216,-9.745577207194176,-9.745577207194176,-9.745577207194176,-1.0744127462861206,-1.0744127462861206,-1.0744127462861206,-7.211091720585609,-7.211091720585609,-7.211091720585609,0.0,0.0,0.0,40.635346000763576
253,2018-03-25 07:00:00,56.91507086126729,33.05705418557221,53.230171241580116,56.91507086126729,56.91507086126729,0.0,0.0,0.0,0.0,0.0,0.0,0.0,0.0,0.0,0.0,0.0,0.0,0.0,0.0,0.0,0.0,0.0,0.0,0.0,0.0,0.0,0.0,0.0,0.0,0.0,0.0,0.0,0.0,0.0,0.0,-13.653592027727841,-13.653592027727841,-13.653592027727841,2.1635938914545516,2.1635938914545516,2.1635938914545516,3.4162339179899925,3.4162339179899925,3.4162339179899925,1.1713856606885247,1.1713856606885247,1.1713856606885247,-2.4489872859556923,-2.4489872859556923,-2.4489872859556923,0.0,0.0,0.0,-0.5528414519556936,-0.5528414519556936,-0.5528414519556936,1.9083059468643557,1.9083059468643557,1.9083059468643557,0.4363211913439687,0.4363211913439687,0.4363211913439687,-0.522250021689865,-0.522250021689865,-0.522250021689865,-9.774161562315514,-9.774161562315514,-9.774161562315514,-1.0653966359085416,-1.0653966359085416,-1.0653966359085416,-7.214410017555401,-7.214410017555401,-7.214410017555401,0.0,0.0,0.0,43.26147883353945
254,2018-03-25 08:00:00,56.91474390891851,35.37689465829035,54.34262281016337,56.91474390891851,56.91474390891851,0.0,0.0,0.0,0.0,0.0,0.0,0.0,0.0,0.0,0.0,0.0,0.0,0.0,0.0,0.0,0.0,0.0,0.0,0.0,0.0,0.0,0.0,0.0,0.0,0.0,0.0,0.0,0.0,0.0,0.0,-12.106478002383591,-12.106478002383591,-12.106478002383591,3.4956498686977286,3.4956498686977286,3.4956498686977286,3.4162339179899925,3.4162339179899925,3.4162339179899925,1.3804539279934211,1.3804539279934211,1.3804539279934211,-2.397162896462955,-2.397162896462955,-2.397162896462955,0.0,0.0,0.0,-0.4422418867237271,-0.4422418867237271,-0.4422418867237271,1.9549272914906826,1.9549272914906826,1.9549272914906826,0.06327876128287882,0.06327876128287882,0.06327876128287882,-0.19744733216665497,-0.19744733216665497,-0.19744733216665497,-9.764835983121092,-9.764835983121092,-9.764835983121092,-1.0171339274167952,-1.0171339274167952,-1.0171339274167952,-7.217745815953648,-7.217745815953648,-7.217745815953648,0.0,0.0,0.0,44.80826590653492
255,2018-03-25 09:00:00,56.914416956569745,35.686173947787395,54.231153796406225,56.914416956569745,56.914416956569745,0.0,0.0,0.0,0.0,0.0,0.0,0.0,0.0,0.0,0.0,0.0,0.0,0.0,0.0,0.0,0.0,0.0,0.0,0.0,0.0,0.0,0.0,0.0,0.0,0.0,0.0,0.0,0.0,0.0,0.0,-11.882854461968945,-11.882854461968945,-11.882854461968945,4.005512367624016,4.005512367624016,4.005512367624016,3.4162339179899925,3.4162339179899925,3.4162339179899925,1.0496533167887172,1.0496533167887172,1.0496533167887172,-2.3997802898716794,-2.3997802898716794,-2.3997802898716794,0.0,0.0,0.0,-0.33164232149176076,-0.33164232149176076,-0.33164232149176076,1.5797880998462859,1.5797880998462859,1.5797880998462859,-0.22075876043247517,-0.22075876043247517,-0.22075876043247517,0.012339409485644194,0.012339409485644194,0.012339409485644194,-9.716921115316671,-9.716921115316671,-9.716921115316671,-1.0065267387372905,-1.0065267387372905,-1.0065267387372905,-7.221099031065011,-7.221099031065011,-7.221099031065011,0.0,0.0,0.0,45.0315624946008
256,2018-03-25 10:00:00,56.91409000422097,34.70735584133003,54.941862160274724,56.91409000422097,56.91409000422097,0.0,0.0,0.0,0.0,0.0,0.0,0.0,0.0,0.0,0.0,0.0,0.0,0.0,0.0,0.0,0.0,0.0,0.0,0.0,0.0,0.0,0.0,0.0,0.0,0.0,0.0,0.0,0.0,0.0,0.0,-12.1834307609561,-12.1834307609561,-12.1834307609561,4.067345011365696,4.067345011365696,4.067345011365696,3.4162339179899925,3.4162339179899925,3.4162339179899925,0.6037043775110581,0.6037043775110581,0.6037043775110581,-2.357901995332094,-2.357901995332094,-2.357901995332094,0.0,0.0,0.0,-0.22104275625979436,-0.22104275625979436,-0.22104275625979436,1.2030225822265521,1.2030225822265521,1.2030225822265521,-0.43524599857711743,-0.43524599857711743,-0.43524599857711743,0.05767095016435779,0.05767095016435779,0.05767095016435779,-9.630010573005038,-9.630010573005038,-9.630010573005038,-1.0590323227008387,-1.0590323227008387,-1.0590323227008387,-7.224469576827818,-7.224469576827818,-7.224469576827818,0.0,0.0,0.0,44.73065924326487
257,2018-03-25 11:00:00,56.9137630518722,34.0580636027549,53.802025883715395,56.9137630518722,56.9137630518722,0.0,0.0,0.0,0.0,0.0,0.0,0.0,0.0,0.0,0.0,0.0,0.0,0.0,0.0,0.0,0.0,0.0,0.0,0.0,0.0,0.0,0.0,0.0,0.0,0.0,0.0,0.0,0.0,0.0,0.0,-12.191940003514626,-12.191940003514626,-12.191940003514626,3.696612244607406,3.696612244607406,3.696612244607406,3.4162339179899925,3.4162339179899925,3.4162339179899925,0.8432830633067675,0.8432830633067675,0.8432830633067675,-2.401350725916914,-2.401350725916914,-2.401350725916914,0.0,0.0,0.0,-0.11044319102782797,-0.11044319102782797,-0.11044319102782797,1.3006021407467707,1.3006021407467707,1.3006021407467707,-0.46929159193340986,-0.46929159193340986,-0.46929159193340986,0.07322157576935338,0.07322157576935338,0.07322157576935338,-9.50397794559031,-9.50397794559031,-9.50397794559031,-0.9656890623211974,-0.9656890623211974,-0.9656890623211974,-7.2278573658384895,-7.2278573658384895,-7.2278573658384895,0.0,0.0,0.0,44.72182304835758
258,2018-03-25 12:00:00,56.91343609952342,34.052544651896426,54.1602545334514,56.91343609952342,56.91343609952342,0.0,0.0,0.0,0.0,0.0,0.0,0.0,0.0,0.0,0.0,0.0,0.0,0.0,0.0,0.0,0.0,0.0,0.0,0.0,0.0,0.0,0.0,0.0,0.0,0.0,0.0,0.0,0.0,0.0,0.0,-13.241005856161097,-13.241005856161097,-13.241005856161097,2.6633133119999135,2.6633133119999135,2.6633133119999135,3.4162339179899925,3.4162339179899925,3.4162339179899925,0.665924245193319,0.665924245193319,0.665924245193319,-2.366277654240011,-2.366277654240011,-2.366277654240011,0.0,0.0,0.0,0.0001563742041384143,0.0001563742041384143,0.0001563742041384143,1.175917149304269,1.175917149304269,1.175917149304269,-0.46053701078464904,-0.46053701078464904,-0.46053701078464904,0.0512159734981332,0.0512159734981332,0.0512159734981332,-9.33898110400127,-9.33898110400127,-9.33898110400127,-1.1507845047785545,-1.1507845047785545,-1.1507845047785545,-7.231262309353062,-7.231262309353062,-7.231262309353062,0.0,0.0,0.0,43.67243024336233
259,2018-03-25 13:00:00,56.91310914717466,32.295782374314534,51.37766179658787,56.91310914717466,56.91310914717466,0.0,0.0,0.0,0.0,0.0,0.0,0.0,0.0,0.0,0.0,0.0,0.0,0.0,0.0,0.0,0.0,0.0,0.0,0.0,0.0,0.0,0.0,0.0,0.0,0.0,0.0,0.0,0.0,0.0,0.0,-15.371477027015812,-15.371477027015812,-15.371477027015812,1.0637124867166743,1.0637124867166743,1.0637124867166743,3.4162339179899925,3.4162339179899925,3.4162339179899925,-0.06504145353866318,-0.06504145353866318,-0.06504145353866318,-2.437470754957306,-2.437470754957306,-2.437470754957306,0.0,0.0,0.0,0.1107559394361048,0.1107559394361048,0.1107559394361048,0.8170412174132423,0.8170412174132423,0.8170412174132423,-0.4678324950752831,-0.4678324950752831,-0.4678324950752831,-0.12174806035365751,-0.12174806035365751,-0.12174806035365751,-9.135463742908403,-9.135463742908403,-9.135463742908403,-1.3820212179917566,-1.3820212179917566,-1.3820212179917566,-7.234684317285419,-7.234684317285419,-7.234684317285419,0.0,0.0,0.0,41.541632120158845
260,2018-03-25 14:00:00,56.91278219482589,29.835690132002515,50.00765356861111,56.91278219482589,56.91278219482589,0.0,0.0,0.0,0.0,0.0,0.0,0.0,0.0,0.0,0.0,0.0,0.0,0.0,0.0,0.0,0.0,0.0,0.0,0.0,0.0,0.0,0.0,0.0,0.0,0.0,0.0,0.0,0.0,0.0,0.0,-16.923289305749893,-16.923289305749893,-16.923289305749893,-0.32404115497257463,-0.32404115497257463,-0.32404115497257463,3.4162339179899925,3.4162339179899925,3.4162339179899925,-0.4669707268099922,-0.4669707268099922,-0.4669707268099922,-2.4720203479524643,-2.4720203479524643,-2.4720203479524643,0.0,0.0,0.0,0.2213555046680712,0.2213555046680712,0.2213555046680712,0.7677093294946873,0.7677093294946873,0.7677093294946873,-0.38855489911705926,-0.38855489911705926,-0.38855489911705926,-0.28546974125153574,-0.28546974125153574,-0.28546974125153574,-8.894154125752333,-8.894154125752333,-8.894154125752333,-1.7262244906416842,-1.7262244906416842,-1.7262244906416842,-7.238123298214989,-7.238123298214989,-7.238123298214989,0.0,0.0,0.0,39.98949288907599
261,2018-03-25 15:00:00,56.912455242477115,30.15068316712715,49.246807507243524,56.912455242477115,56.912455242477115,0.0,0.0,0.0,0.0,0.0,0.0,0.0,0.0,0.0,0.0,0.0,0.0,0.0,0.0,0.0,0.0,0.0,0.0,0.0,0.0,0.0,0.0,0.0,0.0,0.0,0.0,0.0,0.0,0.0,0.0,-17.031831991814073,-17.031831991814073,-17.031831991814073,-0.42055208695983043,-0.42055208695983043,-0.42055208695983043,3.4162339179899925,3.4162339179899925,3.4162339179899925,-0.7536397145161888,-0.7536397145161888,-0.7536397145161888,-2.532220396353118,-2.532220396353118,-2.532220396353118,0.0,0.0,0.0,0.33195506990003754,0.33195506990003754,0.33195506990003754,0.7471092004737522,0.7471092004737522,0.7471092004737522,-0.4303823423833614,-0.4303823423833614,-0.4303823423833614,-0.368650917836748,-0.368650917836748,-0.368650917836748,-8.616061030954059,-8.616061030954059,-8.616061030954059,-1.9176842463067438,-1.9176842463067438,-1.9176842463067438,-7.241579159384,-7.241579159384,-7.241579159384,0.0,0.0,0.0,39.88062325066304
262,2018-03-25 16:00:00,56.91212829012835,31.672505287944677,52.56251070880947,56.91212829012835,56.91212829012835,0.0,0.0,0.0,0.0,0.0,0.0,0.0,0.0,0.0,0.0,0.0,0.0,0.0,0.0,0.0,0.0,0.0,0.0,0.0,0.0,0.0,0.0,0.0,0.0,0.0,0.0,0.0,0.0,0.0,0.0,-14.668010192357709,-14.668010192357709,-14.668010192357709,1.2568638753507082,1.2568638753507082,1.2568638753507082,3.4162339179899925,3.4162339179899925,3.4162339179899925,-0.37735533182945735,-0.37735533182945735,-0.37735533182945735,-2.5699108614387445,-2.5699108614387445,-2.5699108614387445,0.0,0.0,0.0,0.44255463513200394,0.44255463513200394,0.44255463513200394,0.8121622394872314,0.8121622394872314,0.8121622394872314,-0.31560005621071835,-0.31560005621071835,-0.31560005621071835,-0.3676239897307577,-0.3676239897307577,-0.3676239897307577,-8.302466929177365,-8.302466929177365,-8.302466929177365,-1.7951712170584646,-1.7951712170584646,-1.7951712170584646,-7.245051806701595,-7.245051806701595,-7.245051806701595,0.0,0.0,0.0,42.24411809777064
263,2018-03-25 17:00:00,56.91180133777957,36.74629050289364,57.0536412253392,56.91180133777957,56.91180133777957,0.0,0.0,0.0,0.0,0.0,0.0,0.0,0.0,0.0,0.0,0.0,0.0,0.0,0.0,0.0,0.0,0.0,0.0,0.0,0.0,0.0,0.0,0.0,0.0,0.0,0.0,0.0,0.0,0.0,0.0,-9.66848237735876,-9.66848237735876,-9.66848237735876,3.99032267832532,3.99032267832532,3.99032267832532,3.4162339179899925,3.4162339179899925,3.4162339179899925,1.5446545410149428,1.5446545410149428,1.5446545410149428,-2.4845838363143393,-2.4845838363143393,-2.4845838363143393,0.0,0.0,0.0,0.5531542003639703,0.5531542003639703,0.5531542003639703,1.6513464427611129,1.6513464427611129,1.6513464427611129,-0.03448072821161802,-0.03448072821161802,-0.03448072821161802,-0.23969808852739774,-0.23969808852739774,-0.23969808852739774,-7.954918451955106,-7.954918451955106,-7.954918451955106,-1.317317367046778,-1.317317367046778,-1.317317367046778,-7.248541144743915,-7.248541144743915,-7.248541144743915,0.0,0.0,0.0,47.24331896042081
264,2018-03-25 18:00:00,57.07149787402442,43.27237203133006,63.667343148485976,57.07149787402442,57.07149787402442,0.0,0.0,0.0,0.0,0.0,0.0,0.0,0.0,0.0,0.0,0.0,0.0,0.0,0.0,0.0,0.0,0.0,0.0,0.0,0.0,0.0,0.0,0.0,0.0,0.0,0.0,0.0,0.0,0.0,0.0,-3.7031088748867402,-3.7031088748867402,-3.7031088748867402,6.409439711986312,6.409439711986312,6.409439711986312,3.0114143300964127,3.0114143300964127,3.0114143300964127,4.152457025407639,4.152457025407639,4.152457025407639,-2.039664745081448,-2.039664745081448,-2.039664745081448,0.0,0.0,0.0,0.3986017134885039,0.3986017134885039,0.3986017134885039,2.9461259663762616,2.9461259663762616,2.9461259663762616,0.3566163799202197,0.3566163799202197,0.3566163799202197,0.12576471350243876,0.12576471350243876,0.12576471350243876,-7.14510605462962,-7.14510605462962,-7.14510605462962,-0.6464013328947499,-0.6464013328947499,-0.6464013328947499,-7.1198995576510695,-7.1198995576510695,-7.1198995576510695,0.0,0.0,0.0,53.368388999137686
265,2018-03-25 19:00:00,57.07119650310753,45.14083237526455,65.64080423416061,57.07119650310753,57.07119650310753,0.0,0.0,0.0,0.0,0.0,0.0,0.0,0.0,0.0,0.0,0.0,0.0,0.0,0.0,0.0,0.0,0.0,0.0,0.0,0.0,0.0,0.0,0.0,0.0,0.0,0.0,0.0,0.0,0.0,0.0,-1.4233253089249467,-1.4233253089249467,-1.4233253089249467,6.719840898336905,6.719840898336905,6.719840898336905,3.0114143300964127,3.0114143300964127,3.0114143300964127,5.728619816643977,5.728619816643977,5.728619816643977,-2.0038644815294684,-2.0038644815294684,-2.0038644815294684,0.0,0.0,0.0,0.46501969452438324,0.46501969452438324,0.46501969452438324,3.7140487001257845,3.7140487001257845,3.7140487001257845,0.49401091964695193,0.49401091964695193,0.49401091964695193,0.46720652967923204,0.46720652967923204,0.46720652967923204,-6.748433031452637,-6.748433031452637,-6.748433031452637,-0.4192158758993201,-0.4192158758993201,-0.4192158758993201,-7.123352992453192,-7.123352992453192,-7.123352992453192,0.0,0.0,0.0,55.647871194182585
266,2018-03-25 20:00:00,57.07089513219064,43.799780683315504,63.59374045863017,57.07089513219064,57.07089513219064,0.0,0.0,0.0,0.0,0.0,0.0,0.0,0.0,0.0,0.0,0.0,0.0,0.0,0.0,0.0,0.0,0.0,0.0,0.0,0.0,0.0,0.0,0.0,0.0,0.0,0.0,0.0,0.0,0.0,0.0,-3.7917300230698907,-3.7917300230698907,-3.7917300230698907,4.912120249928792,4.912120249928792,4.912120249928792,3.0114143300964127,3.0114143300964127,3.0114143300964127,4.74877899362147,4.74877899362147,4.74877899362147,-2.0909606450962235,-2.0909606450962235,-2.0909606450962235,0.0,0.0,0.0,0.5314376755602627,0.5314376755602627,0.5314376755602627,3.091747677960866,3.091747677960866,3.091747677960866,0.5331334326538858,0.5331334326538858,0.5331334326538858,0.34810870637023555,0.34810870637023555,0.34810870637023555,-6.325803719472295,-6.325803719472295,-6.325803719472295,-0.6761021839239687,-0.6761021839239687,-0.6761021839239687,-7.126825547147858,-7.126825547147858,-7.126825547147858,0.0,0.0,0.0,53.279165109120754
267,2018-03-25 21:00:00,57.070593761273756,39.10605913003178,58.53727571014351,57.070593761273756,57.070593761273756,0.0,0.0,0.0,0.0,0.0,0.0,0.0,0.0,0.0,0.0,0.0,0.0,0.0,0.0,0.0,0.0,0.0,0.0,0.0,0.0,0.0,0.0,0.0,0.0,0.0,0.0,0.0,0.0,0.0,0.0,-8.398900187097405,-8.398900187097405,-8.398900187097405,1.8735302498320114,1.8735302498320114,1.8735302498320114,3.0114143300964127,3.0114143300964127,3.0114143300964127,2.7375275097662732,2.7375275097662732,2.7375275097662732,-2.321257862870895,-2.321257862870895,-2.321257862870895,0.0,0.0,0.0,0.597855656596142,0.597855656596142,0.597855656596142,1.784424671712565,1.784424671712565,1.784424671712565,0.5666670152312577,0.5666670152312577,0.5666670152312577,0.11061446036065826,0.11061446036065826,0.11061446036065826,-5.879640824605146,-5.879640824605146,-5.879640824605146,-1.012190761359868,-1.012190761359868,-1.012190761359868,-7.130317122090543,-7.130317122090543,-7.130317122090543,0.0,0.0,0.0,48.67169357417635
268,2018-03-25 22:00:00,57.07029239035686,34.68760696477581,54.16393442696036,57.07029239035686,57.07029239035686,0.0,0.0,0.0,0.0,0.0,0.0,0.0,0.0,0.0,0.0,0.0,0.0,0.0,0.0,0.0,0.0,0.0,0.0,0.0,0.0,0.0,0.0,0.0,0.0,0.0,0.0,0.0,0.0,0.0,0.0,-11.97179459949808,-11.97179459949808,-11.97179459949808,-1.2182666335590986,-1.2182666335590986,-1.2182666335590986,3.0114143300964127,3.0114143300964127,3.0114143300964127,1.7928316590788989,1.7928316590788989,1.7928316590788989,-2.349577474337386,-2.349577474337386,-2.349577474337386,0.0,0.0,0.0,0.6642736376320214,0.6642736376320214,0.6642736376320214,1.1288542697474178,1.1288542697474178,1.1288542697474178,0.5908857137593597,0.5908857137593597,0.5908857137593597,-0.22675923228732364,-0.22675923228732364,-0.22675923228732364,-5.4125320088009685,-5.4125320088009685,-5.4125320088009685,-1.0262595855316035,-1.0262595855316035,-1.0262595855316035,-7.133827616216913,-7.133827616216913,-7.133827616216913,0.0,0.0,0.0,45.09849779085878
269,2018-03-25 23:00:00,57.069991019439975,32.84731306666643,51.74194045149776,57.069991019439975,57.069991019439975,0.0,0.0,0.0,0.0,0.0,0.0,0.0,0.0,0.0,0.0,0.0,0.0,0.0,0.0,0.0,0.0,0.0,0.0,0.0,0.0,0.0,0.0,0.0,0.0,0.0,0.0,0.0,0.0,0.0,0.0,-14.408184412215032,-14.408184412215032,-14.408184412215032,-3.730220412336719,-3.730220412336719,-3.730220412336719,3.0114143300964127,3.0114143300964127,3.0114143300964127,1.3866001655109543,1.3866001655109543,1.3866001655109543,-2.324463856621818,-2.324463856621818,-2.324463856621818,0.0,0.0,0.0,0.7306916186679009,0.7306916186679009,0.7306916186679009,0.8457918416110521,0.8457918416110521,0.8457918416110521,0.6146386680849981,0.6146386680849981,0.6146386680849981,-0.5141932016161033,-0.5141932016161033,-0.5141932016161033,-4.927207238341716,-4.927207238341716,-4.927207238341716,-0.9772792347114881,-0.9772792347114881,-0.9772792347114881,-7.137356927047549,-7.137356927047549,-7.137356927047549,0.0,0.0,0.0,42.661806607224946
270,2018-03-26 00:00:00,57.06968964852309,28.934152575504985,50.30540104819787,57.06968964852309,57.06968964852309,0.0,0.0,0.0,0.0,0.0,0.0,0.0,0.0,0.0,0.0,0.0,0.0,0.0,0.0,0.0,0.0,0.0,0.0,0.0,0.0,0.0,0.0,0.0,0.0,0.0,0.0,0.0,0.0,0.0,0.0,-17.191197677776103,-17.191197677776103,-17.191197677776103,-5.7123621279647905,-5.7123621279647905,-5.7123621279647905,2.770230314831718,2.770230314831718,2.770230314831718,0.08858417580997324,0.08858417580997324,0.08858417580997324,-2.4030107035194437,-2.4030107035194437,-2.4030107035194437,0.0,0.0,0.0,9.382727322750171e-05,9.382727322750171e-05,9.382727322750171e-05,0.7661634899580475,0.7661634899580475,0.7661634899580475,0.6239535521342681,0.6239535521342681,0.6239535521342681,-0.69781988089935,-0.69781988089935,-0.69781988089935,-4.42651477493162,-4.42651477493162,-4.42651477493162,-0.9710264239684944,-0.9710264239684944,-0.9710264239684944,-7.140904950689663,-7.140904950689663,-7.140904950689663,0.0,0.0,0.0,39.878491970746985
271,2018-03-26 01:00:00,57.069388277606194,27.14070746272943,47.64589986358752,57.069388277606194,57.069388277606194,0.0,0.0,0.0,0.0,0.0,0.0,0.0,0.0,0.0,0.0,0.0,0.0,0.0,0.0,0.0,0.0,0.0,0.0,0.0,0.0,0.0,0.0,0.0,0.0,0.0,0.0,0.0,0.0,0.0,0.0,-19.774950438382564,-19.774950438382564,-19.774950438382564,-7.351560863216723,-7.351560863216723,-7.351560863216723,2.529046299567024,2.529046299567024,2.529046299567024,-1.3655219293302194,-1.3655219293302194,-1.3655219293302194,-2.4959845222962245,-2.4959845222962245,-2.4959845222962245,0.0,0.0,0.0,-0.7305039641214459,-0.7305039641214459,-0.7305039641214459,0.5856361995666468,0.5856361995666468,0.5856361995666468,0.6239535521342681,0.6239535521342681,0.6239535521342681,-0.7873185985332012,-0.7873185985332012,-0.7873185985332012,-3.913396063994916,-3.913396063994916,-3.913396063994916,-1.0903508956472865,-1.0903508956472865,-1.0903508956472865,-7.144471581840705,-7.144471581840705,-7.144471581840705,0.0,0.0,0.0,37.29443783922363
272,2018-03-26 02:00:00,57.06908690668931,26.275488054367663,46.167928634374846,57.06908690668931,57.06908690668931,0.0,0.0,0.0,0.0,0.0,0.0,0.0,0.0,0.0,0.0,0.0,0.0,0.0,0.0,0.0,0.0,0.0,0.0,0.0,0.0,0.0,0.0,0.0,0.0,0.0,0.0,0.0,0.0,0.0,0.0,-20.63579757486711,-20.63579757486711,-20.63579757486711,-8.409586513631796,-8.409586513631796,-8.409586513631796,2.2878622843023306,2.2878622843023306,2.2878622843023306,-1.6872945614800277,-1.6872945614800277,-1.6872945614800277,-2.568653713983824,-2.568653713983824,-2.568653713983824,0.0,0.0,0.0,-0.6640859830855665,-0.6640859830855665,-0.6640859830855665,0.5594570154615495,0.5594570154615495,0.5594570154615495,0.6239535521342681,0.6239535521342681,0.6239535521342681,-0.7958756859558735,-0.7958756859558735,-0.7958756859558735,-3.390859785967618,-3.390859785967618,-3.390859785967618,-1.129952030352912,-1.129952030352912,-1.129952030352912,-7.148056713787668,-7.148056713787668,-7.148056713787668,0.0,0.0,0.0,36.433289331822195
273,2018-03-26 03:00:00,57.06878553577242,26.584397979920507,46.471315307849146,57.06878553577242,57.06878553577242,0.0,0.0,0.0,0.0,0.0,0.0,0.0,0.0,0.0,0.0,0.0,0.0,0.0,0.0,0.0,0.0,0.0,0.0,0.0,0.0,0.0,0.0,0.0,0.0,0.0,0.0,0.0,0.0,0.0,0.0,-20.131452656302248,-20.131452656302248,-20.131452656302248,-8.268820818537415,-8.268820818537415,-8.268820818537415,2.0466782690376366,2.0466782690376366,2.0466782690376366,-1.8490162530722714,-1.8490162530722714,-1.8490162530722714,-2.6114002973294705,-2.6114002973294705,-2.6114002973294705,0.0,0.0,0.0,-0.5976680020496871,-0.5976680020496871,-0.5976680020496871,0.7099873240658595,0.7099873240658595,0.7099873240658595,0.6239535521342681,0.6239535521342681,0.6239535521342681,-0.6941725977355879,-0.6941725977355879,-0.6941725977355879,-2.8619553462758973,-2.8619553462758973,-2.8619553462758973,-1.3263945011952902,-1.3263945011952902,-1.3263945011952902,-7.151660238416661,-7.151660238416661,-7.151660238416661,0.0,0.0,0.0,36.937332879470176
274,2018-03-26 04:00:00,57.06848416485553,30.08518602274056,49.66673905678762,57.06848416485553,57.06848416485553,0.0,0.0,0.0,0.0,0.0,0.0,0.0,0.0,0.0,0.0,0.0,0.0,0.0,0.0,0.0,0.0,0.0,0.0,0.0,0.0,0.0,0.0,0.0,0.0,0.0,0.0,0.0,0.0,0.0,0.0,-17.2844998715646,-17.2844998715646,-17.2844998715646,-6.540825001770013,-6.540825001770013,-6.540825001770013,1.8054942537729426,1.8054942537729426,1.8054942537729426,-1.2586467380499944,-1.2586467380499944,-1.2586467380499944,-2.3982017128930586,-2.3982017128930586,-2.3982017128930586,0.0,0.0,0.0,-0.5312500210138077,-0.5312500210138077,-0.5312500210138077,1.0355909263730083,1.0355909263730083,1.0355909263730083,0.624885040539195,0.624885040539195,0.624885040539195,-0.31036618481048256,-0.31036618481048256,-0.31036618481048256,-2.3297460855354046,-2.3297460855354046,-2.3297460855354046,-1.4847990400177917,-1.4847990400177917,-1.4847990400177917,-7.155282046209183,-7.155282046209183,-7.155282046209183,0.0,0.0,0.0,39.783984293290935
275,2018-03-26 05:00:00,57.06818279393864,35.4169960393768,55.06103366962779,57.06818279393864,57.06818279393864,0.0,0.0,0.0,0.0,0.0,0.0,0.0,0.0,0.0,0.0,0.0,0.0,0.0,0.0,0.0,0.0,0.0,0.0,0.0,0.0,0.0,0.0,0.0,0.0,0.0,0.0,0.0,0.0,0.0,0.0,-11.438799296803474,-11.438799296803474,-11.438799296803474,-3.5952155378199095,-3.5952155378199095,-3.5952155378199095,1.5643102385082481,1.5643102385082481,1.5643102385082481,1.1126207602241391,1.1126207602241391,1.1126207602241391,-1.923180305464561,-1.923180305464561,-1.923180305464561,0.0,0.0,0.0,-0.46483203997792827,-0.46483203997792827,-0.46483203997792827,2.3941815014937915,2.3941815014937915,2.3941815014937915,0.6220905753244141,0.6220905753244141,0.6220905753244141,0.25426130496420646,0.25426130496420646,0.25426130496420646,-1.7972824929605589,-1.7972824929605589,-1.7972824929605589,-1.3342105146240322,-1.3342105146240322,-1.3342105146240322,-7.158922026247147,-7.158922026247147,-7.158922026247147,0.0,0.0,0.0,45.629383497135166
276,2018-03-26 06:00:00,57.06788142302175,41.195033158467304,61.31986755176951,57.06788142302175,57.06788142302175,0.0,0.0,0.0,0.0,0.0,0.0,0.0,0.0,0.0,0.0,0.0,0.0,0.0,0.0,0.0,0.0,0.0,0.0,0.0,0.0,0.0,0.0,0.0,0.0,0.0,0.0,0.0,0.0,0.0,0.0,-6.156003148160427,-6.156003148160427,-6.156003148160427,-0.4396538880849302,-0.4396538880849302,-0.4396538880849302,1.3231262232435541,1.3231262232435541,1.3231262232435541,2.7138065119662302,2.7138065119662302,2.7138065119662302,-1.538461055353742,-1.538461055353742,-1.538461055353742,0.0,0.0,0.0,-0.39841405894204884,-0.39841405894204884,-0.39841405894204884,3.4348040696714124,3.4348040696714124,3.4348040696714124,0.5550234101696703,0.5550234101696703,0.5550234101696703,0.6125367357429781,0.6125367357429781,0.6125367357429781,-1.2675757058240933,-1.2675757058240933,-1.2675757058240933,-1.274808812565594,-1.274808812565594,-1.274808812565594,-7.162580066217633,-7.162580066217633,-7.162580066217633,0.0,0.0,0.0,50.91187827486132
277,2018-03-26 07:00:00,57.067580052104866,44.68892232184529,64.36528004976509,57.067580052104866,57.067580052104866,0.0,0.0,0.0,0.0,0.0,0.0,0.0,0.0,0.0,0.0,0.0,0.0,0.0,0.0,0.0,0.0,0.0,0.0,0.0,0.0,0.0,0.0,0.0,0.0,0.0,0.0,0.0,0.0,0.0,0.0,-2.8859168693426596,-2.8859168693426596,-2.8859168693426596,1.9630797202102956,1.9630797202102956,1.9630797202102956,1.0819422079788608,1.0819422079788608,1.0819422079788608,3.0608310377817984,3.0608310377817984,3.0608310377817984,-1.2125183573431866,-1.2125183573431866,-1.2125183573431866,0.0,0.0,0.0,-0.3319960779061695,-0.3319960779061695,-0.3319960779061695,3.732046889198039,3.732046889198039,3.732046889198039,0.059937322950971,0.059937322950971,0.059937322950971,0.910351434076311,0.910351434076311,0.910351434076311,-0.7435715749203297,-0.7435715749203297,-0.7435715749203297,-1.1789323811730277,-1.1789323811730277,-1.1789323811730277,-7.166256052414424,-7.166256052414424,-7.166256052414424,0.0,0.0,0.0,54.18166318276221
278,2018-03-26 08:00:00,57.06727868118797,45.68068477664984,64.79498857427755,57.06727868118797,57.06727868118797,0.0,0.0,0.0,0.0,0.0,0.0,0.0,0.0,0.0,0.0,0.0,0.0,0.0,0.0,0.0,0.0,0.0,0.0,0.0,0.0,0.0,0.0,0.0,0.0,0.0,0.0,0.0,0.0,0.0,0.0,-2.368520596445031,-2.368520596445031,-2.368520596445031,3.293553763391415,3.293553763391415,3.293553763391415,0.8407581927141667,0.8407581927141667,0.8407581927141667,1.7360010759141917,1.7360010759141917,1.7360010759141917,-1.3332774552946383,-1.3332774552946383,-1.3332774552946383,0.0,0.0,0.0,-0.26557809687029005,-0.26557809687029005,-0.26557809687029005,3.4309862719894197,3.4309862719894197,3.4309862719894197,-0.8021551958089654,-0.8021551958089654,-0.8021551958089654,1.024399173004714,1.024399173004714,1.024399173004714,-0.2281255660089534,-0.2281255660089534,-0.2281255660089534,-1.159131813820215,-1.159131813820215,-1.159131813820215,-7.169949869741684,-7.169949869741684,-7.169949869741684,0.0,0.0,0.0,54.69875808474294
279,2018-03-26 09:00:00,57.066977310271085,44.08316144438719,64.30243190551752,57.066977310271085,57.066977310271085,0.0,0.0,0.0,0.0,0.0,0.0,0.0,0.0,0.0,0.0,0.0,0.0,0.0,0.0,0.0,0.0,0.0,0.0,0.0,0.0,0.0,0.0,0.0,0.0,0.0,0.0,0.0,0.0,0.0,0.0,-3.1688603929117867,-3.1688603929117867,-3.1688603929117867,3.8446496862048907,3.8446496862048907,3.8446496862048907,0.5995741774494724,0.5995741774494724,0.5995741774494724,-0.11586991816368382,-0.11586991816368382,-0.11586991816368382,-1.7083787241526869,-1.7083787241526869,-1.7083787241526869,0.0,0.0,0.0,-0.1991601158344107,-0.1991601158344107,-0.1991601158344107,2.964124155448516,2.964124155448516,2.964124155448516,-1.567372920456494,-1.567372920456494,-1.567372920456494,1.0357618628610494,1.0357618628610494,1.0357618628610494,0.27602124076438245,0.27602124076438245,0.27602124076438245,-1.24041835347913,-1.24041835347913,-1.24041835347913,-7.173661401717376,-7.173661401717376,-7.173661401717376,0.0,0.0,0.0,53.898116917359296
280,2018-03-26 10:00:00,57.06667593935419,43.840153342789954,63.98351057031622,57.06667593935419,57.06667593935419,0.0,0.0,0.0,0.0,0.0,0.0,0.0,0.0,0.0,0.0,0.0,0.0,0.0,0.0,0.0,0.0,0.0,0.0,0.0,0.0,0.0,0.0,0.0,0.0,0.0,0.0,0.0,0.0,0.0,0.0,-3.2628408732768603,-3.2628408732768603,-3.2628408732768603,3.9690268816656524,3.9690268816656524,3.9690268816656524,0.3583901621847782,0.3583901621847782,0.3583901621847782,-0.8207420297026128,-0.8207420297026128,-0.8207420297026128,-1.7821165804239272,-1.7821165804239272,-1.7821165804239272,0.0,0.0,0.0,-0.13274213479853128,-0.13274213479853128,-0.13274213479853128,2.683243325987575,2.683243325987575,2.683243325987575,-1.7881356724241924,-1.7881356724241924,-1.7881356724241924,0.9856818594201638,0.9856818594201638,0.9856818594201638,0.7662648052349067,0.7662648052349067,0.7662648052349067,-1.1450629896484796,-1.1450629896484796,-1.1450629896484796,-7.177390530474806,-7.177390530474806,-7.177390530474806,0.0,0.0,0.0,53.80383506607733
281,2018-03-26 11:00:00,57.066374568437304,42.512247432978185,63.238380422414096,57.066374568437304,57.066374568437304,0.0,0.0,0.0,0.0,0.0,0.0,0.0,0.0,0.0,0.0,0.0,0.0,0.0,0.0,0.0,0.0,0.0,0.0,0.0,0.0,0.0,0.0,0.0,0.0,0.0,0.0,0.0,0.0,0.0,0.0,-4.206537374257819,-4.206537374257819,-4.206537374257819,3.640296817909645,3.640296817909645,3.640296817909645,0.11720614692008452,0.11720614692008452,0.11720614692008452,-1.9058562604288072,-1.9058562604288072,-1.9058562604288072,-1.9071503367099434,-1.9071503367099434,-1.9071503367099434,0.0,0.0,0.0,-0.0663241537626519,-0.0663241537626519,-0.0663241537626519,2.1809302309710192,2.1809302309710192,2.1809302309710192,-1.8375045578853235,-1.8375045578853235,-1.8375045578853235,0.866163195746118,0.866163195746118,0.866163195746118,1.240159205030333,1.240159205030333,1.240159205030333,-1.2591767857081104,-1.2591767857081104,-1.2591767857081104,-7.1811371367689905,-7.1811371367689905,-7.1811371367689905,0.0,0.0,0.0,52.859837194179484
282,2018-03-26 12:00:00,57.06607319752041,41.65713965251363,60.97239278508749,57.06607319752041,57.06607319752041,0.0,0.0,0.0,0.0,0.0,0.0,0.0,0.0,0.0,0.0,0.0,0.0,0.0,0.0,0.0,0.0,0.0,0.0,0.0,0.0,0.0,0.0,0.0,0.0,0.0,0.0,0.0,0.0,0.0,0.0,-5.720140143909256,-5.720140143909256,-5.720140143909256,2.6173933920541637,2.6173933920541637,2.6173933920541637,-0.12397786834460969,-0.12397786834460969,-0.12397786834460969,-2.8480683591229234,-2.8480683591229234,-2.8480683591229234,-2.201567429503084,-2.201567429503084,-2.201567429503084,0.0,0.0,0.0,9.382727322750171e-05,9.382727322750171e-05,9.382727322750171e-05,1.9311371826348813,1.9311371826348813,1.9311371826348813,-1.8011765100931705,-1.8011765100931705,-1.8011765100931705,0.7155023450584121,0.7155023450584121,0.7155023450584121,1.6954359231387561,1.6954359231387561,1.6954359231387561,-1.3680799061485802,-1.3680799061485802,-1.3680799061485802,-7.184901099979254,-7.184901099979254,-7.184901099979254,0.0,0.0,0.0,51.345933053611155
283,2018-03-26 13:00:00,57.06577182660352,39.47009852560098,59.142281647107936,57.06577182660352,57.06577182660352,0.0,0.0,0.0,0.0,0.0,0.0,0.0,0.0,0.0,0.0,0.0,0.0,0.0,0.0,0.0,0.0,0.0,0.0,0.0,0.0,0.0,0.0,0.0,0.0,0.0,0.0,0.0,0.0,0.0,0.0,-7.635301928461762,-7.635301928461762,-7.635301928461762,1.0285852737261332,1.0285852737261332,1.0285852737261332,-0.3651618836093034,-0.3651618836093034,-0.3651618836093034,-3.605226058249297,-3.605226058249297,-3.605226058249297,-2.4099570233131113,-2.4099570233131113,-2.4099570233131113,0.0,0.0,0.0,0.0665118083091069,0.0665118083091069,0.0665118083091069,1.8929592058149478,1.8929592058149478,1.8929592058149478,-1.717808297852204,-1.717808297852204,-1.717808297852204,0.5896710759086242,0.5896710759086242,0.5896710759086242,2.1300211541726353,2.1300211541726353,2.1300211541726353,-1.6614409435073576,-1.6614409435073576,-1.6614409435073576,-7.188682298111233,-7.188682298111233,-7.188682298111233,0.0,0.0,0.0,49.43046989814176
284,2018-03-26 14:00:00,57.065470455686636,38.4923347830886,59.06537666211545,57.065470455686636,57.065470455686636,0.0,0.0,0.0,0.0,0.0,0.0,0.0,0.0,0.0,0.0,0.0,0.0,0.0,0.0,0.0,0.0,0.0,0.0,0.0,0.0,0.0,0.0,0.0,0.0,0.0,0.0,0.0,0.0,0.0,0.0,-8.865682133980007,-8.865682133980007,-8.865682133980007,-0.310959558465722,-0.310959558465722,-0.310959558465722,-0.6063458988739977,-0.6063458988739977,-0.6063458988739977,-3.904292928848099,-3.904292928848099,-3.904292928848099,-2.4767485597906838,-2.4767485597906838,-2.4767485597906838,0.0,0.0,0.0,0.1329297893449863,0.1329297893449863,0.1329297893449863,1.9284101842906005,1.9284101842906005,1.9284101842906005,-1.540359756713611,-1.540359756713611,-1.540359756713611,0.4896513491485365,0.4896513491485365,0.4896513491485365,2.542050961136063,2.542050961136063,2.542050961136063,-1.8318300362539297,-1.8318300362539297,-1.8318300362539297,-7.192480607802248,-7.192480607802248,-7.192480607802248,0.0,0.0,0.0,48.19978832170663
285,2018-03-26 15:00:00,57.06516908476974,38.240342199419864,57.569094580524244,57.06516908476974,57.06516908476974,0.0,0.0,0.0,0.0,0.0,0.0,0.0,0.0,0.0,0.0,0.0,0.0,0.0,0.0,0.0,0.0,0.0,0.0,0.0,0.0,0.0,0.0,0.0,0.0,0.0,0.0,0.0,0.0,0.0,0.0,-9.150827354003894,-9.150827354003894,-9.150827354003894,-0.3241762055243686,-0.3241762055243686,-0.3241762055243686,-0.8475299141386918,-0.8475299141386918,-0.8475299141386918,-4.560239384345097,-4.560239384345097,-4.560239384345097,-2.565982052524721,-2.565982052524721,-2.565982052524721,0.0,0.0,0.0,0.19934777038086568,0.19934777038086568,0.19934777038086568,1.6971607246955738,1.6971607246955738,1.6971607246955738,-1.325651679377938,-1.325651679377938,-1.325651679377938,0.42063352928042536,0.42063352928042536,0.42063352928042536,2.9298841401890368,2.9298841401890368,2.9298841401890368,-2.1382177626606103,-2.1382177626606103,-2.1382177626606103,-7.196295904323468,-7.196295904323468,-7.196295904323468,0.0,0.0,0.0,47.91434173076585
286,2018-03-26 16:00:00,57.064867713852856,39.032954482358456,59.46390741959435,57.064867713852856,57.064867713852856,0.0,0.0,0.0,0.0,0.0,0.0,0.0,0.0,0.0,0.0,0.0,0.0,0.0,0.0,0.0,0.0,0.0,0.0,0.0,0.0,0.0,0.0,0.0,0.0,0.0,0.0,0.0,0.0,0.0,0.0,-7.083145686193077,-7.083145686193077,-7.083145686193077,1.4301197245270327,1.4301197245270327,1.4301197245270327,-1.0887139294033856,-1.0887139294033856,-1.0887139294033856,-4.605250026101227,-4.605250026101227,-4.605250026101227,-2.4265213243595496,-2.4265213243595496,-2.4265213243595496,0.0,0.0,0.0,0.2657657514167451,0.2657657514167451,0.2657657514167451,1.5389948207272768,1.5389948207272768,1.5389948207272768,-1.0210549709668097,-1.0210549709668097,-1.0210549709668097,0.34838926661360187,0.34838926661360187,0.34838926661360187,3.29211267696754,3.29211267696754,3.29211267696754,-2.2221096401291063,-2.2221096401291063,-2.2221096401291063,-7.200128061586423,-7.200128061586423,-7.200128061586423,0.0,0.0,0.0,49.98172202765978
287,2018-03-26 17:00:00,57.06456634293596,44.57538781448245,64.31805997831275,57.06456634293596,57.06456634293596,0.0,0.0,0.0,0.0,0.0,0.0,0.0,0.0,0.0,0.0,0.0,0.0,0.0,0.0,0.0,0.0,0.0,0.0,0.0,0.0,0.0,0.0,0.0,0.0,0.0,0.0,0.0,0.0,0.0,0.0,-3.026534690900785,-3.026534690900785,-3.026534690900785,4.2000111910143945,4.2000111910143945,4.2000111910143945,-1.3298979446680799,-1.3298979446680799,-1.3298979446680799,-3.650138636449376,-3.650138636449376,-3.650138636449376,-2.0861516544698384,-2.0861516544698384,-2.0861516544698384,0.0,0.0,0.0,0.33218373245262445,0.33218373245262445,0.33218373245262445,1.6458931558230914,1.6458931558230914,1.6458931558230914,-0.47333978886973516,-0.47333978886973516,-0.47333978886973516,0.3894913422667655,0.3894913422667655,0.3894913422667655,3.627569706678129,3.627569706678129,3.627569706678129,-2.128317478984204,-2.128317478984204,-2.128317478984204,-7.2039769521439325,-7.2039769521439325,-7.2039769521439325,0.0,0.0,0.0,54.03803165203518
288,2018-03-26 18:00:00,57.22533312876153,50.167335243204924,70.44578745413179,57.22533312876153,57.22533312876153,0.0,0.0,0.0,0.0,0.0,0.0,0.0,0.0,0.0,0.0,0.0,0.0,0.0,0.0,0.0,0.0,0.0,0.0,0.0,0.0,0.0,0.0,0.0,0.0,0.0,0.0,0.0,0.0,0.0,0.0,2.9431251056625403,2.9431251056625403,2.9431251056625403,6.351071248014337,6.351071248014337,6.351071248014337,-1.7247670786649327,-1.7247670786649327,-1.7247670786649327,-0.3866771075916474,-0.3866771075916474,-0.3866771075916474,-1.3009497624403177,-1.3009497624403177,-1.3009497624403177,0.0,0.0,0.0,0.49176311004266526,0.49176311004266526,0.49176311004266526,3.019534151995285,3.019534151995285,3.019534151995285,0.17974673519156117,0.17974673519156117,0.17974673519156117,0.6245283877948439,0.6245283877948439,0.6245283877948439,4.097771712980768,4.097771712980768,4.097771712980768,-1.6765326515107521,-1.6765326515107521,-1.6765326515107521,-7.119040747740918,-7.119040747740918,-7.119040747740918,0.0,0.0,0.0,60.168458234424065
289,2018-03-26 19:00:00,57.22506157673946,51.62430821770162,70.93918782420543,57.22506157673946,57.22506157673946,0.0,0.0,0.0,0.0,0.0,0.0,0.0,0.0,0.0,0.0,0.0,0.0,0.0,0.0,0.0,0.0,0.0,0.0,0.0,0.0,0.0,0.0,0.0,0.0,0.0,0.0,0.0,0.0,0.0,0.0,4.522942147654405,4.522942147654405,4.522942147654405,6.656854955564005,6.656854955564005,6.656854955564005,-1.9893595879611248,-1.9893595879611248,-1.9893595879611248,0.5948648978628507,0.5948648978628507,0.5948648978628507,-0.8787267244373198,-0.8787267244373198,-0.8787267244373198,0.0,0.0,0.0,0.5737043519461843,0.5737043519461843,0.5737043519461843,3.2500150758825015,3.2500150758825015,3.2500150758825015,0.34195252857951136,0.34195252857951136,0.34195252857951136,0.8473669689614989,0.8473669689614989,0.8473669689614989,4.394111652085761,4.394111652085761,4.394111652085761,-1.5500877151084007,-1.5500877151084007,-1.5500877151084007,-7.122889357858212,-7.122889357858212,-7.122889357858212,0.0,0.0,0.0,61.74800372439387
290,2018-03-26 20:00:00,57.2247900247174,48.03622527153438,68.14204496284749,57.2247900247174,57.2247900247174,0.0,0.0,0.0,0.0,0.0,0.0,0.0,0.0,0.0,0.0,0.0,0.0,0.0,0.0,0.0,0.0,0.0,0.0,0.0,0.0,0.0,0.0,0.0,0.0,0.0,0.0,0.0,0.0,0.0,0.0,0.8061562765607178,0.8061562765607178,0.8061562765607178,4.81846193024973,4.81846193024973,4.81846193024973,-2.2539520972573164,-2.2539520972573164,-2.2539520972573164,-1.5462877229525425,-1.5462877229525425,-1.5462877229525425,-1.9915626385537484,-1.9915626385537484,-1.9915626385537484,0.0,0.0,0.0,0.6556455938497033,0.6556455938497033,0.6556455938497033,2.5187023813683243,2.5187023813683243,2.5187023813683243,0.3511426585165057,0.3511426585165057,0.3511426585165057,0.5354469440819474,0.5354469440819474,0.5354469440819474,4.6607389456929385,4.6607389456929385,4.6607389456929385,-1.3617105649579582,-1.3617105649579582,-1.3617105649579582,-7.1267568764294085,-7.1267568764294085,-7.1267568764294085,0.0,0.0,0.0,58.03094630127812
291,2018-03-26 21:00:00,57.22451847269534,42.83151649126685,63.731939376512166,57.22451847269534,57.22451847269534,0.0,0.0,0.0,0.0,0.0,0.0,0.0,0.0,0.0,0.0,0.0,0.0,0.0,0.0,0.0,0.0,0.0,0.0,0.0,0.0,0.0,0.0,0.0,0.0,0.0,0.0,0.0,0.0,0.0,0.0,-3.534722042262657,-3.534722042262657,-3.534722042262657,1.7391248848049767,1.7391248848049767,1.7391248848049767,-2.518544606553509,-2.518544606553509,-2.518544606553509,-3.0406144795327474,-3.0406144795327474,-3.0406144795327474,-2.4563352850376683,-2.4563352850376683,-2.4563352850376683,0.0,0.0,0.0,0.7375868357532224,0.7375868357532224,0.7375868357532224,1.685257144752466,1.685257144752466,1.685257144752466,0.3566567364787023,0.3566567364787023,0.3566567364787023,0.20733029307277825,0.20733029307277825,0.20733029307277825,4.897410723072078,4.897410723072078,4.897410723072078,-1.0525655979987396,-1.0525655979987396,-1.0525655979987396,-7.130643170606963,-7.130643170606963,-7.130643170606963,0.0,0.0,0.0,53.68979643043268
292,2018-03-26 22:00:00,57.224246920673274,39.92463892096881,59.90406611699479,57.224246920673274,57.224246920673274,0.0,0.0,0.0,0.0,0.0,0.0,0.0,0.0,0.0,0.0,0.0,0.0,0.0,0.0,0.0,0.0,0.0,0.0,0.0,0.0,0.0,0.0,0.0,0.0,0.0,0.0,0.0,0.0,0.0,0.0,-7.380968877748306,-7.380968877748306,-7.380968877748306,-1.3671305010422359,-1.3671305010422359,-1.3671305010422359,-2.7831371158497,-2.7831371158497,-2.7831371158497,-3.983425428733292,-3.983425428733292,-3.983425428733292,-2.6974497330962284,-2.6974497330962284,-2.6974497330962284,0.0,0.0,0.0,0.8195280776567413,0.8195280776567413,0.8195280776567413,1.2658037098108021,1.2658037098108021,1.2658037098108021,0.3575757494724017,0.3575757494724017,0.3575757494724017,-0.07381614216049982,-0.07381614216049982,-0.07381614216049982,5.10413515815147,5.10413515815147,5.10413515815147,-0.8719299745668087,-0.8719299745668087,-0.8719299745668087,-7.1345481061242495,-7.1345481061242495,-7.1345481061242495,0.0,0.0,0.0,49.843278042924965
293,2018-03-26 23:00:00,57.22397536865122,37.81308681828058,56.527661941065595,57.22397536865122,57.22397536865122,0.0,0.0,0.0,0.0,0.0,0.0,0.0,0.0,0.0,0.0,0.0,0.0,0.0,0.0,0.0,0.0,0.0,0.0,0.0,0.0,0.0,0.0,0.0,0.0,0.0,0.0,0.0,0.0,0.0,0.0,-10.198094039357064,-10.198094039357064,-10.198094039357064,-3.8394096209197706,-3.8394096209197706,-3.8394096209197706,-3.047729625145893,-3.047729625145893,-3.047729625145893,-4.501377539208633,-4.501377539208633,-4.501377539208633,-2.7023593033055655,-2.7023593033055655,-2.7023593033055655,0.0,0.0,0.0,0.9014693195602604,0.9014693195602604,0.9014693195602604,1.0588078089737047,1.0588078089737047,1.0588078089737047,0.35803525596925145,0.35803525596925145,0.35803525596925145,-0.3488888425951714,-0.3488888425951714,-0.3488888425951714,5.281164668070104,5.281164668070104,5.281164668070104,-0.7207121526652208,-0.7207121526652208,-0.7207121526652208,-7.138471547298764,-7.138471547298764,-7.138471547298764,0.0,0.0,0.0,47.02588132929415
294,2018-03-27 00:00:00,57.22370381662915,33.40236561511637,53.776934054310395,57.22370381662915,57.22370381662915,0.0,0.0,0.0,0.0,0.0,0.0,0.0,0.0,0.0,0.0,0.0,0.0,0.0,0.0,0.0,0.0,0.0,0.0,0.0,0.0,0.0,0.0,0.0,0.0,0.0,0.0,0.0,0.0,0.0,0.0,-13.577031467593178,-13.577031467593178,-13.577031467593178,-5.7341044479846826,-5.7341044479846826,-5.7341044479846826,-3.312322134442084,-3.312322134442084,-3.312322134442084,-6.129500380681027,-6.129500380681027,-6.129500380681027,-2.78091242665496,-2.78091242665496,-2.78091242665496,0.0,0.0,0.0,0.00011565862155124635,0.00011565862155124635,0.00011565862155124635,0.7933724321746832,0.7933724321746832,0.7933724321746832,0.3709014378810435,0.3709014378810435,0.3709014378810435,-0.5325855772819171,-0.5325855772819171,-0.5325855772819171,5.428986718115481,5.428986718115481,5.428986718115481,-0.6680697709793437,-0.6680697709793437,-0.6680697709793437,-7.142413357042948,-7.142413357042948,-7.142413357042948,0.0,0.0,0.0,43.64667234903597
295,2018-03-27 01:00:00,57.22343226460709,30.62659417819875,50.808062882657886,57.22343226460709,57.22343226460709,0.0,0.0,0.0,0.0,0.0,0.0,0.0,0.0,0.0,0.0,0.0,0.0,0.0,0.0,0.0,0.0,0.0,0.0,0.0,0.0,0.0,0.0,0.0,0.0,0.0,0.0,0.0,0.0,0.0,0.0,-16.531538566089473,-16.531538566089473,-16.531538566089473,-7.277360406120362,-7.277360406120362,-7.277360406120362,-3.312322134442084,-3.312322134442084,-3.312322134442084,-7.656117131425026,-7.656117131425026,-7.656117131425026,-2.9041971896894276,-2.9041971896894276,-2.9041971896894276,0.0,0.0,0.0,-0.9012380023171579,-0.9012380023171579,-0.9012380023171579,0.7125402598161333,0.7125402598161333,0.7125402598161333,0.3943362692203791,0.3943362692203791,0.3943362692203791,-0.6107342983573218,-0.6107342983573218,-0.6107342983573218,5.5483123683177755,5.5483123683177755,5.5483123683177755,-1.0345020356555463,-1.0345020356555463,-1.0345020356555463,-7.146373396861861,-7.146373396861861,-7.146373396861861,0.0,0.0,0.0,40.69189369851762
296,2018-03-27 02:00:00,57.22316071258502,29.244339591974157,48.698820850949986,57.22316071258502,57.22316071258502,0.0,0.0,0.0,0.0,0.0,0.0,0.0,0.0,0.0,0.0,0.0,0.0,0.0,0.0,0.0,0.0,0.0,0.0,0.0,0.0,0.0,0.0,0.0,0.0,0.0,0.0,0.0,0.0,0.0,0.0,-17.60696200258217,-17.60696200258217,-17.60696200258217,-8.274696687239755,-8.274696687239755,-8.274696687239755,-3.312322134442084,-3.312322134442084,-3.312322134442084,-7.821976510473652,-7.821976510473652,-7.821976510473652,-2.9489288293744993,-2.9489288293744993,-2.9489288293744993,0.0,0.0,0.0,-0.8192967604136389,-0.8192967604136389,-0.8192967604136389,0.719094219737097,0.719094219737097,0.719094219737097,0.4485580358486458,0.4485580358486458,0.4485580358486458,-0.6485264259930961,-0.6485264259930961,-0.6485264259930961,5.6400627219931785,5.6400627219931785,5.6400627219931785,-1.260554615836077,-1.260554615836077,-1.260554615836077,-7.150351526861938,-7.150351526861938,-7.150351526861938,0.0,0.0,0.0,39.61619871000285
297,2018-03-27 03:00:00,57.222889160562964,29.606028806385623,49.611576379762994,57.222889160562964,57.222889160562964,0.0,0.0,0.0,0.0,0.0,0.0,0.0,0.0,0.0,0.0,0.0,0.0,0.0,0.0,0.0,0.0,0.0,0.0,0.0,0.0,0.0,0.0,0.0,0.0,0.0,0.0,0.0,0.0,0.0,0.0,-17.26273211319483,-17.26273211319483,-17.26273211319483,-8.125326072387944,-8.125326072387944,-8.125326072387944,-3.312322134442084,-3.312322134442084,-3.312322134442084,-7.688411893632582,-7.688411893632582,-7.688411893632582,-2.9189259003174386,-2.9189259003174386,-2.9189259003174386,0.0,0.0,0.0,-0.7373555185101198,-0.7373555185101198,-0.7373555185101198,0.8010187187491407,0.8010187187491407,0.8010187187491407,0.5436758806965373,0.5436758806965373,0.5436758806965373,-0.5887338811979247,-0.5887338811979247,-0.5887338811979247,5.705353458580015,5.705353458580015,5.705353458580015,-1.475769058610692,-1.475769058610692,-1.475769058610692,-7.154347605754321,-7.154347605754321,-7.154347605754321,0.0,0.0,0.0,39.960157047368135
298,2018-03-27 04:00:00,57.2226176085409,32.635542047376646,52.67401798636882,57.2226176085409,57.2226176085409,0.0,0.0,0.0,0.0,0.0,0.0,0.0,0.0,0.0,0.0,0.0,0.0,0.0,0.0,0.0,0.0,0.0,0.0,0.0,0.0,0.0,0.0,0.0,0.0,0.0,0.0,0.0,0.0,0.0,0.0,-13.857312150105972,-13.857312150105972,-13.857312150105972,-6.422853594073021,-6.422853594073021,-6.422853594073021,-3.312322134442084,-3.312322134442084,-3.312322134442084,-6.02157471868104,-6.02157471868104,-6.02157471868104,-2.7127239515252772,-2.7127239515252772,-2.7127239515252772,0.0,0.0,0.0,-0.6554142766066009,-0.6554142766066009,-0.6554142766066009,1.6918111046734297,1.6918111046734297,1.6918111046734297,0.6047902447775496,0.6047902447775496,0.6047902447775496,-0.25845768003814,-0.25845768003814,-0.25845768003814,5.745477653507097,5.745477653507097,5.745477653507097,-1.3792580255199172,-1.3792580255199172,-1.3792580255199172,-7.158361490859009,-7.158361490859009,-7.158361490859009,0.0,0.0,0.0,43.36530545843493
299,2018-03-27 05:00:00,57.22234605651884,38.84459324280534,58.84404091673131,57.22234605651884,57.22234605651884,0.0,0.0,0.0,0.0,0.0,0.0,0.0,0.0,0.0,0.0,0.0,0.0,0.0,0.0,0.0,0.0,0.0,0.0,0.0,0.0,0.0,0.0,0.0,0.0,0.0,0.0,0.0,0.0,0.0,0.0,-8.577293701022613,-8.577293701022613,-8.577293701022613,-3.5045084135590234,-3.5045084135590234,-3.5045084135590234,-3.312322134442084,-3.312322134442084,-3.312322134442084,-3.6722793548453407,-3.6722793548453407,-3.6722793548453407,-2.2146753291780716,-2.2146753291780716,-2.2146753291780716,0.0,0.0,0.0,-0.5734730347030819,-0.5734730347030819,-0.5734730347030819,2.8382079275152954,2.8382079275152954,2.8382079275152954,0.6015736992996016,0.6015736992996016,0.6015736992996016,0.2649632877173341,0.2649632877173341,0.2649632877173341,5.761887105492257,5.761887105492257,5.761887105492257,-1.2765537710543338,-1.2765537710543338,-1.2765537710543338,-7.162393038110507,-7.162393038110507,-7.162393038110507,0.0,0.0,0.0,48.645052355496226
300,2018-03-27 06:00:00,57.222074504496774,43.24274366917172,62.74027020880241,57.222074504496774,57.222074504496774,0.0,0.0,0.0,0.0,0.0,0.0,0.0,0.0,0.0,0.0,0.0,0.0,0.0,0.0,0.0,0.0,0.0,0.0,0.0,0.0,0.0,0.0,0.0,0.0,0.0,0.0,0.0,0.0,0.0,0.0,-3.903657123678976,-3.903657123678976,-3.903657123678976,-0.3594064480422088,-0.3594064480422088,-0.3594064480422088,-3.312322134442084,-3.312322134442084,-3.312322134442084,-2.1339809799685523,-2.1339809799685523,-2.1339809799685523,-1.6091616700264855,-1.6091616700264855,-1.6091616700264855,0.0,0.0,0.0,-0.4915317927995628,-0.4915317927995628,-0.4915317927995628,3.4023946440449024,3.4023946440449024,3.4023946440449024,0.5257551273193983,0.5257551273193983,0.5257551273193983,0.5587970800854792,0.5587970800854792,0.5587970800854792,5.75617240639636,5.75617240639636,5.75617240639636,-1.2079122341502,-1.2079122341502,-1.2079122341502,-7.166442102064576,-7.166442102064576,-7.166442102064576,0.0,0.0,0.0,53.3184173808178
301,2018-03-27 07:00:00,57.22180295247471,46.640919842053805,66.09855206516205,57.22180295247471,57.22180295247471,0.0,0.0,0.0,0.0,0.0,0.0,0.0,0.0,0.0,0.0,0.0,0.0,0.0,0.0,0.0,0.0,0.0,0.0,0.0,0.0,0.0,0.0,0.0,0.0,0.0,0.0,0.0,0.0,0.0,0.0,-0.885528703092776,-0.885528703092776,-0.885528703092776,2.043473622906321,2.043473622906321,2.043473622906321,-3.312322134442084,-3.312322134442084,-3.312322134442084,-1.4885357906190375,-1.4885357906190375,-1.4885357906190375,-1.3298616758953032,-1.3298616758953032,-1.3298616758953032,0.0,0.0,0.0,-0.40959055089604385,-0.40959055089604385,-0.40959055089604385,3.7186232102313914,3.7186232102313914,3.7186232102313914,0.016621928809911566,0.016621928809911566,0.016621928809911566,0.8041759659491854,0.8041759659491854,0.8041759659491854,5.73004200051929,5.73004200051929,5.73004200051929,-0.9761825343760944,-0.9761825343760944,-0.9761825343760944,-7.170508535899349,-7.170508535899349,-7.170508535899349,0.0,0.0,0.0,56.33627424938194
302,2018-03-27 08:00:00,57.22153140045265,45.87185229859197,65.70340360541019,57.22153140045265,57.22153140045265,0.0,0.0,0.0,0.0,0.0,0.0,0.0,0.0,0.0,0.0,0.0,0.0,0.0,0.0,0.0,0.0,0.0,0.0,0.0,0.0,0.0,0.0,0.0,0.0,0.0,0.0,0.0,0.0,0.0,0.0,-0.9890436121236874,-0.9890436121236874,-0.9890436121236874,3.366999028803198,3.366999028803198,3.366999028803198,-3.312322134442084,-3.312322134442084,-3.312322134442084,-2.8667509389359336,-2.8667509389359336,-2.8667509389359336,-1.2731288645874073,-1.2731288645874073,-1.2731288645874073,0.0,0.0,0.0,-0.3276493089925248,-0.3276493089925248,-0.3276493089925248,3.0107955387673337,3.0107955387673337,3.0107955387673337,-0.9501797405618934,-0.9501797405618934,-0.9501797405618934,0.8731465988844734,0.8731465988844734,0.8731465988844734,5.685300489432461,5.685300489432461,5.685300489432461,-0.8874130280038313,-0.8874130280038313,-0.8874130280038313,-7.174592191423412,-7.174592191423412,-7.174592191423412,0.0,0.0,0.0,56.23248778832896
303,2018-03-27 09:00:00,57.22125984843059,45.60767988056467,65.4065506383497,57.22125984843059,57.22125984843059,0.0,0.0,0.0,0.0,0.0,0.0,0.0,0.0,0.0,0.0,0.0,0.0,0.0,0.0,0.0,0.0,0.0,0.0,0.0,0.0,0.0,0.0,0.0,0.0,0.0,0.0,0.0,0.0,0.0,0.0,-1.759314754339175,-1.759314754339175,-1.759314754339175,3.8959728751842344,3.8959728751842344,3.8959728751842344,-3.312322134442084,-3.312322134442084,-3.312322134442084,-4.10042115404567,-4.10042115404567,-4.10042115404567,-1.4580560091391077,-1.4580560091391077,-1.4580560091391077,0.0,0.0,0.0,-0.2457080670890058,-0.2457080670890058,-0.2457080670890058,2.6383121499259086,2.6383121499259086,2.6383121499259086,-1.5898127841766998,-1.5898127841766998,-1.5898127841766998,0.8645083982820106,0.8645083982820106,0.8645083982820106,5.623826443601343,5.623826443601343,5.623826443601343,-0.997342707406692,-0.997342707406692,-0.997342707406692,-7.178692919079082,-7.178692919079082,-7.178692919079082,0.0,0.0,0.0,55.46194509409142
304,2018-03-27 10:00:00,57.22098829640853,43.08798501959179,64.12991247713471,57.22098829640853,57.22098829640853,0.0,0.0,0.0,0.0,0.0,0.0,0.0,0.0,0.0,0.0,0.0,0.0,0.0,0.0,0.0,0.0,0.0,0.0,0.0,0.0,0.0,0.0,0.0,0.0,0.0,0.0,0.0,0.0,0.0,0.0,-3.535834062878284,-3.535834062878284,-3.535834062878284,3.992022623251542,3.992022623251542,3.992022623251542,-3.312322134442084,-3.312322134442084,-3.312322134442084,-5.892596103140904,-5.892596103140904,-5.892596103140904,-2.1901274781313855,-2.1901274781313855,-2.1901274781313855,0.0,0.0,0.0,-0.16376682518548677,-0.16376682518548677,-0.16376682518548677,1.9577926447991982,1.9577926447991982,1.9577926447991982,-1.8158899806267605,-1.8158899806267605,-1.8158899806267605,0.7771815890664894,0.7771815890664894,0.7771815890664894,5.547549984961216,5.547549984961216,5.547549984961216,-1.1454639186208755,-1.1454639186208755,-1.1454639186208755,-7.182810567950137,-7.182810567950137,-7.182810567950137,0.0,0.0,0.0,53.68515423353024
305,2018-03-27 11:00:00,57.220716744386465,42.51271646148018,62.38742195428595,57.220716744386465,57.220716744386465,0.0,0.0,0.0,0.0,0.0,0.0,0.0,0.0,0.0,0.0,0.0,0.0,0.0,0.0,0.0,0.0,0.0,0.0,0.0,0.0,0.0,0.0,0.0,0.0,0.0,0.0,0.0,0.0,0.0,0.0,-4.58544444911927,-4.58544444911927,-4.58544444911927,3.6430437626267773,3.6430437626267773,3.6430437626267773,-3.312322134442084,-3.312322134442084,-3.312322134442084,-6.4999736294375925,-6.4999736294375925,-6.4999736294375925,-2.5294333303766887,-2.5294333303766887,-2.5294333303766887,0.0,0.0,0.0,-0.08182558328196776,-0.08182558328196776,-0.08182558328196776,1.9140995786594417,1.9140995786594417,1.9140995786594417,-1.9280095658580916,-1.9280095658580916,-1.9280095658580916,0.7006525306040463,0.7006525306040463,0.7006525306040463,5.458430403454498,5.458430403454498,5.458430403454498,-1.2631351247422475,-1.2631351247422475,-1.2631351247422475,-7.186944985762952,-7.186944985762952,-7.186944985762952,0.0,0.0,0.0,52.63527229526719
306,2018-03-27 12:00:00,57.220445192364394,41.151190398745086,60.24051079198649,57.220445192364394,57.220445192364394,0.0,0.0,0.0,0.0,0.0,0.0,0.0,0.0,0.0,0.0,0.0,0.0,0.0,0.0,0.0,0.0,0.0,0.0,0.0,0.0,0.0,0.0,0.0,0.0,0.0,0.0,0.0,0.0,0.0,0.0,-6.3272610898908495,-6.3272610898908495,-6.3272610898908495,2.6113046080215225,2.6113046080215225,2.6113046080215225,-3.312322134442084,-3.312322134442084,-3.312322134442084,-7.105903745859916,-7.105903745859916,-7.105903745859916,-2.741090357179225,-2.741090357179225,-2.741090357179225,0.0,0.0,0.0,0.00011565862155124635,0.00011565862155124635,0.00011565862155124635,1.7453351106946315,1.7453351106946315,1.7453351106946315,-1.9799338000021096,-1.9799338000021096,-1.9799338000021096,0.570539634029452,0.570539634029452,0.570539634029452,5.358434066846938,5.358434066846938,5.358434066846938,-1.388547857582131,-1.388547857582131,-1.388547857582131,-7.191096018899395,-7.191096018899395,-7.191096018899395,0.0,0.0,0.0,50.89318410247355
307,2018-03-27 13:00:00,57.22017364034234,39.21285104252341,59.14925002859991,57.22017364034234,57.22017364034234,0.0,0.0,0.0,0.0,0.0,0.0,0.0,0.0,0.0,0.0,0.0,0.0,0.0,0.0,0.0,0.0,0.0,0.0,0.0,0.0,0.0,0.0,0.0,0.0,0.0,0.0,0.0,0.0,0.0,0.0,-7.988188171310337,-7.988188171310337,-7.988188171310337,1.014800824334161,1.014800824334161,1.014800824334161,-3.312322134442084,-3.312322134442084,-3.312322134442084,-7.057238359262385,-7.057238359262385,-7.057238359262385,-2.7312712167605513,-2.7312712167605513,-2.7312712167605513,0.0,0.0,0.0,0.08205690052507025,0.08205690052507025,0.08205690052507025,1.7852050335471594,1.7852050335471594,1.7852050335471594,-1.9156028904431492,-1.9156028904431492,-1.9156028904431492,0.4516294038611764,0.4516294038611764,0.4516294038611764,5.249512876011003,5.249512876011003,5.249512876011003,-1.4169334555500057,-1.4169334555500057,-1.4169334555500057,-7.195263512393118,-7.195263512393118,-7.195263512393118,0.0,0.0,0.0,49.231985469032004
308,2018-03-27 14:00:00,57.219902088320275,37.20055291918769,57.10048631535683,57.219902088320275,57.219902088320275,0.0,0.0,0.0,0.0,0.0,0.0,0.0,0.0,0.0,0.0,0.0,0.0,0.0,0.0,0.0,0.0,0.0,0.0,0.0,0.0,0.0,0.0,0.0,0.0,0.0,0.0,0.0,0.0,0.0,0.0,-9.478619224814487,-9.478619224814487,-9.478619224814487,-0.3418602349994132,-0.3418602349994132,-0.3418602349994132,-3.312322134442084,-3.312322134442084,-3.312322134442084,-7.070895187544198,-7.070895187544198,-7.070895187544198,-2.7258161387501767,-2.7258161387501767,-2.7258161387501767,0.0,0.0,0.0,0.16399814242858923,0.16399814242858923,0.16399814242858923,1.7076498411490912,1.7076498411490912,1.7076498411490912,-1.7855625518346794,-1.7855625518346794,-1.7855625518346794,0.3579589160782215,0.3579589160782215,0.3579589160782215,5.133583507669571,5.133583507669571,5.133583507669571,-1.47680126217316,-1.47680126217316,-1.47680126217316,-7.199447309940445,-7.199447309940445,-7.199447309940445,0.0,0.0,0.0,47.74128286350579
309,2018-03-27 15:00:00,57.21963053629821,37.33330043472225,57.1267444558064,57.21963053629821,57.21963053629821,0.0,0.0,0.0,0.0,0.0,0.0,0.0,0.0,0.0,0.0,0.0,0.0,0.0,0.0,0.0,0.0,0.0,0.0,0.0,0.0,0.0,0.0,0.0,0.0,0.0,0.0,0.0,0.0,0.0,0.0,-9.557492556904405,-9.557492556904405,-9.557492556904405,-0.3786366476433141,-0.3786366476433141,-0.3786366476433141,-3.312322134442084,-3.312322134442084,-3.312322134442084,-6.987716329016642,-6.987716329016642,-6.987716329016642,-2.714360474928389,-2.714360474928389,-2.714360474928389,0.0,0.0,0.0,0.24593938433210827,0.24593938433210827,0.24593938433210827,1.6098866056613859,1.6098866056613859,1.6098866056613859,-1.5493762124539248,-1.5493762124539248,-1.5493762124539248,0.29344235532857826,0.29344235532857826,0.29344235532857826,5.012507673661965,5.012507673661965,5.012507673661965,-1.5609258525143164,-1.5609258525143164,-1.5609258525143164,-7.203647253906413,-7.203647253906413,-7.203647253906413,0.0,0.0,0.0,47.662137979393805
310,2018-03-27 16:00:00,57.21935898427615,38.97998690805063,59.2283825320317,57.21935898427615,57.21935898427615,0.0,0.0,0.0,0.0,0.0,0.0,0.0,0.0,0.0,0.0,0.0,0.0,0.0,0.0,0.0,0.0,0.0,0.0,0.0,0.0,0.0,0.0,0.0,0.0,0.0,0.0,0.0,0.0,0.0,0.0,-7.675975714371613,-7.675975714371613,-7.675975714371613,1.360192475150919,1.360192475150919,1.360192475150919,-3.312322134442084,-3.312322134442084,-3.312322134442084,-6.716378614687134,-6.716378614687134,-6.716378614687134,-2.684357545871329,-2.684357545871329,-2.684357545871329,0.0,0.0,0.0,0.3278806262356273,0.3278806262356273,0.3278806262356273,1.426375727874408,1.426375727874408,1.426375727874408,-1.218991041218978,-1.218991041218978,-1.218991041218978,0.20274124900271998,0.20274124900271998,0.20274124900271998,4.888073610492568,4.888073610492568,4.888073610492568,-1.4577054962674987,-1.4577054962674987,-1.4577054962674987,-7.207863185327965,-7.207863185327965,-7.207863185327965,0.0,0.0,0.0,49.54338326990454
311,2018-03-27 17:00:00,57.219087432254085,44.29227344363055,63.15091183953288,57.219087432254085,57.219087432254085,0.0,0.0,0.0,0.0,0.0,0.0,0.0,0.0,0.0,0.0,0.0,0.0,0.0,0.0,0.0,0.0,0.0,0.0,0.0,0.0,0.0,0.0,0.0,0.0,0.0,0.0,0.0,0.0,0.0,0.0,-3.2576065762421127,-3.2576065762421127,-3.2576065762421127,4.131970234935933,4.131970234935933,4.131970234935933,-3.312322134442084,-3.312322134442084,-3.312322134442084,-4.939460861371423,-4.939460861371423,-4.939460861371423,-2.444879621215882,-2.444879621215882,-2.444879621215882,0.0,0.0,0.0,0.4098218681391463,0.4098218681391463,0.4098218681391463,1.8234364664194465,1.8234364664194465,1.8234364664194465,-0.5899266470317152,-0.5899266470317152,-0.5899266470317152,0.19342818897818986,0.19342818897818986,0.19342818897818986,4.761978994114042,4.761978994114042,4.761978994114042,-1.0190189822185236,-1.0190189822185236,-1.0190189822185236,-7.212094943920666,-7.212094943920666,-7.212094943920666,0.0,0.0,0.0,53.961480856011974
312,2018-03-27 18:00:00,57.09275489242468,48.15664189589564,68.39197886242495,57.09275489242468,57.09275489242468,0.0,0.0,0.0,0.0,0.0,0.0,0.0,0.0,0.0,0.0,0.0,0.0,0.0,0.0,0.0,0.0,0.0,0.0,0.0,0.0,0.0,0.0,0.0,0.0,0.0,0.0,0.0,0.0,0.0,0.0,1.4691530280290956,1.4691530280290956,1.4691530280290956,6.409555343959211,6.409555343959211,6.409555343959211,-2.9557415537290948,-2.9557415537290948,-2.9557415537290948,-2.083688472151942,-2.083688472151942,-2.083688472151942,-2.145528038999111,-2.145528038999111,-2.145528038999111,0.0,0.0,0.0,0.37825174389316735,0.37825174389316735,0.37825174389316735,2.7702832558434913,2.7702832558434913,2.7702832558434913,0.11907581677568334,0.11907581677568334,0.11907581677568334,0.4285756193678958,0.4285756193678958,0.4285756193678958,4.302067384794725,4.302067384794725,4.302067384794725,-0.6786053153039736,-0.6786053153039736,-0.6786053153039736,-7.158781228572898,-7.158781228572898,-7.158781228572898,0.0,0.0,0.0,58.56190792045378
313,2018-03-27 19:00:00,57.092454146126286,50.01674232462672,69.20157869199056,57.092454146126286,57.092454146126286,0.0,0.0,0.0,0.0,0.0,0.0,0.0,0.0,0.0,0.0,0.0,0.0,0.0,0.0,0.0,0.0,0.0,0.0,0.0,0.0,0.0,0.0,0.0,0.0,0.0,0.0,0.0,0.0,0.0,0.0,2.5775884743286257,2.5775884743286257,2.5775884743286257,6.7215173315646375,6.7215173315646375,6.7215173315646375,-2.9557415537290948,-2.9557415537290948,-2.9557415537290948,-1.1653093217841153,-1.1653093217841153,-1.1653093217841153,-1.8694808272230254,-1.8694808272230254,-1.8694808272230254,0.0,0.0,0.0,0.44127888680426897,0.44127888680426897,0.44127888680426897,3.044797789133074,3.044797789133074,3.044797789133074,0.30319195790947256,0.30319195790947256,0.30319195790947256,0.700228645828261,0.700228645828261,0.700228645828261,4.184292461489274,4.184292461489274,4.184292461489274,-0.829584220507071,-0.829584220507071,-0.829584220507071,-7.162911996941169,-7.162911996941169,-7.162911996941169,0.0,0.0,0.0,59.670042620454915
314,2018-03-27 20:00:00,57.0921533998279,46.43439484333332,65.99824109845494,57.0921533998279,57.0921533998279,0.0,0.0,0.0,0.0,0.0,0.0,0.0,0.0,0.0,0.0,0.0,0.0,0.0,0.0,0.0,0.0,0.0,0.0,0.0,0.0,0.0,0.0,0.0,0.0,0.0,0.0,0.0,0.0,0.0,0.0,-0.7075429849373022,-0.7075429849373022,-0.7075429849373022,4.925315828297782,4.925315828297782,4.925315828297782,-2.9557415537290948,-2.9557415537290948,-2.9557415537290948,-2.535604636426882,-2.535604636426882,-2.535604636426882,-2.101210981789411,-2.101210981789411,-2.101210981789411,0.0,0.0,0.0,0.5043060297153706,0.5043060297153706,0.5043060297153706,2.2766184648857557,2.2766184648857557,2.2766184648857557,0.32092166038902264,0.32092166038902264,0.32092166038902264,0.400585486726136,0.400585486726136,0.400585486726136,4.069805170842421,4.069805170842421,4.069805170842421,-0.981083742624662,-0.981083742624662,-0.981083742624662,-7.167059347650621,-7.167059347650621,-7.167059347650621,0.0,0.0,0.0,56.384610414890595
315,2018-03-27 21:00:00,57.091852653529514,42.55038312588535,63.5922456598421,57.091852653529514,57.091852653529514,0.0,0.0,0.0,0.0,0.0,0.0,0.0,0.0,0.0,0.0,0.0,0.0,0.0,0.0,0.0,0.0,0.0,0.0,0.0,0.0,0.0,0.0,0.0,0.0,0.0,0.0,0.0,0.0,0.0,0.0,-4.7814126070095835,-4.7814126070095835,-4.7814126070095835,1.9040739380729914,1.9040739380729914,1.9040739380729914,-2.9557415537290948,-2.9557415537290948,-2.9557415537290948,-3.4739711416321755,-3.4739711416321755,-3.4739711416321755,-2.430652238396461,-2.430652238396461,-2.430652238396461,0.0,0.0,0.0,0.5673331726264723,0.5673331726264723,0.5673331726264723,1.9859560178732572,1.9859560178732572,1.9859560178732572,0.323649306924338,0.323649306924338,0.323649306924338,0.11392325870424731,0.11392325870424731,0.11392325870424731,3.9597077168747505,3.9597077168747505,3.9597077168747505,-1.0784391056349352,-1.0784391056349352,-1.0784391056349352,-7.17122312032515,-7.17122312032515,-7.17122312032515,0.0,0.0,0.0,52.31044004651993
316,2018-03-27 22:00:00,57.09155190723113,38.52384769736029,58.03400252008387,57.09155190723113,57.09155190723113,0.0,0.0,0.0,0.0,0.0,0.0,0.0,0.0,0.0,0.0,0.0,0.0,0.0,0.0,0.0,0.0,0.0,0.0,0.0,0.0,0.0,0.0,0.0,0.0,0.0,0.0,0.0,0.0,0.0,0.0,-8.849115533679935,-8.849115533679935,-8.849115533679935,-1.175925286045541,-1.175925286045541,-1.175925286045541,-2.9557415537290948,-2.9557415537290948,-2.9557415537290948,-4.352741732053549,-4.352741732053549,-4.352741732053549,-2.605784705442024,-2.605784705442024,-2.605784705442024,0.0,0.0,0.0,0.6303603155375741,0.6303603155375741,0.6303603155375741,1.4871008260760128,1.4871008260760128,1.4871008260760128,0.32455852243610983,0.32455852243610983,0.32455852243610983,-0.14542492683631042,-0.14542492683631042,-0.14542492683631042,3.8549546376724275,3.8549546376724275,3.8549546376724275,-1.087810210095817,-1.087810210095817,-1.087810210095817,-7.1754031532532725,-7.1754031532532725,-7.1754031532532725,0.0,0.0,0.0,48.24243637355119
317,2018-03-27 23:00:00,57.091251160932735,35.00941745127025,56.23045836302038,57.091251160932735,57.091251160932735,0.0,0.0,0.0,0.0,0.0,0.0,0.0,0.0,0.0,0.0,0.0,0.0,0.0,0.0,0.0,0.0,0.0,0.0,0.0,0.0,0.0,0.0,0.0,0.0,0.0,0.0,0.0,0.0,0.0,0.0,-12.010990403853812,-12.010990403853812,-12.010990403853812,-3.6909795837632076,-3.6909795837632076,-3.6909795837632076,-2.9557415537290948,-2.9557415537290948,-2.9557415537290948,-4.896759638137416,-4.896759638137416,-4.896759638137416,-2.6858757726884703,-2.6858757726884703,-2.6858757726884703,0.0,0.0,0.0,0.6933874584486758,0.6933874584486758,0.6933874584486758,1.2702574132254185,1.2702574132254185,1.2702574132254185,0.3250131301919957,0.3250131301919957,0.3250131301919957,-0.3961191583233772,-0.3961191583233772,-0.3961191583233772,3.7563481014398508,3.7563481014398508,3.7563481014398508,-1.1476811552625625,-1.1476811552625625,-1.1476811552625625,-7.179599283393041,-7.179599283393041,-7.179599283393041,0.0,0.0,0.0,45.080260757078925
318,2018-03-28 00:00:00,57.09095041463435,32.86389063495537,52.80260821536458,57.09095041463435,57.09095041463435,0.0,0.0,0.0,0.0,0.0,0.0,0.0,0.0,0.0,0.0,0.0,0.0,0.0,0.0,0.0,0.0,0.0,0.0,0.0,0.0,0.0,0.0,0.0,0.0,0.0,0.0,0.0,0.0,0.0,0.0,-14.127748404538625,-14.127748404538625,-14.127748404538625,-5.6897344639135605,-5.6897344639135605,-5.6897344639135605,-1.7742697089721529,-1.7742697089721529,-1.7742697089721529,-4.918737877045884,-4.918737877045884,-4.918737877045884,-2.692283058068187,-2.692283058068187,-2.692283058068187,0.0,0.0,0.0,8.888642655723501e-05,8.888642655723501e-05,8.888642655723501e-05,1.0199647505202114,1.0199647505202114,1.0199647505202114,0.3263769534596534,0.3263769534596534,0.3263769534596534,-0.5796100278638031,-0.5796100278638031,-0.5796100278638031,3.6645352828031177,3.6645352828031177,3.6645352828031177,-1.2190056725481637,-1.2190056725481637,-1.2190056725481637,-7.183811346382299,-7.183811346382299,-7.183811346382299,0.0,0.0,0.0,42.96320201009573
319,2018-03-28 01:00:00,57.09064966833596,30.071754777293364,50.099689821805434,57.09064966833596,57.09064966833596,0.0,0.0,0.0,0.0,0.0,0.0,0.0,0.0,0.0,0.0,0.0,0.0,0.0,0.0,0.0,0.0,0.0,0.0,0.0,0.0,0.0,0.0,0.0,0.0,0.0,0.0,0.0,0.0,0.0,0.0,-16.99588831678798,-16.99588831678798,-16.99588831678798,-7.347188880910889,-7.347188880910889,-7.347188880910889,-1.7742697089721529,-1.7742697089721529,-1.7742697089721529,-6.040668063556624,-6.040668063556624,-6.040668063556624,-2.8129535993861663,-2.8129535993861663,-2.8129535993861663,0.0,0.0,0.0,-0.6932096855955613,-0.6932096855955613,-0.6932096855955613,0.9432621603363576,0.9432621603363576,0.9432621603363576,0.3413790094038881,0.3413790094038881,0.3413790094038881,-0.6702061093612867,-0.6702061093612867,-0.6702061093612867,3.5800078042206764,3.5800078042206764,3.5800078042206764,-1.3746701299817021,-1.3746701299817021,-1.3746701299817021,-7.188039176541144,-7.188039176541144,-7.188039176541144,0.0,0.0,0.0,40.09476135154799
320,2018-03-28 02:00:00,57.09034892203758,29.248479586764706,48.52540060819939,57.09034892203758,57.09034892203758,0.0,0.0,0.0,0.0,0.0,0.0,0.0,0.0,0.0,0.0,0.0,0.0,0.0,0.0,0.0,0.0,0.0,0.0,0.0,0.0,0.0,0.0,0.0,0.0,0.0,0.0,0.0,0.0,0.0,0.0,-18.09369931147391,-18.09369931147391,-18.09369931147391,-8.412417996560615,-8.412417996560615,-8.412417996560615,-1.7742697089721529,-1.7742697089721529,-1.7742697089721529,-5.99210190914226,-5.99210190914226,-5.99210190914226,-2.8081481353513786,-2.8081481353513786,-2.8081481353513786,0.0,0.0,0.0,-0.6301825426844595,-0.6301825426844595,-0.6301825426844595,0.9311512250441699,0.9311512250441699,0.9311512250441699,0.3727469445600151,0.3727469445600151,0.3727469445600151,-0.7118532632437121,-0.7118532632437121,-0.7118532632437121,3.5031032011094467,3.5031032011094467,3.5031032011094467,-1.3715464284947416,-1.3715464284947416,-1.3715464284947416,-7.1922826068804815,-7.1922826068804815,-7.1922826068804815,0.0,0.0,0.0,38.996649610563665
321,2018-03-28 03:00:00,57.09004817573919,29.252090850508566,48.59966758597712,57.09004817573919,57.09004817573919,0.0,0.0,0.0,0.0,0.0,0.0,0.0,0.0,0.0,0.0,0.0,0.0,0.0,0.0,0.0,0.0,0.0,0.0,0.0,0.0,0.0,0.0,0.0,0.0,0.0,0.0,0.0,0.0,0.0,0.0,-17.63044736179627,-17.63044736179627,-17.63044736179627,-8.265018469265097,-8.265018469265097,-8.265018469265097,-1.7742697089721529,-1.7742697089721529,-1.7742697089721529,-5.602895767379495,-5.602895767379495,-5.602895767379495,-2.7675686612798462,-2.7675686612798462,-2.7675686612798462,0.0,0.0,0.0,-0.5671553997733579,-0.5671553997733579,-0.5671553997733579,0.9715210093514615,0.9715210093514615,0.9715210093514615,0.47503368963434245,0.47503368963434245,0.47503368963434245,-0.6449203373612427,-0.6449203373612427,-0.6449203373612427,3.434008343953205,3.434008343953205,3.434008343953205,-1.2955363589786995,-1.2955363589786995,-1.2955363589786995,-7.196541469104886,-7.196541469104886,-7.196541469104886,0.0,0.0,0.0,39.45960081394292
322,2018-03-28 04:00:00,57.0897474294408,32.263721140783545,52.01033766838338,57.0897474294408,57.0897474294408,0.0,0.0,0.0,0.0,0.0,0.0,0.0,0.0,0.0,0.0,0.0,0.0,0.0,0.0,0.0,0.0,0.0,0.0,0.0,0.0,0.0,0.0,0.0,0.0,0.0,0.0,0.0,0.0,0.0,0.0,-14.839035255743326,-14.839035255743326,-14.839035255743326,-6.525891636117876,-6.525891636117876,-6.525891636117876,-1.7742697089721529,-1.7742697089721529,-1.7742697089721529,-4.48509275259256,-4.48509275259256,-4.48509275259256,-2.705097628827618,-2.705097628827618,-2.705097628827618,0.0,0.0,0.0,-0.5041282568622562,-0.5041282568622562,-0.5041282568622562,1.5395815456754915,1.5395815456754915,1.5395815456754915,0.5377695599465966,0.5377695599465966,0.5377695599465966,-0.3406797651682006,-0.3406797651682006,-0.3406797651682006,3.3727647265912997,3.3727647265912997,3.3727647265912997,-1.238268498384421,-1.238268498384421,-1.238268498384421,-7.200815593624191,-7.200815593624191,-7.200815593624191,0.0,0.0,0.0,42.25071217369747
323,2018-03-28 05:00:00,57.08944668314241,36.90571322579344,56.68428549209244,57.08944668314241,57.08944668314241,0.0,0.0,0.0,0.0,0.0,0.0,0.0,0.0,0.0,0.0,0.0,0.0,0.0,0.0,0.0,0.0,0.0,0.0,0.0,0.0,0.0,0.0,0.0,0.0,0.0,0.0,0.0,0.0,0.0,0.0,-10.205040676164826,-10.205040676164826,-10.205040676164826,-3.5778703540398764,-3.5778703540398764,-3.5778703540398764,-1.7742697089721529,-1.7742697089721529,-1.7742697089721529,-2.7413410192748837,-2.7413410192748837,-2.7413410192748837,-2.2469767241779435,-2.2469767241779435,-2.2469767241779435,0.0,0.0,0.0,-0.44110111395115453,-0.44110111395115453,-0.44110111395115453,2.252973305505771,2.252973305505771,2.252973305505771,0.5527716158908312,0.5527716158908312,0.5527716158908312,0.12541679143154,0.12541679143154,0.12541679143154,3.3192755067050275,3.3192755067050275,3.3192755067050275,-1.2101551850017753,-1.2101551850017753,-1.2101551850017753,-7.205104809555092,-7.205104809555092,-7.205104809555092,0.0,0.0,0.0,46.884406006977585
324,2018-03-28 06:00:00,57.08914593684403,41.10692711681712,61.23767098298867,57.08914593684403,57.08914593684403,0.0,0.0,0.0,0.0,0.0,0.0,0.0,0.0,0.0,0.0,0.0,0.0,0.0,0.0,0.0,0.0,0.0,0.0,0.0,0.0,0.0,0.0,0.0,0.0,0.0,0.0,0.0,0.0,0.0,0.0,-5.804602877092339,-5.804602877092339,-5.804602877092339,-0.43446913599949827,-0.43446913599949827,-0.43446913599949827,-1.7742697089721529,-1.7742697089721529,-1.7742697089721529,-1.4340389600086194,-1.4340389600086194,-1.4340389600086194,-1.9388930855032789,-1.9388930855032789,-1.9388930855032789,0.0,0.0,0.0,-0.3780739710400528,-0.3780739710400528,-0.3780739710400528,2.886202207925857,2.886202207925857,2.886202207925857,0.45821320266656423,0.45821320266656423,0.45821320266656423,0.39382458512184615,0.39382458512184615,0.39382458512184615,3.273314163649,3.273314163649,3.273314163649,-1.0810421902074023,-1.0810421902074023,-1.0810421902074023,-7.209408944733222,-7.209408944733222,-7.209408944733222,0.0,0.0,0.0,51.284543059751684
325,2018-03-28 07:00:00,57.08884519054564,43.87991590150159,63.732706567689036,57.08884519054564,57.08884519054564,0.0,0.0,0.0,0.0,0.0,0.0,0.0,0.0,0.0,0.0,0.0,0.0,0.0,0.0,0.0,0.0,0.0,0.0,0.0,0.0,0.0,0.0,0.0,0.0,0.0,0.0,0.0,0.0,0.0,0.0,-2.6621912660891214,-2.6621912660891214,-2.6621912660891214,1.9474019368467779,1.9474019368467779,1.9474019368467779,-1.7742697089721529,-1.7742697089721529,-1.7742697089721529,-0.630399996738879,-0.630399996738879,-0.630399996738879,-1.7952631049079848,-1.7952631049079848,-1.7952631049079848,0.0,0.0,0.0,-0.31504682812895113,-0.31504682812895113,-0.31504682812895113,3.356221839503608,3.356221839503608,3.356221839503608,-0.09458982849068934,-0.09458982849068934,-0.09458982849068934,0.6154469397104666,0.6154469397104666,0.6154469397104666,3.2345346195153923,3.2345346195153923,3.2345346195153923,-0.6228993054531756,-0.6228993054531756,-0.6228993054531756,-7.213727825712412,-7.213727825712412,-7.213727825712412,0.0,0.0,0.0,54.42665392445652
326,2018-03-28 08:00:00,57.08854444424725,44.065034868471294,64.54517934011668,57.08854444424725,57.08854444424725,0.0,0.0,0.0,0.0,0.0,0.0,0.0,0.0,0.0,0.0,0.0,0.0,0.0,0.0,0.0,0.0,0.0,0.0,0.0,0.0,0.0,0.0,0.0,0.0,0.0,0.0,0.0,0.0,0.0,0.0,-2.329662926244526,-2.329662926244526,-2.329662926244526,3.2601735497909052,3.2601735497909052,3.2601735497909052,-1.7742697089721529,-1.7742697089721529,-1.7742697089721529,-1.5742578506849272,-1.5742578506849272,-1.5742578506849272,-1.6430900771397365,-1.6430900771397365,-1.6430900771397365,0.0,0.0,0.0,-0.25201968521784945,-0.25201968521784945,-0.25201968521784945,2.7743202342742204,2.7743202342742204,2.7743202342742204,-1.0647227795511987,-1.0647227795511987,-1.0647227795511987,0.6408679297425964,0.6408679297425964,0.6408679297425964,3.2024826524273324,3.2024826524273324,3.2024826524273324,-0.25534376382080726,-0.25534376382080726,-0.25534376382080726,-7.218061277777837,-7.218061277777837,-7.218061277777837,0.0,0.0,0.0,54.758881518002724
327,2018-03-28 09:00:00,57.08824369794886,43.67940182909778,62.41392060113314,57.08824369794886,57.08824369794886,0.0,0.0,0.0,0.0,0.0,0.0,0.0,0.0,0.0,0.0,0.0,0.0,0.0,0.0,0.0,0.0,0.0,0.0,0.0,0.0,0.0,0.0,0.0,0.0,0.0,0.0,0.0,0.0,0.0,0.0,-3.1972352361483143,-3.1972352361483143,-3.1972352361483143,3.804717614056911,3.804717614056911,3.804717614056911,-1.7742697089721529,-1.7742697089721529,-1.7742697089721529,-2.956152141395313,-2.956152141395313,-2.956152141395313,-2.0691745548908322,-2.0691745548908322,-2.0691745548908322,0.0,0.0,0.0,-0.1889925423067478,-0.1889925423067478,-0.1889925423067478,2.464049606312466,2.464049606312466,2.464049606312466,-1.6611681552734985,-1.6611681552734985,-1.6611681552734985,0.6219374052505848,0.6219374052505848,0.6219374052505848,3.1766084161403483,3.1766084161403483,3.1766084161403483,-0.34853419151513293,-0.34853419151513293,-0.34853419151513293,-7.22240912495026,-7.22240912495026,-7.22240912495026,0.0,0.0,0.0,53.891008461800546
328,2018-03-28 10:00:00,57.087942951650476,43.38512952262922,62.667822860662305,57.087942951650476,57.087942951650476,0.0,0.0,0.0,0.0,0.0,0.0,0.0,0.0,0.0,0.0,0.0,0.0,0.0,0.0,0.0,0.0,0.0,0.0,0.0,0.0,0.0,0.0,0.0,0.0,0.0,0.0,0.0,0.0,0.0,0.0,-4.065358171260924,-4.065358171260924,-4.065358171260924,3.9328132925739894,3.9328132925739894,3.9328132925739894,-1.7742697089721529,-1.7742697089721529,-1.7742697089721529,-3.9276801424773695,-3.9276801424773695,-3.9276801424773695,-2.377258193565497,-2.377258193565497,-2.377258193565497,0.0,0.0,0.0,-0.1259653993956461,-0.1259653993956461,-0.1259653993956461,2.2968033570394017,2.2968033570394017,2.2968033570394017,-1.8043695983775567,-1.8043695983775567,-1.8043695983775567,0.5614949449082338,0.5614949449082338,0.5614949449082338,3.1562798686348343,3.1562798686348343,3.1562798686348343,-0.7041155441141522,-0.7041155441141522,-0.7041155441141522,-7.226771189992379,-7.226771189992379,-7.226771189992379,0.0,0.0,0.0,53.02258478038955
329,2018-03-28 11:00:00,57.08764220535209,41.79595277518515,60.71928150067749,57.08764220535209,57.08764220535209,0.0,0.0,0.0,0.0,0.0,0.0,0.0,0.0,0.0,0.0,0.0,0.0,0.0,0.0,0.0,0.0,0.0,0.0,0.0,0.0,0.0,0.0,0.0,0.0,0.0,0.0,0.0,0.0,0.0,0.0,-5.663871040579853,-5.663871040579853,-5.663871040579853,3.611691163486773,3.611691163486773,3.611691163486773,-1.7742697089721529,-1.7742697089721529,-1.7742697089721529,-5.185211812104765,-5.185211812104765,-5.185211812104765,-2.5214221146091007,-2.5214221146091007,-2.5214221146091007,0.0,0.0,0.0,-0.06293825648454444,-0.06293825648454444,-0.06293825648454444,1.6970237044739285,1.6970237044739285,1.6970237044739285,-1.8689238997133544,-1.8689238997133544,-1.8689238997133544,0.5049738074963709,0.5049738074963709,0.5049738074963709,3.1407969024549502,3.1407969024549502,3.1407969024549502,-1.1596553442959117,-1.1596553442959117,-1.1596553442959117,-7.231147294416812,-7.231147294416812,-7.231147294416812,0.0,0.0,0.0,51.42377116477223
330,2018-03-28 12:00:00,57.08734145905369,40.255017903237,60.31551652456147,57.08734145905369,57.08734145905369,0.0,0.0,0.0,0.0,0.0,0.0,0.0,0.0,0.0,0.0,0.0,0.0,0.0,0.0,0.0,0.0,0.0,0.0,0.0,0.0,0.0,0.0,0.0,0.0,0.0,0.0,0.0,0.0,0.0,0.0,-7.11128356988776,-7.11128356988776,-7.11128356988776,2.5954875520273633,2.5954875520273633,2.5954875520273633,-1.7742697089721529,-1.7742697089721529,-1.7742697089721529,-5.600639826906061,-5.600639826906061,-5.600639826906061,-2.667721797445943,-2.667721797445943,-2.667721797445943,0.0,0.0,0.0,8.888642655723501e-05,8.888642655723501e-05,8.888642655723501e-05,1.5413116792886612,1.5413116792886612,1.5413116792886612,-1.8771068393193007,-1.8771068393193007,-1.8771068393193007,0.37367709834106244,0.37367709834106244,0.37367709834106244,3.1294059634843454,3.1294059634843454,3.1294059634843454,-1.1966191452249457,-1.1966191452249457,-1.1966191452249457,-7.235537258493406,-7.235537258493406,-7.235537258493406,0.0,0.0,0.0,49.97605788916593
331,2018-03-28 13:00:00,57.08704071275531,38.55242677416144,58.56562662452206,57.08704071275531,57.08704071275531,0.0,0.0,0.0,0.0,0.0,0.0,0.0,0.0,0.0,0.0,0.0,0.0,0.0,0.0,0.0,0.0,0.0,0.0,0.0,0.0,0.0,0.0,0.0,0.0,0.0,0.0,0.0,0.0,0.0,0.0,-8.791269419488241,-8.791269419488241,-8.791269419488241,1.012624071911286,1.012624071911286,1.012624071911286,-1.7742697089721529,-1.7742697089721529,-1.7742697089721529,-5.685267531372477,-5.685267531372477,-5.685267531372477,-2.8268360510422164,-2.8268360510422164,-2.8268360510422164,0.0,0.0,0.0,0.06311602933765892,0.06311602933765892,0.06311602933765892,1.5107459854559975,1.5107459854559975,1.5107459854559975,-1.82619077066008,-1.82619077066008,-1.82619077066008,0.24400300557078355,0.24400300557078355,0.24400300557078355,3.12131494122838,3.12131494122838,3.12131494122838,-1.0758360210624678,-1.0758360210624678,-1.0758360210624678,-7.239940901255432,-7.239940901255432,-7.239940901255432,0.0,0.0,0.0,48.295771293267066
332,2018-03-28 14:00:00,57.08673996645692,38.48701388158845,56.99387217930886,57.08673996645692,57.08673996645692,0.0,0.0,0.0,0.0,0.0,0.0,0.0,0.0,0.0,0.0,0.0,0.0,0.0,0.0,0.0,0.0,0.0,0.0,0.0,0.0,0.0,0.0,0.0,0.0,0.0,0.0,0.0,0.0,0.0,0.0,-10.086540862202613,-10.086540862202613,-10.086540862202613,-0.31955621790566796,-0.31955621790566796,-0.31955621790566796,-1.7742697089721529,-1.7742697089721529,-1.7742697089721529,-5.638334716450341,-5.638334716450341,-5.638334716450341,-2.8845016194596584,-2.8845016194596584,-2.8845016194596584,0.0,0.0,0.0,0.1261431722487606,0.1261431722487606,0.1261431722487606,1.5193966535218455,1.5193966535218455,1.5193966535218455,-1.698900599012028,-1.698900599012028,-1.698900599012028,0.16733438137813691,0.16733438137813691,0.16733438137813691,3.1157081126589485,3.1157081126589485,3.1157081126589485,-1.0935369961552448,-1.0935369961552448,-1.0935369961552448,-7.244358040505553,-7.244358040505553,-7.244358040505553,0.0,0.0,0.0,47.00019910425431
333,2018-03-28 15:00:00,57.08643922015854,37.5188843742978,57.10640630280553,57.08643922015854,57.08643922015854,0.0,0.0,0.0,0.0,0.0,0.0,0.0,0.0,0.0,0.0,0.0,0.0,0.0,0.0,0.0,0.0,0.0,0.0,0.0,0.0,0.0,0.0,0.0,0.0,0.0,0.0,0.0,0.0,0.0,0.0,-9.768382046600486,-9.768382046600486,-9.768382046600486,-0.32461237873705984,-0.32461237873705984,-0.32461237873705984,-1.7742697089721529,-1.7742697089721529,-1.7742697089721529,-5.3067420995457315,-5.3067420995457315,-5.3067420995457315,-2.8823658576664193,-2.8823658576664193,-2.8823658576664193,0.0,0.0,0.0,0.18917031515986227,0.18917031515986227,0.18917031515986227,1.6243580927208034,1.6243580927208034,1.6243580927208034,-1.442047216936495,-1.442047216936495,-1.442047216936495,0.11568109312136265,0.11568109312136265,0.11568109312136265,3.111760924510421,3.111760924510421,3.111760924510421,-1.1372688169726939,-1.1372688169726939,-1.1372688169726939,-7.248788492828114,-7.248788492828114,-7.248788492828114,0.0,0.0,0.0,47.31805717355805
334,2018-03-28 16:00:00,57.086138473860146,39.84374773494076,59.70127146976682,57.086138473860146,57.086138473860146,0.0,0.0,0.0,0.0,0.0,0.0,0.0,0.0,0.0,0.0,0.0,0.0,0.0,0.0,0.0,0.0,0.0,0.0,0.0,0.0,0.0,0.0,0.0,0.0,0.0,0.0,0.0,0.0,0.0,0.0,-7.20010735914193,-7.20010735914193,-7.20010735914193,1.434649170238073,1.434649170238073,1.434649170238073,-1.7742697089721529,-1.7742697089721529,-1.7742697089721529,-4.490178859207138,-4.490178859207138,-4.490178859207138,-2.8118857184895467,-2.8118857184895467,-2.8118857184895467,0.0,0.0,0.0,0.25219745807096394,0.25219745807096394,0.25219745807096394,1.9017561820323352,1.9017561820323352,1.9017561820323352,-1.0151705341596355,-1.0151705341596355,-1.0151705341596355,0.02522022965596479,0.02522022965596479,0.02522022965596479,3.1086544034171113,3.1086544034171113,3.1086544034171113,-1.0680267673450665,-1.0680267673450665,-1.0680267673450665,-7.253232073589977,-7.253232073589977,-7.253232073589977,0.0,0.0,0.0,49.886031114718214
335,2018-03-28 17:00:00,57.08583772756175,43.17433333246151,63.906943663957975,57.08583772756175,57.08583772756175,0.0,0.0,0.0,0.0,0.0,0.0,0.0,0.0,0.0,0.0,0.0,0.0,0.0,0.0,0.0,0.0,0.0,0.0,0.0,0.0,0.0,0.0,0.0,0.0,0.0,0.0,0.0,0.0,0.0,0.0,-3.1175734081965447,-3.1175734081965447,-3.1175734081965447,4.203643610745685,4.203643610745685,4.203643610745685,-1.7742697089721529,-1.7742697089721529,-1.7742697089721529,-3.169117413524663,-3.169117413524663,-3.169117413524663,-2.6100562290285017,-2.6100562290285017,-2.6100562290285017,0.0,0.0,0.0,0.3152246009820656,0.3152246009820656,0.3152246009820656,2.1324406637882865,2.1324406637882865,2.1324406637882865,-0.3332589003307865,-0.3332589003307865,-0.3332589003307865,0.03346852961319838,0.03346852961319838,0.03346852961319838,3.105588991533517,3.105588991533517,3.105588991533517,-0.932666369576772,-0.932666369576772,-0.932666369576772,-7.257688596951082,-7.257688596951082,-7.257688596951082,0.0,0.0,0.0,53.96826431936521
336,2018-03-28 18:00:00,57.28531606518675,47.73560749501624,68.00671683835006,57.28531606518675,57.28531606518675,0.0,0.0,0.0,0.0,0.0,0.0,0.0,0.0,0.0,0.0,0.0,0.0,0.0,0.0,0.0,0.0,0.0,0.0,0.0,0.0,0.0,0.0,0.0,0.0,0.0,0.0,0.0,0.0,0.0,0.0,0.5054940977967322,0.5054940977967322,0.5054940977967322,6.197910239987087,6.197910239987087,6.197910239987087,-1.946102660494274,-1.946102660494274,-1.946102660494274,-1.7341557676467811,-1.7341557676467811,-1.7341557676467811,-2.599889865162759,-2.599889865162759,-2.599889865162759,0.0,0.0,0.0,0.6433850281655846,0.6433850281655846,0.6433850281655846,2.4802124286697107,2.4802124286697107,2.4802124286697107,0.18276727098134912,0.18276727098134912,0.18276727098134912,0.2370492850266904,0.2370492850266904,0.2370492850266904,3.2291990850753596,3.2291990850753596,3.2291990850753596,-0.7315772548330829,-0.7315772548330829,-0.7315772548330829,-7.187459459618934,-7.187459459618934,-7.187459459618934,0.0,0.0,0.0,57.79081016298348
337,2018-03-28 19:00:00,57.28506104860489,48.9190382431378,69.02207355039694,57.28506104860489,57.28506104860489,0.0,0.0,0.0,0.0,0.0,0.0,0.0,0.0,0.0,0.0,0.0,0.0,0.0,0.0,0.0,0.0,0.0,0.0,0.0,0.0,0.0,0.0,0.0,0.0,0.0,0.0,0.0,0.0,0.0,0.0,1.652252521520109,1.652252521520109,1.652252521520109,6.4851842898061305,6.4851842898061305,6.4851842898061305,-1.946102660494274,-1.946102660494274,-1.946102660494274,-0.8613600654255553,-0.8613600654255553,-0.8613600654255553,-2.523778225950176,-2.523778225950176,-2.523778225950176,0.0,0.0,0.0,0.7505906890203318,0.7505906890203318,0.7505906890203318,2.7567735561892155,2.7567735561892155,2.7567735561892155,0.31062048269243353,0.31062048269243353,0.31062048269243353,0.46083818324735154,0.46083818324735154,0.46083818324735154,3.220355386848011,3.220355386848011,3.220355386848011,-0.6703020901304374,-0.6703020901304374,-0.6703020901304374,-7.191927089708478,-7.191927089708478,-7.191927089708478,0.0,0.0,0.0,58.937313570125
338,2018-03-28 20:00:00,57.28480603202303,46.22090481202084,66.05852197478018,57.28480603202303,57.28480603202303,0.0,0.0,0.0,0.0,0.0,0.0,0.0,0.0,0.0,0.0,0.0,0.0,0.0,0.0,0.0,0.0,0.0,0.0,0.0,0.0,0.0,0.0,0.0,0.0,0.0,0.0,0.0,0.0,0.0,0.0,-1.2166361032292485,-1.2166361032292485,-1.2166361032292485,4.593424919741381,4.593424919741381,4.593424919741381,-1.946102660494274,-1.946102660494274,-1.946102660494274,-1.823243632257429,-1.823243632257429,-1.823243632257429,-2.571820324460247,-2.571820324460247,-2.571820324460247,0.0,0.0,0.0,0.857796349875079,0.857796349875079,0.857796349875079,2.23686041291928,2.23686041291928,2.23686041291928,0.3203870474759191,0.3203870474759191,0.3203870474759191,0.1680356764141252,0.1680356764141252,0.1680356764141252,3.2095901663249937,3.2095901663249937,3.2095901663249937,-0.8884001339873115,-0.8884001339873115,-0.8884001339873115,-7.196407557038194,-7.196407557038194,-7.196407557038194,0.0,0.0,0.0,56.06816992879378
339,2018-03-28 21:00:00,57.284551015441174,42.47227572791928,62.76917573972604,57.284551015441174,57.284551015441174,0.0,0.0,0.0,0.0,0.0,0.0,0.0,0.0,0.0,0.0,0.0,0.0,0.0,0.0,0.0,0.0,0.0,0.0,0.0,0.0,0.0,0.0,0.0,0.0,0.0,0.0,0.0,0.0,0.0,0.0,-4.615147633067897,-4.615147633067897,-4.615147633067897,1.4633306249228657,1.4633306249228657,1.4633306249228657,-1.946102660494274,-1.946102660494274,-1.946102660494274,-2.073843537219025,-2.073843537219025,-2.073843537219025,-2.428233827789701,-2.428233827789701,-2.428233827789701,0.0,0.0,0.0,0.9650020107298262,0.9650020107298262,0.9650020107298262,2.103479554174637,2.103479554174637,2.103479554174637,0.32171885176457626,0.32171885176457626,0.32171885176457626,-0.0984896823699654,-0.0984896823699654,-0.0984896823699654,3.196265948777415,3.196265948777415,3.196265948777415,-0.9912177832341235,-0.9912177832341235,-0.9912177832341235,-7.200900669549154,-7.200900669549154,-7.200900669549154,0.0,0.0,0.0,52.669403382373275
340,2018-03-28 22:00:00,57.284295998859314,39.65567268425307,58.645210184073775,57.284295998859314,57.284295998859314,0.0,0.0,0.0,0.0,0.0,0.0,0.0,0.0,0.0,0.0,0.0,0.0,0.0,0.0,0.0,0.0,0.0,0.0,0.0,0.0,0.0,0.0,0.0,0.0,0.0,0.0,0.0,0.0,0.0,0.0,-7.946524922018513,-7.946524922018513,-7.946524922018513,-1.6263291480506925,-1.6263291480506925,-1.6263291480506925,-1.946102660494274,-1.946102660494274,-1.946102660494274,-2.294606658659099,-2.294606658659099,-2.294606658659099,-2.527017019108159,-2.527017019108159,-2.527017019108159,0.0,0.0,0.0,1.0722076715845734,1.0722076715845734,1.0722076715845734,2.096946614154491,2.096946614154491,2.096946614154491,0.32349459081611914,0.32349459081611914,0.32349459081611914,-0.35822918424026823,-0.35822918424026823,-0.35822918424026823,3.17981711869277,3.17981711869277,3.17981711869277,-0.955906671371582,-0.955906671371582,-0.955906671371582,-7.205406234001491,-7.205406234001491,-7.205406234001491,0.0,0.0,0.0,49.3377710768408
341,2018-03-28 23:00:00,57.28404098227745,36.92860566705433,57.11902441705202,57.28404098227745,57.28404098227745,0.0,0.0,0.0,0.0,0.0,0.0,0.0,0.0,0.0,0.0,0.0,0.0,0.0,0.0,0.0,0.0,0.0,0.0,0.0,0.0,0.0,0.0,0.0,0.0,0.0,0.0,0.0,0.0,0.0,0.0,-10.333158228695918,-10.333158228695918,-10.333158228695918,-3.976710959319135,-3.976710959319135,-3.976710959319135,-1.946102660494274,-1.946102660494274,-1.946102660494274,-2.3062807162854777,-2.3062807162854777,-2.3062807162854777,-2.5739795198989013,-2.5739795198989013,-2.5739795198989013,0.0,0.0,0.0,1.1794133324393206,1.1794133324393206,1.1794133324393206,2.0038522188674133,2.0038522188674133,2.0038522188674133,0.3532382199294617,0.3532382199294617,0.3532382199294617,-0.6337060989531853,-0.6337060989531853,-0.6337060989531853,3.159757502893202,3.159757502893202,3.159757502893202,-0.6889962081753122,-0.6889962081753122,-0.6889962081753122,-7.2099240559845095,-7.2099240559845095,-7.2099240559845095,0.0,0.0,0.0,46.95088275358154
342,2018-03-29 00:00:00,57.28378596569561,34.55181066788724,55.198850802327144,57.28378596569561,57.28378596569561,0.0,0.0,0.0,0.0,0.0,0.0,0.0,0.0,0.0,0.0,0.0,0.0,0.0,0.0,0.0,0.0,0.0,0.0,0.0,0.0,0.0,0.0,0.0,0.0,0.0,0.0,0.0,0.0,0.0,0.0,-12.224519221363437,-12.224519221363437,-12.224519221363437,-5.672979503983175,-5.672979503983175,-5.672979503983175,-0.648929366997257,-0.648929366997257,-0.648929366997257,-2.472772161455994,-2.472772161455994,-2.472772161455994,-2.594491876566122,-2.594491876566122,-2.594491876566122,0.0,0.0,0.0,0.00015106303710118486,0.00015106303710118486,0.00015106303710118486,1.784454316524184,1.784454316524184,1.784454316524184,0.4309268034344609,0.4309268034344609,0.4309268034344609,-0.824431992210923,-0.824431992210923,-0.824431992210923,3.1356863840012674,3.1356863840012674,3.1356863840012674,-0.6204511086774374,-0.6204511086774374,-0.6204511086774374,-7.214453939925536,-7.214453939925536,-7.214453939925536,0.0,0.0,0.0,45.05926674433217
343,2018-03-29 01:00:00,57.28353094911375,31.78000170852991,52.620808878519554,57.28353094911375,57.28353094911375,0.0,0.0,0.0,0.0,0.0,0.0,0.0,0.0,0.0,0.0,0.0,0.0,0.0,0.0,0.0,0.0,0.0,0.0,0.0,0.0,0.0,0.0,0.0,0.0,0.0,0.0,0.0,0.0,0.0,0.0,-14.975993065335883,-14.975993065335883,-14.975993065335883,-7.0241019703799985,-7.0241019703799985,-7.0241019703799985,-0.648929366997257,-0.648929366997257,-0.648929366997257,-3.8401882806485426,-3.8401882806485426,-3.8401882806485426,-2.431472620947683,-2.431472620947683,-2.431472620947683,0.0,0.0,0.0,-1.1791112063651181,-1.1791112063651181,-1.1791112063651181,1.4262314387528567,1.4262314387528567,1.4262314387528567,0.4757642144859175,0.4757642144859175,0.4757642144859175,-0.9120706123528205,-0.9120706123528205,-0.9120706123528205,3.1072928747882558,3.1072928747882558,3.1072928747882558,-0.5706001272244376,-0.5706001272244376,-0.5706001272244376,-7.2189956890956,-7.2189956890956,-7.2189956890956,0.0,0.0,0.0,42.30753788377786
344,2018-03-29 02:00:00,57.283275932531886,30.74435205966116,49.91450484179821,57.283275932531886,57.283275932531886,0.0,0.0,0.0,0.0,0.0,0.0,0.0,0.0,0.0,0.0,0.0,0.0,0.0,0.0,0.0,0.0,0.0,0.0,0.0,0.0,0.0,0.0,0.0,0.0,0.0,0.0,0.0,0.0,0.0,0.0,-16.412088347314903,-16.412088347314903,-16.412088347314903,-7.914977789235327,-7.914977789235327,-7.914977789235327,-0.648929366997257,-0.648929366997257,-0.648929366997257,-4.347920060535037,-4.347920060535037,-4.347920060535037,-2.6144644343736787,-2.6144644343736787,-2.6144644343736787,0.0,0.0,0.0,-1.071905545510371,-1.071905545510371,-1.071905545510371,1.2335097081585562,1.2335097081585562,1.2335097081585562,0.5330317988981742,0.5330317988981742,0.5330317988981742,-0.9852712390611271,-0.9852712390611271,-0.9852712390611271,3.0743586080747063,3.0743586080747063,3.0743586080747063,-0.7938909816493326,-0.7938909816493326,-0.7938909816493326,-7.223549105619247,-7.223549105619247,-7.223549105619247,0.0,0.0,0.0,40.87118758521699
345,2018-03-29 03:00:00,57.28302091595003,30.530033434562466,50.229780194496165,57.28302091595003,57.28302091595003,0.0,0.0,0.0,0.0,0.0,0.0,0.0,0.0,0.0,0.0,0.0,0.0,0.0,0.0,0.0,0.0,0.0,0.0,0.0,0.0,0.0,0.0,0.0,0.0,0.0,0.0,0.0,0.0,0.0,0.0,-16.484109118716738,-16.484109118716738,-16.484109118716738,-7.766725376352666,-7.766725376352666,-7.766725376352666,-0.648929366997257,-0.648929366997257,-0.648929366997257,-4.526028473598847,-4.526028473598847,-4.526028473598847,-2.7213446085870925,-2.7213446085870925,-2.7213446085870925,0.0,0.0,0.0,-0.9646998846556237,-0.9646998846556237,-0.9646998846556237,1.1828794230024262,1.1828794230024262,1.1828794230024262,0.545461972258974,0.545461972258974,0.545461972258974,-0.9842605795207757,-0.9842605795207757,-0.9842605795207757,3.0367587217171508,3.0367587217171508,3.0367587217171508,-0.9351354290994989,-0.9351354290994989,-0.9351354290994989,-7.22811399048238,-7.22811399048238,-7.22811399048238,0.0,0.0,0.0,40.798911797233295
346,2018-03-29 04:00:00,57.28276589936817,32.81495983964851,52.77452986592164,57.28276589936817,57.28276589936817,0.0,0.0,0.0,0.0,0.0,0.0,0.0,0.0,0.0,0.0,0.0,0.0,0.0,0.0,0.0,0.0,0.0,0.0,0.0,0.0,0.0,0.0,0.0,0.0,0.0,0.0,0.0,0.0,0.0,0.0,-14.524038146723107,-14.524038146723107,-14.524038146723107,-6.131581639576297,-6.131581639576297,-6.131581639576297,-0.648929366997257,-0.648929366997257,-0.648929366997257,-4.154227506754396,-4.154227506754396,-4.154227506754396,-2.6538697511291294,-2.6538697511291294,-2.6538697511291294,0.0,0.0,0.0,-0.8574942238008767,-0.8574942238008767,-0.8574942238008767,1.3249708684405972,1.3249708684405972,1.3249708684405972,0.5738737970836594,0.5738737970836594,0.5738737970836594,-0.8413244445282244,-0.8413244445282244,-0.8413244445282244,2.9944611431473485,2.9944611431473485,2.9944611431473485,-1.051454385823165,-1.051454385823165,-1.051454385823165,-7.232690143539763,-7.232690143539763,-7.232690143539763,0.0,0.0,0.0,42.758727752645065
347,2018-03-29 05:00:00,57.28251088278631,35.526670029979414,54.89525938761351,57.28251088278631,57.28251088278631,0.0,0.0,0.0,0.0,0.0,0.0,0.0,0.0,0.0,0.0,0.0,0.0,0.0,0.0,0.0,0.0,0.0,0.0,0.0,0.0,0.0,0.0,0.0,0.0,0.0,0.0,0.0,0.0,0.0,0.0,-11.559602762516333,-11.559602762516333,-11.559602762516333,-3.2853559112809356,-3.2853559112809356,-3.2853559112809356,-0.648929366997257,-0.648929366997257,-0.648929366997257,-3.984493690295209,-3.984493690295209,-3.984493690295209,-2.67870049867366,-2.67870049867366,-2.67870049867366,0.0,0.0,0.0,-0.7502885629461293,-0.7502885629461293,-0.7502885629461293,1.2498420582089207,1.2498420582089207,1.2498420582089207,0.5800888837640593,0.5800888837640593,0.5800888837640593,-0.6279309015797488,-0.6279309015797488,-0.6279309015797488,2.9475242025854405,2.9475242025854405,2.9475242025854405,-1.108575302071394,-1.108575302071394,-1.108575302071394,-7.237277363525629,-7.237277363525629,-7.237277363525629,0.0,0.0,0.0,45.72290812026998
348,2018-03-29 06:00:00,57.28225586620446,39.28247451968382,59.01556643530114,57.28225586620446,57.28225586620446,0.0,0.0,0.0,0.0,0.0,0.0,0.0,0.0,0.0,0.0,0.0,0.0,0.0,0.0,0.0,0.0,0.0,0.0,0.0,0.0,0.0,0.0,0.0,0.0,0.0,0.0,0.0,0.0,0.0,0.0,-7.9351236490999435,-7.9351236490999435,-7.9351236490999435,-0.18600633611171621,-0.18600633611171621,-0.18600633611171621,-0.648929366997257,-0.648929366997257,-0.648929366997257,-3.4033344933375367,-3.4033344933375367,-3.4033344933375367,-2.6614269351644215,-2.6614269351644215,-2.6614269351644215,0.0,0.0,0.0,-0.6430829020913821,-0.6430829020913821,-0.6430829020913821,1.5068043656679881,1.5068043656679881,1.5068043656679881,0.5130547345683172,0.5130547345683172,0.5130547345683172,-0.5200790906308238,-0.5200790906308238,-0.5200790906308238,2.8960926284090633,2.8960926284090633,2.8960926284090633,-0.949675298689957,-0.949675298689957,-0.949675298689957,-7.241875448059756,-7.241875448059756,-7.241875448059756,0.0,0.0,0.0,49.347132217104516
349,2018-03-29 07:00:00,57.2820008496226,42.26145675244788,62.30791625476854,57.2820008496226,57.2820008496226,0.0,0.0,0.0,0.0,0.0,0.0,0.0,0.0,0.0,0.0,0.0,0.0,0.0,0.0,0.0,0.0,0.0,0.0,0.0,0.0,0.0,0.0,0.0,0.0,0.0,0.0,0.0,0.0,0.0,0.0,-5.079380138658633,-5.079380138658633,-5.079380138658633,2.1848553521995653,2.1848553521995653,2.1848553521995653,-0.648929366997257,-0.648929366997257,-0.648929366997257,-2.8581432989267097,-2.8581432989267097,-2.8581432989267097,-2.9523785205231583,-2.9523785205231583,-2.9523785205231583,0.0,0.0,0.0,-0.5358772412366349,-0.5358772412366349,-0.5358772412366349,2.1345110192703296,2.1345110192703296,2.1345110192703296,0.1454767508989495,0.1454767508989495,0.1454767508989495,-0.2288647630752925,-0.2288647630752925,-0.2288647630752925,2.840392001726107,2.840392001726107,2.840392001726107,-0.7720811772636452,-0.7720811772636452,-0.7720811772636452,-7.246484193657595,-7.246484193657595,-7.246484193657595,0.0,0.0,0.0,52.20262071096396
350,2018-03-29 08:00:00,57.281745833040745,43.1828610225983,63.396274259291744,57.281745833040745,57.281745833040745,0.0,0.0,0.0,0.0,0.0,0.0,0.0,0.0,0.0,0.0,0.0,0.0,0.0,0.0,0.0,0.0,0.0,0.0,0.0,0.0,0.0,0.0,0.0,0.0,0.0,0.0,0.0,0.0,0.0,0.0,-3.8487929627824524,-3.8487929627824524,-3.8487929627824524,3.462483964075912,3.462483964075912,3.462483964075912,-0.648929366997257,-0.648929366997257,-0.648929366997257,-2.840895300300095,-2.840895300300095,-2.840895300300095,-2.9718112794710523,-2.9718112794710523,-2.9718112794710523,0.0,0.0,0.0,-0.4286715803818877,-0.4286715803818877,-0.4286715803818877,2.414338616799907,2.414338616799907,2.414338616799907,-0.3055609681929316,-0.3055609681929316,-0.3055609681929316,-0.04145960830728079,-0.04145960830728079,-0.04145960830728079,2.780721769178768,2.780721769178768,2.780721769178768,-0.8588011137495929,-0.8588011137495929,-0.8588011137495929,-7.251103395737037,-7.251103395737037,-7.251103395737037,0.0,0.0,0.0,53.43295287025829
351,2018-03-29 09:00:00,57.281490816458884,43.633912611187085,63.078752110083954,57.281490816458884,57.281490816458884,0.0,0.0,0.0,0.0,0.0,0.0,0.0,0.0,0.0,0.0,0.0,0.0,0.0,0.0,0.0,0.0,0.0,0.0,0.0,0.0,0.0,0.0,0.0,0.0,0.0,0.0,0.0,0.0,0.0,0.0,-3.8046189408027473,-3.8046189408027473,-3.8046189408027473,3.925917151137796,3.925917151137796,3.925917151137796,-0.648929366997257,-0.648929366997257,-0.648929366997257,-3.192250177767775,-3.192250177767775,-3.192250177767775,-3.0382065392096873,-3.0382065392096873,-3.0382065392096873,0.0,0.0,0.0,-0.32146591952714043,-0.32146591952714043,-0.32146591952714043,2.439925965212145,2.439925965212145,2.439925965212145,-0.6953356900065848,-0.6953356900065848,-0.6953356900065848,0.02611020096192529,0.02611020096192529,0.02611020096192529,2.717446934456357,2.717446934456357,2.717446934456357,-0.9543488282011758,-0.9543488282011758,-0.9543488282011758,-7.255732848629125,-7.255732848629125,-7.255732848629125,0.0,0.0,0.0,53.47687187565614
352,2018-03-29 10:00:00,57.28123579987703,42.405930065107704,63.159608551112385,57.28123579987703,57.28123579987703,0.0,0.0,0.0,0.0,0.0,0.0,0.0,0.0,0.0,0.0,0.0,0.0,0.0,0.0,0.0,0.0,0.0,0.0,0.0,0.0,0.0,0.0,0.0,0.0,0.0,0.0,0.0,0.0,0.0,0.0,-4.813688706997671,-4.813688706997671,-4.813688706997671,3.960051533267969,3.960051533267969,3.960051533267969,-0.648929366997257,-0.648929366997257,-0.648929366997257,-4.164356462260263,-4.164356462260263,-4.164356462260263,-3.119716167018907,-3.119716167018907,-3.119716167018907,0.0,0.0,0.0,-0.21426025867239326,-0.21426025867239326,-0.21426025867239326,1.8486948933889513,1.8486948933889513,1.8486948933889513,-0.8977699418824684,-0.8977699418824684,-0.8977699418824684,-0.006664044132326376,-0.006664044132326376,-0.006664044132326376,2.6509885675811375,2.6509885675811375,2.6509885675811375,-1.1257115769458628,-1.1257115769458628,-1.1257115769458628,-7.260372345586516,-7.260372345586516,-7.260372345586516,0.0,0.0,0.0,52.46754709287936
353,2018-03-29 11:00:00,57.28098078329517,41.35998647378927,61.70441669984604,57.28098078329517,57.28098078329517,0.0,0.0,0.0,0.0,0.0,0.0,0.0,0.0,0.0,0.0,0.0,0.0,0.0,0.0,0.0,0.0,0.0,0.0,0.0,0.0,0.0,0.0,0.0,0.0,0.0,0.0,0.0,0.0,0.0,0.0,-5.615991437862233,-5.615991437862233,-5.615991437862233,3.5787253014461586,3.5787253014461586,3.5787253014461586,-0.648929366997257,-0.648929366997257,-0.648929366997257,-4.511508349435601,-4.511508349435601,-4.511508349435601,-3.087328235439085,-3.087328235439085,-3.087328235439085,0.0,0.0,0.0,-0.10705459781764604,-0.10705459781764604,-0.10705459781764604,1.8388954833587328,1.8388954833587328,1.8388954833587328,-1.1303917576345803,-1.1303917576345803,-1.1303917576345803,-0.04016018889825759,-0.04016018889825759,-0.04016018889825759,2.5818132889177745,2.5818132889177745,2.5818132889177745,-1.3365396860075078,-1.3365396860075078,-1.3365396860075078,-7.265021678790565,-7.265021678790565,-7.265021678790565,0.0,0.0,0.0,51.664989345432936
354,2018-03-29 12:00:00,57.28072576671331,39.037763802825395,59.337895510289826,57.28072576671331,57.28072576671331,0.0,0.0,0.0,0.0,0.0,0.0,0.0,0.0,0.0,0.0,0.0,0.0,0.0,0.0,0.0,0.0,0.0,0.0,0.0,0.0,0.0,0.0,0.0,0.0,0.0,0.0,0.0,0.0,0.0,0.0,-8.034656648943422,-8.034656648943422,-8.034656648943422,2.5438818079967915,2.5438818079967915,2.5438818079967915,-0.648929366997257,-0.648929366997257,-0.648929366997257,-5.819279716850446,-5.819279716850446,-5.819279716850446,-3.1434673168441103,-3.1434673168441103,-3.1434673168441103,0.0,0.0,0.0,0.00015106303710118486,0.00015106303710118486,0.00015106303710118486,1.1121059061175136,1.1121059061175136,1.1121059061175136,-1.320395836149664,-1.320395836149664,-1.320395836149664,-0.12390055081308562,-0.12390055081308562,-0.12390055081308562,2.5104218992724867,2.5104218992724867,2.5104218992724867,-1.694843615200944,-1.694843615200944,-1.694843615200944,-7.269680639362253,-7.269680639362253,-7.269680639362253,0.0,0.0,0.0,49.24606911776989
355,2018-03-29 13:00:00,57.28047075013146,37.11905113482216,56.43329699770435,57.28047075013146,57.28047075013146,0.0,0.0,0.0,0.0,0.0,0.0,0.0,0.0,0.0,0.0,0.0,0.0,0.0,0.0,0.0,0.0,0.0,0.0,0.0,0.0,0.0,0.0,0.0,0.0,0.0,0.0,0.0,0.0,0.0,0.0,-10.333776191568859,-10.333776191568859,-10.333776191568859,0.9471511307741823,0.9471511307741823,0.9471511307741823,-0.648929366997257,-0.648929366997257,-0.648929366997257,-6.4439156456158635,-6.4439156456158635,-6.4439156456158635,-3.1488653054407476,-3.1488653054407476,-3.1488653054407476,0.0,0.0,0.0,0.10735672389184842,0.10735672389184842,0.10735672389184842,0.8279230152411717,0.8279230152411717,0.8279230152411717,-1.3718922686444064,-1.3718922686444064,-1.3718922686444064,-0.2835847581886025,-0.2835847581886025,-0.2835847581886025,2.4373373406419008,2.4373373406419008,2.4373373406419008,-1.9259236854778703,-1.9259236854778703,-1.9259236854778703,-7.274349017369077,-7.274349017369077,-7.274349017369077,0.0,0.0,0.0,46.9466945585626
356,2018-03-29 14:00:00,57.2802157335496,35.63423052683981,56.002391276621395,57.2802157335496,57.2802157335496,0.0,0.0,0.0,0.0,0.0,0.0,0.0,0.0,0.0,0.0,0.0,0.0,0.0,0.0,0.0,0.0,0.0,0.0,0.0,0.0,0.0,0.0,0.0,0.0,0.0,0.0,0.0,0.0,0.0,0.0,-11.965389477668682,-11.965389477668682,-11.965389477668682,-0.4306484999673567,-0.4306484999673567,-0.4306484999673567,-0.648929366997257,-0.648929366997257,-0.648929366997257,-6.618806557794847,-6.618806557794847,-6.618806557794847,-3.2093227777230826,-3.2093227777230826,-3.2093227777230826,0.0,0.0,0.0,0.2145623847465956,0.2145623847465956,0.2145623847465956,0.8077797835123889,0.8077797835123889,0.8077797835123889,-1.3239473142527498,-1.3239473142527498,-1.3239473142527498,-0.3897040099254967,-0.3897040099254967,-0.3897040099254967,2.3630921819302686,2.3630921819302686,2.3630921819302686,-2.069245257155245,-2.069245257155245,-2.069245257155245,-7.2790266018367475,-7.2790266018367475,-7.2790266018367475,0.0,0.0,0.0,45.314826255880924
357,2018-03-29 15:00:00,57.279960716967736,35.14302840176501,55.25299717352651,57.279960716967736,57.279960716967736,0.0,0.0,0.0,0.0,0.0,0.0,0.0,0.0,0.0,0.0,0.0,0.0,0.0,0.0,0.0,0.0,0.0,0.0,0.0,0.0,0.0,0.0,0.0,0.0,0.0,0.0,0.0,0.0,0.0,0.0,-12.237646149963664,-12.237646149963664,-12.237646149963664,-0.505328607665323,-0.505328607665323,-0.505328607665323,-0.648929366997257,-0.648929366997257,-0.648929366997257,-6.736820192980178,-6.736820192980178,-6.736820192980178,-3.2023053925474545,-3.2023053925474545,-3.2023053925474545,0.0,0.0,0.0,0.32176804560134287,0.32176804560134287,0.32176804560134287,0.7163186232303478,0.7163186232303478,0.7163186232303478,-1.1388265181294088,-1.1388265181294088,-1.1388265181294088,-0.44038136687740126,-0.44038136687740126,-0.44038136687740126,2.288215831438114,2.288215831438114,2.288215831438114,-2.344464217260348,-2.344464217260348,-2.344464217260348,-7.283713180756277,-7.283713180756277,-7.283713180756277,0.0,0.0,0.0,45.04231456700407
358,2018-03-29 16:00:00,57.27970570038588,36.12561288622861,56.51119578159968,57.27970570038588,57.27970570038588,0.0,0.0,0.0,0.0,0.0,0.0,0.0,0.0,0.0,0.0,0.0,0.0,0.0,0.0,0.0,0.0,0.0,0.0,0.0,0.0,0.0,0.0,0.0,0.0,0.0,0.0,0.0,0.0,0.0,0.0,-10.503234434217871,-10.503234434217871,-10.503234434217871,1.2047704518821343,1.2047704518821343,1.2047704518821343,-0.648929366997257,-0.648929366997257,-0.648929366997257,-6.632818027659884,-6.632818027659884,-6.632818027659884,-3.0754526605264836,-3.0754526605264836,-3.0754526605264836,0.0,0.0,0.0,0.42897370645609006,0.42897370645609006,0.42897370645609006,0.5606168860835399,0.5606168860835399,0.5606168860835399,-0.8484931832021546,-0.8484931832021546,-0.8484931832021546,-0.46983487348192704,-0.46983487348192704,-0.46983487348192704,2.213221682653283,2.213221682653283,2.213221682653283,-2.579698535991691,-2.579698535991691,-2.579698535991691,-7.288408541093405,-7.288408541093405,-7.288408541093405,0.0,0.0,0.0,46.77647126616801
359,2018-03-29 17:00:00,57.27945068380403,41.47620430372796,61.13362110578694,57.27945068380403,57.27945068380403,0.0,0.0,0.0,0.0,0.0,0.0,0.0,0.0,0.0,0.0,0.0,0.0,0.0,0.0,0.0,0.0,0.0,0.0,0.0,0.0,0.0,0.0,0.0,0.0,0.0,0.0,0.0,0.0,0.0,0.0,-6.2660094939015885,-6.2660094939015885,-6.2660094939015885,3.9730589745807703,3.9730589745807703,3.9730589745807703,-0.648929366997257,-0.648929366997257,-0.648929366997257,-5.08455040098722,-5.08455040098722,-5.08455040098722,-3.005818607629865,-3.005818607629865,-3.005818607629865,0.0,0.0,0.0,0.5361793673108374,0.5361793673108374,0.5361793673108374,1.4104435003708378,1.4104435003708378,1.4104435003708378,-0.32109868489393145,-0.32109868489393145,-0.32109868489393145,-0.4024094441470568,-0.4024094441470568,-0.4024094441470568,2.138594401301854,2.138594401301854,2.138594401301854,-2.6529171650007846,-2.6529171650007846,-2.6529171650007846,-7.293112468796993,-7.293112468796993,-7.293112468796993,0.0,0.0,0.0,51.01344118990244
360,2018-03-29 18:00:00,57.13634761962279,45.165184173249386,64.48739322727755,57.13634761962279,57.13634761962279,0.0,0.0,0.0,0.0,0.0,0.0,0.0,0.0,0.0,0.0,0.0,0.0,0.0,0.0,0.0,0.0,0.0,0.0,0.0,0.0,0.0,0.0,0.0,0.0,0.0,0.0,0.0,0.0,0.0,0.0,-2.186050828563566,-2.186050828563566,-2.186050828563566,6.264548143995625,6.264548143995625,6.264548143995625,-0.6573075987693574,-0.6573075987693574,-0.6573075987693574,-3.1124527273031513,-3.1124527273031513,-3.1124527273031513,-2.8705001401949506,-2.8705001401949506,-2.8705001401949506,0.0,0.0,0.0,0.554420581124328,0.554420581124328,0.554420581124328,2.1887239352102563,2.1887239352102563,2.1887239352102563,0.2660218183720945,0.2660218183720945,0.2660218183720945,-0.1881934692496057,-0.1881934692496057,-0.1881934692496057,2.0349774248348598,2.0349774248348598,2.0349774248348598,-2.405617853795916,-2.405617853795916,-2.405617853795916,-7.373123670090899,-7.373123670090899,-7.373123670090899,0.0,0.0,0.0,54.95029679105922
361,2018-03-29 19:00:00,57.136068826321036,46.57778244642773,67.18577853583919,57.136068826321036,57.136068826321036,0.0,0.0,0.0,0.0,0.0,0.0,0.0,0.0,0.0,0.0,0.0,0.0,0.0,0.0,0.0,0.0,0.0,0.0,0.0,0.0,0.0,0.0,0.0,0.0,0.0,0.0,0.0,0.0,0.0,0.0,-0.6149892390178435,-0.6149892390178435,-0.6149892390178435,6.567521937411127,6.567521937411127,6.567521937411127,-0.6573075987693574,-0.6573075987693574,-0.6573075987693574,-1.7676299522611496,-1.7676299522611496,-1.7676299522611496,-2.7182685901875447,-2.7182685901875447,-2.7182685901875447,0.0,0.0,0.0,0.6468023338504684,0.6468023338504684,0.6468023338504684,2.7913147802487566,2.7913147802487566,2.7913147802487566,0.44291868756975283,0.44291868756975283,0.44291868756975283,0.09049601115500903,0.09049601115500903,0.09049601115500903,1.9630432004804812,1.9630432004804812,1.9630432004804812,-2.3635855761282345,-2.3635855761282345,-2.3635855761282345,-7.377924424648301,-7.377924424648301,-7.377924424648301,0.0,0.0,0.0,56.52107958730319
362,2018-03-29 20:00:00,57.1357900330193,43.288101529857975,63.91068721047143,57.1357900330193,57.1357900330193,0.0,0.0,0.0,0.0,0.0,0.0,0.0,0.0,0.0,0.0,0.0,0.0,0.0,0.0,0.0,0.0,0.0,0.0,0.0,0.0,0.0,0.0,0.0,0.0,0.0,0.0,0.0,0.0,0.0,0.0,-3.702758925586375,-3.702758925586375,-3.702758925586375,4.71419474359614,4.71419474359614,4.71419474359614,-0.6573075987693574,-0.6573075987693574,-0.6573075987693574,-2.9269732801057105,-2.9269732801057105,-2.9269732801057105,-2.7556587954525216,-2.7556587954525216,-2.7556587954525216,0.0,0.0,0.0,0.7391840865766086,0.7391840865766086,0.7391840865766086,2.081596673870078,2.081596673870078,2.081596673870078,0.49042296190671986,0.49042296190671986,0.49042296190671986,-0.12484789375930888,-0.12484789375930888,-0.12484789375930888,1.8927497426692435,1.8927497426692435,1.8927497426692435,-2.7003627144779294,-2.7003627144779294,-2.7003627144779294,-7.382730131746048,-7.382730131746048,-7.382730131746048,0.0,0.0,0.0,53.433031107432925
363,2018-03-29 21:00:00,57.13551123971755,39.1787439985528,59.83393432350246,57.13551123971755,57.13551123971755,0.0,0.0,0.0,0.0,0.0,0.0,0.0,0.0,0.0,0.0,0.0,0.0,0.0,0.0,0.0,0.0,0.0,0.0,0.0,0.0,0.0,0.0,0.0,0.0,0.0,0.0,0.0,0.0,0.0,0.0,-8.034625280928886,-8.034625280928886,-8.034625280928886,1.6256715761624283,1.6256715761624283,1.6256715761624283,-0.6573075987693574,-0.6573075987693574,-0.6573075987693574,-4.097095288759818,-4.097095288759818,-4.097095288759818,-2.8122782491394864,-2.8122782491394864,-2.8122782491394864,0.0,0.0,0.0,0.8315658393027491,0.8315658393027491,0.8315658393027491,1.3043883928470874,1.3043883928470874,1.3043883928470874,0.5392845012247433,0.5392845012247433,0.5392845012247433,-0.3071216820573689,-0.3071216820573689,-0.3071216820573689,1.8243390014979737,1.8243390014979737,1.8243390014979737,-2.995626492168186,-2.995626492168186,-2.995626492168186,-7.387540569829466,-7.387540569829466,-7.387540569829466,0.0,0.0,0.0,49.100885958788666
364,2018-03-29 22:00:00,57.13523244641581,35.95248962798737,55.35753580833139,57.13523244641581,57.13523244641581,0.0,0.0,0.0,0.0,0.0,0.0,0.0,0.0,0.0,0.0,0.0,0.0,0.0,0.0,0.0,0.0,0.0,0.0,0.0,0.0,0.0,0.0,0.0,0.0,0.0,0.0,0.0,0.0,0.0,0.0,-11.655937288828657,-11.655937288828657,-11.655937288828657,-1.4573651253740365,-1.4573651253740365,-1.4573651253740365,-0.6573075987693574,-0.6573075987693574,-0.6573075987693574,-4.564185956108357,-4.564185956108357,-4.564185956108357,-3.0718731028363258,-3.0718731028363258,-3.0718731028363258,0.0,0.0,0.0,0.9239475920288893,0.9239475920288893,0.9239475920288893,1.089598233860031,1.089598233860031,1.089598233860031,0.5858839322410061,0.5858839322410061,0.5858839322410061,-0.5446675901459821,-0.5446675901459821,-0.5446675901459821,1.7579693091281445,1.7579693091281445,1.7579693091281445,-2.8897674224866177,-2.8897674224866177,-2.8897674224866177,-7.3923555164744075,-7.3923555164744075,-7.3923555164744075,0.0,0.0,0.0,45.47929515758716
365,2018-03-29 23:00:00,57.134953653114074,32.31713099520375,52.68467382488622,57.134953653114074,57.134953653114074,0.0,0.0,0.0,0.0,0.0,0.0,0.0,0.0,0.0,0.0,0.0,0.0,0.0,0.0,0.0,0.0,0.0,0.0,0.0,0.0,0.0,0.0,0.0,0.0,0.0,0.0,0.0,0.0,0.0,0.0,-14.99595903611689,-14.99595903611689,-14.99595903611689,-3.8612367617633496,-3.8612367617633496,-3.8612367617633496,-0.6573075987693574,-0.6573075987693574,-0.6573075987693574,-5.43125524056141,-5.43125524056141,-5.43125524056141,-3.1343681602077873,-3.1343681602077873,-3.1343681602077873,0.0,0.0,0.0,1.0163293447550297,1.0163293447550297,1.0163293447550297,0.5802081061874851,0.5802081061874851,0.5802081061874851,0.6012662686929764,0.6012662686929764,0.6012662686929764,-0.8121784395817208,-0.8121784395817208,-0.8121784395817208,1.6937077146076527,1.6937077146076527,1.6937077146076527,-3.0252047616380358,-3.0252047616380358,-3.0252047616380358,-7.397174748399783,-7.397174748399783,-7.397174748399783,0.0,0.0,0.0,42.13899461699718
366,2018-03-30 00:00:00,57.13467485981232,31.40610271651548,51.697000715138486,57.13467485981232,57.13467485981232,0.0,0.0,0.0,0.0,0.0,0.0,0.0,0.0,0.0,0.0,0.0,0.0,0.0,0.0,0.0,1.45271168,1.45271168,1.45271168,0.0,0.0,0.0,0.0,0.0,0.0,0.0,0.0,0.0,0.0,0.0,0.0,-15.516269319346481,-15.516269319346481,-15.516269319346481,-5.6580793279952655,-5.6580793279952655,-5.6580793279952655,0.6582800157876143,0.6582800157876143,0.6582800157876143,-5.5404273597725755,-5.5404273597725755,-5.5404273597725755,-3.3490947675866543,-3.3490947675866543,-3.3490947675866543,1.45271168,1.45271168,1.45271168,0.00013006476748605346,0.00013006476748605346,0.00013006476748605346,0.4388001212184503,0.4388001212184503,0.4388001212184503,0.6134816535224823,0.6134816535224823,0.6134816535224823,-1.0309380372920842,-1.0309380372920842,-1.0309380372920842,1.6315237299001053,1.6315237299001053,1.6315237299001053,-2.87108641018987,-2.87108641018987,-2.87108641018987,-7.4019980414787465,-7.4019980414787465,-7.4019980414787465,0.0,0.0,0.0,41.618405540465844
367,2018-03-30 01:00:00,57.13439606651058,29.00068337241608,49.01006994333101,57.13439606651058,57.13439606651058,0.0,0.0,0.0,0.0,0.0,0.0,0.0,0.0,0.0,0.0,0.0,0.0,0.0,0.0,0.0,1.45271168,1.45271168,1.45271168,0.0,0.0,0.0,0.0,0.0,0.0,0.0,0.0,0.0,0.0,0.0,0.0,-17.96530369705589,-17.96530369705589,-17.96530369705589,-7.1108304408873115,-7.1108304408873115,-7.1108304408873115,0.6582800157876143,0.6582800157876143,0.6582800157876143,-6.47164437518903,-6.47164437518903,-6.47164437518903,-3.3362752686386625,-3.3362752686386625,-3.3362752686386625,1.45271168,1.45271168,1.45271168,-1.0160692152200574,-1.0160692152200574,-1.0160692152200574,0.41898157787051743,0.41898157787051743,0.41898157787051743,0.6134816535224823,0.6134816535224823,0.6134816535224823,-1.157939705799591,-1.157939705799591,-1.157939705799591,1.571284609766459,1.571284609766459,1.571284609766459,-2.6521034327113324,-2.6521034327113324,-2.6521034327113324,-7.406825170746009,-7.406825170746009,-7.406825170746009,0.0,0.0,0.0,39.16909236945469
368,2018-03-30 02:00:00,57.13411727320884,27.80632249096964,47.95978802840091,57.13411727320884,57.13411727320884,0.0,0.0,0.0,0.0,0.0,0.0,0.0,0.0,0.0,0.0,0.0,0.0,0.0,0.0,0.0,1.45271168,1.45271168,1.45271168,0.0,0.0,0.0,0.0,0.0,0.0,0.0,0.0,0.0,0.0,0.0,0.0,-18.888671690202408,-18.888671690202408,-18.888671690202408,-8.058445755879145,-8.058445755879145,-8.058445755879145,0.6582800157876143,0.6582800157876143,0.6582800157876143,-6.384033970764733,-6.384033970764733,-6.384033970764733,-3.300487500742184,-3.300487500742184,-3.300487500742184,1.45271168,1.45271168,1.45271168,-0.9236874624939172,-0.9236874624939172,-0.9236874624939172,0.3975561256024819,0.3975561256024819,0.3975561256024819,0.6130292318621302,0.6130292318621302,0.6130292318621302,-1.2352585700009828,-1.2352585700009828,-1.2352585700009828,1.5127522668495954,1.5127522668495954,1.5127522668495954,-2.5934658107798754,-2.5934658107798754,-2.5934658107798754,-7.411655910408127,-7.411655910408127,-7.411655910408127,0.0,0.0,0.0,38.24544558300643
369,2018-03-30 03:00:00,57.1338384799071,28.690969417663652,48.793245434353615,57.1338384799071,57.1338384799071,0.0,0.0,0.0,0.0,0.0,0.0,0.0,0.0,0.0,0.0,0.0,0.0,0.0,0.0,0.0,1.45271168,1.45271168,1.45271168,0.0,0.0,0.0,0.0,0.0,0.0,0.0,0.0,0.0,0.0,0.0,0.0,-18.461345964629466,-18.461345964629466,-18.461345964629466,-7.909111910526833,-7.909111910526833,-7.909111910526833,0.6582800157876143,0.6582800157876143,0.6582800157876143,-6.044037601557951,-6.044037601557951,-6.044037601557951,-3.2401290265287215,-3.2401290265287215,-3.2401290265287215,1.45271168,1.45271168,1.45271168,-0.8313057097677768,-0.8313057097677768,-0.8313057097677768,0.49129247927513753,0.49129247927513753,0.49129247927513753,0.6134816535224823,0.6134816535224823,0.6134816535224823,-1.264136700003912,-1.264136700003912,-1.264136700003912,1.4555819013124311,1.4555819013124311,1.4555819013124311,-2.471520313842775,-2.471520313842775,-2.471520313842775,-7.416490033857111,-7.416490033857111,-7.416490033857111,0.0,0.0,0.0,38.67249251527763
370,2018-03-30 04:00:00,57.13355968660535,30.52822516810237,50.011347376680654,57.13355968660535,57.13355968660535,0.0,0.0,0.0,0.0,0.0,0.0,0.0,0.0,0.0,0.0,0.0,0.0,0.0,0.0,0.0,1.45271168,1.45271168,1.45271168,0.0,0.0,0.0,0.0,0.0,0.0,0.0,0.0,0.0,0.0,0.0,0.0,-16.817476756471468,-16.817476756471468,-16.817476756471468,-6.239989351458994,-6.239989351458994,-6.239989351458994,0.6582800157876143,0.6582800157876143,0.6582800157876143,-6.008194171890973,-6.008194171890973,-6.008194171890973,-3.285531418636194,-3.285531418636194,-3.285531418636194,1.45271168,1.45271168,1.45271168,-0.7389239570416366,-0.7389239570416366,-0.7389239570416366,0.5641390169864585,0.5641390169864585,0.5641390169864585,0.6098622802396657,0.6098622802396657,0.6098622802396657,-1.1737760996721651,-1.1737760996721651,-1.1737760996721651,1.3993224005539013,1.3993224005539013,1.3993224005539013,-2.642244009554716,-2.642244009554716,-2.642244009554716,-7.421327313675402,-7.421327313675402,-7.421327313675402,0.0,0.0,0.0,40.31608293013389
371,2018-03-30 05:00:00,57.13328089330361,34.27161217371643,53.609328972883844,57.13328089330361,57.13328089330361,0.0,0.0,0.0,0.0,0.0,0.0,0.0,0.0,0.0,0.0,0.0,0.0,0.0,0.0,0.0,1.45271168,1.45271168,1.45271168,0.0,0.0,0.0,0.0,0.0,0.0,0.0,0.0,0.0,0.0,0.0,0.0,-13.20439493368788,-13.20439493368788,-13.20439493368788,-3.364150832507236,-3.364150832507236,-3.364150832507236,0.6582800157876143,0.6582800157876143,0.6582800157876143,-5.210206799406904,-5.210206799406904,-5.210206799406904,-3.0595877496778336,-3.0595877496778336,-3.0595877496778336,1.45271168,1.45271168,1.45271168,-0.6465422043154962,-0.6465422043154962,-0.6465422043154962,0.8860564373136929,0.8860564373136929,0.8860564373136929,0.6017186903533285,0.6017186903533285,0.6017186903533285,-1.054071593047119,-1.054071593047119,-1.054071593047119,1.3434185398747094,1.3434185398747094,1.3434185398747094,-2.59606039582109,-2.59606039582109,-2.59606039582109,-7.426167521648449,-7.426167521648449,-7.426167521648449,0.0,0.0,0.0,43.928885959615734
372,2018-03-30 06:00:00,57.133002100001875,36.850250238705925,57.76907570954429,57.133002100001875,57.133002100001875,0.0,0.0,0.0,0.0,0.0,0.0,0.0,0.0,0.0,0.0,0.0,0.0,0.0,0.0,0.0,1.45271168,1.45271168,1.45271168,0.0,0.0,0.0,0.0,0.0,0.0,0.0,0.0,0.0,0.0,0.0,0.0,-10.025606822033874,-10.025606822033874,-10.025606822033874,-0.25783483205004143,-0.25783483205004143,-0.25783483205004143,0.6582800157876143,0.6582800157876143,0.6582800157876143,-5.076688231092056,-5.076688231092056,-5.076688231092056,-3.2748485028462,-3.2748485028462,-3.2748485028462,1.45271168,1.45271168,1.45271168,-0.5541604515893559,-0.5541604515893559,-0.5541604515893559,1.1313778657827005,1.1313778657827005,1.1313778657827005,0.5419990311868557,0.5419990311868557,0.5419990311868557,-1.0211567351943178,-1.0211567351943178,-1.0211567351943178,1.2872149898840441,1.2872149898840441,1.2872149898840441,-2.5581794542193528,-2.5581794542193528,-2.5581794542193528,-7.43101042877582,-7.43101042877582,-7.43101042877582,0.0,0.0,0.0,47.107395277968
373,2018-03-30 07:00:00,57.13272330670013,39.81301503206971,59.6540283581108,57.13272330670013,57.13272330670013,0.0,0.0,0.0,0.0,0.0,0.0,0.0,0.0,0.0,0.0,0.0,0.0,0.0,0.0,0.0,1.45271168,1.45271168,1.45271168,0.0,0.0,0.0,0.0,0.0,0.0,0.0,0.0,0.0,0.0,0.0,0.0,-7.380679068351284,-7.380679068351284,-7.380679068351284,2.1075918755498093,2.1075918755498093,2.1075918755498093,0.6582800157876143,0.6582800157876143,0.6582800157876143,-4.735088929594543,-4.735088929594543,-4.735088929594543,-3.2006022381057457,-3.2006022381057457,-3.2006022381057457,1.45271168,1.45271168,1.45271168,-0.4617786988632156,-0.4617786988632156,-0.4617786988632156,1.365450931810989,1.365450931810989,1.365450931810989,0.19906341263998847,0.19906341263998847,0.19906341263998847,-0.7451066537684655,-0.7451066537684655,-0.7451066537684655,1.2299621109731431,1.2299621109731431,1.2299621109731431,-2.550395699095708,-2.550395699095708,-2.550395699095708,-7.435855805279693,-7.435855805279693,-7.435855805279693,0.0,0.0,0.0,49.752044238348844
374,2018-03-30 08:00:00,57.13244451339839,40.62207290383182,60.788469154540856,57.13244451339839,57.13244451339839,0.0,0.0,0.0,0.0,0.0,0.0,0.0,0.0,0.0,0.0,0.0,0.0,0.0,0.0,0.0,1.45271168,1.45271168,1.45271168,0.0,0.0,0.0,0.0,0.0,0.0,0.0,0.0,0.0,0.0,0.0,0.0,-6.468814821386842,-6.468814821386842,-6.468814821386842,3.3887489534756785,3.3887489534756785,3.3887489534756785,0.6582800157876143,0.6582800157876143,0.6582800157876143,-5.040395523878817,-5.040395523878817,-5.040395523878817,-3.1867144475787548,-3.1867144475787548,-3.1867144475787548,1.45271168,1.45271168,1.45271168,-0.36939694613707524,-0.36939694613707524,-0.36939694613707524,1.3263494814218242,1.3263494814218242,1.3263494814218242,-0.2737172224279219,-0.2737172224279219,-0.2737172224279219,-0.4932769394418441,-0.4932769394418441,-0.4932769394418441,1.1708234896323466,1.1708234896323466,1.1708234896323466,-2.701919465502659,-2.701919465502659,-2.701919465502659,-7.440703420616051,-7.440703420616051,-7.440703420616051,0.0,0.0,0.0,50.66362969201155
375,2018-03-30 09:00:00,57.132165720096644,40.21338609686047,60.14958735582561,57.132165720096644,57.132165720096644,0.0,0.0,0.0,0.0,0.0,0.0,0.0,0.0,0.0,0.0,0.0,0.0,0.0,0.0,0.0,1.45271168,1.45271168,1.45271168,0.0,0.0,0.0,0.0,0.0,0.0,0.0,0.0,0.0,0.0,0.0,0.0,-7.015269166377446,-7.015269166377446,-7.015269166377446,3.872952391846726,3.872952391846726,3.872952391846726,0.6582800157876143,0.6582800157876143,0.6582800157876143,-6.004265341185067,-6.004265341185067,-6.004265341185067,-3.312772853900677,-3.312772853900677,-3.312772853900677,1.45271168,1.45271168,1.45271168,-0.27701519341093495,-0.27701519341093495,-0.27701519341093495,0.8780218927131798,0.8780218927131798,0.8780218927131798,-0.609866516069508,-0.609866516069508,-0.609866516069508,-0.35618345130965756,-0.35618345130965756,-0.35618345130965756,1.108885146446952,1.108885146446952,1.108885146446952,-2.984729234995083,-2.984729234995083,-2.984729234995083,-7.445553043486057,-7.445553043486057,-7.445553043486057,0.0,0.0,0.0,50.1168965537192
376,2018-03-30 10:00:00,57.1318869267949,40.68611023302933,60.35664394216774,57.1318869267949,57.1318869267949,0.0,0.0,0.0,0.0,0.0,0.0,0.0,0.0,0.0,0.0,0.0,0.0,0.0,0.0,0.0,1.45271168,1.45271168,1.45271168,0.0,0.0,0.0,0.0,0.0,0.0,0.0,0.0,0.0,0.0,0.0,0.0,-6.735141866037336,-6.735141866037336,-6.735141866037336,3.933425995912925,3.933425995912925,3.933425995912925,0.6582800157876143,0.6582800157876143,0.6582800157876143,-5.7140414215780835,-5.7140414215780835,-5.7140414215780835,-3.284997272846694,-3.284997272846694,-3.284997272846694,1.45271168,1.45271168,1.45271168,-0.18463344068479462,-0.18463344068479462,-0.18463344068479462,0.9267647966229606,0.9267647966229606,0.9267647966229606,-0.7071371730452025,-0.7071371730452025,-0.7071371730452025,-0.3467126667388044,-0.3467126667388044,-0.3467126667388044,1.0431663214716962,1.0431663214716962,1.0431663214716962,-2.775605680673162,-2.775605680673162,-2.775605680673162,-7.450404441843874,-7.450404441843874,-7.450404441843874,0.0,0.0,0.0,50.39674506075756
377,2018-03-30 11:00:00,57.13160813349316,39.57338119253456,59.22955817516818,57.13160813349316,57.13160813349316,0.0,0.0,0.0,0.0,0.0,0.0,0.0,0.0,0.0,0.0,0.0,0.0,0.0,0.0,0.0,1.45271168,1.45271168,1.45271168,0.0,0.0,0.0,0.0,0.0,0.0,0.0,0.0,0.0,0.0,0.0,0.0,-7.541530922309424,-7.541530922309424,-7.541530922309424,3.5673569009362165,3.5673569009362165,3.5673569009362165,0.6582800157876143,0.6582800157876143,0.6582800157876143,-6.078973839363925,-6.078973839363925,-6.078973839363925,-3.187782739157754,-3.187782739157754,-3.187782739157754,1.45271168,1.45271168,1.45271168,-0.09225168795865428,-0.09225168795865428,-0.09225168795865428,0.8062466276152604,0.8062466276152604,0.8062466276152604,-0.7731907354566044,-0.7731907354566044,-0.7731907354566044,-0.3493520657175668,-0.3493520657175668,-0.3493520657175668,0.9726317190269267,0.9726317190269267,0.9726317190269267,-3.1409232544762204,-3.1409232544762204,-3.1409232544762204,-7.455257382908641,-7.455257382908641,-7.455257382908641,0.0,0.0,0.0,49.59007721118373
378,2018-03-30 12:00:00,57.131329340191414,37.817060516159756,58.266551422001854,57.131329340191414,57.131329340191414,0.0,0.0,0.0,0.0,0.0,0.0,0.0,0.0,0.0,0.0,0.0,0.0,0.0,0.0,0.0,1.45271168,1.45271168,1.45271168,0.0,0.0,0.0,0.0,0.0,0.0,0.0,0.0,0.0,0.0,0.0,0.0,-9.106168668729314,-9.106168668729314,-9.106168668729314,2.533976000050675,2.533976000050675,2.533976000050675,0.6582800157876143,0.6582800157876143,0.6582800157876143,-6.528949788080627,-6.528949788080627,-6.528949788080627,-3.3309338107436655,-3.3309338107436655,-3.3309338107436655,1.45271168,1.45271168,1.45271168,0.00013006476748605346,0.00013006476748605346,0.00013006476748605346,0.5893139234014002,0.5893139234014002,0.5893139234014002,-0.8134562632279384,-0.8134562632279384,-0.8134562632279384,-0.41456074636934287,-0.41456074636934287,-0.41456074636934287,0.8962050724765552,0.8962050724765552,0.8962050724765552,-3.2177229716961815,-3.2177229716961815,-3.2177229716961815,-7.460111633175916,-7.460111633175916,-7.460111633175916,0.0,0.0,0.0,48.0251606714621
379,2018-03-30 13:00:00,57.131050546889675,36.275977453711,55.16180720241846,57.131050546889675,57.131050546889675,0.0,0.0,0.0,0.0,0.0,0.0,0.0,0.0,0.0,0.0,0.0,0.0,0.0,0.0,0.0,1.45271168,1.45271168,1.45271168,0.0,0.0,0.0,0.0,0.0,0.0,0.0,0.0,0.0,0.0,0.0,0.0,-11.30956531841422,-11.30956531841422,-11.30956531841422,0.9384961262677516,0.9384961262677516,0.9384961262677516,0.6582800157876143,0.6582800157876143,0.6582800157876143,-7.048590035393957,-7.048590035393957,-7.048590035393957,-3.4388312602225986,-3.4388312602225986,-3.4388312602225986,1.45271168,1.45271168,1.45271168,0.09251181749362639,0.09251181749362639,0.09251181749362639,0.4784372079143162,0.4784372079143162,0.4784372079143162,-0.8401491411887104,-0.8401491411887104,-0.8401491411887104,-0.5917109954733348,-0.5917109954733348,-0.5917109954733348,0.8127838691400251,0.8127838691400251,0.8127838691400251,-3.4071276797048697,-3.4071276797048697,-3.4071276797048697,-7.464966958428041,-7.464966958428041,-7.464966958428041,0.0,0.0,0.0,45.82148522847545
380,2018-03-30 14:00:00,57.13077175358793,35.01563670835475,54.913179706899236,57.13077175358793,57.13077175358793,0.0,0.0,0.0,0.0,0.0,0.0,0.0,0.0,0.0,0.0,0.0,0.0,0.0,0.0,0.0,1.45271168,1.45271168,1.45271168,0.0,0.0,0.0,0.0,0.0,0.0,0.0,0.0,0.0,0.0,0.0,0.0,-12.55222924762958,-12.55222924762958,-12.55222924762958,-0.4243284266617298,-0.4243284266617298,-0.4243284266617298,0.6582800157876143,0.6582800157876143,0.6582800157876143,-6.832044434362677,-6.832044434362677,-6.832044434362677,-3.4959848596990635,-3.4959848596990635,-3.4959848596990635,1.45271168,1.45271168,1.45271168,0.1848935702197667,0.1848935702197667,0.1848935702197667,0.5025408417158562,0.5025408417158562,0.5025408417158562,-0.6175576842954932,-0.6175576842954932,-0.6175576842954932,-0.7100181732272716,-0.7100181732272716,-0.7100181732272716,0.7212550571356124,0.7212550571356124,0.7212550571356124,-3.3541981448640854,-3.3541981448640854,-3.3541981448640854,-7.4698231237407855,-7.4698231237407855,-7.4698231237407855,0.0,0.0,0.0,44.57854250595835
381,2018-03-30 15:00:00,57.13049296028618,35.37153690968404,54.611923171337715,57.13049296028618,57.13049296028618,0.0,0.0,0.0,0.0,0.0,0.0,0.0,0.0,0.0,0.0,0.0,0.0,0.0,0.0,0.0,1.45271168,1.45271168,1.45271168,0.0,0.0,0.0,0.0,0.0,0.0,0.0,0.0,0.0,0.0,0.0,0.0,-12.44904761006276,-12.44904761006276,-12.44904761006276,-0.47212204151504417,-0.47212204151504417,-0.47212204151504417,0.6582800157876143,0.6582800157876143,0.6582800157876143,-6.5754688949679885,-6.5754688949679885,-6.5754688949679885,-3.530170190227042,-3.530170190227042,-3.530170190227042,1.45271168,1.45271168,1.45271168,0.27727532294590707,0.27727532294590707,0.27727532294590707,0.6177026476565474,0.6177026476565474,0.6177026476565474,-0.394966227402276,-0.394966227402276,-0.394966227402276,-0.7513170043067298,-0.7513170043067298,-0.7513170043067298,0.620511539922135,0.620511539922135,0.620511539922135,-3.452273459422009,-3.452273459422009,-3.452273459422009,-7.474679893501863,-7.474679893501863,-7.474679893501863,0.0,0.0,0.0,44.68144535022343
382,2018-03-30 16:00:00,57.130214166984445,36.440846099934824,56.09936987407553,57.130214166984445,57.130214166984445,0.0,0.0,0.0,0.0,0.0,0.0,0.0,0.0,0.0,0.0,0.0,0.0,0.0,0.0,0.0,1.45271168,1.45271168,1.45271168,0.0,0.0,0.0,0.0,0.0,0.0,0.0,0.0,0.0,0.0,0.0,0.0,-10.845644830961941,-10.845644830961941,-10.845644830961941,1.2611489825008801,1.2611489825008801,1.2611489825008801,0.6582800157876143,0.6582800157876143,0.6582800157876143,-6.5894377126682055,-6.5894377126682055,-6.5894377126682055,-3.438297114433099,-3.438297114433099,-3.438297114433099,1.45271168,1.45271168,1.45271168,0.36965707567204736,0.36965707567204736,0.36965707567204736,0.5561044723859452,0.5561044723859452,0.5561044723859452,-0.1927337452249019,-0.1927337452249019,-0.1927337452249019,-0.7300465537131742,-0.7300465537131742,-0.7300465537131742,0.5094692506197365,0.5094692506197365,0.5094692506197365,-3.812401863142638,-3.812401863142638,-3.812401863142638,-7.479537031414351,-7.479537031414351,-7.479537031414351,0.0,0.0,0.0,46.2845693360225
383,2018-03-30 17:00:00,57.1299353736827,39.966236100762664,59.45144572889719,57.1299353736827,57.1299353736827,0.0,0.0,0.0,0.0,0.0,0.0,0.0,0.0,0.0,0.0,0.0,0.0,0.0,0.0,0.0,1.45271168,1.45271168,1.45271168,0.0,0.0,0.0,0.0,0.0,0.0,0.0,0.0,0.0,0.0,0.0,0.0,-7.281908732843898,-7.281908732843898,-7.281908732843898,4.037861178867967,4.037861178867967,4.037861178867967,0.6582800157876143,0.6582800157876143,0.6582800157876143,-5.675171878121598,-5.675171878121598,-5.675171878121598,-3.3506972049551536,-3.3506972049551536,-3.3506972049551536,1.45271168,1.45271168,1.45271168,0.46203882839818766,0.46203882839818766,0.46203882839818766,0.7617888141590866,0.7617888141590866,0.7617888141590866,0.2334474588267456,0.2334474588267456,0.2334474588267456,-0.6468278565004313,-0.6468278565004313,-0.6468278565004313,0.3870845869200346,0.3870845869200346,0.3870845869200346,-3.7932019338376475,-3.7932019338376475,-3.7932019338376475,-7.484394300510303,-7.484394300510303,-7.484394300510303,0.0,0.0,0.0,49.8480266408388
384,2018-03-30 18:00:00,56.983869422338515,37.53072862627543,58.48875715160606,56.983869422338515,56.983869422338515,0.0,0.0,0.0,0.0,0.0,0.0,0.0,0.0,0.0,0.0,0.0,0.0,0.0,0.0,0.0,-2.45493744,-2.45493744,-2.45493744,0.0,0.0,0.0,0.0,0.0,0.0,0.0,0.0,0.0,0.0,0.0,0.0,-8.40308231838655,-8.40308231838655,-8.40308231838655,6.22376158394055,6.22376158394055,6.22376158394055,0.6693777447067073,0.6693777447067073,0.6693777447067073,-4.510440736150585,-4.510440736150585,-4.510440736150585,-3.157596708417314,-3.157596708417314,-3.157596708417314,-2.45493744,-2.45493744,-2.45493744,0.5873745483240981,0.5873745483240981,0.5873745483240981,1.2825039735081123,1.2825039735081123,1.2825039735081123,0.5270792425565138,0.5270792425565138,0.5270792425565138,-0.4066350420158232,-0.4066350420158232,-0.4066350420158232,0.20126018239627802,0.20126018239627802,0.20126018239627802,-4.012544494812879,-4.012544494812879,-4.012544494812879,-7.862725908572791,-7.862725908572791,-7.862725908572791,0.0,0.0,0.0,48.58078710395196
385,2018-03-30 19:00:00,56.98357411315926,38.76270107833131,58.99817051167222,56.98357411315926,56.98357411315926,0.0,0.0,0.0,0.0,0.0,0.0,0.0,0.0,0.0,0.0,0.0,0.0,0.0,0.0,0.0,-2.45493744,-2.45493744,-2.45493744,0.0,0.0,0.0,0.0,0.0,0.0,0.0,0.0,0.0,0.0,0.0,0.0,-7.131687124767085,-7.131687124767085,-7.131687124767085,6.516704755501756,6.516704755501756,6.516704755501756,0.6693777447067073,0.6693777447067073,0.6693777447067073,-3.383477945950888,-3.383477945950888,-3.383477945950888,-3.1957815328457233,-3.1957815328457233,-3.1957815328457233,-2.45493744,-2.45493744,-2.45493744,0.6852473598189456,0.6852473598189456,0.6852473598189456,2.0448644163019867,2.0448644163019867,2.0448644163019867,0.5990733950365615,0.5990733950365615,0.5990733950365615,-0.028558799061957782,-0.028558799061957782,-0.028558799061957782,0.05749163309255012,0.05749163309255012,0.05749163309255012,-4.157700529907409,-4.157700529907409,-4.157700529907409,-7.867468127410504,-7.867468127410504,-7.867468127410504,0.0,0.0,0.0,49.851886988392174
386,2018-03-30 20:00:00,56.983278803979985,37.716383444810006,57.52551296692299,56.983278803979985,56.983278803979985,0.0,0.0,0.0,0.0,0.0,0.0,0.0,0.0,0.0,0.0,0.0,0.0,0.0,0.0,0.0,-2.45493744,-2.45493744,-2.45493744,0.0,0.0,0.0,0.0,0.0,0.0,0.0,0.0,0.0,0.0,0.0,0.0,-9.316050787636694,-9.316050787636694,-9.316050787636694,4.65537315664892,4.65537315664892,4.65537315664892,0.6693777447067073,0.6693777447067073,0.6693777447067073,-3.5440331837433536,-3.5440331837433536,-3.5440331837433536,-3.2741877056720554,-3.2741877056720554,-3.2741877056720554,-2.45493744,-2.45493744,-2.45493744,0.7831201713137931,0.7831201713137931,0.7831201713137931,1.8843406599650414,1.8843406599650414,1.8843406599650414,0.6279657851765807,0.6279657851765807,0.6279657851765807,-0.1840225823615202,-0.1840225823615202,-0.1840225823615202,-0.1002499385885524,-0.1002499385885524,-0.1002499385885524,-4.050627256871901,-4.050627256871901,-4.050627256871901,-7.872203381953709,-7.872203381953709,-7.872203381953709,0.0,0.0,0.0,47.66722801634329
387,2018-03-30 21:00:00,56.98298349480072,34.574191865140634,53.85348012745063,56.98298349480072,56.98298349480072,0.0,0.0,0.0,0.0,0.0,0.0,0.0,0.0,0.0,0.0,0.0,0.0,0.0,0.0,0.0,-2.45493744,-2.45493744,-2.45493744,0.0,0.0,0.0,0.0,0.0,0.0,0.0,0.0,0.0,0.0,0.0,0.0,-12.634102075867034,-12.634102075867034,-12.634102075867034,1.5655473171148873,1.5655473171148873,1.5655473171148873,0.6693777447067073,0.6693777447067073,0.6693777447067073,-3.5950636240133975,-3.5950636240133975,-3.5950636240133975,-3.1413045166611924,-3.1413045166611924,-3.1413045166611924,-2.45493744,-2.45493744,-2.45493744,0.8809929828086407,0.8809929828086407,0.8809929828086407,1.4124517762570683,1.4124517762570683,1.4124517762570683,0.6464379690365928,0.6464379690365928,0.6464379690365928,-0.4048103497235747,-0.4048103497235747,-0.4048103497235747,-0.2727168933894599,-0.2727168933894599,-0.2727168933894599,-3.6582092304376395,-3.6582092304376395,-3.6582092304376395,-7.876931435579063,-7.876931435579063,-7.876931435579063,0.0,0.0,0.0,44.348881418933686
388,2018-03-30 22:00:00,56.982688185621456,29.374444889646746,49.68024215182795,56.982688185621456,56.982688185621456,0.0,0.0,0.0,0.0,0.0,0.0,0.0,0.0,0.0,0.0,0.0,0.0,0.0,0.0,0.0,-2.45493744,-2.45493744,-2.45493744,0.0,0.0,0.0,0.0,0.0,0.0,0.0,0.0,0.0,0.0,0.0,0.0,-17.24193950457903,-17.24193950457903,-17.24193950457903,-1.5037312806352883,-1.5037312806352883,-1.5037312806352883,0.6693777447067073,0.6693777447067073,0.6693777447067073,-4.941082041129108,-4.941082041129108,-4.941082041129108,-3.370413463231647,-3.370413463231647,-3.370413463231647,-2.45493744,-2.45493744,-2.45493744,0.9788657943034883,0.9788657943034883,0.9788657943034883,0.7932887161002784,0.7932887161002784,0.7932887161002784,0.6464379690365928,0.6464379690365928,0.6464379690365928,-0.7057021087153335,-0.7057021087153335,-0.7057021087153335,-0.4605366915352069,-0.4605366915352069,-0.4605366915352069,-3.9529366933291943,-3.9529366933291943,-3.9529366933291943,-7.881652051279423,-7.881652051279423,-7.881652051279423,0.0,0.0,0.0,39.740748681042426
389,2018-03-30 23:00:00,56.982392876442184,25.768412116693423,46.14331345900265,56.982392876442184,56.982392876442184,0.0,0.0,0.0,0.0,0.0,0.0,0.0,0.0,0.0,0.0,0.0,0.0,0.0,0.0,0.0,-2.45493744,-2.45493744,-2.45493744,0.0,0.0,0.0,0.0,0.0,0.0,0.0,0.0,0.0,0.0,0.0,0.0,-20.431903607608678,-20.431903607608678,-20.431903607608678,-3.8735928290498034,-3.8735928290498034,-3.8735928290498034,0.6693777447067073,0.6693777447067073,0.6693777447067073,-5.5528116717755776,-5.5528116717755776,-5.5528116717755776,-3.4111439426219494,-3.4111439426219494,-3.4111439426219494,-2.45493744,-2.45493744,-2.45493744,1.0767386057983357,1.0767386057983357,1.0767386057983357,0.46103002044412433,0.46103002044412433,0.46103002044412433,0.6464379690365928,0.6464379690365928,0.6464379690365928,-1.0252057290880259,-1.0252057290880259,-1.0252057290880259,-0.6641966751116158,-0.6641966751116158,-0.6641966751116158,-3.9700463400513626,-3.9700463400513626,-3.9700463400513626,-7.88636499167168,-7.88636499167168,-7.88636499167168,0.0,0.0,0.0,36.5504892688335
390,2018-03-31 00:00:00,56.98209756726292,27.621272676811433,47.51076030946919,56.98209756726292,56.98209756726292,0.0,0.0,0.0,0.0,0.0,0.0,0.0,0.0,0.0,0.0,0.0,0.0,0.0,0.0,0.0,0.0,0.0,0.0,0.0,0.0,0.0,0.0,0.0,0.0,0.0,0.0,0.0,0.0,0.0,0.0,-19.620205707110475,-19.620205707110475,-19.620205707110475,-5.621713648010848,-5.621713648010848,-5.621713648010848,2.0077096368973426,2.0077096368973426,2.0077096368973426,-5.223391944707215,-5.223391944707215,-5.223391944707215,-3.4182717765152524,-3.4182717765152524,-3.4182717765152524,0.0,0.0,0.0,0.00013767935501292125,0.00013767935501292125,0.00013767935501292125,0.34993738907442873,0.34993738907442873,0.34993738907442873,0.6469116147765932,0.6469116147765932,0.6469116147765932,-1.2691670885616348,-1.2691670885616348,-1.2691670885616348,-0.8840300953807397,-0.8840300953807397,-0.8840300953807397,-3.5406493997337045,-3.5406493997337045,-3.5406493997337045,-7.8910700190116705,-7.8910700190116705,-7.8910700190116705,0.0,0.0,0.0,37.36189186015244
391,2018-03-31 01:00:00,56.98180225808365,25.693199890013542,45.79487347904216,56.98180225808365,56.98180225808365,0.0,0.0,0.0,0.0,0.0,0.0,0.0,0.0,0.0,0.0,0.0,0.0,0.0,0.0,0.0,0.0,0.0,0.0,0.0,0.0,0.0,0.0,0.0,0.0,0.0,0.0,0.0,0.0,0.0,0.0,-21.54785336878021,-21.54785336878021,-21.54785336878021,-7.02776716710248,-7.02776716710248,-7.02776716710248,2.0077096368973426,2.0077096368973426,2.0077096368973426,-5.504115713241243,-5.504115713241243,-5.504115713241243,-3.2996442552909953,-3.2996442552909953,-3.2996442552909953,0.0,0.0,0.0,-1.07646324708831,-1.07646324708831,-1.07646324708831,0.45542442895299295,0.45542442895299295,0.45542442895299295,0.6469116147765932,0.6469116147765932,0.6469116147765932,-1.4215288949643747,-1.4215288949643747,-1.4215288949643747,-1.1202035932352472,-1.1202035932352472,-1.1202035932352472,-2.8165249965244916,-2.8165249965244916,-2.8165249965244916,-7.895766895201242,-7.895766895201242,-7.895766895201242,0.0,0.0,0.0,35.43394888930344
392,2018-03-31 02:00:00,56.98150694890438,23.814221811915907,43.18136261434925,56.98150694890438,56.98150694890438,0.0,0.0,0.0,0.0,0.0,0.0,0.0,0.0,0.0,0.0,0.0,0.0,0.0,0.0,0.0,0.0,0.0,0.0,0.0,0.0,0.0,0.0,0.0,0.0,0.0,0.0,0.0,0.0,0.0,0.0,-23.037736514954574,-23.037736514954574,-23.037736514954574,-7.949713040560847,-7.949713040560847,-7.949713040560847,2.0077096368973426,2.0077096368973426,2.0077096368973426,-5.814861766550177,-5.814861766550177,-5.814861766550177,-3.384160000025874,-3.384160000025874,-3.384160000025874,0.0,0.0,0.0,-0.9785904355934624,-0.9785904355934624,-0.9785904355934624,0.3361782099598334,0.3361782099598334,0.3361782099598334,0.6469116147765932,0.6469116147765932,0.6469116147765932,-1.4994432558433808,-1.4994432558433808,-1.4994432558433808,-1.3727063260411358,-1.3727063260411358,-1.3727063260411358,-2.9434675367212284,-2.9434675367212284,-2.9434675367212284,-7.900455381802416,-7.900455381802416,-7.900455381802416,0.0,0.0,0.0,33.94377043394981
393,2018-03-31 03:00:00,56.98121163972511,24.90094759530423,45.033878311455034,56.98121163972511,56.98121163972511,0.0,0.0,0.0,0.0,0.0,0.0,0.0,0.0,0.0,0.0,0.0,0.0,0.0,0.0,0.0,0.0,0.0,0.0,0.0,0.0,0.0,0.0,0.0,0.0,0.0,0.0,0.0,0.0,0.0,0.0,-22.57607805290155,-22.57607805290155,-22.57607805290155,-7.804909656686683,-7.804909656686683,-7.804909656686683,2.0077096368973426,2.0077096368973426,2.0077096368973426,-5.224692240337569,-5.224692240337569,-5.224692240337569,-3.2370211432284046,-3.2370211432284046,-3.2370211432284046,0.0,0.0,0.0,-0.8807176240986148,-0.8807176240986148,-0.8807176240986148,0.4426844482913306,0.4426844482913306,0.4426844482913306,0.6469116147765932,0.6469116147765932,0.6469116147765932,-1.4815612713793467,-1.4815612713793467,-1.4815612713793467,-1.6413409158297576,-1.6413409158297576,-1.6413409158297576,-2.7226979015964687,-2.7226979015964687,-2.7226979015964687,-7.905135240047542,-7.905135240047542,-7.905135240047542,0.0,0.0,0.0,34.40513358682356
394,2018-03-31 04:00:00,56.980916330545845,25.970470408277162,46.254852969082435,56.980916330545845,56.980916330545845,0.0,0.0,0.0,0.0,0.0,0.0,0.0,0.0,0.0,0.0,0.0,0.0,0.0,0.0,0.0,0.0,0.0,0.0,0.0,0.0,0.0,0.0,0.0,0.0,0.0,0.0,0.0,0.0,0.0,0.0,-21.016725362516734,-21.016725362516734,-21.016725362516734,-6.164252788496988,-6.164252788496988,-6.164252788496988,2.0077096368973426,2.0077096368973426,2.0077096368973426,-5.016949969301531,-5.016949969301531,-5.016949969301531,-3.158614970402071,-3.158614970402071,-3.158614970402071,0.0,0.0,0.0,-0.7828448126037673,-0.7828448126037673,-0.7828448126037673,0.61136179225174,0.61136179225174,0.61136179225174,0.6469116147765932,0.6469116147765932,0.6469116147765932,-1.3069382190111762,-1.3069382190111762,-1.3069382190111762,-1.9257163738693646,-1.9257163738693646,-1.9257163738693646,-3.034535011210192,-3.034535011210192,-3.034535011210192,-7.909806230848849,-7.909806230848849,-7.909806230848849,0.0,0.0,0.0,35.964190968029115
395,2018-03-31 05:00:00,56.98062102136658,28.819016508964825,48.84847186177079,56.98062102136658,56.98062102136658,0.0,0.0,0.0,0.0,0.0,0.0,0.0,0.0,0.0,0.0,0.0,0.0,0.0,0.0,0.0,0.0,0.0,0.0,0.0,0.0,0.0,0.0,0.0,0.0,0.0,0.0,0.0,0.0,0.0,0.0,-18.329084259969644,-18.329084259969644,-18.329084259969644,-3.3245095610642874,-3.3245095610642874,-3.3245095610642874,2.0077096368973426,2.0077096368973426,2.0077096368973426,-4.864863450029672,-4.864863450029672,-4.864863450029672,-3.2777516226187076,-3.2777516226187076,-3.2777516226187076,0.0,0.0,0.0,-0.6849720011089198,-0.6849720011089198,-0.6849720011089198,0.7127720383185723,0.7127720383185723,0.7127720383185723,0.6431224488565906,0.6431224488565906,0.6431224488565906,-1.1202721975141663,-1.1202721975141663,-1.1202721975141663,-2.2252431340640064,-2.2252431340640064,-2.2252431340640064,-3.1454717528603844,-3.1454717528603844,-3.1454717528603844,-7.914468114811674,-7.914468114811674,-7.914468114811674,0.0,0.0,0.0,38.65153676139694
396,2018-03-31 06:00:00,56.98032571218731,31.7587220632737,50.82947877260487,56.98032571218731,56.98032571218731,0.0,0.0,0.0,0.0,0.0,0.0,0.0,0.0,0.0,0.0,0.0,0.0,0.0,0.0,0.0,0.0,0.0,0.0,0.0,0.0,0.0,0.0,0.0,0.0,0.0,0.0,0.0,0.0,0.0,0.0,-15.467950920090919,-15.467950920090919,-15.467950920090919,-0.24722472000793871,-0.24722472000793871,-0.24722472000793871,2.0077096368973426,2.0077096368973426,2.0077096368973426,-4.762475244253472,-4.762475244253472,-4.762475244253472,-3.2894616354434194,-3.2894616354434194,-3.2894616354434194,0.0,0.0,0.0,-0.5870991896140723,-0.5870991896140723,-0.5870991896140723,0.7484439841712268,0.7484439841712268,0.7484439841712268,0.573970170816545,0.573970170816545,0.573970170816545,-0.9458316143752209,-0.9458316143752209,-0.9458316143752209,-2.53913030358297,-2.53913030358297,-2.53913030358297,-3.2702065967058735,-3.2702065967058735,-3.2702065967058735,-7.919120652246538,-7.919120652246538,-7.919120652246538,0.0,0.0,0.0,41.51237479209639
397,2018-03-31 07:00:00,56.980030403008044,34.1649428385546,53.54621891725239,56.980030403008044,56.980030403008044,0.0,0.0,0.0,0.0,0.0,0.0,0.0,0.0,0.0,0.0,0.0,0.0,0.0,0.0,0.0,0.0,0.0,0.0,0.0,0.0,0.0,0.0,0.0,0.0,0.0,0.0,0.0,0.0,0.0,0.0,-13.030353722649753,-13.030353722649753,-13.030353722649753,2.1010488449180147,2.1010488449180147,2.1010488449180147,2.0077096368973426,2.0077096368973426,2.0077096368973426,-4.341253751913428,-4.341253751913428,-4.341253751913428,-3.28080640857298,-3.28080640857298,-3.28080640857298,0.0,0.0,0.0,-0.4892263781192247,-0.4892263781192247,-0.4892263781192247,1.109749835735971,1.109749835735971,1.109749835735971,0.1296904666962511,0.1296904666962511,0.1296904666962511,-0.5117373180493302,-0.5117373180493302,-0.5117373180493302,-2.866385212477404,-2.866385212477404,-2.866385212477404,-3.3066335865014587,-3.3066335865014587,-3.3066335865014587,-7.923763603176935,-7.923763603176935,-7.923763603176935,0.0,0.0,0.0,43.949676680358294
398,2018-03-31 08:00:00,56.97973509382878,34.013941569974484,54.05038659699577,56.97973509382878,56.97973509382878,0.0,0.0,0.0,0.0,0.0,0.0,0.0,0.0,0.0,0.0,0.0,0.0,0.0,0.0,0.0,0.0,0.0,0.0,0.0,0.0,0.0,0.0,0.0,0.0,0.0,0.0,0.0,0.0,0.0,0.0,-12.85823115999182,-12.85823115999182,-12.85823115999182,3.3728643757786148,3.3728643757786148,3.3728643757786148,2.0077096368973426,2.0077096368973426,2.0077096368973426,-5.096883490486421,-5.096883490486421,-5.096883490486421,-3.2965894693367224,-3.2965894693367224,-3.2965894693367224,0.0,0.0,0.0,-0.39135356662437715,-0.39135356662437715,-0.39135356662437715,0.9583988654754223,0.9583988654754223,0.9583988654754223,-0.53720273522419,-0.53720273522419,-0.53720273522419,-0.15811195181159313,-0.15811195181159313,-0.15811195181159313,-3.2058153179312106,-3.2058153179312106,-3.2058153179312106,-3.679734269862304,-3.679734269862304,-3.679734269862304,-7.928396727352803,-7.928396727352803,-7.928396727352803,0.0,0.0,0.0,44.12150393383696
399,2018-03-31 09:00:00,56.979439784649514,32.93617424072935,53.954974280572266,56.979439784649514,56.979439784649514,0.0,0.0,0.0,0.0,0.0,0.0,0.0,0.0,0.0,0.0,0.0,0.0,0.0,0.0,0.0,0.0,0.0,0.0,0.0,0.0,0.0,0.0,0.0,0.0,0.0,0.0,0.0,0.0,0.0,0.0,-13.700307717929068,-13.700307717929068,-13.700307717929068,3.8501439789931284,3.8501439789931284,3.8501439789931284,2.0077096368973426,2.0077096368973426,2.0077096368973426,-6.061399422749452,-6.061399422749452,-6.061399422749452,-3.410634811629571,-3.410634811629571,-3.410634811629571,0.0,0.0,0.0,-0.2934807551295297,-0.2934807551295297,-0.2934807551295297,0.8136726851589381,0.8136726851589381,0.8136726851589381,-1.1950966680846251,-1.1950966680846251,-1.1950966680846251,-0.06705980642839869,-0.06705980642839869,-0.06705980642839869,-3.556032489909433,-3.556032489909433,-3.556032489909433,-3.9165097035336087,-3.9165097035336087,-3.9165097035336087,-7.933019784263311,-7.933019784263311,-7.933019784263311,0.0,0.0,0.0,43.27913206672045
400,2018-03-31 10:00:00,56.97914447547025,33.40469912375776,53.60192674003006,56.97914447547025,56.97914447547025,0.0,0.0,0.0,0.0,0.0,0.0,0.0,0.0,0.0,0.0,0.0,0.0,0.0,0.0,0.0,0.0,0.0,0.0,0.0,0.0,0.0,0.0,0.0,0.0,0.0,0.0,0.0,0.0,0.0,0.0,-13.67326217448736,-13.67326217448736,-13.67326217448736,3.9054885125741285,3.9054885125741285,3.9054885125741285,2.0077096368973426,2.0077096368973426,2.0077096368973426,-5.725658478159321,-5.725658478159321,-5.725658478159321,-3.3699043322392677,-3.3699043322392677,-3.3699043322392677,0.0,0.0,0.0,-0.19560794363468212,-0.19560794363468212,-0.19560794363468212,1.0419731386159272,1.0419731386159272,1.0419731386159272,-1.423393914764776,-1.423393914764776,-1.423393914764776,-0.1011815522934435,-0.1011815522934435,-0.1011815522934435,-3.915459675757159,-3.915459675757159,-3.915459675757159,-3.6852535107404223,-3.6852535107404223,-3.6852535107404223,-7.937632533145009,-7.937632533145009,-7.937632533145009,0.0,0.0,0.0,43.30588230098289
401,2018-03-31 11:00:00,56.978849166290985,32.42296961502529,52.191417998117,56.978849166290985,56.978849166290985,0.0,0.0,0.0,0.0,0.0,0.0,0.0,0.0,0.0,0.0,0.0,0.0,0.0,0.0,0.0,0.0,0.0,0.0,0.0,0.0,0.0,0.0,0.0,0.0,0.0,0.0,0.0,0.0,0.0,0.0,-14.711916247126966,-14.711916247126966,-14.711916247126966,3.5394797727846337,3.5394797727846337,3.5394797727846337,2.0077096368973426,2.0077096368973426,2.0077096368973426,-6.026821373153469,-6.026821373153469,-6.026821373153469,-3.3536121404831465,-3.3536121404831465,-3.3536121404831465,0.0,0.0,0.0,-0.09773513213983459,-0.09773513213983459,-0.09773513213983459,0.7912503191944124,0.7912503191944124,0.7912503191944124,-1.5598038878848663,-1.5598038878848663,-1.5598038878848663,-0.11778625215290378,-0.11778625215290378,-0.11778625215290378,-4.282339913762337,-4.282339913762337,-4.282339913762337,-3.696843916584472,-3.696843916584472,-3.696843916584472,-7.9422347329957965,-7.9422347329957965,-7.9422347329957965,0.0,0.0,0.0,42.26693291916402
402,2018-03-31 12:00:00,56.97855385711171,30.37454660553632,50.79971940022365,56.97855385711171,56.97855385711171,0.0,0.0,0.0,0.0,0.0,0.0,0.0,0.0,0.0,0.0,0.0,0.0,0.0,0.0,0.0,0.0,0.0,0.0,0.0,0.0,0.0,0.0,0.0,0.0,0.0,0.0,0.0,0.0,0.0,0.0,-16.190569415695204,-16.190569415695204,-16.190569415695204,2.5131260320173676,2.5131260320173676,2.5131260320173676,2.0077096368973426,2.0077096368973426,2.0077096368973426,-6.102121669758095,-6.102121669758095,-6.102121669758095,-3.2629868238397224,-3.2629868238397224,-3.2629868238397224,0.0,0.0,0.0,0.00013767935501292125,0.00013767935501292125,0.00013767935501292125,0.6251209713663354,0.6251209713663354,0.6251209713663354,-1.601484713004894,-1.601484713004894,-1.601484713004894,-0.19971493607485627,-0.19971493607485627,-0.19971493607485627,-4.6547476353692305,-4.6547476353692305,-4.6547476353692305,-3.6709034844573125,-3.6709034844573125,-3.6709034844573125,-7.946826142585246,-7.946826142585246,-7.946826142585246,0.0,0.0,0.0,40.78798444141651
403,2018-03-31 13:00:00,56.97825854793245,28.018778692024345,48.48209372458993,56.97825854793245,56.97825854793245,0.0,0.0,0.0,0.0,0.0,0.0,0.0,0.0,0.0,0.0,0.0,0.0,0.0,0.0,0.0,0.0,0.0,0.0,0.0,0.0,0.0,0.0,0.0,0.0,0.0,0.0,0.0,0.0,0.0,0.0,-18.546155454091313,-18.546155454091313,-18.546155454091313,0.927906251200228,0.927906251200228,0.927906251200228,2.0077096368973426,2.0077096368973426,2.0077096368973426,-6.492053017368612,-6.492053017368612,-6.492053017368612,-3.354630402467904,-3.354630402467904,-3.354630402467904,0.0,0.0,0.0,0.09801049084986044,0.09801049084986044,0.09801049084986044,0.4961923670703124,0.4961923670703124,0.4961923670703124,-1.606221170404897,-1.606221170404897,-1.606221170404897,-0.4048103497235747,-0.4048103497235747,-0.4048103497235747,-5.030602167457274,-5.030602167457274,-5.030602167457274,-3.728303589589751,-3.728303589589751,-3.728303589589751,-7.951406520465658,-7.951406520465658,-7.951406520465658,0.0,0.0,0.0,38.432103093841135
404,2018-03-31 14:00:00,56.97796323875318,26.76476548314451,47.27748353049077,56.97796323875318,56.97796323875318,0.0,0.0,0.0,0.0,0.0,0.0,0.0,0.0,0.0,0.0,0.0,0.0,0.0,0.0,0.0,0.0,0.0,0.0,0.0,0.0,0.0,0.0,0.0,0.0,0.0,0.0,0.0,0.0,0.0,0.0,-20.043827456719495,-20.043827456719495,-20.043827456719495,-0.4285810552913171,-0.4285810552913171,-0.4285810552913171,2.0077096368973426,2.0077096368973426,2.0077096368973426,-6.251587457021431,-6.251587457021431,-6.251587457021431,-3.3495390925441164,-3.3495390925441164,-3.3495390925441164,0.0,0.0,0.0,0.19588330234470797,0.19588330234470797,0.19588330234470797,0.5323739121494334,0.5323739121494334,0.5323739121494334,-1.5484363901248588,-1.5484363901248588,-1.5484363901248588,-0.5527928946249189,-0.5527928946249189,-0.5527928946249189,-5.407683319422302,-5.407683319422302,-5.407683319422302,-3.5367859311190215,-3.5367859311190215,-3.5367859311190215,-7.955975624984445,-7.955975624984445,-7.955975624984445,0.0,0.0,0.0,36.93413578203369
405,2018-03-31 15:00:00,56.97766792957391,27.14066435281093,47.30851365304186,56.97766792957391,56.97766792957391,0.0,0.0,0.0,0.0,0.0,0.0,0.0,0.0,0.0,0.0,0.0,0.0,0.0,0.0,0.0,0.0,0.0,0.0,0.0,0.0,0.0,0.0,0.0,0.0,0.0,0.0,0.0,0.0,0.0,0.0,-19.935445285765987,-19.935445285765987,-19.935445285765987,-0.47873088732640323,-0.47873088732640323,-0.47873088732640323,2.0077096368973426,2.0077096368973426,2.0077096368973426,-5.712532271815907,-5.712532271815907,-5.712532271815907,-3.3495390925441164,-3.3495390925441164,-3.3495390925441164,0.0,0.0,0.0,0.29375611383955547,0.29375611383955547,0.29375611383955547,0.5012883593349774,0.5012883593349774,0.5012883593349774,-1.3968697533247585,-1.3968697533247585,-1.3968697533247585,-0.6460346707588113,-0.6460346707588113,-0.6460346707588113,-5.7836489123274175,-5.7836489123274175,-5.7836489123274175,-3.1228428652600964,-3.1228428652600964,-3.1228428652600964,-7.960533214296261,-7.960533214296261,-7.960533214296261,0.0,0.0,0.0,37.042222643807925
406,2018-03-31 16:00:00,56.97737262039465,29.88455536021818,49.441406304359134,56.97737262039465,56.97737262039465,0.0,0.0,0.0,0.0,0.0,0.0,0.0,0.0,0.0,0.0,0.0,0.0,0.0,0.0,0.0,0.0,0.0,0.0,0.0,0.0,0.0,0.0,0.0,0.0,0.0,0.0,0.0,0.0,0.0,0.0,-17.5955798961941,-17.5955798961941,-17.5955798961941,1.2446028722312046,1.2446028722312046,1.2446028722312046,2.0077096368973426,2.0077096368973426,2.0077096368973426,-4.719049639734973,-4.719049639734973,-4.719049639734973,-3.2380394052131622,-3.2380394052131622,-3.2380394052131622,0.0,0.0,0.0,0.39162892533440297,0.39162892533440297,0.39162892533440297,0.4961923670703124,0.4961923670703124,0.4961923670703124,-1.0629495066245378,-1.0629495066245378,-1.0629495066245378,-0.662091962930597,-0.662091962930597,-0.662091962930597,-6.156054082316999,-6.156054082316999,-6.156054082316999,-2.651499694268733,-2.651499694268733,-2.651499694268733,-7.96507904637333,-7.96507904637333,-7.96507904637333,0.0,0.0,0.0,39.38179272420055
407,2018-03-31 17:00:00,56.97707731121538,34.712082890478555,54.3956542491311,56.97707731121538,56.97707731121538,0.0,0.0,0.0,0.0,0.0,0.0,0.0,0.0,0.0,0.0,0.0,0.0,0.0,0.0,0.0,0.0,0.0,0.0,0.0,0.0,0.0,0.0,0.0,0.0,0.0,0.0,0.0,0.0,0.0,0.0,-12.313454595874934,-12.313454595874934,-12.313454595874934,4.008679180653375,4.008679180653375,4.008679180653375,2.0077096368973426,2.0077096368973426,2.0077096368973426,-1.8301487289535294,-1.8301487289535294,-1.8301487289535294,-3.081227059560496,-3.081227059560496,-3.081227059560496,0.0,0.0,0.0,0.4895017368292506,0.4895017368292506,0.4895017368292506,1.3426366822311584,1.3426366822311584,1.3426366822311584,-0.4183176544841114,-0.4183176544841114,-0.4183176544841114,-0.60789860185082,-0.60789860185082,-0.60789860185082,-6.522372168558998,-6.522372168558998,-6.522372168558998,-1.562553469015854,-1.562553469015854,-1.562553469015854,-7.969612879015782,-7.969612879015782,-7.969612879015782,0.0,0.0,0.0,44.66362271534045
408,2018-03-31 18:00:00,56.72070277465253,37.49212258953395,58.71283907127369,56.72070277465253,56.72070277465253,0.0,0.0,0.0,0.0,0.0,0.0,0.0,0.0,0.0,0.0,0.0,0.0,0.0,0.0,0.0,0.0,0.0,0.0,0.0,0.0,0.0,0.0,0.0,0.0,0.0,0.0,0.0,0.0,0.0,0.0,-8.653523708983363,-8.653523708983363,-8.653523708983363,6.293579951968654,6.293579951968654,6.293579951968654,1.756907448674178,1.756907448674178,1.756907448674178,0.31288016201461966,0.31288016201461966,0.31288016201461966,-2.928137348195264,-2.928137348195264,-2.928137348195264,0.0,0.0,0.0,0.48770253276488557,0.48770253276488557,0.48770253276488557,2.0602455618001234,2.0602455618001234,2.0602455618001234,0.22960182453790615,0.22960182453790615,0.22960182453790615,-0.33329072427130335,-0.33329072427130335,-0.33329072427130335,-6.621736852980562,-6.621736852980562,-6.621736852980562,-0.960149133295906,-0.960149133295906,-0.960149133295906,-8.638246969986076,-8.638246969986076,-8.638246969986076,0.0,0.0,0.0,48.067179065669166
409,2018-03-31 19:00:00,56.7203758313707,39.08177296465134,59.697780453211095,56.7203758313707,56.7203758313707,0.0,0.0,0.0,0.0,0.0,0.0,0.0,0.0,0.0,0.0,0.0,0.0,0.0,0.0,0.0,0.0,0.0,0.0,0.0,0.0,0.0,0.0,0.0,0.0,0.0,0.0,0.0,0.0,0.0,0.0,-7.014476986813325,-7.014476986813325,-7.014476986813325,6.584707437422662,6.584707437422662,6.584707437422662,1.756907448674178,1.756907448674178,1.756907448674178,1.9938934543678692,1.9938934543678692,1.9938934543678692,-2.588481922226854,-2.588481922226854,-2.588481922226854,0.0,0.0,0.0,0.5689672515486595,0.5689672515486595,0.5689672515486595,2.3782737315323588,2.3782737315323588,2.3782737315323588,0.39349186920697254,0.39349186920697254,0.39349186920697254,0.12984170249899427,0.12984170249899427,0.12984170249899427,-6.94989281917654,-6.94989281917654,-6.94989281917654,-0.6451066268664402,-0.6451066268664402,-0.6451066268664402,-8.643185059427315,-8.643185059427315,-8.643185059427315,0.0,0.0,0.0,49.705898844557375
410,2018-03-31 20:00:00,56.720048888088876,37.656299278778,57.813485267497306,56.720048888088876,56.720048888088876,0.0,0.0,0.0,0.0,0.0,0.0,0.0,0.0,0.0,0.0,0.0,0.0,0.0,0.0,0.0,0.0,0.0,0.0,0.0,0.0,0.0,0.0,0.0,0.0,0.0,0.0,0.0,0.0,0.0,0.0,-9.322391338730021,-9.322391338730021,-9.322391338730021,4.7372714122070825,4.7372714122070825,4.7372714122070825,1.756907448674178,1.756907448674178,1.756907448674178,1.85219943002483,1.85219943002483,1.85219943002483,-2.651673629383767,-2.651673629383767,-2.651673629383767,0.0,0.0,0.0,0.6502319703324333,0.6502319703324333,0.6502319703324333,2.16884054658674,2.16884054658674,2.16884054658674,0.4058329870284384,0.4058329870284384,0.4058329870284384,-0.10095454841438348,-0.10095454841438348,-0.10095454841438348,-7.2637590773471095,-7.2637590773471095,-7.2637590773471095,-0.3769853447988097,-0.3769853447988097,-0.3769853447988097,-8.648103103614822,-8.648103103614822,-8.648103103614822,0.0,0.0,0.0,47.397657549358854
411,2018-03-31 21:00:00,56.71972194480705,33.885809716207554,54.26000227519205,56.71972194480705,56.71972194480705,0.0,0.0,0.0,0.0,0.0,0.0,0.0,0.0,0.0,0.0,0.0,0.0,0.0,0.0,0.0,0.0,0.0,0.0,0.0,0.0,0.0,0.0,0.0,0.0,0.0,0.0,0.0,0.0,0.0,0.0,-12.725537239491112,-12.725537239491112,-12.725537239491112,1.6702658010055351,1.6702658010055351,1.6702658010055351,1.756907448674178,1.756907448674178,1.756907448674178,1.8180528639890223,1.8180528639890223,1.8180528639890223,-2.773844263220467,-2.773844263220467,-2.773844263220467,0.0,0.0,0.0,0.7314966891162071,0.7314966891162071,0.7314966891162071,2.233632512299764,2.233632512299764,2.233632512299764,0.44976736647285676,0.44976736647285676,0.44976736647285676,-0.3436852176402128,-0.3436852176402128,-0.3436852176402128,-7.560855057296754,-7.560855057296754,-7.560855057296754,-0.23622167171330372,-0.23622167171330372,-0.23622167171330372,-8.653000847188917,-8.653000847188917,-8.653000847188917,0.0,0.0,0.0,43.99418470531594
412,2018-03-31 22:00:00,56.71939500152522,24.635381270573326,45.098520198669675,56.71939500152522,56.71939500152522,0.0,0.0,0.0,0.0,0.0,0.0,0.0,0.0,0.0,0.0,0.0,0.0,0.0,0.0,0.0,0.0,0.0,0.0,0.0,0.0,0.0,0.0,0.0,0.0,0.0,0.0,0.0,0.0,0.0,0.0,-21.918180418625386,-21.918180418625386,-21.918180418625386,-1.3929535347098683,-1.3929535347098683,-1.3929535347098683,1.756907448674178,1.756907448674178,1.756907448674178,-4.02860145070315,-4.02860145070315,-4.02860145070315,-2.8265040191845614,-2.8265040191845614,-2.8265040191845614,0.0,0.0,0.0,0.8127614078999811,0.8127614078999811,0.8127614078999811,-0.32336872612124923,-0.32336872612124923,-0.32336872612124923,0.6990579464664668,0.6990579464664668,0.6990579464664668,-0.32231875904856566,-0.32231875904856566,-0.32231875904856566,-7.838747398279482,-7.838747398279482,-7.838747398279482,-3.825136749389399,-3.825136749389399,-3.825136749389399,-8.657878034932887,-8.657878034932887,-8.657878034932887,0.0,0.0,0.0,34.80121458289983
413,2018-03-31 23:00:00,56.719068058243394,22.321532713526175,41.171149703867705,56.719068058243394,56.719068058243394,0.0,0.0,0.0,0.0,0.0,0.0,0.0,0.0,0.0,0.0,0.0,0.0,0.0,0.0,0.0,0.0,0.0,0.0,0.0,0.0,0.0,0.0,0.0,0.0,0.0,0.0,0.0,0.0,0.0,0.0,-25.131748148594262,-25.131748148594262,-25.131748148594262,-3.796964417822886,-3.796964417822886,-3.796964417822886,1.756907448674178,1.756907448674178,1.756907448674178,-4.57697534243817,-4.57697534243817,-4.57697534243817,-3.0524143722705275,-3.0524143722705275,-3.0524143722705275,0.0,0.0,0.0,0.8940261266837549,0.8940261266837549,0.8940261266837549,-0.5460340730786821,-0.5460340730786821,-0.5460340730786821,0.6985643017536082,0.6985643017536082,0.6985643017536082,-0.719619394482437,-0.719619394482437,-0.719619394482437,-8.095073976541679,-8.095073976541679,-8.095073976541679,-3.608405379718065,-3.608405379718065,-3.608405379718065,-8.66273441179153,-8.66273441179153,-8.66273441179153,0.0,0.0,0.0,31.587319909649132
414,2018-04-01 00:00:00,56.71874111496157,18.880332441662603,39.233198773018515,56.71874111496157,56.71874111496157,0.0,0.0,0.0,0.0,0.0,0.0,0.0,0.0,0.0,0.0,0.0,0.0,0.0,0.0,0.0,0.0,0.0,0.0,0.0,0.0,0.0,0.0,0.0,0.0,0.0,0.0,0.0,0.0,0.0,0.0,-27.142849750568352,-27.142849750568352,-27.142849750568352,-5.618088175947358,-5.618088175947358,-5.618088175947358,2.928879159098162,2.928879159098162,2.928879159098162,-4.529624217794625,-4.529624217794625,-4.529624217794625,-3.141409359849847,-3.141409359849847,-3.141409359849847,0.0,0.0,0.0,0.00011422006224216669,0.00011422006224216669,0.00011422006224216669,-0.6062632243048731,-0.6062632243048731,-0.6062632243048731,0.6985643017536082,0.6985643017536082,0.6985643017536082,-0.9737070101668895,-0.9737070101668895,-0.9737070101668895,-8.327567633944186,-8.327567633944186,-8.327567633944186,-3.435802304387028,-3.435802304387028,-3.435802304387028,-8.667569722882183,-8.667569722882183,-8.667569722882183,0.0,0.0,0.0,29.575891364393215
415,2018-04-01 01:00:00,56.71841417167975,16.80580118704127,37.28710692025093,56.71841417167975,56.71841417167975,0.0,0.0,0.0,0.0,0.0,0.0,0.0,0.0,0.0,0.0,0.0,0.0,0.0,0.0,0.0,0.0,0.0,0.0,0.0,0.0,0.0,0.0,0.0,0.0,0.0,0.0,0.0,0.0,0.0,0.0,-29.6008617158284,-29.6008617158284,-29.6008617158284,-7.107044788170415,-7.107044788170415,-7.107044788170415,2.928879159098162,2.928879159098162,2.928879159098162,-5.28735387245618,-5.28735387245618,-5.28735387245618,-3.069265494179038,-3.069265494179038,-3.069265494179038,0.0,0.0,0.0,-0.8937976865592706,-0.8937976865592706,-0.8937976865592706,-0.5934873437417417,-0.5934873437417417,-0.5934873437417417,0.6990579464664668,0.6990579464664668,0.6990579464664668,-1.055323032174623,-1.055323032174623,-1.055323032174623,-8.534079341697774,-8.534079341697774,-8.534079341697774,-3.3034174213661354,-3.3034174213661354,-3.3034174213661354,-8.672383713504031,-8.672383713504031,-8.672383713504031,0.0,0.0,0.0,27.117552455851346
416,2018-04-01 02:00:00,56.71808722839791,15.277428041584699,35.59168865111008,56.71808722839791,56.71808722839791,0.0,0.0,0.0,0.0,0.0,0.0,0.0,0.0,0.0,0.0,0.0,0.0,0.0,0.0,0.0,0.0,0.0,0.0,0.0,0.0,0.0,0.0,0.0,0.0,0.0,0.0,0.0,0.0,0.0,0.0,-30.96408868749885,-30.96408868749885,-30.96408868749885,-8.085723576205254,-8.085723576205254,-8.085723576205254,2.928879159098162,2.928879159098162,2.928879159098162,-5.488588443639919,-5.488588443639919,-5.488588443639919,-3.134036994014874,-3.134036994014874,-3.134036994014874,0.0,0.0,0.0,-0.8125329677754968,-0.8125329677754968,-0.8125329677754968,-0.6245144822522036,-0.6245144822522036,-0.6245144822522036,0.6990579464664668,0.6990579464664668,0.6990579464664668,-1.0878539466069506,-1.0878539466069506,-1.0878539466069506,-8.712600538498897,-8.712600538498897,-8.712600538498897,-3.4575871585550226,-3.4575871585550226,-3.4575871585550226,-8.677176129154784,-8.677176129154784,-8.677176129154784,0.0,0.0,0.0,25.75399854089906
417,2018-04-01 03:00:00,56.717760285116086,15.272982032267866,35.847410056349766,56.717760285116086,56.717760285116086,0.0,0.0,0.0,0.0,0.0,0.0,0.0,0.0,0.0,0.0,0.0,0.0,0.0,0.0,0.0,0.0,0.0,0.0,0.0,0.0,0.0,0.0,0.0,0.0,0.0,0.0,0.0,0.0,0.0,0.0,-31.19748322450034,-31.19748322450034,-31.19748322450034,-7.95425201955366,-7.95425201955366,-7.95425201955366,2.928879159098162,2.928879159098162,2.928879159098162,-5.70000010091317,-5.70000010091317,-5.70000010091317,-3.156154091519794,-3.156154091519794,-3.156154091519794,0.0,0.0,0.0,-0.7312682489917228,-0.7312682489917228,-0.7312682489917228,-0.6359215184692854,-0.6359215184692854,-0.6359215184692854,0.6995515911793254,0.6995515911793254,0.6995515911793254,-0.9995007529712204,-0.9995007529712204,-0.9995007529712204,-8.86128438849373,-8.86128438849373,-8.86128438849373,-3.8055862392386346,-3.8055862392386346,-3.8055862392386346,-8.681946715539773,-8.681946715539773,-8.681946715539773,0.0,0.0,0.0,25.520277060615747
418,2018-04-01 04:00:00,56.71743334183426,17.68765323416996,37.63131082604213,56.71743334183426,56.71743334183426,0.0,0.0,0.0,0.0,0.0,0.0,0.0,0.0,0.0,0.0,0.0,0.0,0.0,0.0,0.0,0.0,0.0,0.0,0.0,0.0,0.0,0.0,0.0,0.0,0.0,0.0,0.0,0.0,0.0,0.0,-28.90021905137039,-28.90021905137039,-28.90021905137039,-6.294135988043523,-6.294135988043523,-6.294135988043523,2.928879159098162,2.928879159098162,2.928879159098162,-4.940922129798085,-4.940922129798085,-4.940922129798085,-3.0550473600687322,-3.0550473600687322,-3.0550473600687322,0.0,0.0,0.0,-0.6500035302079489,-0.6500035302079489,-0.6500035302079489,-0.44291446567626447,-0.44291446567626447,-0.44291446567626447,0.6990579464664668,0.6990579464664668,0.6990579464664668,-0.587378339955756,-0.587378339955756,-0.587378339955756,-8.978465714942912,-8.978465714942912,-8.978465714942912,-3.8335155394540124,-3.8335155394540124,-3.8335155394540124,-8.686695218585863,-8.686695218585863,-8.686695218585863,0.0,0.0,0.0,27.81721429046387
419,2018-04-01 05:00:00,56.71710639855244,21.689452326447917,41.91844955059931,56.71710639855244,56.71710639855244,0.0,0.0,0.0,0.0,0.0,0.0,0.0,0.0,0.0,0.0,0.0,0.0,0.0,0.0,0.0,0.0,0.0,0.0,0.0,0.0,0.0,0.0,0.0,0.0,0.0,0.0,0.0,0.0,0.0,0.0,-24.984157036888092,-24.984157036888092,-24.984157036888092,-3.4264374444280072,-3.4264374444280072,-3.4264374444280072,2.928879159098162,2.928879159098162,2.928879159098162,-3.803618828684401,-3.803618828684401,-3.803618828684401,-2.763312312027648,-2.763312312027648,-2.763312312027648,0.0,0.0,0.0,-0.568738811424175,-0.568738811424175,-0.568738811424175,-0.38359787734744016,-0.38359787734744016,-0.38359787734744016,0.6980706570407494,0.6980706570407494,0.6980706570407494,0.03648375279675224,0.03648375279675224,0.03648375279675224,-9.06267937932437,-9.06267937932437,-9.06267937932437,-3.751403396820801,-3.751403396820801,-3.751403396820801,-8.691421384451314,-8.691421384451314,-8.691421384451314,0.0,0.0,0.0,31.732949361664346
420,2018-04-01 06:00:00,56.716779455270604,25.463837162030025,46.00280726741365,56.716779455270604,56.716779455270604,0.0,0.0,0.0,0.0,0.0,0.0,0.0,0.0,0.0,0.0,0.0,0.0,0.0,0.0,0.0,0.0,0.0,0.0,0.0,0.0,0.0,0.0,0.0,0.0,0.0,0.0,0.0,0.0,0.0,0.0,-21.456641777890294,-21.456641777890294,-21.456641777890294,-0.328361008119684,-0.328361008119684,-0.328361008119684,2.928879159098162,2.928879159098162,2.928879159098162,-3.319478919721108,-3.319478919721108,-3.319478919721108,-2.8128124826338965,-2.8128124826338965,-2.8128124826338965,0.0,0.0,0.0,-0.48747409264040115,-0.48747409264040115,-0.48747409264040115,-0.2695275151766241,-0.2695275151766241,-0.2695275151766241,0.689185052209294,0.689185052209294,0.689185052209294,0.4501460907557588,0.4501460907557588,0.4501460907557588,-9.112676890506437,-9.112676890506437,-9.112676890506437,-3.817875131333401,-3.817875131333401,-3.817875131333401,-8.69612495954307,-8.69612495954307,-8.69612495954307,0.0,0.0,0.0,35.260137677380314
421,2018-04-01 07:00:00,56.716452511988784,28.238107797926162,48.27262470235883,56.716452511988784,56.716452511988784,0.0,0.0,0.0,0.0,0.0,0.0,0.0,0.0,0.0,0.0,0.0,0.0,0.0,0.0,0.0,0.0,0.0,0.0,0.0,0.0,0.0,0.0,0.0,0.0,0.0,0.0,0.0,0.0,0.0,0.0,-18.091818042668528,-18.091818042668528,-18.091818042668528,2.036066976624584,2.036066976624584,2.036066976624584,2.928879159098162,2.928879159098162,2.928879159098162,-2.299638280645966,-2.299638280645966,-2.299638280645966,-2.5984872758600317,-2.5984872758600317,-2.5984872758600317,0.0,0.0,0.0,-0.4062093738566273,-0.4062093738566273,-0.4062093738566273,0.2611278096420123,0.2611278096420123,0.2611278096420123,0.5267759416788036,0.5267759416788036,0.5267759416788036,0.7575536076103578,0.7575536076103578,0.7575536076103578,-9.127441048123776,-9.127441048123776,-9.127441048123776,-3.7692781489586427,-3.7692781489586427,-3.7692781489586427,-8.700805690523365,-8.700805690523365,-8.700805690523365,0.0,0.0,0.0,38.624634469320256
422,2018-04-01 08:00:00,56.71612556870696,30.11248375130152,50.708499225279695,56.71612556870696,56.71612556870696,0.0,0.0,0.0,0.0,0.0,0.0,0.0,0.0,0.0,0.0,0.0,0.0,0.0,0.0,0.0,0.0,0.0,0.0,0.0,0.0,0.0,0.0,0.0,0.0,0.0,0.0,0.0,0.0,0.0,0.0,-16.45170818589684,-16.45170818589684,-16.45170818589684,3.3301557030970814,3.3301557030970814,3.3301557030970814,2.928879159098162,2.928879159098162,2.928879159098162,-1.9702021199909328,-1.9702021199909328,-1.9702021199909328,-2.4636783005919494,-2.4636783005919494,-2.4636783005919494,0.0,0.0,0.0,-0.3249446550728534,-0.3249446550728534,-0.3249446550728534,0.4345147601416528,0.4345147601416528,0.4345147601416528,0.22515902212217848,0.22515902212217848,0.22515902212217848,0.9142409706157704,0.9142409706157704,0.9142409706157704,-9.106198444676386,-9.106198444676386,-9.106198444676386,-3.6843730763038933,-3.6843730763038933,-3.6843730763038933,-8.705463324326603,-8.705463324326603,-8.705463324326603,0.0,0.0,0.0,40.264417382810116
423,2018-04-01 09:00:00,56.71579862542513,29.674197030975645,51.029687029111344,56.71579862542513,56.71579862542513,0.0,0.0,0.0,0.0,0.0,0.0,0.0,0.0,0.0,0.0,0.0,0.0,0.0,0.0,0.0,0.0,0.0,0.0,0.0,0.0,0.0,0.0,0.0,0.0,0.0,0.0,0.0,0.0,0.0,0.0,-16.5100384179792,-16.5100384179792,-16.5100384179792,3.8381296550958344,3.8381296550958344,3.8381296550958344,2.928879159098162,2.928879159098162,2.928879159098162,-2.589640790606421,-2.589640790606421,-2.589640790606421,-2.4104919470682136,-2.4104919470682136,-2.4104919470682136,0.0,0.0,0.0,-0.24367993628907952,-0.24367993628907952,-0.24367993628907952,0.13610669270279793,0.13610669270279793,0.13610669270279793,0.012891795592965997,0.012891795592965997,0.012891795592965997,0.9413821477457005,0.9413821477457005,0.9413821477457005,-9.048429674300372,-9.048429674300372,-9.048429674300372,-3.954728702388754,-3.954728702388754,-3.954728702388754,-8.71009760816824,-8.71009760816824,-8.71009760816824,0.0,0.0,0.0,40.205760207445934
424,2018-04-01 10:00:00,56.715471682143296,29.69262785094302,49.17529587798974,56.715471682143296,56.715471682143296,0.0,0.0,0.0,0.0,0.0,0.0,0.0,0.0,0.0,0.0,0.0,0.0,0.0,0.0,0.0,0.0,0.0,0.0,0.0,0.0,0.0,0.0,0.0,0.0,0.0,0.0,0.0,0.0,0.0,0.0,-17.289126631491843,-17.289126631491843,-17.289126631491843,3.9212966642450624,3.9212966642450624,3.9212966642450624,2.928879159098162,2.928879159098162,2.928879159098162,-3.541837885172947,-3.541837885172947,-3.541837885172947,-2.515811458996403,-2.515811458996403,-2.515811458996403,0.0,0.0,0.0,-0.1624152175053056,-0.1624152175053056,-0.1624152175053056,-0.22481193320566414,-0.22481193320566414,-0.22481193320566414,-0.08435621284018482,-0.08435621284018482,-0.08435621284018482,0.9009591179777193,0.9009591179777193,0.9009591179777193,-8.953877121005135,-8.953877121005135,-8.953877121005135,-4.384281339701271,-4.384281339701271,-4.384281339701271,-8.71470828955882,-8.71470828955882,-8.71470828955882,0.0,0.0,0.0,39.42634505065145
425,2018-04-01 11:00:00,56.715144738861476,28.572443487849647,48.49273743035031,56.715144738861476,56.715144738861476,0.0,0.0,0.0,0.0,0.0,0.0,0.0,0.0,0.0,0.0,0.0,0.0,0.0,0.0,0.0,0.0,0.0,0.0,0.0,0.0,0.0,0.0,0.0,0.0,0.0,0.0,0.0,0.0,0.0,0.0,-17.918478264487668,-17.918478264487668,-17.918478264487668,3.566760947908797,3.566760947908797,3.566760947908797,2.928879159098162,2.928879159098162,2.928879159098162,-3.9433938702845994,-3.9433938702845994,-3.9433938702845994,-2.6369288977138203,-2.6369288977138203,-2.6369288977138203,0.0,0.0,0.0,-0.08115049872153172,-0.08115049872153172,-0.08115049872153172,-0.28504108443185505,-0.28504108443185505,-0.28504108443185505,-0.11792405331457194,-0.11792405331457194,-0.11792405331457194,0.8961468525291502,0.8961468525291502,0.8961468525291502,-8.822550225793726,-8.822550225793726,-8.822550225793726,-4.647375347730132,-4.647375347730132,-4.647375347730132,-8.71929511631814,-8.71929511631814,-8.71929511631814,0.0,0.0,0.0,38.79666647437381
426,2018-04-01 12:00:00,56.714817795579656,26.91304432788543,47.917260602533524,56.714817795579656,56.714817795579656,0.0,0.0,0.0,0.0,0.0,0.0,0.0,0.0,0.0,0.0,0.0,0.0,0.0,0.0,0.0,0.0,0.0,0.0,0.0,0.0,0.0,0.0,0.0,0.0,0.0,0.0,0.0,0.0,0.0,0.0,-18.94330723668268,-18.94330723668268,-18.94330723668268,2.5350447199843553,2.5350447199843553,2.5350447199843553,2.928879159098162,2.928879159098162,2.928879159098162,-4.099765960084453,-4.099765960084453,-4.099765960084453,-2.730663263329909,-2.730663263329909,-2.730663263329909,0.0,0.0,0.0,0.00011422006224216669,0.00011422006224216669,0.00011422006224216669,-0.2430631911529947,-0.2430631911529947,-0.2430631911529947,-0.08287527870160893,-0.08287527870160893,-0.08287527870160893,0.7165531059885484,0.7165531059885484,0.7165531059885484,-8.654728159998125,-8.654728159998125,-8.654728159998125,-4.688710712048893,-4.688710712048893,-4.688710712048893,-8.72385783658446,-8.72385783658446,-8.72385783658446,0.0,0.0,0.0,37.77151055889698
427,2018-04-01 13:00:00,56.71449085229783,26.612262072960174,47.10780565930693,56.71449085229783,56.71449085229783,0.0,0.0,0.0,0.0,0.0,0.0,0.0,0.0,0.0,0.0,0.0,0.0,0.0,0.0,0.0,0.0,0.0,0.0,0.0,0.0,0.0,0.0,0.0,0.0,0.0,0.0,0.0,0.0,0.0,0.0,-20.144537579775353,-20.144537579775353,-20.144537579775353,0.9423109036532765,0.9423109036532765,0.9423109036532765,2.928879159098162,2.928879159098162,2.928879159098162,-3.9074924237093023,-3.9074924237093023,-3.9074924237093023,-2.687482263439352,-2.687482263439352,-2.687482263439352,0.0,0.0,0.0,0.08137893884601605,0.08137893884601605,0.08137893884601605,-0.20610439380965032,-0.20610439380965032,-0.20610439380965032,0.05386430676023259,0.05386430676023259,0.05386430676023259,0.5821946546644969,0.5821946546644969,0.5821946546644969,-8.450959860891729,-8.450959860891729,-8.450959860891729,-4.660222825829207,-4.660222825829207,-4.660222825829207,-8.728396198827605,-8.728396198827605,-8.728396198827605,0.0,0.0,0.0,36.569953272522476
428,2018-04-01 14:00:00,56.714163909015994,26.263350228647894,46.96411835947041,56.714163909015994,56.714163909015994,0.0,0.0,0.0,0.0,0.0,0.0,0.0,0.0,0.0,0.0,0.0,0.0,0.0,0.0,0.0,0.0,0.0,0.0,0.0,0.0,0.0,0.0,0.0,0.0,0.0,0.0,0.0,0.0,0.0,0.0,-20.761618315089965,-20.761618315089965,-20.761618315089965,-0.40783849728651067,-0.40783849728651067,-0.40783849728651067,2.928879159098162,2.928879159098162,2.928879159098162,-3.4088084508658922,-3.4088084508658922,-3.4088084508658922,-2.71433873898104,-2.71433873898104,-2.71433873898104,0.0,0.0,0.0,0.16264365762978997,0.16264365762978997,0.16264365762978997,-0.22024911871883152,-0.22024911871883152,-0.22024911871883152,0.3164832940010257,0.3164832940010257,0.3164832940010257,0.5115505978795014,0.5115505978795014,0.5115505978795014,-8.212061415074883,-8.212061415074883,-8.212061415074883,-4.3937773017745,-4.3937773017745,-4.3937773017745,-8.732909951862679,-8.732909951862679,-8.732909951862679,0.0,0.0,0.0,35.95254559392603
429,2018-04-01 15:00:00,56.71383696573417,27.077561394535834,47.42574805582792,56.71383696573417,56.71383696573417,0.0,0.0,0.0,0.0,0.0,0.0,0.0,0.0,0.0,0.0,0.0,0.0,0.0,0.0,0.0,0.0,0.0,0.0,0.0,0.0,0.0,0.0,0.0,0.0,0.0,0.0,0.0,0.0,0.0,0.0,-19.103541368999704,-19.103541368999704,-19.103541368999704,-0.43631892449164056,-0.43631892449164056,-0.43631892449164056,2.928879159098162,2.928879159098162,2.928879159098162,-1.990712794971947,-1.990712794971947,-1.990712794971947,-2.553726483290551,-2.553726483290551,-2.553726483290551,0.0,0.0,0.0,0.24390837641356383,0.24390837641356383,0.24390837641356383,0.4053127474259239,0.4053127474259239,0.4053127474259239,0.5889751754989915,0.5889751754989915,0.5889751754989915,0.5282972816405221,0.5282972816405221,0.5282972816405221,-7.939110804673387,-7.939110804673387,-7.939110804673387,-4.132359051758559,-4.132359051758559,-4.132359051758559,-8.737398844862732,-8.737398844862732,-8.737398844862732,0.0,0.0,0.0,37.61029559673446
430,2018-04-01 16:00:00,56.71351002245235,30.87367161601009,51.95271543790243,56.71351002245235,56.71351002245235,0.0,0.0,0.0,0.0,0.0,0.0,0.0,0.0,0.0,0.0,0.0,0.0,0.0,0.0,0.0,0.0,0.0,0.0,0.0,0.0,0.0,0.0,0.0,0.0,0.0,0.0,0.0,0.0,0.0,0.0,-16.287281100689714,-16.287281100689714,-16.287281100689714,1.3097523289455346,1.3097523289455346,1.3097523289455346,2.928879159098162,2.928879159098162,2.928879159098162,-1.2217307408569642,-1.2217307408569642,-1.2217307408569642,-2.6569396049801766,-2.6569396049801766,-2.6569396049801766,0.0,0.0,0.0,0.3251730951973377,0.3251730951973377,0.3251730951973377,0.78357006838435,0.78357006838435,0.78357006838435,0.6901723416350113,0.6901723416350113,0.6901723416350113,0.8291601174850671,0.8291601174850671,0.8291601174850671,-7.6334400614103215,-7.6334400614103215,-7.6334400614103215,-4.121745917676716,-4.121745917676716,-4.121745917676716,-8.741862627367963,-8.741862627367963,-8.741862627367963,0.0,0.0,0.0,40.42622892176263
431,2018-04-01 17:00:00,56.71318307917052,32.65910135375242,53.77675458444896,56.71318307917052,56.71318307917052,0.0,0.0,0.0,0.0,0.0,0.0,0.0,0.0,0.0,0.0,0.0,0.0,0.0,0.0,0.0,0.0,0.0,0.0,0.0,0.0,0.0,0.0,0.0,0.0,0.0,0.0,0.0,0.0,0.0,0.0,-13.498743488250044,-13.498743488250044,-13.498743488250044,4.082775872681137,4.082775872681137,4.082775872681137,2.928879159098162,2.928879159098162,2.928879159098162,-1.5385934096952785,-1.5385934096952785,-1.5385934096952785,-2.5969074831811088,-2.5969074831811088,-2.5969074831811088,0.0,0.0,0.0,0.4064378139811117,0.4064378139811117,0.4064378139811117,0.5006755702007261,0.5006755702007261,0.5006755702007261,0.6970833676150322,0.6970833676150322,0.6970833676150322,0.9178982923566827,0.9178982923566827,0.9178982923566827,-7.296624901933041,-7.296624901933041,-7.296624901933041,-4.3926601297658845,-4.3926601297658845,-4.3926601297658845,-8.746301049302861,-8.746301049302861,-8.746301049302861,0.0,0.0,0.0,43.21443959092048
432,2018-04-01 18:00:00,56.678459941975994,36.0493330311085,56.52460821242717,56.678459941975994,56.678459941975994,0.0,0.0,0.0,0.0,0.0,0.0,0.0,0.0,0.0,0.0,0.0,0.0,0.0,0.0,0.0,0.0,0.0,0.0,0.0,0.0,0.0,0.0,0.0,0.0,0.0,0.0,0.0,0.0,0.0,0.0,-10.327495841299875,-10.327495841299875,-10.327495841299875,6.149649647996394,6.149649647996394,6.149649647996394,3.3117649016953155,3.3117649016953155,3.3117649016953155,-0.8068411732285354,-0.8068411732285354,-0.8068411732285354,-2.4625015839406506,-2.4625015839406506,-2.4625015839406506,0.0,0.0,0.0,0.6284386896888075,0.6284386896888075,0.6284386896888075,0.5185532783096538,0.5185532783096538,0.5185532783096538,0.6578396040867638,0.6578396040867638,0.6578396040867638,1.0634748725756074,1.0634748725756074,1.0634748725756074,-7.324754048472995,-7.324754048472995,-7.324754048472995,-4.524410935644033,-4.524410935644033,-4.524410935644033,-8.345550267594739,-8.345550267594739,-8.345550267594739,0.0,0.0,0.0,46.35096410067612
433,2018-04-01 19:00:00,56.67812594361002,37.504277965083986,56.80891474818351,56.67812594361002,56.67812594361002,0.0,0.0,0.0,0.0,0.0,0.0,0.0,0.0,0.0,0.0,0.0,0.0,0.0,0.0,0.0,0.0,0.0,0.0,0.0,0.0,0.0,0.0,0.0,0.0,0.0,0.0,0.0,0.0,0.0,0.0,-9.511261057955194,-9.511261057955194,-9.511261057955194,6.43530669450505,6.43530669450505,6.43530669450505,3.3117649016953155,3.3117649016953155,3.3117649016953155,-0.6745397505989135,-0.6745397505989135,-0.6745397505989135,-2.5296202712143083,-2.5296202712143083,-2.5296202712143083,0.0,0.0,0.0,0.7331539618834412,0.7331539618834412,0.7331539618834412,0.4858131079078065,0.4858131079078065,0.4858131079078065,0.6578396040867638,0.6578396040867638,0.6578396040867638,0.9735955620498975,0.9735955620498975,0.9735955620498975,-6.922297459106543,-6.922297459106543,-6.922297459106543,-4.30708661700783,-4.30708661700783,-4.30708661700783,-8.349730542754786,-8.349730542754786,-8.349730542754786,0.0,0.0,0.0,47.166864885654824
434,2018-04-01 20:00:00,56.67779194524404,34.79478425880386,54.91612528138683,56.67779194524404,56.67779194524404,0.0,0.0,0.0,0.0,0.0,0.0,0.0,0.0,0.0,0.0,0.0,0.0,0.0,0.0,0.0,0.0,0.0,0.0,0.0,0.0,0.0,0.0,0.0,0.0,0.0,0.0,0.0,0.0,0.0,0.0,-11.452833314048187,-11.452833314048187,-11.452833314048187,4.572153193600871,4.572153193600871,4.572153193600871,3.3117649016953155,3.3117649016953155,3.3117649016953155,-1.178193014438415,-1.178193014438415,-1.178193014438415,-2.520865659830788,-2.520865659830788,-2.520865659830788,0.0,0.0,0.0,0.837869234078075,0.837869234078075,0.837869234078075,-0.08453015039683663,-0.08453015039683663,-0.08453015039683663,0.6578396040867638,0.6578396040867638,0.6578396040867638,0.5399556292912883,0.5399556292912883,0.5399556292912883,-6.492908334657324,-6.492908334657324,-6.492908334657324,-3.9202265733622332,-3.9202265733622332,-3.9202265733622332,-8.353885158553316,-8.353885158553316,-8.353885158553316,0.0,0.0,0.0,45.224958631195854
435,2018-04-01 21:00:00,56.67745794687806,31.70745761025912,53.10428680417725,56.67745794687806,56.67745794687806,0.0,0.0,0.0,0.0,0.0,0.0,0.0,0.0,0.0,0.0,0.0,0.0,0.0,0.0,0.0,0.0,0.0,0.0,0.0,0.0,0.0,0.0,0.0,0.0,0.0,0.0,0.0,0.0,0.0,0.0,-14.462465522529358,-14.462465522529358,-14.462465522529358,1.4996698459918443,1.4996698459918443,1.4996698459918443,3.3117649016953155,3.3117649016953155,3.3117649016953155,-1.5651323011865075,-1.5651323011865075,-1.5651323011865075,-2.4804971740067763,-2.4804971740067763,-2.4804971740067763,0.0,0.0,0.0,0.9425845062727085,0.9425845062727085,0.9425845062727085,-0.3004254769597423,-0.3004254769597423,-0.3004254769597423,0.6573735016450925,0.6573735016450925,0.6573735016450925,-0.009528748144902233,-0.009528748144902233,-0.009528748144902233,-6.038989194174915,-6.038989194174915,-6.038989194174915,-3.686403811688203,-3.686403811688203,-3.686403811688203,-8.358013873159777,-8.358013873159777,-8.358013873159777,0.0,0.0,0.0,42.2149924243487
436,2018-04-01 22:00:00,56.677123948512076,32.261997838355576,53.450882854383664,56.677123948512076,56.677123948512076,0.0,0.0,0.0,0.0,0.0,0.0,0.0,0.0,0.0,0.0,0.0,0.0,0.0,0.0,0.0,0.0,0.0,0.0,0.0,0.0,0.0,0.0,0.0,0.0,0.0,0.0,0.0,0.0,0.0,0.0,-13.542449755105817,-13.542449755105817,-13.542449755105817,-1.5230759696416178,-1.5230759696416178,-1.5230759696416178,3.3117649016953155,3.3117649016953155,3.3117649016953155,1.9058591179721358,1.9058591179721358,1.9058591179721358,-1.3958980970483932,-1.3958980970483932,-1.3958980970483932,0.0,0.0,0.0,1.0472997784673423,1.0472997784673423,1.0472997784673423,-0.6135923242817594,-0.6135923242817594,-0.6135923242817594,0.66017011629512,0.66017011629512,0.66017011629512,-0.2188032909245176,-0.2188032909245176,-0.2188032909245176,-5.563116458257441,-5.563116458257441,-5.563116458257441,-0.885081966230972,-0.885081966230972,-0.885081966230972,-8.362116445178895,-8.362116445178895,-8.362116445178895,0.0,0.0,0.0,43.134674193406255
437,2018-04-01 23:00:00,56.676789950146095,31.044476378558254,50.784252975660266,56.676789950146095,56.676789950146095,0.0,0.0,0.0,0.0,0.0,0.0,0.0,0.0,0.0,0.0,0.0,0.0,0.0,0.0,0.0,0.0,0.0,0.0,0.0,0.0,0.0,0.0,0.0,0.0,0.0,0.0,0.0,0.0,0.0,0.0,-15.726847989189869,-15.726847989189869,-15.726847989189869,-3.8191481121080613,-3.8191481121080613,-3.8191481121080613,3.3117649016953155,3.3117649016953155,3.3117649016953155,1.5265108716557227,1.5265108716557227,1.5265108716557227,-1.6483227252732369,-1.6483227252732369,-1.6483227252732369,0.0,0.0,0.0,1.152015050661976,1.152015050661976,1.152015050661976,-0.7341141109784144,-0.7341141109784144,-0.7341141109784144,0.66017011629512,0.66017011629512,0.66017011629512,-0.6997130832929445,-0.6997130832929445,-0.6997130832929445,-5.068018115078063,-5.068018115078063,-5.068018115078063,-0.5152892774520931,-0.5152892774520931,-0.5152892774520931,-8.366192633659466,-8.366192633659466,-8.366192633659466,0.0,0.0,0.0,40.949941960956224
438,2018-04-02 00:00:00,56.67645595178011,28.438914669201697,48.12121868160592,56.67645595178011,56.67645595178011,0.0,0.0,0.0,0.0,0.0,0.0,0.0,0.0,0.0,0.0,0.0,0.0,0.0,0.0,0.0,0.0,0.0,0.0,0.0,0.0,0.0,0.0,0.0,0.0,0.0,0.0,0.0,0.0,0.0,0.0,-18.697420871890024,-18.697420871890024,-18.697420871890024,-5.482822095966011,-5.482822095966011,-5.482822095966011,3.046527583916135,3.046527583916135,3.046527583916135,-0.2878066492760725,-0.2878066492760725,-0.2878066492760725,-1.7903419766059039,-1.7903419766059039,-1.7903419766059039,0.0,0.0,0.0,0.00014705652100506194,0.00014705652100506194,0.00014705652100506194,-0.8242682033892982,-0.8242682033892982,-0.8242682033892982,0.66017011629512,0.66017011629512,0.66017011629512,-1.0780938843950063,-1.0780938843950063,-1.0780938843950063,-4.556549928533051,-4.556549928533051,-4.556549928533051,-0.3019473416181244,-0.3019473416181244,-0.3019473416181244,-8.370242198114896,-8.370242198114896,-8.370242198114896,0.0,0.0,0.0,37.97903507989009
439,2018-04-02 01:00:00,56.67612195341413,25.47463445457684,45.81176310372333,56.67612195341413,56.67612195341413,0.0,0.0,0.0,0.0,0.0,0.0,0.0,0.0,0.0,0.0,0.0,0.0,0.0,0.0,0.0,0.0,0.0,0.0,0.0,0.0,0.0,0.0,0.0,0.0,0.0,0.0,0.0,0.0,0.0,0.0,-21.044191328155456,-21.044191328155456,-21.044191328155456,-6.818643278559693,-6.818643278559693,-6.818643278559693,2.7812902661369545,2.7812902661369545,2.7812902661369545,-1.8196127109902103,-1.8196127109902103,-1.8196127109902103,-1.89637004780632,-1.89637004780632,-1.89637004780632,0.0,0.0,0.0,-1.151720937619966,-1.151720937619966,-1.151720937619966,-0.8541614024518543,-0.8541614024518543,-0.8541614024518543,0.66017011629512,0.66017011629512,0.66017011629512,-1.2594059750110678,-1.2594059750110678,-1.2594059750110678,-4.031670440078632,-4.031670440078632,-4.031670440078632,-0.09941473053307681,-0.09941473053307681,-0.09941473053307681,-8.374264898526917,-8.374264898526917,-8.374264898526917,0.0,0.0,0.0,35.631930625258676
440,2018-04-02 02:00:00,56.67578795504815,24.881845463981023,44.635532736872996,56.67578795504815,56.67578795504815,0.0,0.0,0.0,0.0,0.0,0.0,0.0,0.0,0.0,0.0,0.0,0.0,0.0,0.0,0.0,0.0,0.0,0.0,0.0,0.0,0.0,0.0,0.0,0.0,0.0,0.0,0.0,0.0,0.0,0.0,-21.612005547227177,-21.612005547227177,-21.612005547227177,-7.7054653265976345,-7.7054653265976345,-7.7054653265976345,2.516052948357775,2.516052948357775,2.516052948357775,-2.031864697344989,-2.031864697344989,-2.031864697344989,-1.970784244566245,-1.970784244566245,-1.970784244566245,0.0,0.0,0.0,-1.0470056654253324,-1.0470056654253324,-1.0470056654253324,-0.8494164502197026,-0.8494164502197026,-0.8494164502197026,0.66017011629512,0.66017011629512,0.66017011629512,-1.3563868606894258,-1.3563868606894258,-1.3563868606894258,-3.4964150279227377,-3.4964150279227377,-3.4964150279227377,0.015505458902820984,0.015505458902820984,0.015505458902820984,-8.37826049536182,-8.37826049536182,-8.37826049536182,0.0,0.0,0.0,35.06378240782097
441,2018-04-02 03:00:00,56.675453956682176,26.01479000227121,45.97996027083356,56.675453956682176,56.675453956682176,0.0,0.0,0.0,0.0,0.0,0.0,0.0,0.0,0.0,0.0,0.0,0.0,0.0,0.0,0.0,0.0,0.0,0.0,0.0,0.0,0.0,0.0,0.0,0.0,0.0,0.0,0.0,0.0,0.0,0.0,-20.28443492894562,-20.28443492894562,-20.28443492894562,-7.56753616686283,-7.56753616686283,-7.56753616686283,2.2508156305785945,2.2508156305785945,2.2508156305785945,-1.3808007141336422,-1.3808007141336422,-1.3808007141336422,-1.6244907276180973,-1.6244907276180973,-1.6244907276180973,0.0,0.0,0.0,-0.9422903932306985,-0.9422903932306985,-0.9422903932306985,-0.7521449294605912,-0.7521449294605912,-0.7521449294605912,0.66017011629512,0.66017011629512,0.66017011629512,-1.3672611476419192,-1.3672611476419192,-1.3672611476419192,-2.953869298363853,-2.953869298363853,-2.953869298363853,0.3944007369439494,0.3944007369439494,0.3944007369439494,-8.3822287495853,-8.3822287495853,-8.3822287495853,0.0,0.0,0.0,36.39101902773656
442,2018-04-02 04:00:00,56.675119958316195,27.944206811610268,48.40388221734704,56.675119958316195,56.675119958316195,0.0,0.0,0.0,0.0,0.0,0.0,0.0,0.0,0.0,0.0,0.0,0.0,0.0,0.0,0.0,0.0,0.0,0.0,0.0,0.0,0.0,0.0,0.0,0.0,0.0,0.0,0.0,0.0,0.0,0.0,-18.267405622556424,-18.267405622556424,-18.267405622556424,-5.967440153420747,-5.967440153420747,-5.967440153420747,1.9855783127994142,1.9855783127994142,1.9855783127994142,-1.506653954526666,-1.506653954526666,-1.506653954526666,-1.6381090119924628,-1.6381090119924628,-1.6381090119924628,0.0,0.0,0.0,-0.8375751210360647,-0.8375751210360647,-0.8375751210360647,-0.8124058228089187,-0.8124058228089187,-0.8124058228089187,0.66017011629512,0.66017011629512,0.66017011629512,-1.2911411389744663,-1.2911411389744663,-1.2911411389744663,-2.4071420919419872,-2.4071420919419872,-2.4071420919419872,0.4268287111907126,0.4268287111907126,0.4268287111907126,-8.386169422667031,-8.386169422667031,-8.386169422667031,0.0,0.0,0.0,38.40771433575977
443,2018-04-02 05:00:00,56.67478595995021,31.763394825833913,51.61101902047834,56.67478595995021,56.67478595995021,0.0,0.0,0.0,0.0,0.0,0.0,0.0,0.0,0.0,0.0,0.0,0.0,0.0,0.0,0.0,0.0,0.0,0.0,0.0,0.0,0.0,0.0,0.0,0.0,0.0,0.0,0.0,0.0,0.0,0.0,-14.972407375467574,-14.972407375467574,-14.972407375467574,-3.185932754291828,-3.185932754291828,-3.185932754291828,1.7203409950202335,1.7203409950202335,1.7203409950202335,-1.5370539563357597,-1.5370539563357597,-1.5370539563357597,-1.5515356327554257,-1.5515356327554257,-1.5515356327554257,0.0,0.0,0.0,-0.732859848841431,-0.732859848841431,-0.732859848841431,-0.8342326030768169,-0.8342326030768169,-0.8342326030768169,0.66017011629512,0.66017011629512,0.66017011629512,-1.1011740036411146,-1.1011740036411146,-1.1011740036411146,-1.8593383882378494,-1.8593383882378494,-1.8593383882378494,0.3022370206636749,0.3022370206636749,0.3022370206636749,-8.390082276602136,-8.390082276602136,-8.390082276602136,0.0,0.0,0.0,41.70237858448264
444,2018-04-02 06:00:00,56.67445196158423,34.39249242465015,55.276782004912036,56.67445196158423,56.67445196158423,0.0,0.0,0.0,0.0,0.0,0.0,0.0,0.0,0.0,0.0,0.0,0.0,0.0,0.0,0.0,0.0,0.0,0.0,0.0,0.0,0.0,0.0,0.0,0.0,0.0,0.0,0.0,0.0,0.0,0.0,-11.206782733656656,-11.206782733656656,-11.206782733656656,-0.17060859207561654,-0.17060859207561654,-0.17060859207561654,1.455103677241053,1.455103677241053,1.455103677241053,-1.3286746714939721,-1.3286746714939721,-1.3286746714939721,-1.5743948958123961,-1.5743948958123961,-1.5743948958123961,0.0,0.0,0.0,-0.6281445766467972,-0.6281445766467972,-0.6281445766467972,-0.6999504549069216,-0.6999504549069216,-0.6999504549069216,0.6559751943200788,0.6559751943200788,0.6559751943200788,-0.9345089117773911,-0.9345089117773911,-0.9345089117773911,-1.3135323961699914,-1.3135323961699914,-1.3135323961699914,0.3972452960884023,0.3972452960884023,0.3972452960884023,-8.393967073917077,-8.393967073917077,-8.393967073917077,0.0,0.0,0.0,45.46766922792757
445,2018-04-02 07:00:00,56.67411796321826,39.368110564669024,58.85480325718138,56.67411796321826,56.67411796321826,0.0,0.0,0.0,0.0,0.0,0.0,0.0,0.0,0.0,0.0,0.0,0.0,0.0,0.0,0.0,0.0,0.0,0.0,0.0,0.0,0.0,0.0,0.0,0.0,0.0,0.0,0.0,0.0,0.0,0.0,-7.488246167075329,-7.488246167075329,-7.488246167075329,2.1189401047106933,2.1189401047106933,2.1189401047106933,1.1898663594618737,1.1898663594618737,1.1898663594618737,-0.4366215810289884,-0.4366215810289884,-0.4366215810289884,-1.3725524666923383,-1.3725524666923383,-1.3725524666923383,0.0,0.0,0.0,-0.5234293044521635,-0.5234293044521635,-0.5234293044521635,-0.41525332097781525,-0.41525332097781525,-0.41525332097781525,0.5655513206358566,0.5655513206358566,0.5655513206358566,-0.3992276846464978,-0.3992276846464978,-0.3992276846464978,-0.7727411130724536,-0.7727411130724536,-0.7727411130724536,0.5184235156420964,0.5184235156420964,0.5184235156420964,-8.397823577684578,-8.397823577684578,-8.397823577684578,0.0,0.0,0.0,49.185871796142926
446,2018-04-02 08:00:00,56.67378396485227,41.843473834527856,61.35254177287137,56.67378396485227,56.67378396485227,0.0,0.0,0.0,0.0,0.0,0.0,0.0,0.0,0.0,0.0,0.0,0.0,0.0,0.0,0.0,0.0,0.0,0.0,0.0,0.0,0.0,0.0,0.0,0.0,0.0,0.0,0.0,0.0,0.0,0.0,-5.121609449639278,-5.121609449639278,-5.121609449639278,3.3371789736715627,3.3371789736715627,3.3371789736715627,0.9246290416826932,0.9246290416826932,0.9246290416826932,0.1827617568536318,0.1827617568536318,0.1827617568536318,-0.8171210111378662,-0.8171210111378662,-0.8171210111378662,0.0,0.0,0.0,-0.4187140322575298,-0.4187140322575298,-0.4187140322575298,-0.3345891330312351,-0.3345891330312351,-0.3345891330312351,0.3940256221008371,0.3940256221008371,0.3940256221008371,0.1675667822242739,0.1675667822242739,0.1675667822242739,-0.23989862863011455,-0.23989862863011455,-0.23989862863011455,0.26696448727245875,0.26696448727245875,0.26696448727245875,-8.401651551534359,-8.401651551534359,-8.401651551534359,0.0,0.0,0.0,51.55217451521299
447,2018-04-02 09:00:00,56.67344996648629,42.26867252837377,62.76756321910446,56.67344996648629,56.67344996648629,0.0,0.0,0.0,0.0,0.0,0.0,0.0,0.0,0.0,0.0,0.0,0.0,0.0,0.0,0.0,0.0,0.0,0.0,0.0,0.0,0.0,0.0,0.0,0.0,0.0,0.0,0.0,0.0,0.0,0.0,-3.9745281126533865,-3.9745281126533865,-3.9745281126533865,3.767844298037574,3.767844298037574,3.767844298037574,0.6593917239035126,0.6593917239035126,0.6593917239035126,0.3809097906891012,0.3809097906891012,0.3809097906891012,-0.538432548762461,-0.538432548762461,-0.538432548762461,0.0,0.0,0.0,-0.3139987600628961,-0.3139987600628961,-0.3139987600628961,-0.24348605017392103,-0.24348605017392103,-0.24348605017392103,0.22529653821584505,0.22529653821584505,0.22529653821584505,0.46228215105919357,0.46228215105919357,0.46228215105919357,0.28216855828701254,0.28216855828701254,0.28216855828701254,0.12985673650982818,0.12985673650982818,0.12985673650982818,-8.405450759667074,-8.405450759667074,-8.405450759667074,0.0,0.0,0.0,52.6989218538329
448,2018-04-02 10:00:00,56.67311596812031,43.36673417319965,62.54099296617543,56.67311596812031,56.67311596812031,0.0,0.0,0.0,0.0,0.0,0.0,0.0,0.0,0.0,0.0,0.0,0.0,0.0,0.0,0.0,0.0,0.0,0.0,0.0,0.0,0.0,0.0,0.0,0.0,0.0,0.0,0.0,0.0,0.0,0.0,-3.5432071048676206,-3.5432071048676206,-3.5432071048676206,3.7877585586145606,3.7877585586145606,3.7877585586145606,0.3941544061243321,0.3941544061243321,0.3941544061243321,0.2874903492735451,0.2874903492735451,0.2874903492735451,-0.4353226813565521,-0.4353226813565521,-0.4353226813565521,0.0,0.0,0.0,-0.2092834878682624,-0.2092834878682624,-0.2092834878682624,-0.13482664405764544,-0.13482664405764544,-0.13482664405764544,0.07940647397274427,0.07940647397274427,0.07940647397274427,0.5932174429361533,0.5932174429361533,0.5932174429361533,0.7907649541111494,0.7907649541111494,0.7907649541111494,0.0001448395227752388,0.0001448395227752388,0.0001448395227752388,-8.409220966866876,-8.409220966866876,-8.409220966866876,0.0,0.0,0.0,53.12990886325269
449,2018-04-02 11:00:00,56.67278196975433,42.724011101265006,63.76519754349187,56.67278196975433,56.67278196975433,0.0,0.0,0.0,0.0,0.0,0.0,0.0,0.0,0.0,0.0,0.0,0.0,0.0,0.0,0.0,0.0,0.0,0.0,0.0,0.0,0.0,0.0,0.0,0.0,0.0,0.0,0.0,0.0,0.0,0.0,-3.3396026707712836,-3.3396026707712836,-3.3396026707712836,3.4021961290300684,3.4021961290300684,3.4021961290300684,0.12891708834515214,0.12891708834515214,0.12891708834515214,0.3878151612714613,0.3878151612714613,0.3878151612714613,-0.34972203671768426,-0.34972203671768426,-0.34972203671768426,0.0,0.0,0.0,-0.10456821567362867,-0.10456821567362867,-0.10456821567362867,-0.05890740834321706,-0.05890740834321706,-0.05890740834321706,0.00016905888863202,0.00016905888863202,0.00016905888863202,0.7751953062227754,0.7751953062227754,0.7751953062227754,1.283347977437792,1.283347977437792,1.283347977437792,-0.0032686314505682604,-0.0032686314505682604,-0.0032686314505682604,-8.412961938510605,-8.412961938510605,-8.412961938510605,0.0,0.0,0.0,53.33317929898305
450,2018-04-02 12:00:00,56.67244797138835,42.51276536506405,62.80761392824835,56.67244797138835,56.67244797138835,0.0,0.0,0.0,0.0,0.0,0.0,0.0,0.0,0.0,0.0,0.0,0.0,0.0,0.0,0.0,0.0,0.0,0.0,0.0,0.0,0.0,0.0,0.0,0.0,0.0,0.0,0.0,0.0,0.0,0.0,-3.9249055443348184,-3.9249055443348184,-3.9249055443348184,2.37356171203772,2.37356171203772,2.37356171203772,-0.13632022943402838,-0.13632022943402838,-0.13632022943402838,0.3606580484396786,0.3606580484396786,0.3606580484396786,-0.4197589277858489,-0.4197589277858489,-0.4197589277858489,0.0,0.0,0.0,0.00014705652100506194,0.00014705652100506194,0.00014705652100506194,0.05876740701414693,0.05876740701414693,0.05876740701414693,0.003897878422002008,0.003897878422002008,0.003897878422002008,0.7274815981659172,0.7274815981659172,0.7274815981659172,1.757548135771707,1.757548135771707,1.757548135771707,0.1264432655364847,0.1264432655364847,0.1264432655364847,-8.416673440583923,-8.416673440583923,-8.416673440583923,0.0,0.0,0.0,52.74754242705353
451,2018-04-02 13:00:00,56.67211397302237,40.83854459441183,60.76136743172658,56.67211397302237,56.67211397302237,0.0,0.0,0.0,0.0,0.0,0.0,0.0,0.0,0.0,0.0,0.0,0.0,0.0,0.0,0.0,0.0,0.0,0.0,0.0,0.0,0.0,0.0,0.0,0.0,0.0,0.0,0.0,0.0,0.0,0.0,-5.733274863591891,-5.733274863591891,-5.733274863591891,0.7997856734696159,0.7997856734696159,0.7997856734696159,-0.4015575472132083,-0.4015575472132083,-0.4015575472132083,-0.32389256778785036,-0.32389256778785036,-0.32389256778785036,-0.46255925010528276,-0.46255925010528276,-0.46255925010528276,0.0,0.0,0.0,0.10486232871563879,0.10486232871563879,0.10486232871563879,-0.2430115549507059,-0.2430115549507059,-0.2430115549507059,0.11622856686477288,0.11622856686477288,0.11622856686477288,0.3799482641331731,0.3799482641331731,0.3799482641331731,2.2111872704165005,2.2111872704165005,2.2111872704165005,0.18219662476776183,0.18219662476776183,0.18219662476776183,-8.420355239690156,-8.420355239690156,-8.420355239690156,0.0,0.0,0.0,50.938839109430475
452,2018-04-02 14:00:00,56.67177997465639,38.97019737228382,59.80854295311633,56.67177997465639,56.67177997465639,0.0,0.0,0.0,0.0,0.0,0.0,0.0,0.0,0.0,0.0,0.0,0.0,0.0,0.0,0.0,0.0,0.0,0.0,0.0,0.0,0.0,0.0,0.0,0.0,0.0,0.0,0.0,0.0,0.0,0.0,-7.031117305718084,-7.031117305718084,-7.031117305718084,-0.5382583184029925,-0.5382583184029925,-0.5382583184029925,-0.6667948649923889,-0.6667948649923889,-0.6667948649923889,-0.7111465759776392,-0.7111465759776392,-0.7111465759776392,-0.41586798939317304,-0.41586798939317304,-0.41586798939317304,0.0,0.0,0.0,0.2095776009102725,0.2095776009102725,0.2095776009102725,-0.43375863468320713,-0.43375863468320713,-0.43375863468320713,0.18707613799880268,0.18707613799880268,0.18707613799880268,0.21106393003424698,0.21106393003424698,0.21106393003424698,2.6422946917285715,2.6422946917285715,2.6422946917285715,0.1975572441478076,0.1975572441478076,0.1975572441478076,-8.424007103066025,-8.424007103066025,-8.424007103066025,0.0,0.0,0.0,49.640662668938305
453,2018-04-02 15:00:00,56.67144597629041,40.298391438938395,60.2038333269926,56.67144597629041,56.67144597629041,0.0,0.0,0.0,0.0,0.0,0.0,0.0,0.0,0.0,0.0,0.0,0.0,0.0,0.0,0.0,0.0,0.0,0.0,0.0,0.0,0.0,0.0,0.0,0.0,0.0,0.0,0.0,0.0,0.0,0.0,-6.400158378502062,-6.400158378502062,-6.400158378502062,-0.5697586491895906,-0.5697586491895906,-0.5697586491895906,-0.9320321827715694,-0.9320321827715694,-0.9320321827715694,-0.4518919811708799,-0.4518919811708799,-0.4518919811708799,-0.343399261829586,-0.343399261829586,-0.343399261829586,0.0,0.0,0.0,0.3142928731049062,0.3142928731049062,0.3142928731049062,-0.37065076999558855,-0.37065076999558855,-0.37065076999558855,0.39355951965916575,0.39355951965916575,0.39355951965916575,0.14825937477801032,0.14825937477801032,0.14825937477801032,3.0491210504485693,3.0491210504485693,3.0491210504485693,0.33807846588378165,0.33807846588378165,0.33807846588378165,-8.42762879859016,-8.42762879859016,-8.42762879859016,0.0,0.0,0.0,50.271287597788344
454,2018-04-02 16:00:00,56.671111977924426,43.47640456037054,63.59630963552265,56.671111977924426,56.671111977924426,0.0,0.0,0.0,0.0,0.0,0.0,0.0,0.0,0.0,0.0,0.0,0.0,0.0,0.0,0.0,0.0,0.0,0.0,0.0,0.0,0.0,0.0,0.0,0.0,0.0,0.0,0.0,0.0,0.0,0.0,-2.584206215213519,-2.584206215213519,-2.584206215213519,1.167368370245654,1.167368370245654,1.167368370245654,-1.1972695005507492,-1.1972695005507492,-1.1972695005507492,1.2494956918012803,1.2494956918012803,1.2494956918012803,-0.06762900324868779,-0.06762900324868779,-0.06762900324868779,0.0,0.0,0.0,0.41900814529953995,0.41900814529953995,0.41900814529953995,0.33824509348788645,0.33824509348788645,0.33824509348788645,0.6289412527031464,0.6289412527031464,0.6289412527031464,0.4789264678232139,0.4789264678232139,0.4789264678232139,3.4301498175383123,3.4301498175383123,3.4301498175383123,0.6492732362869307,0.6492732362869307,0.6492732362869307,-8.431220094798766,-8.431220094798766,-8.431220094798766,0.0,0.0,0.0,54.086905762710906
455,2018-04-02 17:00:00,56.670777979558444,49.1687206246787,68.45212725077828,56.670777979558444,56.670777979558444,0.0,0.0,0.0,0.0,0.0,0.0,0.0,0.0,0.0,0.0,0.0,0.0,0.0,0.0,0.0,0.0,0.0,0.0,0.0,0.0,0.0,0.0,0.0,0.0,0.0,0.0,0.0,0.0,0.0,0.0,2.404754792416246,2.404754792416246,2.404754792416246,3.9372762151121026,3.9372762151121026,3.9372762151121026,-1.46250681832993,-1.46250681832993,-1.46250681832993,3.1181530647879105,3.1181530647879105,3.1181530647879105,0.35016050666487764,0.35016050666487764,0.35016050666487764,0.0,0.0,0.0,0.5237234174941736,0.5237234174941736,0.5237234174941736,1.249275922061027,1.249275922061027,1.249275922061027,0.6606362187367912,0.6606362187367912,0.6606362187367912,0.9951222117313637,0.9951222117313637,0.9951222117313637,3.7841062734117306,3.7841062734117306,3.7841062734117306,0.8017416064296069,0.8017416064296069,0.8017416064296069,-8.434780760895498,-8.434780760895498,-8.434780760895498,0.0,0.0,0.0,59.07553277197469
456,2018-04-02 18:00:00,56.50045497645882,51.867977049634256,72.14748372657237,56.50045497645882,56.50045497645882,0.0,0.0,0.0,0.0,0.0,0.0,0.0,0.0,0.0,0.0,0.0,0.0,0.0,0.0,0.0,0.0,0.0,0.0,0.0,0.0,0.0,0.0,0.0,0.0,0.0,0.0,0.0,0.0,0.0,0.0,5.426358208767132,5.426358208767132,5.426358208767132,6.182336128005097,6.182336128005097,6.182336128005097,-1.5642673369631808,-1.5642673369631808,-1.5642673369631808,3.9597234931683607,3.9597234931683607,3.9597234931683607,0.4065758210174547,0.4065758210174547,0.4065758210174547,0.0,0.0,0.0,0.5604048625044713,0.5604048625044713,0.5604048625044713,1.8618916093930769,1.8618916093930769,1.8618916093930769,0.6678839355696722,0.6678839355696722,0.6678839355696722,1.2203696213680204,1.2203696213680204,1.2203696213680204,3.927827027308677,3.927827027308677,3.927827027308677,0.8068649802788457,0.8068649802788457,0.8068649802788457,-8.643528439715002,-8.643528439715002,-8.643528439715002,0.0,0.0,0.0,61.92681318522595
457,2018-04-02 19:00:00,56.50008727882295,52.15075688396456,71.60221313293805,56.50008727882295,56.50008727882295,0.0,0.0,0.0,0.0,0.0,0.0,0.0,0.0,0.0,0.0,0.0,0.0,0.0,0.0,0.0,0.0,0.0,0.0,0.0,0.0,0.0,0.0,0.0,0.0,0.0,0.0,0.0,0.0,0.0,0.0,5.520190218972128,5.520190218972128,5.520190218972128,6.4706804632583,6.4706804632583,6.4706804632583,-1.804241984608828,-1.804241984608828,-1.804241984608828,3.4908105336576436,3.4908105336576436,3.4908105336576436,0.27691786609081764,0.27691786609081764,0.27691786609081764,0.0,0.0,0.0,0.653783835250961,0.653783835250961,0.653783835250961,1.8518446160576727,1.8518446160576727,1.8518446160576727,0.6678839355696722,0.6678839355696722,0.6678839355696722,1.2144612826139918,1.2144612826139918,1.2144612826139918,4.205804123835355,4.205804123835355,4.205804123835355,0.630160982683356,0.630160982683356,0.630160982683356,-8.647104901779171,-8.647104901779171,-8.647104901779171,0.0,0.0,0.0,62.02027749779508
458,2018-04-02 20:00:00,56.49971958118709,49.51991933359655,69.80450397340739,56.49971958118709,56.49971958118709,0.0,0.0,0.0,0.0,0.0,0.0,0.0,0.0,0.0,0.0,0.0,0.0,0.0,0.0,0.0,0.0,0.0,0.0,0.0,0.0,0.0,0.0,0.0,0.0,0.0,0.0,0.0,0.0,0.0,0.0,3.0792671309347015,3.0792671309347015,3.0792671309347015,4.625985696322315,4.625985696322315,4.625985696322315,-2.0442166322544755,-2.0442166322544755,-2.0442166322544755,2.6484641038362042,2.6484641038362042,2.6484641038362042,0.2696063272791653,0.2696063272791653,0.2696063272791653,0.0,0.0,0.0,0.7471628079974508,0.7471628079974508,0.7471628079974508,1.3896829226290677,1.3896829226290677,1.3896829226290677,0.6683557806575665,0.6683557806575665,0.6683557806575665,0.9274848288468966,0.9274848288468966,0.9274848288468966,4.455465038477731,4.455465038477731,4.455465038477731,0.6903880686805326,0.6903880686805326,0.6903880686805326,-8.650647707701548,-8.650647707701548,-8.650647707701548,0.0,0.0,0.0,59.57898671212179
459,2018-04-02 21:00:00,56.49935188355121,45.10356851789485,65.12351447666882,56.49935188355121,56.49935188355121,0.0,0.0,0.0,0.0,0.0,0.0,0.0,0.0,0.0,0.0,0.0,0.0,0.0,0.0,0.0,0.0,0.0,0.0,0.0,0.0,0.0,0.0,0.0,0.0,0.0,0.0,0.0,0.0,0.0,0.0,-1.4601759846443005,-1.4601759846443005,-1.4601759846443005,1.5749051534880942,1.5749051534880942,1.5749051534880942,-2.284191279900122,-2.284191279900122,-2.284191279900122,0.9424531798471989,0.9424531798471989,0.9424531798471989,0.2686314554376116,0.2686314554376116,0.2686314554376116,0.0,0.0,0.0,0.8405417807439406,0.8405417807439406,0.8405417807439406,0.4236645134299298,0.4236645134299298,0.4236645134299298,0.6678839355696722,0.6678839355696722,0.6678839355696722,0.3054211628870459,0.3054211628870459,0.3054211628870459,4.676622310699314,4.676622310699314,4.676622310699314,0.7205016116791209,0.7205016116791209,0.7205016116791209,-8.654156628678908,-8.654156628678908,-8.654156628678908,0.0,0.0,0.0,55.03917589890691
460,2018-04-02 22:00:00,56.49898418591535,35.41053259852161,56.1992440986896,56.49898418591535,56.49898418591535,0.0,0.0,0.0,0.0,0.0,0.0,0.0,0.0,0.0,0.0,0.0,0.0,0.0,0.0,0.0,0.0,0.0,0.0,0.0,0.0,0.0,0.0,0.0,0.0,0.0,0.0,0.0,0.0,0.0,0.0,-10.78308223412155,-10.78308223412155,-10.78308223412155,-1.446537138232928,-1.446537138232928,-1.446537138232928,-2.5241659275457695,-2.5241659275457695,-2.5241659275457695,-5.548239936396996,-5.548239936396996,-5.548239936396996,-2.21046763763335,-2.21046763763335,-2.21046763763335,0.0,0.0,0.0,0.9339207534904304,0.9339207534904304,0.9339207534904304,0.49047701911036934,0.49047701911036934,0.49047701911036934,0.6645810199544118,0.6645810199544118,0.6645810199544118,-0.49980100444768605,-0.49980100444768605,-0.49980100444768605,4.869326277210792,4.869326277210792,4.869326277210792,-2.402784159325401,-2.402784159325401,-2.402784159325401,-8.65763143670242,-8.65763143670242,-8.65763143670242,0.0,0.0,0.0,45.715901951793796
461,2018-04-02 23:00:00,56.49861648827948,32.157528988763666,52.187985282168825,56.49861648827948,56.49861648827948,0.0,0.0,0.0,0.0,0.0,0.0,0.0,0.0,0.0,0.0,0.0,0.0,0.0,0.0,0.0,0.0,0.0,0.0,0.0,0.0,0.0,0.0,0.0,0.0,0.0,0.0,0.0,0.0,0.0,0.0,-14.035059573723544,-14.035059573723544,-14.035059573723544,-3.776596333435202,-3.776596333435202,-3.776596333435202,-2.764140575191417,-2.764140575191417,-2.764140575191417,-6.631249463772292,-6.631249463772292,-6.631249463772292,-2.3542612342625153,-2.3542612342625153,-2.3542612342625153,0.0,0.0,0.0,1.0272997262369203,1.0272997262369203,1.0272997262369203,0.2332739897240154,0.2332739897240154,0.2332739897240154,0.6645810199544118,0.6645810199544118,0.6645810199544118,-0.9176049591968395,-0.9176049591968395,-0.9176049591968395,5.0338581280564805,5.0338581280564805,5.0338581280564805,-2.520397431036868,-2.520397431036868,-2.520397431036868,-8.66107190457253,-8.66107190457253,-8.66107190457253,0.0,0.0,0.0,42.46355691455594
462,2018-04-03 00:00:00,56.49824879064361,28.98105090106805,48.55904493496897,56.49824879064361,56.49824879064361,0.0,0.0,0.0,0.0,0.0,0.0,0.0,0.0,0.0,0.0,0.0,0.0,0.0,0.0,0.0,0.0,0.0,0.0,0.0,0.0,0.0,0.0,0.0,0.0,0.0,0.0,0.0,0.0,0.0,0.0,-17.51394193166515,-17.51394193166515,-17.51394193166515,-5.502476031980024,-5.502476031980024,-5.502476031980024,-3.0041152228370627,-3.0041152228370627,-3.0041152228370627,-8.51770880341891,-8.51770880341891,-8.51770880341891,-2.517552267722753,-2.517552267722753,-2.517552267722753,0.0,0.0,0.0,0.00013102602553267695,0.00013102602553267695,0.00013102602553267695,0.03836231901716902,0.03836231901716902,0.03836231901716902,0.6645810199544118,0.6645810199544118,0.6645810199544118,-1.227581731684974,-1.227581731684974,-1.227581731684974,5.17072070964513,5.17072070964513,5.17072070964513,-2.4715339461712347,-2.4715339461712347,-2.4715339461712347,-8.664477805911346,-8.664477805911346,-8.664477805911346,0.0,0.0,0.0,38.98430685897846
463,2018-04-03 01:00:00,56.49788109300774,26.53511519724294,47.254879764254284,56.49788109300774,56.49788109300774,0.0,0.0,0.0,0.0,0.0,0.0,0.0,0.0,0.0,0.0,0.0,0.0,0.0,0.0,0.0,0.0,0.0,0.0,0.0,0.0,0.0,0.0,0.0,0.0,0.0,0.0,0.0,0.0,0.0,0.0,-20.30514326144957,-20.30514326144957,-20.30514326144957,-6.902083085667104,-6.902083085667104,-6.902083085667104,-3.0041152228370627,-3.0041152228370627,-3.0041152228370627,-10.015838469579203,-10.015838469579203,-10.015838469579203,-2.5906676558392783,-2.5906676558392783,-2.5906676558392783,0.0,0.0,0.0,-1.027037674185855,-1.027037674185855,-1.027037674185855,-0.045530075333458146,-0.045530075333458146,-0.045530075333458146,0.6645810199544118,0.6645810199544118,0.6645810199544118,-1.4136944024368696,-1.4136944024368696,-1.4136944024368696,5.280627208969732,5.280627208969732,5.280627208969732,-2.5993744589010905,-2.5993744589010905,-2.5993744589010905,-8.667848915172994,-8.667848915172994,-8.667848915172994,0.0,0.0,0.0,36.192737831558176
464,2018-04-03 02:00:00,56.497513395371875,24.777547354294317,45.01208522116569,56.497513395371875,56.497513395371875,0.0,0.0,0.0,0.0,0.0,0.0,0.0,0.0,0.0,0.0,0.0,0.0,0.0,0.0,0.0,0.0,0.0,0.0,0.0,0.0,0.0,0.0,0.0,0.0,0.0,0.0,0.0,0.0,0.0,0.0,-21.01879960235725,-21.01879960235725,-21.01879960235725,-7.826604776021003,-7.826604776021003,-7.826604776021003,-3.0041152228370627,-3.0041152228370627,-3.0041152228370627,-9.88549769462734,-9.88549769462734,-9.88549769462734,-2.5974917587301536,-2.5974917587301536,-2.5974917587301536,0.0,0.0,0.0,-0.9336587014393651,-0.9336587014393651,-0.9336587014393651,-0.0334736833309728,-0.0334736833309728,-0.0334736833309728,0.6645810199544118,0.6645810199544118,0.6645810199544118,-1.4848054795835688,-1.4848054795835688,-1.4848054795835688,5.364487875946605,5.364487875946605,5.364487875946605,-2.4965338686606287,-2.4965338686606287,-2.4965338686606287,-8.671185007655517,-8.671185007655517,-8.671185007655517,0.0,0.0,0.0,35.47871379301462
465,2018-04-03 03:00:00,56.497145697736,26.267094650537004,46.279658906953614,56.497145697736,56.497145697736,0.0,0.0,0.0,0.0,0.0,0.0,0.0,0.0,0.0,0.0,0.0,0.0,0.0,0.0,0.0,0.0,0.0,0.0,0.0,0.0,0.0,0.0,0.0,0.0,0.0,0.0,0.0,0.0,0.0,0.0,-20.51698620295308,-20.51698620295308,-20.51698620295308,-7.690593250942935,-7.690593250942935,-7.690593250942935,-3.0041152228370627,-3.0041152228370627,-3.0041152228370627,-9.575302054712644,-9.575302054712644,-9.575302054712644,-2.5984666305717075,-2.5984666305717075,-2.5984666305717075,0.0,0.0,0.0,-0.8402797286928753,-0.8402797286928753,-0.8402797286928753,-0.006849150992151005,-0.006849150992151005,-0.006849150992151005,0.6645810199544118,0.6645810199544118,0.6645810199544118,-1.4748879109607356,-1.4748879109607356,-1.4748879109607356,5.423394962217718,5.423394962217718,5.423394962217718,-2.315284430612522,-2.315284430612522,-2.315284430612522,-8.674485859515222,-8.674485859515222,-8.674485859515222,0.0,0.0,0.0,35.980159494782924
466,2018-04-03 04:00:00,56.496778000100136,28.513060122422207,48.68391132393378,56.496778000100136,56.496778000100136,0.0,0.0,0.0,0.0,0.0,0.0,0.0,0.0,0.0,0.0,0.0,0.0,0.0,0.0,0.0,0.0,0.0,0.0,0.0,0.0,0.0,0.0,0.0,0.0,0.0,0.0,0.0,0.0,0.0,0.0,-17.976247590970424,-17.976247590970424,-17.976247590970424,-6.068701632169941,-6.068701632169941,-6.068701632169941,-3.0041152228370627,-3.0041152228370627,-3.0041152228370627,-8.688400783690987,-8.688400783690987,-8.688400783690987,-2.4200650835673874,-2.4200650835673874,-2.4200650835673874,0.0,0.0,0.0,-0.7469007559463855,-0.7469007559463855,-0.7469007559463855,0.04539521435195214,0.04539521435195214,0.04539521435195214,0.6645810199544118,0.6645810199544118,0.6645810199544118,-1.3824646118798622,-1.3824646118798622,-1.3824646118798622,5.458606072668754,5.458606072668754,5.458606072668754,-1.8448313437666524,-1.8448313437666524,-1.8448313437666524,-8.67775124777825,-8.67775124777825,-8.67775124777825,0.0,0.0,0.0,38.52053040912971
467,2018-04-03 05:00:00,56.49641030246427,33.05892295776405,51.9357628305189,56.49641030246427,56.49641030246427,0.0,0.0,0.0,0.0,0.0,0.0,0.0,0.0,0.0,0.0,0.0,0.0,0.0,0.0,0.0,0.0,0.0,0.0,0.0,0.0,0.0,0.0,0.0,0.0,0.0,0.0,0.0,0.0,0.0,0.0,-14.048374870418943,-14.048374870418943,-14.048374870418943,-3.262230856196116,-3.262230856196116,-3.262230856196116,-3.0041152228370627,-3.0041152228370627,-3.0041152228370627,-7.576689207007371,-7.576689207007371,-7.576689207007371,-2.3908189283207775,-2.3908189283207775,-2.3908189283207775,0.0,0.0,0.0,-0.6535217831998957,-0.6535217831998957,-0.6535217831998957,0.23679043739140695,0.23679043739140695,0.23679043739140695,0.66222179451494,0.66222179451494,0.66222179451494,-1.2858210708318258,-1.2858210708318258,-1.2858210708318258,5.4715261431341276,5.4715261431341276,5.4715261431341276,-1.141424433724157,-1.141424433724157,-1.141424433724157,-8.680980950349584,-8.680980950349584,-8.680980950349584,0.0,0.0,0.0,42.44803543204533
468,2018-04-03 06:00:00,56.4960426048284,36.569569202041585,56.49115272615132,56.4960426048284,56.4960426048284,0.0,0.0,0.0,0.0,0.0,0.0,0.0,0.0,0.0,0.0,0.0,0.0,0.0,0.0,0.0,0.0,0.0,0.0,0.0,0.0,0.0,0.0,0.0,0.0,0.0,0.0,0.0,0.0,0.0,0.0,-10.266351761573516,-10.266351761573516,-10.266351761573516,-0.23041836801593993,-0.23041836801593993,-0.23041836801593993,-3.0041152228370627,-3.0041152228370627,-3.0041152228370627,-6.815446917935368,-6.815446917935368,-6.815446917935368,-2.4161655962011728,-2.4161655962011728,-2.4161655962011728,0.0,0.0,0.0,-0.5601428104534059,-0.5601428104534059,-0.5601428104534059,0.39251883409017596,0.39251883409017596,0.39251883409017596,0.6060722290555132,0.6060722290555132,0.6060722290555132,-1.1279840212599233,-1.1279840212599233,-1.1279840212599233,5.463688270407913,5.463688270407913,5.463688270407913,-0.7056303303294928,-0.7056303303294928,-0.7056303303294928,-8.684174746030122,-8.684174746030122,-8.684174746030122,0.0,0.0,0.0,46.229690843254886
469,2018-04-03 07:00:00,56.49567490719253,40.282367279944495,59.8238770114785,56.49567490719253,56.49567490719253,0.0,0.0,0.0,0.0,0.0,0.0,0.0,0.0,0.0,0.0,0.0,0.0,0.0,0.0,0.0,0.0,0.0,0.0,0.0,0.0,0.0,0.0,0.0,0.0,0.0,0.0,0.0,0.0,0.0,0.0,-6.653297344619872,-6.653297344619872,-6.653297344619872,2.070619763944647,2.070619763944647,2.070619763944647,-3.0041152228370627,-3.0041152228370627,-3.0041152228370627,-5.473318325683278,-5.473318325683278,-5.473318325683278,-2.132965326229834,-2.132965326229834,-2.132965326229834,0.0,0.0,0.0,-0.4667638377069162,-0.4667638377069162,-0.4667638377069162,0.8064549595088393,0.8064549595088393,0.8064549595088393,0.37722736142675645,0.37722736142675645,0.37722736142675645,-0.6532067999540672,-0.6532067999540672,-0.6532067999540672,5.436733631642337,5.436733631642337,5.436733631642337,-0.39994945989099323,-0.39994945989099323,-0.39994945989099323,-8.687332414523578,-8.687332414523578,-8.687332414523578,0.0,0.0,0.0,49.84237756257266
470,2018-04-03 08:00:00,56.495307209556664,42.56948657298518,61.90398283445594,56.495307209556664,56.495307209556664,0.0,0.0,0.0,0.0,0.0,0.0,0.0,0.0,0.0,0.0,0.0,0.0,0.0,0.0,0.0,0.0,0.0,0.0,0.0,0.0,0.0,0.0,0.0,0.0,0.0,0.0,0.0,0.0,0.0,0.0,-4.904103164107105,-4.904103164107105,-4.904103164107105,3.3054423615812936,3.3054423615812936,3.3054423615812936,-3.0041152228370627,-3.0041152228370627,-3.0041152228370627,-4.911482527652144,-4.911482527652144,-4.911482527652144,-2.020367628530386,-2.020367628530386,-2.020367628530386,0.0,0.0,0.0,-0.3733848649604264,-0.3733848649604264,-0.3733848649604264,0.8722627658557385,0.8722627658557385,0.8722627658557385,0.07760573061384812,0.07760573061384812,0.07760573061384812,-0.25671506713908776,-0.25671506713908776,-0.25671506713908776,5.392390738415976,5.392390738415976,5.392390738415976,-0.20676824065476668,-0.20676824065476668,-0.20676824065476668,-8.69045373645223,-8.69045373645223,-8.69045373645223,0.0,0.0,0.0,51.59120404544956
471,2018-04-03 09:00:00,56.4949395119208,42.22547608549842,62.34940590367361,56.4949395119208,56.4949395119208,0.0,0.0,0.0,0.0,0.0,0.0,0.0,0.0,0.0,0.0,0.0,0.0,0.0,0.0,0.0,0.0,0.0,0.0,0.0,0.0,0.0,0.0,0.0,0.0,0.0,0.0,0.0,0.0,0.0,0.0,-3.9884704361677086,-3.9884704361677086,-3.9884704361677086,3.7615466864910223,3.7615466864910223,3.7615466864910223,-3.0041152228370627,-3.0041152228370627,-3.0041152228370627,-4.388932903620733,-4.388932903620733,-4.388932903620733,-2.0247545518173773,-2.0247545518173773,-2.0247545518173773,0.0,0.0,0.0,-0.2800058922139367,-0.2800058922139367,-0.2800058922139367,1.0249770645538863,1.0249770645538863,1.0249770645538863,-0.1908741243980335,-0.1908741243980335,-0.1908741243980335,-0.04886815025630185,-0.04886815025630185,-0.04886815025630185,5.332454274330334,5.332454274330334,5.332454274330334,0.13470797334809262,0.13470797334809262,0.13470797334809262,-8.693538493368331,-8.693538493368331,-8.693538493368331,0.0,0.0,0.0,52.50646907575309
472,2018-04-03 10:00:00,56.494571814284924,41.46842480101051,61.21823095304409,56.494571814284924,56.494571814284924,0.0,0.0,0.0,0.0,0.0,0.0,0.0,0.0,0.0,0.0,0.0,0.0,0.0,0.0,0.0,0.0,0.0,0.0,0.0,0.0,0.0,0.0,0.0,0.0,0.0,0.0,0.0,0.0,0.0,0.0,-5.097266800753269,-5.097266800753269,-5.097266800753269,3.808850632038337,3.808850632038337,3.808850632038337,-3.0041152228370627,-3.0041152228370627,-3.0041152228370627,-5.468294733219303,-5.468294733219303,-5.468294733219303,-2.334763797431442,-2.334763797431442,-2.334763797431442,0.0,0.0,0.0,-0.18662691946744686,-0.18662691946744686,-0.18662691946744686,0.7165343691569696,0.7165343691569696,0.7165343691569696,-0.37442186358893326,-0.37442186358893326,-0.37442186358893326,-0.08495121907554691,-0.08495121907554691,-0.08495121907554691,5.258763768191223,5.258763768191223,5.258763768191223,-0.19995007997584105,-0.19995007997584105,-0.19995007997584105,-8.696586467763526,-8.696586467763526,-8.696586467763526,0.0,0.0,0.0,51.39730501353166
473,2018-04-03 11:00:00,56.49420411664906,40.39913579275884,59.92320054359694,56.49420411664906,56.49420411664906,0.0,0.0,0.0,0.0,0.0,0.0,0.0,0.0,0.0,0.0,0.0,0.0,0.0,0.0,0.0,0.0,0.0,0.0,0.0,0.0,0.0,0.0,0.0,0.0,0.0,0.0,0.0,0.0,0.0,0.0,-6.182167621883868,-6.182167621883868,-6.182167621883868,3.4424116263953772,3.4424116263953772,3.4424116263953772,-3.0041152228370627,-3.0041152228370627,-3.0041152228370627,-6.098164157175181,-6.098164157175181,-6.098164157175181,-2.481969445506045,-2.481969445506045,-2.481969445506045,0.0,0.0,0.0,-0.0932479467209571,-0.0932479467209571,-0.0932479467209571,0.6045103934672098,0.6045103934672098,0.6045103934672098,-0.512672474341976,-0.512672474341976,-0.512672474341976,-0.035152363863021556,-0.035152363863021556,-0.035152363863021556,5.173182351979272,5.173182351979272,5.173182351979272,-0.5755170973733287,-0.5755170973733287,-0.5755170973733287,-8.699597443083336,-8.699597443083336,-8.699597443083336,0.0,0.0,0.0,50.31203649476519
474,2018-04-03 12:00:00,56.49383641901319,39.26028367413813,58.813031551715156,56.49383641901319,56.49383641901319,0.0,0.0,0.0,0.0,0.0,0.0,0.0,0.0,0.0,0.0,0.0,0.0,0.0,0.0,0.0,0.0,0.0,0.0,0.0,0.0,0.0,0.0,0.0,0.0,0.0,0.0,0.0,0.0,0.0,0.0,-7.550790884020275,-7.550790884020275,-7.550790884020275,2.4212219520049336,2.4212219520049336,2.4212219520049336,-3.0041152228370627,-3.0041152228370627,-3.0041152228370627,-6.347017481579283,-6.347017481579283,-6.347017481579283,-2.443949443685452,-2.443949443685452,-2.443949443685452,0.0,0.0,0.0,0.00013102602553267695,0.00013102602553267695,0.00013102602553267695,0.4909793687771396,0.4909793687771396,0.4909793687771396,-0.5310744327698553,-0.5310744327698553,-0.5310744327698553,-0.09824498127211088,-0.09824498127211088,-0.09824498127211088,5.077575849292881,5.077575849292881,5.077575849292881,-0.7607437958174752,-0.7607437958174752,-0.7607437958174752,-8.702571203738806,-8.702571203738806,-8.702571203738806,0.0,0.0,0.0,48.94304553499292
475,2018-04-03 13:00:00,56.49346872137732,36.419866950276074,56.51806351110587,56.49346872137732,56.49346872137732,0.0,0.0,0.0,0.0,0.0,0.0,0.0,0.0,0.0,0.0,0.0,0.0,0.0,0.0,0.0,0.0,0.0,0.0,0.0,0.0,0.0,0.0,0.0,0.0,0.0,0.0,0.0,0.0,0.0,0.0,-10.347114819541163,-10.347114819541163,-10.347114819541163,0.848643342549586,0.848643342549586,0.848643342549586,-3.0041152228370627,-3.0041152228370627,-3.0041152228370627,-7.46404305938096,-7.46404305938096,-7.46404305938096,-2.6910794555193047,-2.6910794555193047,-2.6910794555193047,0.0,0.0,0.0,0.09350999877202244,0.09350999877202244,0.09350999877202244,0.18756017004792513,0.18756017004792513,0.18756017004792513,-0.5041792627598778,-0.5041792627598778,-0.5041792627598778,-0.3645422494001066,-0.3645422494001066,-0.3645422494001066,4.973792432408685,4.973792432408685,4.973792432408685,-1.1811970376845564,-1.1811970376845564,-1.1811970376845564,-8.705507535118473,-8.705507535118473,-8.705507535118473,0.0,0.0,0.0,46.14635390183616
476,2018-04-03 14:00:00,56.49310102374145,34.41625090744795,54.71750011694473,56.49310102374145,56.49310102374145,0.0,0.0,0.0,0.0,0.0,0.0,0.0,0.0,0.0,0.0,0.0,0.0,0.0,0.0,0.0,0.0,0.0,0.0,0.0,0.0,0.0,0.0,0.0,0.0,0.0,0.0,0.0,0.0,0.0,0.0,-12.051426056652435,-12.051426056652435,-12.051426056652435,-0.48762647767287814,-0.48762647767287814,-0.48762647767287814,-3.0041152228370627,-3.0041152228370627,-3.0041152228370627,-7.719036430856655,-7.719036430856655,-7.719036430856655,-2.7100894564296016,-2.7100894564296016,-2.7100894564296016,0.0,0.0,0.0,0.18688897151851225,0.18688897151851225,0.18688897151851225,0.23930218572525805,0.23930218572525805,0.23930218572525805,-0.35554806007315953,-0.35554806007315953,-0.35554806007315953,-0.5198471537917112,-0.5198471537917112,-0.5198471537917112,4.8636430754749265,4.8636430754749265,4.8636430754749265,-1.5556276949688899,-1.5556276949688899,-1.5556276949688899,-8.708406223597828,-8.708406223597828,-8.708406223597828,0.0,0.0,0.0,44.441674967089014
477,2018-04-03 15:00:00,56.492733326105586,34.834437490647595,54.93477704233643,56.492733326105586,56.492733326105586,0.0,0.0,0.0,0.0,0.0,0.0,0.0,0.0,0.0,0.0,0.0,0.0,0.0,0.0,0.0,0.0,0.0,0.0,0.0,0.0,0.0,0.0,0.0,0.0,0.0,0.0,0.0,0.0,0.0,0.0,-12.102960892780583,-12.102960892780583,-12.102960892780583,-0.5165222690814295,-0.5165222690814295,-0.5165222690814295,-3.0041152228370627,-3.0041152228370627,-3.0041152228370627,-7.624054586221966,-7.624054586221966,-7.624054586221966,-2.6359991964715235,-2.6359991964715235,-2.6359991964715235,0.0,0.0,0.0,0.280267944265002,0.280267944265002,0.280267944265002,0.3327392237445194,0.3327392237445194,0.3327392237445194,0.036555207967040204,0.036555207967040204,0.036555207967040204,-0.5704900573976691,-0.5704900573976691,-0.5704900573976691,4.7488830190771845,4.7488830190771845,4.7488830190771845,-2.063012485492273,-2.063012485492273,-2.063012485492273,-8.711267056554373,-8.711267056554373,-8.711267056554373,0.0,0.0,0.0,44.38977243332501
478,2018-04-03 16:00:00,56.49236562846972,36.855540709116696,57.2789527054451,56.49236562846972,56.49236562846972,0.0,0.0,0.0,0.0,0.0,0.0,0.0,0.0,0.0,0.0,0.0,0.0,0.0,0.0,0.0,0.0,0.0,0.0,0.0,0.0,0.0,0.0,0.0,0.0,0.0,0.0,0.0,0.0,0.0,0.0,-9.553957019820418,-9.553957019820418,-9.553957019820418,1.2185276544093726,1.2185276544093726,1.2185276544093726,-3.0041152228370627,-3.0041152228370627,-3.0041152228370627,-6.6895892973936215,-6.6895892973936215,-6.6895892973936215,-2.4722207270905083,-2.4722207270905083,-2.4722207270905083,0.0,0.0,0.0,0.3736469170114917,0.3736469170114917,0.3736469170114917,0.5592989234578898,0.5592989234578898,0.5592989234578898,0.46451870268721007,0.46451870268721007,0.46451870268721007,-0.37952410838353584,-0.37952410838353584,-0.37952410838353584,4.631194445542301,4.631194445542301,4.631194445542301,-2.2311937822391057,-2.2311937822391057,-2.2311937822391057,-8.714089822378469,-8.714089822378469,-8.714089822378469,0.0,0.0,0.0,46.938408608649304
479,2018-04-03 17:00:00,56.49199793083384,41.25841532337041,60.88608794530578,56.49199793083384,56.49199793083384,0.0,0.0,0.0,0.0,0.0,0.0,0.0,0.0,0.0,0.0,0.0,0.0,0.0,0.0,0.0,0.0,0.0,0.0,0.0,0.0,0.0,0.0,0.0,0.0,0.0,0.0,0.0,0.0,0.0,0.0,-5.450025736425119,-5.450025736425119,-5.450025736425119,3.9792187589261907,3.9792187589261907,3.9792187589261907,-3.0041152228370627,-3.0041152228370627,-3.0041152228370627,-5.224540731603541,-5.224540731603541,-5.224540731603541,-2.0281666032628154,-2.0281666032628154,-2.0281666032628154,0.0,0.0,0.0,0.46702588975798154,0.46702588975798154,0.46702588975798154,1.0536109955597888,1.0536109955597888,1.0536109955597888,0.6032411585281472,0.6032411585281472,0.6032411585281472,0.24232854547795663,0.24232854547795663,0.24232854547795663,4.512170546735693,4.512170546735693,4.512170546735693,-2.5584654948275363,-2.5584654948275363,-2.5584654948275363,-8.716874310483462,-8.716874310483462,-8.716874310483462,0.0,0.0,0.0,51.04197219440872
480,2018-04-03 18:00:00,56.586497311176814,43.31279724755258,63.4926845885319,56.586497311176814,56.586497311176814,0.0,0.0,0.0,0.0,0.0,0.0,0.0,0.0,0.0,0.0,0.0,0.0,0.0,0.0,0.0,0.0,0.0,0.0,0.0,0.0,0.0,0.0,0.0,0.0,0.0,0.0,0.0,0.0,0.0,0.0,-2.889763216672424,-2.889763216672424,-2.889763216672424,6.261744943949535,6.261744943949535,6.261744943949535,-3.09496881036156,-3.09496881036156,-3.09496881036156,-4.770149943983603,-4.770149943983603,-4.770149943983603,-1.8151493421814375,-1.8151493421814375,-1.8151493421814375,0.0,0.0,0.0,0.5134246605333304,0.5134246605333304,0.5134246605333304,1.1627150949710925,1.1627150949710925,1.1627150949710925,0.5977702434708685,0.5977702434708685,0.5977702434708685,0.5339854971237954,0.5339854971237954,0.5339854971237954,4.459242789781976,4.459242789781976,4.459242789781976,-2.667927287539692,-2.667927287539692,-2.667927287539692,-8.840601006420332,-8.840601006420332,-8.840601006420332,0.0,0.0,0.0,53.69673409450439
481,2018-04-03 19:00:00,56.58616076260444,42.485127485786336,63.10543764098443,56.58616076260444,56.58616076260444,0.0,0.0,0.0,0.0,0.0,0.0,0.0,0.0,0.0,0.0,0.0,0.0,0.0,0.0,0.0,0.0,0.0,0.0,0.0,0.0,0.0,0.0,0.0,0.0,0.0,0.0,0.0,0.0,0.0,0.0,-3.624966696673844,-3.624966696673844,-3.624966696673844,6.572944178252805,6.572944178252805,6.572944178252805,-3.09496881036156,-3.09496881036156,-3.09496881036156,-5.696140458836818,-5.696140458836818,-5.696140458836818,-2.2134492259412335,-2.2134492259412335,-2.2134492259412335,0.0,0.0,0.0,0.5989754471526314,0.5989754471526314,0.5989754471526314,0.9367930914379323,0.9367930914379323,0.9367930914379323,0.6129386550919623,0.6129386550919623,0.6129386550919623,0.5755813229334469,0.5755813229334469,0.5755813229334469,4.3415719594969575,4.3415719594969575,4.3415719594969575,-3.112010939149997,-3.112010939149997,-3.112010939149997,-8.84334237558679,-8.84334237558679,-8.84334237558679,0.0,0.0,0.0,52.9611940659306
482,2018-04-03 20:00:00,56.585824214032066,40.67008455131753,60.1173622904854,56.585824214032066,56.585824214032066,0.0,0.0,0.0,0.0,0.0,0.0,0.0,0.0,0.0,0.0,0.0,0.0,0.0,0.0,0.0,0.0,0.0,0.0,0.0,0.0,0.0,0.0,0.0,0.0,0.0,0.0,0.0,0.0,0.0,0.0,-5.73831351890827,-5.73831351890827,-5.73831351890827,4.744822748003793,4.744822748003793,4.744822748003793,-3.09496881036156,-3.09496881036156,-3.09496881036156,-5.863693503201615,-5.863693503201615,-5.863693503201615,-2.166834155020061,-2.166834155020061,-2.166834155020061,0.0,0.0,0.0,0.6845262337719324,0.6845262337719324,0.6845262337719324,0.936301956647643,0.936301956647643,0.936301956647643,0.616507693120455,0.616507693120455,0.616507693120455,0.38985112396942206,0.38985112396942206,0.38985112396942206,4.226599016790169,4.226599016790169,4.226599016790169,-3.229077545329446,-3.229077545329446,-3.229077545329446,-8.846041780500618,-8.846041780500618,-8.846041780500618,0.0,0.0,0.0,50.847510695123795
483,2018-04-03 21:00:00,56.5854876654597,37.32220468299233,56.674928964905284,56.5854876654597,56.5854876654597,0.0,0.0,0.0,0.0,0.0,0.0,0.0,0.0,0.0,0.0,0.0,0.0,0.0,0.0,0.0,0.0,0.0,0.0,0.0,0.0,0.0,0.0,0.0,0.0,0.0,0.0,0.0,0.0,0.0,0.0,-9.82235476748718,-9.82235476748718,-9.82235476748718,1.69616602421591,1.69616602421591,1.69616602421591,-3.09496881036156,-3.09496881036156,-3.09496881036156,-6.785268642266069,-6.785268642266069,-6.785268642266069,-2.2937307369721416,-2.2937307369721416,-2.2937307369721416,0.0,0.0,0.0,0.7700770203912336,0.7700770203912336,0.7700770203912336,0.5949632773964558,0.5949632773964558,0.5949632773964558,0.6160615633668934,0.6160615633668934,0.6160615633668934,-0.10407512390053135,-0.10407512390053135,-0.10407512390053135,4.1154468642554995,4.1154468642554995,4.1154468642554995,-3.2735958321864196,-3.2735958321864196,-3.2735958321864196,-8.84869901369252,-8.84869901369252,-8.84869901369252,0.0,0.0,0.0,46.763132897972525
484,2018-04-03 22:00:00,56.585151116887324,33.099095570422065,53.46561165605514,56.585151116887324,56.585151116887324,0.0,0.0,0.0,0.0,0.0,0.0,0.0,0.0,0.0,0.0,0.0,0.0,0.0,0.0,0.0,0.0,0.0,0.0,0.0,0.0,0.0,0.0,0.0,0.0,0.0,0.0,0.0,0.0,0.0,0.0,-13.829612236042081,-13.829612236042081,-13.829612236042081,-1.3490023166296754,-1.3490023166296754,-1.3490023166296754,-3.09496881036156,-3.09496881036156,-3.09496881036156,-7.6383908980682005,-7.6383908980682005,-7.6383908980682005,-2.778527474552335,-2.778527474552335,-2.778527474552335,0.0,0.0,0.0,0.8556278070105348,0.8556278070105348,0.8556278070105348,0.7128356270659304,0.7128356270659304,0.7128356270659304,0.5669872904751193,0.5669872904751193,0.5669872904751193,-0.387120208363415,-0.387120208363415,-0.387120208363415,4.009094847546091,4.009094847546091,4.009094847546091,-3.513225129342475,-3.513225129342475,-3.513225129342475,-8.851313868890298,-8.851313868890298,-8.851313868890298,0.0,0.0,0.0,42.75553888084524
485,2018-04-03 23:00:00,56.58481456831495,29.581176078123036,49.04651729910805,56.58481456831495,56.58481456831495,0.0,0.0,0.0,0.0,0.0,0.0,0.0,0.0,0.0,0.0,0.0,0.0,0.0,0.0,0.0,0.0,0.0,0.0,0.0,0.0,0.0,0.0,0.0,0.0,0.0,0.0,0.0,0.0,0.0,0.0,-16.808867701388237,-16.808867701388237,-16.808867701388237,-3.7341955062322967,-3.7341955062322967,-3.7341955062322967,-3.09496881036156,-3.09496881036156,-3.09496881036156,-8.129159715262054,-8.129159715262054,-8.129159715262054,-2.8463783000042637,-2.8463783000042637,-2.8463783000042637,0.0,0.0,0.0,0.9411785936298358,0.9411785936298358,0.9411785936298358,0.6038037036216665,0.6038037036216665,0.6038037036216665,0.570556328503612,0.570556328503612,0.570556328503612,-0.7005399191152067,-0.7005399191152067,-0.7005399191152067,3.908373661134214,3.908373661134214,3.908373661134214,-3.602811311536138,-3.602811311536138,-3.602811311536138,-8.853886141028097,-8.853886141028097,-8.853886141028097,0.0,0.0,0.0,39.77594686692671
486,2018-04-04 00:00:00,56.584478019742576,28.190635019135684,48.55001878687241,56.584478019742576,56.584478019742576,0.0,0.0,0.0,0.0,0.0,0.0,0.0,0.0,0.0,0.0,0.0,0.0,0.0,0.0,0.0,0.0,0.0,0.0,0.0,0.0,0.0,0.0,0.0,0.0,0.0,0.0,0.0,0.0,0.0,0.0,-18.69911853747139,-18.69911853747139,-18.69911853747139,-5.534954607917395,-5.534954607917395,-5.534954607917395,-1.8578398314408198,-1.8578398314408198,-1.8578398314408198,-8.121710601626795,-8.121710601626795,-8.121710601626795,-2.8919574804605213,-2.8919574804605213,-2.8919574804605213,0.0,0.0,0.0,0.00011994081752380615,0.00011994081752380615,0.00011994081752380615,0.5728622118334292,0.5728622118334292,0.5728622118334292,0.5942012054423759,0.5942012054423759,0.5942012054423759,-0.9104537377360056,-0.9104537377360056,-0.9104537377360056,3.813962298332767,3.813962298332767,3.813962298332767,-3.6286429100827773,-3.6286429100827773,-3.6286429100827773,-8.856415626259968,-8.856415626259968,-8.856415626259968,0.0,0.0,0.0,37.885359482271184
487,2018-04-04 01:00:00,56.584141471170206,25.958957599332027,45.215222963795036,56.584141471170206,56.584141471170206,0.0,0.0,0.0,0.0,0.0,0.0,0.0,0.0,0.0,0.0,0.0,0.0,0.0,0.0,0.0,0.0,0.0,0.0,0.0,0.0,0.0,0.0,0.0,0.0,0.0,0.0,0.0,0.0,0.0,0.0,-21.594817880648332,-21.594817880648332,-21.594817880648332,-7.002345109502772,-7.002345109502772,-7.002345109502772,-1.8578398314408198,-1.8578398314408198,-1.8578398314408198,-9.459957685405994,-9.459957685405994,-9.459957685405994,-3.016782281482772,-3.016782281482772,-3.016782281482772,0.0,0.0,0.0,-0.9409387119947881,-0.9409387119947881,-0.9409387119947881,0.4304331226494806,0.4304331226494806,0.4304331226494806,0.6066928385421002,0.6066928385421002,0.6066928385421002,-0.991323761868258,-0.991323761868258,-0.991323761868258,3.726387036232531,3.726387036232531,3.726387036232531,-3.6901990598109378,-3.6901990598109378,-3.6901990598109378,-8.858902121972095,-8.858902121972095,-8.858902121972095,0.0,0.0,0.0,34.98932359052188
488,2018-04-04 02:00:00,56.58380492259783,24.35176410392511,44.28295647503743,56.58380492259783,56.58380492259783,0.0,0.0,0.0,0.0,0.0,0.0,0.0,0.0,0.0,0.0,0.0,0.0,0.0,0.0,0.0,0.0,0.0,0.0,0.0,0.0,0.0,0.0,0.0,0.0,0.0,0.0,0.0,0.0,0.0,0.0,-22.38872151936891,-22.38872151936891,-22.38872151936891,-7.9607000627417595,-7.9607000627417595,-7.9607000627417595,-1.8578398314408198,-1.8578398314408198,-1.8578398314408198,-9.212698450086595,-9.212698450086595,-9.212698450086595,-2.9551467988203326,-2.9551467988203326,-2.9551467988203326,0.0,0.0,0.0,-0.8553879253754871,-0.8553879253754871,-0.8553879253754871,0.5615661116567712,0.5615661116567712,0.5615661116567712,0.6066928385421002,0.6066928385421002,0.6066928385421002,-1.0069947474058476,-1.0069947474058476,-1.0069947474058476,3.646022420250209,3.646022420250209,3.646022420250209,-3.7055880972429787,-3.7055880972429787,-3.7055880972429787,-8.86134542679077,-8.86134542679077,-8.86134542679077,0.0,0.0,0.0,34.19508340322892
489,2018-04-04 03:00:00,56.58346837402546,23.841814086307096,44.12456126942315,56.58346837402546,56.58346837402546,0.0,0.0,0.0,0.0,0.0,0.0,0.0,0.0,0.0,0.0,0.0,0.0,0.0,0.0,0.0,0.0,0.0,0.0,0.0,0.0,0.0,0.0,0.0,0.0,0.0,0.0,0.0,0.0,0.0,0.0,-22.386538650158904,-22.386538650158904,-22.386538650158904,-7.815251989993379,-7.815251989993379,-7.815251989993379,-1.8578398314408198,-1.8578398314408198,-1.8578398314408198,-9.280635507410885,-9.280635507410885,-9.280635507410885,-2.9390904966141513,-2.9390904966141513,-2.9390904966141513,0.0,0.0,0.0,-0.7698371387561861,-0.7698371387561861,-0.7698371387561861,0.48593135395219156,0.48593135395219156,0.48593135395219156,0.6066928385421002,0.6066928385421002,0.6066928385421002,-0.9123884273085474,-0.9123884273085474,-0.9123884273085474,3.5730941878444735,3.5730941878444735,3.5730941878444735,-3.894103805785471,-3.894103805785471,-3.894103805785471,-8.86374534059911,-8.86374534059911,-8.86374534059911,0.0,0.0,0.0,34.19692972386655
490,2018-04-04 04:00:00,56.58313182545308,26.57105138679638,46.30604621245113,56.58313182545308,56.58313182545308,0.0,0.0,0.0,0.0,0.0,0.0,0.0,0.0,0.0,0.0,0.0,0.0,0.0,0.0,0.0,0.0,0.0,0.0,0.0,0.0,0.0,0.0,0.0,0.0,0.0,0.0,0.0,0.0,0.0,0.0,-20.001664563252028,-20.001664563252028,-20.001664563252028,-6.154448075839674,-6.154448075839674,-6.154448075839674,-1.8578398314408198,-1.8578398314408198,-1.8578398314408198,-8.488798870036247,-8.488798870036247,-8.488798870036247,-2.783188981644452,-2.783188981644452,-2.783188981644452,0.0,0.0,0.0,-0.6842863521368849,-0.6842863521368849,-0.6842863521368849,0.555181359383008,0.555181359383008,0.555181359383008,0.6066928385421002,0.6066928385421002,0.6066928385421002,-0.4592841294192287,-0.4592841294192287,-0.4592841294192287,3.5076840471675776,3.5076840471675776,3.5076840471675776,-3.866073773319969,-3.866073773319969,-3.866073773319969,-8.866101664543688,-8.866101664543688,-8.866101664543688,0.0,0.0,0.0,36.58146726220105
491,2018-04-04 05:00:00,56.58279527688072,30.1597489715408,50.36247302382034,56.58279527688072,56.58279527688072,0.0,0.0,0.0,0.0,0.0,0.0,0.0,0.0,0.0,0.0,0.0,0.0,0.0,0.0,0.0,0.0,0.0,0.0,0.0,0.0,0.0,0.0,0.0,0.0,0.0,0.0,0.0,0.0,0.0,0.0,-15.867627961364317,-15.867627961364317,-15.867627961364317,-3.305417152600369,-3.305417152600369,-3.305417152600369,-1.8578398314408198,-1.8578398314408198,-1.8578398314408198,-7.14353281095239,-7.14353281095239,-7.14353281095239,-2.551149517503505,-2.551149517503505,-2.551149517503505,0.0,0.0,0.0,-0.5987355655175838,-0.5987355655175838,-0.5987355655175838,0.9019225213273795,0.9019225213273795,0.9019225213273795,0.6004470219922381,0.6004470219922381,0.6004470219922381,0.24823184725935318,0.24823184725935318,0.24823184725935318,3.4497362032382295,3.4497362032382295,3.4497362032382295,-3.8864092870694513,-3.8864092870694513,-3.8864092870694513,-8.868414201049786,-8.868414201049786,-8.868414201049786,0.0,0.0,0.0,40.715167315516396
492,2018-04-04 06:00:00,56.58245872830834,34.56706061402812,54.22512228653272,56.58245872830834,56.58245872830834,0.0,0.0,0.0,0.0,0.0,0.0,0.0,0.0,0.0,0.0,0.0,0.0,0.0,0.0,0.0,0.0,0.0,0.0,0.0,0.0,0.0,0.0,0.0,0.0,0.0,0.0,0.0,0.0,0.0,0.0,-11.843044153282193,-11.843044153282193,-11.843044153282193,-0.2469023519747166,-0.2469023519747166,-0.2469023519747166,-1.8578398314408198,-1.8578398314408198,-1.8578398314408198,-6.124524550861862,-6.124524550861862,-6.124524550861862,-2.4594732113585325,-2.4594732113585325,-2.4594732113585325,0.0,0.0,0.0,-0.5131847788982827,-0.5131847788982827,-0.5131847788982827,1.2830431185920144,1.2830431185920144,1.2830431185920144,0.5130055902941678,0.5130055902941678,0.5130055902941678,0.6721223326032889,0.6721223326032889,0.6721223326032889,3.399065503382817,3.399065503382817,3.399065503382817,-3.7621977706536978,-3.7621977706536978,-3.7621977706536978,-8.870682753828433,-8.870682753828433,-8.870682753828433,0.0,0.0,0.0,44.739414575026146
493,2018-04-04 07:00:00,56.58212217973596,37.072187378894625,57.70870834324444,56.58212217973596,56.58212217973596,0.0,0.0,0.0,0.0,0.0,0.0,0.0,0.0,0.0,0.0,0.0,0.0,0.0,0.0,0.0,0.0,0.0,0.0,0.0,0.0,0.0,0.0,0.0,0.0,0.0,0.0,0.0,0.0,0.0,0.0,-9.297034233548974,-9.297034233548974,-9.297034233548974,2.0624217251571872,2.0624217251571872,2.0624217251571872,-1.8578398314408198,-1.8578398314408198,-1.8578398314408198,-5.841915885163949,-5.841915885163949,-5.841915885163949,-2.3911044406741464,-2.3911044406741464,-2.3911044406741464,0.0,0.0,0.0,-0.42763399227898163,-0.42763399227898163,-0.42763399227898163,1.5831264754588856,1.5831264754588856,1.5831264754588856,0.15164048990928594,0.15164048990928594,0.15164048990928594,0.9170540324870965,0.9170540324870965,0.9170540324870965,3.3553670543518286,3.3553670543518286,3.3553670543518286,-3.8171586186252697,-3.8171586186252697,-3.8171586186252697,-8.872907127894038,-8.872907127894038,-8.872907127894038,0.0,0.0,0.0,47.28508794618699
494,2018-04-04 08:00:00,56.58178563116359,37.50244642234685,57.55487587925396,56.58178563116359,56.58178563116359,0.0,0.0,0.0,0.0,0.0,0.0,0.0,0.0,0.0,0.0,0.0,0.0,0.0,0.0,0.0,0.0,0.0,0.0,0.0,0.0,0.0,0.0,0.0,0.0,0.0,0.0,0.0,0.0,0.0,0.0,-9.291941940846245,-9.291941940846245,-9.291941940846245,3.297152213868757,3.297152213868757,3.297152213868757,-1.8578398314408198,-1.8578398314408198,-1.8578398314408198,-7.032234171432711,-7.032234171432711,-7.032234171432711,-2.5330214343674937,-2.5330214343674937,-2.5330214343674937,0.0,0.0,0.0,-0.34208320565968053,-0.34208320565968053,-0.34208320565968053,1.284516522962883,1.284516522962883,1.284516522962883,-0.2869050578417497,-0.2869050578417497,-0.2869050578417497,1.0072105665675501,1.0072105665675501,1.0072105665675501,3.3182271462873394,3.3182271462873394,3.3182271462873394,-4.304111731653401,-4.304111731653401,-4.304111731653401,-8.875087129569632,-8.875087129569632,-8.875087129569632,0.0,0.0,0.0,47.28984369031735
495,2018-04-04 09:00:00,56.58144908259121,36.04328225562625,56.682573579422844,56.58144908259121,56.58144908259121,0.0,0.0,0.0,0.0,0.0,0.0,0.0,0.0,0.0,0.0,0.0,0.0,0.0,0.0,0.0,0.0,0.0,0.0,0.0,0.0,0.0,0.0,0.0,0.0,0.0,0.0,0.0,0.0,0.0,0.0,-9.699447059646978,-9.699447059646978,-9.699447059646978,3.7544064239036055,3.7544064239036055,3.7544064239036055,-1.8578398314408198,-1.8578398314408198,-1.8578398314408198,-7.863766221155223,-7.863766221155223,-7.863766221155223,-2.5925851361001024,-2.5925851361001024,-2.5925851361001024,0.0,0.0,0.0,-0.2565324190403795,-0.2565324190403795,-0.2565324190403795,1.0772576414607231,1.0772576414607231,1.0772576414607231,-0.6250714110414293,-0.6250714110414293,-0.6250714110414293,1.0122407594561593,1.0122407594561593,1.0122407594561593,3.2871353041066587,3.2871353041066587,3.2871353041066587,-4.621235824449374,-4.621235824449374,-4.621235824449374,-8.877222566502018,-8.877222566502018,-8.877222566502018,0.0,0.0,0.0,46.882002022944235
496,2018-04-04 10:00:00,56.58111253401884,35.81122517938677,56.59969407505349,56.58111253401884,56.58111253401884,0.0,0.0,0.0,0.0,0.0,0.0,0.0,0.0,0.0,0.0,0.0,0.0,0.0,0.0,0.0,0.0,0.0,0.0,0.0,0.0,0.0,0.0,0.0,0.0,0.0,0.0,0.0,0.0,0.0,0.0,-10.081271628301904,-10.081271628301904,-10.081271628301904,3.804599822758826,3.804599822758826,3.804599822758826,-1.8578398314408198,-1.8578398314408198,-1.8578398314408198,-8.268055477631531,-8.268055477631531,-8.268055477631531,-2.6070876026089116,-2.6070876026089116,-2.6070876026089116,0.0,0.0,0.0,-0.1709816324210784,-0.1709816324210784,-0.1709816324210784,0.980504087773696,0.980504087773696,0.980504087773696,-0.9070254152923495,-0.9070254152923495,-0.9070254152923495,1.0106930077981258,1.0106930077981258,1.0106930077981258,3.2614972742413233,3.2614972742413233,3.2614972742413233,-4.716318091440194,-4.716318091440194,-4.716318091440194,-8.879313247670522,-8.879313247670522,-8.879313247670522,0.0,0.0,0.0,46.49984090571694
497,2018-04-04 11:00:00,56.58077598544647,35.11518236695192,55.73061465167872,56.58077598544647,56.58077598544647,0.0,0.0,0.0,0.0,0.0,0.0,0.0,0.0,0.0,0.0,0.0,0.0,0.0,0.0,0.0,0.0,0.0,0.0,0.0,0.0,0.0,0.0,0.0,0.0,0.0,0.0,0.0,0.0,0.0,0.0,-10.595909376506722,-10.595909376506722,-10.595909376506722,3.436917634856723,3.436917634856723,3.436917634856723,-1.8578398314408198,-1.8578398314408198,-1.8578398314408198,-8.392116773228247,-8.392116773228247,-8.392116773228247,-2.5874056837755277,-2.5874056837755277,-2.5874056837755277,0.0,0.0,0.0,-0.08543084580177729,-0.08543084580177729,-0.08543084580177729,1.0517186323656704,1.0517186323656704,1.0517186323656704,-0.9993742742795972,-0.9993742742795972,-0.9993742742795972,0.9201495358031635,0.9201495358031635,0.9201495358031635,3.2406487452644694,3.2406487452644694,3.2406487452644694,-4.833934306099359,-4.833934306099359,-4.833934306099359,-8.881358983399668,-8.881358983399668,-8.881358983399668,0.0,0.0,0.0,45.984866608939754
498,2018-04-04 12:00:00,56.580439436874094,33.725484841466766,53.86063164901461,56.580439436874094,56.580439436874094,0.0,0.0,0.0,0.0,0.0,0.0,0.0,0.0,0.0,0.0,0.0,0.0,0.0,0.0,0.0,0.0,0.0,0.0,0.0,0.0,0.0,0.0,0.0,0.0,0.0,0.0,0.0,0.0,0.0,0.0,-12.125510024269051,-12.125510024269051,-12.125510024269051,2.4076276000136643,2.4076276000136643,2.4076276000136643,-1.8578398314408198,-1.8578398314408198,-1.8578398314408198,-8.8736476327731,-8.8736476327731,-8.8736476327731,-2.68736911363982,-2.68736911363982,-2.68736911363982,0.0,0.0,0.0,0.00011994081752380615,0.00011994081752380615,0.00011994081752380615,0.8552647162498791,0.8552647162498791,0.8552647162498791,-1.068078256328081,-1.068078256328081,-1.068078256328081,0.6978537039180965,0.6978537039180965,0.6978537039180965,3.223869593862876,3.223869593862876,3.223869593862876,-4.813598792349877,-4.813598792349877,-4.813598792349877,-8.883359585372494,-8.883359585372494,-8.883359585372494,0.0,0.0,0.0,44.45492941260504
499,2018-04-04 13:00:00,56.580102888301724,32.40989726695178,52.59229196541551,56.580102888301724,56.580102888301724,0.0,0.0,0.0,0.0,0.0,0.0,0.0,0.0,0.0,0.0,0.0,0.0,0.0,0.0,0.0,0.0,0.0,0.0,0.0,0.0,0.0,0.0,0.0,0.0,0.0,0.0,0.0,0.0,0.0,0.0,-13.858884356282884,-13.858884356282884,-13.858884356282884,0.8260296535744936,0.8260296535744936,0.8260296535744936,-1.8578398314408198,-1.8578398314408198,-1.8578398314408198,-9.009997586716272,-9.009997586716272,-9.009997586716272,-2.7298406227013325,-2.7298406227013325,-2.7298406227013325,0.0,0.0,0.0,0.0856707274368249,0.0856707274368249,0.0856707274368249,0.7162735705979568,0.7162735705979568,0.7162735705979568,-1.0939537820346528,-1.0939537820346528,-1.0939537820346528,0.5684229715150417,0.5684229715150417,0.5684229715150417,3.210398443493818,3.210398443493818,3.210398443493818,-4.698730620089291,-4.698730620089291,-4.698730620089291,-8.885314866634925,-8.885314866634925,-8.885314866634925,0.0,0.0,0.0,42.72121853201884
500,2018-04-04 14:00:00,56.57976633972935,31.255390158983776,51.595051441453734,56.57976633972935,56.57976633972935,0.0,0.0,0.0,0.0,0.0,0.0,0.0,0.0,0.0,0.0,0.0,0.0,0.0,0.0,0.0,0.0,0.0,0.0,0.0,0.0,0.0,0.0,0.0,0.0,0.0,0.0,0.0,0.0,0.0,0.0,-14.99199770737237,-14.99199770737237,-14.99199770737237,-0.5097400353445043,-0.5097400353445043,-0.5097400353445043,-1.8578398314408198,-1.8578398314408198,-1.8578398314408198,-8.79448035233027,-8.79448035233027,-8.79448035233027,-2.740199527350482,-2.740199527350482,-2.740199527350482,0.0,0.0,0.0,0.17122151405612598,0.17122151405612598,0.17122151405612598,0.6681423611495879,0.6681423611495879,0.6681423611495879,-1.1082299341486233,-1.1082299341486233,-1.1082299341486233,0.49800027107451567,0.49800027107451567,0.49800027107451567,3.1994473219178174,3.1994473219178174,3.1994473219178174,-4.425575205670576,-4.425575205670576,-4.425575205670576,-8.887224641615411,-8.887224641615411,-8.887224641615411,0.0,0.0,0.0,41.58776863235698
501,2018-04-04 15:00:00,56.579429791156976,32.47976682376849,53.396461846198385,56.579429791156976,56.579429791156976,0.0,0.0,0.0,0.0,0.0,0.0,0.0,0.0,0.0,0.0,0.0,0.0,0.0,0.0,0.0,0.0,0.0,0.0,0.0,0.0,0.0,0.0,0.0,0.0,0.0,0.0,0.0,0.0,0.0,0.0,-14.465212563786535,-14.465212563786535,-14.465212563786535,-0.5228360420478696,-0.5228360420478696,-0.5228360420478696,-1.8578398314408198,-1.8578398314408198,-1.8578398314408198,-8.243504000894156,-8.243504000894156,-8.243504000894156,-2.723625279911843,-2.723625279911843,-2.723625279911843,0.0,0.0,0.0,0.25677230067542706,0.25677230067542706,0.25677230067542706,0.747215062386194,0.747215062386194,0.747215062386194,-0.9395928873023452,-0.9395928873023452,-0.9395928873023452,0.4424746803425624,0.4424746803425624,0.4424746803425624,3.1902162052845497,3.1902162052845497,3.1902162052845497,-4.168908045643333,-4.168908045643333,-4.168908045643333,-8.889088726129058,-8.889088726129058,-8.889088726129058,0.0,0.0,0.0,42.11421722737044
502,2018-04-04 16:00:00,56.579093242584605,34.55527198534979,55.02635086592224,56.579093242584605,56.579093242584605,0.0,0.0,0.0,0.0,0.0,0.0,0.0,0.0,0.0,0.0,0.0,0.0,0.0,0.0,0.0,0.0,0.0,0.0,0.0,0.0,0.0,0.0,0.0,0.0,0.0,0.0,0.0,0.0,0.0,0.0,-11.991216008171996,-11.991216008171996,-11.991216008171996,1.2398001221963832,1.2398001221963832,1.2398001221963832,-1.8578398314408198,-1.8578398314408198,-1.8578398314408198,-7.522016434016467,-7.522016434016467,-7.522016434016467,-2.571867326801804,-2.571867326801804,-2.571867326801804,0.0,0.0,0.0,0.3423230872947282,0.3423230872947282,0.3423230872947282,0.8375838637994578,0.8375838637994578,0.8375838637994578,-0.6567466235443017,-0.6567466235443017,-0.6567466235443017,0.31710679604184566,0.31710679604184566,0.31710679604184566,3.181907241040791,3.181907241040791,3.181907241040791,-3.9325763993655727,-3.9325763993655727,-3.9325763993655727,-8.890906937392705,-8.890906937392705,-8.890906937392705,0.0,0.0,0.0,44.58787723441261
503,2018-04-04 17:00:00,56.57875669401223,39.34360223965276,58.235747177975945,56.57875669401223,56.57875669401223,0.0,0.0,0.0,0.0,0.0,0.0,0.0,0.0,0.0,0.0,0.0,0.0,0.0,0.0,0.0,0.0,0.0,0.0,0.0,0.0,0.0,0.0,0.0,0.0,0.0,0.0,0.0,0.0,0.0,0.0,-8.147205037154567,-8.147205037154567,-8.147205037154567,4.031160160246071,4.031160160246071,4.031160160246071,-1.8578398314408198,-1.8578398314408198,-1.8578398314408198,-6.459424552307148,-6.459424552307148,-6.459424552307148,-2.5003908847226723,-2.5003908847226723,-2.5003908847226723,0.0,0.0,0.0,0.42787387391402926,0.42787387391402926,0.42787387391402926,0.9809952225639855,0.9809952225639855,0.9809952225639855,-0.3002889504485972,-0.3002889504485972,-0.3002889504485972,0.3463206085872287,0.3463206085872287,0.3463206085872287,3.173738448940079,3.173738448940079,3.173738448940079,-3.556094590760302,-3.556094590760302,-3.556094590760302,-8.892679094033568,-8.892679094033568,-8.892679094033568,0.0,0.0,0.0,48.431551656857664
504,2018-04-04 18:00:00,56.67896351884793,42.76663211193676,63.9580966248783,56.67896351884793,56.67896351884793,0.0,0.0,0.0,0.0,0.0,0.0,0.0,0.0,0.0,0.0,0.0,0.0,0.0,0.0,0.0,0.0,0.0,0.0,0.0,0.0,0.0,0.0,0.0,0.0,0.0,0.0,0.0,0.0,0.0,0.0,-3.3618917944010636,-3.3618917944010636,-3.3618917944010636,6.231501919977619,6.231501919977619,6.231501919977619,-1.994918478525125,-1.994918478525125,-1.994918478525125,-3.4876474290953654,-3.4876474290953654,-3.4876474290953654,-2.034841648731909,-2.034841648731909,-2.034841648731909,0.0,0.0,0.0,0.5997331453441086,0.5997331453441086,0.5997331453441086,1.7906821227341292,1.7906821227341292,1.7906821227341292,0.24929538421289293,0.24929538421289293,0.24929538421289293,0.6697914240298382,0.6697914240298382,0.6697914240298382,3.251463233646939,3.251463233646939,3.251463233646939,-2.7673893781593,-2.7673893781593,-2.7673893781593,-9.357209518930256,-9.357209518930256,-9.357209518930256,0.0,0.0,0.0,53.31707172444687
505,2018-04-04 19:00:00,56.6786533295915,44.897556180495144,65.71657181011061,56.6786533295915,56.6786533295915,0.0,0.0,0.0,0.0,0.0,0.0,0.0,0.0,0.0,0.0,0.0,0.0,0.0,0.0,0.0,0.0,0.0,0.0,0.0,0.0,0.0,0.0,0.0,0.0,0.0,0.0,0.0,0.0,0.0,0.0,-1.2217436095330332,-1.2217436095330332,-1.2217436095330332,6.532962297344756,6.532962297344756,6.532962297344756,-1.994918478525125,-1.994918478525125,-1.994918478525125,-1.635723125043059,-1.635723125043059,-1.635723125043059,-1.785015041617148,-1.785015041617148,-1.785015041617148,0.0,0.0,0.0,0.6996653386410743,0.6996653386410743,0.6996653386410743,2.0430462924292128,2.0430462924292128,2.0430462924292128,0.46167605822487306,0.46167605822487306,0.46167605822487306,1.0047665870284783,1.0047665870284783,1.0047665870284783,3.2400790650435813,3.2400790650435813,3.2400790650435813,-2.064943881224424,-2.064943881224424,-2.064943881224424,-9.35906184687831,-9.35906184687831,-9.35906184687831,0.0,0.0,0.0,55.45690972005846
506,2018-04-04 20:00:00,56.678343140335066,42.00344520909781,62.69961149597919,56.678343140335066,56.678343140335066,0.0,0.0,0.0,0.0,0.0,0.0,0.0,0.0,0.0,0.0,0.0,0.0,0.0,0.0,0.0,0.0,0.0,0.0,0.0,0.0,0.0,0.0,0.0,0.0,0.0,0.0,0.0,0.0,0.0,0.0,-4.164413900599563,-4.164413900599563,-4.164413900599563,4.664420955138654,4.664420955138654,4.664420955138654,-1.994918478525125,-1.994918478525125,-1.994918478525125,-2.694845274530756,-2.694845274530756,-2.694845274530756,-2.257086549753321,-2.257086549753321,-2.257086549753321,0.0,0.0,0.0,0.7995975319380401,0.7995975319380401,0.7995975319380401,1.7134630007248641,1.7134630007248641,1.7134630007248641,0.5098593388927891,0.5098593388927891,0.5098593388927891,0.490038845565982,0.490038845565982,0.490038845565982,3.2268756186578087,3.2268756186578087,3.2268756186578087,-1.9557989633739852,-1.9557989633739852,-1.9557989633739852,-9.36086519986527,-9.36086519986527,-9.36086519986527,0.0,0.0,0.0,52.5139292397355
507,2018-04-04 21:00:00,56.678032951078634,38.69275401161848,59.2744230017551,56.678032951078634,56.678032951078634,0.0,0.0,0.0,0.0,0.0,0.0,0.0,0.0,0.0,0.0,0.0,0.0,0.0,0.0,0.0,0.0,0.0,0.0,0.0,0.0,0.0,0.0,0.0,0.0,0.0,0.0,0.0,0.0,0.0,0.0,-7.200045607706673,-7.200045607706673,-7.200045607706673,1.5625582436045589,1.5625582436045589,1.5625582436045589,-1.994918478525125,-1.994918478525125,-1.994918478525125,-2.6111944560560207,-2.6111944560560207,-2.6111944560560207,-2.4236376211631616,-2.4236376211631616,-2.4236376211631616,0.0,0.0,0.0,0.8995297252350057,0.8995297252350057,0.8995297252350057,1.7475429484272773,1.7475429484272773,1.7475429484272773,0.5168763215143304,0.5168763215143304,0.5168763215143304,-0.001365295111495075,-0.001365295111495075,-0.001365295111495075,3.211210001776047,3.211210001776047,3.211210001776047,-1.3552220564328523,-1.3552220564328523,-1.3552220564328523,-9.36261939703126,-9.36261939703126,-9.36261939703126,0.0,0.0,0.0,49.477987343371964
508,2018-04-04 22:00:00,56.677722761822196,31.719405504432757,52.38392536042566,56.677722761822196,56.677722761822196,0.0,0.0,0.0,0.0,0.0,0.0,0.0,0.0,0.0,0.0,0.0,0.0,0.0,0.0,0.0,0.0,0.0,0.0,0.0,0.0,0.0,0.0,0.0,0.0,0.0,0.0,0.0,0.0,0.0,0.0,-14.063352092199535,-14.063352092199535,-14.063352092199535,-1.5097403209204845,-1.5097403209204845,-1.5097403209204845,-1.994918478525125,-1.994918478525125,-1.994918478525125,-6.381796058978845,-6.381796058978845,-6.381796058978845,-2.9561767157347543,-2.9561767157347543,-2.9561767157347543,0.0,0.0,0.0,0.9994619185319715,0.9994619185319715,0.9994619185319715,0.4490538017910339,0.4490538017910339,0.4490538017910339,0.5238933041358717,0.5238933041358717,0.5238933041358717,-0.5243367230583519,-0.5243367230583519,-0.5243367230583519,3.1925085467606897,3.1925085467606897,3.1925085467606897,-2.8787731661194913,-2.8787731661194913,-2.8787731661194913,-9.364324259060895,-9.364324259060895,-9.364324259060895,0.0,0.0,0.0,42.61437066962266
509,2018-04-04 23:00:00,56.677412572565764,29.057027807737196,50.430787863521324,56.677412572565764,56.677412572565764,0.0,0.0,0.0,0.0,0.0,0.0,0.0,0.0,0.0,0.0,0.0,0.0,0.0,0.0,0.0,0.0,0.0,0.0,0.0,0.0,0.0,0.0,0.0,0.0,0.0,0.0,0.0,0.0,0.0,0.0,-17.05635964031408,-17.05635964031408,-17.05635964031408,-3.8665627158314817,-3.8665627158314817,-3.8665627158314817,-1.994918478525125,-1.994918478525125,-1.994918478525125,-6.994091922507379,-6.994091922507379,-6.994091922507379,-3.15932658946077,-3.15932658946077,-3.15932658946077,0.0,0.0,0.0,1.0993941118289374,1.0993941118289374,1.0993941118289374,0.23939741465973352,0.23939741465973352,0.23939741465973352,0.543540855476187,0.543540855476187,0.543540855476187,-0.8534809858607372,-0.8534809858607372,-0.8534809858607372,3.170274606225039,3.170274606225039,3.170274606225039,-2.8686982506256045,-2.8686982506256045,-2.8686982506256045,-9.36597960820026,-9.36597960820026,-9.36597960820026,0.0,0.0,0.0,39.621052932251686
510,2018-04-05 00:00:00,56.67710238330933,27.208824106135673,48.32860597766329,56.67710238330933,56.67710238330933,0.0,0.0,0.0,0.0,0.0,0.0,0.0,0.0,0.0,0.0,0.0,0.0,0.0,0.0,0.0,0.0,0.0,0.0,0.0,0.0,0.0,0.0,0.0,0.0,0.0,0.0,0.0,0.0,0.0,0.0,-18.89319733143383,-18.89319733143383,-18.89319733143383,-5.589897327977135,-5.589897327977135,-5.589897327977135,-0.665205659797652,-0.665205659797652,-0.665205659797652,-7.079809551196885,-7.079809551196885,-7.079809551196885,-3.3051913813005984,-3.3051913813005984,-3.3051913813005984,0.0,0.0,0.0,0.00013998556231413273,0.00013998556231413273,0.00013998556231413273,0.12550999448964437,0.12550999448964437,0.12550999448964437,0.5828359581568175,0.5828359581568175,0.5828359581568175,-1.0684200310261314,-1.0684200310261314,-1.0684200310261314,3.1440948160008175,3.1440948160008175,3.1440948160008175,-2.749478417281279,-2.749478417281279,-2.749478417281279,-9.367585268260624,-9.367585268260624,-9.367585268260624,0.0,0.0,0.0,37.78390505187551
511,2018-04-05 01:00:00,56.6767921940529,25.377945108207197,45.59392988215622,56.6767921940529,56.6767921940529,0.0,0.0,0.0,0.0,0.0,0.0,0.0,0.0,0.0,0.0,0.0,0.0,0.0,0.0,0.0,0.0,0.0,0.0,0.0,0.0,0.0,0.0,0.0,0.0,0.0,0.0,0.0,0.0,0.0,0.0,-21.48921084325613,-21.48921084325613,-21.48921084325613,-6.971144485886924,-6.971144485886924,-6.971144485886924,-0.665205659797652,-0.665205659797652,-0.665205659797652,-8.262569045457914,-8.262569045457914,-8.262569045457914,-3.4149877882491246,-3.4149877882491246,-3.4149877882491246,0.0,0.0,0.0,-1.099114140704309,-1.099114140704309,-1.099114140704309,0.11903911834361657,0.11903911834361657,0.11903911834361657,0.6104360898015464,0.6104360898015464,0.6104360898015464,-1.1365812436651102,-1.1365812436651102,-1.1365812436651102,3.113643752723246,3.113643752723246,3.113643752723246,-2.6761554211868814,-2.6761554211868814,-2.6761554211868814,-9.369141064634539,-9.369141064634539,-9.369141064634539,0.0,0.0,0.0,35.18758135079677
512,2018-04-05 02:00:00,56.676482004796476,24.34446863373036,44.88433316936588,56.676482004796476,56.676482004796476,0.0,0.0,0.0,0.0,0.0,0.0,0.0,0.0,0.0,0.0,0.0,0.0,0.0,0.0,0.0,0.0,0.0,0.0,0.0,0.0,0.0,0.0,0.0,0.0,0.0,0.0,0.0,0.0,0.0,0.0,-22.098282167844808,-22.098282167844808,-22.098282167844808,-7.87864871645223,-7.87864871645223,-7.87864871645223,-0.665205659797652,-0.665205659797652,-0.665205659797652,-7.92767356373225,-7.92767356373225,-7.92767356373225,-3.355581036663448,-3.355581036663448,-3.355581036663448,0.0,0.0,0.0,-0.9991819474073433,-0.9991819474073433,-0.9991819474073433,0.11256824219758878,0.11256824219758878,0.11256824219758878,0.6104360898015464,0.6104360898015464,0.6104360898015464,-1.1711645137946218,-1.1711645137946218,-1.1711645137946218,3.078686936643952,3.078686936643952,3.078686936643952,-2.4595447380683186,-2.4595447380683186,-2.4595447380683186,-9.37064682430428,-9.37064682430428,-9.37064682430428,0.0,0.0,0.0,34.57819983695167
513,2018-04-05 03:00:00,56.67617181554004,24.719428377180897,45.162625985648184,56.67617181554004,56.67617181554004,0.0,0.0,0.0,0.0,0.0,0.0,0.0,0.0,0.0,0.0,0.0,0.0,0.0,0.0,0.0,0.0,0.0,0.0,0.0,0.0,0.0,0.0,0.0,0.0,0.0,0.0,0.0,0.0,0.0,0.0,-21.73478011644625,-21.73478011644625,-21.73478011644625,-7.732467271169796,-7.732467271169796,-7.732467271169796,-0.665205659797652,-0.665205659797652,-0.665205659797652,-7.669292624066021,-7.669292624066021,-7.669292624066021,-3.347624775290367,-3.347624775290367,-3.347624775290367,0.0,0.0,0.0,-0.8992497541103774,-0.8992497541103774,-0.8992497541103774,0.1863362302623056,0.1863362302623056,0.1863362302623056,0.6202598654717041,0.6202598654717041,0.6202598654717041,-1.079076503798597,-1.079076503798597,-1.079076503798597,3.039082154641259,3.039082154641259,3.039082154641259,-2.484732026803035,-2.484732026803035,-2.484732026803035,-9.372102375851693,-9.372102375851693,-9.372102375851693,0.0,0.0,0.0,34.941391699093785
514,2018-04-05 04:00:00,56.675861626283606,27.53138098867615,47.84517373852142,56.675861626283606,56.675861626283606,0.0,0.0,0.0,0.0,0.0,0.0,0.0,0.0,0.0,0.0,0.0,0.0,0.0,0.0,0.0,0.0,0.0,0.0,0.0,0.0,0.0,0.0,0.0,0.0,0.0,0.0,0.0,0.0,0.0,0.0,-19.359127801679296,-19.359127801679296,-19.359127801679296,-6.099041482998113,-6.099041482998113,-6.099041482998113,-0.665205659797652,-0.665205659797652,-0.665205659797652,-6.881357872248984,-6.881357872248984,-6.881357872248984,-3.2691229964092954,-3.2691229964092954,-3.2691229964092954,0.0,0.0,0.0,-0.7993175608134118,-0.7993175608134118,-0.7993175608134118,0.3869333907891671,0.3869333907891671,0.3869333907891671,0.6324226353490421,0.6324226353490421,0.6324226353490421,-0.6274833368748599,-0.6274833368748599,-0.6274833368748599,2.994779103040336,2.994779103040336,2.994779103040336,-2.5395843444919737,-2.5395843444919737,-2.5395843444919737,-9.373507549472535,-9.373507549472535,-9.373507549472535,0.0,0.0,0.0,37.31673382460431
515,2018-04-05 05:00:00,56.675551437027174,30.474528583346704,51.38417780250267,56.675551437027174,56.675551437027174,0.0,0.0,0.0,0.0,0.0,0.0,0.0,0.0,0.0,0.0,0.0,0.0,0.0,0.0,0.0,0.0,0.0,0.0,0.0,0.0,0.0,0.0,0.0,0.0,0.0,0.0,0.0,0.0,0.0,0.0,-15.432365420655703,-15.432365420655703,-15.432365420655703,-3.2691918576985235,-3.2691918576985235,-3.2691918576985235,-0.665205659797652,-0.665205659797652,-0.665205659797652,-5.734128760189885,-5.734128760189885,-5.734128760189885,-3.0436955908386514,-3.0436955908386514,-3.0436955908386514,0.0,0.0,0.0,-0.6993853675164461,-0.6993853675164461,-0.6993853675164461,0.7393804448761475,0.7393804448761475,0.7393804448761475,0.6090326932772381,0.6090326932772381,0.6090326932772381,-0.051832741637700776,-0.051832741637700776,-0.051832741637700776,2.945817374212695,2.945817374212695,2.945817374212695,-2.62242253855282,-2.62242253855282,-2.62242253855282,-9.374862176979992,-9.374862176979992,-9.374862176979992,0.0,0.0,0.0,41.24318601637147
516,2018-04-05 06:00:00,56.67524124777074,35.73855663277162,55.53996680086541,56.67524124777074,56.67524124777074,0.0,0.0,0.0,0.0,0.0,0.0,0.0,0.0,0.0,0.0,0.0,0.0,0.0,0.0,0.0,0.0,0.0,0.0,0.0,0.0,0.0,0.0,0.0,0.0,0.0,0.0,0.0,0.0,0.0,0.0,-11.058247753703348,-11.058247753703348,-11.058247753703348,-0.2021527680851422,-0.2021527680851422,-0.2021527680851422,-0.665205659797652,-0.665205659797652,-0.665205659797652,-4.372251728874681,-4.372251728874681,-4.372251728874681,-2.6989242646717835,-2.6989242646717835,-2.6989242646717835,0.0,0.0,0.0,-0.5994531742194803,-0.5994531742194803,-0.5994531742194803,1.3683496062700489,1.3683496062700489,1.3683496062700489,0.29513967067362873,0.29513967067362873,0.29513967067362873,0.39634231137788695,0.39634231137788695,0.39634231137788695,2.8923228350786183,2.8923228350786183,2.8923228350786183,-2.468500218507329,-2.468500218507329,-2.468500218507329,-9.376166091822144,-9.376166091822144,-9.376166091822144,0.0,0.0,0.0,45.616993494067394
517,2018-04-05 07:00:00,56.67493105851431,36.46439938748283,57.469099265645426,56.67493105851431,56.67493105851431,0.0,0.0,0.0,0.0,0.0,0.0,0.0,0.0,0.0,0.0,0.0,0.0,0.0,0.0,0.0,0.0,0.0,0.0,0.0,0.0,0.0,0.0,0.0,0.0,0.0,0.0,0.0,0.0,0.0,0.0,-9.32507664215268,-9.32507664215268,-9.32507664215268,2.1337113646720605,2.1337113646720605,2.1337113646720605,-0.665205659797652,-0.665205659797652,-0.665205659797652,-4.915871346755023,-4.915871346755023,-4.915871346755023,-2.752496424583866,-2.752496424583866,-2.752496424583866,0.0,0.0,0.0,-0.4995209809225145,-0.4995209809225145,-0.4995209809225145,1.18155698152138,1.18155698152138,1.18155698152138,-0.39533141928602467,-0.39533141928602467,-0.39533141928602467,0.6287740571320455,0.6287740571320455,0.6287740571320455,2.834502469019596,2.834502469019596,2.834502469019596,-2.4136479008183906,-2.4136479008183906,-2.4136479008183906,-9.377419129089313,-9.377419129089313,-9.377419129089313,0.0,0.0,0.0,47.34985441636163
518,2018-04-05 08:00:00,56.67462086925788,36.85900463659157,58.52564597851583,56.67462086925788,56.67462086925788,0.0,0.0,0.0,0.0,0.0,0.0,0.0,0.0,0.0,0.0,0.0,0.0,0.0,0.0,0.0,0.0,0.0,0.0,0.0,0.0,0.0,0.0,0.0,0.0,0.0,0.0,0.0,0.0,0.0,0.0,-9.150429407124516,-9.150429407124516,-9.150429407124516,3.3884029283152537,3.3884029283152537,3.3884029283152537,-0.665205659797652,-0.665205659797652,-0.665205659797652,-5.932848984681457,-5.932848984681457,-5.932848984681457,-2.878735771703427,-2.878735771703427,-2.878735771703427,0.0,0.0,0.0,-0.39958878762554884,-0.39958878762554884,-0.39958878762554884,1.0366093558503573,1.0366093558503573,1.0366093558503573,-1.238772730395276,-1.238772730395276,-1.238772730395276,0.7110098564516397,0.7110098564516397,0.7110098564516397,2.772637774764325,2.772637774764325,2.772637774764325,-2.4981652474615506,-2.4981652474615506,-2.4981652474615506,-9.378621125522637,-9.378621125522637,-9.378621125522637,0.0,0.0,0.0,47.52419146213336
519,2018-04-05 09:00:00,56.67431068000145,36.8754514663923,57.31662164473989,56.67431068000145,56.67431068000145,0.0,0.0,0.0,0.0,0.0,0.0,0.0,0.0,0.0,0.0,0.0,0.0,0.0,0.0,0.0,0.0,0.0,0.0,0.0,0.0,0.0,0.0,0.0,0.0,0.0,0.0,0.0,0.0,0.0,0.0,-9.195712999397685,-9.195712999397685,-9.195712999397685,3.8437703644441465,3.8437703644441465,3.8437703644441465,-0.665205659797652,-0.665205659797652,-0.665205659797652,-6.3667882812574,-6.3667882812574,-6.3667882812574,-3.071807714356873,-3.071807714356873,-3.071807714356873,0.0,0.0,0.0,-0.2996565943285831,-0.2996565943285831,-0.2996565943285831,0.9071918329298014,0.9071918329298014,0.9071918329298014,-1.5793302869607422,-1.5793302869607422,-1.5793302869607422,0.7455931265811512,0.7455931265811512,0.7455931265811512,2.707076836944081,2.707076836944081,2.707076836944081,-2.4035729853245034,-2.4035729853245034,-2.4035729853245034,-9.379771919528512,-9.379771919528512,-9.379771919528512,0.0,0.0,0.0,47.47859768060376
520,2018-04-05 10:00:00,56.67400049074501,37.564369192727256,58.606369150774995,56.67400049074501,56.67400049074501,0.0,0.0,0.0,0.0,0.0,0.0,0.0,0.0,0.0,0.0,0.0,0.0,0.0,0.0,0.0,0.0,0.0,0.0,0.0,0.0,0.0,0.0,0.0,0.0,0.0,0.0,0.0,0.0,0.0,0.0,-8.979260762403333,-8.979260762403333,-8.979260762403333,3.8750005084927857,3.8750005084927857,3.8750005084927857,-0.665205659797652,-0.665205659797652,-0.665205659797652,-6.11161512190452,-6.11161512190452,-6.11161512190452,-3.020357224144279,-3.020357224144279,-3.020357224144279,0.0,0.0,0.0,-0.19972440103161737,-0.19972440103161737,-0.19972440103161737,0.9240161109094737,0.9240161109094737,0.9240161109094737,-1.697215595002634,-1.697215595002634,-1.697215595002634,0.7791710690906187,0.7791710690906187,0.7791710690906187,2.6382252021913573,2.6382252021913573,2.6382252021913573,-2.2322994219284302,-2.2322994219284302,-2.2322994219284302,-9.380871351182957,-9.380871351182957,-9.380871351182957,0.0,0.0,0.0,47.69473972834167
521,2018-04-05 11:00:00,56.673690301488584,36.588954993286066,57.105745866529894,56.673690301488584,56.673690301488584,0.0,0.0,0.0,0.0,0.0,0.0,0.0,0.0,0.0,0.0,0.0,0.0,0.0,0.0,0.0,0.0,0.0,0.0,0.0,0.0,0.0,0.0,0.0,0.0,0.0,0.0,0.0,0.0,0.0,0.0,-9.40229043780414,-9.40229043780414,-9.40229043780414,3.485931005925696,3.485931005925696,3.485931005925696,-0.665205659797652,-0.665205659797652,-0.665205659797652,-6.072837893527469,-6.072837893527469,-6.072837893527469,-2.9360208535896137,-2.9360208535896137,-2.9360208535896137,0.0,0.0,0.0,-0.09979220773465163,-0.09979220773465163,-0.09979220773465163,0.8140112164270014,0.8140112164270014,0.8140112164270014,-1.7477378698777304,-1.7477378698777304,-1.7477378698777304,0.731518539900536,0.731518539900536,0.731518539900536,2.5665357120461403,2.5665357120461403,2.5665357120461403,-2.1696110588553577,-2.1696110588553577,-2.1696110588553577,-9.381919262248509,-9.381919262248509,-9.381919262248509,0.0,0.0,0.0,47.271399863684444
522,2018-04-05 12:00:00,56.67338011223215,34.91545146257988,55.354305331070826,56.67338011223215,56.67338011223215,0.0,0.0,0.0,0.0,0.0,0.0,0.0,0.0,0.0,0.0,0.0,0.0,0.0,0.0,0.0,0.0,0.0,0.0,0.0,0.0,0.0,0.0,0.0,0.0,0.0,0.0,0.0,0.0,0.0,0.0,-10.728441140792615,-10.728441140792615,-10.728441140792615,2.440261520068964,2.440261520068964,2.440261520068964,-0.665205659797652,-0.665205659797652,-0.665205659797652,-6.27828462390685,-6.27828462390685,-6.27828462390685,-3.053773521911221,-3.053773521911221,-3.053773521911221,0.0,0.0,0.0,0.00013998556231413273,0.00013998556231413273,0.00013998556231413273,0.752322197168203,0.752322197168203,0.752322197168203,-1.6916020089054011,-1.6916020089054011,-1.6916020089054011,0.5376913747560647,0.5376913747560647,0.5376913747560647,2.4924974592247544,2.4924974592247544,2.4924974592247544,-2.1578569907791567,-2.1578569907791567,-2.1578569907791567,-9.382915496179484,-9.382915496179484,-9.382915496179484,0.0,0.0,0.0,45.94493897143954
523,2018-04-05 13:00:00,56.67306992297571,35.061571762497714,54.75034279888626,56.67306992297571,56.67306992297571,0.0,0.0,0.0,0.0,0.0,0.0,0.0,0.0,0.0,0.0,0.0,0.0,0.0,0.0,0.0,0.0,0.0,0.0,0.0,0.0,0.0,0.0,0.0,0.0,0.0,0.0,0.0,0.0,0.0,0.0,-12.180385689791517,-12.180385689791517,-12.180385689791517,0.8423987115961263,0.8423987115961263,0.8423987115961263,-0.665205659797652,-0.665205659797652,-0.665205659797652,-6.055548550049663,-6.055548550049663,-6.055548550049663,-3.0702164620822567,-3.0702164620822567,-3.0702164620822567,0.0,0.0,0.0,0.10007217885927987,0.10007217885927987,0.10007217885927987,0.7915788457874383,0.7915788457874383,0.7915788457874383,-1.572781103180637,-1.572781103180637,-1.572781103180637,0.39292419746973756,0.39292419746973756,0.39292419746973756,2.4166240467947855,2.4166240467947855,2.4166240467947855,-2.0319205471055732,-2.0319205471055732,-2.0319205471055732,-9.383859898132767,-9.383859898132767,-9.383859898132767,0.0,0.0,0.0,44.49268423318419
524,2018-04-05 14:00:00,56.67275973371928,32.806036703722825,53.718375889654816,56.67275973371928,56.67275973371928,0.0,0.0,0.0,0.0,0.0,0.0,0.0,0.0,0.0,0.0,0.0,0.0,0.0,0.0,0.0,0.0,0.0,0.0,0.0,0.0,0.0,0.0,0.0,0.0,0.0,0.0,0.0,0.0,0.0,0.0,-13.510913164865629,-13.510913164865629,-13.510913164865629,-0.5159606231217471,-0.5159606231217471,-0.5159606231217471,-0.665205659797652,-0.665205659797652,-0.665205659797652,-5.949641566951083,-5.949641566951083,-5.949641566951083,-3.1243190394192113,-3.1243190394192113,-3.1243190394192113,0.0,0.0,0.0,0.2000043721562456,0.2000043721562456,0.2000043721562456,0.7273014760702289,0.7273014760702289,0.7273014760702289,-1.4455398183100234,-1.4455398183100234,-1.4455398183100234,0.28816905946115917,0.28816905946115917,0.28816905946115917,2.33944134018689,2.33944134018689,2.33944134018689,-1.9300519571118306,-1.9300519571118306,-1.9300519571118306,-9.38475231497969,-9.38475231497969,-9.38475231497969,0.0,0.0,0.0,43.161846568853655
525,2018-04-05 15:00:00,56.67244954446285,32.97569745763018,53.83926184461806,56.67244954446285,56.67244954446285,0.0,0.0,0.0,0.0,0.0,0.0,0.0,0.0,0.0,0.0,0.0,0.0,0.0,0.0,0.0,0.0,0.0,0.0,0.0,0.0,0.0,0.0,0.0,0.0,0.0,0.0,0.0,0.0,0.0,0.0,-13.11243500162598,-13.11243500162598,-13.11243500162598,-0.5535746808582793,-0.5535746808582793,-0.5535746808582793,-0.665205659797652,-0.665205659797652,-0.665205659797652,-5.434742635250616,-5.434742635250616,-5.434742635250616,-3.036269746890442,-3.036269746890442,-3.036269746890442,0.0,0.0,0.0,0.2999365654532114,0.2999365654532114,0.2999365654532114,0.7458513210221752,0.7458513210221752,0.7458513210221752,-1.1681351053384281,-1.1681351053384281,-1.1681351053384281,0.19487465632108167,0.19487465632108167,0.19487465632108167,2.261474909796547,2.261474909796547,2.261474909796547,-1.8057946660205615,-1.8057946660205615,-1.8057946660205615,-9.385592595313632,-9.385592595313632,-9.385592595313632,0.0,0.0,0.0,43.56001454283687
526,2018-04-05 16:00:00,56.67213935520642,34.96581696940418,56.07946208489962,56.67213935520642,56.67213935520642,0.0,0.0,0.0,0.0,0.0,0.0,0.0,0.0,0.0,0.0,0.0,0.0,0.0,0.0,0.0,0.0,0.0,0.0,0.0,0.0,0.0,0.0,0.0,0.0,0.0,0.0,0.0,0.0,0.0,0.0,-10.67759111969211,-10.67759111969211,-10.67759111969211,1.195853407622382,1.195853407622382,1.195853407622382,-0.665205659797652,-0.665205659797652,-0.665205659797652,-4.670301304820503,-4.670301304820503,-4.670301304820503,-2.878205354278555,-2.878205354278555,-2.878205354278555,0.0,0.0,0.0,0.39986875875017713,0.39986875875017713,0.39986875875017713,0.9024465237560478,0.9024465237560478,0.9024465237560478,-0.7223228094498443,-0.7223228094498443,-0.7223228094498443,0.08268009392417817,0.08268009392417817,0.08268009392417817,2.18323736696665,2.18323736696665,2.18323736696665,-1.789562857724855,-1.789562857724855,-1.789562857724855,-9.38638058946064,-9.38638058946064,-9.38638058946064,0.0,0.0,0.0,45.99454823551431
527,2018-04-05 17:00:00,56.67182916594999,39.443461814396144,60.24097940455159,56.67182916594999,56.67182916594999,0.0,0.0,0.0,0.0,0.0,0.0,0.0,0.0,0.0,0.0,0.0,0.0,0.0,0.0,0.0,0.0,0.0,0.0,0.0,0.0,0.0,0.0,0.0,0.0,0.0,0.0,0.0,0.0,0.0,0.0,-7.307884662305756,-7.307884662305756,-7.307884662305756,3.9916090236956316,3.9916090236956316,3.9916090236956316,-0.665205659797652,-0.665205659797652,-0.665205659797652,-4.017593335090658,-4.017593335090658,-4.017593335090658,-2.7896256443249134,-2.7896256443249134,-2.7896256443249134,0.0,0.0,0.0,0.4998009520471429,0.4998009520471429,0.4998009520471429,1.018922294384548,1.018922294384548,1.018922294384548,-0.29849705910875624,-0.29849705910875624,-0.29849705910875624,0.06478526228739606,0.06478526228739606,0.06478526228739606,2.1052157985788917,2.1052157985788917,2.1052157985788917,-1.8477734805784227,-1.8477734805784227,-1.8477734805784227,-9.38711614948962,-9.38711614948962,-9.38711614948962,0.0,0.0,0.0,49.363944503644234
528,2018-04-05 18:00:00,56.601786737885504,43.15868219464846,64.07627813182542,56.601786737885504,56.601786737885504,0.0,0.0,0.0,0.0,0.0,0.0,0.0,0.0,0.0,0.0,0.0,0.0,0.0,0.0,0.0,0.0,0.0,0.0,0.0,0.0,0.0,0.0,0.0,0.0,0.0,0.0,0.0,0.0,0.0,0.0,-3.6534606041544566,-3.6534606041544566,-3.6534606041544566,6.233697760005827,6.233697760005827,6.233697760005827,-0.6593948033472219,-0.6593948033472219,-0.6593948033472219,-2.82131632064199,-2.82131632064199,-2.82131632064199,-2.460502002401058,-2.460502002401058,-2.460502002401058,0.0,0.0,0.0,0.5540418849064072,0.5540418849064072,0.5540418849064072,1.299906934495662,1.299906934495662,1.299906934495662,0.20640079315796142,0.20640079315796142,0.20640079315796142,0.18253779148113755,0.18253779148113755,0.18253779148113755,2.0550883920814527,2.0550883920814527,2.0550883920814527,-1.9443069189348774,-1.9443069189348774,-1.9443069189348774,-9.120930435599746,-9.120930435599746,-9.120930435599746,0.0,0.0,0.0,52.94832613373105
529,2018-04-05 19:00:00,56.60145179932608,43.47636356006098,64.55274888386911,56.60145179932608,56.60145179932608,0.0,0.0,0.0,0.0,0.0,0.0,0.0,0.0,0.0,0.0,0.0,0.0,0.0,0.0,0.0,0.0,0.0,0.0,0.0,0.0,0.0,0.0,0.0,0.0,0.0,0.0,0.0,0.0,0.0,0.0,-2.473083062846762,-2.473083062846762,-2.473083062846762,6.534076311050254,6.534076311050254,6.534076311050254,-0.6593948033472219,-0.6593948033472219,-0.6593948033472219,-1.8623641883961153,-1.8623641883961153,-1.8623641883961153,-2.2865883063401835,-2.2865883063401835,-2.2865883063401835,0.0,0.0,0.0,0.6463606637159516,0.6463606637159516,0.6463606637159516,1.500539831719284,1.500539831719284,1.500539831719284,0.44414660426775715,0.44414660426775715,0.44414660426775715,0.4810828399025073,0.4810828399025073,0.4810828399025073,1.9766238328445824,1.9766238328445824,1.9766238328445824,-1.9885110183142103,-1.9885110183142103,-1.9885110183142103,-9.121419018345481,-9.121419018345481,-9.121419018345481,0.0,0.0,0.0,54.12836873647932
530,2018-04-05 20:00:00,56.601116860766666,42.40612376002524,62.46720826826242,56.601116860766666,56.601116860766666,0.0,0.0,0.0,0.0,0.0,0.0,0.0,0.0,0.0,0.0,0.0,0.0,0.0,0.0,0.0,0.0,0.0,0.0,0.0,0.0,0.0,0.0,0.0,0.0,0.0,0.0,0.0,0.0,0.0,0.0,-4.6368986379382795,-4.6368986379382795,-4.6368986379382795,4.6921357060127225,4.6921357060127225,4.6921357060127225,-0.6593948033472219,-0.6593948033472219,-0.6593948033472219,-2.1066571471060356,-2.1066571471060356,-2.1066571471060356,-2.3535171922878084,-2.3535171922878084,-2.3535171922878084,0.0,0.0,0.0,0.738679442525496,0.738679442525496,0.738679442525496,1.4213785525426168,1.4213785525426168,1.4213785525426168,0.48604636107720617,0.48604636107720617,0.48604636107720617,0.2395940031328944,0.2395940031328944,0.2395940031328944,1.8994813526641054,1.8994813526641054,1.8994813526641054,-1.9794435107492188,-1.9794435107492188,-1.9794435107492188,-9.121858549509072,-9.121858549509072,-9.121858549509072,0.0,0.0,0.0,51.964218222828386
531,2018-04-05 21:00:00,56.60078192220725,37.5319708397762,57.5999627022376,56.60078192220725,56.60078192220725,0.0,0.0,0.0,0.0,0.0,0.0,0.0,0.0,0.0,0.0,0.0,0.0,0.0,0.0,0.0,0.0,0.0,0.0,0.0,0.0,0.0,0.0,0.0,0.0,0.0,0.0,0.0,0.0,0.0,0.0,-8.509890068821804,-8.509890068821804,-8.509890068821804,1.6311051127954383,1.6311051127954383,1.6311051127954383,-0.6593948033472219,-0.6593948033472219,-0.6593948033472219,-2.8426963215543353,-2.8426963215543353,-2.8426963215543353,-2.411319411969849,-2.411319411969849,-2.411319411969849,0.0,0.0,0.0,0.8309982213350405,0.8309982213350405,0.8309982213350405,0.9705232211398737,0.9705232211398737,0.9705232211398737,0.49593282054909876,0.49593282054909876,0.49593282054909876,-0.2231718758728677,-0.2231718758728677,-0.2231718758728677,1.82395003212979,1.82395003212979,1.82395003212979,-1.8462644933884098,-1.8462644933884098,-1.8462644933884098,-9.122248892192697,-9.122248892192697,-9.122248892192697,0.0,0.0,0.0,48.09089185338544
532,2018-04-05 22:00:00,56.600446983647835,37.3813576047332,57.75302960592618,56.600446983647835,56.600446983647835,0.0,0.0,0.0,0.0,0.0,0.0,0.0,0.0,0.0,0.0,0.0,0.0,0.0,0.0,0.0,0.0,0.0,0.0,0.0,0.0,0.0,0.0,0.0,0.0,0.0,0.0,0.0,0.0,0.0,0.0,-9.013204144773095,-9.013204144773095,-9.013204144773095,-1.4152194872004726,-1.4152194872004726,-1.4152194872004726,-0.6593948033472219,-0.6593948033472219,-0.6593948033472219,-0.22563397572529773,-0.22563397572529773,-0.22563397572529773,-1.1655294667174576,-1.1655294667174576,-1.1655294667174576,0.0,0.0,0.0,0.9233170001445851,0.9233170001445851,0.9233170001445851,0.19847327422720457,0.19847327422720457,0.19847327422720457,0.4596824691521596,0.4596824691521596,0.4596824691521596,-1.1826004976332216,-1.1826004976332216,-1.1826004976332216,1.7502392293066886,1.7502392293066886,1.7502392293066886,1.2004180484486544,1.2004180484486544,1.2004180484486544,-9.12258991115401,-9.12258991115401,-9.12258991115401,0.0,0.0,0.0,47.587242838874744
533,2018-04-05 23:00:00,56.600112045088416,34.79630406557051,54.9877630323291,56.600112045088416,56.600112045088416,0.0,0.0,0.0,0.0,0.0,0.0,0.0,0.0,0.0,0.0,0.0,0.0,0.0,0.0,0.0,0.0,0.0,0.0,0.0,0.0,0.0,0.0,0.0,0.0,0.0,0.0,0.0,0.0,0.0,0.0,-12.11021882402079,-12.11021882402079,-12.11021882402079,-3.7825743384918233,-3.7825743384918233,-3.7825743384918233,-0.6593948033472219,-0.6593948033472219,-0.6593948033472219,-0.8832334897182715,-0.8832334897182715,-0.8832334897182715,-1.4525124170686394,-1.4525124170686394,-1.4525124170686394,0.0,0.0,0.0,1.0156357789541295,1.0156357789541295,1.0156357789541295,0.06926750821471307,0.06926750821471307,0.06926750821471307,0.4653318745646695,0.4653318745646695,0.4653318745646695,-1.4704080302086888,-1.4704080302086888,-1.4704080302086888,1.678470477003363,1.678470477003363,1.678470477003363,1.1488465991727668,1.1488465991727668,1.1488465991727668,-9.122881472814058,-9.122881472814058,-9.122881472814058,0.0,0.0,0.0,44.489893221067625
534,2018-04-06 00:00:00,56.599777106529,31.36061267382991,52.05504639658577,56.599777106529,56.599777106529,0.0,0.0,0.0,0.0,0.0,0.0,0.0,0.0,0.0,0.0,0.0,0.0,0.0,0.0,0.0,0.0,0.0,0.0,0.0,0.0,0.0,0.0,0.0,0.0,0.0,0.0,0.0,0.0,0.0,0.0,-14.00167945192399,-14.00167945192399,-14.00167945192399,-5.548974111991075,-5.548974111991075,-5.548974111991075,0.660364569498233,0.660364569498233,0.660364569498233,-0.9382526395896637,-0.9382526395896637,-0.9382526395896637,-1.4712727866145645,-1.4712727866145645,-1.4712727866145645,0.0,0.0,0.0,0.00012921204914035985,0.00012921204914035985,0.00012921204914035985,-0.0026145728767434473,-0.0026145728767434473,-0.0026145728767434473,0.4954620367647229,0.4954620367647229,0.4954620367647229,-1.6331550841083493,-1.6331550841083493,-1.6331550841083493,1.6086707449230147,1.6086707449230147,1.6086707449230147,1.0128339856978976,1.0128339856978976,1.0128339856978976,-9.12312344526627,-9.12312344526627,-9.12312344526627,0.0,0.0,0.0,42.598097654605006
535,2018-04-06 01:00:00,56.59944216796957,30.14793929994867,50.29056350003776,56.59944216796957,56.59944216796957,0.0,0.0,0.0,0.0,0.0,0.0,0.0,0.0,0.0,0.0,0.0,0.0,0.0,0.0,0.0,0.0,0.0,0.0,0.0,0.0,0.0,0.0,0.0,0.0,0.0,0.0,0.0,0.0,0.0,0.0,-16.277350603089435,-16.277350603089435,-16.277350603089435,-6.979299728739131,-6.979299728739131,-6.979299728739131,0.660364569498233,0.660364569498233,0.660364569498233,-1.7155023700246934,-1.7155023700246934,-1.7155023700246934,-1.422090196183355,-1.422090196183355,-1.422090196183355,0.0,0.0,0.0,-1.0153773548558487,-1.0153773548558487,-1.0153773548558487,0.07108730773601576,0.07108730773601576,0.07108730773601576,0.5194720097678904,0.5194720097678904,0.5194720097678904,-1.6761051474919597,-1.6761051474919597,-1.6761051474919597,1.5407671939626784,1.5407671939626784,1.5407671939626784,1.1471464415043306,1.1471464415043306,1.1471464415043306,-9.123315698288287,-9.123315698288287,-9.123315698288287,0.0,0.0,0.0,40.32209156488014
536,2018-04-06 02:00:00,56.59910722941016,28.913687958310025,50.19281172571239,56.59910722941016,56.59910722941016,0.0,0.0,0.0,0.0,0.0,0.0,0.0,0.0,0.0,0.0,0.0,0.0,0.0,0.0,0.0,0.0,0.0,0.0,0.0,0.0,0.0,0.0,0.0,0.0,0.0,0.0,0.0,0.0,0.0,0.0,-17.1146975171734,-17.1146975171734,-17.1146975171734,-7.914567872662449,-7.914567872662449,-7.914567872662449,0.660364569498233,0.660364569498233,0.660364569498233,-1.5512550709825919,-1.5512550709825919,-1.5512550709825919,-1.397245382460373,-1.397245382460373,-1.397245382460373,0.0,0.0,0.0,-0.9230585760463043,-0.9230585760463043,-0.9230585760463043,0.045610114437778015,0.045610114437778015,0.045610114437778015,0.5350078746522929,0.5350078746522929,0.5350078746522929,-1.6910534538656672,-1.6910534538656672,-1.6910534538656672,1.474583529820032,1.474583529820032,1.474583529820032,1.2191197828014488,1.2191197828014488,1.2191197828014488,-9.123458103348392,-9.123458103348392,-9.123458103348392,0.0,0.0,0.0,39.484409712236754
537,2018-04-06 03:00:00,56.59877229085074,29.583088827305282,50.02374292034155,56.59877229085074,56.59877229085074,0.0,0.0,0.0,0.0,0.0,0.0,0.0,0.0,0.0,0.0,0.0,0.0,0.0,0.0,0.0,0.0,0.0,0.0,0.0,0.0,0.0,0.0,0.0,0.0,0.0,0.0,0.0,0.0,0.0,0.0,-16.62261313159858,-16.62261313159858,-16.62261313159858,-7.767823778748311,-7.767823778748311,-7.767823778748311,0.660364569498233,0.660364569498233,0.660364569498233,-1.1410768603262242,-1.1410768603262242,-1.1410768603262242,-1.1832757622338737,-1.1832757622338737,-1.1832757622338737,0.0,0.0,0.0,-0.8307397972367598,-0.8307397972367598,-0.8307397972367598,-0.004434372398046144,-0.004434372398046144,-0.004434372398046144,0.543011198986682,0.543011198986682,0.543011198986682,-1.5706248447704463,-1.5706248447704463,-1.5706248447704463,1.40983804109181,1.40983804109181,1.40983804109181,1.2446221478279866,1.2446221478279866,1.2446221478279866,-9.123550533615857,-9.123550533615857,-9.123550533615857,0.0,0.0,0.0,39.97615915925216
538,2018-04-06 04:00:00,56.59843735229132,33.05774615349771,53.172520768066754,56.59843735229132,56.59843735229132,0.0,0.0,0.0,0.0,0.0,0.0,0.0,0.0,0.0,0.0,0.0,0.0,0.0,0.0,0.0,0.0,0.0,0.0,0.0,0.0,0.0,0.0,0.0,0.0,0.0,0.0,0.0,0.0,0.0,0.0,-13.888153293652781,-13.888153293652781,-13.888153293652781,-6.1212269218574615,-6.1212269218574615,-6.1212269218574615,0.660364569498233,0.660364569498233,0.660364569498233,0.010523108312639737,0.010523108312639737,0.010523108312639737,-0.8805746644252951,-0.8805746644252951,-0.8805746644252951,0.0,0.0,0.0,-0.7384210184272153,-0.7384210184272153,-0.7384210184272153,0.13432534110128447,0.13432534110128447,0.13432534110128447,0.5689043071273527,0.5689043071273527,0.5689043071273527,-1.1175437839786355,-1.1175437839786355,-1.1175437839786355,1.3461433838601367,1.3461433838601367,1.3461433838601367,1.3834683574169155,1.3834683574169155,1.3834683574169155,-9.123592863968097,-9.123592863968097,-9.123592863968097,0.0,0.0,0.0,42.710284058638535
539,2018-04-06 05:00:00,56.59810241373191,37.25745627319413,57.57104692916717,56.59810241373191,56.59810241373191,0.0,0.0,0.0,0.0,0.0,0.0,0.0,0.0,0.0,0.0,0.0,0.0,0.0,0.0,0.0,0.0,0.0,0.0,0.0,0.0,0.0,0.0,0.0,0.0,0.0,0.0,0.0,0.0,0.0,0.0,-9.603254153265251,-9.603254153265251,-9.603254153265251,-3.2872386801586573,-3.2872386801586573,-3.2872386801586573,0.660364569498233,0.660364569498233,0.660364569498233,1.5245613475052688,1.5245613475052688,1.5245613475052688,-0.3177635780475361,-0.3177635780475361,-0.3177635780475361,0.0,0.0,0.0,-0.6461022396176709,-0.6461022396176709,-0.6461022396176709,0.36634978006737834,0.36634978006737834,0.36634978006737834,0.5510145233210713,0.5510145233210713,0.5510145233210713,-0.5288752681915058,-0.5288752681915058,-0.5288752681915058,1.28300815038955,1.28300815038955,1.28300815038955,1.439573560475299,1.439573560475299,1.439573560475299,-9.123584971001414,-9.123584971001414,-9.123584971001414,0.0,0.0,0.0,46.994848260466654
540,2018-04-06 06:00:00,56.59776747517249,41.45947011488793,61.095228105189705,56.59776747517249,56.59776747517249,0.0,0.0,0.0,0.0,0.0,0.0,0.0,0.0,0.0,0.0,0.0,0.0,0.0,0.0,0.0,0.0,0.0,0.0,0.0,0.0,0.0,0.0,0.0,0.0,0.0,0.0,0.0,0.0,0.0,0.0,-5.285224342883658,-5.285224342883658,-5.285224342883658,-0.23322624004334688,-0.23322624004334688,-0.23322624004334688,0.660364569498233,0.660364569498233,0.660364569498233,2.8516883955169914,2.8516883955169914,2.8516883955169914,-0.02621729456356183,-0.02621729456356183,-0.02621729456356183,0.0,0.0,0.0,-0.5537834608081265,-0.5537834608081265,-0.5537834608081265,0.7448680804983393,0.7448680804983393,0.7448680804983393,0.28219698244247055,0.28219698244247055,0.28219698244247055,0.007158365998062116,0.007158365998062116,0.007158365998062116,1.219840234682676,1.219840234682676,1.219840234682676,1.737101152451575,1.737101152451575,1.737101152451575,-9.123526733039979,-9.123526733039979,-9.123526733039979,0.0,0.0,0.0,51.31254313228883
541,2018-04-06 07:00:00,56.59743253661306,43.508055256848934,63.75319377312769,56.59743253661306,56.59743253661306,0.0,0.0,0.0,0.0,0.0,0.0,0.0,0.0,0.0,0.0,0.0,0.0,0.0,0.0,0.0,0.0,0.0,0.0,0.0,0.0,0.0,0.0,0.0,0.0,0.0,0.0,0.0,0.0,0.0,0.0,-2.9446363329735337,-2.9446363329735337,-2.9446363329735337,2.082500206993343,2.082500206993343,2.082500206993343,0.660364569498233,0.660364569498233,0.660364569498233,2.940329507682802,2.940329507682802,2.940329507682802,-0.037879145902920804,-0.037879145902920804,-0.037879145902920804,0.0,0.0,0.0,-0.4614646819985819,-0.4614646819985819,-0.4614646819985819,0.9031906388516739,0.9031906388516739,0.9031906388516739,-0.2959255047710525,-0.2959255047710525,-0.2959255047710525,0.280228131726212,0.280228131726212,0.280228131726212,1.1559519824933286,1.1559519824933286,1.1559519824933286,1.8918155002792383,1.8918155002792383,1.8918155002792383,-9.123418030143007,-9.123418030143007,-9.123418030143007,0.0,0.0,0.0,53.65279620363953
542,2018-04-06 08:00:00,56.59709759805365,44.89246184198929,64.64043543798239,56.59709759805365,56.59709759805365,0.0,0.0,0.0,0.0,0.0,0.0,0.0,0.0,0.0,0.0,0.0,0.0,0.0,0.0,0.0,0.0,0.0,0.0,0.0,0.0,0.0,0.0,0.0,0.0,0.0,0.0,0.0,0.0,0.0,0.0,-1.600929175367384,-1.600929175367384,-1.600929175367384,3.3260057656304816,3.3260057656304816,3.3260057656304816,0.660364569498233,0.660364569498233,0.660364569498233,3.105756715388001,3.105756715388001,3.105756715388001,0.03766936929553513,0.03766936929553513,0.03766936929553513,0.0,0.0,0.0,-0.36914590318903745,-0.36914590318903745,-0.36914590318903745,1.1702462186028446,1.1702462186028446,1.1702462186028446,-0.6532503971123098,-0.6532503971123098,-0.6532503971123098,0.45476539910372643,0.45476539910372643,0.45476539910372643,1.0905670877277662,1.0905670877277662,1.0905670877277662,1.805107459189009,1.805107459189009,1.805107459189009,-9.123258744113633,-9.123258744113633,-9.123258744113633,0.0,0.0,0.0,54.99616842268627
543,2018-04-06 09:00:00,56.59676265949423,45.692951149459105,65.64131120506867,56.59676265949423,56.59676265949423,0.0,0.0,0.0,0.0,0.0,0.0,0.0,0.0,0.0,0.0,0.0,0.0,0.0,0.0,0.0,0.0,0.0,0.0,0.0,0.0,0.0,0.0,0.0,0.0,0.0,0.0,0.0,0.0,0.0,0.0,-1.411984952408371,-1.411984952408371,-1.411984952408371,3.785856967202656,3.785856967202656,3.785856967202656,0.660364569498233,0.660364569498233,0.660364569498233,2.9023776664143917,2.9023776664143917,2.9023776664143917,-0.01202025815042917,-0.01202025815042917,-0.01202025815042917,0.0,0.0,0.0,-0.27682712437949303,-0.27682712437949303,-0.27682712437949303,1.1538680229111205,1.1538680229111205,1.1538680229111205,-0.7412869647905905,-0.7412869647905905,-0.7412869647905905,0.5585613856141181,0.5585613856141181,0.5585613856141181,1.0228291724831466,1.0228291724831466,1.0228291724831466,1.559718035711433,1.559718035711433,1.559718035711433,-9.123048758508565,-9.123048758508565,-9.123048758508565,0.0,0.0,0.0,55.184777707085864
544,2018-04-06 10:00:00,56.59642772093481,44.33809911201616,66.31515528304922,56.59642772093481,56.59642772093481,0.0,0.0,0.0,0.0,0.0,0.0,0.0,0.0,0.0,0.0,0.0,0.0,0.0,0.0,0.0,0.0,0.0,0.0,0.0,0.0,0.0,0.0,0.0,0.0,0.0,0.0,0.0,0.0,0.0,0.0,-1.6329045764073562,-1.6329045764073562,-1.6329045764073562,3.8309770726836367,3.8309770726836367,3.8309770726836367,0.660364569498233,0.660364569498233,0.660364569498233,2.707094346171499,2.707094346171499,2.707094346171499,-0.03483692381439237,-0.03483692381439237,-0.03483692381439237,0.0,0.0,0.0,-0.18450834556994855,-0.18450834556994855,-0.18450834556994855,1.1406744763816759,1.1406744763816759,1.1406744763816759,-0.850038018981408,-0.850038018981408,-0.850038018981408,0.6594098187550462,0.6594098187550462,0.6594098187550462,0.951811963384157,0.951811963384157,0.951811963384157,1.316028769902293,1.316028769902293,1.316028769902293,-9.122787958646649,-9.122787958646649,-9.122787958646649,0.0,0.0,0.0,54.96352314452746
545,2018-04-06 11:00:00,56.5960927823754,44.18481883340544,63.88167895905876,56.5960927823754,56.5960927823754,0.0,0.0,0.0,0.0,0.0,0.0,0.0,0.0,0.0,0.0,0.0,0.0,0.0,0.0,0.0,0.0,0.0,0.0,0.0,0.0,0.0,0.0,0.0,0.0,0.0,0.0,0.0,0.0,0.0,0.0,-2.7952519745834965,-2.7952519745834965,-2.7952519745834965,3.455562460573639,3.455562460573639,3.455562460573639,0.660364569498233,0.660364569498233,0.660364569498233,1.9951308428639103,1.9951308428639103,1.9951308428639103,-0.01202025815042917,-0.01202025815042917,-0.01202025815042917,0.0,0.0,0.0,-0.0921895667604041,-0.0921895667604041,-0.0921895667604041,0.7107468394739137,0.7107468394739137,0.7107468394739137,-1.019049397572332,-1.019049397572332,-1.019049397572332,0.665304925493973,0.665304925493973,0.665304925493973,0.8765309535942865,0.8765309535942865,0.8765309535942865,1.081973730880956,1.081973730880956,1.081973730880956,-9.122476231615334,-9.122476231615334,-9.122476231615334,0.0,0.0,0.0,53.80084080779191
546,2018-04-06 12:00:00,56.59575784381598,41.35622193454284,62.68855824162812,56.59575784381598,56.59575784381598,0.0,0.0,0.0,0.0,0.0,0.0,0.0,0.0,0.0,0.0,0.0,0.0,0.0,0.0,0.0,0.0,0.0,0.0,0.0,0.0,0.0,0.0,0.0,0.0,0.0,0.0,0.0,0.0,0.0,0.0,-4.79140238637739,-4.79140238637739,-4.79140238637739,2.421105152034947,2.421105152034947,2.421105152034947,0.660364569498233,0.660364569498233,0.660364569498233,1.1136495103938353,1.1136495103938353,1.1136495103938353,-0.14537099303092524,-0.14537099303092524,-0.14537099303092524,0.0,0.0,0.0,0.00012921204914035985,0.00012921204914035985,0.00012921204914035985,0.3772685771951945,0.3772685771951945,0.3772685771951945,-1.0849591273849486,-1.0849591273849486,-1.0849591273849486,0.4707664031093852,0.4707664031093852,0.4707664031093852,0.7959564174769113,0.7959564174769113,0.7959564174769113,0.8354508689577561,0.8354508689577561,0.8354508689577561,-9.122113466283086,-9.122113466283086,-9.122113466283086,0.0,0.0,0.0,51.80435545743859
547,2018-04-06 13:00:00,56.595422905256555,38.88461283706538,60.0273385494062,56.595422905256555,56.595422905256555,0.0,0.0,0.0,0.0,0.0,0.0,0.0,0.0,0.0,0.0,0.0,0.0,0.0,0.0,0.0,0.0,0.0,0.0,0.0,0.0,0.0,0.0,0.0,0.0,0.0,0.0,0.0,0.0,0.0,0.0,-7.1936934831162205,-7.1936934831162205,-7.1936934831162205,0.837238136652857,0.837238136652857,0.837238136652857,0.660364569498233,0.660364569498233,0.660364569498233,0.3817403087541292,0.3817403087541292,0.3817403087541292,-0.4044669075705963,-0.4044669075705963,-0.4044669075705963,0.0,0.0,0.0,0.09244799085868483,0.09244799085868483,0.09244799085868483,0.15934758451919656,0.15934758451919656,0.15934758451919656,-1.0327021273192312,-1.0327021273192312,-1.0327021273192312,0.3353894876404566,0.3353894876404566,0.3353894876404566,0.7090276247796056,0.7090276247796056,0.7090276247796056,0.5713597111273856,0.5713597111273856,0.5713597111273856,-9.121699553302811,-9.121699553302811,-9.121699553302811,0.0,0.0,0.0,49.401729422140335
548,2018-04-06 14:00:00,56.59508796669714,37.405573679862165,58.117485301534586,56.59508796669714,56.59508796669714,0.0,0.0,0.0,0.0,0.0,0.0,0.0,0.0,0.0,0.0,0.0,0.0,0.0,0.0,0.0,0.0,0.0,0.0,0.0,0.0,0.0,0.0,0.0,0.0,0.0,0.0,0.0,0.0,0.0,0.0,-8.745204286786798,-8.745204286786798,-8.745204286786798,-0.5016612328397675,-0.5016612328397675,-0.5016612328397675,0.660364569498233,0.660364569498233,0.660364569498233,0.2630232492418655,0.2630232492418655,0.2630232492418655,-0.5195643099199219,-0.5195643099199219,-0.5195643099199219,0.0,0.0,0.0,0.18476676966822927,0.18476676966822927,0.18476676966822927,0.19665347470590183,0.19665347470590183,0.19665347470590183,-0.8660446676501863,-0.8660446676501863,-0.8660446676501863,0.2865443175179194,0.2865443175179194,0.2865443175179194,0.6146680819346161,0.6146680819346161,0.6146680819346161,0.32030309542169005,0.32030309542169005,0.32030309542169005,-9.121234385123513,-9.121234385123513,-9.121234385123513,0.0,0.0,0.0,47.84988367991035
549,2018-04-06 15:00:00,56.594753028137724,38.29244332635211,58.93672486302416,56.594753028137724,56.594753028137724,0.0,0.0,0.0,0.0,0.0,0.0,0.0,0.0,0.0,0.0,0.0,0.0,0.0,0.0,0.0,0.0,0.0,0.0,0.0,0.0,0.0,0.0,0.0,0.0,0.0,0.0,0.0,0.0,0.0,0.0,-8.439215655072264,-8.439215655072264,-8.439215655072264,-0.5217408612876201,-0.5217408612876201,-0.5217408612876201,0.660364569498233,0.660364569498233,0.660364569498233,0.6914414503898447,0.6914414503898447,0.6914414503898447,-0.43894542457391844,-0.43894542457391844,-0.43894542457391844,0.0,0.0,0.0,0.2770855484777737,0.2770855484777737,0.2770855484777737,0.22167571812381395,0.22167571812381395,0.22167571812381395,-0.534142099665224,-0.534142099665224,-0.534142099665224,0.2791754340942607,0.2791754340942607,0.2791754340942607,0.511801611823443,0.511801611823443,0.511801611823443,0.22622770443490567,0.22622770443490567,0.22622770443490567,-9.120717855997933,-9.120717855997933,-9.120717855997933,0.0,0.0,0.0,48.15553737306546
550,2018-04-06 16:00:00,56.594418089578305,40.371891536377646,61.16750437815844,56.594418089578305,56.594418089578305,0.0,0.0,0.0,0.0,0.0,0.0,0.0,0.0,0.0,0.0,0.0,0.0,0.0,0.0,0.0,0.0,0.0,0.0,0.0,0.0,0.0,0.0,0.0,0.0,0.0,0.0,0.0,0.0,0.0,0.0,-5.972838532201422,-5.972838532201422,-5.972838532201422,1.2309544103394556,1.2309544103394556,1.2309544103394556,0.660364569498233,0.660364569498233,0.660364569498233,1.5169878502755583,1.5169878502755583,1.5169878502755583,-0.17477913988670002,-0.17477913988670002,-0.17477913988670002,0.0,0.0,0.0,0.3694043272873182,0.3694043272873182,0.3694043272873182,0.48190704967009956,0.48190704967009956,0.48190704967009956,-0.2356651803709458,-0.2356651803709458,-0.2356651803709458,0.16232599694767386,0.16232599694767386,0.16232599694767386,0.39936906917268705,0.39936906917268705,0.39936906917268705,0.25343022712987945,0.25343022712987945,0.25343022712987945,-9.120149861989121,-9.120149861989121,-9.120149861989121,0.0,0.0,0.0,50.62157955737688
551,2018-04-06 17:00:00,56.59408315101889,45.05759658434375,64.73884220798485,56.59408315101889,56.59408315101889,0.0,0.0,0.0,0.0,0.0,0.0,0.0,0.0,0.0,0.0,0.0,0.0,0.0,0.0,0.0,0.0,0.0,0.0,0.0,0.0,0.0,0.0,0.0,0.0,0.0,0.0,0.0,0.0,0.0,0.0,-2.167998370316571,-2.167998370316571,-2.167998370316571,4.012338191835034,4.012338191835034,4.012338191835034,0.660364569498233,0.660364569498233,0.660364569498233,2.6628482623803755,2.6628482623803755,2.6628482623803755,-0.05511840440458189,-0.05511840440458189,-0.05511840440458189,0.0,0.0,0.0,0.4617231060968626,0.4617231060968626,0.4617231060968626,0.7626111258310405,0.7626111258310405,0.7626111258310405,0.11977657683280811,0.11977657683280811,0.11977657683280811,0.14779876962674687,0.14779876962674687,0.14779876962674687,0.2763454764493866,0.2763454764493866,0.2763454764493866,0.565692518899266,0.565692518899266,0.565692518899266,-9.119530300981367,-9.119530300981367,-9.119530300981367,0.0,0.0,0.0,54.426084780702325
552,2018-04-06 18:00:00,56.56481217073,47.775246622945254,67.67508700067714,56.56481217073,56.56481217073,0.0,0.0,0.0,0.0,0.0,0.0,0.0,0.0,0.0,0.0,0.0,0.0,0.0,0.0,0.0,0.0,0.0,0.0,0.0,0.0,0.0,0.0,0.0,0.0,0.0,0.0,0.0,0.0,0.0,0.0,1.319041439945748,1.319041439945748,1.319041439945748,6.1853343839499315,6.1853343839499315,6.1853343839499315,0.6084911056403007,0.6084911056403007,0.6084911056403007,3.816198862035267,3.816198862035267,3.816198862035267,0.21839687846958156,0.21839687846958156,0.21839687846958156,0.0,0.0,0.0,0.6196184345582293,0.6196184345582293,0.6196184345582293,0.9205354288328031,0.9205354288328031,0.9205354288328031,0.36715896189229114,0.36715896189229114,0.36715896189229114,0.20510206974131537,0.20510206974131537,0.20510206974131537,0.2226547888107072,0.2226547888107072,0.2226547888107072,0.8768959829007466,0.8768959829007466,0.8768959829007466,-8.905146594850159,-8.905146594850159,-8.905146594850159,0.0,0.0,0.0,57.88385361067575
553,2018-04-06 19:00:00,56.56448541259633,48.60159486742987,68.96689711214943,56.56448541259633,56.56448541259633,0.0,0.0,0.0,0.0,0.0,0.0,0.0,0.0,0.0,0.0,0.0,0.0,0.0,0.0,0.0,0.0,0.0,0.0,0.0,0.0,0.0,0.0,0.0,0.0,0.0,0.0,0.0,0.0,0.0,0.0,1.73462299639538,1.73462299639538,1.73462299639538,6.486722113441607,6.486722113441607,6.486722113441607,0.6084911056403007,0.6084911056403007,0.6084911056403007,4.074090520623285,4.074090520623285,4.074090520623285,0.2035195436099143,0.2035195436099143,0.2035195436099143,0.0,0.0,0.0,0.7228641095845552,0.7228641095845552,0.7228641095845552,0.7785251352113871,0.7785251352113871,0.7785251352113871,0.4918124227789921,0.4918124227789921,0.4918124227789921,0.33153769844538233,0.33153769844538233,0.33153769844538233,0.07821508456153924,0.07821508456153924,0.07821508456153924,0.9373405053527541,0.9373405053527541,0.9373405053527541,-8.904404722231051,-8.904404722231051,-8.904404722231051,0.0,0.0,0.0,58.299108408991714
554,2018-04-06 20:00:00,56.564158654462666,45.42375246352238,65.79697519947838,56.564158654462666,56.564158654462666,0.0,0.0,0.0,0.0,0.0,0.0,0.0,0.0,0.0,0.0,0.0,0.0,0.0,0.0,0.0,0.0,0.0,0.0,0.0,0.0,0.0,0.0,0.0,0.0,0.0,0.0,0.0,0.0,0.0,0.0,-0.8607299377873534,-0.8607299377873534,-0.8607299377873534,4.6110475030292415,4.6110475030292415,4.6110475030292415,0.6084911056403007,0.6084911056403007,0.6084911056403007,3.5114390744626474,3.5114390744626474,3.5114390744626474,0.1327239501397737,0.1327239501397737,0.1327239501397737,0.0,0.0,0.0,0.826109784610881,0.826109784610881,0.826109784610881,0.5605227112239961,0.5605227112239961,0.5605227112239961,0.5273649943699175,0.5273649943699175,0.5273649943699175,0.09411968454552323,0.09411968454552323,0.09411968454552323,-0.07960624469162864,-0.07960624469162864,-0.07960624469162864,0.762106843932255,0.762106843932255,0.762106843932255,-8.903610270587615,-8.903610270587615,-8.903610270587615,0.0,0.0,0.0,55.70342871667531
555,2018-04-06 21:00:00,56.563831896329,41.42523904411614,62.11700554535172,56.563831896329,56.563831896329,0.0,0.0,0.0,0.0,0.0,0.0,0.0,0.0,0.0,0.0,0.0,0.0,0.0,0.0,0.0,0.0,0.0,0.0,0.0,0.0,0.0,0.0,0.0,0.0,0.0,0.0,0.0,0.0,0.0,0.0,-4.902052326311172,-4.902052326311172,-4.902052326311172,1.5079263263683442,1.5079263263683442,1.5079263263683442,0.6084911056403007,0.6084911056403007,0.6084911056403007,2.74428092424341,2.74428092424341,2.74428092424341,-0.13301603114669616,-0.13301603114669616,-0.13301603114669616,0.0,0.0,0.0,0.9293554596372067,0.9293554596372067,0.9293554596372067,0.4398852042680106,0.4398852042680106,0.4398852042680106,0.5471164230315426,0.5471164230315426,0.5471164230315426,-0.4007854906675389,-0.4007854906675389,-0.4007854906675389,-0.25149643023086765,-0.25149643023086765,-0.25149643023086765,0.7532342534805841,0.7532342534805841,0.7532342534805841,-8.902763146692058,-8.902763146692058,-8.902763146692058,0.0,0.0,0.0,51.66177957001783
556,2018-04-06 22:00:00,56.56350513819534,39.95175291044638,60.14500166932922,56.56350513819534,56.56350513819534,0.0,0.0,0.0,0.0,0.0,0.0,0.0,0.0,0.0,0.0,0.0,0.0,0.0,0.0,0.0,0.0,0.0,0.0,0.0,0.0,0.0,0.0,0.0,0.0,0.0,0.0,0.0,0.0,0.0,0.0,-6.232207354756595,-6.232207354756595,-6.232207354756595,-1.544517800234618,-1.544517800234618,-1.544517800234618,0.6084911056403007,0.6084911056403007,0.6084911056403007,4.652196111888219,4.652196111888219,4.652196111888219,0.2394303518918697,0.2394303518918697,0.2394303518918697,0.0,0.0,0.0,1.0326011346635324,1.0326011346635324,1.0326011346635324,0.6683365461807232,0.6683365461807232,0.6683365461807232,0.35355242214761606,0.35355242214761606,0.35355242214761606,-0.07426046225243262,-0.07426046225243262,-0.07426046225243262,-0.4380224072070365,-0.4380224072070365,-0.4380224072070365,1.824045013616609,1.824045013616609,1.824045013616609,-8.901863259203157,-8.901863259203157,-8.901863259203157,0.0,0.0,0.0,50.33129778343874
557,2018-04-06 23:00:00,56.56317838006167,36.221328159379205,57.23488138104156,56.56317838006167,56.56317838006167,0.0,0.0,0.0,0.0,0.0,0.0,0.0,0.0,0.0,0.0,0.0,0.0,0.0,0.0,0.0,0.0,0.0,0.0,0.0,0.0,0.0,0.0,0.0,0.0,0.0,0.0,0.0,0.0,0.0,0.0,-9.710456263575368,-9.710456263575368,-9.710456263575368,-3.856480909850363,-3.856480909850363,-3.856480909850363,0.6084911056403007,0.6084911056403007,0.6084911056403007,3.686551608023277,3.686551608023277,3.686551608023277,0.17530390853123506,0.17530390853123506,0.17530390853123506,0.0,0.0,0.0,1.1358468096898582,1.1358468096898582,1.1358468096898582,0.024778192143871593,0.024778192143871593,0.024778192143871593,0.35925839042764107,0.35925839042764107,0.35925839042764107,-0.4206539466067495,-0.4206539466067495,-0.4206539466067495,-0.6396164430680393,-0.6396164430680393,-0.6396164430680393,1.8035271481971202,1.8035271481971202,1.8035271481971202,-8.900910518680243,-8.900910518680243,-8.900910518680243,0.0,0.0,0.0,46.852722116486305
558,2018-04-07 00:00:00,56.562851621928004,34.09269267872557,54.180160462288484,56.562851621928004,56.562851621928004,0.0,0.0,0.0,0.0,0.0,0.0,0.0,0.0,0.0,0.0,0.0,0.0,0.0,0.0,0.0,0.0,0.0,0.0,0.0,0.0,0.0,0.0,0.0,0.0,0.0,0.0,0.0,0.0,0.0,0.0,-12.308660121590494,-12.308660121590494,-12.308660121590494,-5.5227805440049105,-5.5227805440049105,-5.5227805440049105,1.8250905111086022,1.8250905111086022,1.8250905111086022,2.970588235372741,2.970588235372741,2.970588235372741,-0.0001460405034612431,-0.0001460405034612431,-0.0001460405034612431,0.0,0.0,0.0,0.00014438440027454344,0.00014438440027454344,0.00014438440027454344,-0.2924889521340745,-0.2924889521340745,-0.2924889521340745,0.3785708984523412,0.3785708984523412,0.3785708984523412,-0.661483715566877,-0.661483715566877,-0.661483715566877,-0.8565629753737877,-0.8565629753737877,-0.8565629753737877,1.7209011496159354,1.7209011496159354,1.7209011496159354,-8.899904837584536,-8.899904837584536,-8.899904837584536,0.0,0.0,0.0,44.25419150033751
559,2018-04-07 01:00:00,56.56252486379434,30.926713060718814,50.98933110796935,56.56252486379434,56.56252486379434,0.0,0.0,0.0,0.0,0.0,0.0,0.0,0.0,0.0,0.0,0.0,0.0,0.0,0.0,0.0,0.0,0.0,0.0,0.0,0.0,0.0,0.0,0.0,0.0,0.0,0.0,0.0,0.0,0.0,0.0,-15.345665265415615,-15.345665265415615,-15.345665265415615,-6.856020354904515,-6.856020354904515,-6.856020354904515,1.8250905111086022,1.8250905111086022,1.8250905111086022,1.4981880758906616,1.4981880758906616,1.4981880758906616,-0.18483019738208895,-0.18483019738208895,-0.18483019738208895,0.0,0.0,0.0,-1.1355580408893093,-1.1355580408893093,-1.1355580408893093,-0.30958718146641884,-0.30958718146641884,-0.30958718146641884,0.3798876603631162,0.3798876603631162,0.3798876603631162,-0.7527983362975921,-0.7527983362975921,-0.7527983362975921,-1.088986856109425,-1.088986856109425,-1.088986856109425,1.6759836604543519,1.6759836604543519,1.6759836604543519,-8.898846130292334,-8.898846130292334,-8.898846130292334,0.0,0.0,0.0,41.21685959837872
560,2018-04-07 02:00:00,56.56219810566068,30.26853740493535,50.06301563728619,56.56219810566068,56.56219810566068,0.0,0.0,0.0,0.0,0.0,0.0,0.0,0.0,0.0,0.0,0.0,0.0,0.0,0.0,0.0,0.0,0.0,0.0,0.0,0.0,0.0,0.0,0.0,0.0,0.0,0.0,0.0,0.0,0.0,0.0,-16.710313432386727,-16.710313432386727,-16.710313432386727,-7.739240154064146,-7.739240154064146,-7.739240154064146,1.8250905111086022,1.8250905111086022,1.8250905111086022,1.2635042208740164,1.2635042208740164,1.2635042208740164,-0.2823023912902536,-0.2823023912902536,-0.2823023912902536,0.0,0.0,0.0,-1.0323123658629834,-1.0323123658629834,-1.0323123658629834,-0.4549221307913462,-0.4549221307913462,-0.4549221307913462,0.3798876603631162,0.3798876603631162,0.3798876603631162,-0.8384935957525708,-0.8384935957525708,-0.8384935957525708,-1.3368431860965477,-1.3368431860965477,-1.3368431860965477,1.6665565330994514,1.6665565330994514,1.6665565330994514,-8.897734313100049,-8.897734313100049,-8.897734313100049,0.0,0.0,0.0,39.85188467327395
561,2018-04-07 03:00:00,56.56187134752701,29.417385301700605,49.609959476393726,56.56187134752701,56.56187134752701,0.0,0.0,0.0,0.0,0.0,0.0,0.0,0.0,0.0,0.0,0.0,0.0,0.0,0.0,0.0,0.0,0.0,0.0,0.0,0.0,0.0,0.0,0.0,0.0,0.0,0.0,0.0,0.0,0.0,0.0,-16.597672459961167,-16.597672459961167,-16.597672459961167,-7.592349529524953,-7.592349529524953,-7.592349529524953,1.8250905111086022,1.8250905111086022,1.8250905111086022,1.4911552785027942,1.4911552785027942,1.4911552785027942,-0.38644373530792414,-0.38644373530792414,-0.38644373530792414,0.0,0.0,0.0,-0.9290666908366577,-0.9290666908366577,-0.9290666908366577,-0.2939138045784365,-0.2939138045784365,-0.2939138045784365,0.3842768667323663,0.3842768667323663,0.3842768667323663,-0.7714626433920019,-0.7714626433920019,-0.7714626433920019,-1.5999089047100448,-1.5999089047100448,-1.5999089047100448,1.6626747747768456,1.6626747747768456,1.6626747747768456,-8.896569304228962,-8.896569304228962,-8.896569304228962,0.0,0.0,0.0,39.96419888756584
562,2018-04-07 04:00:00,56.56154458939334,31.330380815346153,52.98439580513633,56.56154458939334,56.56154458939334,0.0,0.0,0.0,0.0,0.0,0.0,0.0,0.0,0.0,0.0,0.0,0.0,0.0,0.0,0.0,0.0,0.0,0.0,0.0,0.0,0.0,0.0,0.0,0.0,0.0,0.0,0.0,0.0,0.0,0.0,-14.240728786352241,-14.240728786352241,-14.240728786352241,-5.971589967019901,-5.971589967019901,-5.971589967019901,1.8250905111086022,1.8250905111086022,1.8250905111086022,2.5039884855081618,2.5039884855081618,2.5039884855081618,-0.057090322207704776,-0.057090322207704776,-0.057090322207704776,0.0,0.0,0.0,-0.8258210158103317,-0.8258210158103317,-0.8258210158103317,-0.10725813436701015,-0.10725813436701015,-0.10725813436701015,0.4466035971757168,0.4466035971757168,0.4466035971757168,-0.45296527394223324,-0.45296527394223324,-0.45296527394223324,-1.8777762810019898,-1.8777762810019898,-1.8777762810019898,1.6754291235511225,1.6754291235511225,1.6754291235511225,-8.895351023838515,-8.895351023838515,-8.895351023838515,0.0,0.0,0.0,42.3208158030411
563,2018-04-07 05:00:00,56.56121783125968,36.75899595954668,56.70985126882194,56.56121783125968,56.56121783125968,0.0,0.0,0.0,0.0,0.0,0.0,0.0,0.0,0.0,0.0,0.0,0.0,0.0,0.0,0.0,0.0,0.0,0.0,0.0,0.0,0.0,0.0,0.0,0.0,0.0,0.0,0.0,0.0,0.0,0.0,-9.970917140775953,-9.970917140775953,-9.970917140775953,-3.1595494393172756,-3.1595494393172756,-3.1595494393172756,1.8250905111086022,1.8250905111086022,1.8250905111086022,4.252560123367592,4.252560123367592,4.252560123367592,0.5005532292563738,0.5005532292563738,0.5005532292563738,0.0,0.0,0.0,-0.7225753407840061,-0.7225753407840061,-0.7225753407840061,0.4550836303412056,0.4550836303412056,0.4550836303412056,0.4466035971757168,0.4466035971757168,0.4466035971757168,-0.0291048805724087,-0.0291048805724087,-0.0291048805724087,-2.1698484308005352,-2.1698484308005352,-2.1698484308005352,1.7769093768421078,1.7769093768421078,1.7769093768421078,-8.894079394025734,-8.894079394025734,-8.894079394025734,0.0,0.0,0.0,46.59030069048373
564,2018-04-07 06:00:00,56.56089107312601,41.87239622464419,61.52338905724021,56.56089107312601,56.56089107312601,0.0,0.0,0.0,0.0,0.0,0.0,0.0,0.0,0.0,0.0,0.0,0.0,0.0,0.0,0.0,0.0,0.0,0.0,0.0,0.0,0.0,0.0,0.0,0.0,0.0,0.0,0.0,0.0,0.0,0.0,-5.323299697362155,-5.323299697362155,-5.323299697362155,-0.11625220800214003,-0.11625220800214003,-0.11625220800214003,1.8250905111086022,1.8250905111086022,1.8250905111086022,6.161043809635709,6.161043809635709,6.161043809635709,0.9725238523906446,0.9725238523906446,0.9725238523906446,0.0,0.0,0.0,-0.6193296657576802,-0.6193296657576802,-0.6193296657576802,1.3370672934013041,1.3370672934013041,1.3370672934013041,0.12838613540508928,0.12838613540508928,0.12838613540508928,0.4553643379857146,0.4553643379857146,0.4553643379857146,-2.475336960154722,-2.475336960154722,-2.475336960154722,2.0619413451020336,2.0619413451020336,2.0619413451020336,-8.892754338841002,-8.892754338841002,-8.892754338841002,0.0,0.0,0.0,51.237591375763856
565,2018-04-07 07:00:00,56.56056431499235,43.301490852041184,63.51489170997623,56.56056431499235,56.56056431499235,0.0,0.0,0.0,0.0,0.0,0.0,0.0,0.0,0.0,0.0,0.0,0.0,0.0,0.0,0.0,0.0,0.0,0.0,0.0,0.0,0.0,0.0,0.0,0.0,0.0,0.0,0.0,0.0,0.0,0.0,-2.8801122936370422,-2.8801122936370422,-2.8801122936370422,2.1844452033631065,2.1844452033631065,2.1844452033631065,1.8250905111086022,1.8250905111086022,1.8250905111086022,6.620080098830518,6.620080098830518,6.620080098830518,1.1356615243000991,1.1356615243000991,1.1356615243000991,0.0,0.0,0.0,-0.5160839907313545,-0.5160839907313545,-0.5160839907313545,1.7099036830093695,1.7099036830093695,1.7099036830093695,-0.6248016775582167,-0.6248016775582167,-0.6248016775582167,0.8742074445022031,0.8742074445022031,0.8742074445022031,-2.7932618115434087,-2.7932618115434087,-2.7932618115434087,2.216102604199815,2.216102604199815,2.216102604199815,-8.891375784287256,-8.891375784287256,-8.891375784287256,0.0,0.0,0.0,53.68045202135531
566,2018-04-07 08:00:00,56.56023755685868,44.3191901079303,64.05389043511465,56.56023755685868,56.56023755685868,0.0,0.0,0.0,0.0,0.0,0.0,0.0,0.0,0.0,0.0,0.0,0.0,0.0,0.0,0.0,0.0,0.0,0.0,0.0,0.0,0.0,0.0,0.0,0.0,0.0,0.0,0.0,0.0,0.0,0.0,-2.287354117375098,-2.287354117375098,-2.287354117375098,3.3926521531810456,3.3926521531810456,3.3926521531810456,1.8250905111086022,1.8250905111086022,1.8250905111086022,6.3323907501267485,6.3323907501267485,6.3323907501267485,1.314189542616106,1.314189542616106,1.314189542616106,0.0,0.0,0.0,-0.41283831570502866,-0.41283831570502866,-0.41283831570502866,1.6220377822737109,1.6220377822737109,1.6220377822737109,-1.173452473714471,-1.173452473714471,-1.173452473714471,1.1054040227039257,1.1054040227039257,1.1054040227039257,-3.1224533623496384,-3.1224533623496384,-3.1224533623496384,2.0519596808439036,2.0519596808439036,2.0519596808439036,-8.889943658333255,-8.889943658333255,-8.889943658333255,0.0,0.0,0.0,54.272883439483586
567,2018-04-07 09:00:00,56.55991079872502,43.48440551990562,63.58629515959168,56.55991079872502,56.55991079872502,0.0,0.0,0.0,0.0,0.0,0.0,0.0,0.0,0.0,0.0,0.0,0.0,0.0,0.0,0.0,0.0,0.0,0.0,0.0,0.0,0.0,0.0,0.0,0.0,0.0,0.0,0.0,0.0,0.0,0.0,-2.7217308952070374,-2.7217308952070374,-2.7217308952070374,3.800829897727984,3.800829897727984,3.800829897727984,1.8250905111086022,1.8250905111086022,1.8250905111086022,5.827453896488944,5.827453896488944,5.827453896488944,1.3311189236633134,1.3311189236633134,1.3311189236633134,0.0,0.0,0.0,-0.30959264067870285,-0.30959264067870285,-0.30959264067870285,1.4415564726545198,1.4415564726545198,1.4415564726545198,-1.4482167924295233,-1.4482167924295233,-1.4482167924295233,1.2693689570709459,1.2693689570709459,1.2693689570709459,-3.4615567985089886,-3.4615567985089886,-3.4615567985089886,1.7181284650997883,1.7181284650997883,1.7181284650997883,-8.888457890914975,-8.888457890914975,-8.888457890914975,0.0,0.0,0.0,53.83817990351798
568,2018-04-07 10:00:00,56.559584040591346,42.82966961029993,63.72521402287423,56.559584040591346,56.559584040591346,0.0,0.0,0.0,0.0,0.0,0.0,0.0,0.0,0.0,0.0,0.0,0.0,0.0,0.0,0.0,0.0,0.0,0.0,0.0,0.0,0.0,0.0,0.0,0.0,0.0,0.0,0.0,0.0,0.0,0.0,-4.118862988179657,-4.118862988179657,-4.118862988179657,3.7990832580634004,3.7990832580634004,3.7990832580634004,1.8250905111086022,1.8250905111086022,1.8250905111086022,4.778010925729429,4.778010925729429,4.778010925729429,1.115141062424696,1.115141062424696,1.115141062424696,0.0,0.0,0.0,-0.20634696565237706,-0.20634696565237706,-0.20634696565237706,1.1223895251174243,1.1223895251174243,1.1223895251174243,-1.5794540628700993,-1.5794540628700993,-1.5794540628700993,1.391389373344077,1.391389373344077,1.391389373344077,-3.809038758026535,-3.809038758026535,-3.809038758026535,1.109801482257106,1.109801482257106,1.109801482257106,-8.886918413945953,-8.886918413945953,-8.886918413945953,0.0,0.0,0.0,52.44072105241169
569,2018-04-07 11:00:00,56.559257282457686,39.3943945894161,59.97660218516969,56.559257282457686,56.559257282457686,0.0,0.0,0.0,0.0,0.0,0.0,0.0,0.0,0.0,0.0,0.0,0.0,0.0,0.0,0.0,0.0,0.0,0.0,0.0,0.0,0.0,0.0,0.0,0.0,0.0,0.0,0.0,0.0,0.0,0.0,-6.770945629659366,-6.770945629659366,-6.770945629659366,3.398867129191118,3.398867129191118,3.398867129191118,1.8250905111086022,1.8250905111086022,1.8250905111086022,2.8787086147615084,2.8787086147615084,2.8787086147615084,0.17684294317189028,0.17684294317189028,0.17684294317189028,0.0,0.0,0.0,-0.10310129062605125,-0.10310129062605125,-0.10310129062605125,0.8502427082442762,0.8502427082442762,0.8502427082442762,-1.6466089203196246,-1.6466089203196246,-1.6466089203196246,1.4477836775755737,1.4477836775755737,1.4477836775755737,-4.163196212287386,-4.163196212287386,-4.163196212287386,0.3284589856068426,0.3284589856068426,0.3284589856068426,-8.885325161324607,-8.885325161324607,-8.885325161324607,0.0,0.0,0.0,49.78831165279832
570,2018-04-07 12:00:00,56.55893052432402,36.99441802902954,57.155677608665826,56.55893052432402,56.55893052432402,0.0,0.0,0.0,0.0,0.0,0.0,0.0,0.0,0.0,0.0,0.0,0.0,0.0,0.0,0.0,0.0,0.0,0.0,0.0,0.0,0.0,0.0,0.0,0.0,0.0,0.0,0.0,0.0,0.0,0.0,-9.531052117085068,-9.531052117085068,-9.531052117085068,2.358495680001346,2.358495680001346,2.358495680001346,1.8250905111086022,1.8250905111086022,1.8250905111086022,1.5162977964064066,1.5162977964064066,1.5162977964064066,-0.20945475163257263,-0.20945475163257263,-0.20945475163257263,0.0,0.0,0.0,0.00014438440027454344,0.00014438440027454344,0.00014438440027454344,0.5657471701866569,0.5657471701866569,0.5657471701866569,-1.6176401582825746,-1.6176401582825746,-1.6176401582825746,1.298268529346161,1.298268529346161,1.298268529346161,-4.522167524556073,-4.522167524556073,-4.522167524556073,-0.34585788872014145,-0.34585788872014145,-0.34585788872014145,-8.883678068936748,-8.883678068936748,-8.883678068936748,0.0,0.0,0.0,47.02787840723895
571,2018-04-07 13:00:00,56.55860376619036,33.4387402394508,54.16499549466167,56.55860376619036,56.55860376619036,0.0,0.0,0.0,0.0,0.0,0.0,0.0,0.0,0.0,0.0,0.0,0.0,0.0,0.0,0.0,0.0,0.0,0.0,0.0,0.0,0.0,0.0,0.0,0.0,0.0,0.0,0.0,0.0,0.0,0.0,-12.335897431863806,-12.335897431863806,-12.335897431863806,0.7697023724917589,0.7697023724917589,0.7697023724917589,1.8250905111086022,1.8250905111086022,1.8250905111086022,0.6603228681564821,0.6603228681564821,0.6603228681564821,-0.232027259695516,-0.232027259695516,-0.232027259695516,0.0,0.0,0.0,0.10339005942660033,0.10339005942660033,0.10339005942660033,0.14209104339634568,0.14209104339634568,0.14209104339634568,-1.5987665708947993,-1.5987665708947993,-1.5987665708947993,1.16400593315089,1.16400593315089,1.16400593315089,-4.883945597844083,-4.883945597844083,-4.883945597844083,-0.7434608483356411,-0.7434608483356411,-0.7434608483356411,-8.881977074667965,-8.881977074667965,-8.881977074667965,0.0,0.0,0.0,44.22270633432655
572,2018-04-07 14:00:00,56.55827700805669,32.84503885697308,52.351128508003015,56.55827700805669,56.55827700805669,0.0,0.0,0.0,0.0,0.0,0.0,0.0,0.0,0.0,0.0,0.0,0.0,0.0,0.0,0.0,0.0,0.0,0.0,0.0,0.0,0.0,0.0,0.0,0.0,0.0,0.0,0.0,0.0,0.0,0.0,-14.29297314239613,-14.29297314239613,-14.29297314239613,-0.5844074796964742,-0.5844074796964742,-0.5844074796964742,1.8250905111086022,1.8250905111086022,1.8250905111086022,0.41804945455805176,0.41804945455805176,0.41804945455805176,-0.10274834988047664,-0.10274834988047664,-0.10274834988047664,0.0,0.0,0.0,0.20663573445292616,0.20663573445292616,0.20663573445292616,-0.005143709187731104,-0.005143709187731104,-0.005143709187731104,-1.4372437765063981,-1.4372437765063981,-1.4372437765063981,1.1290856166516714,1.1290856166516714,1.1290856166516714,-5.246392998853966,-5.246392998853966,-5.246392998853966,-1.1976265720805424,-1.1976265720805424,-1.1976265720805424,-8.88022211840374,-8.88022211840374,-8.88022211840374,0.0,0.0,0.0,42.26530386566056
573,2018-04-07 15:00:00,56.557950249923024,32.88195236857616,52.51299092648841,56.557950249923024,56.557950249923024,0.0,0.0,0.0,0.0,0.0,0.0,0.0,0.0,0.0,0.0,0.0,0.0,0.0,0.0,0.0,0.0,0.0,0.0,0.0,0.0,0.0,0.0,0.0,0.0,0.0,0.0,0.0,0.0,0.0,0.0,-14.411354629065023,-14.411354629065023,-14.411354629065023,-0.6212040064820049,-0.6212040064820049,-0.6212040064820049,1.8250905111086022,1.8250905111086022,1.8250905111086022,0.6955214382221884,0.6955214382221884,0.6955214382221884,0.1301588924053483,0.1301588924053483,0.1301588924053483,0.0,0.0,0.0,0.30988140947925197,0.30988140947925197,0.30988140947925197,0.21428356724402198,0.21428356724402198,0.21428356724402198,-1.2629922836471716,-1.2629922836471716,-1.2629922836471716,1.1098192351348612,1.1098192351348612,1.1098192351348612,-5.60725891876454,-5.60725891876454,-5.60725891876454,-1.6307198935027254,-1.6307198935027254,-1.6307198935027254,-8.878413142040666,-8.878413142040666,-8.878413142040666,0.0,0.0,0.0,42.146595620858
574,2018-04-07 16:00:00,56.55762349178936,33.17109949207096,53.73303930649479,56.55762349178936,56.55762349178936,0.0,0.0,0.0,0.0,0.0,0.0,0.0,0.0,0.0,0.0,0.0,0.0,0.0,0.0,0.0,0.0,0.0,0.0,0.0,0.0,0.0,0.0,0.0,0.0,0.0,0.0,0.0,0.0,0.0,0.0,-12.932987947357082,-12.932987947357082,-12.932987947357082,1.1321751748228235,1.1321751748228235,1.1321751748228235,1.8250905111086022,1.8250905111086022,1.8250905111086022,0.7755847747069015,0.7755847747069015,0.7755847747069015,0.23430023642301895,0.23430023642301895,0.23430023642301895,0.0,0.0,0.0,0.4131270845055777,0.4131270845055777,0.4131270845055777,0.20525950176306246,0.20525950176306246,0.20525950176306246,-0.9491640282457943,-0.9491640282457943,-0.9491640282457943,1.0026499879476043,1.0026499879476043,1.0026499879476043,-5.964197807394452,-5.964197807394452,-5.964197807394452,-1.9556785187951702,-1.9556785187951702,-1.9556785187951702,-8.876550089492353,-8.876550089492353,-8.876550089492353,0.0,0.0,0.0,43.62463554443227
575,2018-04-07 17:00:00,56.5572967336557,36.92955056166261,56.75131579927366,56.5572967336557,56.5572967336557,0.0,0.0,0.0,0.0,0.0,0.0,0.0,0.0,0.0,0.0,0.0,0.0,0.0,0.0,0.0,0.0,0.0,0.0,0.0,0.0,0.0,0.0,0.0,0.0,0.0,0.0,0.0,0.0,0.0,0.0,-9.930241503970857,-9.930241503970857,-9.930241503970857,3.9371111974263586,3.9371111974263586,3.9371111974263586,1.8250905111086022,1.8250905111086022,1.8250905111086022,1.3220697023297214,1.3220697023297214,1.3220697023297214,0.2491775712826862,0.2491775712826862,0.2491775712826862,0.0,0.0,0.0,0.5163727595319035,0.5163727595319035,0.5163727595319035,0.38384100812310396,0.38384100812310396,0.38384100812310396,-0.6032945663488917,-0.6032945663488917,-0.6032945663488917,0.8976883469758156,0.8976883469758156,0.8976883469758156,-6.314789497034109,-6.314789497034109,-6.314789497034109,-1.946805928343499,-1.946805928343499,-1.946805928343499,-8.874632906692826,-8.874632906692826,-8.874632906692826,0.0,0.0,0.0,46.62705522968484
576,2018-04-07 18:00:00,56.48329946417399,38.47608772182549,59.08523001900894,56.48329946417399,56.48329946417399,0.0,0.0,0.0,0.0,0.0,0.0,0.0,0.0,0.0,0.0,0.0,0.0,0.0,0.0,0.0,0.0,0.0,0.0,0.0,0.0,0.0,0.0,0.0,0.0,0.0,0.0,0.0,0.0,0.0,0.0,-7.784359302799813,-7.784359302799813,-7.784359302799813,6.239633535978521,6.239633535978521,6.239633535978521,1.9235806771751658,1.9235806771751658,1.9235806771751658,1.6288691337238184,1.6288691337238184,1.6288691337238184,0.19147634009861966,0.19147634009861966,0.19147634009861966,0.0,0.0,0.0,0.5294742756703605,0.5294742756703605,0.5294742756703605,0.16870030967318667,0.16870030967318667,0.16870030967318667,-0.2225520313473207,-0.2225520313473207,-0.2225520313473207,0.7869432900793432,0.7869432900793432,0.7869432900793432,-6.766448179143764,-6.766448179143764,-6.766448179143764,-1.7487537276255365,-1.7487537276255365,-1.7487537276255365,-8.88641379335839,-8.88641379335839,-8.88641379335839,0.0,0.0,0.0,48.698940161374175
577,2018-04-07 19:00:00,56.48295949961789,38.71453690388491,60.468400891939254,56.48295949961789,56.48295949961789,0.0,0.0,0.0,0.0,0.0,0.0,0.0,0.0,0.0,0.0,0.0,0.0,0.0,0.0,0.0,0.0,0.0,0.0,0.0,0.0,0.0,0.0,0.0,0.0,0.0,0.0,0.0,0.0,0.0,0.0,-6.855178428382324,-6.855178428382324,-6.855178428382324,6.54639375726985,6.54639375726985,6.54639375726985,1.9235806771751658,1.9235806771751658,1.9235806771751658,2.583614331495824,2.583614331495824,2.583614331495824,0.13478309549560522,0.13478309549560522,0.13478309549560522,0.0,0.0,0.0,0.6176994423716528,0.6176994423716528,0.6176994423716528,0.20906048577890132,0.20906048577890132,0.20906048577890132,0.21912737959693726,0.21912737959693726,0.21912737959693726,0.7181593475385688,0.7181593475385688,0.7181593475385688,-7.100767409908084,-7.100767409908084,-7.100767409908084,-1.2387960964610067,-1.2387960964610067,-1.2387960964610067,-8.884419107239912,-8.884419107239912,-8.884419107239912,0.0,0.0,0.0,49.62778107123557
578,2018-04-07 20:00:00,56.482619535061794,39.59210862790658,58.762402514864014,56.482619535061794,56.482619535061794,0.0,0.0,0.0,0.0,0.0,0.0,0.0,0.0,0.0,0.0,0.0,0.0,0.0,0.0,0.0,0.0,0.0,0.0,0.0,0.0,0.0,0.0,0.0,0.0,0.0,0.0,0.0,0.0,0.0,0.0,-7.6358077568919835,-7.6358077568919835,-7.6358077568919835,4.7216732440746805,4.7216732440746805,4.7216732440746805,1.9235806771751658,1.9235806771751658,1.9235806771751658,3.9463043077594255,3.9463043077594255,3.9463043077594255,0.43900309555285255,0.43900309555285255,0.43900309555285255,0.0,0.0,0.0,0.7059246090729449,0.7059246090729449,0.7059246090729449,0.7888225448974613,0.7888225448974613,0.7888225448974613,0.3606450684096893,0.3606450684096893,0.3606450684096893,0.604624406236327,0.604624406236327,0.604624406236327,-7.421415181549469,-7.421415181549469,-7.421415181549469,-0.8762960935850158,-0.8762960935850158,-0.8762960935850158,-8.88237012717662,-8.88237012717662,-8.88237012717662,0.0,0.0,0.0,48.84681177816981
579,2018-04-07 21:00:00,56.482279570505696,33.45950693910492,53.96444179515228,56.482279570505696,56.482279570505696,0.0,0.0,0.0,0.0,0.0,0.0,0.0,0.0,0.0,0.0,0.0,0.0,0.0,0.0,0.0,0.0,0.0,0.0,0.0,0.0,0.0,0.0,0.0,0.0,0.0,0.0,0.0,0.0,0.0,0.0,-12.608345044579615,-12.608345044579615,-12.608345044579615,1.6821441210310182,1.6821441210310182,1.6821441210310182,1.9235806771751658,1.9235806771751658,1.9235806771751658,2.3156465886953903,2.3156465886953903,2.3156465886953903,0.08973221362356694,0.08973221362356694,0.08973221362356694,0.0,0.0,0.0,0.7941497757742372,0.7941497757742372,0.7941497757742372,-0.22398046255535478,-0.22398046255535478,-0.22398046255535478,0.3890387448275344,0.3890387448275344,0.3890387448275344,0.14178305793485166,0.14178305793485166,0.14178305793485166,-7.725868946370255,-7.725868946370255,-7.725868946370255,-0.798657418084611,-0.798657418084611,-0.798657418084611,-8.880266807935767,-8.880266807935767,-8.880266807935767,0.0,0.0,0.0,43.87393452592608
580,2018-04-07 22:00:00,56.4819396059496,32.225204015712606,52.2762261970088,56.4819396059496,56.4819396059496,0.0,0.0,0.0,0.0,0.0,0.0,0.0,0.0,0.0,0.0,0.0,0.0,0.0,0.0,0.0,0.0,0.0,0.0,0.0,0.0,0.0,0.0,0.0,0.0,0.0,0.0,0.0,0.0,0.0,0.0,-13.974909738587517,-13.974909738587517,-13.974909738587517,-1.352340678423318,-1.352340678423318,-1.352340678423318,1.9235806771751658,1.9235806771751658,1.9235806771751658,4.267182511149732,4.267182511149732,4.267182511149732,0.3453580040210875,0.3453580040210875,0.3453580040210875,0.0,0.0,0.0,0.8823749424755295,0.8823749424755295,0.8823749424755295,0.17962129850179182,0.17962129850179182,0.17962129850179182,0.5440772319344985,0.5440772319344985,0.5440772319344985,0.420026536345273,0.420026536345273,0.420026536345273,-8.011642464973747,-8.011642464973747,-8.011642464973747,-0.02785617930361318,-0.02785617930361318,-0.02785617930361318,-8.878109106340187,-8.878109106340187,-8.878109106340187,0.0,0.0,0.0,42.50702986736208
581,2018-04-07 23:00:00,56.4815996413935,28.751549416313093,49.1513003025772,56.4815996413935,56.4815996413935,0.0,0.0,0.0,0.0,0.0,0.0,0.0,0.0,0.0,0.0,0.0,0.0,0.0,0.0,0.0,0.0,0.0,0.0,0.0,0.0,0.0,0.0,0.0,0.0,0.0,0.0,0.0,0.0,0.0,0.0,-17.429996966426128,-17.429996966426128,-17.429996966426128,-3.7273760317375704,-3.7273760317375704,-3.7273760317375704,1.9235806771751658,1.9235806771751658,1.9235806771751658,3.4495863417230974,3.4495863417230974,3.4495863417230974,-0.19525257844337188,-0.19525257844337188,-0.19525257844337188,0.0,0.0,0.0,0.9706001091768216,0.9706001091768216,0.9706001091768216,0.11362053992891724,0.11362053992891724,0.11362053992891724,0.5445279252109723,0.5445279252109723,0.5445279252109723,0.01312393649563223,0.01312393649563223,0.01312393649563223,-8.276310295136705,-8.276310295136705,-8.276310295136705,0.07938573217896043,0.07938573217896043,0.07938573217896043,-8.87589698127495,-8.87589698127495,-8.87589698127495,0.0,0.0,0.0,39.05160267496737
582,2018-04-08 00:00:00,56.481259676837404,27.16043710007182,47.08694855314982,56.481259676837404,56.481259676837404,0.0,0.0,0.0,0.0,0.0,0.0,0.0,0.0,0.0,0.0,0.0,0.0,0.0,0.0,0.0,0.0,0.0,0.0,0.0,0.0,0.0,0.0,0.0,0.0,0.0,0.0,0.0,0.0,0.0,0.0,-19.723960217938103,-19.723960217938103,-19.723960217938103,-5.5174579679442495,-5.5174579679442495,-5.5174579679442495,3.2067297869385,3.2067297869385,3.2067297869385,3.184660263197405,3.184660263197405,3.184660263197405,-0.27016865166878384,-0.27016865166878384,-0.27016865166878384,0.0,0.0,0.0,0.00012327546260701853,0.00012327546260701853,0.00012327546260701853,-0.3037511635642967,-0.3037511635642967,-0.3037511635642967,0.5458800050403935,0.5458800050403935,0.5458800050403935,-0.32209419311573173,-0.32209419311573173,-0.32209419311573173,-8.517532119500286,-8.517532119500286,-8.517532119500286,0.32794120410471694,0.32794120410471694,0.32794120410471694,-8.87363039369097,-8.87363039369097,-8.87363039369097,0.0,0.0,0.0,36.7572994588993
583,2018-04-08 01:00:00,56.480919712281306,24.58101566733997,44.35249529813153,56.480919712281306,56.480919712281306,0.0,0.0,0.0,0.0,0.0,0.0,0.0,0.0,0.0,0.0,0.0,0.0,0.0,0.0,0.0,0.0,0.0,0.0,0.0,0.0,0.0,0.0,0.0,0.0,0.0,0.0,0.0,0.0,0.0,0.0,-22.51879480842391,-22.51879480842391,-22.51879480842391,-6.9723159871668985,-6.9723159871668985,-6.9723159871668985,3.2067297869385,3.2067297869385,3.2067297869385,2.057907125415696,2.057907125415696,2.057907125415696,-0.2666253238810954,-0.2666253238810954,-0.2666253238810954,0.0,0.0,0.0,-0.9703535582516076,-0.9703535582516076,-0.9703535582516076,-0.5653800698495764,-0.5653800698495764,-0.5653800698495764,0.5715695217993961,0.5715695217993961,0.5715695217993961,-0.5079351463057153,-0.5079351463057153,-0.5079351463057153,-8.733076640059126,-8.733076640059126,-8.733076640059126,0.5899019149657952,0.5899019149657952,0.5899019149657952,-8.871309306613579,-8.871309306613579,-8.871309306613579,0.0,0.0,0.0,33.9621249038574
584,2018-04-08 02:00:00,56.48057974772521,22.695038110526195,43.085479129729954,56.48057974772521,56.48057974772521,0.0,0.0,0.0,0.0,0.0,0.0,0.0,0.0,0.0,0.0,0.0,0.0,0.0,0.0,0.0,0.0,0.0,0.0,0.0,0.0,0.0,0.0,0.0,0.0,0.0,0.0,0.0,0.0,0.0,0.0,-23.526177037630784,-23.526177037630784,-23.526177037630784,-7.918086168979049,-7.918086168979049,-7.918086168979049,3.2067297869385,3.2067297869385,3.2067297869385,2.181687586797255,2.181687586797255,2.181687586797255,-0.25194582304638635,-0.25194582304638635,-0.25194582304638635,0.0,0.0,0.0,-0.8821283915503154,-0.8821283915503154,-0.8821283915503154,-0.7111515294313929,-0.7111515294313929,-0.7111515294313929,0.6062729040878736,0.6062729040878736,0.6062729040878736,-0.6591769476754901,-0.6591769476754901,-0.6591769476754901,-8.920844770305226,-8.920844770305226,-8.920844770305226,0.8730875874744661,0.8730875874744661,0.8730875874744661,-8.868933685143764,-8.868933685143764,-8.868933685143764,0.0,0.0,0.0,32.95440271009443
585,2018-04-08 03:00:00,56.48023978316911,22.996534512469648,43.07058601516883,56.48023978316911,56.48023978316911,0.0,0.0,0.0,0.0,0.0,0.0,0.0,0.0,0.0,0.0,0.0,0.0,0.0,0.0,0.0,0.0,0.0,0.0,0.0,0.0,0.0,0.0,0.0,0.0,0.0,0.0,0.0,0.0,0.0,0.0,-23.153117130913476,-23.153117130913476,-23.153117130913476,-7.765067204437412,-7.765067204437412,-7.765067204437412,3.2067297869385,3.2067297869385,3.2067297869385,2.557345430975814,2.557345430975814,2.557345430975814,-0.10818795280302822,-0.10818795280302822,-0.10818795280302822,0.0,0.0,0.0,-0.7939032248490232,-0.7939032248490232,-0.7939032248490232,-0.752461356739595,-0.752461356739595,-0.752461356739595,0.6085263704702423,0.6085263704702423,0.6085263704702423,-0.7685682779812998,-0.7685682779812998,-0.7685682779812998,-9.078891860985568,-9.078891860985568,-9.078891860985568,1.165210085940018,1.165210085940018,1.165210085940018,-8.866503496466311,-8.866503496466311,-8.866503496466311,0.0,0.0,0.0,33.32712265225564
586,2018-04-08 04:00:00,56.47989981861301,24.456236360480414,44.69706271790474,56.47989981861301,56.47989981861301,0.0,0.0,0.0,0.0,0.0,0.0,0.0,0.0,0.0,0.0,0.0,0.0,0.0,0.0,0.0,0.0,0.0,0.0,0.0,0.0,0.0,0.0,0.0,0.0,0.0,0.0,0.0,0.0,0.0,0.0,-20.994412327178168,-20.994412327178168,-20.994412327178168,-6.106344251893334,-6.106344251893334,-6.106344251893334,3.2067297869385,3.2067297869385,3.2067297869385,3.181399338575296,3.181399338575296,3.181399338575296,0.17375970116017764,0.17375970116017764,0.17375970116017764,0.0,0.0,0.0,-0.7056780581477309,-0.7056780581477309,-0.7056780581477309,-0.6788633885468212,-0.6788633885468212,-0.6788633885468212,0.608977063746716,0.608977063746716,0.608977063746716,-0.7412204454048473,-0.7412204454048473,-0.7412204454048473,-9.205448704004668,-9.205448704004668,-9.205448704004668,1.3176946788293027,1.3176946788293027,1.3176946788293027,-8.864018709855463,-8.864018709855463,-8.864018709855463,0.0,0.0,0.0,35.485487491434846
587,2018-04-08 05:00:00,56.47955985405691,28.00663429380672,48.04636624818899,56.47955985405691,56.47955985405691,0.0,0.0,0.0,0.0,0.0,0.0,0.0,0.0,0.0,0.0,0.0,0.0,0.0,0.0,0.0,0.0,0.0,0.0,0.0,0.0,0.0,0.0,0.0,0.0,0.0,0.0,0.0,0.0,0.0,0.0,-18.297273051885416,-18.297273051885416,-18.297273051885416,-3.2691951230047422,-3.2691951230047422,-3.2691951230047422,3.2067297869385,3.2067297869385,3.2067297869385,3.1323424396294004,3.1323424396294004,3.1323424396294004,0.24614482596581225,0.24614482596581225,0.24614482596581225,0.0,0.0,0.0,-0.6174528914464387,-0.6174528914464387,-0.6174528914464387,-0.9438160740408068,-0.9438160740408068,-0.9438160740408068,0.5895972528583454,0.5895972528583454,0.5895972528583454,-0.7374911955080585,-0.7374911955080585,-0.7374911955080585,-9.298941071832644,-9.298941071832644,-9.298941071832644,1.3886307348620466,1.3886307348620466,1.3886307348620466,-8.861479296677427,-8.861479296677427,-8.861479296677427,0.0,0.0,0.0,38.18228680217149
588,2018-04-08 06:00:00,56.47921988950082,32.22291731677868,52.42110481453638,56.47921988950082,56.47921988950082,0.0,0.0,0.0,0.0,0.0,0.0,0.0,0.0,0.0,0.0,0.0,0.0,0.0,0.0,0.0,0.0,0.0,0.0,0.0,0.0,0.0,0.0,0.0,0.0,0.0,0.0,0.0,0.0,0.0,0.0,-14.341265763045767,-14.341265763045767,-14.341265763045767,-0.22755910411124322,-0.22755910411124322,-0.22755910411124322,3.2067297869385,3.2067297869385,3.2067297869385,4.1031861349297,4.1031861349297,4.1031861349297,0.37066748821886186,0.37066748821886186,0.37066748821886186,0.0,0.0,0.0,-0.5292277247451465,-0.5292277247451465,-0.5292277247451465,-0.4932065784605338,-0.4932065784605338,-0.4932065784605338,0.37867279946863863,0.37867279946863863,0.37867279946863863,-0.4519963978538808,-0.4519963978538808,-0.4519963978538808,-9.358007563464053,-9.358007563464053,-9.358007563464053,1.621546761363261,1.621546761363261,1.621546761363261,-8.85888523040017,-8.85888523040017,-8.85888523040017,0.0,0.0,0.0,42.13795412645505
589,2018-04-08 07:00:00,56.47887992494472,35.2432020757839,56.65834954931002,56.47887992494472,56.47887992494472,0.0,0.0,0.0,0.0,0.0,0.0,0.0,0.0,0.0,0.0,0.0,0.0,0.0,0.0,0.0,0.0,0.0,0.0,0.0,0.0,0.0,0.0,0.0,0.0,0.0,0.0,0.0,0.0,0.0,0.0,-10.877466017402938,-10.877466017402938,-10.877466017402938,2.0659981089768884,2.0659981089768884,2.0659981089768884,3.2067297869385,3.2067297869385,3.2067297869385,5.294287906329403,5.294287906329403,5.294287906329403,0.7118393352048596,0.7118393352048596,0.7118393352048596,0.0,0.0,0.0,-0.44100255804385424,-0.44100255804385424,-0.44100255804385424,-0.004136209179520823,-0.004136209179520823,-0.004136209179520823,-0.03281016195187928,-0.03281016195187928,-0.03281016195187928,0.015402922543669937,0.015402922543669937,0.015402922543669937,-9.3815155461186,-9.3815155461186,-9.3815155461186,1.8382647908176286,1.8382647908176286,1.8382647908176286,-8.856236486590634,-8.856236486590634,-8.856236486590634,0.0,0.0,0.0,45.60141390754178
590,2018-04-08 08:00:00,56.47853996038862,37.82749651347371,57.6975697518934,56.47853996038862,56.47853996038862,0.0,0.0,0.0,0.0,0.0,0.0,0.0,0.0,0.0,0.0,0.0,0.0,0.0,0.0,0.0,0.0,0.0,0.0,0.0,0.0,0.0,0.0,0.0,0.0,0.0,0.0,0.0,0.0,0.0,0.0,-8.834251510744362,-8.834251510744362,-8.834251510744362,3.289183001849765,3.289183001849765,3.289183001849765,3.2067297869385,3.2067297869385,3.2067297869385,6.098673532340911,6.098673532340911,6.098673532340911,1.0970496846949847,1.0970496846949847,1.0970496846949847,0.0,0.0,0.0,-0.352777391342562,-0.352777391342562,-0.352777391342562,0.29975217561644835,0.29975217561644835,0.29975217561644835,-0.48620759808445424,-0.48620759808445424,-0.48620759808445424,0.43162864713528315,0.43162864713528315,0.43162864713528315,-9.36857500200559,-9.36857500200559,-9.36857500200559,1.9024982273827116,1.9024982273827116,1.9024982273827116,-8.853533042929447,-8.853533042929447,-8.853533042929447,0.0,0.0,0.0,47.644288449644264
591,2018-04-08 09:00:00,56.478199995832526,37.84427058316055,57.988658025495035,56.478199995832526,56.478199995832526,0.0,0.0,0.0,0.0,0.0,0.0,0.0,0.0,0.0,0.0,0.0,0.0,0.0,0.0,0.0,0.0,0.0,0.0,0.0,0.0,0.0,0.0,0.0,0.0,0.0,0.0,0.0,0.0,0.0,0.0,-8.258092571306598,-8.258092571306598,-8.258092571306598,3.738235527035506,3.738235527035506,3.738235527035506,3.2067297869385,3.2067297869385,3.2067297869385,6.172996892591579,6.172996892591579,6.172996892591579,1.5080757080668397,1.5080757080668397,1.5080757080668397,0.0,0.0,0.0,-0.2645522246412697,-0.2645522246412697,-0.2645522246412697,0.024353326895101293,0.024353326895101293,0.024353326895101293,-0.8999440258873409,-0.8999440258873409,-0.8999440258873409,0.6338368637611739,0.6338368637611739,0.6338368637611739,-9.318550111727777,-9.318550111727777,-9.318550111727777,1.9644974574585745,1.9644974574585745,1.9644974574585745,-8.850774879205904,-8.850774879205904,-8.850774879205904,0.0,0.0,0.0,48.22010742452593
592,2018-04-08 10:00:00,56.47786003127643,38.8042915132434,59.81470342534676,56.47786003127643,56.47786003127643,0.0,0.0,0.0,0.0,0.0,0.0,0.0,0.0,0.0,0.0,0.0,0.0,0.0,0.0,0.0,0.0,0.0,0.0,0.0,0.0,0.0,0.0,0.0,0.0,0.0,0.0,0.0,0.0,0.0,0.0,-7.896849723774463,-7.896849723774463,-7.896849723774463,3.7815884730050437,3.7815884730050437,3.7815884730050437,3.2067297869385,3.2067297869385,3.2067297869385,6.400592211162996,6.400592211162996,6.400592211162996,1.587547488447851,1.587547488447851,1.587547488447851,0.0,0.0,0.0,-0.17632705793997747,-0.17632705793997747,-0.17632705793997747,0.1791464729005481,0.1791464729005481,0.1791464729005481,-1.2091196135483215,-1.2091196135483215,-1.2091196135483215,0.8302440249920596,0.8302440249920596,0.8302440249920596,-9.231068430611849,-9.231068430611849,-9.231068430611849,1.9823711093723368,1.9823711093723368,1.9823711093723368,-8.847961977330655,-8.847961977330655,-8.847961977330655,0.0,0.0,0.0,48.58101030750196
593,2018-04-08 11:00:00,56.47752006672033,39.024459975176164,58.577324229718066,56.47752006672033,56.47752006672033,0.0,0.0,0.0,0.0,0.0,0.0,0.0,0.0,0.0,0.0,0.0,0.0,0.0,0.0,0.0,0.0,0.0,0.0,0.0,0.0,0.0,0.0,0.0,0.0,0.0,0.0,0.0,0.0,0.0,0.0,-7.991729875978889,-7.991729875978889,-7.991729875978889,3.408746597616374,3.408746597616374,3.408746597616374,3.2067297869385,3.2067297869385,3.2067297869385,6.550645388335427,6.550645388335427,6.550645388335427,1.455431980935469,1.455431980935469,1.455431980935469,0.0,0.0,0.0,-0.08810189123868523,-0.08810189123868523,-0.08810189123868523,0.4080124127000124,0.4080124127000124,0.4080124127000124,-1.3596511678905483,-1.3596511678905483,-1.3596511678905483,1.0028254229934601,1.0028254229934601,1.0028254229934601,-9.106027540593836,-9.106027540593836,-9.106027540593836,1.9253988438972198,1.9253988438972198,1.9253988438972198,-8.845094321336859,-8.845094321336859,-8.845094321336859,0.0,0.0,0.0,48.48579019074144
594,2018-04-08 12:00:00,56.47718010216423,37.41685231011887,58.187573828220685,56.47718010216423,56.47718010216423,0.0,0.0,0.0,0.0,0.0,0.0,0.0,0.0,0.0,0.0,0.0,0.0,0.0,0.0,0.0,0.0,0.0,0.0,0.0,0.0,0.0,0.0,0.0,0.0,0.0,0.0,0.0,0.0,0.0,0.0,-9.099666764722201,-9.099666764722201,-9.099666764722201,2.3787663200099347,2.3787663200099347,2.3787663200099347,3.2067297869385,3.2067297869385,3.2067297869385,6.307337900645773,6.307337900645773,6.307337900645773,1.4306286864216502,1.4306286864216502,1.4306286864216502,0.0,0.0,0.0,0.00012327546260701853,0.00012327546260701853,0.00012327546260701853,0.3358389213109697,0.3358389213109697,0.3358389213109697,-1.5083799491268801,-1.5083799491268801,-1.5083799491268801,1.074509893231737,1.074509893231737,1.074509893231737,-8.943599087994869,-8.943599087994869,-8.943599087994869,1.7678872864071897,1.7678872864071897,1.7678872864071897,-8.842171897383038,-8.842171897383038,-8.842171897383038,0.0,0.0,0.0,47.37751333744203
595,2018-04-08 13:00:00,56.47684013760813,35.69703311471039,55.18344552570479,56.47684013760813,56.47684013760813,0.0,0.0,0.0,0.0,0.0,0.0,0.0,0.0,0.0,0.0,0.0,0.0,0.0,0.0,0.0,0.0,0.0,0.0,0.0,0.0,0.0,0.0,0.0,0.0,0.0,0.0,0.0,0.0,0.0,0.0,-10.907726048182191,-10.907726048182191,-10.907726048182191,0.8028409240751407,0.8028409240751407,0.8028409240751407,3.2067297869385,3.2067297869385,3.2067297869385,5.872857868250306,5.872857868250306,5.872857868250306,1.5257923470052819,1.5257923470052819,1.5257923470052819,0.0,0.0,0.0,0.08834844216389925,0.08834844216389925,0.08834844216389925,-0.014107546805638563,-0.014107546805638563,-0.014107546805638563,-1.4885494449620356,-1.4885494449620356,-1.4885494449620356,0.9945382010005959,0.9945382010005959,0.9945382010005959,-8.744230146746586,-8.744230146746586,-8.744230146746586,1.5601060829097033,1.5601060829097033,1.5601060829097033,-8.839194693761053,-8.839194693761053,-8.839194693761053,0.0,0.0,0.0,45.56911408942594
596,2018-04-08 14:00:00,56.47650017305204,33.41682583620143,53.76111272492936,56.47650017305204,56.47650017305204,0.0,0.0,0.0,0.0,0.0,0.0,0.0,0.0,0.0,0.0,0.0,0.0,0.0,0.0,0.0,0.0,0.0,0.0,0.0,0.0,0.0,0.0,0.0,0.0,0.0,0.0,0.0,0.0,0.0,0.0,-12.826447402247535,-12.826447402247535,-12.826447402247535,-0.5232360575775974,-0.5232360575775974,-0.5232360575775974,3.2067297869385,3.2067297869385,3.2067297869385,5.041593232230934,5.041593232230934,5.041593232230934,0.7492973718175657,0.7492973718175657,0.7492973718175657,0.0,0.0,0.0,0.17657360886519152,0.17657360886519152,0.17657360886519152,0.10554850470777431,0.10554850470777431,0.10554850470777431,-1.3718198863553388,-1.3718198863553388,-1.3718198863553388,0.8977848842339041,0.8977848842339041,0.8977848842339041,-8.508641876002992,-8.508641876002992,-8.508641876002992,1.2774789620233375,1.2774789620233375,1.2774789620233375,-8.836162700897876,-8.836162700897876,-8.836162700897876,0.0,0.0,0.0,43.65005277080451
597,2018-04-08 15:00:00,56.47616020849594,33.68226351345569,53.77316795980843,56.47616020849594,56.47616020849594,0.0,0.0,0.0,0.0,0.0,0.0,0.0,0.0,0.0,0.0,0.0,0.0,0.0,0.0,0.0,0.0,0.0,0.0,0.0,0.0,0.0,0.0,0.0,0.0,0.0,0.0,0.0,0.0,0.0,0.0,-13.12318456354349,-13.12318456354349,-13.12318456354349,-0.528695227585966,-0.528695227585966,-0.528695227585966,3.2067297869385,3.2067297869385,3.2067297869385,4.476412047305565,4.476412047305565,4.476412047305565,0.5017706163633328,0.5017706163633328,0.5017706163633328,0.0,0.0,0.0,0.26479877556648374,0.26479877556648374,0.26479877556648374,-0.00033760436957120705,-0.00033760436957120705,-0.00033760436957120705,-1.174866924536318,-1.174866924536318,-1.174866924536318,0.8002028452679262,0.8002028452679262,0.8002028452679262,-8.237825471901388,-8.237825471901388,-8.237825471901388,0.8781145520752118,0.8781145520752118,0.8781145520752118,-8.8330759113617,-8.8330759113617,-8.8330759113617,0.0,0.0,0.0,43.35297564495245
598,2018-04-08 16:00:00,56.47582024393984,34.891460305446934,55.82207092765042,56.47582024393984,56.47582024393984,0.0,0.0,0.0,0.0,0.0,0.0,0.0,0.0,0.0,0.0,0.0,0.0,0.0,0.0,0.0,0.0,0.0,0.0,0.0,0.0,0.0,0.0,0.0,0.0,0.0,0.0,0.0,0.0,0.0,0.0,-11.289179217216478,-11.289179217216478,-11.289179217216478,1.2341796542280032,1.2341796542280032,1.2341796542280032,3.2067297869385,3.2067297869385,3.2067297869385,4.2396108914323065,4.2396108914323065,4.2396108914323065,0.5336605664525285,0.5336605664525285,0.5336605664525285,0.0,0.0,0.0,0.353023942267776,0.353023942267776,0.353023942267776,-0.18172098404466533,-0.18172098404466533,-0.18172098404466533,-0.8580295511752838,-0.8580295511752838,-0.8580295511752838,0.7055213339994507,0.7055213339994507,0.7055213339994507,-7.933035443011231,-7.933035443011231,-7.933035443011231,0.48042579699400123,0.48042579699400123,0.48042579699400123,-8.829934319865554,-8.829934319865554,-8.829934319865554,0.0,0.0,0.0,45.186641026723365
599,2018-04-08 17:00:00,56.475480279383746,38.13202869462408,58.431533578974864,56.475480279383746,56.475480279383746,0.0,0.0,0.0,0.0,0.0,0.0,0.0,0.0,0.0,0.0,0.0,0.0,0.0,0.0,0.0,0.0,0.0,0.0,0.0,0.0,0.0,0.0,0.0,0.0,0.0,0.0,0.0,0.0,0.0,0.0,-7.922500208496756,-7.922500208496756,-7.922500208496756,4.018290537946786,4.018290537946786,4.018290537946786,3.2067297869385,3.2067297869385,3.2067297869385,4.481727446242905,4.481727446242905,4.481727446242905,0.7001969724738835,0.7001969724738835,0.7001969724738835,0.0,0.0,0.0,0.4412491089690682,0.4412491089690682,0.4412491089690682,-0.22113150894789257,-0.22113150894789257,-0.22113150894789257,-0.3712808125836525,-0.3712808125836525,-0.3712808125836525,0.687910987264614,0.687910987264614,0.687910987264614,-7.595780269415546,-7.595780269415546,-7.595780269415546,0.03805291212838518,0.03805291212838518,0.03805291212838518,-8.826737923270903,-8.826737923270903,-8.826737923270903,0.0,0.0,0.0,48.55298007088699
600,2018-04-08 18:00:00,56.744006419550864,41.510736921847375,62.57476899955526,56.744006419550864,56.744006419550864,0.0,0.0,0.0,0.0,0.0,0.0,0.0,0.0,0.0,0.0,0.0,0.0,0.0,0.0,0.0,0.0,0.0,0.0,0.0,0.0,0.0,0.0,0.0,0.0,0.0,0.0,0.0,0.0,0.0,0.0,-4.812846656800397,-4.812846656800397,-4.812846656800397,6.248785984006686,6.248785984006686,6.248785984006686,3.437453976621145,3.437453976621145,3.437453976621145,5.271977329897221,5.271977329897221,5.271977329897221,0.8147947195522804,0.8147947195522804,0.8147947195522804,0.0,0.0,0.0,0.5558809908626807,0.5558809908626807,0.5558809908626807,-0.12136355178277485,-0.12136355178277485,-0.12136355178277485,0.19718463831398877,0.19718463831398877,0.19718463831398877,0.651238183731888,0.651238183731888,0.651238183731888,-7.485150953725838,-7.485150953725838,-7.485150953725838,-0.263211627401988,-0.263211627401988,-0.263211627401988,-8.848459016978463,-8.848459016978463,-8.848459016978463,0.0,0.0,0.0,51.93115976275047
601,2018-04-08 19:00:00,56.74371533517365,43.39407357315048,62.8892921559825,56.74371533517365,56.74371533517365,0.0,0.0,0.0,0.0,0.0,0.0,0.0,0.0,0.0,0.0,0.0,0.0,0.0,0.0,0.0,0.0,0.0,0.0,0.0,0.0,0.0,0.0,0.0,0.0,0.0,0.0,0.0,0.0,0.0,0.0,-3.2400953611549146,-3.2400953611549146,-3.2400953611549146,6.549306679911142,6.549306679911142,6.549306679911142,3.437453976621145,3.437453976621145,3.437453976621145,6.137870806615885,6.137870806615885,6.137870806615885,0.8425707635832658,0.8425707635832658,0.8425707635832658,0.0,0.0,0.0,0.6485062701317923,0.6485062701317923,0.6485062701317923,0.355007551688586,0.355007551688586,0.355007551688586,0.4733282975418784,0.4733282975418784,0.4733282975418784,0.7701690276055992,0.7701690276055992,0.7701690276055992,-7.082234507491562,-7.082234507491562,-7.082234507491562,-0.3891650805563819,-0.3891650805563819,-0.3891650805563819,-8.845038340190376,-8.845038340190376,-8.845038340190376,0.0,0.0,0.0,53.50361997401873
602,2018-04-08 20:00:00,56.74342425079642,42.80667695554821,61.374110975834654,56.74342425079642,56.74342425079642,0.0,0.0,0.0,0.0,0.0,0.0,0.0,0.0,0.0,0.0,0.0,0.0,0.0,0.0,0.0,0.0,0.0,0.0,0.0,0.0,0.0,0.0,0.0,0.0,0.0,0.0,0.0,0.0,0.0,0.0,-4.667655026892571,-4.667655026892571,-4.667655026892571,4.706369126793422,4.706369126793422,4.706369126793422,3.437453976621145,3.437453976621145,3.437453976621145,6.119079141235112,6.119079141235112,6.119079141235112,0.8658016367728171,0.8658016367728171,0.8658016367728171,0.0,0.0,0.0,0.741131549400904,0.741131549400904,0.741131549400904,0.2690086095685199,0.2690086095685199,0.2690086095685199,0.5443088860053852,0.5443088860053852,0.5443088860053852,0.6872524533556175,0.6872524533556175,0.6872524533556175,-6.651540238941347,-6.651540238941347,-6.651540238941347,-0.4258779704892769,-0.4258779704892769,-0.4258779704892769,-8.841563055979757,-8.841563055979757,-8.841563055979757,0.0,0.0,0.0,52.075769223903855
603,2018-04-08 21:00:00,56.74313316641919,38.994881132750244,59.389741985156235,56.74313316641919,56.74313316641919,0.0,0.0,0.0,0.0,0.0,0.0,0.0,0.0,0.0,0.0,0.0,0.0,0.0,0.0,0.0,0.0,0.0,0.0,0.0,0.0,0.0,0.0,0.0,0.0,0.0,0.0,0.0,0.0,0.0,0.0,-7.964741184822436,-7.964741184822436,-7.964741184822436,1.637857313731535,1.637857313731535,1.637857313731535,3.437453976621145,3.437453976621145,3.437453976621145,5.430895832575839,5.430895832575839,5.430895832575839,0.8097445297284649,0.8097445297284649,0.8097445297284649,0.0,0.0,0.0,0.8337568286700157,0.8337568286700157,0.8337568286700157,-0.27219939267399024,-0.27219939267399024,-0.27219939267399024,0.6026490957014182,0.6026490957014182,0.6026490957014182,0.30868385172943785,0.30868385172943785,0.30868385172943785,-6.1954611611443315,-6.1954611611443315,-6.1954611611443315,-0.2891930572006522,-0.2891930572006522,-0.2891930572006522,-8.83803316998548,-8.83803316998548,-8.83803316998548,0.0,0.0,0.0,48.778391981596755
604,2018-04-08 22:00:00,56.742842082041975,33.436248664918914,55.01785625037834,56.742842082041975,56.742842082041975,0.0,0.0,0.0,0.0,0.0,0.0,0.0,0.0,0.0,0.0,0.0,0.0,0.0,0.0,0.0,0.0,0.0,0.0,0.0,0.0,0.0,0.0,0.0,0.0,0.0,0.0,0.0,0.0,0.0,0.0,-12.586991842483096,-12.586991842483096,-12.586991842483096,-1.4246176818149747,-1.4246176818149747,-1.4246176818149747,3.437453976621145,3.437453976621145,3.437453976621145,3.3886472574500153,3.3886472574500153,3.3886472574500153,0.06484153071567693,0.06484153071567693,0.06484153071567693,0.0,0.0,0.0,0.9263821079391272,0.9263821079391272,0.9263821079391272,-0.8579827628216655,-0.8579827628216655,-0.8579827628216655,0.6736296841649251,0.6736296841649251,0.6736296841649251,-0.16264243270669604,-0.16264243270669604,-0.16264243270669604,-5.716572728120472,-5.716572728120472,-5.716572728120472,-0.6930348464624977,-0.6930348464624977,-0.6930348464624977,-8.834448689997668,-8.834448689997668,-8.834448689997668,0.0,0.0,0.0,44.15585023955888
605,2018-04-08 23:00:00,56.74255099766475,31.840293081793064,53.06504802710564,56.74255099766475,56.74255099766475,0.0,0.0,0.0,0.0,0.0,0.0,0.0,0.0,0.0,0.0,0.0,0.0,0.0,0.0,0.0,0.0,0.0,0.0,0.0,0.0,0.0,0.0,0.0,0.0,0.0,0.0,0.0,0.0,0.0,0.0,-14.540290039597243,-14.540290039597243,-14.540290039597243,-3.812854163308267,-3.812854163308267,-3.812854163308267,3.437453976621145,3.437453976621145,3.437453976621145,3.320984293924975,3.320984293924975,3.320984293924975,-0.05232287319684294,-0.05232287319684294,-0.05232287319684294,0.0,0.0,0.0,1.0190073872082388,1.0190073872082388,1.0190073872082388,-0.9642432358077156,-0.9642432358077156,-0.9642432358077156,0.6687680000235889,0.6687680000235889,0.6687680000235889,-0.4871896298972814,-0.4871896298972814,-0.4871896298972814,-5.21761054424973,-5.21761054424973,-5.21761054424973,-0.30048933102615843,-0.30048933102615843,-0.30048933102615843,-8.83080962596422,-8.83080962596422,-8.83080962596422,0.0,0.0,0.0,42.202260958067505
606,2018-04-09 00:00:00,56.74225991328752,29.568891782087682,49.584228102470604,56.74225991328752,56.74225991328752,0.0,0.0,0.0,0.0,0.0,0.0,0.0,0.0,0.0,0.0,0.0,0.0,0.0,0.0,0.0,0.0,0.0,0.0,0.0,0.0,0.0,0.0,0.0,0.0,0.0,0.0,0.0,0.0,0.0,0.0,-17.330104637175356,-17.330104637175356,-17.330104637175356,-5.59687729600184,-5.59687729600184,-5.59687729600184,3.1621520984857048,3.1621520984857048,3.1621520984857048,1.795335163097235,1.795335163097235,1.795335163097235,-0.3028122884580923,-0.3028122884580923,-0.3028122884580923,0.0,0.0,0.0,0.0001293152480109848,0.0001293152480109848,0.0001293152480109848,-0.9800022042590367,-0.9800022042590367,-0.9800022042590367,0.6668233263670544,0.6668233263670544,0.6668233263670544,-0.6775208571529214,-0.6775208571529214,-0.6775208571529214,-4.701446514278774,-4.701446514278774,-4.701446514278774,-0.07343422713348445,-0.07343422713348445,-0.07343422713348445,-8.827115989991977,-8.827115989991977,-8.827115989991977,0.0,0.0,0.0,39.41215527611216
607,2018-04-09 01:00:00,56.741968828910295,27.46528432713075,47.30640152646574,56.741968828910295,56.741968828910295,0.0,0.0,0.0,0.0,0.0,0.0,0.0,0.0,0.0,0.0,0.0,0.0,0.0,0.0,0.0,0.0,0.0,0.0,0.0,0.0,0.0,0.0,0.0,0.0,0.0,0.0,0.0,0.0,0.0,0.0,-19.241572359222374,-19.241572359222374,-19.241572359222374,-7.035257256818419,-7.035257256818419,-7.035257256818419,2.8868502203502637,2.8868502203502637,2.8868502203502637,0.7881163804191222,0.7881163804191222,0.7881163804191222,-0.3169528199647757,-0.3169528199647757,-0.3169528199647757,0.0,0.0,0.0,-1.0187487567122169,-1.0187487567122169,-1.0187487567122169,-0.9448822174246642,-0.9448822174246642,-0.9448822174246642,0.6668233263670544,0.6668233263670544,0.6668233263670544,-0.7713254664054261,-0.7713254664054261,-0.7713254664054261,-4.171063686471479,-4.171063686471479,-4.171063686471479,0.286352094208887,0.286352094208887,0.286352094208887,-8.8233677963516,-8.8233677963516,-8.8233677963516,0.0,0.0,0.0,37.50039646968792
608,2018-04-09 02:00:00,56.74167774453308,27.04344257982909,46.66278393897708,56.74167774453308,56.74167774453308,0.0,0.0,0.0,0.0,0.0,0.0,0.0,0.0,0.0,0.0,0.0,0.0,0.0,0.0,0.0,0.0,0.0,0.0,0.0,0.0,0.0,0.0,0.0,0.0,0.0,0.0,0.0,0.0,0.0,0.0,-19.61931828365075,-19.61931828365075,-19.61931828365075,-7.968798764923583,-7.968798764923583,-7.968798764923583,2.6115483422148245,2.6115483422148245,2.6115483422148245,0.7985755970169348,0.7985755970169348,0.7985755970169348,-0.24726020039612168,-0.24726020039612168,-0.24726020039612168,0.0,0.0,0.0,-0.9261234774431053,-0.9261234774431053,-0.9261234774431053,-0.9768504105687725,-0.9768504105687725,-0.9768504105687725,0.6663371579529209,0.6663371579529209,0.6663371579529209,-0.8515200319047772,-0.8515200319047772,-0.8515200319047772,-3.6295300542633195,-3.6295300542633195,-3.6295300542633195,0.5224442171619659,0.5224442171619659,0.5224442171619659,-8.81956506148078,-8.81956506148078,-8.81956506148078,0.0,0.0,0.0,37.12235946088233
609,2018-04-09 03:00:00,56.74138666015585,28.052125169358668,48.55930103484161,56.74138666015585,56.74138666015585,0.0,0.0,0.0,0.0,0.0,0.0,0.0,0.0,0.0,0.0,0.0,0.0,0.0,0.0,0.0,0.0,0.0,0.0,0.0,0.0,0.0,0.0,0.0,0.0,0.0,0.0,0.0,0.0,0.0,0.0,-18.570579753453867,-18.570579753453867,-18.570579753453867,-7.815595638935952,-7.815595638935952,-7.815595638935952,2.3362464640793843,2.3362464640793843,2.3362464640793843,1.1406952840041475,1.1406952840041475,1.1406952840041475,-0.007376183764884886,-0.007376183764884886,-0.007376183764884886,0.0,0.0,0.0,-0.8334981981739937,-0.8334981981739937,-0.8334981981739937,-0.9642432358077156,-0.9642432358077156,-0.9642432358077156,0.6663371579529209,0.6663371579529209,0.6663371579529209,-0.759390504960353,-0.759390504960353,-0.759390504960353,-3.0799715945371813,-3.0799715945371813,-3.0799715945371813,0.7026197846787892,0.7026197846787892,0.7026197846787892,-8.815707803984886,-8.815707803984886,-8.815707803984886,0.0,0.0,0.0,38.17080690670198
610,2018-04-09 04:00:00,56.74109557577863,32.00811894083755,52.7118171683771,56.74109557577863,56.74109557577863,0.0,0.0,0.0,0.0,0.0,0.0,0.0,0.0,0.0,0.0,0.0,0.0,0.0,0.0,0.0,0.0,0.0,0.0,0.0,0.0,0.0,0.0,0.0,0.0,0.0,0.0,0.0,0.0,0.0,0.0,-14.549958398297445,-14.549958398297445,-14.549958398297445,-6.16289199063599,-6.16289199063599,-6.16289199063599,2.0609445859439437,2.0609445859439437,2.0609445859439437,2.9502744662501605,2.9502744662501605,2.9502744662501605,0.9208487058524061,0.9208487058524061,0.9208487058524061,0.0,0.0,0.0,-0.740872918904882,-0.740872918904882,-0.740872918904882,-0.5103849444096707,-0.5103849444096707,-0.5103849444096707,0.6668233263670544,0.6668233263670544,0.6668233263670544,-0.35360181582786626,-0.35360181582786626,-0.35360181582786626,-2.5255448292670617,-2.5255448292670617,-2.5255448292670617,0.9065175272291756,0.9065175272291756,0.9065175272291756,-8.81179604464455,-8.81179604464455,-8.81179604464455,0.0,0.0,0.0,42.19113717748118
611,2018-04-09 05:00:00,56.7408044914014,37.64731587886092,57.94566446108905,56.7408044914014,56.7408044914014,0.0,0.0,0.0,0.0,0.0,0.0,0.0,0.0,0.0,0.0,0.0,0.0,0.0,0.0,0.0,0.0,0.0,0.0,0.0,0.0,0.0,0.0,0.0,0.0,0.0,0.0,0.0,0.0,0.0,0.0,-8.9598677114338,-8.9598677114338,-8.9598677114338,-3.3235899871350254,-3.3235899871350254,-3.3235899871350254,1.7856427078085029,1.7856427078085029,1.7856427078085029,5.140961282337543,5.140961282337543,5.140961282337543,1.8874550381306947,1.8874550381306947,1.8874550381306947,0.0,0.0,0.0,-0.6482476396357704,-0.6482476396357704,-0.6482476396357704,0.19336556100217903,0.19336556100217903,0.19336556100217903,0.6663371579529209,0.6663371579529209,0.6663371579529209,0.1702801760242915,0.1702801760242915,0.1702801760242915,-1.9694092002213606,-1.9694092002213606,-1.9694092002213606,1.0861282810547237,1.0861282810547237,1.0861282810547237,-8.807829806414956,-8.807829806414956,-8.807829806414956,0.0,0.0,0.0,47.7809367799676
612,2018-04-09 06:00:00,56.740513407024174,41.43601655795652,62.2154517671515,56.740513407024174,56.740513407024174,0.0,0.0,0.0,0.0,0.0,0.0,0.0,0.0,0.0,0.0,0.0,0.0,0.0,0.0,0.0,0.0,0.0,0.0,0.0,0.0,0.0,0.0,0.0,0.0,0.0,0.0,0.0,0.0,0.0,0.0,-4.950915839904829,-4.950915839904829,-4.950915839904829,-0.26105033607113104,-0.26105033607113104,-0.26105033607113104,1.5103408296730625,1.5103408296730625,1.5103408296730625,5.52864316025873,5.52864316025873,5.52864316025873,2.3005605657188037,2.3005605657188037,2.3005605657188037,0.0,0.0,0.0,-0.5556223603666588,-0.5556223603666588,-0.5556223603666588,-0.07183536522148026,-0.07183536522148026,-0.07183536522148026,0.537016359793381,0.537016359793381,0.537016359793381,0.5226756165867141,0.5226756165867141,0.5226756165867141,-1.4146995496618047,-1.4146995496618047,-1.4146995496618047,1.2855075140749075,1.2855075140749075,1.2855075140749075,-8.803809114430624,-8.803809114430624,-8.803809114430624,0.0,0.0,0.0,51.789597567119344
613,2018-04-09 07:00:00,56.74022232264695,45.508282592783445,65.70035224447918,56.74022232264695,56.74022232264695,0.0,0.0,0.0,0.0,0.0,0.0,0.0,0.0,0.0,0.0,0.0,0.0,0.0,0.0,0.0,0.0,0.0,0.0,0.0,0.0,0.0,0.0,0.0,0.0,0.0,0.0,0.0,0.0,0.0,0.0,-1.5181341223294427,-1.5181341223294427,-1.5181341223294427,2.070147973228049,2.070147973228049,2.070147973228049,1.235038951537623,1.235038951537623,1.235038951537623,6.075950898576652,6.075950898576652,6.075950898576652,2.409644665913219,2.409644665913219,2.409644665913219,0.0,0.0,0.0,-0.46299708109754717,-0.46299708109754717,-0.46299708109754717,0.27261065950025043,0.27261065950025043,0.27261065950025043,0.10384030280033596,0.10384030280033596,0.10384030280033596,0.9431212759149048,0.9431212759149048,0.9431212759149048,-0.864498998127155,-0.864498998127155,-0.864498998127155,1.5746921240078655,1.5746921240078655,1.5746921240078655,-8.799733996006989,-8.799733996006989,-8.799733996006989,0.0,0.0,0.0,55.22208820031751
614,2018-04-09 08:00:00,56.73993123826973,46.49064945819184,66.89014044136576,56.73993123826973,56.73993123826973,0.0,0.0,0.0,0.0,0.0,0.0,0.0,0.0,0.0,0.0,0.0,0.0,0.0,0.0,0.0,0.0,0.0,0.0,0.0,0.0,0.0,0.0,0.0,0.0,0.0,0.0,0.0,0.0,0.0,0.0,-0.06753142847432742,-0.06753142847432742,-0.06753142847432742,3.334894472879287,3.334894472879287,3.334894472879287,0.9597370734021823,0.9597370734021823,0.9597370734021823,5.714991082661126,5.714991082661126,5.714991082661126,2.4379257289265857,2.4379257289265857,2.4379257289265857,0.0,0.0,0.0,-0.37037180182843554,-0.37037180182843554,-0.37037180182843554,0.27756347815637983,0.27756347815637983,0.27756347815637983,-0.5286648039874886,-0.5286648039874886,-0.5286648039874886,1.1822392753933875,1.1822392753933875,1.1822392753933875,-0.3218125033697484,-0.3218125033697484,-0.3218125033697484,1.7565621325985148,1.7565621325985148,1.7565621325985148,-8.795604480644991,-8.795604480644991,-8.795604480644991,0.0,0.0,0.0,56.67239980979541
615,2018-04-09 09:00:00,56.7396401538925,47.57915792231136,67.58945711625056,56.7396401538925,56.7396401538925,0.0,0.0,0.0,0.0,0.0,0.0,0.0,0.0,0.0,0.0,0.0,0.0,0.0,0.0,0.0,0.0,0.0,0.0,0.0,0.0,0.0,0.0,0.0,0.0,0.0,0.0,0.0,0.0,0.0,0.0,0.955810852794894,0.955810852794894,0.955810852794894,3.8155510382852524,3.8155510382852524,3.8155510382852524,0.6844351952667417,0.6844351952667417,0.6844351952667417,5.72122179253264,5.72122179253264,5.72122179253264,2.5985217653239188,2.5985217653239188,2.5985217653239188,0.0,0.0,0.0,-0.2777465225593239,-0.2777465225593239,-0.2777465225593239,0.4513623873623772,0.4513623873623772,0.4513623873623772,-0.987607786929615,-0.987607786929615,-0.987607786929615,1.3669170998592561,1.3669170998592561,1.3669170998592561,0.2104586220081837,0.2104586220081837,0.2104586220081837,1.8853396542092848,1.8853396542092848,1.8853396542092848,-8.79142060003118,-8.79142060003118,-8.79142060003118,0.0,0.0,0.0,57.6954510066874
616,2018-04-09 10:00:00,56.73934906951528,48.306685735620455,68.45212550573596,56.73934906951528,56.73934906951528,0.0,0.0,0.0,0.0,0.0,0.0,0.0,0.0,0.0,0.0,0.0,0.0,0.0,0.0,0.0,0.0,0.0,0.0,0.0,0.0,0.0,0.0,0.0,0.0,0.0,0.0,0.0,0.0,0.0,0.0,1.6369371628947926,1.6369371628947926,1.6369371628947926,3.874254460948576,3.874254460948576,3.874254460948576,0.40913331713130113,0.40913331713130113,0.40913331713130113,5.82032412103173,5.82032412103173,5.82032412103173,2.7247765109193067,2.7247765109193067,2.7247765109193067,0.0,0.0,0.0,-0.1851212432902123,-0.1851212432902123,-0.1851212432902123,0.5499685042435002,0.5499685042435002,0.5499685042435002,-1.2447908780062937,-1.2447908780062937,-1.2447908780062937,1.526259304415408,1.526259304415408,1.526259304415408,0.7295409689565695,0.7295409689565695,0.7295409689565695,2.0400986056187196,2.0400986056187196,2.0400986056187196,-8.787182388042082,-8.787182388042082,-8.787182388042082,0.0,0.0,0.0,58.376286232410074
617,2018-04-09 11:00:00,56.739057985138054,47.92488972889434,67.77089791288462,56.739057985138054,56.739057985138054,0.0,0.0,0.0,0.0,0.0,0.0,0.0,0.0,0.0,0.0,0.0,0.0,0.0,0.0,0.0,0.0,0.0,0.0,0.0,0.0,0.0,0.0,0.0,0.0,0.0,0.0,0.0,0.0,0.0,0.0,1.4457687615210881,1.4457687615210881,1.4457687615210881,3.502675318306923,3.502675318306923,3.502675318306923,0.13383143899586117,0.13383143899586117,0.13383143899586117,5.493171506974591,5.493171506974591,5.493171506974591,2.6495286825444557,2.6495286825444557,2.6495286825444557,0.0,0.0,0.0,-0.09249596402110064,-0.09249596402110064,-0.09249596402110064,0.5279059484116507,0.5279059484116507,0.5279059484116507,-1.4217561807509271,-1.4217561807509271,-1.4217561807509271,1.5905405879879948,1.5905405879879948,1.5905405879879948,1.2328118169871538,1.2328118169871538,1.2328118169871538,2.105616993806655,2.105616993806655,2.105616993806655,-8.782889880747579,-8.782889880747579,-8.782889880747579,0.0,0.0,0.0,58.18482674665914
618,2018-04-09 12:00:00,56.73876690076084,45.73896552904049,66.41058588288391,56.73876690076084,56.73876690076084,0.0,0.0,0.0,0.0,0.0,0.0,0.0,0.0,0.0,0.0,0.0,0.0,0.0,0.0,0.0,0.0,0.0,0.0,0.0,0.0,0.0,0.0,0.0,0.0,0.0,0.0,0.0,0.0,0.0,0.0,-0.287522932005398,-0.287522932005398,-0.287522932005398,2.4650091040647655,2.4650091040647655,2.4650091040647655,-0.14147043913957943,-0.14147043913957943,-0.14147043913957943,4.308190867601728,4.308190867601728,4.308190867601728,2.5858962907643805,2.5858962907643805,2.5858962907643805,0.0,0.0,0.0,0.0001293152480109848,0.0001293152480109848,0.0001293152480109848,0.0348753640060363,0.0348753640060363,0.0348753640060363,-1.5272547266179202,-1.5272547266179202,-1.5272547266179202,1.4791476145006455,1.4791476145006455,1.4791476145006455,1.7178202127361253,1.7178202127361253,1.7178202127361253,1.8768674488401553,1.8768674488401553,1.8768674488401553,-8.778543116408018,-8.778543116408018,-8.778543116408018,0.0,0.0,0.0,56.45124396875544
619,2018-04-09 13:00:00,56.73847581638361,44.5481449066363,65.15106045043848,56.73847581638361,56.73847581638361,0.0,0.0,0.0,0.0,0.0,0.0,0.0,0.0,0.0,0.0,0.0,0.0,0.0,0.0,0.0,0.0,0.0,0.0,0.0,0.0,0.0,0.0,0.0,0.0,0.0,0.0,0.0,0.0,0.0,0.0,-2.039800823547872,-2.039800823547872,-2.039800823547872,0.8755612320352981,0.8755612320352981,0.8755612320352981,-0.41677231727501945,-0.41677231727501945,-0.41677231727501945,3.676473950863189,3.676473950863189,3.676473950863189,2.555595151821487,2.555595151821487,2.555595151821487,0.0,0.0,0.0,0.09275459451712262,0.09275459451712262,0.09275459451712262,-0.10065176467532437,-0.10065176467532437,-0.10065176467532437,-1.5044048111536406,-1.5044048111536406,-1.5044048111536406,1.3939278020770534,1.3939278020770534,1.3939278020770534,2.182306129037171,2.182306129037171,2.182306129037171,1.6560252955515098,1.6560252955515098,1.6560252955515098,-8.774142135483531,-8.774142135483531,-8.774142135483531,0.0,0.0,0.0,54.69867499283574
620,2018-04-09 14:00:00,56.73818473200638,42.458231287517414,63.01897104631566,56.73818473200638,56.73818473200638,0.0,0.0,0.0,0.0,0.0,0.0,0.0,0.0,0.0,0.0,0.0,0.0,0.0,0.0,0.0,0.0,0.0,0.0,0.0,0.0,0.0,0.0,0.0,0.0,0.0,0.0,0.0,0.0,0.0,0.0,-3.6809619623204317,-3.6809619623204317,-3.6809619623204317,-0.46857366220278773,-0.46857366220278773,-0.46857366220278773,-0.6920741954104601,-0.6920741954104601,-0.6920741954104601,2.933081164583082,2.933081164583082,2.933081164583082,2.3556076347983925,2.3556076347983925,2.3556076347983925,0.0,0.0,0.0,0.18537987378623422,0.18537987378623422,0.18537987378623422,-0.12901790788770218,-0.12901790788770218,-0.12901790788770218,-1.4232146859933277,-1.4232146859933277,-1.4232146859933277,1.366707714570746,1.366707714570746,1.366707714570746,2.624217515932859,2.624217515932859,2.624217515932859,1.269692730719199,1.269692730719199,1.269692730719199,-8.769686980633583,-8.769686980633583,-8.769686980633583,0.0,0.0,0.0,53.05722276968595
621,2018-04-09 15:00:00,56.737893647629164,42.73247455127272,63.32192707756038,56.737893647629164,56.737893647629164,0.0,0.0,0.0,0.0,0.0,0.0,0.0,0.0,0.0,0.0,0.0,0.0,0.0,0.0,0.0,0.0,0.0,0.0,0.0,0.0,0.0,0.0,0.0,0.0,0.0,0.0,0.0,0.0,0.0,0.0,-3.8844623485868452,-3.8844623485868452,-3.8844623485868452,-0.4936801691110503,-0.4936801691110503,-0.4936801691110503,-0.9673760735459007,-0.9673760735459007,-0.9673760735459007,2.3326704391972157,2.3326704391972157,2.3326704391972157,2.264199198987332,2.264199198987332,2.264199198987332,0.0,0.0,0.0,0.27800515305534584,0.27800515305534584,0.27800515305534584,-0.23032556221762296,-0.23032556221762296,-0.23032556221762296,-1.1995772154918682,-1.1995772154918682,-1.1995772154918682,1.3162458600398228,1.3162458600398228,1.3162458600398228,3.0417250780413143,3.0417250780413143,3.0417250780413143,0.8714990783701064,0.8714990783701064,0.8714990783701064,-8.765177696714325,-8.765177696714325,-8.765177696714325,0.0,0.0,0.0,52.85343129904232
622,2018-04-09 16:00:00,56.73760256325193,44.67388389941747,65.13801519457358,56.73760256325193,56.73760256325193,0.0,0.0,0.0,0.0,0.0,0.0,0.0,0.0,0.0,0.0,0.0,0.0,0.0,0.0,0.0,0.0,0.0,0.0,0.0,0.0,0.0,0.0,0.0,0.0,0.0,0.0,0.0,0.0,0.0,0.0,-2.079605014473532,-2.079605014473532,-2.079605014473532,1.253496583068614,1.253496583068614,1.253496583068614,-1.2426779516813407,-1.2426779516813407,-1.2426779516813407,1.9942780937197664,1.9942780937197664,1.9942780937197664,2.3404570653269463,2.3404570653269463,2.3404570653269463,0.0,0.0,0.0,0.37063043232445747,0.37063043232445747,0.37063043232445747,-0.20511121269550936,-0.20511121269550936,-0.20511121269550936,-0.8466189468308685,-0.8466189468308685,-0.8466189468308685,1.1579505819262212,1.1579505819262212,1.1579505819262212,3.4332346395262197,3.4332346395262197,3.4332346395262197,0.4196481253498598,0.4196481253498598,0.4196481253498598,-8.760614330788131,-8.760614330788131,-8.760614330788131,0.0,0.0,0.0,54.657997548778404
623,2018-04-09 17:00:00,56.737311478874716,48.36852451265329,69.19310951388013,56.737311478874716,56.737311478874716,0.0,0.0,0.0,0.0,0.0,0.0,0.0,0.0,0.0,0.0,0.0,0.0,0.0,0.0,0.0,0.0,0.0,0.0,0.0,0.0,0.0,0.0,0.0,0.0,0.0,0.0,0.0,0.0,0.0,0.0,1.6644513020289158,1.6644513020289158,1.6644513020289158,4.029877659654604,4.029877659654604,4.029877659654604,-1.5179798298167813,-1.5179798298167813,-1.5179798298167813,2.5931735872234873,2.5931735872234873,2.5931735872234873,2.594986632447248,2.594986632447248,2.594986632447248,0.0,0.0,0.0,0.46325571159356915,0.46325571159356915,0.46325571159356915,0.07269688828920673,0.07269688828920673,0.07269688828920673,-0.24620095537586206,-0.24620095537586206,-0.24620095537586206,1.0061462477564314,1.0061462477564314,1.0061462477564314,3.7973969872705235,3.7973969872705235,3.7973969872705235,0.2202688923296759,0.2202688923296759,0.2202688923296759,-8.7559969321197,-8.7559969321197,-8.7559969321197,0.0,0.0,0.0,58.40176278090363
624,2018-04-09 18:00:00,56.56236660916351,50.889585871372525,71.14540026251937,56.56236660916351,56.56236660916351,0.0,0.0,0.0,0.0,0.0,0.0,0.0,0.0,0.0,0.0,0.0,0.0,0.0,0.0,0.0,0.0,0.0,0.0,0.0,0.0,0.0,0.0,0.0,0.0,0.0,0.0,0.0,0.0,0.0,0.0,4.910078146574727,4.910078146574727,4.910078146574727,6.216072639950755,6.216072639950755,6.216072639950755,-1.7154526480697145,-1.7154526480697145,-1.7154526480697145,3.2686519568550167,3.2686519568550167,3.2686519568550167,2.7461895570883983,2.7461895570883983,2.7461895570883983,0.0,0.0,0.0,0.5792780374136918,0.5792780374136918,0.5792780374136918,0.19577966087306828,0.19577966087306828,0.19577966087306828,0.29830621449769384,0.29830621449769384,0.29830621449769384,1.0100314852990775,1.0100314852990775,1.0100314852990775,4.06840946155961,4.06840946155961,4.06840946155961,0.15451964975280202,0.15451964975280202,0.15451964975280202,-8.643055911790656,-8.643055911790656,-8.643055911790656,0.0,0.0,0.0,61.47244475573824
625,2018-04-09 19:00:00,56.5620383751325,52.081665540751985,71.8632028781041,56.5620383751325,56.5620383751325,0.0,0.0,0.0,0.0,0.0,0.0,0.0,0.0,0.0,0.0,0.0,0.0,0.0,0.0,0.0,0.0,0.0,0.0,0.0,0.0,0.0,0.0,0.0,0.0,0.0,0.0,0.0,0.0,0.0,0.0,5.571301169301726,5.571301169301726,5.571301169301726,6.527292701412138,6.527292701412138,6.527292701412138,-1.97862504116707,-1.97862504116707,-1.97862504116707,3.3199008049043495,3.3199008049043495,3.3199008049043495,2.7653178656264092,2.7653178656264092,2.7653178656264092,0.0,0.0,0.0,0.6758019360878601,0.6758019360878601,0.6758019360878601,0.14668935957948787,0.14668935957948787,0.14668935957948787,0.4445931556092958,0.4445931556092958,0.4445931556092958,1.1828259199792164,1.1828259199792164,1.1828259199792164,4.362522862582379,4.362522862582379,4.362522862582379,0.08329760918915026,0.08329760918915026,0.08329760918915026,-8.638415199597143,-8.638415199597143,-8.638415199597143,0.0,0.0,0.0,62.13333954443423
626,2018-04-09 20:00:00,56.56171014110149,48.11067933538592,67.71565587461303,56.56171014110149,56.56171014110149,0.0,0.0,0.0,0.0,0.0,0.0,0.0,0.0,0.0,0.0,0.0,0.0,0.0,0.0,0.0,0.0,0.0,0.0,0.0,0.0,0.0,0.0,0.0,0.0,0.0,0.0,0.0,0.0,0.0,0.0,1.8197840328883144,1.8197840328883144,1.8197840328883144,4.680391861875216,4.680391861875216,4.680391861875216,-2.241797434264426,-2.241797434264426,-2.241797434264426,1.1458817881631465,1.1458817881631465,1.1458817881631465,1.890585485996284,1.890585485996284,1.890585485996284,0.0,0.0,0.0,0.7723258347620283,0.7723258347620283,0.7723258347620283,-0.38223457298565794,-0.38223457298565794,-0.38223457298565794,0.4638296646851333,0.4638296646851333,0.4638296646851333,0.6592547922647997,0.6592547922647997,0.6592547922647997,4.627232809188319,4.627232809188319,4.627232809188319,-0.016081982295014997,-0.016081982295014997,-0.016081982295014997,-8.633722426338368,-8.633722426338368,-8.633722426338368,0.0,0.0,0.0,58.38149417398981
627,2018-04-09 21:00:00,56.56138190707049,43.87360481423933,64.51947417518002,56.56138190707049,56.56138190707049,0.0,0.0,0.0,0.0,0.0,0.0,0.0,0.0,0.0,0.0,0.0,0.0,0.0,0.0,0.0,0.0,0.0,0.0,0.0,0.0,0.0,0.0,0.0,0.0,0.0,0.0,0.0,0.0,0.0,0.0,-2.7477192886206323,-2.7477192886206323,-2.7477192886206323,1.6057529146767469,1.6057529146767469,1.6057529146767469,-2.5049698273617813,-2.5049698273617813,-2.5049698273617813,-0.5867751070906022,-0.5867751070906022,-0.5867751070906022,1.2417739396394238,1.2417739396394238,1.2417739396394238,0.0,0.0,0.0,0.8688497334361965,0.8688497334361965,0.8688497334361965,-0.7821761452892395,-0.7821761452892395,-0.7821761452892395,0.4674085500945915,0.4674085500945915,0.4674085500945915,0.1638176313978419,0.1638176313978419,0.1638176313978419,4.862280553544897,4.862280553544897,4.862280553544897,-0.041478989007635005,-0.041478989007635005,-0.041478989007635005,-8.628977649751674,-8.628977649751674,-8.628977649751674,0.0,0.0,0.0,53.81366261844986
628,2018-04-09 22:00:00,56.56105367303948,39.759377581345625,59.904554494201726,56.56105367303948,56.56105367303948,0.0,0.0,0.0,0.0,0.0,0.0,0.0,0.0,0.0,0.0,0.0,0.0,0.0,0.0,0.0,0.0,0.0,0.0,0.0,0.0,0.0,0.0,0.0,0.0,0.0,0.0,0.0,0.0,0.0,0.0,-6.8787483928076565,-6.8787483928076565,-6.8787483928076565,-1.446498456464637,-1.446498456464637,-1.446498456464637,-2.7681422204591364,-2.7681422204591364,-2.7681422204591364,-1.875725998779831,-1.875725998779831,-1.875725998779831,0.01807917451855715,0.01807917451855715,0.01807917451855715,0.0,0.0,0.0,0.9653736321103648,0.9653736321103648,0.9653736321103648,-0.9578424195260714,-0.9578424195260714,-0.9578424195260714,0.4445931556092958,0.4445931556092958,0.4445931556092958,-0.6029826139552467,-0.6029826139552467,-0.6029826139552467,5.0676569921686445,5.0676569921686445,5.0676569921686445,1.0251952929224055,1.0251952929224055,1.0251952929224055,-8.624180929731832,-8.624180929731832,-8.624180929731832,0.0,0.0,0.0,49.68230528023182
629,2018-04-09 23:00:00,56.56072543900847,37.27545074264702,57.020494559527265,56.56072543900847,56.56072543900847,0.0,0.0,0.0,0.0,0.0,0.0,0.0,0.0,0.0,0.0,0.0,0.0,0.0,0.0,0.0,0.0,0.0,0.0,0.0,0.0,0.0,0.0,0.0,0.0,0.0,0.0,0.0,0.0,0.0,0.0,-9.346023052197118,-9.346023052197118,-9.346023052197118,-3.799840292564025,-3.799840292564025,-3.799840292564025,-3.0313146135564923,-3.0313146135564923,-3.0313146135564923,-2.1704466396408733,-2.1704466396408733,-2.1704466396408733,-0.17113598561420046,-0.17113598561420046,-0.17113598561420046,0.0,0.0,0.0,1.061897530784533,1.061897530784533,1.061897530784533,-0.9520670899621207,-0.9520670899621207,-0.9520670899621207,0.5112498963604538,0.5112498963604538,0.5112498963604538,-0.8549911255037635,-0.8549911255037635,-0.8549911255037635,5.243596208335989,5.243596208335989,5.243596208335989,1.265914747850717,1.265914747850717,1.265914747850717,-8.619332328328209,-8.619332328328209,-8.619332328328209,0.0,0.0,0.0,47.214702386811354
630,2018-04-10 00:00:00,56.56039720497746,33.841114591803986,54.54408306503814,56.56039720497746,56.56039720497746,0.0,0.0,0.0,0.0,0.0,0.0,0.0,0.0,0.0,0.0,0.0,0.0,0.0,0.0,0.0,0.0,0.0,0.0,0.0,0.0,0.0,0.0,0.0,0.0,0.0,0.0,0.0,0.0,0.0,0.0,-12.527815124951823,-12.527815124951823,-12.527815124951823,-5.534168544017358,-5.534168544017358,-5.534168544017358,-3.294487006653847,-3.294487006653847,-3.294487006653847,-3.7697812894567284,-3.7697812894567284,-3.7697812894567284,-0.30503414538027757,-0.30503414538027757,-0.30503414538027757,0.0,0.0,0.0,0.00013464536868229977,0.00013464536868229977,0.00013464536868229977,-1.1152201501437262,-1.1152201501437262,-1.1152201501437262,0.5873012113114395,0.5873012113114395,0.5873012113114395,-1.0259897750659797,-1.0259897750659797,-1.0259897750659797,5.390566618268271,5.390566618268271,5.390566618268271,1.383513931106979,1.383513931106979,1.383513931106979,-8.614431909746008,-8.614431909746008,-8.614431909746008,0.0,0.0,0.0,44.03258208002564
631,2018-04-10 01:00:00,56.56006897094646,31.781631056712442,52.306262766078646,56.56006897094646,56.56006897094646,0.0,0.0,0.0,0.0,0.0,0.0,0.0,0.0,0.0,0.0,0.0,0.0,0.0,0.0,0.0,0.0,0.0,0.0,0.0,0.0,0.0,0.0,0.0,0.0,0.0,0.0,0.0,0.0,0.0,0.0,-14.793461853036941,-14.793461853036941,-14.793461853036941,-6.928562285327672,-6.928562285327672,-6.928562285327672,-3.294487006653847,-3.294487006653847,-3.294487006653847,-4.764679679593851,-4.764679679593851,-4.764679679593851,-0.3903360618335699,-0.3903360618335699,-0.3903360618335699,0.0,0.0,0.0,-1.0616282400471684,-1.0616282400471684,-1.0616282400471684,-1.1344712486902284,-1.1344712486902284,-1.1344712486902284,0.6257742294631147,0.6257742294631147,0.6257742294631147,-1.0724806564522065,-1.0724806564522065,-1.0724806564522065,5.509259852234807,5.509259852234807,5.509259852234807,1.562949304620055,1.562949304620055,1.562949304620055,-8.609479740350228,-8.609479740350228,-8.609479740350228,0.0,0.0,0.0,41.766607117909516
632,2018-04-10 02:00:00,56.559740736915444,31.225773651013107,50.999185567499055,56.559740736915444,56.559740736915444,0.0,0.0,0.0,0.0,0.0,0.0,0.0,0.0,0.0,0.0,0.0,0.0,0.0,0.0,0.0,0.0,0.0,0.0,0.0,0.0,0.0,0.0,0.0,0.0,0.0,0.0,0.0,0.0,0.0,0.0,-15.433963004873414,-15.433963004873414,-15.433963004873414,-7.839072993465521,-7.839072993465521,-7.839072993465521,-3.294487006653847,-3.294487006653847,-3.294487006653847,-4.590991648397404,-4.590991648397404,-4.590991648397404,-0.3598341644351199,-0.3598341644351199,-0.3598341644351199,0.0,0.0,0.0,-0.965104341373,-0.965104341373,-0.965104341373,-1.142171688108829,-1.142171688108829,-1.142171688108829,0.6324846396058487,0.6324846396058487,0.6324846396058487,-1.1081968271308957,-1.1081968271308957,-1.1081968271308957,5.600577525652647,5.600577525652647,5.600577525652647,1.6463177396984383,1.6463177396984383,1.6463177396984383,-8.604475888663131,-8.604475888663131,-8.604475888663131,0.0,0.0,0.0,41.12577773204203
633,2018-04-10 03:00:00,56.559412502884435,31.708287525495155,52.07907933111795,56.559412502884435,56.559412502884435,0.0,0.0,0.0,0.0,0.0,0.0,0.0,0.0,0.0,0.0,0.0,0.0,0.0,0.0,0.0,0.0,0.0,0.0,0.0,0.0,0.0,0.0,0.0,0.0,0.0,0.0,0.0,0.0,0.0,0.0,-14.430981397933754,-14.430981397933754,-14.430981397933754,-7.6841622970059476,-7.6841622970059476,-7.6841622970059476,-3.294487006653847,-3.294487006653847,-3.294487006653847,-3.8130147540908896,-3.8130147540908896,-3.8130147540908896,0.0377244643684063,0.0377244643684063,0.0377244643684063,0.0,0.0,0.0,-0.868580442698832,-0.868580442698832,-0.868580442698832,-1.0194459348748781,-1.0194459348748781,-1.0194459348748781,0.6324846396058487,0.6324846396058487,0.6324846396058487,-1.0519288934359776,-1.0519288934359776,-1.0519288934359776,5.665616078531617,5.665616078531617,5.665616078531617,1.7512184195983906,1.7512184195983906,1.7512184195983906,-8.599420425368535,-8.599420425368535,-8.599420425368535,0.0,0.0,0.0,42.12843110495068
634,2018-04-10 04:00:00,56.55908426885343,36.023334612962735,55.79513510957128,56.55908426885343,56.55908426885343,0.0,0.0,0.0,0.0,0.0,0.0,0.0,0.0,0.0,0.0,0.0,0.0,0.0,0.0,0.0,0.0,0.0,0.0,0.0,0.0,0.0,0.0,0.0,0.0,0.0,0.0,0.0,0.0,0.0,0.0,-10.382271273248287,-10.382271273248287,-10.382271273248287,-6.041149237744038,-6.041149237744038,-6.041149237744038,-3.294487006653847,-3.294487006653847,-3.294487006653847,-1.452458493920398,-1.452458493920398,-1.452458493920398,1.2055852478107545,1.2055852478107545,1.2055852478107545,0.0,0.0,0.0,-0.7720565440246636,-0.7720565440246636,-0.7720565440246636,-0.4481695855074277,-0.4481695855074277,-0.4481695855074277,0.632932000282031,0.632932000282031,0.632932000282031,-0.6213395284940143,-0.6213395284940143,-0.6213395284940143,5.705649881724622,5.705649881724622,5.705649881724622,1.8450769226667691,1.8450769226667691,1.8450769226667691,-8.594313423308476,-8.594313423308476,-8.594313423308476,0.0,0.0,0.0,46.17681299560515
635,2018-04-10 05:00:00,56.55875603482242,42.10416115841678,61.75485574081712,56.55875603482242,56.55875603482242,0.0,0.0,0.0,0.0,0.0,0.0,0.0,0.0,0.0,0.0,0.0,0.0,0.0,0.0,0.0,0.0,0.0,0.0,0.0,0.0,0.0,0.0,0.0,0.0,0.0,0.0,0.0,0.0,0.0,0.0,-4.5691549030524,-4.5691549030524,-4.5691549030524,-3.2154566175033223,-3.2154566175033223,-3.2154566175033223,-3.294487006653847,-3.294487006653847,-3.294487006653847,1.5133438451098984,1.5133438451098984,1.5133438451098984,2.699144257711128,2.699144257711128,2.699144257711128,0.0,0.0,0.0,-0.6755326453504954,-0.6755326453504954,-0.6755326453504954,0.12599442864199809,0.12599442864199809,0.12599442864199809,0.6306951969011196,0.6306951969011196,0.6306951969011196,0.0885941881248483,0.0885941881248483,0.0885941881248483,5.722112826831078,5.722112826831078,5.722112826831078,1.938935425735147,1.938935425735147,1.938935425735147,-8.589154957490054,-8.589154957490054,-8.589154957490054,0.0,0.0,0.0,51.98960113177002
636,2018-04-10 06:00:00,56.558427800791414,46.88909499108326,66.4484227641466,56.558427800791414,56.558427800791414,0.0,0.0,0.0,0.0,0.0,0.0,0.0,0.0,0.0,0.0,0.0,0.0,0.0,0.0,0.0,0.0,0.0,0.0,0.0,0.0,0.0,0.0,0.0,0.0,0.0,0.0,0.0,0.0,0.0,0.0,-0.30340255638133734,-0.30340255638133734,-0.30340255638133734,-0.17285932801004222,-0.17285932801004222,-0.17285932801004222,-3.294487006653847,-3.294487006653847,-3.294487006653847,2.7368232453423835,2.7368232453423835,2.7368232453423835,3.059997213374146,3.059997213374146,3.059997213374146,0.0,0.0,0.0,-0.5790087466763272,-0.5790087466763272,-0.5790087466763272,0.46625759545142303,0.46625759545142303,0.46625759545142303,0.561354292092868,0.561354292092868,0.561354292092868,0.3579619558132869,0.3579619558132869,0.3579619558132869,5.716578631363916,5.716578631363916,5.716578631363916,2.1647479419408335,2.1647479419408335,2.1647479419408335,-8.583945105077595,-8.583945105077595,-8.583945105077595,0.0,0.0,0.0,56.25502524441008
637,2018-04-10 07:00:00,56.558099566760404,48.31551063548174,68.28310397866755,56.558099566760404,56.558099566760404,0.0,0.0,0.0,0.0,0.0,0.0,0.0,0.0,0.0,0.0,0.0,0.0,0.0,0.0,0.0,0.0,0.0,0.0,0.0,0.0,0.0,0.0,0.0,0.0,0.0,0.0,0.0,0.0,0.0,0.0,2.3215001470464967,2.3215001470464967,2.3215001470464967,2.124822946542277,2.124822946542277,2.124822946542277,-3.294487006653847,-3.294487006653847,-3.294487006653847,3.0846210424581773,3.0846210424581773,3.0846210424581773,3.208370849871691,3.208370849871691,3.208370849871691,0.0,0.0,0.0,-0.48248484800215896,-0.48248484800215896,-0.48248484800215896,0.6197851063597775,0.6197851063597775,0.6197851063597775,0.057178810035450965,0.057178810035450965,0.057178810035450965,0.5580922306218083,0.5580922306218083,0.5580922306218083,5.690740103446902,5.690740103446902,5.690740103446902,2.418165900225455,2.418165900225455,2.418165900225455,-8.578683945400858,-8.578683945400858,-8.578683945400858,0.0,0.0,0.0,58.879599713806904
638,2018-04-10 08:00:00,56.5577713327294,49.45358859749874,70.05223417307448,56.5577713327294,56.5577713327294,0.0,0.0,0.0,0.0,0.0,0.0,0.0,0.0,0.0,0.0,0.0,0.0,0.0,0.0,0.0,0.0,0.0,0.0,0.0,0.0,0.0,0.0,0.0,0.0,0.0,0.0,0.0,0.0,0.0,0.0,2.942003651681149,2.942003651681149,2.942003651681149,3.3419984404853444,3.3419984404853444,3.3419984404853444,-3.294487006653847,-3.294487006653847,-3.294487006653847,2.526989151734533,2.526989151734533,2.526989151734533,3.192344429204709,3.192344429204709,3.192344429204709,0.0,0.0,0.0,-0.38596094932799074,-0.38596094932799074,-0.38596094932799074,0.5673258628205592,0.5673258628205592,0.5673258628205592,-0.8102535410819683,-0.8102535410819683,-0.8102535410819683,0.6576585388266459,0.6576585388266459,0.6576585388266459,5.646387619414239,5.646387619414239,5.646387619414239,2.6003618179464247,2.6003618179464247,2.6003618179464247,-8.573371559952966,-8.573371559952966,-8.573371559952966,0.0,0.0,0.0,59.49977498441055
639,2018-04-10 09:00:00,56.55744309869839,47.909981333396004,68.88863480240009,56.55744309869839,56.55744309869839,0.0,0.0,0.0,0.0,0.0,0.0,0.0,0.0,0.0,0.0,0.0,0.0,0.0,0.0,0.0,0.0,0.0,0.0,0.0,0.0,0.0,0.0,0.0,0.0,0.0,0.0,0.0,0.0,0.0,0.0,1.9070712798587905,1.9070712798587905,1.9070712798587905,3.772648813291058,3.772648813291058,3.772648813291058,-3.294487006653847,-3.294487006653847,-3.294487006653847,1.1170434249973216,1.1170434249973216,1.1170434249973216,3.0232915402336387,3.0232915402336387,3.0232915402336387,0.0,0.0,0.0,-0.2894370506538224,-0.2894370506538224,-0.2894370506538224,-0.17287887629244736,-0.17287887629244736,-0.17287887629244736,-1.4517687507273418,-1.4517687507273418,-1.4517687507273418,0.7494431115204843,0.7494431115204843,0.7494431115204843,5.5853870739575076,5.5853870739575076,5.5853870739575076,2.552880457570657,2.552880457570657,2.552880457570657,-8.568008032387096,-8.568008032387096,-8.568008032387096,0.0,0.0,0.0,58.46451437855718
640,2018-04-10 10:00:00,56.55711486466738,46.410099779358895,67.35748622711321,56.55711486466738,56.55711486466738,0.0,0.0,0.0,0.0,0.0,0.0,0.0,0.0,0.0,0.0,0.0,0.0,0.0,0.0,0.0,0.0,0.0,0.0,0.0,0.0,0.0,0.0,0.0,0.0,0.0,0.0,0.0,0.0,0.0,0.0,1.0939899050435313,1.0939899050435313,1.0939899050435313,3.7954032654891763,3.7954032654891763,3.7954032654891763,-3.294487006653847,-3.294487006653847,-3.294487006653847,0.3515225227366555,0.3515225227366555,0.3515225227366555,2.826321660423309,2.826321660423309,2.826321660423309,0.0,0.0,0.0,-0.1929131519796542,-0.1929131519796542,-0.1929131519796542,-0.6498248427820373,-0.6498248427820373,-0.6498248427820373,-1.6213184470004218,-1.6213184470004218,-1.6213184470004218,0.8561925601970136,0.8561925601970136,0.8561925601970136,5.50965756534071,5.50965756534071,5.50965756534071,2.4275517505322926,2.4275517505322926,2.4275517505322926,-8.56259344852301,-8.56259344852301,-8.56259344852301,0.0,0.0,0.0,57.65110476971091
641,2018-04-10 11:00:00,56.556786630636374,47.467860232656435,67.0115677074667,56.556786630636374,56.556786630636374,0.0,0.0,0.0,0.0,0.0,0.0,0.0,0.0,0.0,0.0,0.0,0.0,0.0,0.0,0.0,0.0,0.0,0.0,0.0,0.0,0.0,0.0,0.0,0.0,0.0,0.0,0.0,0.0,0.0,0.0,0.3145550692640787,0.3145550692640787,0.3145550692640787,3.410161316767036,3.410161316767036,3.410161316767036,-3.294487006653847,-3.294487006653847,-3.294487006653847,0.04037257072211415,0.04037257072211415,0.04037257072211415,2.654683864893048,2.654683864893048,2.654683864893048,0.0,0.0,0.0,-0.09638925330548596,-0.09638925330548596,-0.09638925330548596,-0.7282730693590336,-0.7282730693590336,-0.7282730693590336,-1.6700807607042891,-1.6700807607042891,-1.6700807607042891,0.8577888136351675,0.8577888136351675,0.8577888136351675,5.421149078117199,5.421149078117199,5.421149078117199,2.317129982216554,2.317129982216554,2.317129982216554,-8.55712789634227,-8.55712789634227,-8.55712789634227,0.0,0.0,0.0,56.871341699900455
642,2018-04-10 12:00:00,56.55645839660537,44.66032574577029,65.91362996248206,56.55645839660537,56.55645839660537,0.0,0.0,0.0,0.0,0.0,0.0,0.0,0.0,0.0,0.0,0.0,0.0,0.0,0.0,0.0,0.0,0.0,0.0,0.0,0.0,0.0,0.0,0.0,0.0,0.0,0.0,0.0,0.0,0.0,0.0,-1.4758727732676291,-1.4758727732676291,-1.4758727732676291,2.3749901760314986,2.3749901760314986,2.3749901760314986,-3.294487006653847,-3.294487006653847,-3.294487006653847,-0.6210719054682682,-0.6210719054682682,-0.6210719054682682,2.483563050674625,2.483563050674625,2.483563050674625,0.0,0.0,0.0,0.00013464536868229977,0.00013464536868229977,0.00013464536868229977,-1.0723864558777587,-1.0723864558777587,-1.0723864558777587,-1.6700807607042891,-1.6700807607042891,-1.6700807607042891,0.6967667480614119,0.6967667480614119,0.6967667480614119,5.321820422158399,5.321820422158399,5.321820422158399,2.235417873662907,2.235417873662907,2.235417873662907,-8.551611465989259,-8.551611465989259,-8.551611465989259,0.0,0.0,0.0,55.08058562333774
643,2018-04-10 13:00:00,56.55613016257436,42.927131561236564,63.068067264515236,56.55613016257436,56.55613016257436,0.0,0.0,0.0,0.0,0.0,0.0,0.0,0.0,0.0,0.0,0.0,0.0,0.0,0.0,0.0,0.0,0.0,0.0,0.0,0.0,0.0,0.0,0.0,0.0,0.0,0.0,0.0,0.0,0.0,0.0,-3.368863235556557,-3.368863235556557,-3.368863235556557,0.7907537626837582,0.7907537626837582,0.7907537626837582,-3.294487006653847,-3.294487006653847,-3.294487006653847,-0.8271904290922218,-0.8271904290922218,-0.8271904290922218,2.322781862692965,2.322781862692965,2.322781862692965,0.0,0.0,0.0,0.09665854404285054,0.09665854404285054,0.09665854404285054,-1.1200329247803518,-1.1200329247803518,-1.1200329247803518,-1.6105817907720472,-1.6105817907720472,-1.6105817907720472,0.6037849852889583,0.6037849852889583,0.6037849852889583,5.213617680625289,5.213617680625289,5.213617680625289,2.17468590108925,2.17468590108925,2.17468590108925,-8.546044249773383,-8.546044249773383,-8.546044249773383,0.0,0.0,0.0,53.1872669270178
644,2018-04-10 14:00:00,56.55580192854335,43.484738548190435,62.971612572502096,56.55580192854335,56.55580192854335,0.0,0.0,0.0,0.0,0.0,0.0,0.0,0.0,0.0,0.0,0.0,0.0,0.0,0.0,0.0,0.0,0.0,0.0,0.0,0.0,0.0,0.0,0.0,0.0,0.0,0.0,0.0,0.0,0.0,0.0,-4.231771764084848,-4.231771764084848,-4.231771764084848,-0.5530451274637245,-0.5530451274637245,-0.5530451274637245,-3.294487006653847,-3.294487006653847,-3.294487006653847,-0.2367537039773381,-0.2367537039773381,-0.2367537039773381,2.7627329590672187,2.7627329590672187,2.7627329590672187,0.0,0.0,0.0,0.19318244271701882,0.19318244271701882,0.19318244271701882,-1.0911562769605985,-1.0911562769605985,-1.0911562769605985,-1.4848734407648299,-1.4848734407648299,-1.4848734407648299,0.6019892001710353,0.6019892001710353,0.6019892001710353,5.098453409522836,5.098453409522836,5.098453409522836,2.075858418446664,2.075858418446664,2.075858418446664,-8.540426342166622,-8.540426342166622,-8.540426342166622,0.0,0.0,0.0,52.324030164458506
645,2018-04-10 15:00:00,56.555473694512344,43.88682428644379,63.75685380445689,56.555473694512344,56.555473694512344,0.0,0.0,0.0,0.0,0.0,0.0,0.0,0.0,0.0,0.0,0.0,0.0,0.0,0.0,0.0,0.0,0.0,0.0,0.0,0.0,0.0,0.0,0.0,0.0,0.0,0.0,0.0,0.0,0.0,0.0,-3.094549716570887,-3.094549716570887,-3.094549716570887,-0.5782743750121568,-0.5782743750121568,-0.5782743750121568,-3.294487006653847,-3.294487006653847,-3.294487006653847,1.0402956788593847,1.0402956788593847,1.0402956788593847,3.597657777685807,3.597657777685807,3.597657777685807,0.0,0.0,0.0,0.28970634139118706,0.28970634139118706,0.28970634139118706,-0.8115340705726553,-0.8115340705726553,-0.8115340705726553,-1.235693544131306,-1.235693544131306,-1.235693544131306,0.6103695307213421,0.6103695307213421,0.6103695307213421,4.978186819384035,4.978186819384035,4.978186819384035,1.8842766504188562,1.8842766504188562,1.8842766504188562,-8.53475783980215,-8.53475783980215,-8.53475783980215,0.0,0.0,0.0,53.460923977941455
646,2018-04-10 16:00:00,56.55514546048134,45.75574049765182,65.53404840995634,56.55514546048134,56.55514546048134,0.0,0.0,0.0,0.0,0.0,0.0,0.0,0.0,0.0,0.0,0.0,0.0,0.0,0.0,0.0,0.0,0.0,0.0,0.0,0.0,0.0,0.0,0.0,0.0,0.0,0.0,0.0,0.0,0.0,0.0,-0.9332652427274835,-0.9332652427274835,-0.9332652427274835,1.1779373035401084,1.1779373035401084,1.1779373035401084,-3.294487006653847,-3.294487006653847,-3.294487006653847,1.5632311406714232,1.5632311406714232,1.5632311406714232,3.656076665923516,3.656076665923516,3.656076665923516,0.0,0.0,0.0,0.3862302400653553,0.3862302400653553,0.3862302400653553,-0.6854393750930663,-0.6854393750930663,-0.6854393750930663,-0.738228472216623,-0.738228472216623,-0.738228472216623,0.5116013492355815,0.5116013492355815,0.5116013492355815,4.854605154537765,4.854605154537765,4.854605154537765,1.7274777394105065,1.7274777394105065,1.7274777394105065,-8.52903884147678,-8.52903884147678,-8.52903884147678,0.0,0.0,0.0,55.621880217753855
647,2018-04-10 17:00:00,56.554817226450325,49.76767433393226,69.37657702422095,56.554817226450325,56.554817226450325,0.0,0.0,0.0,0.0,0.0,0.0,0.0,0.0,0.0,0.0,0.0,0.0,0.0,0.0,0.0,0.0,0.0,0.0,0.0,0.0,0.0,0.0,0.0,0.0,0.0,0.0,0.0,0.0,0.0,0.0,2.8784378044243204,2.8784378044243204,2.8784378044243204,3.97486341176822,3.97486341176822,3.97486341176822,-3.294487006653847,-3.294487006653847,-3.294487006653847,2.6974373734227384,2.6974373734227384,2.6974373734227384,3.657110628547193,3.657110628547193,3.657110628547193,0.0,0.0,0.0,0.48275413873952355,0.48275413873952355,0.48275413873952355,-0.26576542677932,-0.26576542677932,-0.26576542677932,0.054494645978357355,0.054494645978357355,0.054494645978357355,0.49982898012919785,0.49982898012919785,0.49982898012919785,4.729406467383815,4.729406467383815,4.729406467383815,1.5635014134616338,1.5635014134616338,1.5635014134616338,-8.523269448150453,-8.523269448150453,-8.523269448150453,0.0,0.0,0.0,59.43325503087465
648,2018-04-10 18:00:00,56.542229960120245,53.185746496569664,73.28803338128922,56.542229960120245,56.542229960120245,0.0,0.0,0.0,0.0,0.0,0.0,0.0,0.0,0.0,0.0,0.0,0.0,0.0,0.0,0.0,0.0,0.0,0.0,0.0,0.0,0.0,0.0,0.0,0.0,0.0,0.0,0.0,0.0,0.0,0.0,6.618825686990849,6.618825686990849,6.618825686990849,6.122552047959508,6.122552047959508,6.122552047959508,-3.270619062166347,-3.270619062166347,-3.270619062166347,4.436458607632903,4.436458607632903,4.436458607632903,3.733924173330375,3.733924173330375,3.733924173330375,0.0,0.0,0.0,0.6731148530761252,0.6731148530761252,0.6731148530761252,0.6172406522296978,0.6172406522296978,0.6172406522296978,0.33492785674357806,0.33492785674357806,0.33492785674357806,0.9133431605113376,0.9133431605113376,0.9133431605113376,4.579003423449362,4.579003423449362,4.579003423449362,1.434526973908137,1.434526973908137,1.434526973908137,-8.519188392050925,-8.519188392050925,-8.519188392050925,0.0,0.0,0.0,63.1610556471111
649,2018-04-10 19:00:00,56.54190561957747,50.86953485903367,72.19828393833637,56.54190561957747,56.54190561957747,0.0,0.0,0.0,0.0,0.0,0.0,0.0,0.0,0.0,0.0,0.0,0.0,0.0,0.0,0.0,0.0,0.0,0.0,0.0,0.0,0.0,0.0,0.0,0.0,0.0,0.0,0.0,0.0,0.0,0.0,5.407399946347264,5.407399946347264,5.407399946347264,6.421919129666063,6.421919129666063,6.421919129666063,-3.270619062166347,-3.270619062166347,-3.270619062166347,3.0429184103478804,3.0429184103478804,3.0429184103478804,3.4530116610153936,3.4530116610153936,3.4530116610153936,0.0,0.0,0.0,0.7852746076450937,0.7852746076450937,0.7852746076450937,-0.32786826740811165,-0.32786826740811165,-0.32786826740811165,0.3575754466780299,0.3575754466780299,0.3575754466780299,0.7080329430487363,0.7080329430487363,0.7080329430487363,4.455798282588628,4.455798282588628,4.455798282588628,1.337511081535086,1.337511081535086,1.337511081535086,-8.513235876255306,-8.513235876255306,-8.513235876255306,0.0,0.0,0.0,61.94930556592473
650,2018-04-10 20:00:00,56.54158127903469,46.57208855602484,68.19394544486899,56.54158127903469,56.54158127903469,0.0,0.0,0.0,0.0,0.0,0.0,0.0,0.0,0.0,0.0,0.0,0.0,0.0,0.0,0.0,0.0,0.0,0.0,0.0,0.0,0.0,0.0,0.0,0.0,0.0,0.0,0.0,0.0,0.0,0.0,1.0196583330066824,1.0196583330066824,1.0196583330066824,4.541332222582656,4.541332222582656,4.541332222582656,-3.270619062166347,-3.270619062166347,-3.270619062166347,0.650168940349085,0.650168940349085,0.650168940349085,1.6229186641189073,1.6229186641189073,1.6229186641189073,0.0,0.0,0.0,0.8974343622140623,0.8974343622140623,0.8974343622140623,-0.37521655316599806,-0.37521655316599806,-0.37521655316599806,0.35801951706890145,0.35801951706890145,0.35801951706890145,0.09004301064626269,0.09004301064626269,0.09004301064626269,4.335390127929059,4.335390127929059,4.335390127929059,1.3275890016332967,1.3275890016332967,1.3275890016332967,-8.507232957854118,-8.507232957854118,-8.507232957854118,0.0,0.0,0.0,57.56123961204137
651,2018-04-10 21:00:00,56.541256938491905,42.51637004396715,62.687009747699925,56.541256938491905,56.541256938491905,0.0,0.0,0.0,0.0,0.0,0.0,0.0,0.0,0.0,0.0,0.0,0.0,0.0,0.0,0.0,0.0,0.0,0.0,0.0,0.0,0.0,0.0,0.0,0.0,0.0,0.0,0.0,0.0,0.0,0.0,-3.596808411526179,-3.596808411526179,-3.596808411526179,1.4322739685917305,1.4322739685917305,1.4322739685917305,-3.270619062166347,-3.270619062166347,-3.270619062166347,-0.746878105968543,-0.746878105968543,-0.746878105968543,0.7510494592301891,0.7510494592301891,0.7510494592301891,0.0,0.0,0.0,1.0095941167830307,1.0095941167830307,1.0095941167830307,-0.5799282592368594,-0.5799282592368594,-0.5799282592368594,0.40997575280087917,0.40997575280087917,0.40997575280087917,-0.36752900861341625,-0.36752900861341625,-0.36752900861341625,4.2189754758040054,4.2189754758040054,4.2189754758040054,1.3005788952339814,1.3005788952339814,1.3005788952339814,-8.501179749953371,-8.501179749953371,-8.501179749953371,0.0,0.0,0.0,52.94444852696573
652,2018-04-10 22:00:00,56.54093259794912,40.30494895859983,59.954481451902744,56.54093259794912,56.54093259794912,0.0,0.0,0.0,0.0,0.0,0.0,0.0,0.0,0.0,0.0,0.0,0.0,0.0,0.0,0.0,0.0,0.0,0.0,0.0,0.0,0.0,0.0,0.0,0.0,0.0,0.0,0.0,0.0,0.0,0.0,-6.14914320115005,-6.14914320115005,-6.14914320115005,-1.6152185964793393,-1.6152185964793393,-1.6152185964793393,-3.270619062166347,-3.270619062166347,-3.270619062166347,-0.14645069311590928,-0.14645069311590928,-0.14645069311590928,0.7052711238899698,0.7052711238899698,0.7052711238899698,0.0,0.0,0.0,1.121753871351999,1.121753871351999,1.121753871351999,-0.6416667102741034,-0.6416667102741034,-0.6416667102741034,0.6346753705819108,0.6346753705819108,0.6346753705819108,-0.9225049725669874,-0.9225049725669874,-0.9225049725669874,4.107602456277484,4.107602456277484,4.107602456277484,2.2266396860676494,2.2266396860676494,2.2266396860676494,-8.495076367832288,-8.495076367832288,-8.495076367832288,0.0,0.0,0.0,50.39178939679907
653,2018-04-10 23:00:00,56.54060825740634,36.483663110832715,57.22747047922003,56.54060825740634,56.54060825740634,0.0,0.0,0.0,0.0,0.0,0.0,0.0,0.0,0.0,0.0,0.0,0.0,0.0,0.0,0.0,0.0,0.0,0.0,0.0,0.0,0.0,0.0,0.0,0.0,0.0,0.0,0.0,0.0,0.0,0.0,-9.468652042606358,-9.468652042606358,-9.468652042606358,-3.8990600247344966,-3.8990600247344966,-3.8990600247344966,-3.270619062166347,-3.270619062166347,-3.270619062166347,-1.0828339988271185,-1.0828339988271185,-1.0828339988271185,0.204310476928254,0.204310476928254,0.204310476928254,0.0,0.0,0.0,1.2339136259209675,1.2339136259209675,1.2339136259209675,-0.7493608504292959,-0.7493608504292959,-0.7493608504292959,0.6346753705819108,0.6346753705819108,0.6346753705819108,-1.2466356468760489,-1.2466356468760489,-1.2466356468760489,4.002164909895453,4.002164909895453,4.002164909895453,2.110882087213441,2.110882087213441,2.110882087213441,-8.488922928940196,-8.488922928940196,-8.488922928940196,0.0,0.0,0.0,47.07195621479998
654,2018-04-11 00:00:00,56.54028391686356,34.79953050067825,54.499905651881505,56.54028391686356,56.54028391686356,0.0,0.0,0.0,0.0,0.0,0.0,0.0,0.0,0.0,0.0,0.0,0.0,0.0,0.0,0.0,0.0,0.0,0.0,0.0,0.0,0.0,0.0,0.0,0.0,0.0,0.0,0.0,0.0,0.0,0.0,-12.082364312999863,-12.082364312999863,-12.082364312999863,-5.514582351962088,-5.514582351962088,-5.514582351962088,-1.9632734005772556,-1.9632734005772556,-1.9632734005772556,-1.9884610138907775,-1.9884610138907775,-1.9884610138907775,-0.31329683742990516,-0.31329683742990516,-0.31329683742990516,0.0,0.0,0.0,0.00015632566231432588,0.00015632566231432588,0.00015632566231432588,-0.8909415088229755,-0.8909415088229755,-0.8909415088229755,0.6346753705819108,0.6346753705819108,0.6346753705819108,-1.4900425446100451,-1.4900425446100451,-1.4900425446100451,3.903398605744751,3.903398605744751,3.903398605744751,2.034261581305179,2.034261581305179,2.034261581305179,-8.482719552891751,-8.482719552891751,-8.482719552891751,0.0,0.0,0.0,44.457919603863694
655,2018-04-11 01:00:00,56.53995957632078,31.11892838278651,52.14941906456061,56.53995957632078,56.53995957632078,0.0,0.0,0.0,0.0,0.0,0.0,0.0,0.0,0.0,0.0,0.0,0.0,0.0,0.0,0.0,0.0,0.0,0.0,0.0,0.0,0.0,0.0,0.0,0.0,0.0,0.0,0.0,0.0,0.0,0.0,-15.146662792872329,-15.146662792872329,-15.146662792872329,-6.791728091529113,-6.791728091529113,-6.791728091529113,-1.9632734005772556,-1.9632734005772556,-1.9632734005772556,-3.69034792010429,-3.69034792010429,-3.69034792010429,-0.3668782981122071,-0.3668782981122071,-0.3668782981122071,0.0,0.0,0.0,-1.233600974596339,-1.233600974596339,-1.233600974596339,-0.988423273618624,-0.988423273618624,-0.988423273618624,0.6346753705819108,0.6346753705819108,0.6346753705819108,-1.6241016735650637,-1.6241016735650637,-1.6241016735650637,3.8118795802338576,3.8118795802338576,3.8118795802338576,1.8512543297832873,1.8512543297832873,1.8512543297832873,-8.47646636147278,-8.47646636147278,-8.47646636147278,0.0,0.0,0.0,41.393296783448456
656,2018-04-11 02:00:00,56.53963523577799,29.641343420621233,50.504020398965174,56.53963523577799,56.53963523577799,0.0,0.0,0.0,0.0,0.0,0.0,0.0,0.0,0.0,0.0,0.0,0.0,0.0,0.0,0.0,0.0,0.0,0.0,0.0,0.0,0.0,0.0,0.0,0.0,0.0,0.0,0.0,0.0,0.0,0.0,-16.330878692955118,-16.330878692955118,-16.330878692955118,-7.637456576298263,-7.637456576298263,-7.637456576298263,-1.9632734005772556,-1.9632734005772556,-1.9632734005772556,-3.951283206891271,-3.951283206891271,-3.951283206891271,-0.5510320561853611,-0.5510320561853611,-0.5510320561853611,0.0,0.0,0.0,-1.1214412200273707,-1.1214412200273707,-1.1214412200273707,-0.9656775284996393,-0.9656775284996393,-0.9656775284996393,0.6346753705819108,0.6346753705819108,0.6346753705819108,-1.6924697700521087,-1.6924697700521087,-1.6924697700521087,3.72802456886716,3.72802456886716,3.72802456886716,1.7079353978685532,1.7079353978685532,1.7079353978685532,-8.470163478632745,-8.470163478632745,-8.470163478632745,0.0,0.0,0.0,40.208756542822876
657,2018-04-11 03:00:00,56.53931089523521,28.92110641275774,50.349738347043,56.53931089523521,56.53931089523521,0.0,0.0,0.0,0.0,0.0,0.0,0.0,0.0,0.0,0.0,0.0,0.0,0.0,0.0,0.0,0.0,0.0,0.0,0.0,0.0,0.0,0.0,0.0,0.0,0.0,0.0,0.0,0.0,0.0,0.0,-16.320794535695473,-16.320794535695473,-16.320794535695473,-7.485485951350401,-7.485485951350401,-7.485485951350401,-1.9632734005772556,-1.9632734005772556,-1.9632734005772556,-4.023591031119878,-4.023591031119878,-4.023591031119878,-0.5983710165939969,-0.5983710165939969,-0.5983710165939969,0.0,0.0,0.0,-1.0092814654584021,-1.0092814654584021,-1.0092814654584021,-0.968462721779515,-0.968462721779515,-0.968462721779515,0.6346753705819108,0.6346753705819108,0.6346753705819108,-1.6790844499567534,-1.6790844499567534,-1.6790844499567534,3.6520934772615887,3.6520934772615887,3.6520934772615887,1.5602066526641347,1.5602066526641347,1.5602066526641347,-8.463811030486783,-8.463811030486783,-8.463811030486783,0.0,0.0,0.0,40.218516359539734
658,2018-04-11 04:00:00,56.538986554692436,32.073326285869726,53.00361574131768,56.538986554692436,56.538986554692436,0.0,0.0,0.0,0.0,0.0,0.0,0.0,0.0,0.0,0.0,0.0,0.0,0.0,0.0,0.0,0.0,0.0,0.0,0.0,0.0,0.0,0.0,0.0,0.0,0.0,0.0,0.0,0.0,0.0,0.0,-14.754475999584262,-14.754475999584262,-14.754475999584262,-5.8866381264371626,-5.8866381264371626,-5.8866381264371626,-1.9632734005772556,-1.9632734005772556,-1.9632734005772556,-3.994622539938204,-3.994622539938204,-3.994622539938204,-0.5401076807064453,-0.5401076807064453,-0.5401076807064453,0.0,0.0,0.0,-0.8971217108894335,-0.8971217108894335,-0.8971217108894335,-0.9953862568183129,-0.9953862568183129,-0.9953862568183129,0.6346753705819108,0.6346753705819108,0.6346753705819108,-1.6028910894139627,-1.6028910894139627,-1.6028910894139627,3.5841938120998638,3.5841938120998638,3.5841938120998638,1.3694822278852958,1.3694822278852958,1.3694822278852958,-8.457409145308759,-8.457409145308759,-8.457409145308759,0.0,0.0,0.0,41.78451055510817
659,2018-04-11 05:00:00,56.53866221414965,34.12104503656981,53.9046758750051,56.53866221414965,56.53866221414965,0.0,0.0,0.0,0.0,0.0,0.0,0.0,0.0,0.0,0.0,0.0,0.0,0.0,0.0,0.0,0.0,0.0,0.0,0.0,0.0,0.0,0.0,0.0,0.0,0.0,0.0,0.0,0.0,0.0,0.0,-12.184189007761255,-12.184189007761255,-12.184189007761255,-3.1047587234629885,-3.1047587234629885,-3.1047587234629885,-1.9632734005772556,-1.9632734005772556,-1.9632734005772556,-4.152759299509723,-4.152759299509723,-4.152759299509723,-0.5702797653624987,-0.5702797653624987,-0.5702797653624987,0.0,0.0,0.0,-0.784961956320465,-0.784961956320465,-0.784961956320465,-1.0199887974572148,-1.0199887974572148,-1.0199887974572148,0.6328990890184245,0.6328990890184245,0.6328990890184245,-1.5283451528829077,-1.5283451528829077,-1.5283451528829077,3.5242869687483678,3.5242869687483678,3.5242869687483678,1.0811906840721957,1.0811906840721957,1.0811906840721957,-8.45095795353691,-8.45095795353691,-8.45095795353691,0.0,0.0,0.0,44.3544732063884
660,2018-04-11 06:00:00,56.538337873606864,37.89300452964863,57.39454461034688,56.538337873606864,56.538337873606864,0.0,0.0,0.0,0.0,0.0,0.0,0.0,0.0,0.0,0.0,0.0,0.0,0.0,0.0,0.0,0.0,0.0,0.0,0.0,0.0,0.0,0.0,0.0,0.0,0.0,0.0,0.0,0.0,0.0,0.0,-9.268276451312566,-9.268276451312566,-9.268276451312566,-0.08294318396924473,-0.08294318396924473,-0.08294318396924473,-1.9632734005772556,-1.9632734005772556,-1.9632734005772556,-4.213071929192907,-4.213071929192907,-4.213071929192907,-0.5349055971450567,-0.5349055971450567,-0.5349055971450567,0.0,0.0,0.0,-0.6728022017514965,-0.6728022017514965,-0.6728022017514965,-0.9610355396998465,-0.9610355396998465,-0.9610355396998465,0.4046469081104199,0.4046469081104199,0.4046469081104199,-1.3932563839205543,-1.3932563839205543,-1.3932563839205543,3.4721962496138685,3.4721962496138685,3.4721962496138685,0.9075542857908829,0.9075542857908829,0.9075542857908829,-8.444457587764283,-8.444457587764283,-8.444457587764283,0.0,0.0,0.0,47.2700614222943
661,2018-04-11 07:00:00,56.53801353306409,40.68346299741111,59.66664466727763,56.53801353306409,56.53801353306409,0.0,0.0,0.0,0.0,0.0,0.0,0.0,0.0,0.0,0.0,0.0,0.0,0.0,0.0,0.0,0.0,0.0,0.0,0.0,0.0,0.0,0.0,0.0,0.0,0.0,0.0,0.0,0.0,0.0,0.0,-6.7963577593417615,-6.7963577593417615,-6.7963577593417615,2.2090367424392183,2.2090367424392183,2.2090367424392183,-1.9632734005772556,-1.9632734005772556,-1.9632734005772556,-3.995102785783239,-3.995102785783239,-3.995102785783239,-0.7055339379586008,-0.7055339379586008,-0.7055339379586008,0.0,0.0,0.0,-0.5606424471825281,-0.5606424471825281,-0.5606424471825281,-0.734506486269959,-0.734506486269959,-0.734506486269959,-0.038091271588569446,-0.038091271588569446,-0.038091271588569446,-0.9546297407958394,-0.9546297407958394,-0.9546297407958394,3.427616466744064,3.427616466744064,3.427616466744064,0.9615744985895137,0.9615744985895137,0.9615744985895137,-8.437908182741806,-8.437908182741806,-8.437908182741806,0.0,0.0,0.0,49.74165577372233
662,2018-04-11 08:00:00,56.537689192521306,41.294491565325956,62.020000773270674,56.537689192521306,56.537689192521306,0.0,0.0,0.0,0.0,0.0,0.0,0.0,0.0,0.0,0.0,0.0,0.0,0.0,0.0,0.0,0.0,0.0,0.0,0.0,0.0,0.0,0.0,0.0,0.0,0.0,0.0,0.0,0.0,0.0,0.0,-5.306336303648199,-5.306336303648199,-5.306336303648199,3.4140686649837386,3.4140686649837386,3.4140686649837386,-1.9632734005772556,-1.9632734005772556,-1.9632734005772556,-3.6792200568705673,-3.6792200568705673,-3.6792200568705673,-0.6144974756343013,-0.6144974756343013,-0.6144974756343013,0.0,0.0,0.0,-0.44848269261355966,-0.44848269261355966,-0.44848269261355966,-0.7252225086703734,-0.7252225086703734,-0.7252225086703734,-0.3294014480003418,-0.3294014480003418,-0.3294014480003418,-0.6370887625337222,-0.6370887625337222,-0.6370887625337222,3.390124963614282,3.390124963614282,3.390124963614282,1.0387462311589861,1.0387462311589861,1.0387462311589861,-8.43130987537565,-8.43130987537565,-8.43130987537565,0.0,0.0,0.0,51.231352888873104
663,2018-04-11 09:00:00,56.53736485197852,41.76069661109756,61.438103917053624,56.53736485197852,56.53736485197852,0.0,0.0,0.0,0.0,0.0,0.0,0.0,0.0,0.0,0.0,0.0,0.0,0.0,0.0,0.0,0.0,0.0,0.0,0.0,0.0,0.0,0.0,0.0,0.0,0.0,0.0,0.0,0.0,0.0,0.0,-4.8210241686753585,-4.8210241686753585,-4.8210241686753585,3.816556847472719,3.816556847472719,3.816556847472719,-1.9632734005772556,-1.9632734005772556,-1.9632734005772556,-3.57211208620762,-3.57211208620762,-3.57211208620762,-0.5687191402940822,-0.5687191402940822,-0.5687191402940822,0.0,0.0,0.0,-0.3363229380445911,-0.3363229380445911,-0.3363229380445911,-0.656056875553461,-0.656056875553461,-0.656056875553461,-0.453741157444391,-0.453741157444391,-0.453741157444391,-0.49273323350535364,-0.49273323350535364,-0.49273323350535364,3.359193874779775,3.359193874779775,3.359193874779775,0.8987346592115147,0.8987346592115147,0.8987346592115147,-8.424662804720231,-8.424662804720231,-8.424662804720231,0.0,0.0,0.0,51.716340683303166
664,2018-04-11 10:00:00,56.537040511435734,41.22461726499404,60.75220729819938,56.537040511435734,56.537040511435734,0.0,0.0,0.0,0.0,0.0,0.0,0.0,0.0,0.0,0.0,0.0,0.0,0.0,0.0,0.0,0.0,0.0,0.0,0.0,0.0,0.0,0.0,0.0,0.0,0.0,0.0,0.0,0.0,0.0,0.0,-5.153320844688021,-5.153320844688021,-5.153320844688021,3.805931856304705,3.805931856304705,3.805931856304705,-1.9632734005772556,-1.9632734005772556,-1.9632734005772556,-3.8754890174109304,-3.8754890174109304,-3.8754890174109304,-0.6087751837167739,-0.6087751837167739,-0.6087751837167739,0.0,0.0,0.0,-0.22416318347562264,-0.22416318347562264,-0.22416318347562264,-0.7386842761897725,-0.7386842761897725,-0.7386842761897725,-0.5270127719382056,-0.5270127719382056,-0.5270127719382056,-0.4962340095302927,-0.4962340095302927,-0.4962340095302927,3.3342034284010262,3.3342034284010262,3.3342034284010262,0.6826538080169923,0.6826538080169923,0.6826538080169923,-8.417967111982822,-8.417967111982822,-8.417967111982822,0.0,0.0,0.0,51.383719666747716
665,2018-04-11 11:00:00,56.53671617089296,41.84714611431371,60.948257777630964,56.53671617089296,56.53671617089296,0.0,0.0,0.0,0.0,0.0,0.0,0.0,0.0,0.0,0.0,0.0,0.0,0.0,0.0,0.0,0.0,0.0,0.0,0.0,0.0,0.0,0.0,0.0,0.0,0.0,0.0,0.0,0.0,0.0,0.0,-5.561627476833438,-5.561627476833438,-5.561627476833438,3.3989002167558833,3.3989002167558833,3.3989002167558833,-1.9632734005772556,-1.9632734005772556,-1.9632734005772556,-3.8637608384578104,-3.8637608384578104,-3.8637608384578104,-0.5151376796117804,-0.5151376796117804,-0.5151376796117804,0.0,0.0,0.0,-0.11200342890665414,-0.11200342890665414,-0.11200342890665414,-0.7911387496274308,-0.7911387496274308,-0.7911387496274308,-0.5017007596585242,-0.5017007596585242,-0.5017007596585242,-0.4305429770623189,-0.4305429770623189,-0.4305429770623189,3.314456085382894,3.314456085382894,3.314456085382894,0.4500361569861542,0.4500361569861542,0.4500361569861542,-8.411222940514406,-8.411222940514406,-8.411222940514406,0.0,0.0,0.0,50.97508869405952
666,2018-04-11 12:00:00,56.536391830350176,39.598220530917935,60.17466607324353,56.536391830350176,56.536391830350176,0.0,0.0,0.0,0.0,0.0,0.0,0.0,0.0,0.0,0.0,0.0,0.0,0.0,0.0,0.0,0.0,0.0,0.0,0.0,0.0,0.0,0.0,0.0,0.0,0.0,0.0,0.0,0.0,0.0,0.0,-6.90855355294376,-6.90855355294376,-6.90855355294376,2.356938735998243,2.356938735998243,2.356938735998243,-1.9632734005772556,-1.9632734005772556,-1.9632734005772556,-4.160253154317893,-4.160253154317893,-4.160253154317893,-0.6108560171413293,-0.6108560171413293,-0.6108560171413293,0.0,0.0,0.0,0.00015632566231432588,0.00015632566231432588,0.00015632566231432588,-0.8914057077029549,-0.8914057077029549,-0.8914057077029549,-0.4484123127539316,-0.4484123127539316,-0.4484123127539316,-0.4517535612134201,-0.4517535612134201,-0.4517535612134201,3.299191301188726,3.299191301188726,3.299191301188726,0.20529151940868479,0.20529151940868479,0.20529151940868479,-8.404430435812838,-8.404430435812838,-8.404430435812838,0.0,0.0,0.0,49.62783827740642
667,2018-04-11 13:00:00,56.536067489807394,37.39007396384138,57.36618079892798,56.536067489807394,56.536067489807394,0.0,0.0,0.0,0.0,0.0,0.0,0.0,0.0,0.0,0.0,0.0,0.0,0.0,0.0,0.0,0.0,0.0,0.0,0.0,0.0,0.0,0.0,0.0,0.0,0.0,0.0,0.0,0.0,0.0,0.0,-8.938405764582782,-8.938405764582782,-8.938405764582782,0.7678162308870657,0.7678162308870657,0.7678162308870657,-1.9632734005772556,-1.9632734005772556,-1.9632734005772556,-4.596232940366433,-4.596232940366433,-4.596232940366433,-0.9547137405491115,-0.9547137405491115,-0.9547137405491115,0.0,0.0,0.0,0.1123160802312828,0.1123160802312828,0.1123160802312828,-0.8352376432254622,-0.8352376432254622,-0.8352376432254622,-0.2756689307048777,-0.2756689307048777,-0.2756689307048777,-0.6881589068975387,-0.6881589068975387,-0.6881589068975387,3.287600690412977,3.287600690412977,3.287600690412977,0.008503601356530345,0.008503601356530345,0.008503601356530345,-8.397589745516393,-8.397589745516393,-8.397589745516393,0.0,0.0,0.0,47.59766172522461
668,2018-04-11 14:00:00,56.53574314926461,36.3578974282883,56.863134059477865,56.53574314926461,56.53574314926461,0.0,0.0,0.0,0.0,0.0,0.0,0.0,0.0,0.0,0.0,0.0,0.0,0.0,0.0,0.0,0.0,0.0,0.0,0.0,0.0,0.0,0.0,0.0,0.0,0.0,0.0,0.0,0.0,0.0,0.0,-9.786941136249231,-9.786941136249231,-9.786941136249231,-0.5928655474969657,-0.5928655474969657,-0.5928655474969657,-1.9632734005772556,-1.9632734005772556,-1.9632734005772556,-4.082217941679728,-4.082217941679728,-4.082217941679728,-0.7747216493250682,-0.7747216493250682,-0.7747216493250682,0.0,0.0,0.0,0.2244758348002513,0.2244758348002513,0.2244758348002513,-0.8259536656258767,-0.8259536656258767,-0.8259536656258767,0.05027873619487977,0.05027873619487977,0.05027873619487977,-0.809244571760136,-0.809244571760136,-0.809244571760136,3.2788433723305626,3.2788433723305626,3.2788433723305626,0.016220774613477578,0.016220774613477578,0.016220774613477578,-8.390701019403098,-8.390701019403098,-8.390701019403098,0.0,0.0,0.0,46.74880201301538
669,2018-04-11 15:00:00,56.53541880872183,38.29586350387353,58.24701118415299,56.53541880872183,56.53541880872183,0.0,0.0,0.0,0.0,0.0,0.0,0.0,0.0,0.0,0.0,0.0,0.0,0.0,0.0,0.0,0.0,0.0,0.0,0.0,0.0,0.0,0.0,0.0,0.0,0.0,0.0,0.0,0.0,0.0,0.0,-8.243368236495014,-8.243368236495014,-8.243368236495014,-0.6453101126819095,-0.6453101126819095,-0.6453101126819095,-1.9632734005772556,-1.9632734005772556,-1.9632734005772556,-2.4863549904438327,-2.4863549904438327,-2.4863549904438327,-0.2300635004476886,-0.2300635004476886,-0.2300635004476886,0.0,0.0,0.0,0.3366355893692198,0.3366355893692198,0.3366355893692198,-0.42952782212357354,-0.42952782212357354,-0.42952782212357354,0.4743659594772618,0.4743659594772618,0.4743659594772618,-0.7596159234065885,-0.7596159234065885,-0.7596159234065885,3.272061276014404,3.272061276014404,3.272061276014404,0.08512410726479216,0.08512410726479216,0.08512410726479216,-8.383764409383677,-8.383764409383677,-8.383764409383677,0.0,0.0,0.0,48.29205057222681
670,2018-04-11 16:00:00,56.53509446817905,41.03440329739841,61.556974513149314,56.53509446817905,56.53509446817905,0.0,0.0,0.0,0.0,0.0,0.0,0.0,0.0,0.0,0.0,0.0,0.0,0.0,0.0,0.0,0.0,0.0,0.0,0.0,0.0,0.0,0.0,0.0,0.0,0.0,0.0,0.0,0.0,0.0,0.0,-5.134616669402696,-5.134616669402696,-5.134616669402696,1.0888808550740705,1.0888808550740705,1.0888808550740705,-1.9632734005772556,-1.9632734005772556,-1.9632734005772556,-1.1131116420903793,-1.1131116420903793,-1.1131116420903793,-0.044349117306117944,-0.044349117306117944,-0.044349117306117944,0.0,0.0,0.0,0.4487953439381882,0.4487953439381882,0.4487953439381882,0.10105149769274098,0.10105149769274098,0.10105149769274098,0.6160244141653035,0.6160244141653035,0.6160244141653035,-0.28206888800461033,-0.28206888800461033,-0.28206888800461033,3.2663941871180993,3.2663941871180993,3.2663941871180993,0.010708508001372411,0.010708508001372411,0.010708508001372411,-8.376780069504488,-8.376780069504488,-8.376780069504488,0.0,0.0,0.0,51.40047779877635
671,2018-04-11 17:00:00,56.53477012763627,43.89098797004271,64.78821992281799,56.53477012763627,56.53477012763627,0.0,0.0,0.0,0.0,0.0,0.0,0.0,0.0,0.0,0.0,0.0,0.0,0.0,0.0,0.0,0.0,0.0,0.0,0.0,0.0,0.0,0.0,0.0,0.0,0.0,0.0,0.0,0.0,0.0,0.0,-1.9690233916161197,-1.9690233916161197,-1.9690233916161197,3.8798397678335084,3.8798397678335084,3.8798397678335084,-1.9632734005772556,-1.9632734005772556,-1.9632734005772556,-0.7401093286360529,-0.7401093286360529,-0.7401093286360529,0.03836401131995976,0.03836401131995976,0.03836401131995976,0.0,0.0,0.0,0.5609550985071567,0.5609550985071567,0.5609550985071567,0.2635211056854882,0.2635211056854882,0.2635211056854882,0.6342313001910392,0.6342313001910392,0.6342313001910392,0.043915138317654194,0.043915138317654194,0.043915138317654194,3.260994325128411,3.260994325128411,3.260994325128411,-0.3178225820800955,-0.3178225820800955,-0.3178225820800955,-8.369748155941986,-8.369748155941986,-8.369748155941986,0.0,0.0,0.0,54.56574673602015
672,2018-04-11 18:00:00,56.575828592218286,45.862574391376405,66.0640090846436,56.575828592218286,56.575828592218286,0.0,0.0,0.0,0.0,0.0,0.0,0.0,0.0,0.0,0.0,0.0,0.0,0.0,0.0,0.0,0.0,0.0,0.0,0.0,0.0,0.0,0.0,0.0,0.0,0.0,0.0,0.0,0.0,0.0,0.0,-0.7320273498049046,-0.7320273498049046,-0.7320273498049046,6.2598516159877535,6.2598516159877535,6.2598516159877535,-1.9968000902497263,-1.9968000902497263,-1.9968000902497263,-1.8807536563950482,-1.8807536563950482,-1.8807536563950482,-0.1153649652380822,-0.1153649652380822,-0.1153649652380822,0.0,0.0,0.0,0.5281255072225152,0.5281255072225152,0.5281255072225152,-0.43366838425891896,-0.43366838425891896,-0.43366838425891896,0.6286764126768107,0.6286764126768107,0.6286764126768107,0.22180647488656943,0.22180647488656943,0.22180647488656943,3.284773533503198,3.284773533503198,3.284773533503198,-0.7135286114342164,-0.7135286114342164,-0.7135286114342164,-8.395898842900808,-8.395898842900808,-8.395898842900808,0.0,0.0,0.0,55.843801242413385
673,2018-04-11 19:00:00,56.57550604851269,45.81941487929939,66.37287197316302,56.57550604851269,56.57550604851269,0.0,0.0,0.0,0.0,0.0,0.0,0.0,0.0,0.0,0.0,0.0,0.0,0.0,0.0,0.0,0.0,0.0,0.0,0.0,0.0,0.0,0.0,0.0,0.0,0.0,0.0,0.0,0.0,0.0,0.0,-0.5351274779078498,-0.5351274779078498,-0.5351274779078498,6.586159704625338,6.586159704625338,6.586159704625338,-1.9968000902497263,-1.9968000902497263,-1.9968000902497263,-2.008831586765194,-2.008831586765194,-2.008831586765194,-0.07799303631996679,-0.07799303631996679,-0.07799303631996679,0.0,0.0,0.0,0.6161259999997392,0.6161259999997392,0.6161259999997392,-0.5941513254348461,-0.5941513254348461,-0.5941513254348461,0.6286764126768107,0.6286764126768107,0.6286764126768107,0.16797918802961923,0.16797918802961923,0.16797918802961923,3.2763187482851945,3.2763187482851945,3.2763187482851945,-0.7526687354668243,-0.7526687354668243,-0.7526687354668243,-8.388774344053187,-8.388774344053187,-8.388774344053187,0.0,0.0,0.0,56.040378570604844
674,2018-04-11 20:00:00,56.5751835048071,42.77248328831381,63.93109335512622,56.5751835048071,56.5751835048071,0.0,0.0,0.0,0.0,0.0,0.0,0.0,0.0,0.0,0.0,0.0,0.0,0.0,0.0,0.0,0.0,0.0,0.0,0.0,0.0,0.0,0.0,0.0,0.0,0.0,0.0,0.0,0.0,0.0,0.0,-2.6663376922798303,-2.6663376922798303,-2.6663376922798303,4.7689027876529435,4.7689027876529435,4.7689027876529435,-1.9968000902497263,-1.9968000902497263,-1.9968000902497263,-2.319488983606403,-2.319488983606403,-2.319488983606403,-0.2500062981896488,-0.2500062981896488,-0.2500062981896488,0.0,0.0,0.0,0.7041264927769632,0.7041264927769632,0.7041264927769632,-0.6232447241275579,-0.6232447241275579,-0.6232447241275579,0.628236083205711,0.628236083205711,0.628236083205711,-0.11300340591090852,-0.11300340591090852,-0.11300340591090852,3.2658518955967426,3.2658518955967426,3.2658518955967426,-0.668797041111236,-0.668797041111236,-0.668797041111236,-8.381603391923113,-8.381603391923113,-8.381603391923113,0.0,0.0,0.0,53.90884581252727
675,2018-04-11 21:00:00,56.57486096110151,38.9231668411547,58.89521789963335,56.57486096110151,56.57486096110151,0.0,0.0,0.0,0.0,0.0,0.0,0.0,0.0,0.0,0.0,0.0,0.0,0.0,0.0,0.0,0.0,0.0,0.0,0.0,0.0,0.0,0.0,0.0,0.0,0.0,0.0,0.0,0.0,0.0,0.0,-7.2942095084661505,-7.2942095084661505,-7.2942095084661505,1.724776217288423,1.724776217288423,1.724776217288423,-1.9968000902497263,-1.9968000902497263,-1.9968000902497263,-3.8972999921611153,-3.8972999921611153,-3.8972999921611153,-0.7373772068204144,-0.7373772068204144,-0.7373772068204144,0.0,0.0,0.0,0.7921269855541871,0.7921269855541871,0.7921269855541871,-0.8738233515776896,-0.8738233515776896,-0.8738233515776896,0.6286764126768107,0.6286764126768107,0.6286764126768107,-0.5856028279676837,-0.5856028279676837,-0.5856028279676837,3.2527004170409706,3.2527004170409706,3.2527004170409706,-1.1244999137765985,-1.1244999137765985,-1.1244999137765985,-8.374386150634429,-8.374386150634429,-8.374386150634429,0.0,0.0,0.0,49.280651452635354
676,2018-04-11 22:00:00,56.574538417395914,41.29222411376143,61.46478456734093,56.574538417395914,56.574538417395914,0.0,0.0,0.0,0.0,0.0,0.0,0.0,0.0,0.0,0.0,0.0,0.0,0.0,0.0,0.0,0.0,0.0,0.0,0.0,0.0,0.0,0.0,0.0,0.0,0.0,0.0,0.0,0.0,0.0,0.0,-5.141499587732688,-5.141499587732688,-5.141499587732688,-1.3212845271939568,-1.3212845271939568,-1.3212845271939568,-1.9968000902497263,-1.9968000902497263,-1.9968000902497263,1.3106448823191383,1.3106448823191383,1.3106448823191383,0.3755895530149685,0.3755895530149685,0.3755895530149685,0.0,0.0,0.0,0.8801274783314109,0.8801274783314109,0.8801274783314109,0.034641485020540846,0.034641485020540846,0.034641485020540846,0.618108505370418,0.618108505370418,0.618108505370418,-0.36114927659507284,-0.36114927659507284,-0.36114927659507284,3.236262843541488,3.236262843541488,3.236262843541488,1.7601272274265993,1.7601272274265993,1.7601272274265993,-8.367122786399356,-8.367122786399356,-8.367122786399356,0.0,0.0,0.0,51.433038829663225
677,2018-04-11 23:00:00,56.57421587369032,37.55234307693015,58.33062618829781,56.57421587369032,56.57421587369032,0.0,0.0,0.0,0.0,0.0,0.0,0.0,0.0,0.0,0.0,0.0,0.0,0.0,0.0,0.0,0.0,0.0,0.0,0.0,0.0,0.0,0.0,0.0,0.0,0.0,0.0,0.0,0.0,0.0,0.0,-8.179912702736164,-8.179912702736164,-8.179912702736164,-3.7086611973803945,-3.7086611973803945,-3.7086611973803945,-1.9968000902497263,-1.9968000902497263,-1.9968000902497263,0.6725450499659948,0.6725450499659948,0.6725450499659948,0.1928254622784314,0.1928254622784314,0.1928254622784314,0.0,0.0,0.0,0.9681279711086349,0.9681279711086349,0.9681279711086349,-0.2600464888346703,-0.2600464888346703,-0.2600464888346703,0.618108505370418,0.618108505370418,0.618108505370418,-0.7568525745704905,-0.7568525745704905,-0.7568525745704905,3.216016912188565,3.216016912188565,3.216016912188565,1.9071822648633978,1.9071822648633978,1.9071822648633978,-8.359813467510332,-8.359813467510332,-8.359813467510332,0.0,0.0,0.0,48.39430317095416
678,2018-04-12 00:00:00,56.573893329984735,37.47652705893677,56.35648702021916,56.573893329984735,56.573893329984735,0.0,0.0,0.0,0.0,0.0,0.0,0.0,0.0,0.0,0.0,0.0,0.0,0.0,0.0,0.0,0.0,0.0,0.0,0.0,0.0,0.0,0.0,0.0,0.0,0.0,0.0,0.0,0.0,0.0,0.0,-9.846156163346146,-9.846156163346146,-9.846156163346146,-5.507723855970512,-5.507723855970512,-5.507723855970512,-0.6658317204306672,-0.6658317204306672,-0.6658317204306672,0.8224999289589947,0.8224999289589947,0.8224999289589947,0.2199585065614467,0.2199585065614467,0.2199585065614467,0.0,0.0,0.0,0.00012255055917165274,0.00012255055917165274,0.00012255055917165274,-0.4468073385072404,-0.4468073385072404,-0.4468073385072404,0.618108505370418,0.618108505370418,0.618108505370418,-0.9941914224107885,-0.9941914224107885,-0.9941914224107885,3.191526128000286,3.191526128000286,3.191526128000286,2.0911408478166544,2.0911408478166544,2.0911408478166544,-8.352458364334915,-8.352458364334915,-8.352458364334915,0.0,0.0,0.0,46.72773716663859
679,2018-04-12 01:00:00,56.57357078627914,33.4167076696584,54.24970047413605,56.57357078627914,56.57357078627914,0.0,0.0,0.0,0.0,0.0,0.0,0.0,0.0,0.0,0.0,0.0,0.0,0.0,0.0,0.0,0.0,0.0,0.0,0.0,0.0,0.0,0.0,0.0,0.0,0.0,0.0,0.0,0.0,0.0,0.0,-12.41510851349955,-12.41510851349955,-12.41510851349955,-6.966681610727113,-6.966681610727113,-6.966681610727113,-0.6658317204306672,-0.6658317204306672,-0.6658317204306672,-0.26581394721210866,-0.26581394721210866,-0.26581394721210866,0.160572975677866,0.160572975677866,0.160572975677866,0.0,0.0,0.0,-0.9678828699902916,-0.9678828699902916,-0.9678828699902916,-0.47543148883394093,-0.47543148883394093,-0.47543148883394093,0.619429493783717,0.619429493783717,0.619429493783717,-1.0960268299779916,-1.0960268299779916,-1.0960268299779916,3.162444693756636,3.162444693756636,3.162444693756636,2.1593564925591995,2.1593564925591995,2.1593564925591995,-8.34505764931696,-8.34505764931696,-8.34505764931696,0.0,0.0,0.0,44.15846227277959
680,2018-04-12 02:00:00,56.57324824257355,33.4457526665236,53.677404800995205,56.57324824257355,56.57324824257355,0.0,0.0,0.0,0.0,0.0,0.0,0.0,0.0,0.0,0.0,0.0,0.0,0.0,0.0,0.0,0.0,0.0,0.0,0.0,0.0,0.0,0.0,0.0,0.0,0.0,0.0,0.0,0.0,0.0,0.0,-13.291604495094091,-13.291604495094091,-13.291604495094091,-7.9115604689456545,-7.9115604689456545,-7.9115604689456545,-0.6658317204306672,-0.6658317204306672,-0.6658317204306672,-0.17095328444063806,-0.17095328444063806,-0.17095328444063806,0.16518047376366105,0.16518047376366105,0.16518047376366105,0.0,0.0,0.0,-0.8798823772130677,-0.8798823772130677,-0.8798823772130677,-0.49373217510838874,-0.49373217510838874,-0.49373217510838874,0.6299974010901098,0.6299974010901098,0.6299974010901098,-1.0949876931660814,-1.0949876931660814,-1.0949876931660814,3.1285207552625103,3.1285207552625103,3.1285207552625103,2.1683028066237955,2.1683028066237955,2.1683028066237955,-8.337611496970307,-8.337611496970307,-8.337611496970307,0.0,0.0,0.0,43.28164374747946
681,2018-04-12 03:00:00,56.572925698867955,34.221905602268336,53.7393282433728,56.572925698867955,56.572925698867955,0.0,0.0,0.0,0.0,0.0,0.0,0.0,0.0,0.0,0.0,0.0,0.0,0.0,0.0,0.0,0.0,0.0,0.0,0.0,0.0,0.0,0.0,0.0,0.0,0.0,0.0,0.0,0.0,0.0,0.0,-12.551317717658048,-12.551317717658048,-12.551317717658048,-7.753326107118716,-7.753326107118716,-7.753326107118716,-0.6658317204306672,-0.6658317204306672,-0.6658317204306672,0.4425305393079692,0.4425305393079692,0.4425305393079692,0.508183109039515,0.508183109039515,0.508183109039515,0.0,0.0,0.0,-0.7918818844358437,-0.7918818844358437,-0.7918818844358437,-0.42334492020666625,-0.42334492020666625,-0.42334492020666625,0.6299974010901098,0.6299974010901098,0.6299974010901098,-0.9677973473882684,-0.9677973473882684,-0.9677973473882684,3.089597934024901,3.089597934024901,3.089597934024901,2.1532059016397898,2.1532059016397898,2.1532059016397898,-8.330120083872202,-8.330120083872202,-8.330120083872202,0.0,0.0,0.0,44.02160798120991
682,2018-04-12 04:00:00,56.57260315516236,37.32641766595978,56.70895694117372,56.57260315516236,56.57260315516236,0.0,0.0,0.0,0.0,0.0,0.0,0.0,0.0,0.0,0.0,0.0,0.0,0.0,0.0,0.0,0.0,0.0,0.0,0.0,0.0,0.0,0.0,0.0,0.0,0.0,0.0,0.0,0.0,0.0,0.0,-9.40793596413779,-9.40793596413779,-9.40793596413779,-6.087234899494713,-6.087234899494713,-6.087234899494713,-0.6658317204306672,-0.6658317204306672,-0.6658317204306672,1.956267379615936,1.956267379615936,1.956267379615936,1.1511850641238026,1.1511850641238026,1.1511850641238026,0.0,0.0,0.0,-0.7038813916586197,-0.7038813916586197,-0.7038813916586197,-0.20561367837733832,-0.20561367837733832,-0.20561367837733832,0.6304377305612096,0.6304377305612096,0.6304377305612096,-0.41497656345202305,-0.41497656345202305,-0.41497656345202305,3.0456151444034916,3.0456151444034916,3.0456151444034916,2.164947938849572,2.164947938849572,2.164947938849572,-8.322583588662507,-8.322583588662507,-8.322583588662507,0.0,0.0,0.0,47.16466719102457
683,2018-04-12 05:00:00,56.57228061145677,43.87253409516402,64.47815565417174,56.57228061145677,56.57228061145677,0.0,0.0,0.0,0.0,0.0,0.0,0.0,0.0,0.0,0.0,0.0,0.0,0.0,0.0,0.0,0.0,0.0,0.0,0.0,0.0,0.0,0.0,0.0,0.0,0.0,0.0,0.0,0.0,0.0,0.0,-2.6544965874234308,-2.6544965874234308,-2.6544965874234308,-3.2448154640812463,-3.2448154640812463,-3.2448154640812463,-0.6658317204306672,-0.6658317204306672,-0.6658317204306672,5.9087163517066505,5.9087163517066505,5.9087163517066505,2.6726833208996803,2.6726833208996803,2.6726833208996803,0.0,0.0,0.0,-0.615880898881396,-0.615880898881396,-0.615880898881396,1.1537988379579271,1.1537988379579271,1.1537988379579271,0.6304377305612096,0.6304377305612096,0.6304377305612096,0.5495502253630578,0.5495502253630578,0.5495502253630578,2.9966047169907664,2.9966047169907664,2.9966047169907664,2.183958856236839,2.183958856236839,2.183958856236839,-8.315002192039602,-8.315002192039602,-8.315002192039602,0.0,0.0,0.0,53.91778402403334
684,2018-04-12 06:00:00,56.571958067751176,48.24027750966955,68.15672198096824,56.571958067751176,56.571958067751176,0.0,0.0,0.0,0.0,0.0,0.0,0.0,0.0,0.0,0.0,0.0,0.0,0.0,0.0,0.0,0.0,0.0,0.0,0.0,0.0,0.0,0.0,0.0,0.0,0.0,0.0,0.0,0.0,0.0,0.0,1.974193296691676,1.974193296691676,1.974193296691676,-0.20487654407812647,-0.20487654407812647,-0.20487654407812647,-0.6658317204306672,-0.6658317204306672,-0.6658317204306672,7.543757042770387,7.543757042770387,7.543757042770387,3.3888933011249334,3.3888933011249334,3.3888933011249334,0.0,0.0,0.0,-0.527880406104172,-0.527880406104172,-0.527880406104172,1.5202818118128951,1.5202818118128951,1.5202818118128951,0.5855241245090401,0.5855241245090401,0.5855241245090401,1.0414775921213633,1.0414775921213633,1.0414775921213633,2.942688874750817,2.942688874750817,2.942688874750817,2.2012923397369932,2.2012923397369932,2.2012923397369932,-8.307376076751401,-8.307376076751401,-8.307376076751401,0.0,0.0,0.0,58.54615136444285
685,2018-04-12 07:00:00,56.57163552404558,50.93930323799863,70.4637534592141,56.57163552404558,56.57163552404558,0.0,0.0,0.0,0.0,0.0,0.0,0.0,0.0,0.0,0.0,0.0,0.0,0.0,0.0,0.0,0.0,0.0,0.0,0.0,0.0,0.0,0.0,0.0,0.0,0.0,0.0,0.0,0.0,0.0,0.0,4.113316008236702,4.113316008236702,4.113316008236702,2.077749007705317,2.077749007705317,2.077749007705317,-0.6658317204306672,-0.6658317204306672,-0.6658317204306672,7.451197796108511,7.451197796108511,7.451197796108511,3.357152758756123,3.357152758756123,3.357152758756123,0.0,0.0,0.0,-0.439879913326948,-0.439879913326948,-0.439879913326948,1.53764400135532,1.53764400135532,1.53764400135532,0.24999306753106823,0.24999306753106823,0.24999306753106823,1.2141821302608446,1.2141821302608446,1.2141821302608446,2.884074632019577,2.884074632019577,2.884074632019577,2.1979374719627702,2.1979374719627702,2.1979374719627702,-8.299705427596702,-8.299705427596702,-8.299705427596702,0.0,0.0,0.0,60.684951532282284
686,2018-04-12 08:00:00,56.57131298033999,51.050493117403136,71.18636765688856,56.57131298033999,56.57131298033999,0.0,0.0,0.0,0.0,0.0,0.0,0.0,0.0,0.0,0.0,0.0,0.0,0.0,0.0,0.0,0.0,0.0,0.0,0.0,0.0,0.0,0.0,0.0,0.0,0.0,0.0,0.0,0.0,0.0,0.0,4.5450206943570866,4.5450206943570866,4.5450206943570866,3.28339777504378,3.28339777504378,3.28339777504378,-0.6658317204306672,-0.6658317204306672,-0.6658317204306672,6.732566141422274,6.732566141422274,6.732566141422274,3.146231735273061,3.146231735273061,3.146231735273061,0.0,0.0,0.0,-0.35187942054972404,-0.35187942054972404,-0.35187942054972404,1.344313674558589,1.344313674558589,1.344313674558589,-0.23040638543870512,-0.23040638543870512,-0.23040638543870512,1.251383228127231,1.251383228127231,1.251383228127231,2.8210472093095555,2.8210472093095555,2.8210472093095555,2.23875502988249,2.23875502988249,2.23875502988249,-8.291990431418524,-8.291990431418524,-8.291990431418524,0.0,0.0,0.0,61.116333674697074
687,2018-04-12 09:00:00,56.570990436634396,50.132666198036326,70.38458469766829,56.570990436634396,56.570990436634396,0.0,0.0,0.0,0.0,0.0,0.0,0.0,0.0,0.0,0.0,0.0,0.0,0.0,0.0,0.0,0.0,0.0,0.0,0.0,0.0,0.0,0.0,0.0,0.0,0.0,0.0,0.0,0.0,0.0,0.0,3.9618740918214534,3.9618740918214534,3.9618740918214534,3.714653510748425,3.714653510748425,3.714653510748425,-0.6658317204306672,-0.6658317204306672,-0.6658317204306672,5.777489779902391,5.777489779902391,5.777489779902391,2.957836257987218,2.957836257987218,2.957836257987218,0.0,0.0,0.0,-0.26387892777250016,-0.26387892777250016,-0.26387892777250016,0.9956621386120575,0.9956621386120575,0.9956621386120575,-0.6597276197609132,-0.6597276197609132,-0.6597276197609132,1.145599100674769,1.145599100674769,1.145599100674769,2.7539620782649616,2.7539620782649616,2.7539620782649616,2.2678305505924268,2.2678305505924268,2.2678305505924268,-8.284231277094323,-8.284231277094323,-8.284231277094323,0.0,0.0,0.0,60.532864528455846
688,2018-04-12 10:00:00,56.5706678929288,48.67524780022225,69.2377738987818,56.5706678929288,56.5706678929288,0.0,0.0,0.0,0.0,0.0,0.0,0.0,0.0,0.0,0.0,0.0,0.0,0.0,0.0,0.0,0.0,0.0,0.0,0.0,0.0,0.0,0.0,0.0,0.0,0.0,0.0,0.0,0.0,0.0,0.0,2.640968153403036,2.640968153403036,2.640968153403036,3.7457518129747025,3.7457518129747025,3.7457518129747025,-0.6658317204306672,-0.6658317204306672,-0.6658317204306672,4.48840872515023,4.48840872515023,4.48840872515023,2.6235366746511994,2.6235366746511994,2.6235366746511994,0.0,0.0,0.0,-0.17587843499527622,-0.17587843499527622,-0.17587843499527622,0.25378047194790326,0.25378047194790326,0.25378047194790326,-0.851270939689283,-0.851270939689283,-0.851270939689283,1.0250592304931816,1.0250592304931816,1.0250592304931816,2.6832357708193215,2.6832357708193215,2.6832357708193215,2.279013443173172,2.279013443173172,2.279013443173172,-8.276428155541216,-8.276428155541216,-8.276428155541216,0.0,0.0,0.0,59.21163604633184
689,2018-04-12 11:00:00,56.57034534922321,48.105146736934934,69.50445890476547,56.57034534922321,56.57034534922321,0.0,0.0,0.0,0.0,0.0,0.0,0.0,0.0,0.0,0.0,0.0,0.0,0.0,0.0,0.0,0.0,0.0,0.0,0.0,0.0,0.0,0.0,0.0,0.0,0.0,0.0,0.0,0.0,0.0,0.0,2.122196097918512,2.122196097918512,2.122196097918512,3.367586437199341,3.367586437199341,3.367586437199341,-0.6658317204306672,-0.6658317204306672,-0.6658317204306672,4.413855315622185,4.413855315622185,4.413855315622185,2.5001581147982437,2.5001581147982437,2.5001581147982437,0.0,0.0,0.0,-0.08787794221805227,-0.08787794221805227,-0.08787794221805227,0.24533400135969663,0.24533400135969663,0.24533400135969663,-0.8842956500217605,-0.8842956500217605,-0.8842956500217605,1.0184087548969563,1.0184087548969563,1.0184087548969563,2.609335604799936,2.609335604799936,2.609335604799936,2.2879597572377683,2.2879597572377683,2.2879597572377683,-8.26858125970295,-8.26858125970295,-8.26858125970295,0.0,0.0,0.0,58.69254144714172
690,2018-04-12 12:00:00,56.57002280551762,47.55281126016445,67.81525984111234,56.57002280551762,56.57002280551762,0.0,0.0,0.0,0.0,0.0,0.0,0.0,0.0,0.0,0.0,0.0,0.0,0.0,0.0,0.0,0.0,0.0,0.0,0.0,0.0,0.0,0.0,0.0,0.0,0.0,0.0,0.0,0.0,0.0,0.0,1.2917272795455328,1.2917272795455328,1.2917272795455328,2.3361530080522797,2.3361530080522797,2.3361530080522797,-0.6658317204306672,-0.6658317204306672,-0.6658317204306672,4.683496562845429,4.683496562845429,4.683496562845429,2.6793385959124953,2.6793385959124953,2.6793385959124953,0.0,0.0,0.0,0.00012255055917165274,0.00012255055917165274,0.00012255055917165274,0.37625429547690026,0.37625429547690026,0.37625429547690026,-0.8688841185332711,-0.8688841185332711,-0.8688841185332711,0.8415476695098341,0.8415476695098341,0.8415476695098341,2.53276849319567,2.53276849319567,2.53276849319567,2.320949290350966,2.320949290350966,2.320949290350966,-8.260690784547846,-8.260690784547846,-8.260690784547846,0.0,0.0,0.0,57.86175008506315
691,2018-04-12 13:00:00,56.569700261812024,46.913018820603725,66.91456824946108,56.569700261812024,56.569700261812024,0.0,0.0,0.0,0.0,0.0,0.0,0.0,0.0,0.0,0.0,0.0,0.0,0.0,0.0,0.0,0.0,0.0,0.0,0.0,0.0,0.0,0.0,0.0,0.0,0.0,0.0,0.0,0.0,0.0,0.0,0.010522215779068632,0.010522215779068632,0.010522215779068632,0.7590353271456756,0.7590353271456756,0.7590353271456756,-0.6658317204306672,-0.6658317204306672,-0.6658317204306672,5.050174796696165,5.050174796696165,5.050174796696165,2.797085769216147,2.797085769216147,2.797085769216147,0.0,0.0,0.0,0.08812304333639559,0.08812304333639559,0.08812304333639559,0.560668903319413,0.560668903319413,0.560668903319413,-0.770250317006938,-0.770250317006938,-0.770250317006938,0.749064493249823,0.749064493249823,0.749064493249823,2.4540690190012975,2.4540690190012975,2.4540690190012975,2.291314625011992,2.291314625011992,2.291314625011992,-8.25275692706407,-8.25275692706407,-8.25275692706407,0.0,0.0,0.0,56.58022247759109
692,2018-04-12 14:00:00,56.56937771810644,46.49223928424802,66.56548142355861,56.56937771810644,56.56937771810644,0.0,0.0,0.0,0.0,0.0,0.0,0.0,0.0,0.0,0.0,0.0,0.0,0.0,0.0,0.0,0.0,0.0,0.0,0.0,0.0,0.0,0.0,0.0,0.0,0.0,0.0,0.0,0.0,0.0,0.0,-0.4677631848502531,-0.4677631848502531,-0.4677631848502531,-0.5678818888530112,-0.5678818888530112,-0.5678818888530112,-0.6658317204306672,-0.6658317204306672,-0.6658317204306672,5.971111623187304,5.971111623187304,5.971111623187304,3.009030681162719,3.009030681162719,3.009030681162719,0.0,0.0,0.0,0.17612353611361953,0.17612353611361953,0.17612353611361953,0.8497258967824863,0.8497258967824863,0.8497258967824863,-0.40962048017628333,-0.40962048017628333,-0.40962048017628333,0.6985624441909856,0.6985624441909856,0.6985624441909856,2.3737869670697,2.3737869670697,2.3737869670697,2.3131212655444444,2.3131212655444444,2.3131212655444444,-8.244779886254245,-8.244779886254245,-8.244779886254245,0.0,0.0,0.0,56.10161453325618
693,2018-04-12 15:00:00,56.569055174400845,46.03717800938256,67.9744274170765,56.569055174400845,56.569055174400845,0.0,0.0,0.0,0.0,0.0,0.0,0.0,0.0,0.0,0.0,0.0,0.0,0.0,0.0,0.0,0.0,0.0,0.0,0.0,0.0,0.0,0.0,0.0,0.0,0.0,0.0,0.0,0.0,0.0,0.0,0.997597342710857,0.997597342710857,0.997597342710857,-0.5695078449408577,-0.5695078449408577,-0.5695078449408577,-0.6658317204306672,-0.6658317204306672,-0.6658317204306672,7.511390537169667,7.511390537169667,7.511390537169667,3.3561288702926135,3.3561288702926135,3.3561288702926135,0.0,0.0,0.0,0.2641240288908434,0.2641240288908434,0.2641240288908434,1.3372749490684168,1.3372749490684168,1.3372749490684168,0.20992308566099543,0.20992308566099543,0.20992308566099543,0.8425868063217442,0.8425868063217442,0.8425868063217442,2.2924745136101916,2.2924745136101916,2.2924745136101916,2.167184517365721,2.167184517365721,2.167184517365721,-8.236759863128144,-8.236759863128144,-8.236759863128144,0.0,0.0,0.0,57.5666525171117
694,2018-04-12 16:00:00,56.56873263069525,50.56078290068343,70.39007894986578,56.56873263069525,56.56873263069525,0.0,0.0,0.0,0.0,0.0,0.0,0.0,0.0,0.0,0.0,0.0,0.0,0.0,0.0,0.0,0.0,0.0,0.0,0.0,0.0,0.0,0.0,0.0,0.0,0.0,0.0,0.0,0.0,0.0,0.0,3.902119214186018,3.902119214186018,3.902119214186018,1.206505184887056,1.206505184887056,1.206505184887056,-0.6658317204306672,-0.6658317204306672,-0.6658317204306672,8.713637810903068,8.713637810903068,8.713637810903068,3.685309011311082,3.685309011311082,3.685309011311082,0.0,0.0,0.0,0.3521245216680674,0.3521245216680674,0.3521245216680674,1.715489132073672,1.715489132073672,1.715489132073672,0.5375282121591728,0.5375282121591728,0.5375282121591728,1.2439014430814774,1.2439014430814774,1.2439014430814774,2.2106732790962664,2.2106732790962664,2.2106732790962664,1.8451172110402625,1.8451172110402625,1.8451172110402625,-8.228697060700371,-8.228697060700371,-8.228697060700371,0.0,0.0,0.0,60.47085184488127
695,2018-04-12 17:00:00,56.56841008698966,53.30055867538356,73.05050577197889,56.56841008698966,56.56841008698966,0.0,0.0,0.0,0.0,0.0,0.0,0.0,0.0,0.0,0.0,0.0,0.0,0.0,0.0,0.0,0.0,0.0,0.0,0.0,0.0,0.0,0.0,0.0,0.0,0.0,0.0,0.0,0.0,0.0,0.0,6.600754888407294,6.600754888407294,6.600754888407294,4.013032019379281,4.013032019379281,4.013032019379281,-0.6658317204306672,-0.6658317204306672,-0.6658317204306672,8.679413100279133,8.679413100279133,8.679413100279133,3.7390631556453573,3.7390631556453573,3.7390631556453573,0.0,0.0,0.0,0.4401250144452913,0.4401250144452913,0.4401250144452913,1.6300859294595822,1.6300859294595822,1.6300859294595822,0.5846434655668407,0.5846434655668407,0.5846434655668407,1.3382550656029268,1.3382550656029268,1.3382550656029268,2.128901452733609,2.128901452733609,2.128901452733609,1.6130721899898015,1.6130721899898015,1.6130721899898015,-8.22059168398473,-8.22059168398473,-8.22059168398473,0.0,0.0,0.0,63.16916497539695
696,2018-04-12 18:00:00,56.67123814885443,53.35407524379589,73.73075280347061,56.67123814885443,56.67123814885443,0.0,0.0,0.0,0.0,0.0,0.0,0.0,0.0,0.0,0.0,0.0,0.0,0.0,0.0,0.0,0.0,0.0,0.0,0.0,0.0,0.0,0.0,0.0,0.0,0.0,0.0,0.0,0.0,0.0,0.0,7.439392930219026,7.439392930219026,7.439392930219026,6.237821968016489,6.237821968016489,6.237821968016489,-0.669007003874971,-0.669007003874971,-0.669007003874971,7.689949268322556,7.689949268322556,7.689949268322556,3.4442882158749453,3.4442882158749453,3.4442882158749453,0.0,0.0,0.0,0.5892835698345092,0.5892835698345092,0.5892835698345092,1.102565941188097,1.102565941188097,1.102565941188097,0.5696171865775022,0.5696171865775022,0.5696171865775022,1.2503783278971972,1.2503783278971972,1.2503783278971972,2.0443992682369805,2.0443992682369805,2.0443992682369805,1.402823030825276,1.402823030825276,1.402823030825276,-8.532777574356999,-8.532777574356999,-8.532777574356999,0.0,0.0,0.0,64.11063107907346
697,2018-04-12 19:00:00,56.67092602555637,54.04363459031443,73.45760322418627,56.67092602555637,56.67092602555637,0.0,0.0,0.0,0.0,0.0,0.0,0.0,0.0,0.0,0.0,0.0,0.0,0.0,0.0,0.0,0.0,0.0,0.0,0.0,0.0,0.0,0.0,0.0,0.0,0.0,0.0,0.0,0.0,0.0,0.0,7.094486164593272,7.094486164593272,7.094486164593272,6.567810461679943,6.567810461679943,6.567810461679943,-0.669007003874971,-0.669007003874971,-0.669007003874971,7.087295090828869,7.087295090828869,7.087295090828869,3.0163206061314374,3.0163206061314374,3.0163206061314374,0.0,0.0,0.0,0.6874747268001868,0.6874747268001868,0.6874747268001868,0.9404748836466102,0.9404748836466102,0.9404748836466102,0.5742919422772876,0.5742919422772876,0.5742919422772876,1.1669170364289658,1.1669170364289658,1.1669170364289658,1.9639357604799303,1.9639357604799303,1.9639357604799303,1.370822899419353,1.370822899419353,1.370822899419353,-8.52455514839547,-8.52455514839547,-8.52455514839547,0.0,0.0,0.0,63.76541219014964
698,2018-04-12 20:00:00,56.67061390225831,49.816539195544266,70.17313048021634,56.67061390225831,56.67061390225831,0.0,0.0,0.0,0.0,0.0,0.0,0.0,0.0,0.0,0.0,0.0,0.0,0.0,0.0,0.0,0.0,0.0,0.0,0.0,0.0,0.0,0.0,0.0,0.0,0.0,0.0,0.0,0.0,0.0,0.0,3.42548998699504,3.42548998699504,3.42548998699504,4.719699402496791,4.719699402496791,4.719699402496791,-0.669007003874971,-0.669007003874971,-0.669007003874971,5.337304494720502,5.337304494720502,5.337304494720502,2.233161604544968,2.233161604544968,2.233161604544968,0.0,0.0,0.0,0.7856658837658644,0.7856658837658644,0.7856658837658644,0.4805470895206286,0.4805470895206286,0.4805470895206286,0.5785417201861834,0.5785417201861834,0.5785417201861834,0.627538690164647,0.627538690164647,0.627538690164647,1.8847756881512232,1.8847756881512232,1.8847756881512232,1.3008565104131826,1.3008565104131826,1.3008565104131826,-8.516289598373477,-8.516289598373477,-8.516289598373477,0.0,0.0,0.0,60.09610388925335
699,2018-04-12 21:00:00,56.67030177896026,44.78746010662369,65.67007568461702,56.67030177896026,56.67030177896026,0.0,0.0,0.0,0.0,0.0,0.0,0.0,0.0,0.0,0.0,0.0,0.0,0.0,0.0,0.0,0.0,0.0,0.0,0.0,0.0,0.0,0.0,0.0,0.0,0.0,0.0,0.0,0.0,0.0,0.0,-1.5292630585786904,-1.5292630585786904,-1.5292630585786904,1.6286745462325376,1.6286745462325376,1.6286745462325376,-0.669007003874971,-0.669007003874971,-0.669007003874971,3.5428181423001077,3.5428181423001077,3.5428181423001077,1.4722699532116503,1.4722699532116503,1.4722699532116503,0.0,0.0,0.0,0.883857040731542,0.883857040731542,0.883857040731542,0.06303982009558702,0.06303982009558702,0.06303982009558702,0.5823665203041898,0.5823665203041898,0.5823665203041898,0.022249324002519163,0.022249324002519163,0.022249324002519163,1.8072253906578097,1.8072253906578097,1.8072253906578097,1.1880424878295903,1.1880424878295903,1.1880424878295903,-8.507981137769145,-8.507981137769145,-8.507981137769145,0.0,0.0,0.0,55.141038720381566
700,2018-04-12 22:00:00,56.66998965566219,40.42884768881185,60.27751978007408,56.66998965566219,56.66998965566219,0.0,0.0,0.0,0.0,0.0,0.0,0.0,0.0,0.0,0.0,0.0,0.0,0.0,0.0,0.0,0.0,0.0,0.0,0.0,0.0,0.0,0.0,0.0,0.0,0.0,0.0,0.0,0.0,0.0,0.0,-5.846836886869393,-5.846836886869393,-5.846836886869393,-1.4421241337065245,-1.4421241337065245,-1.4421241337065245,-0.669007003874971,-0.669007003874971,-0.669007003874971,2.3634052953718694,2.3634052953718694,2.3634052953718694,-1.2454329898803702,-1.2454329898803702,-1.2454329898803702,0.0,0.0,0.0,0.9820481976972196,0.9820481976972196,0.9820481976972196,1.7634330628448474,1.7634330628448474,1.7634330628448474,0.6036154098486692,0.6036154098486692,0.6036154098486692,-0.22403948703574353,-0.22403948703574353,-0.22403948703574353,1.7315119335234614,1.7315119335234614,1.7315119335234614,1.1527881057722176,1.1527881057722176,1.1527881057722176,-8.4996299820582,-8.4996299820582,-8.4996299820582,0.0,0.0,0.0,50.8231527687928
701,2018-04-12 23:00:00,56.66967753236414,38.336818035968946,58.46818175892491,56.66967753236414,56.66967753236414,0.0,0.0,0.0,0.0,0.0,0.0,0.0,0.0,0.0,0.0,0.0,0.0,0.0,0.0,0.0,0.0,0.0,0.0,0.0,0.0,0.0,0.0,0.0,0.0,0.0,0.0,0.0,0.0,0.0,0.0,-8.411457417736566,-8.411457417736566,-8.411457417736566,-3.8049820356155455,-3.8049820356155455,-3.8049820356155455,-0.669007003874971,-0.669007003874971,-0.669007003874971,2.2269861868453216,2.2269861868453216,2.2269861868453216,-1.3030022368763243,-1.3030022368763243,-1.3030022368763243,0.0,0.0,0.0,1.0802393546628972,1.0802393546628972,1.0802393546628972,1.7754894224966933,1.7754894224966933,1.7754894224966933,0.6036154098486692,0.6036154098486692,0.6036154098486692,-0.5736798973220499,-0.5736798973220499,-0.5736798973220499,1.6577747797429212,1.6577747797429212,1.6577747797429212,1.313331137910407,1.313331137910407,1.313331137910407,-8.49123634870926,-8.49123634870926,-8.49123634870926,0.0,0.0,0.0,48.258220114627576
702,2018-04-13 00:00:00,56.66936540906608,35.55175457921011,56.464891669054026,56.66936540906608,56.66936540906608,0.0,0.0,0.0,0.0,0.0,0.0,0.0,0.0,0.0,0.0,0.0,0.0,0.0,0.0,0.0,0.0,0.0,0.0,0.0,0.0,0.0,0.0,0.0,0.0,0.0,0.0,0.0,0.0,0.0,0.0,-10.757852018360788,-10.757852018360788,-10.757852018360788,-5.537693567986473,-5.537693567986473,-5.537693567986473,0.6699851523872156,0.6699851523872156,0.6699851523872156,1.6765831851953934,1.6765831851953934,1.6765831851953934,-1.3817526219179597,-1.3817526219179597,-1.3817526219179597,0.0,0.0,0.0,0.00013662804044345872,0.00013662804044345872,0.00013662804044345872,1.3700385127234977,1.3700385127234977,1.3700385127234977,0.6036154098486692,0.6036154098486692,0.6036154098486692,-0.8320588954421594,-0.8320588954421594,-0.8320588954421594,1.5860588216032168,1.5860588216032168,1.5860588216032168,1.2466189995556862,1.2466189995556862,1.2466189995556862,-8.482800457172926,-8.482800457172926,-8.482800457172926,0.0,0.0,0.0,45.911513390705295
703,2018-04-13 01:00:00,56.66905328576802,32.86429375279934,53.476045117825876,56.66905328576802,56.66905328576802,0.0,0.0,0.0,0.0,0.0,0.0,0.0,0.0,0.0,0.0,0.0,0.0,0.0,0.0,0.0,0.0,0.0,0.0,0.0,0.0,0.0,0.0,0.0,0.0,0.0,0.0,0.0,0.0,0.0,0.0,-13.56640695485509,-13.56640695485509,-13.56640695485509,-6.9251126128757905,-6.9251126128757905,-6.9251126128757905,0.6699851523872156,0.6699851523872156,0.6699851523872156,0.31671928344854106,0.31671928344854106,0.31671928344854106,-1.5827018803000634,-1.5827018803000634,-1.5827018803000634,0.0,0.0,0.0,-1.0799660985820105,-1.0799660985820105,-1.0799660985820105,1.3664662580118399,1.3664662580118399,1.3664662580118399,0.6036154098486692,0.6036154098486692,0.6036154098486692,-0.9317054373586694,-0.9317054373586694,-0.9317054373586694,1.5163089034550414,1.5163089034550414,1.5163089034550414,1.2710258794415596,1.2710258794415596,1.2710258794415596,-8.47432252888288,-8.47432252888288,-8.47432252888288,0.0,0.0,0.0,43.10264633091293
704,2018-04-13 02:00:00,56.66874116246996,32.12934279860291,53.37076220507495,56.66874116246996,56.66874116246996,0.0,0.0,0.0,0.0,0.0,0.0,0.0,0.0,0.0,0.0,0.0,0.0,0.0,0.0,0.0,0.0,0.0,0.0,0.0,0.0,0.0,0.0,0.0,0.0,0.0,0.0,0.0,0.0,0.0,0.0,-14.482970572574482,-14.482970572574482,-14.482970572574482,-7.829577403076338,-7.829577403076338,-7.829577403076338,0.6699851523872156,0.6699851523872156,0.6699851523872156,0.3640436722659321,0.3640436722659321,0.3640436722659321,-1.7146766635077695,-1.7146766635077695,-1.7146766635077695,0.0,0.0,0.0,-0.9817749416163328,-0.9817749416163328,-0.9817749416163328,1.3602148122664381,1.3602148122664381,1.3602148122664381,0.6036154098486692,0.6036154098486692,0.6036154098486692,-0.9436006214230669,-0.9436006214230669,-0.9436006214230669,1.448365945481466,1.448365945481466,1.448365945481466,1.3702805243107783,1.3702805243107783,1.3702805243107783,-8.465802787245542,-8.465802787245542,-8.465802787245542,0.0,0.0,0.0,42.18577058989548
705,2018-04-13 03:00:00,56.66842903917191,33.1873859852221,53.431546914836304,56.66842903917191,56.66842903917191,0.0,0.0,0.0,0.0,0.0,0.0,0.0,0.0,0.0,0.0,0.0,0.0,0.0,0.0,0.0,0.0,0.0,0.0,0.0,0.0,0.0,0.0,0.0,0.0,0.0,0.0,0.0,0.0,0.0,0.0,-13.70584053630693,-13.70584053630693,-13.70584053630693,-7.670491282660825,-7.670491282660825,-7.670491282660825,0.6699851523872156,0.6699851523872156,0.6699851523872156,1.0399274473392213,1.0399274473392213,1.0399274473392213,-1.345907619071422,-1.345907619071422,-1.345907619071422,0.0,0.0,0.0,-0.8835837846506552,-0.8835837846506552,-0.8835837846506552,1.3302971790563014,1.3302971790563014,1.3302971790563014,0.6036154098486692,0.6036154098486692,0.6036154098486692,-0.8267938139710326,-0.8267938139710326,-0.8267938139710326,1.381964756645936,1.381964756645936,1.381964756645936,1.492314923740145,1.492314923740145,1.492314923740145,-8.457241457631262,-8.457241457631262,-8.457241457631262,0.0,0.0,0.0,42.96258850286498
706,2018-04-13 04:00:00,56.668116915873846,35.91048817721414,56.47518563358466,56.668116915873846,56.668116915873846,0.0,0.0,0.0,0.0,0.0,0.0,0.0,0.0,0.0,0.0,0.0,0.0,0.0,0.0,0.0,0.0,0.0,0.0,0.0,0.0,0.0,0.0,0.0,0.0,0.0,0.0,0.0,0.0,0.0,0.0,-10.339290848354889,-10.339290848354889,-10.339290848354889,-6.0217706183207,-6.0217706183207,-6.0217706183207,0.6699851523872156,0.6699851523872156,0.6699851523872156,2.814384935491274,2.814384935491274,2.814384935491274,-0.8668880355767854,-0.8668880355767854,-0.8668880355767854,0.0,0.0,0.0,-0.7853926276849775,-0.7853926276849775,-0.7853926276849775,1.8630096629323172,1.8630096629323172,1.8630096629323172,0.6036154098486692,0.6036154098486692,0.6036154098486692,-0.3190059565334743,-0.3190059565334743,-0.3190059565334743,1.3167336018466864,1.3167336018466864,1.3167336018466864,1.6490613301183097,1.6490613301183097,1.6490613301183097,-8.44863876737215,-8.44863876737215,-8.44863876737215,0.0,0.0,0.0,46.32882606751896
707,2018-04-13 05:00:00,56.667804792575794,41.4226819382746,61.70843832919658,56.667804792575794,56.667804792575794,0.0,0.0,0.0,0.0,0.0,0.0,0.0,0.0,0.0,0.0,0.0,0.0,0.0,0.0,0.0,0.0,0.0,0.0,0.0,0.0,0.0,0.0,0.0,0.0,0.0,0.0,0.0,0.0,0.0,0.0,-5.120525527301989,-5.120525527301989,-5.120525527301989,-3.1870246672675413,-3.1870246672675413,-3.1870246672675413,0.6699851523872156,0.6699851523872156,0.6699851523872156,5.254298522120709,5.254298522120709,5.254298522120709,-0.14455691760868242,-0.14455691760868242,-0.14455691760868242,0.0,0.0,0.0,-0.6872014707192998,-0.6872014707192998,-0.6872014707192998,2.6810559919020243,2.6810559919020243,2.6810559919020243,0.6014905208942214,0.6014905208942214,0.6014905208942214,0.42317552787794915,0.42317552787794915,0.42317552787794915,1.2521955635978317,1.2521955635978317,1.2521955635978317,1.7103497173872808,1.7103497173872808,1.7103497173872808,-8.43999494575299,-8.43999494575299,-8.43999494575299,0.0,0.0,0.0,51.5472792652738
708,2018-04-13 06:00:00,56.667492669277735,46.70027772665393,68.0831624516954,56.667492669277735,56.667492669277735,0.0,0.0,0.0,0.0,0.0,0.0,0.0,0.0,0.0,0.0,0.0,0.0,0.0,0.0,0.0,0.0,0.0,0.0,0.0,0.0,0.0,0.0,0.0,0.0,0.0,0.0,0.0,0.0,0.0,0.0,-0.08761367722534495,-0.08761367722534495,-0.08761367722534495,-0.1358839520376836,-0.1358839520376836,-0.1358839520376836,0.6699851523872156,0.6699851523872156,0.6699851523872156,7.291808784964101,7.291808784964101,7.291808784964101,0.755913002384637,0.755913002384637,0.755913002384637,0.0,0.0,0.0,-0.5890103137536222,-0.5890103137536222,-0.5890103137536222,3.3102193529928083,3.3102193529928083,3.3102193529928083,0.516069984925414,0.516069984925414,0.516069984925414,0.9231632646175418,0.9231632646175418,0.9231632646175418,1.187771713850757,1.187771713850757,1.187771713850757,1.705468341410106,1.705468341410106,1.705468341410106,-8.43131022400252,-8.43131022400252,-8.43131022400252,0.0,0.0,0.0,56.57987899205239
709,2018-04-13 07:00:00,56.667180545979676,49.041795790840276,69.77128646850649,56.667180545979676,56.667180545979676,0.0,0.0,0.0,0.0,0.0,0.0,0.0,0.0,0.0,0.0,0.0,0.0,0.0,0.0,0.0,0.0,0.0,0.0,0.0,0.0,0.0,0.0,0.0,0.0,0.0,0.0,0.0,0.0,0.0,0.0,2.7650279170898378,2.7650279170898378,2.7650279170898378,2.1626192725778717,2.1626192725778717,2.1626192725778717,0.6699851523872156,0.6699851523872156,0.6699851523872156,7.902207393808525,7.902207393808525,7.902207393808525,1.0546213594391156,1.0546213594391156,1.0546213594391156,0.0,0.0,0.0,-0.49081915678794463,-0.49081915678794463,-0.49081915678794463,3.461593646399321,3.461593646399321,3.461593646399321,0.23898446526540248,0.23898446526540248,0.23898446526540248,1.2016275735349125,1.2016275735349125,1.2016275735349125,1.1227860859946293,1.1227860859946293,1.1227860859946293,1.766214353570502,1.766214353570502,1.766214353570502,-8.422584835291188,-8.422584835291188,-8.422584835291188,0.0,0.0,0.0,59.432208463069514
710,2018-04-13 08:00:00,56.66686842268162,49.33122487186105,69.57961314345411,56.66686842268162,56.66686842268162,0.0,0.0,0.0,0.0,0.0,0.0,0.0,0.0,0.0,0.0,0.0,0.0,0.0,0.0,0.0,0.0,0.0,0.0,0.0,0.0,0.0,0.0,0.0,0.0,0.0,0.0,0.0,0.0,0.0,0.0,2.806898930444539,2.806898930444539,2.806898930444539,3.3687649491289426,3.3687649491289426,3.3687649491289426,0.6699851523872156,0.6699851523872156,0.6699851523872156,6.795480584624137,6.795480584624137,6.795480584624137,0.6152485215171642,0.6152485215171642,0.6152485215171642,0.0,0.0,0.0,-0.3926279998222671,-0.3926279998222671,-0.3926279998222671,2.985590706070878,2.985590706070878,2.985590706070878,-0.06317474405709482,-0.06317474405709482,-0.06317474405709482,1.2928889857011097,1.2928889857011097,1.2928889857011097,1.0564724114128543,1.0564724114128543,1.0564724114128543,1.6875699628271321,1.6875699628271321,1.6875699628271321,-8.413819014721396,-8.413819014721396,-8.413819014721396,0.0,0.0,0.0,59.473767353126156
711,2018-04-13 09:00:00,56.66655629938356,50.07871233284228,70.7615477247117,56.66655629938356,56.66655629938356,0.0,0.0,0.0,0.0,0.0,0.0,0.0,0.0,0.0,0.0,0.0,0.0,0.0,0.0,0.0,0.0,0.0,0.0,0.0,0.0,0.0,0.0,0.0,0.0,0.0,0.0,0.0,0.0,0.0,0.0,3.0994156746725947,3.0994156746725947,3.0994156746725947,3.7794901577549145,3.7794901577549145,3.7794901577549145,0.6699851523872156,0.6699851523872156,0.6699851523872156,6.736955956331718,6.736955956331718,6.736955956331718,1.0117159772440176,1.0117159772440176,1.0117159772440176,0.0,0.0,0.0,-0.2944368428565894,-0.2944368428565894,-0.2944368428565894,2.580139796297683,2.580139796297683,2.580139796297683,-0.27311377275655147,-0.27311377275655147,-0.27311377275655147,1.3377396797144117,1.3377396797144117,1.3377396797144117,0.9879825599021377,0.9879825599021377,0.9879825599021377,1.704925966301531,1.704925966301531,1.704925966301531,-8.405012999316176,-8.405012999316176,-8.405012999316176,0.0,0.0,0.0,59.76597197405615
712,2018-04-13 10:00:00,56.6662441760855,49.812626727392846,69.91325780628165,56.6662441760855,56.6662441760855,0.0,0.0,0.0,0.0,0.0,0.0,0.0,0.0,0.0,0.0,0.0,0.0,0.0,0.0,0.0,0.0,0.0,0.0,0.0,0.0,0.0,0.0,0.0,0.0,0.0,0.0,0.0,0.0,0.0,0.0,2.64414853741667,2.64414853741667,2.64414853741667,3.780984555083588,3.780984555083588,3.780984555083588,0.6699851523872156,0.6699851523872156,0.6699851523872156,6.3429344117625135,6.3429344117625135,6.3429344117625135,0.7445077742061932,0.7445077742061932,0.7445077742061932,0.0,0.0,0.0,-0.1962456858909118,-0.1962456858909118,-0.1962456858909118,2.414476484044538,2.414476484044538,2.414476484044538,-0.38615786513318195,-0.38615786513318195,-0.38615786513318195,1.2981540671722365,1.2981540671722365,1.2981540671722365,0.9163965985917324,0.9163965985917324,0.9163965985917324,1.7982144849764248,1.7982144849764248,1.7982144849764248,-8.396167028021162,-8.396167028021162,-8.396167028021162,0.0,0.0,0.0,59.31039271350217
713,2018-04-13 11:00:00,56.66593205278744,48.27544834122249,69.12315476058936,56.66593205278744,56.66593205278744,0.0,0.0,0.0,0.0,0.0,0.0,0.0,0.0,0.0,0.0,0.0,0.0,0.0,0.0,0.0,0.0,0.0,0.0,0.0,0.0,0.0,0.0,0.0,0.0,0.0,0.0,0.0,0.0,0.0,0.0,1.8972712913281318,1.8972712913281318,1.8972712913281318,3.3789879175269966,3.3789879175269966,3.3789879175269966,0.6699851523872156,0.6699851523872156,0.6699851523872156,6.0648303553083895,6.0648303553083895,6.0648303553083895,0.617420945932106,0.617420945932106,0.617420945932106,0.0,0.0,0.0,-0.09805452892523417,-0.09805452892523417,-0.09805452892523417,2.255064617536795,2.255064617536795,2.255064617536795,-0.4737032900564372,-0.4737032900564372,-0.4737032900564372,1.2102077063026746,1.2102077063026746,1.2102077063026746,0.8407343601832327,0.8407343601832327,0.8407343601832327,1.8839097521312693,1.8839097521312693,1.8839097521312693,-8.387281341690485,-8.387281341690485,-8.387281341690485,0.0,0.0,0.0,58.56320334411557
714,2018-04-13 12:00:00,56.66561992948939,45.2451889000614,66.72008362631895,56.66561992948939,56.66561992948939,0.0,0.0,0.0,0.0,0.0,0.0,0.0,0.0,0.0,0.0,0.0,0.0,0.0,0.0,0.0,0.0,0.0,0.0,0.0,0.0,0.0,0.0,0.0,0.0,0.0,0.0,0.0,0.0,0.0,0.0,-0.15950086996499957,-0.15950086996499957,-0.15950086996499957,2.3320264640193127,2.3320264640193127,2.3320264640193127,0.6699851523872156,0.6699851523872156,0.6699851523872156,5.1268604601138765,5.1268604601138765,5.1268604601138765,0.017288701304471504,0.017288701304471504,0.017288701304471504,0.0,0.0,0.0,0.00013662804044345872,0.00013662804044345872,0.00013662804044345872,2.071093499886402,2.071093499886402,2.071093499886402,-0.5196008914725126,-0.5196008914725126,-0.5196008914725126,0.9861492392536138,0.9861492392536138,0.9861492392536138,0.7599683889814192,0.7599683889814192,0.7599683889814192,1.901808130714243,1.901808130714243,1.901808130714243,-8.378356183079608,-8.378356183079608,-8.378356183079608,0.0,0.0,0.0,56.50611905952439
715,2018-04-13 13:00:00,56.66530780619132,43.99809887986406,64.17886631414434,56.66530780619132,56.66530780619132,0.0,0.0,0.0,0.0,0.0,0.0,0.0,0.0,0.0,0.0,0.0,0.0,0.0,0.0,0.0,0.0,0.0,0.0,0.0,0.0,0.0,0.0,0.0,0.0,0.0,0.0,0.0,0.0,0.0,0.0,-2.361056982911316,-2.361056982911316,-2.361056982911316,0.7386197046999696,0.7386197046999696,0.7386197046999696,0.6699851523872156,0.6699851523872156,0.6699851523872156,4.596676996822335,4.596676996822335,4.596676996822335,-0.14021206877879905,-0.14021206877879905,-0.14021206877879905,0.0,0.0,0.0,0.09832778500612108,0.09832778500612108,0.09832778500612108,1.8330920297221804,1.8330920297221804,1.8330920297221804,-0.535750047526317,-0.535750047526317,-0.535750047526317,0.8106465235493886,0.8106465235493886,0.8106465235493886,0.6730381124075768,0.6730381124075768,0.6730381124075768,1.8605876224625457,1.8605876224625457,1.8605876224625457,-8.369391796841198,-8.369391796841198,-8.369391796841198,0.0,0.0,0.0,54.30425082328001
716,2018-04-13 14:00:00,56.66499568289327,41.49519422549336,62.17657011869196,56.66499568289327,56.66499568289327,0.0,0.0,0.0,0.0,0.0,0.0,0.0,0.0,0.0,0.0,0.0,0.0,0.0,0.0,0.0,0.0,0.0,0.0,0.0,0.0,0.0,0.0,0.0,0.0,0.0,0.0,0.0,0.0,0.0,0.0,-4.090646343819557,-4.090646343819557,-4.090646343819557,-0.6112210343371103,-0.6112210343371103,-0.6112210343371103,0.6699851523872156,0.6699851523872156,0.6699851523872156,4.302098053702206,4.302098053702206,4.302098053702206,-0.3645148896215258,-0.3645148896215258,-0.3645148896215258,0.0,0.0,0.0,0.1965189419717987,0.1965189419717987,0.1965189419717987,1.7263709202113944,1.7263709202113944,1.7263709202113944,-0.46520373423864536,-0.46520373423864536,-0.46520373423864536,0.7070999212838956,0.7070999212838956,0.7070999212838956,0.5788650663303696,0.5788650663303696,0.5788650663303696,1.8318417417080728,1.8318417417080728,1.8318417417080728,-8.360388429515021,-8.360388429515021,-8.360388429515021,0.0,0.0,0.0,52.57434933907371
717,2018-04-13 15:00:00,56.66468355959521,42.59260539924835,63.00766252642783,56.66468355959521,56.66468355959521,0.0,0.0,0.0,0.0,0.0,0.0,0.0,0.0,0.0,0.0,0.0,0.0,0.0,0.0,0.0,0.0,0.0,0.0,0.0,0.0,0.0,0.0,0.0,0.0,0.0,0.0,0.0,0.0,0.0,0.0,-3.951254508552007,-3.951254508552007,-3.951254508552007,-0.633944333368686,-0.633944333368686,-0.633944333368686,0.6699851523872156,0.6699851523872156,0.6699851523872156,4.557667168453727,4.557667168453727,4.557667168453727,-0.2868507167873614,-0.2868507167873614,-0.2868507167873614,0.0,0.0,0.0,0.29471009893747635,0.29471009893747635,0.29471009893747635,1.7500371076761294,1.7500371076761294,1.7500371076761294,-0.3598092420980275,-0.3598092420980275,-0.3598092420980275,0.6328037716357737,0.6328037716357737,0.6328037716357737,0.4763689858823758,0.4763689858823758,0.4763689858823758,1.8567909967025211,1.8567909967025211,1.8567909967025211,-8.351346329519426,-8.351346329519426,-8.351346329519426,0.0,0.0,0.0,52.71342905104321
718,2018-04-13 16:00:00,56.66437143629715,44.19769949791693,63.94394873670955,56.66437143629715,56.66437143629715,0.0,0.0,0.0,0.0,0.0,0.0,0.0,0.0,0.0,0.0,0.0,0.0,0.0,0.0,0.0,0.0,0.0,0.0,0.0,0.0,0.0,0.0,0.0,0.0,0.0,0.0,0.0,0.0,0.0,0.0,-2.259191317462311,-2.259191317462311,-2.259191317462311,1.1389733708347425,1.1389733708347425,1.1389733708347425,0.6699851523872156,0.6699851523872156,0.6699851523872156,4.579616500059792,4.579616500059792,4.579616500059792,-0.14021206877879905,-0.14021206877879905,-0.14021206877879905,0.0,0.0,0.0,0.39290125590315395,0.39290125590315395,0.39290125590315395,1.5584749487634633,1.5584749487634633,1.5584749487634633,-0.24719012751228656,-0.24719012751228656,-0.24719012751228656,0.5083918465032231,0.5083918465032231,0.5083918465032231,0.36448455878918645,0.36448455878918645,0.36448455878918645,1.8372654927938223,1.8372654927938223,1.8372654927938223,-8.342265747146033,-8.342265747146033,-8.342265747146033,0.0,0.0,0.0,54.40518011883484
719,2018-04-13 17:00:00,56.66405931299909,47.41406472895129,67.9243267104013,56.66405931299909,56.66405931299909,0.0,0.0,0.0,0.0,0.0,0.0,0.0,0.0,0.0,0.0,0.0,0.0,0.0,0.0,0.0,0.0,0.0,0.0,0.0,0.0,0.0,0.0,0.0,0.0,0.0,0.0,0.0,0.0,0.0,0.0,1.175029218000842,1.175029218000842,1.175029218000842,3.965352871042477,3.965352871042477,3.965352871042477,0.6699851523872156,0.6699851523872156,0.6699851523872156,5.3006446555613795,5.3006446555613795,5.3006446555613795,0.05965097739583393,0.05965097739583393,0.05965097739583393,0.0,0.0,0.0,0.4910924128688315,0.4910924128688315,0.4910924128688315,1.6741266950533946,1.6741266950533946,1.6741266950533946,0.04051983691996474,0.04051983691996474,0.04051983691996474,0.47485132750197107,0.47485132750197107,0.47485132750197107,0.24217862594899564,0.24217862594899564,0.24217862594899564,1.8904182534341685,1.8904182534341685,1.8904182534341685,-8.333146934552012,-8.333146934552012,-8.333146934552012,0.0,0.0,0.0,57.83908853099994
