,ds,trend,yhat_lower,yhat_upper,trend_lower,trend_upper,All Saints' Day,All Saints' Day_lower,All Saints' Day_upper,Assumption Day,Assumption Day_lower,Assumption Day_upper,Christmas Day,Christmas Day_lower,Christmas Day_upper,Constitution Day,Constitution Day_lower,Constitution Day_upper,Epiphany,Epiphany_lower,Epiphany_upper,Good Friday,Good Friday_lower,Good Friday_upper,Immaculate Conception,Immaculate Conception_lower,Immaculate Conception_upper,Labor Day,Labor Day_lower,Labor Day_upper,National Day,National Day_lower,National Day_upper,New Year's Day,New Year's Day_lower,New Year's Day_upper,additive_terms,additive_terms_lower,additive_terms_upper,daily,daily_lower,daily_upper,day_of_week,day_of_week_lower,day_of_week_upper,extra_regressors_additive,extra_regressors_additive_lower,extra_regressors_additive_upper,fossil_fuels,fossil_fuels_lower,fossil_fuels_upper,holidays,holidays_lower,holidays_upper,hour_of_day,hour_of_day_lower,hour_of_day_upper,other_green_energy,other_green_energy_lower,other_green_energy_upper,solarpower,solarpower_lower,solarpower_upper,total_load_actual,total_load_actual_lower,total_load_actual_upper,weekly,weekly_lower,weekly_upper,windpower,windpower_lower,windpower_upper,yearly,yearly_lower,yearly_upper,multiplicative_terms,multiplicative_terms_lower,multiplicative_terms_upper,yhat
0,2018-03-14 18:00:00,56.67876516101445,43.493952612610514,65.49655666569632,56.67876516101445,56.67876516101445,0.0,0.0,0.0,0.0,0.0,0.0,0.0,0.0,0.0,0.0,0.0,0.0,0.0,0.0,0.0,0.0,0.0,0.0,0.0,0.0,0.0,0.0,0.0,0.0,0.0,0.0,0.0,0.0,0.0,0.0,-2.0915161930091712,-2.0915161930091712,-2.0915161930091712,6.343586703967154,6.343586703967154,6.343586703967154,-2.2865558877918226,-2.2865558877918226,-2.2865558877918226,-4.518170861001582,-4.518170861001582,-4.518170861001582,-2.0987812040739224,-2.0987812040739224,-2.0987812040739224,0.0,0.0,0.0,0.5696522113203323,0.5696522113203323,0.5696522113203323,2.311657110540786,2.311657110540786,2.311657110540786,0.6818198808031294,0.6818198808031294,0.6818198808031294,0.9507439169545636,0.9507439169545636,0.9507439169545636,3.520909116274488,3.520909116274488,3.520909116274488,-4.646706888754647,-4.646706888754647,-4.646706888754647,-7.437841152249232,-7.437841152249232,-7.437841152249232,0.0,0.0,0.0,54.58724896800528
1,2018-03-14 19:00:00,56.678381904690504,46.07416474590609,65.47840813471139,56.678381904690504,56.678381904690504,0.0,0.0,0.0,0.0,0.0,0.0,0.0,0.0,0.0,0.0,0.0,0.0,0.0,0.0,0.0,0.0,0.0,0.0,0.0,0.0,0.0,0.0,0.0,0.0,0.0,0.0,0.0,0.0,0.0,0.0,-0.8554053979825185,-0.8554053979825185,-0.8554053979825185,6.625034236215193,6.625034236215193,6.625034236215193,-2.2865558877918226,-2.2865558877918226,-2.2865558877918226,-3.5473477584218607,-3.5473477584218607,-3.5473477584218607,-2.079401426141492,-2.079401426141492,-2.079401426141492,0.0,0.0,0.0,0.6645716877542638,0.6645716877542638,0.6645716877542638,2.4812919859368052,2.4812919859368052,2.4812919859368052,0.6837619693207477,0.6837619693207477,0.6837619693207477,1.1272990268843222,1.1272990268843222,1.1272990268843222,3.505654712113452,3.505654712113452,3.505654712113452,-4.138315114384685,-4.138315114384685,-4.138315114384685,-7.438746587889301,-7.438746587889301,-7.438746587889301,0.0,0.0,0.0,55.82297650670799
2,2018-03-14 20:00:00,56.67799864836655,43.43908937842045,63.80352480469194,56.67799864836655,56.67799864836655,0.0,0.0,0.0,0.0,0.0,0.0,0.0,0.0,0.0,0.0,0.0,0.0,0.0,0.0,0.0,0.0,0.0,0.0,0.0,0.0,0.0,0.0,0.0,0.0,0.0,0.0,0.0,0.0,0.0,0.0,-3.48787466919692,-3.48787466919692,-3.48787466919692,4.75475900005278,4.75475900005278,4.75475900005278,-2.2865558877918226,-2.2865558877918226,-2.2865558877918226,-4.291668396571602,-4.291668396571602,-4.291668396571602,-2.6272729860691104,-2.6272729860691104,-2.6272729860691104,0.0,0.0,0.0,0.7594911641881954,0.7594911641881954,0.7594911641881954,2.1803744678429977,2.1803744678429977,2.1803744678429977,0.6886171906147937,0.6886171906147937,0.6886171906147937,0.9538701035553434,0.9538701035553434,0.9538701035553434,3.4886845826774833,3.4886845826774833,3.4886845826774833,-3.960192448911998,-3.960192448911998,-3.960192448911998,-7.439649855355582,-7.439649855355582,-7.439649855355582,0.0,0.0,0.0,53.19012397916963
3,2018-03-14 21:00:00,56.67761539204259,38.9628382475911,59.61451386822717,56.67761539204259,56.67761539204259,0.0,0.0,0.0,0.0,0.0,0.0,0.0,0.0,0.0,0.0,0.0,0.0,0.0,0.0,0.0,0.0,0.0,0.0,0.0,0.0,0.0,0.0,0.0,0.0,0.0,0.0,0.0,0.0,0.0,0.0,-7.562940709127841,-7.562940709127841,-7.562940709127841,1.6414429800049972,1.6414429800049972,1.6414429800049972,-2.2865558877918226,-2.2865558877918226,-2.2865558877918226,-5.233105319993982,-5.233105319993982,-5.233105319993982,-2.817404320919708,-2.817404320919708,-2.817404320919708,0.0,0.0,0.0,0.8544106406221269,0.8544106406221269,0.8544106406221269,1.8052109608077442,1.8052109608077442,1.8052109608077442,0.6886171906147937,0.6886171906147937,0.6886171906147937,0.5464237832536999,0.5464237832536999,0.5464237832536999,3.4692726893589607,3.4692726893589607,3.4692726893589607,-4.023807686580815,-4.023807686580815,-4.023807686580815,-7.440551058497818,-7.440551058497818,-7.440551058497818,0.0,0.0,0.0,49.114674682914746
4,2018-03-14 22:00:00,56.67723213571863,35.39100977837902,55.0380519835002,56.67723213571863,56.67723213571863,0.0,0.0,0.0,0.0,0.0,0.0,0.0,0.0,0.0,0.0,0.0,0.0,0.0,0.0,0.0,0.0,0.0,0.0,0.0,0.0,0.0,0.0,0.0,0.0,0.0,0.0,0.0,0.0,0.0,0.0,-11.517349279337974,-11.517349279337974,-11.517349279337974,-1.4870951944232336,-1.4870951944232336,-1.4870951944232336,-2.2865558877918226,-2.2865558877918226,-2.2865558877918226,-6.035568040454672,-6.035568040454672,-6.035568040454672,-3.054151878364529,-3.054151878364529,-3.054151878364529,0.0,0.0,0.0,0.9493301170560585,0.9493301170560585,0.9493301170560585,1.7299815812842925,1.7299815812842925,1.7299815812842925,0.6886171906147937,0.6886171906147937,0.6886171906147937,0.1295989031497167,0.1295989031497167,0.1295989031497167,3.4467642567257397,3.4467642567257397,3.4467642567257397,-4.19238806640318,-4.19238806640318,-4.19238806640318,-7.441450301185809,-7.441450301185809,-7.441450301185809,0.0,0.0,0.0,45.15988285638066
5,2018-03-14 23:00:00,56.67684887939468,31.48823731272188,52.966717686799555,56.67684887939468,56.67684887939468,0.0,0.0,0.0,0.0,0.0,0.0,0.0,0.0,0.0,0.0,0.0,0.0,0.0,0.0,0.0,0.0,0.0,0.0,0.0,0.0,0.0,0.0,0.0,0.0,0.0,0.0,0.0,0.0,0.0,0.0,-14.944122813537398,-14.944122813537398,-14.944122813537398,-3.9553361017617297,-3.9553361017617297,-3.9553361017617297,-2.2865558877918226,-2.2865558877918226,-2.2865558877918226,-6.967023982209209,-6.967023982209209,-6.967023982209209,-3.307136547050036,-3.307136547050036,-3.307136547050036,0.0,0.0,0.0,1.04424959348999,1.04424959348999,1.04424959348999,1.2554956254664427,1.2554956254664427,1.2554956254664427,0.6886171906147937,0.6886171906147937,0.6886171906147937,-0.17036614449654264,-0.17036614449654264,-0.17036614449654264,3.420584957735007,3.420584957735007,3.420584957735007,-4.191327812442033,-4.191327812442033,-4.191327812442033,-7.442347687301464,-7.442347687301464,-7.442347687301464,0.0,0.0,0.0,41.732726065857285
6,2018-03-15 00:00:00,56.67646562307073,30.06443803425825,49.803034950314874,56.67646562307073,56.67646562307073,0.0,0.0,0.0,0.0,0.0,0.0,0.0,0.0,0.0,0.0,0.0,0.0,0.0,0.0,0.0,0.0,0.0,0.0,0.0,0.0,0.0,0.0,0.0,0.0,0.0,0.0,0.0,0.0,0.0,0.0,-17.080604754010967,-17.080604754010967,-17.080604754010967,-5.816499839944623,-5.816499839944623,-5.816499839944623,-0.7624569616334629,-0.7624569616334629,-0.7624569616334629,-7.211110073327566,-7.211110073327566,-7.211110073327566,-3.4218438812987437,-3.4218438812987437,-3.4218438812987437,0.0,0.0,0.0,0.00013535271674300513,0.00013535271674300513,0.00013535271674300513,1.0932361794354681,1.0932361794354681,1.0932361794354681,0.6861895799677706,0.6861895799677706,0.6861895799677706,-0.436389737620049,-0.436389737620049,-0.436389737620049,3.3902484800010875,3.3902484800010875,3.3902484800010875,-4.369980604895293,-4.369980604895293,-4.369980604895293,-7.443243320739864,-7.443243320739864,-7.443243320739864,0.0,0.0,0.0,39.59586086905976
7,2018-03-15 01:00:00,56.67608236674678,27.724885762206455,46.89496534137334,56.67608236674678,56.67608236674678,0.0,0.0,0.0,0.0,0.0,0.0,0.0,0.0,0.0,0.0,0.0,0.0,0.0,0.0,0.0,0.0,0.0,0.0,0.0,0.0,0.0,0.0,0.0,0.0,0.0,0.0,0.0,0.0,0.0,0.0,-19.15368614405827,-19.15368614405827,-19.15368614405827,-7.310935754037861,-7.310935754037861,-7.310935754037861,-0.7624569616334629,-0.7624569616334629,-0.7624569616334629,-7.753975467036545,-7.753975467036545,-7.753975467036545,-3.331230325020084,-3.331230325020084,-3.331230325020084,0.0,0.0,0.0,-1.043978888056504,-1.043978888056504,-1.043978888056504,1.1999340575831088,1.1999340575831088,1.1999340575831088,0.676479137379679,0.676479137379679,0.676479137379679,-0.5818318475706173,-0.5818318475706173,-0.5818318475706173,3.3553623824134244,3.3553623824134244,3.3553623824134244,-3.9108906397186645,-3.9108906397186645,-3.9108906397186645,-7.4441373053972875,-7.4441373053972875,-7.4441373053972875,0.0,0.0,0.0,37.52239622268851
8,2018-03-15 02:00:00,56.675699110422826,27.59201153434866,47.06596564727762,56.675699110422826,56.675699110422826,0.0,0.0,0.0,0.0,0.0,0.0,0.0,0.0,0.0,0.0,0.0,0.0,0.0,0.0,0.0,0.0,0.0,0.0,0.0,0.0,0.0,0.0,0.0,0.0,0.0,0.0,0.0,0.0,0.0,0.0,-19.548869258866027,-19.548869258866027,-19.548869258866027,-8.268034431382224,-8.268034431382224,-8.268034431382224,-0.7624569616334629,-0.7624569616334629,-0.7624569616334629,-7.1514372588280795,-7.1514372588280795,-7.1514372588280795,-3.372608769794732,-3.372608769794732,-3.372608769794732,0.0,0.0,0.0,-0.9490594116225723,-0.9490594116225723,-0.9490594116225723,1.3464592543019889,1.3464592543019889,1.3464592543019889,0.6755080931208698,0.6755080931208698,0.6755080931208698,-0.6348281537552667,-0.6348281537552667,-0.6348281537552667,3.3156321765127994,3.3156321765127994,3.3156321765127994,-3.454451309444904,-3.454451309444904,-3.454451309444904,-7.445029745168527,-7.445029745168527,-7.445029745168527,0.0,0.0,0.0,37.1268298515568
9,2018-03-15 03:00:00,56.67531585409887,26.62695342807797,46.64723857851419,56.67531585409887,56.67531585409887,0.0,0.0,0.0,0.0,0.0,0.0,0.0,0.0,0.0,0.0,0.0,0.0,0.0,0.0,0.0,0.0,0.0,0.0,0.0,0.0,0.0,0.0,0.0,0.0,0.0,0.0,0.0,0.0,0.0,0.0,-19.6860557145386,-19.6860557145386,-19.6860557145386,-8.103800208423241,-8.103800208423241,-8.103800208423241,-0.7624569616334629,-0.7624569616334629,-0.7624569616334629,-7.407198355562479,-7.407198355562479,-7.407198355562479,-3.426034103554404,-3.426034103554404,-3.426034103554404,0.0,0.0,0.0,-0.854139935188641,-0.854139935188641,-0.854139935188641,1.2215686503872387,1.2215686503872387,1.2215686503872387,0.6774501816384882,0.6774501816384882,0.6774501816384882,-0.6278314504106642,-0.6278314504106642,-0.6278314504106642,3.270863593386063,3.270863593386063,3.270863593386063,-3.6357547368010326,-3.6357547368010326,-3.6357547368010326,-7.445920743938948,-7.445920743938948,-7.445920743938948,0.0,0.0,0.0,36.98926013956027
10,2018-03-15 04:00:00,56.67493259777492,29.130696273761444,49.20375712322726,56.67493259777492,56.67493259777492,0.0,0.0,0.0,0.0,0.0,0.0,0.0,0.0,0.0,0.0,0.0,0.0,0.0,0.0,0.0,0.0,0.0,0.0,0.0,0.0,0.0,0.0,0.0,0.0,0.0,0.0,0.0,0.0,0.0,0.0,-18.081784302792506,-18.081784302792506,-18.081784302792506,-6.409306919886818,-6.409306919886818,-6.409306919886818,-0.7624569616334629,-0.7624569616334629,-0.7624569616334629,-7.446630000660808,-7.446630000660808,-7.446630000660808,-3.386226992125629,-3.386226992125629,-3.386226992125629,0.0,0.0,0.0,-0.7592204587547093,-0.7592204587547093,-0.7592204587547093,1.186166589435026,1.186166589435026,1.186166589435026,0.6886171906147937,0.6886171906147937,0.6886171906147937,-0.5556314265355099,-0.5556314265355099,-0.5556314265355099,3.2209630233382325,3.2209630233382325,3.2209630233382325,-3.8578779416613176,-3.8578779416613176,-3.8578779416613176,-7.446810405583112,-7.446810405583112,-7.446810405583112,0.0,0.0,0.0,38.59314829498241
11,2018-03-15 05:00:00,56.67454934145096,31.658796701209255,51.85185315794812,56.67454934145096,56.67454934145096,0.0,0.0,0.0,0.0,0.0,0.0,0.0,0.0,0.0,0.0,0.0,0.0,0.0,0.0,0.0,0.0,0.0,0.0,0.0,0.0,0.0,0.0,0.0,0.0,0.0,0.0,0.0,0.0,0.0,0.0,-14.451597595996613,-14.451597595996613,-14.451597595996613,-3.5028302924870043,-3.5028302924870043,-3.5028302924870043,-0.7624569616334629,-0.7624569616334629,-0.7624569616334629,-6.667004611826211,-6.667004611826211,-6.667004611826211,-3.2149516574255035,-3.2149516574255035,-3.2149516574255035,0.0,0.0,0.0,-0.6643009823207778,-0.6643009823207778,-0.6643009823207778,1.4236554149894525,1.4236554149894525,1.4236554149894525,0.6891027127441982,0.6891027127441982,0.6891027127441982,-0.16619789569550278,-0.16619789569550278,-0.16619789569550278,3.1659361422699135,3.1659361422699135,3.1659361422699135,-3.9718552424846147,-3.9718552424846147,-3.9718552424846147,-7.4476988339533134,-7.4476988339533134,-7.4476988339533134,0.0,0.0,0.0,42.22295174545435
12,2018-03-15 06:00:00,56.67416608512701,36.577467173381045,56.64590109980943,56.67416608512701,56.67416608512701,0.0,0.0,0.0,0.0,0.0,0.0,0.0,0.0,0.0,0.0,0.0,0.0,0.0,0.0,0.0,0.0,0.0,0.0,0.0,0.0,0.0,0.0,0.0,0.0,0.0,0.0,0.0,0.0,0.0,0.0,-9.9278204301586,-9.9278204301586,-9.9278204301586,-0.35400094412561395,-0.35400094412561395,-0.35400094412561395,-0.7624569616334629,-0.7624569616334629,-0.7624569616334629,-5.231118118069418,-5.231118118069418,-5.231118118069418,-2.856687654566526,-2.856687654566526,-2.856687654566526,0.0,0.0,0.0,-0.5693815058868462,-0.5693815058868462,-0.5693815058868462,1.7742341574745581,1.7742341574745581,1.7742341574745581,0.6793922701561065,0.6793922701561065,0.6793922701561065,0.3542377403200419,0.3542377403200419,0.3542377403200419,3.1058847649160186,3.1058847649160186,3.1058847649160186,-3.850456163933289,-3.850456163933289,-3.850456163933289,-7.448586132879589,-7.448586132879589,-7.448586132879589,0.0,0.0,0.0,46.74634565496841
13,2018-03-15 07:00:00,56.67378282880306,40.67665575623326,61.10887250313906,56.67378282880306,56.67378282880306,0.0,0.0,0.0,0.0,0.0,0.0,0.0,0.0,0.0,0.0,0.0,0.0,0.0,0.0,0.0,0.0,0.0,0.0,0.0,0.0,0.0,0.0,0.0,0.0,0.0,0.0,0.0,0.0,0.0,0.0,-5.805498965367663,-5.805498965367663,-5.805498965367663,2.072713976521048,2.072713976521048,2.072713976521048,-0.7624569616334629,-0.7624569616334629,-0.7624569616334629,-3.4697425267309305,-3.4697425267309305,-3.4697425267309305,-2.6403674306180496,-2.6403674306180496,-2.6403674306180496,0.0,0.0,0.0,-0.4744620294529147,-0.4744620294529147,-0.4744620294529147,2.6012656369415255,2.6012656369415255,2.6012656369415255,0.5390763747581812,0.5390763747581812,0.5390763747581812,0.7338461132718838,0.7338461132718838,0.7338461132718838,3.041001991000505,3.041001991000505,3.041001991000505,-3.466644229998094,-3.466644229998094,-3.466644229998094,-7.449472406158285,-7.449472406158285,-7.449472406158285,0.0,0.0,0.0,50.8682838634354
14,2018-03-15 08:00:00,56.67339957247911,43.17138258200323,64.18489306658236,56.67339957247911,56.67339957247911,0.0,0.0,0.0,0.0,0.0,0.0,0.0,0.0,0.0,0.0,0.0,0.0,0.0,0.0,0.0,0.0,0.0,0.0,0.0,0.0,0.0,0.0,0.0,0.0,0.0,0.0,0.0,0.0,0.0,0.0,-3.3498479194492843,-3.3498479194492843,-3.3498479194492843,3.4273624505052442,3.4273624505052442,3.4273624505052442,-0.7624569616334629,-0.7624569616334629,-0.7624569616334629,-2.29841834728758,-2.29841834728758,-2.29841834728758,-2.4669969847900943,-2.4669969847900943,-2.4669969847900943,0.0,0.0,0.0,-0.37954255301898315,-0.37954255301898315,-0.37954255301898315,3.174090650959966,3.174090650959966,3.174090650959966,0.20843580463365802,0.20843580463365802,0.20843580463365802,0.9589315485280346,0.9589315485280346,0.9589315485280346,2.9715657348831006,2.9715657348831006,2.9715657348831006,-3.0308798519666986,-3.0308798519666986,-3.0308798519666986,-7.450357757550048,-7.450357757550048,-7.450357757550048,0.0,0.0,0.0,53.32355165302983
15,2018-03-15 09:00:00,56.673016316155156,43.30217207062763,63.48716976629551,56.673016316155156,56.673016316155156,0.0,0.0,0.0,0.0,0.0,0.0,0.0,0.0,0.0,0.0,0.0,0.0,0.0,0.0,0.0,0.0,0.0,0.0,0.0,0.0,0.0,0.0,0.0,0.0,0.0,0.0,0.0,0.0,0.0,0.0,-2.8729540650220766,-2.8729540650220766,-2.8729540650220766,3.9763683800587213,3.9763683800587213,3.9763683800587213,-0.7624569616334629,-0.7624569616334629,-0.7624569616334629,-2.296010906960374,-2.296010906960374,-2.296010906960374,-2.3700980951279433,-2.3700980951279433,-2.3700980951279433,0.0,0.0,0.0,-0.28462307658505165,-0.28462307658505165,-0.28462307658505165,3.1908082908540663,3.1908082908540663,3.1908082908540663,-0.09501552624420832,-0.09501552624420832,-0.09501552624420832,1.036639615461706,1.036639615461706,1.036639615461706,2.89793075265317,2.89793075265317,2.89793075265317,-3.0112651536854798,-3.0112651536854798,-3.0112651536854798,-7.451242290773595,-7.451242290773595,-7.451242290773595,0.0,0.0,0.0,53.80006225113308
16,2018-03-15 10:00:00,56.6726330598312,42.68449065396164,62.81927367150342,56.6726330598312,56.6726330598312,0.0,0.0,0.0,0.0,0.0,0.0,0.0,0.0,0.0,0.0,0.0,0.0,0.0,0.0,0.0,0.0,0.0,0.0,0.0,0.0,0.0,0.0,0.0,0.0,0.0,0.0,0.0,0.0,0.0,0.0,-3.8912774768532503,-3.8912774768532503,-3.8912774768532503,4.072252559377973,4.072252559377973,4.072252559377973,-0.7624569616334629,-0.7624569616334629,-0.7624569616334629,-3.331923229383487,-3.331923229383487,-3.331923229383487,-2.240724982984424,-2.240724982984424,-2.240724982984424,0.0,0.0,0.0,-0.18970360015112012,-0.18970360015112012,-0.18970360015112012,2.5570130607512596,2.5570130607512596,2.5570130607512596,-0.33437793604066923,-0.33437793604066923,-0.33437793604066923,1.0397658020624858,1.0397658020624858,1.0397658020624858,2.820519302651156,2.820519302651156,2.820519302651156,-3.4014386113875568,-3.4014386113875568,-3.4014386113875568,-7.452126109498893,-7.452126109498893,-7.452126109498893,0.0,0.0,0.0,52.78135558297795
17,2018-03-15 11:00:00,56.67224980350725,41.36102554009156,61.51675721342517,56.67224980350725,56.67224980350725,0.0,0.0,0.0,0.0,0.0,0.0,0.0,0.0,0.0,0.0,0.0,0.0,0.0,0.0,0.0,0.0,0.0,0.0,0.0,0.0,0.0,0.0,0.0,0.0,0.0,0.0,0.0,0.0,0.0,0.0,-5.188946728589264,-5.188946728589264,-5.188946728589264,3.708383249164448,3.708383249164448,3.708383249164448,-0.7624569616334629,-0.7624569616334629,-0.7624569616334629,-4.184131255163714,-4.184131255163714,-4.184131255163714,-2.337623872646574,-2.337623872646574,-2.337623872646574,0.0,0.0,0.0,-0.09478412371718854,-0.09478412371718854,-0.09478412371718854,2.141038844562761,2.141038844562761,2.141038844562761,-0.5174197788261983,-0.5174197788261983,-0.5174197788261983,0.9751579456463683,0.9751579456463683,0.9751579456463683,2.7398105947514724,2.7398105947514724,2.7398105947514724,-3.5880433085494197,-3.5880433085494197,-3.5880433085494197,-7.453009317341471,-7.453009317341471,-7.453009317341471,0.0,0.0,0.0,51.483303074917984
18,2018-03-15 12:00:00,56.6718665471833,40.74431238309882,60.76942855170647,56.6718665471833,56.6718665471833,0.0,0.0,0.0,0.0,0.0,0.0,0.0,0.0,0.0,0.0,0.0,0.0,0.0,0.0,0.0,0.0,0.0,0.0,0.0,0.0,0.0,0.0,0.0,0.0,0.0,0.0,0.0,0.0,0.0,0.0,-6.147939991473771,-6.147939991473771,-6.147939991473771,2.659898079985897,2.659898079985897,2.659898079985897,-0.7624569616334629,-0.7624569616334629,-0.7624569616334629,-4.0102752555310195,-4.0102752555310195,-4.0102752555310195,-2.4643780958803063,-2.4643780958803063,-2.4643780958803063,0.0,0.0,0.0,0.00013535271674300513,0.00013535271674300513,0.00013535271674300513,2.2034841465201365,2.2034841465201365,2.2034841465201365,-0.5790810892605807,-0.5790810892605807,-0.5790810892605807,0.9245434959194562,0.9245434959194562,0.9245434959194562,2.65632920192767,2.65632920192767,2.65632920192767,-3.3325221039130053,-3.3325221039130053,-3.3325221039130053,-7.453892017856318,-7.453892017856318,-7.453892017856318,0.0,0.0,0.0,50.52392655570953
19,2018-03-15 13:00:00,56.67148329085934,39.21983040527724,58.44025922240414,56.67148329085934,56.67148329085934,0.0,0.0,0.0,0.0,0.0,0.0,0.0,0.0,0.0,0.0,0.0,0.0,0.0,0.0,0.0,0.0,0.0,0.0,0.0,0.0,0.0,0.0,0.0,0.0,0.0,0.0,0.0,0.0,0.0,0.0,-8.18961503474472,-8.18961503474472,-8.18961503474472,1.0535498666259202,1.0535498666259202,1.0535498666259202,-0.7624569616334629,-0.7624569616334629,-0.7624569616334629,-4.359023209214756,-4.359023209214756,-4.359023209214756,-2.6806983198287826,-2.6806983198287826,-2.6806983198287826,0.0,0.0,0.0,0.09505482915067455,0.09505482915067455,0.09505482915067455,1.9591115868916684,1.9591115868916684,1.9591115868916684,-0.6829828249531621,-0.6829828249531621,-0.6829828249531621,0.717321984096333,0.717321984096333,0.717321984096333,2.5706326223767353,2.5706326223767353,2.5706326223767353,-3.0043735029380247,-3.0043735029380247,-3.0043735029380247,-7.454774314532622,-7.454774314532622,-7.454774314532622,0.0,0.0,0.0,48.48186825611462
20,2018-03-15 14:00:00,56.67110003453539,36.49370420238718,56.491416367528494,56.67110003453539,56.67110003453539,0.0,0.0,0.0,0.0,0.0,0.0,0.0,0.0,0.0,0.0,0.0,0.0,0.0,0.0,0.0,0.0,0.0,0.0,0.0,0.0,0.0,0.0,0.0,0.0,0.0,0.0,0.0,0.0,0.0,0.0,-9.636154862875587,-9.636154862875587,-9.636154862875587,-0.30670869354950425,-0.30670869354950425,-0.30670869354950425,-0.7624569616334629,-0.7624569616334629,-0.7624569616334629,-4.357088051970346,-4.357088051970346,-4.357088051970346,-2.6466527640015407,-2.6466527640015407,-2.6466527640015407,0.0,0.0,0.0,0.1899743055846061,0.1899743055846061,0.1899743055846061,1.975829226785769,1.975829226785769,1.975829226785769,-0.7494993566815904,-0.7494993566815904,-0.7494993566815904,0.5992712234097405,0.5992712234097405,0.5992712234097405,2.4832981934314353,2.4832981934314353,2.4832981934314353,-2.9635537254338673,-2.9635537254338673,-2.9635537254338673,-7.455656310787172,-7.455656310787172,-7.455656310787172,0.0,0.0,0.0,47.03494517165981
21,2018-03-15 15:00:00,56.670716778211435,36.80655261053824,57.438747357633765,56.670716778211435,56.670716778211435,0.0,0.0,0.0,0.0,0.0,0.0,0.0,0.0,0.0,0.0,0.0,0.0,0.0,0.0,0.0,0.0,0.0,0.0,0.0,0.0,0.0,0.0,0.0,0.0,0.0,0.0,0.0,0.0,0.0,0.0,-9.450649403614213,-9.450649403614213,-9.450649403614213,-0.3469951516096885,-0.3469951516096885,-0.3469951516096885,-0.7624569616334629,-0.7624569616334629,-0.7624569616334629,-4.04202571005369,-4.04202571005369,-4.04202571005369,-2.6974592088514244,-2.6974592088514244,-2.6974592088514244,0.0,0.0,0.0,0.2848937820185376,0.2848937820185376,0.2848937820185376,1.9817295702778044,1.9817295702778044,1.9817295702778044,-0.4222574414628993,-0.4222574414628993,-0.4222574414628993,0.5264757354201521,0.5264757354201521,0.5264757354201521,2.3949095680100436,2.3949095680100436,2.3949095680100436,-2.9529511858223976,-2.9529511858223976,-2.9529511858223976,-7.456538109960876,-7.456538109960876,-7.456538109960876,0.0,0.0,0.0,47.22006737459722
22,2018-03-15 16:00:00,56.67033352188748,40.33451677598221,59.89414666560025,56.67033352188748,56.67033352188748,0.0,0.0,0.0,0.0,0.0,0.0,0.0,0.0,0.0,0.0,0.0,0.0,0.0,0.0,0.0,0.0,0.0,0.0,0.0,0.0,0.0,0.0,0.0,0.0,0.0,0.0,0.0,0.0,0.0,0.0,-6.701444691500847,-6.701444691500847,-6.701444691500847,1.3837872295311873,1.3837872295311873,1.3837872295311873,-0.7624569616334629,-0.7624569616334629,-0.7624569616334629,-2.9338550773026864,-2.9338550773026864,-2.9338550773026864,-2.4942334294518873,-2.4942334294518873,-2.4942334294518873,0.0,0.0,0.0,0.37981325845246916,0.37981325845246916,0.37981325845246916,2.2270855204882785,2.2270855204882785,2.2270855204882785,-0.13045864169074312,-0.13045864169074312,-0.13045864169074312,0.5130777928453812,0.5130777928453812,0.5130777928453812,2.3060429715777624,2.3060429715777624,2.3060429715777624,-2.666682616312722,-2.666682616312722,-2.666682616312722,-7.45741981530711,-7.45741981530711,-7.45741981530711,0.0,0.0,0.0,49.96888883038663
23,2018-03-15 17:00:00,56.669950265563536,43.2570857737173,63.81669189261918,56.669950265563536,56.669950265563536,0.0,0.0,0.0,0.0,0.0,0.0,0.0,0.0,0.0,0.0,0.0,0.0,0.0,0.0,0.0,0.0,0.0,0.0,0.0,0.0,0.0,0.0,0.0,0.0,0.0,0.0,0.0,0.0,0.0,0.0,-2.630823648301891,-2.630823648301891,-2.630823648301891,4.14240481963029,4.14240481963029,4.14240481963029,-0.7624569616334629,-0.7624569616334629,-0.7624569616334629,-1.5321803989216303,-1.5321803989216303,-1.5321803989216303,-2.044308314750335,-2.044308314750335,-2.044308314750335,0.0,0.0,0.0,0.4747327348864007,0.4747327348864007,0.4747327348864007,2.3942619194292822,2.3942619194292822,2.3942619194292822,0.2783509912679184,0.2783509912679184,0.2783509912679184,0.5071231517010386,0.5071231517010386,0.5071231517010386,2.2172534609827212,2.2172534609827212,2.2172534609827212,-2.3798839198224724,-2.3798839198224724,-2.3798839198224724,-7.458301529993272,-7.458301529993272,-7.458301529993272,0.0,0.0,0.0,54.039126617261644
24,2018-03-15 18:00:00,56.93293039332393,48.45633794602282,68.97674227850946,56.93293039332393,56.93293039332393,0.0,0.0,0.0,0.0,0.0,0.0,0.0,0.0,0.0,0.0,0.0,0.0,0.0,0.0,0.0,0.0,0.0,0.0,0.0,0.0,0.0,0.0,0.0,0.0,0.0,0.0,0.0,0.0,0.0,0.0,1.5205620642363853,1.5205620642363853,1.5205620642363853,6.397610207994745,6.397610207994745,6.397610207994745,-0.6608929077597907,-0.6608929077597907,-0.6608929077597907,0.7343116168826512,0.7343116168826512,0.7343116168826512,-1.565951749295688,-1.565951749295688,-1.565951749295688,0.0,0.0,0.0,0.5408734201069525,0.5408734201069525,0.5408734201069525,2.9014044791916396,2.9014044791916396,2.9014044791916396,0.6145633333072041,0.6145633333072041,0.6145633333072041,0.8730037117917144,0.8730037117917144,0.8730037117917144,2.044376122230931,2.044376122230931,2.044376122230931,-1.9686886704593807,-1.9686886704593807,-1.9686886704593807,-7.655735882871943,-7.655735882871943,-7.655735882871943,0.0,0.0,0.0,58.453492457560316
25,2018-03-15 19:00:00,56.93263342408244,49.461134785838055,69.28915778624035,56.93263342408244,56.93263342408244,0.0,0.0,0.0,0.0,0.0,0.0,0.0,0.0,0.0,0.0,0.0,0.0,0.0,0.0,0.0,0.0,0.0,0.0,0.0,0.0,0.0,0.0,0.0,0.0,0.0,0.0,0.0,0.0,0.0,0.0,2.272443726704843,2.272443726704843,2.272443726704843,6.672084778777237,6.672084778777237,6.672084778777237,-0.6608929077597907,-0.6608929077597907,-0.6608929077597907,1.2865100497683342,1.2865100497683342,1.2865100497683342,-1.5654211903850386,-1.5654211903850386,-1.5654211903850386,0.0,0.0,0.0,0.6309975893128561,0.6309975893128561,0.6309975893128561,3.115171620539717,3.115171620539717,3.115171620539717,0.6891591403795873,0.6891591403795873,0.6891591403795873,1.1373200590514372,1.1373200590514372,1.1373200590514372,1.9704656630434214,1.9704656630434214,1.9704656630434214,-2.0598242613704345,-2.0598242613704345,-2.0598242613704345,-7.6566167648841486,-7.6566167648841486,-7.6566167648841486,0.0,0.0,0.0,59.20507715078728
26,2018-03-15 20:00:00,56.93233645484094,45.765799552957624,66.23230440383213,56.93233645484094,56.93233645484094,0.0,0.0,0.0,0.0,0.0,0.0,0.0,0.0,0.0,0.0,0.0,0.0,0.0,0.0,0.0,0.0,0.0,0.0,0.0,0.0,0.0,0.0,0.0,0.0,0.0,0.0,0.0,0.0,0.0,0.0,-1.1164690410432938,-1.1164690410432938,-1.1164690410432938,4.770479237077523,4.770479237077523,4.770479237077523,-0.6608929077597907,-0.6608929077597907,-0.6608929077597907,-0.12780644643963474,-0.12780644643963474,-0.12780644643963474,-2.240292124731394,-2.240292124731394,-2.240292124731394,0.0,0.0,0.0,0.7211217585187597,0.7211217585187597,0.7211217585187597,2.4099857634489332,2.4099857634489332,2.4099857634489332,0.7233914628032152,0.7233914628032152,0.7233914628032152,0.991801193081407,0.991801193081407,0.991801193081407,1.898353986898546,1.898353986898546,1.898353986898546,-2.0729215918007653,-2.0729215918007653,-2.0729215918007653,-7.657495818579728,-7.657495818579728,-7.657495818579728,0.0,0.0,0.0,55.81586741379765
27,2018-03-15 21:00:00,56.93203948559945,41.345695678107006,61.418761012067314,56.93203948559945,56.93203948559945,0.0,0.0,0.0,0.0,0.0,0.0,0.0,0.0,0.0,0.0,0.0,0.0,0.0,0.0,0.0,0.0,0.0,0.0,0.0,0.0,0.0,0.0,0.0,0.0,0.0,0.0,0.0,0.0,0.0,0.0,-5.246327609676826,-5.246327609676826,-5.246327609676826,1.619315443444171,1.619315443444171,1.619315443444171,-0.6608929077597907,-0.6608929077597907,-0.6608929077597907,-1.0355776296307728,-1.0355776296307728,-1.0355776296307728,-2.5267939364822056,-2.5267939364822056,-2.5267939364822056,0.0,0.0,0.0,0.8112459277246632,0.8112459277246632,0.8112459277246632,2.013165150486698,2.013165150486698,2.013165150486698,0.7233914628032152,0.7233914628032152,0.7233914628032152,0.5991900049166905,0.5991900049166905,0.5991900049166905,1.828307723997114,1.828307723997114,1.828307723997114,-1.9948833313200434,-1.9948833313200434,-1.9948833313200434,-7.658373147487338,-7.658373147487338,-7.658373147487338,0.0,0.0,0.0,51.68571187592262
28,2018-03-15 22:00:00,56.93174251635796,37.77174816314575,57.51533984446852,56.93174251635796,56.93174251635796,0.0,0.0,0.0,0.0,0.0,0.0,0.0,0.0,0.0,0.0,0.0,0.0,0.0,0.0,0.0,0.0,0.0,0.0,0.0,0.0,0.0,0.0,0.0,0.0,0.0,0.0,0.0,0.0,0.0,0.0,-9.11750403872921,-9.11750403872921,-9.11750403872921,-1.5331876458038733,-1.5331876458038733,-1.5331876458038733,-0.6608929077597907,-0.6608929077597907,-0.6608929077597907,-1.685575193650482,-1.685575193650482,-1.685575193650482,-2.594174918134711,-2.594174918134711,-2.594174918134711,0.0,0.0,0.0,0.9013700969305669,0.9013700969305669,0.9013700969305669,1.606516163209609,1.606516163209609,1.606516163209609,0.7239023929886425,0.7239023929886425,0.7239023929886425,0.11047841522088103,0.11047841522088103,0.11047841522088103,1.7605076558120518,1.7605076558120518,1.7605076558120518,-1.772774436105679,-1.772774436105679,-1.772774436105679,-7.65924885508691,-7.65924885508691,-7.65924885508691,0.0,0.0,0.0,47.81423847762875
29,2018-03-15 23:00:00,56.93144554711647,34.20776609419914,54.170527013764925,56.93144554711647,56.93144554711647,0.0,0.0,0.0,0.0,0.0,0.0,0.0,0.0,0.0,0.0,0.0,0.0,0.0,0.0,0.0,0.0,0.0,0.0,0.0,0.0,0.0,0.0,0.0,0.0,0.0,0.0,0.0,0.0,0.0,0.0,-12.305540027601968,-12.305540027601968,-12.305540027601968,-4.004967053390648,-4.004967053390648,-4.004967053390648,-0.6608929077597907,-0.6608929077597907,-0.6608929077597907,-2.335490611141993,-2.335490611141993,-2.335490611141993,-2.6785337849280055,-2.6785337849280055,-2.6785337849280055,0.0,0.0,0.0,0.9914942661364704,0.9914942661364704,0.9914942661364704,1.3444261814801657,1.3444261814801657,1.3444261814801657,0.7239023929886425,0.7239023929886425,0.7239023929886425,-0.19907111935917224,-0.19907111935917224,-0.19907111935917224,1.6950406817266508,1.6950406817266508,1.6950406817266508,-1.8568156397003033,-1.8568156397003033,-1.8568156397003033,-7.660123044795976,-7.660123044795976,-7.660123044795976,0.0,0.0,0.0,44.625905519514504
30,2018-03-16 00:00:00,56.931148577874964,31.779593499539825,52.53181630952737,56.931148577874964,56.931148577874964,0.0,0.0,0.0,0.0,0.0,0.0,0.0,0.0,0.0,0.0,0.0,0.0,0.0,0.0,0.0,0.0,0.0,0.0,0.0,0.0,0.0,0.0,0.0,0.0,0.0,0.0,0.0,0.0,0.0,0.0,-14.367881099768951,-14.367881099768951,-14.367881099768951,-5.86026129596123,-5.86026129596123,-5.86026129596123,0.6618823389327394,0.6618823389327394,0.6618823389327394,-2.4785172115938163,-2.4785172115938163,-2.4785172115938163,-2.811704071501068,-2.811704071501068,-2.811704071501068,0.0,0.0,0.0,0.00012840487153110446,0.00012840487153110446,0.00012840487153110446,1.1757057557418364,1.1757057557418364,1.1757057557418364,0.7244133231740697,0.7244133231740697,0.7244133231740697,-0.509103570529834,-0.509103570529834,-0.509103570529834,1.6318932277572349,1.6318932277572349,1.6318932277572349,-1.7198393922830908,-1.7198393922830908,-1.7198393922830908,-7.66099581997114,-7.66099581997114,-7.66099581997114,0.0,0.0,0.0,42.56326747810601
31,2018-03-16 01:00:00,56.93085160863348,29.248608083707566,50.72171052287952,56.93085160863348,56.93085160863348,0.0,0.0,0.0,0.0,0.0,0.0,0.0,0.0,0.0,0.0,0.0,0.0,0.0,0.0,0.0,0.0,0.0,0.0,0.0,0.0,0.0,0.0,0.0,0.0,0.0,0.0,0.0,0.0,0.0,0.0,-16.996300464384205,-16.996300464384205,-16.996300464384205,-7.356002415809397,-7.356002415809397,-7.356002415809397,0.6618823389327394,0.6618823389327394,0.6618823389327394,-3.5493769894241605,-3.5493769894241605,-3.5493769894241605,-2.8843906422600702,-2.8843906422600702,-2.8843906422600702,0.0,0.0,0.0,-0.9912374563934081,-0.9912374563934081,-0.9912374563934081,1.1216496970101388,1.1216496970101388,1.1216496970101388,0.7239023929886425,0.7239023929886425,0.7239023929886425,-0.711284649797929,-0.711284649797929,-0.711284649797929,1.5709462247438504,1.5709462247438504,1.5709462247438504,-1.4698986699042735,-1.4698986699042735,-1.4698986699042735,-7.6618672838944955,-7.6618672838944955,-7.6618672838944955,0.0,0.0,0.0,39.934551144249276
32,2018-03-16 02:00:00,56.930554639391985,28.804741794729388,49.27289301401577,56.930554639391985,56.930554639391985,0.0,0.0,0.0,0.0,0.0,0.0,0.0,0.0,0.0,0.0,0.0,0.0,0.0,0.0,0.0,0.0,0.0,0.0,0.0,0.0,0.0,0.0,0.0,0.0,0.0,0.0,0.0,0.0,0.0,0.0,-17.702570079030433,-17.702570079030433,-17.702570079030433,-8.327367268922766,-8.327367268922766,-8.327367268922766,0.6618823389327394,0.6618823389327394,0.6618823389327394,-3.2244370321852225,-3.2244370321852225,-3.2244370321852225,-2.864759962566033,-2.864759962566033,-2.864759962566033,0.0,0.0,0.0,-0.9011132871875046,-0.9011132871875046,-0.9011132871875046,1.1961815355644492,1.1961815355644492,1.1961815355644492,0.7239023929886425,0.7239023929886425,0.7239023929886425,-0.7829172774048577,-0.7829172774048577,-0.7829172774048577,1.51197176185131,1.51197176185131,1.51197176185131,-1.2576127725126578,-1.2576127725126578,-1.2576127725126578,-7.662737539773759,-7.662737539773759,-7.662737539773759,0.0,0.0,0.0,39.22798456036155
33,2018-03-16 03:00:00,56.93025767015049,29.18268623090655,49.033396837802094,56.93025767015049,56.93025767015049,0.0,0.0,0.0,0.0,0.0,0.0,0.0,0.0,0.0,0.0,0.0,0.0,0.0,0.0,0.0,0.0,0.0,0.0,0.0,0.0,0.0,0.0,0.0,0.0,0.0,0.0,0.0,0.0,0.0,0.0,-17.649415701413872,-17.649415701413872,-17.649415701413872,-8.1796184769145,-8.1796184769145,-8.1796184769145,0.6618823389327394,0.6618823389327394,0.6618823389327394,-3.26082203233104,-3.26082203233104,-3.26082203233104,-2.8875739957239683,-2.8875739957239683,-2.8875739957239683,0.0,0.0,0.0,-0.8109891179816011,-0.8109891179816011,-0.8109891179816011,1.0933931208549332,1.0933931208549332,1.0933931208549332,0.7239023929886425,0.7239023929886425,0.7239023929886425,-0.7745467231676435,-0.7745467231676435,-0.7745467231676435,1.454631498562657,1.454631498562657,1.454631498562657,-1.2668900482341425,-1.2668900482341425,-1.2668900482341425,-7.663606690730991,-7.663606690730991,-7.663606690730991,0.0,0.0,0.0,39.28084196873662
34,2018-03-16 04:00:00,56.929960700909,31.484087920250865,51.84855207253219,56.929960700909,56.929960700909,0.0,0.0,0.0,0.0,0.0,0.0,0.0,0.0,0.0,0.0,0.0,0.0,0.0,0.0,0.0,0.0,0.0,0.0,0.0,0.0,0.0,0.0,0.0,0.0,0.0,0.0,0.0,0.0,0.0,0.0,-15.496342903885076,-15.496342903885076,-15.496342903885076,-6.486209332892798,-6.486209332892798,-6.486209332892798,0.6618823389327394,0.6618823389327394,0.6618823389327394,-2.744135625290602,-2.744135625290602,-2.744135625290602,-2.7899511561644323,-2.7899511561644323,-2.7899511561644323,0.0,0.0,0.0,-0.7208649487756975,-0.7208649487756975,-0.7208649487756975,1.1707915685844092,1.1707915685844092,1.1707915685844092,0.7239023929886425,0.7239023929886425,0.7239023929886425,-0.6763536830772471,-0.6763536830772471,-0.6763536830772471,1.3984768940979868,1.3984768940979868,1.3984768940979868,-1.1135421377790164,-1.1135421377790164,-1.1135421377790164,-7.664474839799664,-7.664474839799664,-7.664474839799664,0.0,0.0,0.0,41.43361779702393
35,2018-03-16 05:00:00,56.9296637316675,35.72344749188729,56.69226585147639,56.9296637316675,56.9296637316675,0.0,0.0,0.0,0.0,0.0,0.0,0.0,0.0,0.0,0.0,0.0,0.0,0.0,0.0,0.0,0.0,0.0,0.0,0.0,0.0,0.0,0.0,0.0,0.0,0.0,0.0,0.0,0.0,0.0,0.0,-11.04126801159661,-11.04126801159661,-11.04126801159661,-3.5565212769404875,-3.5565212769404875,-3.5565212769404875,0.6618823389327394,0.6618823389327394,0.6618823389327394,-1.1623559325824213,-1.1623559325824213,-1.1623559325824213,-2.370809616751208,-2.370809616751208,-2.370809616751208,0.0,0.0,0.0,-0.6307407795697938,-0.6307407795697938,-0.6307407795697938,1.603649554034443,1.603649554034443,1.603649554034443,0.7239023929886425,0.7239023929886425,0.7239023929886425,-0.21951458836159904,-0.21951458836159904,-0.21951458836159904,1.3429512878452021,1.3429512878452021,1.3429512878452021,-0.9307252338556455,-0.9307252338556455,-0.9307252338556455,-7.665342089918905,-7.665342089918905,-7.665342089918905,0.0,0.0,0.0,45.88839572007089
36,2018-03-16 06:00:00,56.929366762426014,40.685363749871904,61.22314876676571,56.929366762426014,56.929366762426014,0.0,0.0,0.0,0.0,0.0,0.0,0.0,0.0,0.0,0.0,0.0,0.0,0.0,0.0,0.0,0.0,0.0,0.0,0.0,0.0,0.0,0.0,0.0,0.0,0.0,0.0,0.0,0.0,0.0,0.0,-5.784795185396204,-5.784795185396204,-5.784795185396204,-0.36739206408377884,-0.36739206408377884,-0.36739206408377884,0.6618823389327394,0.6618823389327394,0.6618823389327394,0.9614115838854189,0.9614115838854189,0.9614115838854189,-1.9118761590392606,-1.9118761590392606,-1.9118761590392606,0.0,0.0,0.0,-0.5406166103638903,-0.5406166103638903,-0.5406166103638903,2.484517602003244,2.484517602003244,2.484517602003244,0.6973340233464237,0.6973340233464237,0.6973340233464237,0.366102263849651,0.366102263849651,0.366102263849651,1.2873938387259445,1.2873938387259445,1.2873938387259445,-0.7959318748434886,-0.7959318748434886,-0.7959318748434886,-7.666208543923789,-7.666208543923789,-7.666208543923789,0.0,0.0,0.0,51.14457157702981
37,2018-03-16 07:00:00,56.929069793184524,45.58052490339292,65.41602689175043,56.929069793184524,56.929069793184524,0.0,0.0,0.0,0.0,0.0,0.0,0.0,0.0,0.0,0.0,0.0,0.0,0.0,0.0,0.0,0.0,0.0,0.0,0.0,0.0,0.0,0.0,0.0,0.0,0.0,0.0,0.0,0.0,0.0,0.0,-1.476299265249,-1.476299265249,-1.476299265249,2.099881010926828,2.099881010926828,2.099881010926828,0.6618823389327394,0.6618823389327394,0.6618823389327394,2.859848723041618,2.859848723041618,2.859848723041618,-1.1505241222570115,-1.1505241222570115,-1.1505241222570115,0.0,0.0,0.0,-0.45049244115798676,-0.45049244115798676,-0.45049244115798676,3.1753704132181984,3.1753704132181984,3.1753704132181984,0.406103817652873,0.406103817652873,0.406103817652873,0.7820544205604454,0.7820544205604454,0.7820544205604454,1.2310453053260018,1.2310453053260018,1.2310453053260018,-0.5645457039076401,-0.5645457039076401,-0.5645457039076401,-7.667074304543449,-7.667074304543449,-7.667074304543449,0.0,0.0,0.0,55.45277052793553
38,2018-03-16 08:00:00,56.92877282394303,46.14323187443609,66.75827472043895,56.92877282394303,56.92877282394303,0.0,0.0,0.0,0.0,0.0,0.0,0.0,0.0,0.0,0.0,0.0,0.0,0.0,0.0,0.0,0.0,0.0,0.0,0.0,0.0,0.0,0.0,0.0,0.0,0.0,0.0,0.0,0.0,0.0,0.0,-0.04521953320178895,-0.04521953320178895,-0.04521953320178895,3.4818669276773826,3.4818669276773826,3.4818669276773826,0.6618823389327394,0.6618823389327394,0.6618823389327394,2.9677973912540736,2.9677973912540736,2.9677973912540736,-0.7839079149981029,-0.7839079149981029,-0.7839079149981029,0.0,0.0,0.0,-0.36036827195208315,-0.36036827195208315,-0.36036827195208315,3.0922387471383903,3.0922387471383903,3.0922387471383903,-0.004173121245234515,-0.004173121245234515,-0.004173121245234515,0.9708748074883718,0.9708748074883718,0.9708748074883718,1.1730556222567845,1.1730556222567845,1.1730556222567845,-0.6087491941100074,-0.6087491941100074,-0.6087491941100074,-7.66793947439003,-7.66793947439003,-7.66793947439003,0.0,0.0,0.0,56.88355329074124
39,2018-03-16 09:00:00,56.92847585470153,46.71459594582815,66.35603757131098,56.92847585470153,56.92847585470153,0.0,0.0,0.0,0.0,0.0,0.0,0.0,0.0,0.0,0.0,0.0,0.0,0.0,0.0,0.0,0.0,0.0,0.0,0.0,0.0,0.0,0.0,0.0,0.0,0.0,0.0,0.0,0.0,0.0,0.0,-0.32440517201413127,-0.32440517201413127,-0.32440517201413127,4.042146412586828,4.042146412586828,4.042146412586828,0.6618823389327394,0.6618823389327394,0.6618823389327394,2.189759368593768,2.189759368593768,2.189759368593768,-0.8406777184376154,-0.8406777184376154,-0.8406777184376154,0.0,0.0,0.0,-0.27024410274617966,-0.27024410274617966,-0.27024410274617966,2.972660192974332,2.972660192974332,2.972660192974332,-0.41087354884535104,-0.41087354884535104,-0.41087354884535104,1.0077374405714878,1.0077374405714878,1.0077374405714878,1.1124932027625385,1.1124932027625385,1.1124932027625385,-0.9307252338556455,-0.9307252338556455,-0.9307252338556455,-7.6688041559572655,-7.6688041559572655,-7.6688041559572655,0.0,0.0,0.0,56.6040706826874
40,2018-03-16 10:00:00,56.92817888546004,44.975453974209024,65.60299106769992,56.92817888546004,56.92817888546004,0.0,0.0,0.0,0.0,0.0,0.0,0.0,0.0,0.0,0.0,0.0,0.0,0.0,0.0,0.0,0.0,0.0,0.0,0.0,0.0,0.0,0.0,0.0,0.0,0.0,0.0,0.0,0.0,0.0,0.0,-1.5901474314864383,-1.5901474314864383,-1.5901474314864383,4.13765198894272,4.13765198894272,4.13765198894272,0.6618823389327394,0.6618823389327394,0.6618823389327394,0.8935131586959234,0.8935131586959234,0.8935131586959234,-1.2221495751947142,-1.2221495751947142,-1.2221495751947142,0.0,0.0,0.0,-0.18011993354027603,-0.18011993354027603,-0.18011993354027603,2.6446382002160758,2.6446382002160758,2.6446382002160758,-0.8288144405248679,-0.8288144405248679,-0.8288144405248679,0.9943767482313192,0.9943767482313192,0.9943767482313192,1.0483558724865285,1.0483558724865285,1.0483558724865285,-1.1763001794243526,-1.1763001794243526,-1.1763001794243526,-7.66966845161161,-7.66966845161161,-7.66966845161161,0.0,0.0,0.0,55.338031453973606
41,2018-03-16 11:00:00,56.927881916218546,44.43386342945739,64.69606657259904,56.927881916218546,56.927881916218546,0.0,0.0,0.0,0.0,0.0,0.0,0.0,0.0,0.0,0.0,0.0,0.0,0.0,0.0,0.0,0.0,0.0,0.0,0.0,0.0,0.0,0.0,0.0,0.0,0.0,0.0,0.0,0.0,0.0,0.0,-2.916051440270751,-2.916051440270751,-2.916051440270751,3.7654958878383398,3.7654958878383398,3.7654958878383398,0.6618823389327394,0.6618823389327394,0.6618823389327394,0.009401820185504672,0.009401820185504672,0.009401820185504672,-1.4407398463823706,-1.4407398463823706,-1.4407398463823706,0.0,0.0,0.0,-0.08999576433437247,-0.08999576433437247,-0.08999576433437247,2.3895099836263207,2.3895099836263207,2.3895099836263207,-0.986691867821898,-0.986691867821898,-0.986691867821898,0.9644359196135917,0.9644359196135917,0.9644359196135917,0.9795833152906206,0.9795833152906206,0.9795833152906206,-1.4889989434485063,-1.4889989434485063,-1.4889989434485063,-7.670532463585216,-7.670532463585216,-7.670532463585216,0.0,0.0,0.0,54.0118304759478
42,2018-03-16 12:00:00,56.92758494697705,41.96409719390012,62.1668184127631,56.92758494697705,56.92758494697705,0.0,0.0,0.0,0.0,0.0,0.0,0.0,0.0,0.0,0.0,0.0,0.0,0.0,0.0,0.0,0.0,0.0,0.0,0.0,0.0,0.0,0.0,0.0,0.0,0.0,0.0,0.0,0.0,0.0,0.0,-5.012799076189339,-5.012799076189339,-5.012799076189339,2.7010759200413545,2.7010759200413545,2.7010759200413545,0.6618823389327394,0.6618823389327394,0.6618823389327394,-0.9475495917677031,-0.9475495917677031,-0.9475495917677031,-1.7622585462360587,-1.7622585462360587,-1.7622585462360587,0.0,0.0,0.0,0.00012840487153110446,0.00012840487153110446,0.00012840487153110446,2.041831242238356,2.041831242238356,2.041831242238356,-1.017858609132962,-1.017858609132962,-1.017858609132962,0.9140516219934374,0.9140516219934374,0.9140516219934374,0.9050708895099477,0.9050708895099477,0.9050708895099477,-1.7853260444347463,-1.7853260444347463,-1.7853260444347463,-7.671396293972938,-7.671396293972938,-7.671396293972938,0.0,0.0,0.0,51.91478587078771
43,2018-03-16 13:00:00,56.92728797773557,38.90119822595909,58.41463104637356,56.92728797773557,56.92728797773557,0.0,0.0,0.0,0.0,0.0,0.0,0.0,0.0,0.0,0.0,0.0,0.0,0.0,0.0,0.0,0.0,0.0,0.0,0.0,0.0,0.0,0.0,0.0,0.0,0.0,0.0,0.0,0.0,0.0,0.0,-7.900591141387119,-7.900591141387119,-7.900591141387119,1.0727330715534915,1.0727330715534915,1.0727330715534915,0.6618823389327394,0.6618823389327394,0.6618823389327394,-2.124748820465914,-2.124748820465914,-2.124748820465914,-1.995704466921905,-1.995704466921905,-1.995704466921905,0.0,0.0,0.0,0.09025257407743469,0.09025257407743469,0.09025257407743469,1.5610599320034086,1.5610599320034086,1.5610599320034086,-1.0168367487621075,-1.0168367487621075,-1.0168367487621075,0.7381090108150712,0.7381090108150712,0.7381090108150712,0.8236846522455872,0.8236846522455872,0.8236846522455872,-2.1635114606105557,-2.1635114606105557,-2.1635114606105557,-7.672260044720284,-7.672260044720284,-7.672260044720284,0.0,0.0,0.0,49.02669683634845
44,2018-03-16 14:00:00,56.92699100849407,35.91122015778275,56.63894280715583,56.92699100849407,56.92699100849407,0.0,0.0,0.0,0.0,0.0,0.0,0.0,0.0,0.0,0.0,0.0,0.0,0.0,0.0,0.0,0.0,0.0,0.0,0.0,0.0,0.0,0.0,0.0,0.0,0.0,0.0,0.0,0.0,0.0,0.0,-10.199600774692028,-10.199600774692028,-10.199600774692028,-0.30731521823945496,-0.30731521823945496,-0.30731521823945496,0.6618823389327394,0.6618823389327394,0.6618823389327394,-2.953439148879775,-2.953439148879775,-2.953439148879775,-2.1930723816835758,-2.1930723816835758,-2.1930723816835758,0.0,0.0,0.0,0.18037674328333825,0.18037674328333825,0.18037674328333825,1.33255022918305,1.33255022918305,1.33255022918305,-0.9442846624314337,-0.9442846624314337,-0.9442846624314337,0.6075605591539047,0.6075605591539047,0.6075605591539047,0.7342774100518705,0.7342774100518705,0.7342774100518705,-2.5984519753177984,-2.5984519753177984,-2.5984519753177984,-7.673123817624668,-7.673123817624668,-7.673123817624668,0.0,0.0,0.0,46.72739023380204
45,2018-03-16 15:00:00,56.926694039252574,36.01936824238397,57.448680891377506,56.926694039252574,56.926694039252574,0.0,0.0,0.0,0.0,0.0,0.0,0.0,0.0,0.0,0.0,0.0,0.0,0.0,0.0,0.0,0.0,0.0,0.0,0.0,0.0,0.0,0.0,0.0,0.0,0.0,0.0,0.0,0.0,0.0,0.0,-10.421688753103519,-10.421688753103519,-10.421688753103519,-0.35287614714118226,-0.35287614714118226,-0.35287614714118226,0.6618823389327394,0.6618823389327394,0.6618823389327394,-3.0305304896731604,-3.0305304896731604,-3.0305304896731604,-2.232864299982299,-2.232864299982299,-2.232864299982299,0.0,0.0,0.0,0.27050091248924185,0.27050091248924185,0.27050091248924185,1.3280455576220753,1.3280455576220753,1.3280455576220753,-0.7818088634655578,-0.7818088634655578,-0.7818088634655578,0.5360889037438455,0.5360889037438455,0.5360889037438455,0.6357055980334487,0.6357055980334487,0.6357055980334487,-2.8123750390132054,-2.8123750390132054,-2.8123750390132054,-7.673987714322624,-7.673987714322624,-7.673987714322624,0.0,0.0,0.0,46.50500528614906
46,2018-03-16 16:00:00,56.926397070011085,38.85581299715328,59.32175783744999,56.926397070011085,56.926397070011085,0.0,0.0,0.0,0.0,0.0,0.0,0.0,0.0,0.0,0.0,0.0,0.0,0.0,0.0,0.0,0.0,0.0,0.0,0.0,0.0,0.0,0.0,0.0,0.0,0.0,0.0,0.0,0.0,0.0,0.0,-7.967298955347699,-7.967298955347699,-7.967298955347699,1.3930485442260112,1.3930485442260112,1.3930485442260112,0.6618823389327394,0.6618823389327394,0.6618823389327394,-2.212342437998539,-2.212342437998539,-2.212342437998539,-2.1347109015121135,-2.1347109015121135,-2.1347109015121135,0.0,0.0,0.0,0.36062508169514546,0.36062508169514546,0.36062508169514546,1.4988135613426659,1.4988135613426659,1.4988135613426659,-0.45379168442124274,-0.45379168442124274,-0.45379168442124274,0.48876307786421186,0.48876307786421186,0.48876307786421186,0.5268467747103747,0.5268467747103747,0.5268467747103747,-2.633923911899945,-2.633923911899945,-2.633923911899945,-7.674851836285546,-7.674851836285546,-7.674851836285546,0.0,0.0,0.0,48.959098114663384
47,2018-03-16 17:00:00,56.92610010076959,43.51357247702807,63.77275636615391,56.92610010076959,56.92610010076959,0.0,0.0,0.0,0.0,0.0,0.0,0.0,0.0,0.0,0.0,0.0,0.0,0.0,0.0,0.0,0.0,0.0,0.0,0.0,0.0,0.0,0.0,0.0,0.0,0.0,0.0,0.0,0.0,0.0,0.0,-3.9087394051543694,-3.9087394051543694,-3.9087394051543694,4.1783287648661265,4.1783287648661265,4.1783287648661265,0.6618823389327394,0.6618823389327394,0.6618823389327394,-0.8179693941298939,-0.8179693941298939,-0.8179693941298939,-1.8811037422215806,-1.8811037422215806,-1.8811037422215806,0.0,0.0,0.0,0.450749250901049,0.450749250901049,0.450749250901049,1.7396087320565918,1.7396087320565918,1.7396087320565918,0.14808407401209556,0.14808407401209556,0.14808407401209556,0.4729878025710006,0.4729878025710006,0.4729878025710006,0.40661750892481113,0.40661750892481113,0.40661750892481113,-2.41017785038179,-2.41017785038179,-2.41017785038179,-7.6757162848154135,-7.6757162848154135,-7.6757162848154135,0.0,0.0,0.0,53.01736069561522
48,2018-03-16 18:00:00,56.8412711300137,48.436957539622306,68.04737158406788,56.8412711300137,56.8412711300137,0.0,0.0,0.0,0.0,0.0,0.0,0.0,0.0,0.0,0.0,0.0,0.0,0.0,0.0,0.0,0.0,0.0,0.0,0.0,0.0,0.0,0.0,0.0,0.0,0.0,0.0,0.0,0.0,0.0,0.0,1.3739272242908467,1.3739272242908467,1.3739272242908467,6.379392912022591,6.379392912022591,6.379392912022591,0.6948608798765592,0.6948608798765592,0.6948608798765592,2.0856195971470637,2.0856195971470637,2.0856195971470637,-1.230039305833836,-1.230039305833836,-1.230039305833836,0.0,0.0,0.0,0.5485788366684355,0.5485788366684355,0.5485788366684355,2.7182633201438144,2.7182633201438144,2.7182633201438144,0.5252537150404332,0.5252537150404332,0.5252537150404332,0.7000190395980618,0.7000190395980618,0.7000190395980618,0.23204123392483528,0.23204123392483528,0.23204123392483528,-1.8713168883464042,-1.8713168883464042,-1.8713168883464042,-7.323126518803643,-7.323126518803643,-7.323126518803643,0.0,0.0,0.0,58.21519835430455
49,2018-03-16 19:00:00,56.84094994657199,48.52592083998725,68.63355889058275,56.84094994657199,56.84094994657199,0.0,0.0,0.0,0.0,0.0,0.0,0.0,0.0,0.0,0.0,0.0,0.0,0.0,0.0,0.0,0.0,0.0,0.0,0.0,0.0,0.0,0.0,0.0,0.0,0.0,0.0,0.0,0.0,0.0,0.0,2.0116845496052917,2.0116845496052917,2.0116845496052917,6.65780939294692,6.65780939294692,6.65780939294692,0.6948608798765592,0.6948608798765592,0.6948608798765592,2.594581560700289,2.594581560700289,2.594581560700289,-1.1114274601785898,-1.1114274601785898,-1.1114274601785898,0.0,0.0,0.0,0.6399869556215908,0.6399869556215908,0.6399869556215908,2.757699582304004,2.757699582304004,2.757699582304004,0.624081344781683,0.624081344781683,0.624081344781683,0.904192458199101,0.904192458199101,0.904192458199101,0.08315322387997337,0.08315322387997337,0.08315322387997337,-1.914812199904059,-1.914812199904059,-1.914812199904059,-7.323859627921892,-7.323859627921892,-7.323859627921892,0.0,0.0,0.0,58.85263449617728
50,2018-03-16 20:00:00,56.84062876313028,46.3694015797975,65.57139971071433,56.84062876313028,56.84062876313028,0.0,0.0,0.0,0.0,0.0,0.0,0.0,0.0,0.0,0.0,0.0,0.0,0.0,0.0,0.0,0.0,0.0,0.0,0.0,0.0,0.0,0.0,0.0,0.0,0.0,0.0,0.0,0.0,0.0,0.0,-0.9040484323381289,-0.9040484323381289,-0.9040484323381289,4.768782763589778,4.768782763589778,4.768782763589778,0.6948608798765592,0.6948608798765592,0.6948608798765592,1.7316618056377786,1.7316618056377786,1.7316618056377786,-1.3994084728280387,-1.3994084728280387,-1.3994084728280387,0.0,0.0,0.0,0.731395074574746,0.731395074574746,0.731395074574746,2.5498472829185346,2.5498472829185346,2.5498472829185346,0.662731754432964,0.662731754432964,0.662731754432964,0.7878966780109287,0.7878966780109287,0.7878966780109287,-0.07989877044900057,-0.07989877044900057,-0.07989877044900057,-2.295661391347914,-2.295661391347914,-2.295661391347914,-7.324594231116687,-7.324594231116687,-7.324594231116687,0.0,0.0,0.0,55.936580330792154
51,2018-03-16 21:00:00,56.84030757968857,41.50312060761832,61.41184207791567,56.84030757968857,56.84030757968857,0.0,0.0,0.0,0.0,0.0,0.0,0.0,0.0,0.0,0.0,0.0,0.0,0.0,0.0,0.0,0.0,0.0,0.0,0.0,0.0,0.0,0.0,0.0,0.0,0.0,0.0,0.0,0.0,0.0,0.0,-5.187216440450519,-5.187216440450519,-5.187216440450519,1.6328263701948567,1.6328263701948567,1.6328263701948567,0.6948608798765592,0.6948608798765592,0.6948608798765592,0.7631633329209299,0.7631633329209299,0.7631633329209299,-1.882938744530731,-1.882938744530731,-1.882938744530731,0.0,0.0,0.0,0.8228031935279011,0.8228031935279011,0.8228031935279011,2.340139159431409,2.340139159431409,2.340139159431409,0.669581194118001,0.669581194118001,0.669581194118001,0.4732568416371643,0.4732568416371643,0.4732568416371643,-0.25787570848805175,-0.25787570848805175,-0.25787570848805175,-2.3545391911393736,-2.3545391911393736,-2.3545391911393736,-7.325330435078253,-7.325330435078253,-7.325330435078253,0.0,0.0,0.0,51.65309113923805
52,2018-03-16 22:00:00,56.839986396246864,36.914324374701565,56.599711009466176,56.839986396246864,56.839986396246864,0.0,0.0,0.0,0.0,0.0,0.0,0.0,0.0,0.0,0.0,0.0,0.0,0.0,0.0,0.0,0.0,0.0,0.0,0.0,0.0,0.0,0.0,0.0,0.0,0.0,0.0,0.0,0.0,0.0,0.0,-9.719171607931706,-9.719171607931706,-9.719171607931706,-1.5103492790351576,-1.5103492790351576,-1.5103492790351576,0.6948608798765592,0.6948608798765592,0.6948608798765592,-0.4313399698489394,-0.4313399698489394,-0.4313399698489394,-2.3071630934058005,-2.3071630934058005,-2.3071630934058005,0.0,0.0,0.0,0.9142113124810562,0.9142113124810562,0.9142113124810562,1.8293235754506014,1.8293235754506014,1.8293235754506014,0.6871940390223822,0.6871940390223822,0.6871940390223822,0.12174628798569606,0.12174628798569606,0.12174628798569606,-0.45141401276733395,-0.45141401276733395,-0.45141401276733395,-2.371512971259434,-2.371512971259434,-2.371512971259434,-7.326068346280276,-7.326068346280276,-7.326068346280276,0.0,0.0,0.0,47.12081478831516
53,2018-03-16 23:00:00,56.83966521280516,33.820449076064,53.93584015847136,56.83966521280516,56.83966521280516,0.0,0.0,0.0,0.0,0.0,0.0,0.0,0.0,0.0,0.0,0.0,0.0,0.0,0.0,0.0,0.0,0.0,0.0,0.0,0.0,0.0,0.0,0.0,0.0,0.0,0.0,0.0,0.0,0.0,0.0,-12.75523032251315,-12.75523032251315,-12.75523032251315,-3.983424270543445,-3.983424270543445,-3.983424270543445,0.6948608798765592,0.6948608798765592,0.6948608798765592,-0.7839879180753562,-0.7839879180753562,-0.7839879180753562,-2.4770665479930454,-2.4770665479930454,-2.4770665479930454,0.0,0.0,0.0,1.0056194314342115,1.0056194314342115,1.0056194314342115,1.6924565479534732,1.6924565479534732,1.6924565479534732,0.6930649873238426,0.6930649873238426,0.6930649873238426,-0.15879177825770202,-0.15879177825770202,-0.15879177825770202,-0.6610100629222039,-0.6610100629222039,-0.6610100629222039,-2.234131438412695,-2.234131438412695,-2.234131438412695,-7.326808070972148,-7.326808070972148,-7.326808070972148,0.0,0.0,0.0,44.08443489029201
54,2018-03-17 00:00:00,56.839344029363446,31.794623399932867,51.88175862901155,56.839344029363446,56.839344029363446,0.0,0.0,0.0,0.0,0.0,0.0,0.0,0.0,0.0,0.0,0.0,0.0,0.0,0.0,0.0,0.0,0.0,0.0,0.0,0.0,0.0,0.0,0.0,0.0,0.0,0.0,0.0,0.0,0.0,0.0,-15.133632374827782,-15.133632374827782,-15.133632374827782,-5.847754352020134,-5.847754352020134,-5.847754352020134,2.0841376597009105,2.0841376597009105,2.0841376597009105,-1.0713223928443216,-1.0713223928443216,-1.0713223928443216,-2.6149127469977906,-2.6149127469977906,-2.6149127469977906,0.0,0.0,0.0,0.00013012294950454865,0.00013012294950454865,0.00013012294950454865,1.5551255644309308,1.5551255644309308,1.5551255644309308,0.6930649873238426,0.6930649873238426,0.6930649873238426,-0.4412243872861205,-0.4412243872861205,-0.4412243872861205,-0.8870059147912785,-0.8870059147912785,-0.8870059147912785,-2.347643592965599,-2.347643592965599,-2.347643592965599,-7.327549715172048,-7.327549715172048,-7.327549715172048,0.0,0.0,0.0,41.70571165453566
55,2018-03-17 01:00:00,56.83902284592173,27.990698897748032,47.83362627745156,56.83902284592173,56.83902284592173,0.0,0.0,0.0,0.0,0.0,0.0,0.0,0.0,0.0,0.0,0.0,0.0,0.0,0.0,0.0,0.0,0.0,0.0,0.0,0.0,0.0,0.0,0.0,0.0,0.0,0.0,0.0,0.0,0.0,0.0,-18.38302523746692,-18.38302523746692,-18.38302523746692,-7.35184516345773,-7.35184516345773,-7.35184516345773,2.0841376597009105,2.0841376597009105,2.0841376597009105,-2.573310232247798,-2.573310232247798,-2.573310232247798,-2.761841835084244,-2.761841835084244,-2.761841835084244,0.0,0.0,0.0,-1.0053591855352024,-1.0053591855352024,-1.0053591855352024,1.529144027007747,1.529144027007747,1.529144027007747,0.6930649873238426,0.6930649873238426,0.6930649873238426,-0.6152308553872204,-0.6152308553872204,-0.6152308553872204,-1.1295764571022497,-1.1295764571022497,-1.1295764571022497,-2.4972250302736314,-2.4972250302736314,-2.4972250302736314,-7.328293384659143,-7.328293384659143,-7.328293384659143,0.0,0.0,0.0,38.45599760845481
56,2018-03-17 02:00:00,56.83870166248003,27.347742717315743,46.32793521075515,56.83870166248003,56.83870166248003,0.0,0.0,0.0,0.0,0.0,0.0,0.0,0.0,0.0,0.0,0.0,0.0,0.0,0.0,0.0,0.0,0.0,0.0,0.0,0.0,0.0,0.0,0.0,0.0,0.0,0.0,0.0,0.0,0.0,0.0,-19.775317948310875,-19.775317948310875,-19.775317948310875,-8.323561046904482,-8.323561046904482,-8.323561046904482,2.0841376597009105,2.0841376597009105,2.0841376597009105,-2.7339995121861294,-2.7339995121861294,-2.7339995121861294,-2.739401756176495,-2.739401756176495,-2.739401756176495,0.0,0.0,0.0,-0.9139510665820471,-0.9139510665820471,-0.9139510665820471,1.2363877749715166,1.2363877749715166,1.2363877749715166,0.693554233015631,0.693554233015631,0.693554233015631,-0.7157873570536851,-0.7157873570536851,-0.7157873570536851,-1.3887182042511457,-1.3887182042511457,-1.3887182042511457,-2.37893900006196,-2.37893900006196,-2.37893900006196,-7.329039184969118,-7.329039184969118,-7.329039184969118,0.0,0.0,0.0,37.06338371416915
57,2018-03-17 03:00:00,56.83838047903832,27.757851578549403,46.63108930848361,56.83838047903832,56.83838047903832,0.0,0.0,0.0,0.0,0.0,0.0,0.0,0.0,0.0,0.0,0.0,0.0,0.0,0.0,0.0,0.0,0.0,0.0,0.0,0.0,0.0,0.0,0.0,0.0,0.0,0.0,0.0,0.0,0.0,0.0,-19.503018896567283,-19.503018896567283,-19.503018896567283,-8.167823919580721,-8.167823919580721,-8.167823919580721,2.0841376597009105,2.0841376597009105,2.0841376597009105,-2.3411678504563658,-2.3411678504563658,-2.3411678504563658,-2.7383331809904115,-2.7383331809904115,-2.7383331809904115,0.0,0.0,0.0,-0.8225429476288919,-0.8225429476288919,-0.8225429476288919,1.124574372846744,1.124574372846744,1.124574372846744,0.693554233015631,0.693554233015631,0.693554233015631,-0.7847195676163488,-0.7847195676163488,-0.7847195676163488,-1.6642399051451566,-1.6642399051451566,-1.6642399051451566,-1.8978384197839988,-1.8978384197839988,-1.8978384197839988,-7.32978722138504,-7.32978722138504,-7.32978722138504,0.0,0.0,0.0,37.33536158247104
58,2018-03-17 04:00:00,56.83805929559661,29.830486904662855,49.116176212460005,56.83805929559661,56.83805929559661,0.0,0.0,0.0,0.0,0.0,0.0,0.0,0.0,0.0,0.0,0.0,0.0,0.0,0.0,0.0,0.0,0.0,0.0,0.0,0.0,0.0,0.0,0.0,0.0,0.0,0.0,0.0,0.0,0.0,0.0,-17.4659292177276,-17.4659292177276,-17.4659292177276,-6.464960539431812,-6.464960539431812,-6.464960539431812,2.0841376597009105,2.0841376597009105,2.0841376597009105,-1.7146759512477472,-1.7146759512477472,-1.7146759512477472,-2.6047612827299993,-2.6047612827299993,-2.6047612827299993,0.0,0.0,0.0,-0.7311348286757369,-0.7311348286757369,-0.7311348286757369,1.198343380887569,1.198343380887569,1.198343380887569,0.693554233015631,0.693554233015631,0.693554233015631,-0.773643779026999,-0.773643779026999,-0.773643779026999,-1.9557551281147418,-1.9557551281147418,-1.9557551281147418,-1.5811713344191223,-1.5811713344191223,-1.5811713344191223,-7.330537598933298,-7.330537598933298,-7.330537598933298,0.0,0.0,0.0,39.37213007786901
59,2018-03-17 05:00:00,56.8377381121549,31.742385168371182,52.415565663104296,56.8377381121549,56.8377381121549,0.0,0.0,0.0,0.0,0.0,0.0,0.0,0.0,0.0,0.0,0.0,0.0,0.0,0.0,0.0,0.0,0.0,0.0,0.0,0.0,0.0,0.0,0.0,0.0,0.0,0.0,0.0,0.0,0.0,0.0,-14.787719737768711,-14.787719737768711,-14.787719737768711,-3.5329670205476122,-3.5329670205476122,-3.5329670205476122,2.0841376597009105,2.0841376597009105,2.0841376597009105,-1.6607853344502053,-1.6607853344502053,-1.6607853344502053,-2.7174959648617873,-2.7174959648617873,-2.7174959648617873,0.0,0.0,0.0,-0.6397267097225817,-0.6397267097225817,-0.6397267097225817,1.195095688709671,1.195095688709671,1.195095688709671,0.693554233015631,0.693554233015631,0.693554233015631,-0.6739616817228512,-0.6739616817228512,-0.6739616817228512,-2.2626769603967136,-2.2626769603967136,-2.2626769603967136,-1.6023885595691978,-1.6023885595691978,-1.6023885595691978,-7.331290422374181,-7.331290422374181,-7.331290422374181,0.0,0.0,0.0,42.05001837438619
60,2018-03-17 06:00:00,56.83741692871319,35.811369259656,55.84520890168664,56.83741692871319,56.83741692871319,0.0,0.0,0.0,0.0,0.0,0.0,0.0,0.0,0.0,0.0,0.0,0.0,0.0,0.0,0.0,0.0,0.0,0.0,0.0,0.0,0.0,0.0,0.0,0.0,0.0,0.0,0.0,0.0,0.0,0.0,-11.33789479668628,-11.33789479668628,-11.33789479668628,-0.3524545120400245,-0.3524545120400245,-0.3524545120400245,2.0841376597009105,2.0841376597009105,2.0841376597009105,-1.0691795530317096,-1.0691795530317096,-1.0691795530317096,-2.686507284465372,-2.686507284465372,-2.686507284465372,0.0,0.0,0.0,-0.5483185907694265,-0.5483185907694265,-0.5483185907694265,1.5008427094574934,1.5008427094574934,1.5008427094574934,0.6725166682687312,0.6725166682687312,0.6725166682687312,-0.5616007211651058,-0.5616007211651058,-0.5616007211651058,-2.5842149354163215,-2.5842149354163215,-2.5842149354163215,-1.530249994058941,-1.530249994058941,-1.530249994058941,-7.332045796198224,-7.332045796198224,-7.332045796198224,0.0,0.0,0.0,45.49952213202691
61,2018-03-17 07:00:00,56.83709574527148,37.26203419199331,57.85844794356225,56.83709574527148,56.83709574527148,0.0,0.0,0.0,0.0,0.0,0.0,0.0,0.0,0.0,0.0,0.0,0.0,0.0,0.0,0.0,0.0,0.0,0.0,0.0,0.0,0.0,0.0,0.0,0.0,0.0,0.0,0.0,0.0,0.0,0.0,-8.584396218444393,-8.584396218444393,-8.584396218444393,2.0988240004025056,2.0988240004025056,2.0988240004025056,2.0841376597009105,2.0841376597009105,2.0841376597009105,-0.43104211886677624,-0.43104211886677624,-0.43104211886677624,-2.7431417693277864,-2.7431417693277864,-2.7431417693277864,0.0,0.0,0.0,-0.45691047181627126,-0.45691047181627126,-0.45691047181627126,1.78849544521417,1.78849544521417,1.78849544521417,0.47681839155338496,0.47681839155338496,0.47681839155338496,-0.28251999552556956,-0.28251999552556956,-0.28251999552556956,-2.9193742753634986,-2.9193742753634986,-2.9193742753634986,-1.2979213786656143,-1.2979213786656143,-1.2979213786656143,-7.332803824616624,-7.332803824616624,-7.332803824616624,0.0,0.0,0.0,48.25269952682709
62,2018-03-17 08:00:00,56.83677456182978,39.94287527743317,61.2221145215635,56.83677456182978,56.83677456182978,0.0,0.0,0.0,0.0,0.0,0.0,0.0,0.0,0.0,0.0,0.0,0.0,0.0,0.0,0.0,0.0,0.0,0.0,0.0,0.0,0.0,0.0,0.0,0.0,0.0,0.0,0.0,0.0,0.0,0.0,-6.686348898614487,-6.686348898614487,-6.686348898614487,3.465228168767361,3.465228168767361,3.465228168767361,2.0841376597009105,2.0841376597009105,2.0841376597009105,0.44894505393112105,0.44894505393112105,0.44894505393112105,-2.513398104319877,-2.513398104319877,-2.513398104319877,0.0,0.0,0.0,-0.3655023528631161,-0.3655023528631161,-0.3655023528631161,2.278433008051348,2.278433008051348,2.278433008051348,0.2052870326108421,0.2052870326108421,0.2052870326108421,0.13588249184315562,0.13588249184315562,0.13588249184315562,-3.266957509757284,-3.266957509757284,-3.266957509757284,-1.3758946810921417,-1.3758946810921417,-1.3758946810921417,-7.333564611555686,-7.333564611555686,-7.333564611555686,0.0,0.0,0.0,50.15042566321529
63,2018-03-17 09:00:00,56.836453378388065,41.06867482690013,60.85611407926146,56.836453378388065,56.836453378388065,0.0,0.0,0.0,0.0,0.0,0.0,0.0,0.0,0.0,0.0,0.0,0.0,0.0,0.0,0.0,0.0,0.0,0.0,0.0,0.0,0.0,0.0,0.0,0.0,0.0,0.0,0.0,0.0,0.0,0.0,-5.695491723051445,-5.695491723051445,-5.695491723051445,4.016871389786308,4.016871389786308,4.016871389786308,2.0841376597009105,2.0841376597009105,2.0841376597009105,1.2475336496591134,1.2475336496591134,1.2475336496591134,-2.3483032380700077,-2.3483032380700077,-2.3483032380700077,0.0,0.0,0.0,-0.27409423390996096,-0.27409423390996096,-0.27409423390996096,2.7470285937194823,2.7470285937194823,2.7470285937194823,0.15587321774021717,0.15587321774021717,0.15587321774021717,0.3770723617822849,0.3770723617822849,0.3770723617822849,-3.6255685018441866,-3.6255685018441866,-3.6255685018441866,-1.4941807113038126,-1.4941807113038126,-1.4941807113038126,-7.334328260652681,-7.334328260652681,-7.334328260652681,0.0,0.0,0.0,51.14096165533662
64,2018-03-17 10:00:00,56.83613219494635,40.47594384233518,61.62039815239609,56.83613219494635,56.83613219494635,0.0,0.0,0.0,0.0,0.0,0.0,0.0,0.0,0.0,0.0,0.0,0.0,0.0,0.0,0.0,0.0,0.0,0.0,0.0,0.0,0.0,0.0,0.0,0.0,0.0,0.0,0.0,0.0,0.0,0.0,-5.9494500569553646,-5.9494500569553646,-5.9494500569553646,4.112492390923618,4.112492390923618,4.112492390923618,2.0841376597009105,2.0841376597009105,2.0841376597009105,1.2667713126576785,1.2667713126576785,1.2667713126576785,-2.4081434484906725,-2.4081434484906725,-2.4081434484906725,0.0,0.0,0.0,-0.1826861149568058,-0.1826861149568058,-0.1826861149568058,2.6472780482554734,2.6472780482554734,2.6472780482554734,0.14217433837014293,0.14217433837014293,0.14217433837014293,0.4426526889560663,0.4426526889560663,0.4426526889560663,-3.9936188852919896,-3.9936188852919896,-3.9936188852919896,-1.4586418591774362,-1.4586418591774362,-1.4586418591774362,-7.335094875244673,-7.335094875244673,-7.335094875244673,0.0,0.0,0.0,50.88668213799099
65,2018-03-17 11:00:00,56.835811011504646,40.44768084559086,60.04189330060465,56.835811011504646,56.835811011504646,0.0,0.0,0.0,0.0,0.0,0.0,0.0,0.0,0.0,0.0,0.0,0.0,0.0,0.0,0.0,0.0,0.0,0.0,0.0,0.0,0.0,0.0,0.0,0.0,0.0,0.0,0.0,0.0,0.0,0.0,-6.972051761208148,-6.972051761208148,-6.972051761208148,3.746755197353322,3.746755197353322,3.746755197353322,2.0841376597009105,2.0841376597009105,2.0841376597009105,0.9863944851697456,0.9863944851697456,0.9863944851697456,-2.369140454198632,-2.369140454198632,-2.369140454198632,0.0,0.0,0.0,-0.09127799600365064,-0.09127799600365064,-0.09127799600365064,2.44824091335287,2.44824091335287,2.44824091335287,0.04285746293710471,0.04285746293710471,0.04285746293710471,0.3662880413137075,0.3662880413137075,0.3662880413137075,-4.369336885367411,-4.369336885367411,-4.369336885367411,-1.4947111419325645,-1.4947111419325645,-1.4947111419325645,-7.335864558363805,-7.335864558363805,-7.335864558363805,0.0,0.0,0.0,49.863759250296496
66,2018-03-17 12:00:00,56.83548982806293,37.383250021179194,57.548580609033394,56.83548982806293,56.83548982806293,0.0,0.0,0.0,0.0,0.0,0.0,0.0,0.0,0.0,0.0,0.0,0.0,0.0,0.0,0.0,0.0,0.0,0.0,0.0,0.0,0.0,0.0,0.0,0.0,0.0,0.0,0.0,0.0,0.0,0.0,-9.185284703249952,-9.185284703249952,-9.185284703249952,2.6910825120495323,2.6910825120495323,2.6910825120495323,2.0841376597009105,2.0841376597009105,2.0841376597009105,0.2110486659103385,0.2110486659103385,0.2110486659103385,-2.518740980250294,-2.518740980250294,-2.518740980250294,0.0,0.0,0.0,0.00013012294950454865,0.00013012294950454865,0.00013012294950454865,2.023257194073651,2.023257194073651,2.023257194073651,0.0032285619022471004,0.0032285619022471004,0.0032285619022471004,0.39805806647789493,0.39805806647789493,0.39805806647789493,-4.750778468478923,-4.750778468478923,-4.750778468478923,-1.779021958943576,-1.779021958943576,-1.779021958943576,-7.336637412730901,-7.336637412730901,-7.336637412730901,0.0,0.0,0.0,47.650205124812985
67,2018-03-17 13:00:00,56.83516864462123,34.65850744886992,54.14528406504073,56.83516864462123,56.83516864462123,0.0,0.0,0.0,0.0,0.0,0.0,0.0,0.0,0.0,0.0,0.0,0.0,0.0,0.0,0.0,0.0,0.0,0.0,0.0,0.0,0.0,0.0,0.0,0.0,0.0,0.0,0.0,0.0,0.0,0.0,-12.031116403973774,-12.031116403973774,-12.031116403973774,1.070407750395338,1.070407750395338,1.070407750395338,2.0841376597009105,2.0841376597009105,2.0841376597009105,-0.6282698785699948,-0.6282698785699948,-0.6282698785699948,-2.638421401091623,-2.638421401091623,-2.638421401091623,0.0,0.0,0.0,0.09153824190265972,0.09153824190265972,0.09153824190265972,1.6293585284971697,1.6293585284971697,1.6293585284971697,0.010078001587284217,0.010078001587284217,0.010078001587284217,0.2944411495433204,0.2944411495433204,0.2944411495433204,-5.13584073505002,-5.13584073505002,-5.13584073505002,-2.099402058709716,-2.099402058709716,-2.099402058709716,-7.337413540749098,-7.337413540749098,-7.337413540749098,0.0,0.0,0.0,44.80405224064745
68,2018-03-17 14:00:00,56.834847461179514,32.01857508031368,52.00957075110226,56.834847461179514,56.834847461179514,0.0,0.0,0.0,0.0,0.0,0.0,0.0,0.0,0.0,0.0,0.0,0.0,0.0,0.0,0.0,0.0,0.0,0.0,0.0,0.0,0.0,0.0,0.0,0.0,0.0,0.0,0.0,0.0,0.0,0.0,-14.571445926619015,-14.571445926619015,-14.571445926619015,-0.30552046502557495,-0.30552046502557495,-0.30552046502557495,2.0841376597009105,2.0841376597009105,2.0841376597009105,-1.405454973724113,-1.405454973724113,-1.405454973724113,-2.8387792484822416,-2.8387792484822416,-2.8387792484822416,0.0,0.0,0.0,0.1829463608558149,0.1829463608558149,0.1829463608558149,1.2902066739195401,1.2902066739195401,1.2902066739195401,0.12113677362324321,0.12113677362324321,0.12113677362324321,0.12640977791805386,0.12640977791805386,0.12640977791805386,-5.522277443372203,-5.522277443372203,-5.522277443372203,-2.371512971259434,-2.371512971259434,-2.371512971259434,-7.338193044497126,-7.338193044497126,-7.338193044497126,0.0,0.0,0.0,42.2634015345605
69,2018-03-17 15:00:00,56.83452627773781,32.07378112156752,51.58745108042576,56.83452627773781,56.83452627773781,0.0,0.0,0.0,0.0,0.0,0.0,0.0,0.0,0.0,0.0,0.0,0.0,0.0,0.0,0.0,0.0,0.0,0.0,0.0,0.0,0.0,0.0,0.0,0.0,0.0,0.0,0.0,0.0,0.0,0.0,-15.435276262799642,-15.435276262799642,-15.435276262799642,-0.35214040044587425,-0.35214040044587425,-0.35214040044587425,2.0841376597009105,2.0841376597009105,2.0841376597009105,-1.836443312210421,-1.836443312210421,-1.836443312210421,-3.013491291406861,-3.013491291406861,-3.013491291406861,0.0,0.0,0.0,0.2743544798089701,0.2743544798089701,0.2743544798089701,1.2591216202168023,1.2591216202168023,1.2591216202168023,0.209200998145149,0.209200998145149,0.209200998145149,0.009239593367564476,0.009239593367564476,0.009239593367564476,-5.907716524423089,-5.907716524423089,-5.907716524423089,-2.6590063720429566,-2.6590063720429566,-2.6590063720429566,-7.338976025720258,-7.338976025720258,-7.338976025720258,0.0,0.0,0.0,41.39925001493817
70,2018-03-17 16:00:00,56.834205094296095,33.52233487481665,53.526938316770256,56.834205094296095,56.834205094296095,0.0,0.0,0.0,0.0,0.0,0.0,0.0,0.0,0.0,0.0,0.0,0.0,0.0,0.0,0.0,0.0,0.0,0.0,0.0,0.0,0.0,0.0,0.0,0.0,0.0,0.0,0.0,0.0,0.0,0.0,-13.112200584032621,-13.112200584032621,-13.112200584032621,1.3876214472136559,1.3876214472136559,1.3876214472136559,2.0841376597009105,2.0841376597009105,2.0841376597009105,-0.8703800240378924,-0.8703800240378924,-0.8703800240378924,-2.7613075474912026,-2.7613075474912026,-2.7613075474912026,0.0,0.0,0.0,0.36576259876212525,0.36576259876212525,0.36576259876212525,1.5449185318718226,1.5449185318718226,1.5449185318718226,0.30166843389315007,0.30166843389315007,0.30166843389315007,-0.0016904611613990854,-0.0016904611613990854,-0.0016904611613990854,-6.289679421381584,-6.289679421381584,-6.289679421381584,-2.4038692396132992,-2.4038692396132992,-2.4038692396132992,-7.339762585826801,-7.339762585826801,-7.339762585826801,0.0,0.0,0.0,43.722004510263474
71,2018-03-17 17:00:00,56.83388391085439,38.07186261805739,57.52574087724465,56.83388391085439,56.83388391085439,0.0,0.0,0.0,0.0,0.0,0.0,0.0,0.0,0.0,0.0,0.0,0.0,0.0,0.0,0.0,0.0,0.0,0.0,0.0,0.0,0.0,0.0,0.0,0.0,0.0,0.0,0.0,0.0,0.0,0.0,-9.235790299167327,-9.235790299167327,-9.235790299167327,4.164706673207927,4.164706673207927,4.164706673207927,2.0841376597009105,2.0841376597009105,2.0841376597009105,0.6056579191143431,0.6056579191143431,0.6056579191143431,-2.3076973809988424,-2.3076973809988424,-2.3076973809988424,0.0,0.0,0.0,0.4571707177152804,0.4571707177152804,0.4571707177152804,1.8599446731279248,1.8599446731279248,1.8599446731279248,0.4259368396073949,0.4259368396073949,0.4259368396073949,0.052959811483418724,0.052959811483418724,0.052959811483418724,-6.665602065609449,-6.665602065609449,-6.665602065609449,-1.9667944015217442,-1.9667944015217442,-1.9667944015217442,-7.34055282588015,-7.34055282588015,-7.34055282588015,0.0,0.0,0.0,47.59809361168706
72,2018-03-17 18:00:00,56.830807262296844,41.6453418028329,61.129844973279184,56.830807262296844,56.830807262296844,0.0,0.0,0.0,0.0,0.0,0.0,0.0,0.0,0.0,0.0,0.0,0.0,0.0,0.0,0.0,0.0,0.0,0.0,0.0,0.0,0.0,0.0,0.0,0.0,0.0,0.0,0.0,0.0,0.0,0.0,-4.843548843367201,-4.843548843367201,-4.843548843367201,6.316874543967966,6.316874543967966,6.316874543967966,2.044767874370409,2.044767874370409,2.044767874370409,3.0614988932895013,3.0614988932895013,3.0614988932895013,-1.536727258036926,-1.536727258036926,-1.536727258036926,0.0,0.0,0.0,0.5676320547879499,0.5676320547879499,0.5676320547879499,2.5927147344056594,2.5927147344056594,2.5927147344056594,0.5884893096076418,0.5884893096076418,0.5884893096076418,0.31188221454214804,0.31188221454214804,0.31188221454214804,-6.957513876694986,-6.957513876694986,-6.957513876694986,-1.507260036387381,-1.507260036387381,-1.507260036387381,-7.26440840392968,-7.26440840392968,-7.26440840392968,0.0,0.0,0.0,51.98725841892964
73,2018-03-17 19:00:00,56.830479654589965,44.629548784200615,63.60432461498068,56.830479654589965,56.830479654589965,0.0,0.0,0.0,0.0,0.0,0.0,0.0,0.0,0.0,0.0,0.0,0.0,0.0,0.0,0.0,0.0,0.0,0.0,0.0,0.0,0.0,0.0,0.0,0.0,0.0,0.0,0.0,0.0,0.0,0.0,-3.190629290612017,-3.190629290612017,-3.190629290612017,6.589835598626947,6.589835598626947,6.589835598626947,2.044767874370409,2.044767874370409,2.044767874370409,4.796554226742703,4.796554226742703,4.796554226742703,-1.1266723692414913,-1.1266723692414913,-1.1266723692414913,0.0,0.0,0.0,0.6622149760028091,0.6622149760028091,0.6622149760028091,3.114184948566645,3.114184948566645,3.114184948566645,0.6826231499529453,0.6826231499529453,0.6826231499529453,0.5359894472220577,0.5359894472220577,0.5359894472220577,-7.311890344228198,-7.311890344228198,-7.311890344228198,-1.1165538001306718,-1.1165538001306718,-1.1165538001306718,-7.265128771753469,-7.265128771753469,-7.265128771753469,0.0,0.0,0.0,53.63985036397795
74,2018-03-17 20:00:00,56.830152046883086,40.99256808775366,61.58156494888899,56.830152046883086,56.830152046883086,0.0,0.0,0.0,0.0,0.0,0.0,0.0,0.0,0.0,0.0,0.0,0.0,0.0,0.0,0.0,0.0,0.0,0.0,0.0,0.0,0.0,0.0,0.0,0.0,0.0,0.0,0.0,0.0,0.0,0.0,-5.295819460468625,-5.295819460468625,-5.295819460468625,4.707138368650999,4.707138368650999,4.707138368650999,2.044767874370409,2.044767874370409,2.044767874370409,4.915213401547668,4.915213401547668,4.915213401547668,-1.1048995432877515,-1.1048995432877515,-1.1048995432877515,0.0,0.0,0.0,0.7567978972176682,0.7567978972176682,0.7567978972176682,2.833500358204193,2.833500358204193,2.833500358204193,0.6869901837833976,0.6869901837833976,0.6869901837833976,0.4906363897560715,0.4906363897560715,0.4906363897560715,-7.652315947236254,-7.652315947236254,-7.652315947236254,-0.7925797584963209,-0.7925797584963209,-0.7925797584963209,-7.26585528343104,-7.26585528343104,-7.26585528343104,0.0,0.0,0.0,51.534332586414465
75,2018-03-17 21:00:00,56.82982443917621,38.08738690393093,57.66036476305678,56.82982443917621,56.82982443917621,0.0,0.0,0.0,0.0,0.0,0.0,0.0,0.0,0.0,0.0,0.0,0.0,0.0,0.0,0.0,0.0,0.0,0.0,0.0,0.0,0.0,0.0,0.0,0.0,0.0,0.0,0.0,0.0,0.0,0.0,-9.419261261566154,-9.419261261566154,-9.419261261566154,1.592729150637403,1.592729150637403,1.592729150637403,2.044767874370409,2.044767874370409,2.044767874370409,4.230727126640309,4.230727126640309,4.230727126640309,-1.7471979089230782,-1.7471979089230782,-1.7471979089230782,0.0,0.0,0.0,0.8513808184325274,0.8513808184325274,0.8513808184325274,2.640500705988027,2.640500705988027,2.640500705988027,0.6869901837833976,0.6869901837833976,0.6869901837833976,0.26486787291989866,0.26486787291989866,0.26486787291989866,-7.9761294982019075,-7.9761294982019075,-7.9761294982019075,-0.5105824199308726,-0.5105824199308726,-0.5105824199308726,-7.266588040641958,-7.266588040641958,-7.266588040641958,0.0,0.0,0.0,47.41056317761005
76,2018-03-17 22:00:00,56.82949683146932,34.22684932981153,54.48245986545989,56.82949683146932,56.82949683146932,0.0,0.0,0.0,0.0,0.0,0.0,0.0,0.0,0.0,0.0,0.0,0.0,0.0,0.0,0.0,0.0,0.0,0.0,0.0,0.0,0.0,0.0,0.0,0.0,0.0,0.0,0.0,0.0,0.0,0.0,-13.308653966128162,-13.308653966128162,-13.308653966128162,-1.5139941180480954,-1.5139941180480954,-1.5139941180480954,2.044767874370409,2.044767874370409,2.044767874370409,3.7533737947343666,3.7533737947343666,3.7533737947343666,-2.0214318358166117,-2.0214318358166117,-2.0214318358166117,0.0,0.0,0.0,0.9459637396473867,0.9459637396473867,0.9459637396473867,2.45260440996027,2.45260440996027,2.45260440996027,0.6869901837833976,0.6869901837833976,0.6869901837833976,-0.08549695563601639,-0.08549695563601639,-0.08549695563601639,-8.280706498209302,-8.280706498209302,-8.280706498209302,-0.2700236215744692,-0.2700236215744692,-0.2700236215744692,-7.267327144605129,-7.267327144605129,-7.267327144605129,0.0,0.0,0.0,43.52084286534116
77,2018-03-17 23:00:00,56.82916922376245,30.627509427434966,51.07200980499066,56.82916922376245,56.82916922376245,0.0,0.0,0.0,0.0,0.0,0.0,0.0,0.0,0.0,0.0,0.0,0.0,0.0,0.0,0.0,0.0,0.0,0.0,0.0,0.0,0.0,0.0,0.0,0.0,0.0,0.0,0.0,0.0,0.0,0.0,-16.465602084686246,-16.465602084686246,-16.465602084686246,-3.9402619016357114,-3.9402619016357114,-3.9402619016357114,2.044767874370409,2.044767874370409,2.044767874370409,3.3062173359042557,3.3062173359042557,3.3062173359042557,-2.0463150654780287,-2.0463150654780287,-2.0463150654780287,0.0,0.0,0.0,1.0405466608622458,1.0405466608622458,1.0405466608622458,2.215994259406797,2.215994259406797,2.215994259406797,0.6874754097645589,0.6874754097645589,0.6874754097645589,-0.447490773285774,-0.447490773285774,-0.447490773285774,-8.563484822883037,-8.563484822883037,-8.563484822883037,-0.18876102973595257,-0.18876102973595257,-0.18876102973595257,-7.268072696071755,-7.268072696071755,-7.268072696071755,0.0,0.0,0.0,40.3635671390762
78,2018-03-18 00:00:00,56.82884161605557,28.275117798011973,47.97522479108225,56.82884161605557,56.82884161605557,0.0,0.0,0.0,0.0,0.0,0.0,0.0,0.0,0.0,0.0,0.0,0.0,0.0,0.0,0.0,0.0,0.0,0.0,0.0,0.0,0.0,0.0,0.0,0.0,0.0,0.0,0.0,0.0,0.0,0.0,-18.812506653186073,-18.812506653186073,-18.812506653186073,-5.7560161279568876,-5.7560161279568876,-5.7560161279568876,3.408770980016156,3.408770980016156,3.408770980016156,3.0343245150108022,3.0343245150108022,3.0343245150108022,-2.029726245703751,-2.029726245703751,-2.029726245703751,0.0,0.0,0.0,0.00013452749879438073,0.00013452749879438073,0.00013452749879438073,1.912576536932345,1.912576536932345,1.912576536932345,0.6874754097645589,0.6874754097645589,0.6874754097645589,-0.7652944323789297,-0.7652944323789297,-0.7652944323789297,-8.8219902449219,-8.8219902449219,-8.8219902449219,-0.17961226111837125,-0.17961226111837125,-0.17961226111837125,-7.26882479531809,-7.26882479531809,-7.26882479531809,0.0,0.0,0.0,38.01633496286949
79,2018-03-18 01:00:00,56.828514008348684,24.59341417260449,44.058277350243024,56.828514008348684,56.828514008348684,0.0,0.0,0.0,0.0,0.0,0.0,0.0,0.0,0.0,0.0,0.0,0.0,0.0,0.0,0.0,0.0,0.0,0.0,0.0,0.0,0.0,0.0,0.0,0.0,0.0,0.0,0.0,0.0,0.0,0.0,-22.48818600275749,-22.48818600275749,-22.48818600275749,-7.220693906298139,-7.220693906298139,-7.220693906298139,3.408770980016156,3.408770980016156,3.408770980016156,1.0559529549071551,1.0559529549071551,1.0559529549071551,-2.3558002343919027,-2.3558002343919027,-2.3558002343919027,0.0,0.0,0.0,-1.0402776058646572,-1.0402776058646572,-1.0402776058646572,1.649057781021811,1.649057781021811,1.649057781021811,0.6874754097645589,0.6874754097645589,0.6874754097645589,-1.010333845427756,-1.010333845427756,-1.010333845427756,-9.053861509229101,-9.053861509229101,-9.053861509229101,-0.28293953021105456,-0.28293953021105456,-0.28293953021105456,-7.269583542137403,-7.269583542137403,-7.269583542137403,0.0,0.0,0.0,34.34032800559119
80,2018-03-18 02:00:00,56.82818640064181,23.339780956534607,42.66752418952267,56.82818640064181,56.82818640064181,0.0,0.0,0.0,0.0,0.0,0.0,0.0,0.0,0.0,0.0,0.0,0.0,0.0,0.0,0.0,0.0,0.0,0.0,0.0,0.0,0.0,0.0,0.0,0.0,0.0,0.0,0.0,0.0,0.0,0.0,-24.193467793202778,-24.193467793202778,-24.193467793202778,-8.172034552019568,-8.172034552019568,-8.172034552019568,3.408770980016156,3.408770980016156,3.408770980016156,0.5057904736368117,0.5057904736368117,0.5057904736368117,-2.408677097422414,-2.408677097422414,-2.408677097422414,0.0,0.0,0.0,-0.945694684649798,-0.945694684649798,-0.945694684649798,1.375332312734461,1.375332312734461,1.375332312734461,0.6874754097645589,0.6874754097645589,0.6874754097645589,-1.1395817527850352,-1.1395817527850352,-1.1395817527850352,-9.25687467898506,-9.25687467898506,-9.25687467898506,-0.4718346940211164,-0.4718346940211164,-0.4718346940211164,-7.270349035834963,-7.270349035834963,-7.270349035834963,0.0,0.0,0.0,32.634718607439034
81,2018-03-18 03:00:00,56.827858792934926,21.42110441248628,42.2404610614098,56.827858792934926,56.827858792934926,0.0,0.0,0.0,0.0,0.0,0.0,0.0,0.0,0.0,0.0,0.0,0.0,0.0,0.0,0.0,0.0,0.0,0.0,0.0,0.0,0.0,0.0,0.0,0.0,0.0,0.0,0.0,0.0,0.0,0.0,-24.836455351298405,-24.836455351298405,-24.836455351298405,-8.019925976533587,-8.019925976533587,-8.019925976533587,3.408770980016156,3.408770980016156,3.408770980016156,-0.11644152224984353,-0.11644152224984353,-0.11644152224984353,-2.6108533384214274,-2.6108533384214274,-2.6108533384214274,0.0,0.0,0.0,-0.8511117634349387,-0.8511117634349387,-0.8511117634349387,1.2226955685538874,1.2226955685538874,1.2226955685538874,0.6869901837833976,0.6869901837833976,0.6869901837833976,-1.2018799086449063,-1.2018799086449063,-1.2018799086449063,-9.42896647729323,-9.42896647729323,-9.42896647729323,-0.7710532441020119,-0.7710532441020119,-0.7710532441020119,-7.271121375221741,-7.271121375221741,-7.271121375221741,0.0,0.0,0.0,31.99140344163652
82,2018-03-18 04:00:00,56.82753118522805,23.709355664855206,43.67387354559763,56.82753118522805,56.82753118522805,0.0,0.0,0.0,0.0,0.0,0.0,0.0,0.0,0.0,0.0,0.0,0.0,0.0,0.0,0.0,0.0,0.0,0.0,0.0,0.0,0.0,0.0,0.0,0.0,0.0,0.0,0.0,0.0,0.0,0.0,-23.06277857932841,-23.06277857932841,-23.06277857932841,-6.3426887684824385,-6.3426887684824385,-6.3426887684824385,3.408770980016156,3.408770980016156,3.408770980016156,0.1200672049878693,0.1200672049878693,0.1200672049878693,-2.538277251908961,-2.538277251908961,-2.538277251908961,0.0,0.0,0.0,-0.7565288422200794,-0.7565288422200794,-0.7565288422200794,1.3484237073773992,1.3484237073773992,1.3484237073773992,0.6869901837833976,0.6869901837833976,0.6869901837833976,-1.1877589933166688,-1.1877589933166688,-1.1877589933166688,-9.568256357227098,-9.568256357227098,-9.568256357227098,-0.841552578743374,-0.841552578743374,-0.841552578743374,-7.271900658606739,-7.271900658606739,-7.271900658606739,0.0,0.0,0.0,33.76475260589964
83,2018-03-18 05:00:00,56.82720357752117,27.284275844564128,46.42386426769405,56.82720357752117,56.82720357752117,0.0,0.0,0.0,0.0,0.0,0.0,0.0,0.0,0.0,0.0,0.0,0.0,0.0,0.0,0.0,0.0,0.0,0.0,0.0,0.0,0.0,0.0,0.0,0.0,0.0,0.0,0.0,0.0,0.0,0.0,-20.140872908041544,-20.140872908041544,-20.140872908041544,-3.450553044737745,-3.450553044737745,-3.450553044737745,3.408770980016156,3.408770980016156,3.408770980016156,0.25543416700370924,0.25543416700370924,0.25543416700370924,-2.534130046965392,-2.534130046965392,-2.534130046965392,0.0,0.0,0.0,-0.6619459210052203,-0.6619459210052203,-0.6619459210052203,1.326618458208746,1.326618458208746,1.326618458208746,0.6869901837833976,0.6869901837833976,0.6869901837833976,-1.10187060243786,-1.10187060243786,-1.10187060243786,-9.673067046518263,-9.673067046518263,-9.673067046518263,-0.868998884596118,-0.868998884596118,-0.868998884596118,-7.272686983789244,-7.272686983789244,-7.272686983789244,0.0,0.0,0.0,36.686330669479624
84,2018-03-18 06:00:00,56.82687596981429,30.63457484598411,49.75872762600668,56.82687596981429,56.82687596981429,0.0,0.0,0.0,0.0,0.0,0.0,0.0,0.0,0.0,0.0,0.0,0.0,0.0,0.0,0.0,0.0,0.0,0.0,0.0,0.0,0.0,0.0,0.0,0.0,0.0,0.0,0.0,0.0,0.0,0.0,-16.916250950165672,-16.916250950165672,-16.916250950165672,-0.3144104159776087,-0.3144104159776087,-0.3144104159776087,3.408770980016156,3.408770980016156,3.408770980016156,0.4135832415353852,0.4135832415353852,0.4135832415353852,-2.486437190114342,-2.486437190114342,-2.486437190114342,0.0,0.0,0.0,-0.567362999790361,-0.567362999790361,-0.567362999790361,1.3479597659057259,1.3479597659057259,1.3479597659057259,0.6651550146311364,0.6651550146311364,0.6651550146311364,-1.084427118797096,-1.084427118797096,-1.084427118797096,-9.741943327671143,-9.741943327671143,-9.741943327671143,-0.8700752103158335,-0.8700752103158335,-0.8700752103158335,-7.273480448052302,-7.273480448052302,-7.273480448052302,0.0,0.0,0.0,39.91062501964862
85,2018-03-18 07:00:00,56.82654836210741,32.83033184428975,53.358728011828504,56.82654836210741,56.82654836210741,0.0,0.0,0.0,0.0,0.0,0.0,0.0,0.0,0.0,0.0,0.0,0.0,0.0,0.0,0.0,0.0,0.0,0.0,0.0,0.0,0.0,0.0,0.0,0.0,0.0,0.0,0.0,0.0,0.0,0.0,-14.17241525317854,-14.17241525317854,-14.17241525317854,2.0957626434260166,2.0957626434260166,2.0957626434260166,3.408770980016156,3.408770980016156,3.408770980016156,0.7797720846277907,0.7797720846277907,0.7797720846277907,-2.457925156127302,-2.457925156127302,-2.457925156127302,0.0,0.0,0.0,-0.47278007857550186,-0.47278007857550186,-0.47278007857550186,1.5312166472167485,1.5312166472167485,1.5312166472167485,0.4201158941446506,0.4201158941446506,0.4201158941446506,-0.8721150036266554,-0.8721150036266554,-0.8721150036266554,-9.773668833072884,-9.773668833072884,-9.773668833072884,-0.7775111984203046,-0.7775111984203046,-0.7775111984203046,-7.274281148159461,-7.274281148159461,-7.274281148159461,0.0,0.0,0.0,42.65413310892887
86,2018-03-18 08:00:00,56.82622075440053,33.75775615847038,54.040500041058195,56.82622075440053,56.82622075440053,0.0,0.0,0.0,0.0,0.0,0.0,0.0,0.0,0.0,0.0,0.0,0.0,0.0,0.0,0.0,0.0,0.0,0.0,0.0,0.0,0.0,0.0,0.0,0.0,0.0,0.0,0.0,0.0,0.0,0.0,-12.511482464759304,-12.511482464759304,-12.511482464759304,3.4285345188727563,3.4285345188727563,3.4285345188727563,3.408770980016156,3.408770980016156,3.408770980016156,1.1023528522010226,1.1023528522010226,1.1023528522010226,-2.6492149841494452,-2.6492149841494452,-2.6492149841494452,0.0,0.0,0.0,-0.3781971573606425,-0.3781971573606425,-0.3781971573606425,1.8202521840693233,1.8202521840693233,1.8202521840693233,0.07317931761427969,0.07317931761427969,0.07317931761427969,-0.46327297277027474,-0.46327297277027474,-0.46327297277027474,-9.767280655490364,-9.767280655490364,-9.767280655490364,-0.7091645152183734,-0.7091645152183734,-0.7091645152183734,-7.275089180342718,-7.275089180342718,-7.275089180342718,0.0,0.0,0.0,44.31473828964123
87,2018-03-18 09:00:00,56.82589314669365,34.799592127342976,54.55707533292411,56.82589314669365,56.82589314669365,0.0,0.0,0.0,0.0,0.0,0.0,0.0,0.0,0.0,0.0,0.0,0.0,0.0,0.0,0.0,0.0,0.0,0.0,0.0,0.0,0.0,0.0,0.0,0.0,0.0,0.0,0.0,0.0,0.0,0.0,-12.110126280487563,-12.110126280487563,-12.110126280487563,3.955649281488326,3.955649281488326,3.955649281488326,3.408770980016156,3.408770980016156,3.408770980016156,0.9322106759715941,0.9322106759715941,0.9322106759715941,-2.5502004661217232,-2.5502004661217232,-2.5502004661217232,0.0,0.0,0.0,-0.28361423614578335,-0.28361423614578335,-0.28361423614578335,1.7608676756951187,1.7608676756951187,1.7608676756951187,-0.2407618921971189,-0.2407618921971189,-0.2407618921971189,-0.1630789257335092,-0.1630789257335092,-0.1630789257335092,-9.722081597645884,-9.722081597645884,-9.722081597645884,-0.9997724595415454,-0.9997724595415454,-0.9997724595415454,-7.275904640301599,-7.275904640301599,-7.275904640301599,0.0,0.0,0.0,44.71576686620609
88,2018-03-18 10:00:00,56.82556553898677,35.469723484534455,55.43205505568855,56.82556553898677,56.82556553898677,0.0,0.0,0.0,0.0,0.0,0.0,0.0,0.0,0.0,0.0,0.0,0.0,0.0,0.0,0.0,0.0,0.0,0.0,0.0,0.0,0.0,0.0,0.0,0.0,0.0,0.0,0.0,0.0,0.0,0.0,-12.180112041199793,-12.180112041199793,-12.180112041199793,4.036732888037546,4.036732888037546,4.036732888037546,3.408770980016156,3.408770980016156,3.408770980016156,0.6975326043489238,0.6975326043489238,0.6975326043489238,-2.4843635876425574,-2.4843635876425574,-2.4843635876425574,0.0,0.0,0.0,-0.18903131493092407,-0.18903131493092407,-0.18903131493092407,1.8828842827452423,1.8828842827452423,1.8828842827452423,-0.4877419166082501,-0.4877419166082501,-0.4877419166082501,-0.028514909076187627,-0.028514909076187627,-0.028514909076187627,-9.637649910396362,-9.637649910396362,-9.637649910396362,-1.404470930154555,-1.404470930154555,-1.404470930154555,-7.276727623189899,-7.276727623189899,-7.276727623189899,0.0,0.0,0.0,44.64545349778698
89,2018-03-18 11:00:00,56.825237931279894,33.48599943368222,53.80506926356811,56.825237931279894,56.825237931279894,0.0,0.0,0.0,0.0,0.0,0.0,0.0,0.0,0.0,0.0,0.0,0.0,0.0,0.0,0.0,0.0,0.0,0.0,0.0,0.0,0.0,0.0,0.0,0.0,0.0,0.0,0.0,0.0,0.0,0.0,-12.93391520576641,-12.93391520576641,-12.93391520576641,3.6671556276186594,3.6671556276186594,3.6671556276186594,3.408770980016156,3.408770980016156,3.408770980016156,0.19033378648052618,0.19033378648052618,0.19033378648052618,-2.485918789496396,-2.485918789496396,-2.485918789496396,0.0,0.0,0.0,-0.09444839371606485,-0.09444839371606485,-0.09444839371606485,1.7645792074685065,1.7645792074685065,1.7645792074685065,-0.5969177623695556,-0.5969177623695556,-0.5969177623695556,-0.05575996923890458,-0.05575996923890458,-0.05575996923890458,-9.513846396250093,-9.513846396250093,-9.513846396250093,-1.749971486183215,-1.749971486183215,-1.749971486183215,-7.277558223615506,-7.277558223615506,-7.277558223615506,0.0,0.0,0.0,43.89132272551348
90,2018-03-18 12:00:00,56.824910323573015,33.38759377571374,53.45762777475299,56.824910323573015,56.824910323573015,0.0,0.0,0.0,0.0,0.0,0.0,0.0,0.0,0.0,0.0,0.0,0.0,0.0,0.0,0.0,0.0,0.0,0.0,0.0,0.0,0.0,0.0,0.0,0.0,0.0,0.0,0.0,0.0,0.0,0.0,-13.95817086092903,-13.95817086092903,-13.95817086092903,2.6176655360157897,2.6176655360157897,2.6176655360157897,3.408770980016156,3.408770980016156,3.408770980016156,0.05337892268809607,0.05337892268809607,0.05337892268809607,-2.5289460407859297,-2.5289460407859297,-2.5289460407859297,0.0,0.0,0.0,0.00013452749879438073,0.00013452749879438073,0.00013452749879438073,1.7919517542972414,1.7919517542972414,1.7919517542972414,-0.643499456561046,-0.643499456561046,-0.643499456561046,-0.013563351669818561,-0.013563351669818561,-0.013563351669818561,-9.350818784004485,-9.350818784004485,-9.350818784004485,-1.9614694901073013,-1.9614694901073013,-1.9614694901073013,-7.278396535628431,-7.278396535628431,-7.278396535628431,0.0,0.0,0.0,42.866739462643984
91,2018-03-18 13:00:00,56.824582715866136,30.882467561536682,51.56587290536565,56.824582715866136,56.824582715866136,0.0,0.0,0.0,0.0,0.0,0.0,0.0,0.0,0.0,0.0,0.0,0.0,0.0,0.0,0.0,0.0,0.0,0.0,0.0,0.0,0.0,0.0,0.0,0.0,0.0,0.0,0.0,0.0,0.0,0.0,-15.992389546341208,-15.992389546341208,-15.992389546341208,1.0096791895605914,1.0096791895605914,1.0096791895605914,3.408770980016156,3.408770980016156,3.408770980016156,-0.5738227723957933,-0.5738227723957933,-0.5738227723957933,-2.7103862570670954,-2.7103862570670954,-2.7103862570670954,0.0,0.0,0.0,0.0947174487136536,0.0947174487136536,0.0947174487136536,1.4838946171060539,1.4838946171060539,1.4838946171060539,-0.6769800492611797,-0.6769800492611797,-0.6769800492611797,-0.0826727725703689,-0.0826727725703689,-0.0826727725703689,-9.14900331078838,-9.14900331078838,-9.14900331078838,-2.091166739333013,-2.091166739333013,-2.091166739333013,-7.279242652717625,-7.279242652717625,-7.279242652717625,0.0,0.0,0.0,40.83219316952493
92,2018-03-18 14:00:00,56.82425510815926,28.663157710616,49.26762351935485,56.82425510815926,56.82425510815926,0.0,0.0,0.0,0.0,0.0,0.0,0.0,0.0,0.0,0.0,0.0,0.0,0.0,0.0,0.0,0.0,0.0,0.0,0.0,0.0,0.0,0.0,0.0,0.0,0.0,0.0,0.0,0.0,0.0,0.0,-17.651669616938467,-17.651669616938467,-17.651669616938467,-0.35316834592053503,-0.35316834592053503,-0.35316834592053503,3.408770980016156,3.408770980016156,3.408770980016156,-1.109281124937869,-1.109281124937869,-1.109281124937869,-2.7902199522308084,-2.7902199522308084,-2.7902199522308084,0.0,0.0,0.0,0.18930036992851285,0.18930036992851285,0.18930036992851285,1.2384695785907858,1.2384695785907858,1.2384695785907858,-0.6046813780681375,-0.6046813780681375,-0.6046813780681375,-0.2848510543876039,-0.2848510543876039,-0.2848510543876039,-8.90912347827602,-8.90912347827602,-8.90912347827602,-2.266069668786774,-2.266069668786774,-2.266069668786774,-7.280096667804046,-7.280096667804046,-7.280096667804046,0.0,0.0,0.0,39.17258549122079
93,2018-03-18 15:00:00,56.82392750045238,29.713583807990798,48.87500498920588,56.82392750045238,56.82392750045238,0.0,0.0,0.0,0.0,0.0,0.0,0.0,0.0,0.0,0.0,0.0,0.0,0.0,0.0,0.0,0.0,0.0,0.0,0.0,0.0,0.0,0.0,0.0,0.0,0.0,0.0,0.0,0.0,0.0,0.0,-17.555768189984175,-17.555768189984175,-17.555768189984175,-0.39256599146405313,-0.39256599146405313,-0.39256599146405313,3.408770980016156,3.408770980016156,3.408770980016156,-1.2500575435119925,-1.2500575435119925,-1.2500575435119925,-2.9472953394685035,-2.9472953394685035,-2.9472953394685035,0.0,0.0,0.0,0.2838832911433721,0.2838832911433721,0.2838832911433721,1.3535270635658077,1.3535270635658077,1.3535270635658077,-0.4139875674717237,-0.4139875674717237,-0.4139875674717237,-0.4358617841919314,-0.4358617841919314,-0.4358617841919314,-8.632185981777024,-8.632185981777024,-8.632185981777024,-2.499094187105169,-2.499094187105169,-2.499094187105169,-7.280958673231107,-7.280958673231107,-7.280958673231107,0.0,0.0,0.0,39.26815931046821
94,2018-03-18 16:00:00,56.82359989274549,31.356243304581962,50.94397633906729,56.82359989274549,56.82359989274549,0.0,0.0,0.0,0.0,0.0,0.0,0.0,0.0,0.0,0.0,0.0,0.0,0.0,0.0,0.0,0.0,0.0,0.0,0.0,0.0,0.0,0.0,0.0,0.0,0.0,0.0,0.0,0.0,0.0,0.0,-15.430297275269716,-15.430297275269716,-15.430297275269716,1.3453664731855544,1.3453664731855544,1.3453664731855544,3.408770980016156,3.408770980016156,3.408770980016156,-1.174361144995176,-1.174361144995176,-1.174361144995176,-3.006393009914369,-3.006393009914369,-3.006393009914369,0.0,0.0,0.0,0.3784662123582313,0.3784662123582313,0.3784662123582313,1.2412532274208268,1.2412532274208268,1.2412532274208268,-0.1970915538925967,-0.1970915538925967,-0.1970915538925967,-0.49865832529868154,-0.49865832529868154,-0.49865832529868154,-8.31947384269725,-8.31947384269725,-8.31947384269725,-2.5007086756847428,-2.5007086756847428,-2.5007086756847428,-7.281828760762842,-7.281828760762842,-7.281828760762842,0.0,0.0,0.0,41.393302617475776
95,2018-03-18 17:00:00,56.82327228503862,36.901249700411505,56.489013876584885,56.82327228503862,56.82327228503862,0.0,0.0,0.0,0.0,0.0,0.0,0.0,0.0,0.0,0.0,0.0,0.0,0.0,0.0,0.0,0.0,0.0,0.0,0.0,0.0,0.0,0.0,0.0,0.0,0.0,0.0,0.0,0.0,0.0,0.0,-10.75970899847316,-10.75970899847316,-10.75970899847316,4.1131893292307975,4.1131893292307975,4.1131893292307975,3.408770980016156,3.408770980016156,3.408770980016156,0.3823454994303319,0.3823454994303319,0.3823454994303319,-2.822879191161418,-2.822879191161418,-2.822879191161418,0.0,0.0,0.0,0.4730491335730906,0.4730491335730906,0.4730491335730906,1.4690484900125027,1.4690484900125027,1.4690484900125027,0.2187471119626871,0.2187471119626871,0.2187471119626871,-0.43951660933571046,-0.43951660933571046,-0.43951660933571046,-7.972536805562159,-7.972536805562159,-7.972536805562159,-1.9248744156369757,-1.9248744156369757,-1.9248744156369757,-7.282707021572131,-7.282707021572131,-7.282707021572131,0.0,0.0,0.0,46.06356328656546
96,2018-03-18 18:00:00,56.79518442065281,41.43138346098814,61.37917242710486,56.79518442065281,56.79518442065281,0.0,0.0,0.0,0.0,0.0,0.0,0.0,0.0,0.0,0.0,0.0,0.0,0.0,0.0,0.0,0.0,0.0,0.0,0.0,0.0,0.0,0.0,0.0,0.0,0.0,0.0,0.0,0.0,0.0,0.0,-5.740379680808788,-5.740379680808788,-5.740379680808788,6.324874175976121,6.324874175976121,6.324874175976121,3.412656026729396,3.412656026729396,3.412656026729396,2.714142469186782,2.714142469186782,2.714142469186782,-2.6446507306833733,-2.6446507306833733,-2.6446507306833733,0.0,0.0,0.0,0.5857709199463794,0.5857709199463794,0.5857709199463794,2.346713266215278,2.346713266215278,2.346713266215278,0.5271935656236666,0.5271935656236666,0.5271935656236666,-0.03082029805179409,-0.03082029805179409,-0.03082029805179409,-7.605193500739054,-7.605193500739054,-7.605193500739054,-1.4827202805927715,-1.4827202805927715,-1.4827202805927715,-7.174202825232637,-7.174202825232637,-7.174202825232637,0.0,0.0,0.0,51.05480473984402
97,2018-03-18 19:00:00,56.794841806834555,43.33294240037038,62.69532464118166,56.794841806834555,56.794841806834555,0.0,0.0,0.0,0.0,0.0,0.0,0.0,0.0,0.0,0.0,0.0,0.0,0.0,0.0,0.0,0.0,0.0,0.0,0.0,0.0,0.0,0.0,0.0,0.0,0.0,0.0,0.0,0.0,0.0,0.0,-3.581627840365075,-3.581627840365075,-3.581627840365075,6.607939622883044,6.607939622883044,6.607939622883044,3.412656026729396,3.412656026729396,3.412656026729396,4.182442853870783,4.182442853870783,4.182442853870783,-2.101071814419831,-2.101071814419831,-2.101071814419831,0.0,0.0,0.0,0.6833762886001411,0.6833762886001411,0.6833762886001411,2.640987374149835,2.640987374149835,2.640987374149835,0.5852254012329011,0.5852254012329011,0.5852254012329011,0.32362619861184844,0.32362619861184844,0.32362619861184844,-7.196894029463286,-7.196894029463286,-7.196894029463286,-1.3623566210335085,-1.3623566210335085,-1.3623566210335085,-7.175116287655613,-7.175116287655613,-7.175116287655613,0.0,0.0,0.0,53.21321396646948
98,2018-03-18 20:00:00,56.79449919301631,41.96926731588416,61.91019326318874,56.79449919301631,56.79449919301631,0.0,0.0,0.0,0.0,0.0,0.0,0.0,0.0,0.0,0.0,0.0,0.0,0.0,0.0,0.0,0.0,0.0,0.0,0.0,0.0,0.0,0.0,0.0,0.0,0.0,0.0,0.0,0.0,0.0,0.0,-4.4142023530509915,-4.4142023530509915,-4.4142023530509915,4.714926331267965,4.714926331267965,4.714926331267965,3.412656026729396,3.412656026729396,3.412656026729396,4.807262236017063,4.807262236017063,4.807262236017063,-1.810763635693911,-1.810763635693911,-1.810763635693911,0.0,0.0,0.0,0.7809816572539029,0.7809816572539029,0.7809816572539029,2.8814369871288403,2.8814369871288403,2.8814369871288403,0.6432572368421356,0.6432572368421356,0.6432572368421356,0.3611430803756348,0.3611430803756348,0.3611430803756348,-6.760350361040779,-6.760350361040779,-6.760350361040779,-1.461449116618936,-1.461449116618936,-1.461449116618936,-7.176040559295241,-7.176040559295241,-7.176040559295241,0.0,0.0,0.0,52.38029683996532
99,2018-03-18 21:00:00,56.794156579198045,39.09186099115405,58.72765327587783,56.794156579198045,56.794156579198045,0.0,0.0,0.0,0.0,0.0,0.0,0.0,0.0,0.0,0.0,0.0,0.0,0.0,0.0,0.0,0.0,0.0,0.0,0.0,0.0,0.0,0.0,0.0,0.0,0.0,0.0,0.0,0.0,0.0,0.0,-8.045876486087295,-8.045876486087295,-8.045876486087295,1.5735467488992574,1.5735467488992574,1.5735467488992574,3.412656026729396,3.412656026729396,3.412656026729396,3.855573036054652,3.855573036054652,3.855573036054652,-2.2633829537450167,-2.2633829537450167,-2.2633829537450167,0.0,0.0,0.0,0.8785870259076645,0.8785870259076645,0.8785870259076645,2.4860533139039487,2.4860533139039487,2.4860533139039487,0.6659038068359832,0.6659038068359832,0.6659038068359832,0.21554507353061547,0.21554507353061547,0.21554507353061547,-6.29802054297617,-6.29802054297617,-6.29802054297617,-1.5397892571079395,-1.5397892571079395,-1.5397892571079395,-7.176975728065032,-7.176975728065032,-7.176975728065032,0.0,0.0,0.0,48.74828009311075
100,2018-03-18 22:00:00,56.79381396537979,35.26626488204611,55.69443077374652,56.79381396537979,56.79381396537979,0.0,0.0,0.0,0.0,0.0,0.0,0.0,0.0,0.0,0.0,0.0,0.0,0.0,0.0,0.0,0.0,0.0,0.0,0.0,0.0,0.0,0.0,0.0,0.0,0.0,0.0,0.0,0.0,0.0,0.0,-11.409607136684272,-11.409607136684272,-11.409607136684272,-1.5603883480317728,-1.5603883480317728,-1.5603883480317728,3.412656026729396,3.412656026729396,3.412656026729396,3.1412493334481866,3.1412493334481866,3.1412493334481866,-2.4632762025112696,-2.4632762025112696,-2.4632762025112696,0.0,0.0,0.0,0.9761923945614264,0.9761923945614264,0.9761923945614264,2.1917792059693917,2.1917792059693917,2.1917792059693917,0.6673192174605986,0.6673192174605986,0.6673192174605986,-0.09014302084074154,-0.09014302084074154,-0.09014302084074154,-5.812546240920901,-5.812546240920901,-5.812546240920901,-1.5532782879206153,-1.5532782879206153,-1.5532782879206153,-7.177921881179784,-7.177921881179784,-7.177921881179784,0.0,0.0,0.0,45.38420682869552
101,2018-03-18 23:00:00,56.79347135156154,32.034404578875005,52.84151221203006,56.79347135156154,56.79347135156154,0.0,0.0,0.0,0.0,0.0,0.0,0.0,0.0,0.0,0.0,0.0,0.0,0.0,0.0,0.0,0.0,0.0,0.0,0.0,0.0,0.0,0.0,0.0,0.0,0.0,0.0,0.0,0.0,0.0,0.0,-14.3751656758433,-14.3751656758433,-14.3751656758433,-3.998875123260303,-3.998875123260303,-3.998875123260303,3.412656026729396,3.412656026729396,3.412656026729396,2.1093183053831623,2.1093183053831623,2.1093183053831623,-2.6392040481556824,-2.6392040481556824,-2.6392040481556824,0.0,0.0,0.0,1.073797763215188,1.073797763215188,1.073797763215188,1.5579580504180384,1.5579580504180384,1.5579580504180384,0.6682628245436757,0.6682628245436757,0.6682628245436757,-0.42332543650469284,-0.42332543650469284,-0.42332543650469284,-5.3067297528121165,-5.3067297528121165,-5.3067297528121165,-1.5408268748627605,-1.5408268748627605,-1.5408268748627605,-7.178879105154043,-7.178879105154043,-7.178879105154043,0.0,0.0,0.0,42.418305675718244
102,2018-03-19 00:00:00,56.793128737743274,29.560630751244798,49.217704117427424,56.793128737743274,56.793128737743274,0.0,0.0,0.0,0.0,0.0,0.0,0.0,0.0,0.0,0.0,0.0,0.0,0.0,0.0,0.0,0.0,0.0,0.0,0.0,0.0,0.0,0.0,0.0,0.0,0.0,0.0,0.0,0.0,0.0,0.0,-17.376744983282105,-17.376744983282105,-17.376744983282105,-5.809529215973246,-5.809529215973246,-5.809529215973246,3.1393347508804537,3.1393347508804537,3.1393347508804537,0.39614119458118735,0.39614119458118735,0.39614119458118735,-2.61088129901169,-2.61088129901169,-2.61088129901169,0.0,0.0,0.0,0.00013870802380903293,0.00013870802380903293,0.00013870802380903293,1.4623818444221997,1.4623818444221997,1.4623818444221997,0.6677910210021373,0.6677910210021373,0.6677910210021373,-0.6382687266098518,-0.6382687266098518,-0.6382687266098518,-4.783509476098744,-4.783509476098744,-4.783509476098744,-1.62435510412587,-1.62435510412587,-1.62435510412587,-7.179847485791301,-7.179847485791301,-7.179847485791301,0.0,0.0,0.0,39.416383754461165
103,2018-03-19 01:00:00,56.792786123925026,26.205774295629713,46.57557095291128,56.792786123925026,56.792786123925026,0.0,0.0,0.0,0.0,0.0,0.0,0.0,0.0,0.0,0.0,0.0,0.0,0.0,0.0,0.0,0.0,0.0,0.0,0.0,0.0,0.0,0.0,0.0,0.0,0.0,0.0,0.0,0.0,0.0,0.0,-20.386370053352422,-20.386370053352422,-20.386370053352422,-7.261818095887685,-7.261818095887685,-7.261818095887685,2.866013475031511,2.866013475031511,2.866013475031511,-1.6977907607755889,-1.6977907607755889,-1.6977907607755889,-2.7290743098625807,-2.7290743098625807,-2.7290743098625807,0.0,0.0,0.0,-1.0735203471675698,-1.0735203471675698,-1.0735203471675698,1.1862169123605384,1.1862169123605384,1.1862169123605384,0.6677910210021373,0.6677910210021373,0.6677910210021373,-0.7714062528690648,-0.7714062528690648,-0.7714062528690648,-4.245934088508825,-4.245934088508825,-4.245934088508825,-1.8438112592705604,-1.8438112592705604,-1.8438112592705604,-7.18082710818032,-7.18082710818032,-7.18082710818032,0.0,0.0,0.0,36.406416070572604
104,2018-03-19 02:00:00,56.79244351010677,25.73661292074077,45.29019412261532,56.79244351010677,56.79244351010677,0.0,0.0,0.0,0.0,0.0,0.0,0.0,0.0,0.0,0.0,0.0,0.0,0.0,0.0,0.0,0.0,0.0,0.0,0.0,0.0,0.0,0.0,0.0,0.0,0.0,0.0,0.0,0.0,0.0,0.0,-21.50439501874407,-21.50439501874407,-21.50439501874407,-8.204666104926911,-8.204666104926911,-8.204666104926911,2.5926921991825695,2.5926921991825695,2.5926921991825695,-2.4207751426348345,-2.4207751426348345,-2.4207751426348345,-2.7851751398977957,-2.7851751398977957,-2.7851751398977957,0.0,0.0,0.0,-0.9759149785138083,-0.9759149785138083,-0.9759149785138083,1.0212221988519323,1.0212221988519323,1.0212221988519323,0.6682628245436757,0.6682628245436757,0.6682628245436757,-0.8308644156643797,-0.8308644156643797,-0.8308644156643797,-3.697135714493646,-3.697135714493646,-3.697135714493646,-2.1109978311370283,-2.1109978311370283,-2.1109978311370283,-7.1818180566886785,-7.1818180566886785,-7.1818180566886785,0.0,0.0,0.0,35.2880484913627
105,2018-03-19 03:00:00,56.79210089628851,25.417712579518646,45.7993072098394,56.79210089628851,56.79210089628851,0.0,0.0,0.0,0.0,0.0,0.0,0.0,0.0,0.0,0.0,0.0,0.0,0.0,0.0,0.0,0.0,0.0,0.0,0.0,0.0,0.0,0.0,0.0,0.0,0.0,0.0,0.0,0.0,0.0,0.0,-21.087317179241566,-21.087317179241566,-21.087317179241566,-8.04978224402716,-8.04978224402716,-8.04978224402716,2.319370923333627,2.319370923333627,2.319370923333627,-2.71441215739154,-2.71441215739154,-2.71441215739154,-2.7492270352150365,-2.7492270352150365,-2.7492270352150365,0.0,0.0,0.0,-0.8783096098600465,-0.8783096098600465,-0.8783096098600465,0.9900341737375006,0.9900341737375006,0.9900341737375006,0.6677910210021373,0.6677910210021373,0.6677910210021373,-0.8254468154096812,-0.8254468154096812,-0.8254468154096812,-3.140302362865704,-3.140302362865704,-3.140302362865704,-2.23862481498004,-2.23862481498004,-2.23862481498004,-7.182820414957159,-7.182820414957159,-7.182820414957159,0.0,0.0,0.0,35.70478371704694
106,2018-03-19 04:00:00,56.79175828247026,28.281954950039935,48.645271766266184,56.79175828247026,56.79175828247026,0.0,0.0,0.0,0.0,0.0,0.0,0.0,0.0,0.0,0.0,0.0,0.0,0.0,0.0,0.0,0.0,0.0,0.0,0.0,0.0,0.0,0.0,0.0,0.0,0.0,0.0,0.0,0.0,0.0,0.0,-18.519217061606646,-18.519217061606646,-18.519217061606646,-6.367890443124658,-6.367890443124658,-6.367890443124658,2.046049647484684,2.046049647484684,2.046049647484684,-2.3888424243765454,-2.3888424243765454,-2.3888424243765454,-2.5634951610207803,-2.5634951610207803,-2.5634951610207803,0.0,0.0,0.0,-0.7807042412062848,-0.7807042412062848,-0.7807042412062848,1.123337829468539,1.123337829468539,1.123337829468539,0.6677910210021373,0.6677910210021373,0.6677910210021373,-0.7147923302074666,-0.7147923302074666,-0.7147923302074666,-2.5786499282136432,-2.5786499282136432,-2.5786499282136432,-2.1670291898973746,-2.1670291898973746,-2.1670291898973746,-7.183834265891799,-7.183834265891799,-7.183834265891799,0.0,0.0,0.0,38.272541220863616
107,2018-03-19 05:00:00,56.791415668652,31.92720010815784,53.046879407768195,56.791415668652,56.791415668652,0.0,0.0,0.0,0.0,0.0,0.0,0.0,0.0,0.0,0.0,0.0,0.0,0.0,0.0,0.0,0.0,0.0,0.0,0.0,0.0,0.0,0.0,0.0,0.0,0.0,0.0,0.0,0.0,0.0,0.0,-14.665612725881557,-14.665612725881557,-14.665612725881557,-3.461613911607858,-3.461613911607858,-3.461613911607858,1.772728371635742,1.772728371635742,1.772728371635742,-2.0037450707618536,-2.0037450707618536,-2.0037450707618536,-2.4779822453360345,-2.4779822453360345,-2.4779822453360345,0.0,0.0,0.0,-0.683098872552523,-0.683098872552523,-0.683098872552523,1.2123746108436102,1.2123746108436102,1.2123746108436102,0.6677910210021373,0.6677910210021373,0.6677910210021373,-0.3440930327797288,-0.3440930327797288,-0.3440930327797288,-2.015394051855686,-2.015394051855686,-2.015394051855686,-2.1514649235750563,-2.1514649235750563,-2.1514649235750563,-7.184859691656159,-7.184859691656159,-7.184859691656159,0.0,0.0,0.0,42.12580294277044
108,2018-03-19 06:00:00,56.791073054833745,36.15737385435972,57.178583623167874,56.791073054833745,56.791073054833745,0.0,0.0,0.0,0.0,0.0,0.0,0.0,0.0,0.0,0.0,0.0,0.0,0.0,0.0,0.0,0.0,0.0,0.0,0.0,0.0,0.0,0.0,0.0,0.0,0.0,0.0,0.0,0.0,0.0,0.0,-10.281572438023021,-10.281572438023021,-10.281572438023021,-0.3029768640916846,-0.3029768640916846,-0.3029768640916846,1.499407095786799,1.499407095786799,1.499407095786799,-1.338976660077109,-1.338976660077109,-1.338976660077109,-2.4022733582011324,-2.4022733582011324,-2.4022733582011324,0.0,0.0,0.0,-0.5854935038987613,-0.5854935038987613,-0.5854935038987613,1.5468913318290465,1.5468913318290465,1.5468913318290465,0.6427854333005971,0.6427854333005971,0.6427854333005971,0.11843458896514672,0.11843458896514672,0.11843458896514672,-1.4537221401866534,-1.4537221401866534,-1.4537221401866534,-2.158728247858805,-2.158728247858805,-2.158728247858805,-7.185896773667573,-7.185896773667573,-7.185896773667573,0.0,0.0,0.0,46.509500616810726
109,2018-03-19 07:00:00,56.7907304410155,40.70416772765445,60.29972613309364,56.7907304410155,56.7907304410155,0.0,0.0,0.0,0.0,0.0,0.0,0.0,0.0,0.0,0.0,0.0,0.0,0.0,0.0,0.0,0.0,0.0,0.0,0.0,0.0,0.0,0.0,0.0,0.0,0.0,0.0,0.0,0.0,0.0,0.0,-6.23717938951475,-6.23717938951475,-6.23717938951475,2.1288183237881078,2.1288183237881078,2.1288183237881078,1.2260858199378577,1.2260858199378577,1.2260858199378577,-0.2822862848143161,-0.2822862848143161,-0.2822862848143161,-2.1462792793996646,-2.1462792793996646,-2.1462792793996646,0.0,0.0,0.0,-0.4878881352449996,-0.4878881352449996,-0.4878881352449996,2.4387682435691653,2.4387682435691653,2.4387682435691653,0.40075021649135073,0.40075021649135073,0.40075021649135073,0.5098562073671059,0.5098562073671059,0.5098562073671059,-0.8967658358961387,-0.8967658358961387,-0.8967658358961387,-2.223579357535132,-2.223579357535132,-2.223579357535132,-7.186945592592404,-7.186945592592404,-7.186945592592404,0.0,0.0,0.0,50.55355105150075
110,2018-03-19 08:00:00,56.790387827197236,41.865032241185176,61.740309222198356,56.790387827197236,56.790387827197236,0.0,0.0,0.0,0.0,0.0,0.0,0.0,0.0,0.0,0.0,0.0,0.0,0.0,0.0,0.0,0.0,0.0,0.0,0.0,0.0,0.0,0.0,0.0,0.0,0.0,0.0,0.0,0.0,0.0,0.0,-5.080786762839908,-5.080786762839908,-5.080786762839908,3.4738075654787073,3.4738075654787073,3.4738075654787073,0.9527645440889153,0.9527645440889153,0.9527645440889153,-1.0190138701341058,-1.0190138701341058,-1.0190138701341058,-1.9523773814138718,-1.9523773814138718,-1.9523773814138718,0.0,0.0,0.0,-0.3902827665912379,-0.3902827665912379,-0.3902827665912379,2.2803129546813268,2.2803129546813268,2.2803129546813268,0.051143792211328164,0.051143792211328164,0.051143792211328164,0.7418649382745647,0.7418649382745647,0.7418649382745647,-0.347574229849489,-0.347574229849489,-0.347574229849489,-2.7024399513851307,-2.7024399513851307,-2.7024399513851307,-7.18800622833502,-7.18800622833502,-7.18800622833502,0.0,0.0,0.0,51.70960106435733
111,2018-03-19 09:00:00,56.79004521337898,40.98118372978734,61.86260662763575,56.79004521337898,56.79004521337898,0.0,0.0,0.0,0.0,0.0,0.0,0.0,0.0,0.0,0.0,0.0,0.0,0.0,0.0,0.0,0.0,0.0,0.0,0.0,0.0,0.0,0.0,0.0,0.0,0.0,0.0,0.0,0.0,0.0,0.0,-5.131273657190963,-5.131273657190963,-5.131273657190963,4.003356579151681,4.003356579151681,4.003356579151681,0.6794432682399725,0.6794432682399725,0.6794432682399725,-2.136463382293047,-2.136463382293047,-2.136463382293047,-2.222532834787336,-2.222532834787336,-2.222532834787336,0.0,0.0,0.0,-0.29267739793747616,-0.29267739793747616,-0.29267739793747616,2.2606946808190234,2.2606946808190234,2.2606946808190234,-0.12342351815791386,-0.12342351815791386,-0.12342351815791386,0.8683659042217721,0.8683659042217721,0.8683659042217721,0.1909119059873937,0.1909119059873937,0.1909119059873937,-3.3063334846910886,-3.3063334846910886,-3.3063334846910886,-7.189078760036991,-7.189078760036991,-7.189078760036991,0.0,0.0,0.0,51.658771556188015
112,2018-03-19 10:00:00,56.789702599560734,41.58502390112394,61.36847776008661,56.789702599560734,56.789702599560734,0.0,0.0,0.0,0.0,0.0,0.0,0.0,0.0,0.0,0.0,0.0,0.0,0.0,0.0,0.0,0.0,0.0,0.0,0.0,0.0,0.0,0.0,0.0,0.0,0.0,0.0,0.0,0.0,0.0,0.0,-5.313629886378,-5.313629886378,-5.313629886378,4.083369928969044,4.083369928969044,4.083369928969044,0.40612199239102986,0.40612199239102986,0.40612199239102986,-2.922721147140223,-2.922721147140223,-2.922721147140223,-2.406086035970516,-2.406086035970516,-2.406086035970516,0.0,0.0,0.0,-0.1950720292837144,-0.1950720292837144,-0.1950720292837144,2.2964099999016785,2.2964099999016785,2.2964099999016785,-0.14748549877637698,-0.14748549877637698,-0.14748549877637698,0.9298556671125989,0.9298556671125989,0.9298556671125989,0.7158845978584727,0.7158845978584727,0.7158845978584727,-3.8064652425149226,-3.8064652425149226,-3.8064652425149226,-7.190163266065293,-7.190163266065293,-7.190163266065293,0.0,0.0,0.0,51.47607271318273
113,2018-03-19 11:00:00,56.78935998574247,41.781876300589076,61.4853898575087,56.78935998574247,56.78935998574247,0.0,0.0,0.0,0.0,0.0,0.0,0.0,0.0,0.0,0.0,0.0,0.0,0.0,0.0,0.0,0.0,0.0,0.0,0.0,0.0,0.0,0.0,0.0,0.0,0.0,0.0,0.0,0.0,0.0,0.0,-5.343375535281097,-5.343375535281097,-5.343375535281097,3.7137815287071825,3.7137815287071825,3.7137815287071825,0.13280071654208786,0.13280071654208786,0.13280071654208786,-3.090588849898929,-3.090588849898929,-3.090588849898929,-2.442578808906044,-2.442578808906044,-2.442578808906044,0.0,0.0,0.0,-0.09746666062995268,-0.09746666062995268,-0.09746666062995268,2.3975195651920136,2.3975195651920136,2.3975195651920136,-0.15125992710868488,-0.15125992710868488,-0.15125992710868488,0.9188850265968347,0.9188850265968347,0.9188850265968347,1.2246916099220997,1.2246916099220997,1.2246916099220997,-3.8484887615851835,-3.8484887615851835,-3.8484887615851835,-7.19125982401145,-7.19125982401145,-7.19125982401145,0.0,0.0,0.0,51.445984450461374
114,2018-03-19 12:00:00,56.78901737192422,40.30394678047935,59.60283728281209,56.78901737192422,56.78901737192422,0.0,0.0,0.0,0.0,0.0,0.0,0.0,0.0,0.0,0.0,0.0,0.0,0.0,0.0,0.0,0.0,0.0,0.0,0.0,0.0,0.0,0.0,0.0,0.0,0.0,0.0,0.0,0.0,0.0,0.0,-6.815389990343876,-6.815389990343876,-6.815389990343876,2.662392928071181,2.662392928071181,2.662392928071181,-0.14052055930685475,-0.14052055930685475,-0.14052055930685475,-4.00027201988142,-4.00027201988142,-4.00027201988142,-2.540619094404479,-2.540619094404479,-2.540619094404479,0.0,0.0,0.0,0.00013870802380903293,0.00013870802380903293,0.00013870802380903293,2.177694291401584,2.177694291401584,2.177694291401584,-0.12012089336714442,-0.12012089336714442,-0.12012089336714442,0.9121130262784618,0.9121130262784618,0.9121130262784618,1.7148576121475476,1.7148576121475476,1.7148576121475476,-4.288957498506797,-4.288957498506797,-4.288957498506797,-7.192368510681185,-7.192368510681185,-7.192368510681185,0.0,0.0,0.0,49.97362738158034
115,2018-03-19 13:00:00,56.78867475810597,37.27042184754134,57.7072098647272,56.78867475810597,56.78867475810597,0.0,0.0,0.0,0.0,0.0,0.0,0.0,0.0,0.0,0.0,0.0,0.0,0.0,0.0,0.0,0.0,0.0,0.0,0.0,0.0,0.0,0.0,0.0,0.0,0.0,0.0,0.0,0.0,0.0,0.0,-8.960426956332194,-8.960426956332194,-8.960426956332194,1.0436761768177423,1.0436761768177423,1.0436761768177423,-0.41384183515579676,-0.41384183515579676,-0.41384183515579676,-4.994717094712777,-4.994717094712777,-4.994717094712777,-2.6718841433218268,-2.6718841433218268,-2.6718841433218268,0.0,0.0,0.0,0.09774407667757076,0.09774407667757076,0.09774407667757076,1.7526316910516684,1.7526316910516684,1.7526316910516684,-0.024816577976369044,-0.024816577976369044,-0.024816577976369044,0.759336699095967,0.759336699095967,0.759336699095967,2.184103363654726,2.184103363654726,2.184103363654726,-4.49388700508399,-4.49388700508399,-4.49388700508399,-7.1934894020918865,-7.1934894020918865,-7.1934894020918865,0.0,0.0,0.0,47.82824780177378
116,2018-03-19 14:00:00,56.78833214428771,36.37400108255229,56.30914997585807,56.78833214428771,56.78833214428771,0.0,0.0,0.0,0.0,0.0,0.0,0.0,0.0,0.0,0.0,0.0,0.0,0.0,0.0,0.0,0.0,0.0,0.0,0.0,0.0,0.0,0.0,0.0,0.0,0.0,0.0,0.0,0.0,0.0,0.0,-10.357607027837831,-10.357607027837831,-10.357607027837831,-0.34021278798711585,-0.34021278798711585,-0.34021278798711585,-0.6871631110047394,-0.6871631110047394,-0.6871631110047394,-5.453134389865775,-5.453134389865775,-5.453134389865775,-2.639748716408451,-2.639748716408451,-2.639748716408451,0.0,0.0,0.0,0.1953494453313325,0.1953494453313325,0.1953494453313325,1.5519216584604063,1.5519216584604063,1.5519216584604063,0.05208739929440515,0.05208739929440515,0.05208739929440515,0.6404203735053371,0.6404203735053371,0.6404203735053371,2.630362723479882,2.630362723479882,2.630362723479882,-4.566001439044065,-4.566001439044065,-4.566001439044065,-7.194622573464824,-7.194622573464824,-7.194622573464824,0.0,0.0,0.0,46.43072511644988
117,2018-03-19 15:00:00,56.78798953046945,36.478792207532,56.16088518235211,56.78798953046945,56.78798953046945,0.0,0.0,0.0,0.0,0.0,0.0,0.0,0.0,0.0,0.0,0.0,0.0,0.0,0.0,0.0,0.0,0.0,0.0,0.0,0.0,0.0,0.0,0.0,0.0,0.0,0.0,0.0,0.0,0.0,0.0,-10.11614660682118,-10.11614660682118,-10.11614660682118,-0.4018821079873668,-0.4018821079873668,-0.4018821079873668,-0.960484386853682,-0.960484386853682,-0.960484386853682,-5.570293725737886,-5.570293725737886,-5.570293725737886,-2.637570043397375,-2.637570043397375,-2.637570043397375,0.0,0.0,0.0,0.2929548139850942,0.2929548139850942,0.2929548139850942,1.5036305227993512,1.5036305227993512,1.5036305227993512,0.034158864715942455,0.034158864715942455,0.034158864715942455,0.6104881320981286,0.6104881320981286,0.6104881320981286,3.0517973261203775,3.0517973261203775,3.0517973261203775,-4.413471629085344,-4.413471629085344,-4.413471629085344,-7.1957680992163064,-7.1957680992163064,-7.1957680992163064,0.0,0.0,0.0,46.67184292364827
118,2018-03-19 16:00:00,56.7876469166512,39.50987239483744,59.431779665648314,56.7876469166512,56.7876469166512,0.0,0.0,0.0,0.0,0.0,0.0,0.0,0.0,0.0,0.0,0.0,0.0,0.0,0.0,0.0,0.0,0.0,0.0,0.0,0.0,0.0,0.0,0.0,0.0,0.0,0.0,0.0,0.0,0.0,0.0,-7.596268179329002,-7.596268179329002,-7.596268179329002,1.3262928345074412,1.3262928345074412,1.3262928345074412,-1.2338056627026242,-1.2338056627026242,-1.2338056627026242,-5.1724437466272635,-5.1724437466272635,-5.1724437466272635,-2.653365422727678,-2.653365422727678,-2.653365422727678,0.0,0.0,0.0,0.39056018263885595,0.39056018263885595,0.39056018263885595,1.7370376784944526,1.7370376784944526,1.7370376784944526,0.18749501571595237,0.18749501571595237,0.18749501571595237,0.5957251714040754,0.5957251714040754,0.5957251714040754,3.446808785748568,3.446808785748568,3.446808785748568,-4.196090709450297,-4.196090709450297,-4.196090709450297,-7.196926052957747,-7.196926052957747,-7.196926052957747,0.0,0.0,0.0,49.1913787373222
119,2018-03-19 17:00:00,56.78730430283294,42.64863108118492,62.50290755075657,56.78730430283294,56.78730430283294,0.0,0.0,0.0,0.0,0.0,0.0,0.0,0.0,0.0,0.0,0.0,0.0,0.0,0.0,0.0,0.0,0.0,0.0,0.0,0.0,0.0,0.0,0.0,0.0,0.0,0.0,0.0,0.0,0.0,0.0,-4.561172948133496,-4.561172948133496,-4.561172948133496,4.102852502374561,4.102852502374561,4.102852502374561,-1.5071269385515667,-1.5071269385515667,-1.5071269385515667,-5.279977266181264,-5.279977266181264,-5.279977266181264,-2.7791837891173365,-2.7791837891173365,-2.7791837891173365,0.0,0.0,0.0,0.4881655512926176,0.4881655512926176,0.4881655512926176,1.7697348015982923,1.7697348015982923,1.7697348015982923,0.37668823587288763,0.37668823587288763,0.37668823587288763,0.6140095722636825,0.6140095722636825,0.6140095722636825,3.814048323157566,3.814048323157566,3.814048323157566,-4.242264699539841,-4.242264699539841,-4.242264699539841,-7.19809650748436,-7.19809650748436,-7.19809650748436,0.0,0.0,0.0,52.22613135469945
120,2018-03-19 18:00:00,56.94306192178642,46.53456583475959,65.59809570338717,56.94306192178642,56.94306192178642,0.0,0.0,0.0,0.0,0.0,0.0,0.0,0.0,0.0,0.0,0.0,0.0,0.0,0.0,0.0,0.0,0.0,0.0,0.0,0.0,0.0,0.0,0.0,0.0,0.0,0.0,0.0,0.0,0.0,0.0,-0.7058406673454388,-0.7058406673454388,-0.7058406673454388,6.303834992004135,6.303834992004135,6.303834992004135,-1.774434812545378,-1.774434812545378,-1.774434812545378,-4.084073979820195,-4.084073979820195,-4.084073979820195,-2.676737881900283,-2.676737881900283,-2.676737881900283,0.0,0.0,0.0,0.5879675865841072,0.5879675865841072,0.5879675865841072,2.723361988210358,2.723361988210358,2.723361988210358,0.5353081126860503,0.5353081126860503,0.5353081126860503,0.7929808256747946,0.7929808256747946,0.7929808256747946,4.16199357968627,4.16199357968627,4.16199357968627,-4.272519798529845,-4.272519798529845,-4.272519798529845,-7.087595259215648,-7.087595259215648,-7.087595259215648,0.0,0.0,0.0,56.23722125444098
121,2018-03-19 19:00:00,56.942738348514375,47.224320896392534,67.57620871882625,56.942738348514375,56.942738348514375,0.0,0.0,0.0,0.0,0.0,0.0,0.0,0.0,0.0,0.0,0.0,0.0,0.0,0.0,0.0,0.0,0.0,0.0,0.0,0.0,0.0,0.0,0.0,0.0,0.0,0.0,0.0,0.0,0.0,0.0,1.262418119961517,1.262418119961517,1.262418119961517,6.596153439905746,6.596153439905746,6.596153439905746,-2.046642106810268,-2.046642106810268,-2.046642106810268,-2.713154713400747,-2.713154713400747,-2.713154713400747,-2.21274471766453,-2.21274471766453,-2.21274471766453,0.0,0.0,0.0,0.6859389994149595,0.6859389994149595,0.6859389994149595,3.3862371546236347,3.3862371546236347,3.3862371546236347,0.5906974941516204,0.5906974941516204,0.5906974941516204,1.0033877569818295,1.0033877569818295,1.0033877569818295,4.468088180926413,4.468088180926413,4.468088180926413,-4.120029294097993,-4.120029294097993,-4.120029294097993,-7.088668787469895,-7.088668787469895,-7.088668787469895,0.0,0.0,0.0,58.20515646847589
122,2018-03-19 20:00:00,56.94241477524233,46.25468196645169,65.20540162789258,56.94241477524233,56.94241477524233,0.0,0.0,0.0,0.0,0.0,0.0,0.0,0.0,0.0,0.0,0.0,0.0,0.0,0.0,0.0,0.0,0.0,0.0,0.0,0.0,0.0,0.0,0.0,0.0,0.0,0.0,0.0,0.0,0.0,0.0,-1.1425088471751972,-1.1425088471751972,-1.1425088471751972,4.715201986877191,4.715201986877191,4.715201986877191,-2.3188494010751586,-2.3188494010751586,-2.3188494010751586,-3.5118871742543254,-3.5118871742543254,-3.5118871742543254,-2.6033596525978395,-2.6033596525978395,-2.6033596525978395,0.0,0.0,0.0,0.7839104122458118,0.7839104122458118,0.7839104122458118,3.236624366059674,3.236624366059674,3.236624366059674,0.6109619020048779,0.6109619020048779,0.6109619020048779,0.8789644274108425,0.8789644274108425,0.8789644274108425,4.743933667740593,4.743933667740593,4.743933667740593,-4.100139228302534,-4.100139228302534,-4.100139228302534,-7.089757327538656,-7.089757327538656,-7.089757327538656,0.0,0.0,0.0,55.799905928067126
123,2018-03-19 21:00:00,56.94209120197028,42.58377856772375,62.33156272253082,56.94209120197028,56.94209120197028,0.0,0.0,0.0,0.0,0.0,0.0,0.0,0.0,0.0,0.0,0.0,0.0,0.0,0.0,0.0,0.0,0.0,0.0,0.0,0.0,0.0,0.0,0.0,0.0,0.0,0.0,0.0,0.0,0.0,0.0,-5.065761471891769,-5.065761471891769,-5.065761471891769,1.587105159270391,1.587105159270391,1.587105159270391,-2.5910566953400487,-2.5910566953400487,-2.5910566953400487,-4.551247661263474,-4.551247661263474,-4.551247661263474,-2.703220250370338,-2.703220250370338,-2.703220250370338,0.0,0.0,0.0,0.8818818250766642,0.8818818250766642,0.8818818250766642,2.6679892835461163,2.6679892835461163,2.6679892835461163,0.6226702265423154,0.6226702265423154,0.6226702265423154,0.5732168553553073,0.5732168553553073,0.5732168553553073,4.989241981651817,4.989241981651817,4.989241981651817,-4.002728906073491,-4.002728906073491,-4.002728906073491,-7.090860951550503,-7.090860951550503,-7.090860951550503,0.0,0.0,0.0,51.87632973007851
124,2018-03-19 22:00:00,56.94176762869823,37.77068649395568,56.96903804644185,56.94176762869823,56.94176762869823,0.0,0.0,0.0,0.0,0.0,0.0,0.0,0.0,0.0,0.0,0.0,0.0,0.0,0.0,0.0,0.0,0.0,0.0,0.0,0.0,0.0,0.0,0.0,0.0,0.0,0.0,0.0,0.0,0.0,0.0,-9.616547185705038,-9.616547185705038,-9.616547185705038,-1.5344108321712486,-1.5344108321712486,-1.5344108321712486,-2.8632639896049388,-2.8632639896049388,-2.8632639896049388,-6.194138553559359,-6.194138553559359,-6.194138553559359,-2.8554938690731535,-2.8554938690731535,-2.8554938690731535,0.0,0.0,0.0,0.9798532379075167,0.9798532379075167,0.9798532379075167,1.6366726591746186,1.6366726591746186,1.6366726591746186,0.6366301519523373,0.6366301519523373,0.6366301519523373,0.1951419006629791,0.1951419006629791,0.1951419006629791,5.203981930740644,5.203981930740644,5.203981930740644,-3.9236786445787186,-3.9236786445787186,-3.9236786445787186,-7.0919797307150745,-7.0919797307150745,-7.0919797307150745,0.0,0.0,0.0,47.32522044299319
125,2018-03-19 23:00:00,56.94144405542619,33.159237566225436,53.92359804729527,56.94144405542619,56.94144405542619,0.0,0.0,0.0,0.0,0.0,0.0,0.0,0.0,0.0,0.0,0.0,0.0,0.0,0.0,0.0,0.0,0.0,0.0,0.0,0.0,0.0,0.0,0.0,0.0,0.0,0.0,0.0,0.0,0.0,0.0,-13.117421016011013,-13.117421016011013,-13.117421016011013,-3.963383555658721,-3.963383555658721,-3.963383555658721,-3.1354712838698284,-3.1354712838698284,-3.1354712838698284,-7.449296345781778,-7.449296345781778,-7.449296345781778,-3.1821097468704966,-3.1821097468704966,-3.1821097468704966,0.0,0.0,0.0,1.077824650738369,1.077824650738369,1.077824650738369,1.2863338162027826,1.2863338162027826,1.2863338162027826,0.6366301519523373,0.6366301519523373,0.6366301519523373,-0.08999489627053271,-0.08999489627053271,-0.08999489627053271,5.388372620743816,5.388372620743816,5.388372620743816,-4.042509037664408,-4.042509037664408,-4.042509037664408,-7.093113735314331,-7.093113735314331,-7.093113735314331,0.0,0.0,0.0,43.824023039415174
126,2018-03-20 00:00:00,56.94112048215414,30.73079966937035,49.96859080835556,56.94112048215414,56.94112048215414,0.0,0.0,0.0,0.0,0.0,0.0,0.0,0.0,0.0,0.0,0.0,0.0,0.0,0.0,0.0,0.0,0.0,0.0,0.0,0.0,0.0,0.0,0.0,0.0,0.0,0.0,0.0,0.0,0.0,0.0,-16.479112475364964,-16.479112475364964,-16.479112475364964,-5.768492703988984,-5.768492703988984,-5.768492703988984,-3.4076785781347176,-3.4076785781347176,-3.4076785781347176,-9.159231160909737,-9.159231160909737,-9.159231160909737,-3.1793511668215326,-3.1793511668215326,-3.1793511668215326,0.0,0.0,0.0,0.0001391095989930276,0.0001391095989930276,0.0001391095989930276,1.1122292544219463,1.1122292544219463,1.1122292544219463,0.6366301519523373,0.6366301519523373,0.6366301519523373,-0.32000103091446086,-0.32000103091446086,-0.32000103091446086,5.542874424234098,5.542874424234098,5.542874424234098,-4.001198901012302,-4.001198901012302,-4.001198901012302,-7.0942630347003455,-7.0942630347003455,-7.0942630347003455,0.0,0.0,0.0,40.462008006789176
127,2018-03-20 01:00:00,56.94079690888209,27.70524781360443,48.30919414294206,56.94079690888209,56.94079690888209,0.0,0.0,0.0,0.0,0.0,0.0,0.0,0.0,0.0,0.0,0.0,0.0,0.0,0.0,0.0,0.0,0.0,0.0,0.0,0.0,0.0,0.0,0.0,0.0,0.0,0.0,0.0,0.0,0.0,0.0,-18.797658025306305,-18.797658025306305,-18.797658025306305,-7.218563384638732,-7.218563384638732,-7.218563384638732,-3.4076785781347176,-3.4076785781347176,-3.4076785781347176,-10.151844566077138,-10.151844566077138,-10.151844566077138,-3.201419807213245,-3.201419807213245,-3.201419807213245,0.0,0.0,0.0,-1.0775464315403829,-1.0775464315403829,-1.0775464315403829,1.0813483229745808,1.0813483229745808,1.0813483229745808,0.6361798317778203,0.6361798317778203,0.6361798317778203,-0.45845991900412625,-0.45845991900412625,-0.45845991900412625,5.668177622693761,5.668177622693761,5.668177622693761,-3.7242679849370663,-3.7242679849370663,-3.7242679849370663,-7.095427697284193,-7.095427697284193,-7.095427697284193,0.0,0.0,0.0,38.14313888357579
128,2018-03-20 02:00:00,56.940473335610044,27.30012662773805,46.381178672015345,56.940473335610044,56.940473335610044,0.0,0.0,0.0,0.0,0.0,0.0,0.0,0.0,0.0,0.0,0.0,0.0,0.0,0.0,0.0,0.0,0.0,0.0,0.0,0.0,0.0,0.0,0.0,0.0,0.0,0.0,0.0,0.0,0.0,0.0,-19.720293997311323,-19.720293997311323,-19.720293997311323,-8.160585578808082,-8.160585578808082,-8.160585578808082,-3.4076785781347176,-3.4076785781347176,-3.4076785781347176,-10.228289509632603,-10.228289509632603,-10.228289509632603,-3.2632120003100398,-3.2632120003100398,-3.2632120003100398,0.0,0.0,0.0,-0.9795750187095306,-0.9795750187095306,-0.9795750187095306,0.9679407643833939,0.9679407643833939,0.9679407643833939,0.6366301519523373,0.6366301519523373,0.6366301519523373,-0.5137170277668511,-0.5137170277668511,-0.5137170277668511,5.765188881663641,5.765188881663641,5.765188881663641,-3.6686778010471937,-3.6686778010471937,-3.6686778010471937,-7.096607790534278,-7.096607790534278,-7.096607790534278,0.0,0.0,0.0,37.22017933829872
129,2018-03-20 03:00:00,56.940149762337995,27.336386686223502,47.245125490135955,56.940149762337995,56.940149762337995,0.0,0.0,0.0,0.0,0.0,0.0,0.0,0.0,0.0,0.0,0.0,0.0,0.0,0.0,0.0,0.0,0.0,0.0,0.0,0.0,0.0,0.0,0.0,0.0,0.0,0.0,0.0,0.0,0.0,0.0,-19.194755570367008,-19.194755570367008,-19.194755570367008,-8.004764046484407,-8.004764046484407,-8.004764046484407,-3.4076785781347176,-3.4076785781347176,-3.4076785781347176,-9.927203885048739,-9.927203885048739,-9.927203885048739,-3.2488673840554267,-3.2488673840554267,-3.2488673840554267,0.0,0.0,0.0,-0.8816036058786781,-0.8816036058786781,-0.8816036058786781,1.0398187944763997,1.0398187944763997,1.0398187944763997,0.6366301519523373,0.6366301519523373,0.6366301519523373,-0.5258558891884109,-0.5258558891884109,-0.5258558891884109,5.8350157421381965,5.8350157421381965,5.8350157421381965,-3.5396473742202414,-3.5396473742202414,-3.5396473742202414,-7.097803380972059,-7.097803380972059,-7.097803380972059,0.0,0.0,0.0,37.74539419197099
130,2018-03-20 04:00:00,56.93982618906595,30.0845341227912,49.8551807007921,56.93982618906595,56.93982618906595,0.0,0.0,0.0,0.0,0.0,0.0,0.0,0.0,0.0,0.0,0.0,0.0,0.0,0.0,0.0,0.0,0.0,0.0,0.0,0.0,0.0,0.0,0.0,0.0,0.0,0.0,0.0,0.0,0.0,0.0,-16.872098492534167,-16.872098492534167,-16.872098492534167,-6.322586066718264,-6.322586066718264,-6.322586066718264,-3.4076785781347176,-3.4076785781347176,-3.4076785781347176,-9.329447224255285,-9.329447224255285,-9.329447224255285,-3.0701113968825564,-3.0701113968825564,-3.0701113968825564,0.0,0.0,0.0,-0.7836321930478258,-0.7836321930478258,-0.7836321930478258,1.1617452307082392,1.1617452307082392,1.1617452307082392,0.6366301519523373,0.6366301519523373,0.6366301519523373,-0.44303344928089416,-0.44303344928089416,-0.44303344928089416,5.878949332599335,5.878949332599335,5.878949332599335,-3.423366989569866,-3.423366989569866,-3.423366989569866,-7.099014534159957,-7.099014534159957,-7.099014534159957,0.0,0.0,0.0,40.067727696531776
131,2018-03-20 05:00:00,56.9395026157939,33.94008656302067,53.048759699958666,56.9395026157939,56.9395026157939,0.0,0.0,0.0,0.0,0.0,0.0,0.0,0.0,0.0,0.0,0.0,0.0,0.0,0.0,0.0,0.0,0.0,0.0,0.0,0.0,0.0,0.0,0.0,0.0,0.0,0.0,0.0,0.0,0.0,0.0,-13.237064242598727,-13.237064242598727,-13.237064242598727,-3.419903736732721,-3.419903736732721,-3.419903736732721,-3.4076785781347176,-3.4076785781347176,-3.4076785781347176,-8.615364715480675,-8.615364715480675,-8.615364715480675,-3.0590770766867004,-3.0590770766867004,-3.0590770766867004,0.0,0.0,0.0,-0.6856607802169735,-0.6856607802169735,-0.6856607802169735,1.3757820314296343,1.3757820314296343,1.3757820314296343,0.6366301519523373,0.6366301519523373,0.6366301519523373,-0.07545355185928931,-0.07545355185928931,-0.07545355185928931,5.898445524316711,5.898445524316711,5.898445524316711,-3.3999069119649663,-3.3999069119649663,-3.3999069119649663,-7.100241314702042,-7.100241314702042,-7.100241314702042,0.0,0.0,0.0,43.70243837319517
132,2018-03-20 06:00:00,56.93917904252185,38.092330180961554,58.01082035964206,56.93917904252185,56.93917904252185,0.0,0.0,0.0,0.0,0.0,0.0,0.0,0.0,0.0,0.0,0.0,0.0,0.0,0.0,0.0,0.0,0.0,0.0,0.0,0.0,0.0,0.0,0.0,0.0,0.0,0.0,0.0,0.0,0.0,0.0,-8.63903929720844,-8.63903929720844,-8.63903929720844,-0.2723086880483835,-0.2723086880483835,-0.2723086880483835,-3.4076785781347176,-3.4076785781347176,-3.4076785781347176,-7.1603515912523426,-7.1603515912523426,-7.1603515912523426,-2.9630784909827512,-2.9630784909827512,-2.9630784909827512,0.0,0.0,0.0,-0.5876893673861211,-0.5876893673861211,-0.5876893673861211,2.3847366019944194,2.3847366019944194,2.3847366019944194,0.6105115818303611,0.6105115818303611,0.6105115818303611,0.42919432244742717,0.42919432244742717,0.42919432244742717,5.895104768326192,5.895104768326192,5.895104768326192,-3.62634766102096,-3.62634766102096,-3.62634766102096,-7.1014837862339055,-7.1014837862339055,-7.1014837862339055,0.0,0.0,0.0,48.30013974531341
133,2018-03-20 07:00:00,56.9388554692498,41.1881668275039,61.85884974148286,56.9388554692498,56.9388554692498,0.0,0.0,0.0,0.0,0.0,0.0,0.0,0.0,0.0,0.0,0.0,0.0,0.0,0.0,0.0,0.0,0.0,0.0,0.0,0.0,0.0,0.0,0.0,0.0,0.0,0.0,0.0,0.0,0.0,0.0,-5.2162802851230206,-5.2162802851230206,-5.2162802851230206,2.1402288311401794,2.1402288311401794,2.1402288311401794,-3.4076785781347176,-3.4076785781347176,-3.4076785781347176,-6.1244179695536,-6.1244179695536,-6.1244179695536,-2.607221664666389,-2.607221664666389,-2.607221664666389,0.0,0.0,0.0,-0.48971795455526873,-0.48971795455526873,-0.48971795455526873,2.940593368046998,2.940593368046998,2.940593368046998,0.2952874596685795,0.2952874596685795,0.2952874596685795,0.8696073883983901,0.8696073883983901,0.8696073883983901,5.870650864711097,5.870650864711097,5.870650864711097,-3.725287988311192,-3.725287988311192,-3.725287988311192,-7.102742011420698,-7.102742011420698,-7.102742011420698,0.0,0.0,0.0,51.72257518412678
134,2018-03-20 08:00:00,56.93853189597775,43.203048407094386,62.42657915163325,56.93853189597775,56.93853189597775,0.0,0.0,0.0,0.0,0.0,0.0,0.0,0.0,0.0,0.0,0.0,0.0,0.0,0.0,0.0,0.0,0.0,0.0,0.0,0.0,0.0,0.0,0.0,0.0,0.0,0.0,0.0,0.0,0.0,0.0,-4.154674350153389,-4.154674350153389,-4.154674350153389,3.461445153155859,3.461445153155859,3.461445153155859,-3.4076785781347176,-3.4076785781347176,-3.4076785781347176,-6.339012375928202,-6.339012375928202,-6.339012375928202,-2.3683286324261026,-2.3683286324261026,-2.3683286324261026,0.0,0.0,0.0,-0.3917465417244164,-0.3917465417244164,-0.3917465417244164,2.907050287336929,2.907050287336929,2.907050287336929,-0.27842044266586286,-0.27842044266586286,-0.27842044266586286,1.0748300143066338,1.0748300143066338,1.0748300143066338,5.826908924568133,5.826908924568133,5.826908924568133,-3.8747184826206653,-3.8747184826206653,-3.8747184826206653,-7.104016051949178,-7.104016051949178,-7.104016051949178,0.0,0.0,0.0,52.78385754582436
135,2018-03-20 09:00:00,56.938208322705705,41.71095135140794,61.41476954350962,56.938208322705705,56.938208322705705,0.0,0.0,0.0,0.0,0.0,0.0,0.0,0.0,0.0,0.0,0.0,0.0,0.0,0.0,0.0,0.0,0.0,0.0,0.0,0.0,0.0,0.0,0.0,0.0,0.0,0.0,0.0,0.0,0.0,0.0,-5.235435918809358,-5.235435918809358,-5.235435918809358,3.969470296730765,3.969470296730765,3.969470296730765,-3.4076785781347176,-3.4076785781347176,-3.4076785781347176,-7.865383038179237,-7.865383038179237,-7.865383038179237,-2.3848801127198866,-2.3848801127198866,-2.3848801127198866,0.0,0.0,0.0,-0.29377512889356405,-0.29377512889356405,-0.29377512889356405,2.309131562933628,2.309131562933628,2.309131562933628,-0.9489471825214238,-0.9489471825214238,-0.9489471825214238,1.143996235114896,1.143996235114896,1.143996235114896,5.765782791161492,5.765782791161492,5.765782791161492,-4.28322983395817,-4.28322983395817,-4.28322983395817,-7.105305968522377,-7.105305968522377,-7.105305968522377,0.0,0.0,0.0,51.70277240389635
136,2018-03-20 10:00:00,56.93788474943366,41.85058256000892,61.1142527194178,56.93788474943366,56.93788474943366,0.0,0.0,0.0,0.0,0.0,0.0,0.0,0.0,0.0,0.0,0.0,0.0,0.0,0.0,0.0,0.0,0.0,0.0,0.0,0.0,0.0,0.0,0.0,0.0,0.0,0.0,0.0,0.0,0.0,0.0,-5.396838957116227,-5.396838957116227,-5.396838957116227,4.036308666830201,4.036308666830201,4.036308666830201,-3.4076785781347176,-3.4076785781347176,-3.4076785781347176,-8.01576799271527,-8.01576799271527,-8.01576799271527,-2.4417068617285462,-2.4417068617285462,-2.4417068617285462,0.0,0.0,0.0,-0.19580371606271169,-0.19580371606271169,-0.19580371606271169,2.5790734981718058,2.5790734981718058,2.5790734981718058,-1.1547435022756156,-1.1547435022756156,-1.1547435022756156,1.1484218616748396,1.1484218616748396,1.1484218616748396,5.689232189623886,5.689232189623886,5.689232189623886,-4.543330694360324,-4.543330694360324,-4.543330694360324,-7.106611820855044,-7.106611820855044,-7.106611820855044,0.0,0.0,0.0,51.54104579231743
137,2018-03-20 11:00:00,56.93756117616161,40.96843960826301,61.51832994437985,56.93756117616161,56.93756117616161,0.0,0.0,0.0,0.0,0.0,0.0,0.0,0.0,0.0,0.0,0.0,0.0,0.0,0.0,0.0,0.0,0.0,0.0,0.0,0.0,0.0,0.0,0.0,0.0,0.0,0.0,0.0,0.0,0.0,0.0,-5.450868608077434,-5.450868608077434,-5.450868608077434,3.6639067887435948,3.6639067887435948,3.6639067887435948,-3.4076785781347176,-3.4076785781347176,-3.4076785781347176,-7.606091603748138,-7.606091603748138,-7.606091603748138,-2.284467798937595,-2.284467798937595,-2.284467798937595,0.0,0.0,0.0,-0.09783230323185933,-0.09783230323185933,-0.09783230323185933,2.728153856883225,2.728153856883225,2.728153856883225,-1.0214487306186335,-1.0214487306186335,-1.0214487306186335,1.120982977003189,1.120982977003189,1.120982977003189,5.599249874594972,5.599249874594972,5.599249874594972,-4.6438010267117455,-4.6438010267117455,-4.6438010267117455,-7.107933667667863,-7.107933667667863,-7.107933667667863,0.0,0.0,0.0,51.48669256808417
138,2018-03-20 12:00:00,56.93723760288956,40.01122116776186,60.106904894433384,56.93723760288956,56.93723760288956,0.0,0.0,0.0,0.0,0.0,0.0,0.0,0.0,0.0,0.0,0.0,0.0,0.0,0.0,0.0,0.0,0.0,0.0,0.0,0.0,0.0,0.0,0.0,0.0,0.0,0.0,0.0,0.0,0.0,0.0,-6.355133647460817,-6.355133647460817,-6.355133647460817,2.6172964480371417,2.6172964480371417,2.6172964480371417,-3.4076785781347176,-3.4076785781347176,-3.4076785781347176,-7.360997569734435,-7.360997569734435,-7.360997569734435,-2.292743539084488,-2.292743539084488,-2.292743539084488,0.0,0.0,0.0,0.0001391095989930276,0.0001391095989930276,0.0001391095989930276,2.847418143852361,2.847418143852361,2.847418143852361,-0.8210562529586439,-0.8210562529586439,-0.8210562529586439,1.0796349802860015,1.0796349802860015,1.0796349802860015,5.497839040918681,5.497839040918681,5.497839040918681,-4.76671143329394,-4.76671143329394,-4.76671143329394,-7.109271566682205,-7.109271566682205,-7.109271566682205,0.0,0.0,0.0,50.58210395542874
139,2018-03-20 13:00:00,56.93691402961751,37.897926533467746,58.13057498302511,56.93691402961751,56.93691402961751,0.0,0.0,0.0,0.0,0.0,0.0,0.0,0.0,0.0,0.0,0.0,0.0,0.0,0.0,0.0,0.0,0.0,0.0,0.0,0.0,0.0,0.0,0.0,0.0,0.0,0.0,0.0,0.0,0.0,0.0,-8.350626342050207,-8.350626342050207,-8.350626342050207,1.005734162767238,1.005734162767238,1.005734162767238,-3.4076785781347176,-3.4076785781347176,-3.4076785781347176,-7.6327261868374485,-7.6327261868374485,-7.6327261868374485,-2.403086741043049,-2.403086741043049,-2.403086741043049,0.0,0.0,0.0,0.09811052242984539,0.09811052242984539,0.09811052242984539,2.620603026669987,2.620603026669987,2.620603026669987,-0.6837085997310105,-0.6837085997310105,-0.6837085997310105,0.9643157967811842,0.9643157967811842,0.9643157967811842,5.386991256633823,5.386991256633823,5.386991256633823,-4.8212816138096874,-4.8212816138096874,-4.8212816138096874,-7.110625574613819,-7.110625574613819,-7.110625574613819,0.0,0.0,0.0,48.58628768756731
140,2018-03-20 14:00:00,56.93659045634546,37.05671969242258,57.37235608348418,56.93659045634546,56.93659045634546,0.0,0.0,0.0,0.0,0.0,0.0,0.0,0.0,0.0,0.0,0.0,0.0,0.0,0.0,0.0,0.0,0.0,0.0,0.0,0.0,0.0,0.0,0.0,0.0,0.0,0.0,0.0,0.0,0.0,0.0,-9.876282301008363,-9.876282301008363,-9.876282301008363,-0.3728385598642398,-0.3728385598642398,-0.3728385598642398,-3.4076785781347176,-3.4076785781347176,-3.4076785781347176,-7.660113160675427,-7.660113160675427,-7.660113160675427,-2.323639635632885,-2.323639635632885,-2.323639635632885,0.0,0.0,0.0,0.19608193526069775,0.19608193526069775,0.19608193526069775,2.2942235270624862,2.2942235270624862,2.2942235270624862,-0.6044522490160483,-0.6044522490160483,-0.6044522490160483,0.8740330149583339,0.8740330149583339,0.8740330149583339,5.2686651667011875,5.2686651667011875,5.2686651667011875,-4.688681175173294,-4.688681175173294,-4.688681175173294,-7.111995747169884,-7.111995747169884,-7.111995747169884,0.0,0.0,0.0,47.0603081553371
141,2018-03-20 15:00:00,56.936266883073415,37.490700770792344,56.72804008475881,56.936266883073415,56.936266883073415,0.0,0.0,0.0,0.0,0.0,0.0,0.0,0.0,0.0,0.0,0.0,0.0,0.0,0.0,0.0,0.0,0.0,0.0,0.0,0.0,0.0,0.0,0.0,0.0,0.0,0.0,0.0,0.0,0.0,0.0,-10.43741740358048,-10.43741740358048,-10.43741740358048,-0.4321414575528375,-0.4321414575528375,-0.4321414575528375,-3.4076785781347176,-3.4076785781347176,-3.4076785781347176,-8.0366600106062,-8.0366600106062,-8.0366600106062,-2.421845085376005,-2.421845085376005,-2.421845085376005,0.0,0.0,0.0,0.29405334809155015,0.29405334809155015,0.29405334809155015,1.9742331856854753,1.9742331856854753,1.9742331856854753,-0.557168630691781,-0.557168630691781,-0.557168630691781,0.8066370447740493,0.8066370447740493,0.8066370447740493,5.144766203617209,5.144766203617209,5.144766203617209,-4.72489129495477,-4.72489129495477,-4.72489129495477,-7.113382139038652,-7.113382139038652,-7.113382139038652,0.0,0.0,0.0,46.49884947949293
142,2018-03-20 16:00:00,56.93594330980137,38.366772853267534,58.751625752234034,56.93594330980137,56.93594330980137,0.0,0.0,0.0,0.0,0.0,0.0,0.0,0.0,0.0,0.0,0.0,0.0,0.0,0.0,0.0,0.0,0.0,0.0,0.0,0.0,0.0,0.0,0.0,0.0,0.0,0.0,0.0,0.0,0.0,0.0,-8.312813916035728,-8.312813916035728,-8.312813916035728,1.2971351828064819,1.2971351828064819,1.2971351828064819,-3.4076785781347176,-3.4076785781347176,-3.4076785781347176,-7.512291820412191,-7.512291820412191,-7.512291820412191,-2.301570995241173,-2.301570995241173,-2.301570995241173,0.0,0.0,0.0,0.3920247609224025,0.3920247609224025,0.3920247609224025,1.9838169230312093,1.9838169230312093,1.9838169230312093,-0.40225849065799135,-0.40225849065799135,-0.40225849065799135,0.7636452439060253,0.7636452439060253,0.7636452439060253,5.017127525460647,5.017127525460647,5.017127525460647,-4.540270684237946,-4.540270684237946,-4.540270684237946,-7.114784803890666,-7.114784803890666,-7.114784803890666,0.0,0.0,0.0,48.62312939376564
143,2018-03-20 17:00:00,56.93561973652932,41.84181702497023,62.17720877464242,56.93561973652932,56.93561973652932,0.0,0.0,0.0,0.0,0.0,0.0,0.0,0.0,0.0,0.0,0.0,0.0,0.0,0.0,0.0,0.0,0.0,0.0,0.0,0.0,0.0,0.0,0.0,0.0,0.0,0.0,0.0,0.0,0.0,0.0,-4.649867251084181,-4.649867251084181,-4.649867251084181,4.076157502185244,4.076157502185244,4.076157502185244,-3.4076785781347176,-3.4076785781347176,-3.4076785781347176,-6.497313342116696,-6.497313342116696,-6.497313342116696,-2.1956415213609533,-2.1956415213609533,-2.1956415213609533,0.0,0.0,0.0,0.4899961737532548,0.4899961737532548,0.4899961737532548,2.3011451151455167,2.3011451151455167,2.3011451151455167,-0.07532604395877218,-0.07532604395877218,-0.07532604395877218,0.7427815758377195,0.7427815758377195,0.7427815758377195,4.887492383217152,4.887492383217152,4.887492383217152,-4.352590063398744,-4.352590063398744,-4.352590063398744,-7.1162037943698815,-7.1162037943698815,-7.1162037943698815,0.0,0.0,0.0,52.28575248544514
144,2018-03-20 18:00:00,57.063340392705896,45.35806337377222,65.78748387620605,57.063340392705896,57.063340392705896,0.0,0.0,0.0,0.0,0.0,0.0,0.0,0.0,0.0,0.0,0.0,0.0,0.0,0.0,0.0,0.0,0.0,0.0,0.0,0.0,0.0,0.0,0.0,0.0,0.0,0.0,0.0,0.0,0.0,0.0,-1.507201431784253,-1.507201431784253,-1.507201431784253,6.347249551948948,6.347249551948948,6.347249551948948,-3.2518177540280986,-3.2518177540280986,-3.2518177540280986,-5.02219468758055,-5.02219468758055,-5.02219468758055,-2.043911017545168,-2.043911017545168,-2.043911017545168,0.0,0.0,0.0,0.5618929950435608,0.5618929950435608,0.5618929950435608,2.6311157136886125,2.6311157136886125,2.6311157136886125,0.38248870044101413,0.38248870044101413,0.38248870044101413,0.9951403050607148,0.9951403050607148,0.9951403050607148,4.590184844396507,4.590184844396507,4.590184844396507,-4.2971036302411845,-4.2971036302411845,-4.2971036302411845,-7.422441140549158,-7.422441140549158,-7.422441140549158,0.0,0.0,0.0,55.55613896092164
145,2018-03-20 19:00:00,57.06305303921804,47.423042527034646,67.6718457731415,57.06305303921804,57.06305303921804,0.0,0.0,0.0,0.0,0.0,0.0,0.0,0.0,0.0,0.0,0.0,0.0,0.0,0.0,0.0,0.0,0.0,0.0,0.0,0.0,0.0,0.0,0.0,0.0,0.0,0.0,0.0,0.0,0.0,0.0,0.4808762929315893,0.4808762929315893,0.4808762929315893,6.630548712696677,6.630548712696677,6.630548712696677,-3.2518177540280986,-3.2518177540280986,-3.2518177540280986,-3.1910374023609394,-3.1910374023609394,-3.1910374023609394,-1.4827530793969204,-1.4827530793969204,-1.4827530793969204,0.0,0.0,0.0,0.6555196896553048,0.6555196896553048,0.6555196896553048,3.508228670376364,3.508228670376364,3.508228670376364,0.5413701305798736,0.5413701305798736,0.5413701305798736,1.2336284162747913,1.2336284162747913,1.2336284162747913,4.465327418922504,4.465327418922504,4.465327418922504,-4.3952134758222545,-4.3952134758222545,-4.3952134758222545,-7.423962436326652,-7.423962436326652,-7.423962436326652,0.0,0.0,0.0,57.54392933214963
146,2018-03-20 20:00:00,57.06276568573019,44.49359891674991,64.46946495945194,57.06276568573019,57.06276568573019,0.0,0.0,0.0,0.0,0.0,0.0,0.0,0.0,0.0,0.0,0.0,0.0,0.0,0.0,0.0,0.0,0.0,0.0,0.0,0.0,0.0,0.0,0.0,0.0,0.0,0.0,0.0,0.0,0.0,0.0,-2.0315645247341103,-2.0315645247341103,-2.0315645247341103,4.730445733866672,4.730445733866672,4.730445733866672,-3.2518177540280986,-3.2518177540280986,-3.2518177540280986,-3.679882027410669,-3.679882027410669,-3.679882027410669,-1.7466275487986191,-1.7466275487986191,-1.7466275487986191,0.0,0.0,0.0,0.7491463842670488,0.7491463842670488,0.7491463842670488,3.194425676025276,3.194425676025276,3.194425676025276,0.5546512408391592,0.5546512408391592,0.5546512408391592,1.1313125355764766,1.1313125355764766,1.1313125355764766,4.343371287637662,4.343371287637662,4.343371287637662,-4.310972561291911,-4.310972561291911,-4.310972561291911,-7.425499518827775,-7.425499518827775,-7.425499518827775,0.0,0.0,0.0,55.03120116099608
147,2018-03-20 21:00:00,57.06247833224234,40.64607941532538,60.06550136969368,57.06247833224234,57.06247833224234,0.0,0.0,0.0,0.0,0.0,0.0,0.0,0.0,0.0,0.0,0.0,0.0,0.0,0.0,0.0,0.0,0.0,0.0,0.0,0.0,0.0,0.0,0.0,0.0,0.0,0.0,0.0,0.0,0.0,0.0,-6.600063881825114,-6.600063881825114,-6.600063881825114,1.5733353530612828,1.5733353530612828,1.5733353530612828,-3.2518177540280986,-3.2518177540280986,-3.2518177540280986,-4.971850675407352,-4.971850675407352,-4.971850675407352,-1.9051787321301121,-1.9051787321301121,-1.9051787321301121,0.0,0.0,0.0,0.8427730788787926,0.8427730788787926,0.8427730788787926,2.221348500881534,2.221348500881534,2.221348500881534,0.5689161370435769,0.5689161370435769,0.5689161370435769,0.7778124124825431,0.7778124124825431,0.7778124124825431,4.225503873233978,4.225503873233978,4.225503873233978,-4.225704318535588,-4.225704318535588,-4.225704318535588,-7.427052432713022,-7.427052432713022,-7.427052432713022,0.0,0.0,0.0,50.46241445041723
148,2018-03-20 22:00:00,57.062190978754494,35.74073356257893,56.52463504739715,57.062190978754494,57.062190978754494,0.0,0.0,0.0,0.0,0.0,0.0,0.0,0.0,0.0,0.0,0.0,0.0,0.0,0.0,0.0,0.0,0.0,0.0,0.0,0.0,0.0,0.0,0.0,0.0,0.0,0.0,0.0,0.0,0.0,0.0,-11.000540893848337,-11.000540893848337,-11.000540893848337,-1.5814580473188597,-1.5814580473188597,-1.5814580473188597,-3.2518177540280986,-3.2518177540280986,-3.2518177540280986,-6.103222822377765,-6.103222822377765,-6.103222822377765,-2.385928570160246,-2.385928570160246,-2.385928570160246,0.0,0.0,0.0,0.9363997734905366,0.9363997734905366,0.9363997734905366,1.6772313822360683,1.6772313822360683,1.6772313822360683,0.6181054343001897,0.6181054343001897,0.6181054343001897,0.354359096015796,0.354359096015796,0.354359096015796,4.112761197460024,4.112761197460024,4.112761197460024,-4.051572184232011,-4.051572184232011,-4.051572184232011,-7.428621221611736,-7.428621221611736,-7.428621221611736,0.0,0.0,0.0,46.061650084906155
149,2018-03-20 23:00:00,57.06190362526664,33.06356310522536,52.45369243303093,57.06190362526664,57.06190362526664,0.0,0.0,0.0,0.0,0.0,0.0,0.0,0.0,0.0,0.0,0.0,0.0,0.0,0.0,0.0,0.0,0.0,0.0,0.0,0.0,0.0,0.0,0.0,0.0,0.0,0.0,0.0,0.0,0.0,0.0,-14.17854992659522,-14.17854992659522,-14.17854992659522,-4.041137623559696,-4.041137623559696,-4.041137623559696,-3.2518177540280986,-3.2518177540280986,-3.2518177540280986,-6.713228757789089,-6.713228757789089,-6.713228757789089,-2.7092597333112547,-2.7092597333112547,-2.7092597333112547,0.0,0.0,0.0,1.0300264681022806,1.0300264681022806,1.0300264681022806,1.2391547249844723,1.2391547249844723,1.2391547249844723,0.634337902394872,0.634337902394872,0.634337902394872,0.028118313399880666,0.028118313399880666,0.028118313399880666,4.006022382872053,4.006022382872053,4.006022382872053,-3.6837886793312418,-3.6837886793312418,-3.6837886793312418,-7.430205928118488,-7.430205928118488,-7.430205928118488,0.0,0.0,0.0,42.883353698671414
150,2018-03-21 00:00:00,57.06161627177879,31.226727995534795,50.851961361019754,57.06161627177879,57.06161627177879,0.0,0.0,0.0,0.0,0.0,0.0,0.0,0.0,0.0,0.0,0.0,0.0,0.0,0.0,0.0,0.0,0.0,0.0,0.0,0.0,0.0,0.0,0.0,0.0,0.0,0.0,0.0,0.0,0.0,0.0,-15.805705672995556,-15.805705672995556,-15.805705672995556,-5.870902944004794,-5.870902944004794,-5.870902944004794,-1.952003449835657,-1.952003449835657,-1.952003449835657,-6.409002453493882,-6.409002453493882,-6.409002453493882,-2.8672446624165633,-2.8672446624165633,-2.8672446624165633,0.0,0.0,0.0,0.00013282737309703219,0.00013282737309703219,0.00013282737309703219,1.3087287833650652,1.3087287833650652,1.3087287833650652,0.6727055542550299,0.6727055542550299,0.6727055542550299,-0.22655114147694605,-0.22655114147694605,-0.22655114147694605,3.9060063182892417,3.9060063182892417,3.9060063182892417,-3.344770364757907,-3.344770364757907,-3.344770364757907,-7.431806593786118,-7.431806593786118,-7.431806593786118,0.0,0.0,0.0,41.25591059878323
151,2018-03-21 01:00:00,57.06132891829095,28.37546155412709,48.490936208126186,57.06132891829095,57.06132891829095,0.0,0.0,0.0,0.0,0.0,0.0,0.0,0.0,0.0,0.0,0.0,0.0,0.0,0.0,0.0,0.0,0.0,0.0,0.0,0.0,0.0,0.0,0.0,0.0,0.0,0.0,0.0,0.0,0.0,0.0,-18.944020438091037,-18.944020438091037,-18.944020438091037,-7.340379200677884,-7.340379200677884,-7.340379200677884,-1.952003449835657,-1.952003449835657,-1.952003449835657,-7.98348845849344,-7.98348845849344,-7.98348845849344,-3.051843540152516,-3.051843540152516,-3.051843540152516,0.0,0.0,0.0,-1.0297608133560867,-1.0297608133560867,-1.0297608133560867,0.9877284726297775,0.9877284726297775,0.9877284726297775,0.6973002028833364,0.6973002028833364,0.6973002028833364,-0.36770224696586173,-0.36770224696586173,-0.36770224696586173,3.81327048020552,3.81327048020552,3.81327048020552,-3.267207083696432,-3.267207083696432,-3.267207083696432,-7.433423259125229,-7.433423259125229,-7.433423259125229,0.0,0.0,0.0,38.11730848019991
152,2018-03-21 02:00:00,57.06104156480309,26.362575387920717,47.86378450894875,57.06104156480309,57.06104156480309,0.0,0.0,0.0,0.0,0.0,0.0,0.0,0.0,0.0,0.0,0.0,0.0,0.0,0.0,0.0,0.0,0.0,0.0,0.0,0.0,0.0,0.0,0.0,0.0,0.0,0.0,0.0,0.0,0.0,0.0,-19.769818809363198,-19.769818809363198,-19.769818809363198,-8.298040890242337,-8.298040890242337,-8.298040890242337,-1.952003449835657,-1.952003449835657,-1.952003449835657,-7.764933830306217,-7.764933830306217,-7.764933830306217,-2.9578453386059875,-2.9578453386059875,-2.9578453386059875,0.0,0.0,0.0,-0.9361341187443426,-0.9361341187443426,-0.9361341187443426,0.9675759867540196,0.9675759867540196,0.9675759867540196,0.6973002028833364,0.6973002028833364,0.6973002028833364,-0.4316807903708905,-0.4316807903708905,-0.4316807903708905,3.7282118747798267,3.7282118747798267,3.7282118747798267,-3.1521463223866943,-3.1521463223866943,-3.1521463223866943,-7.435055963594473,-7.435055963594473,-7.435055963594473,0.0,0.0,0.0,37.29122275543989
153,2018-03-21 03:00:00,57.06075421131524,27.16938425479901,47.98472134728672,57.06075421131524,57.06075421131524,0.0,0.0,0.0,0.0,0.0,0.0,0.0,0.0,0.0,0.0,0.0,0.0,0.0,0.0,0.0,0.0,0.0,0.0,0.0,0.0,0.0,0.0,0.0,0.0,0.0,0.0,0.0,0.0,0.0,0.0,-19.56510129561557,-19.56510129561557,-19.56510129561557,-8.15164539206827,-8.15164539206827,-8.15164539206827,-1.952003449835657,-1.952003449835657,-1.952003449835657,-7.627821196488024,-7.627821196488024,-7.627821196488024,-2.974832965391505,-2.974832965391505,-2.974832965391505,0.0,0.0,0.0,-0.8425074241325986,-0.8425074241325986,-0.8425074241325986,1.0592218153794903,1.0592218153794903,1.0592218153794903,0.6973002028833364,0.6973002028833364,0.6973002028833364,-0.44487480904974863,-0.44487480904974863,-0.44487480904974863,3.6510700385410977,3.6510700385410977,3.6510700385410977,-3.170124566341341,-3.170124566341341,-3.170124566341341,-7.436704745600376,-7.436704745600376,-7.436704745600376,0.0,0.0,0.0,37.49565291569967
154,2018-03-21 04:00:00,57.06046685782739,27.871713977654142,49.0939775676501,57.06046685782739,57.06046685782739,0.0,0.0,0.0,0.0,0.0,0.0,0.0,0.0,0.0,0.0,0.0,0.0,0.0,0.0,0.0,0.0,0.0,0.0,0.0,0.0,0.0,0.0,0.0,0.0,0.0,0.0,0.0,0.0,0.0,0.0,-17.989005993637658,-17.989005993637658,-17.989005993637658,-6.465438485690261,-6.465438485690261,-6.465438485690261,-1.952003449835657,-1.952003449835657,-1.952003449835657,-7.667129875612185,-7.667129875612185,-7.667129875612185,-2.9855917956889995,-2.9855917956889995,-2.9855917956889995,0.0,0.0,0.0,-0.7488807295208547,-0.7488807295208547,-0.7488807295208547,1.0688182372250892,1.0688182372250892,1.0688182372250892,0.6973002028833364,0.6973002028833364,0.6973002028833364,-0.34703991582727267,-0.34703991582727267,-0.34703991582727267,3.581932010153328,3.581932010153328,3.581932010153328,-3.399732424847827,-3.399732424847827,-3.399732424847827,-7.43836964248854,-7.43836964248854,-7.43836964248854,0.0,0.0,0.0,39.07146086418973
155,2018-03-21 05:00:00,57.060179504339544,31.357272327939377,52.894797308973914,57.060179504339544,57.060179504339544,0.0,0.0,0.0,0.0,0.0,0.0,0.0,0.0,0.0,0.0,0.0,0.0,0.0,0.0,0.0,0.0,0.0,0.0,0.0,0.0,0.0,0.0,0.0,0.0,0.0,0.0,0.0,0.0,0.0,0.0,-14.316799879224332,-14.316799879224332,-14.316799879224332,-3.5377064028432867,-3.5377064028432867,-3.5377064028432867,-1.952003449835657,-1.952003449835657,-1.952003449835657,-6.859781947250581,-6.859781947250581,-6.859781947250581,-2.7862703080722655,-2.7862703080722655,-2.7862703080722655,0.0,0.0,0.0,-0.6552540349091107,-0.6552540349091107,-0.6552540349091107,1.2247600922160735,1.2247600922160735,1.2247600922160735,0.6973002028833364,0.6973002028833364,0.6973002028833364,-0.012210573882666673,-0.012210573882666673,-0.012210573882666673,3.5207391614116905,3.5207391614116905,3.5207391614116905,-3.376103875650291,-3.376103875650291,-3.376103875650291,-7.440050690542156,-7.440050690542156,-7.440050690542156,0.0,0.0,0.0,42.74337962511521
156,2018-03-21 06:00:00,57.05989215085169,37.31264416599746,56.96058734496638,57.05989215085169,57.05989215085169,0.0,0.0,0.0,0.0,0.0,0.0,0.0,0.0,0.0,0.0,0.0,0.0,0.0,0.0,0.0,0.0,0.0,0.0,0.0,0.0,0.0,0.0,0.0,0.0,0.0,0.0,0.0,0.0,0.0,0.0,-9.543472770196352,-9.543472770196352,-9.543472770196352,-0.34266667200558687,-0.34266667200558687,-0.34266667200558687,-1.952003449835657,-1.952003449835657,-1.952003449835657,-5.2263539261958805,-5.2263539261958805,-5.2263539261958805,-2.503709449206498,-2.503709449206498,-2.503709449206498,0.0,0.0,0.0,-0.5616273402973667,-0.5616273402973667,-0.5616273402973667,1.941612804082322,1.941612804082322,1.941612804082322,0.6471271196815913,0.6471271196815913,0.6471271196815913,0.45866652670337216,0.45866652670337216,0.45866652670337216,3.467295752984187,3.467295752984187,3.467295752984187,-3.256420137323644,-3.256420137323644,-3.256420137323644,-7.441747924979073,-7.441747924979073,-7.441747924979073,0.0,0.0,0.0,47.516419380655336
157,2018-03-21 07:00:00,57.05960479736384,40.90716343535562,60.63723659854866,57.05960479736384,57.05960479736384,0.0,0.0,0.0,0.0,0.0,0.0,0.0,0.0,0.0,0.0,0.0,0.0,0.0,0.0,0.0,0.0,0.0,0.0,0.0,0.0,0.0,0.0,0.0,0.0,0.0,0.0,0.0,0.0,0.0,0.0,-5.9158059618494985,-5.9158059618494985,-5.9158059618494985,2.1317124712836333,2.1317124712836333,2.1317124712836333,-1.952003449835657,-1.952003449835657,-1.952003449835657,-4.02533611334259,-4.02533611334259,-4.02533611334259,-2.1883058452220636,-2.1883058452220636,-2.1883058452220636,0.0,0.0,0.0,-0.46800064568562283,-0.46800064568562283,-0.46800064568562283,2.6128825121819736,2.6128825121819736,2.6128825121819736,0.15916929089599172,0.15916929089599172,0.15916929089599172,0.8644448370154225,0.8644448370154225,0.8644448370154225,3.421279060151402,3.421279060151402,3.421279060151402,-3.0535228126926333,-3.0535228126926333,-3.0535228126926333,-7.443461379941944,-7.443461379941944,-7.443461379941944,0.0,0.0,0.0,51.14379883551434
158,2018-03-21 08:00:00,57.059317443876,40.71911369929564,61.86790664120956,57.059317443876,57.059317443876,0.0,0.0,0.0,0.0,0.0,0.0,0.0,0.0,0.0,0.0,0.0,0.0,0.0,0.0,0.0,0.0,0.0,0.0,0.0,0.0,0.0,0.0,0.0,0.0,0.0,0.0,0.0,0.0,0.0,0.0,-5.493060800809777,-5.493060800809777,-5.493060800809777,3.5147448325699457,3.5147448325699457,3.5147448325699457,-1.952003449835657,-1.952003449835657,-1.952003449835657,-4.944865439711756,-4.944865439711756,-4.944865439711756,-2.139607981770248,-2.139607981770248,-2.139607981770248,0.0,0.0,0.0,-0.3743739510738789,-0.3743739510738789,-0.3743739510738789,2.336985384121002,2.336985384121002,2.336985384121002,-0.7867408953486735,-0.7867408953486735,-0.7867408953486735,1.0444311672949393,1.0444311672949393,1.0444311672949393,3.3822508948304977,3.3822508948304977,3.3822508948304977,-3.0735557130992395,-3.0735557130992395,-3.0735557130992395,-7.445191088498466,-7.445191088498466,-7.445191088498466,0.0,0.0,0.0,51.56625664306622
159,2018-03-21 09:00:00,57.05903009038814,40.8098307330749,60.97706128202444,57.05903009038814,57.05903009038814,0.0,0.0,0.0,0.0,0.0,0.0,0.0,0.0,0.0,0.0,0.0,0.0,0.0,0.0,0.0,0.0,0.0,0.0,0.0,0.0,0.0,0.0,0.0,0.0,0.0,0.0,0.0,0.0,0.0,0.0,-6.252769438420074,-6.252769438420074,-6.252769438420074,4.070662567085698,4.070662567085698,4.070662567085698,-1.952003449835657,-1.952003449835657,-1.952003449835657,-6.226165257727537,-6.226165257727537,-6.226165257727537,-2.205293472007581,-2.205293472007581,-2.205293472007581,0.0,0.0,0.0,-0.2807472564621349,-0.2807472564621349,-0.2807472564621349,2.0538909396758305,2.0538909396758305,2.0538909396758305,-1.5870507617137646,-1.5870507617137646,-1.5870507617137646,1.1077873513283238,1.1077873513283238,1.1077873513283238,3.3496703348562407,3.3496703348562407,3.3496703348562407,-3.3627486087125535,-3.3627486087125535,-3.3627486087125535,-7.446937082634475,-7.446937082634475,-7.446937082634475,0.0,0.0,0.0,50.80626065196807
160,2018-03-21 10:00:00,57.05874273690029,40.496104784073836,59.82518594600024,57.05874273690029,57.05874273690029,0.0,0.0,0.0,0.0,0.0,0.0,0.0,0.0,0.0,0.0,0.0,0.0,0.0,0.0,0.0,0.0,0.0,0.0,0.0,0.0,0.0,0.0,0.0,0.0,0.0,0.0,0.0,0.0,0.0,0.0,-6.46478765607521,-6.46478765607521,-6.46478765607521,4.164036874245382,4.164036874245382,4.164036874245382,-1.952003449835657,-1.952003449835657,-1.952003449835657,-6.503032594886765,-6.503032594886765,-6.503032594886765,-2.3236406052800165,-2.3236406052800165,-2.3236406052800165,0.0,0.0,0.0,-0.18712056185039092,-0.18712056185039092,-0.18712056185039092,2.1119492918417047,2.1119492918417047,2.1119492918417047,-1.8566081106800032,-1.8566081106800032,-1.8566081106800032,1.0856313576977887,1.0856313576977887,1.0856313576977887,3.3229074578165436,3.3229074578165436,3.3229074578165436,-3.38124051678019,-3.38124051678019,-3.38124051678019,-7.448699393250372,-7.448699393250372,-7.448699393250372,0.0,0.0,0.0,50.59395508082508
161,2018-03-21 11:00:00,57.058455383412436,39.74893551984333,61.172592698895826,57.058455383412436,57.058455383412436,0.0,0.0,0.0,0.0,0.0,0.0,0.0,0.0,0.0,0.0,0.0,0.0,0.0,0.0,0.0,0.0,0.0,0.0,0.0,0.0,0.0,0.0,0.0,0.0,0.0,0.0,0.0,0.0,0.0,0.0,-6.963615666318396,-6.963615666318396,-6.963615666318396,3.7972055597370726,3.7972055597370726,3.7972055597370726,-1.952003449835657,-1.952003449835657,-1.952003449835657,-6.61160104226076,-6.61160104226076,-6.61160104226076,-2.361013384208154,-2.361013384208154,-2.361013384208154,0.0,0.0,0.0,-0.09349386723864693,-0.09349386723864693,-0.09349386723864693,2.014545610108874,2.014545610108874,2.014545610108874,-2.0031922165047096,-2.0031922165047096,-2.0031922165047096,1.014806861204673,1.014806861204673,1.014806861204673,3.3012578663637853,3.3012578663637853,3.3012578663637853,-3.231250595787139,-3.231250595787139,-3.231250595787139,-7.450478050158495,-7.450478050158495,-7.450478050158495,0.0,0.0,0.0,50.09483971709404
162,2018-03-21 12:00:00,57.058168029924595,39.057005436035844,59.16702587268453,57.058168029924595,57.058168029924595,0.0,0.0,0.0,0.0,0.0,0.0,0.0,0.0,0.0,0.0,0.0,0.0,0.0,0.0,0.0,0.0,0.0,0.0,0.0,0.0,0.0,0.0,0.0,0.0,0.0,0.0,0.0,0.0,0.0,0.0,-8.072541319005213,-8.072541319005213,-8.072541319005213,2.7406512640035032,2.7406512640035032,2.7406512640035032,-1.952003449835657,-1.952003449835657,-1.952003449835657,-6.6448772852452995,-6.6448772852452995,-6.6448772852452995,-2.4385902131953485,-2.4385902131953485,-2.4385902131953485,0.0,0.0,0.0,0.00013282737309703219,0.00013282737309703219,0.00013282737309703219,1.9699222485268388,1.9699222485268388,1.9699222485268388,-1.9815489257117997,-1.9815489257117997,-1.9815489257117997,0.9627776177352138,0.9627776177352138,0.9627776177352138,3.283957784314494,3.283957784314494,3.283957784314494,-3.205567390137644,-3.205567390137644,-3.205567390137644,-7.45227308207791,-7.45227308207791,-7.45227308207791,0.0,0.0,0.0,48.985626710919384
163,2018-03-21 13:00:00,57.057880676436746,37.02309165804344,56.684222299338806,57.057880676436746,57.057880676436746,0.0,0.0,0.0,0.0,0.0,0.0,0.0,0.0,0.0,0.0,0.0,0.0,0.0,0.0,0.0,0.0,0.0,0.0,0.0,0.0,0.0,0.0,0.0,0.0,0.0,0.0,0.0,0.0,0.0,0.0,-10.120742928599054,-10.120742928599054,-10.120742928599054,1.1104780762169997,1.1104780762169997,1.1104780762169997,-1.952003449835657,-1.952003449835657,-1.952003449835657,-7.0473359863845,-7.0473359863845,-7.0473359863845,-2.660561869859439,-2.660561869859439,-2.660561869859439,0.0,0.0,0.0,0.093759521984841,0.093759521984841,0.093759521984841,1.7669579264924191,1.7669579264924191,1.7669579264924191,-1.9072730868543144,-1.9072730868543144,-1.9072730868543144,0.8065654154525074,0.8065654154525074,0.8065654154525074,3.270199498196131,3.270199498196131,3.270199498196131,-3.194780443764856,-3.194780443764856,-3.194780443764856,-7.454084516627684,-7.454084516627684,-7.454084516627684,0.0,0.0,0.0,46.937137747837696
164,2018-03-21 14:00:00,57.05759332294889,35.04085686451852,55.49844610317132,57.05759332294889,57.05759332294889,0.0,0.0,0.0,0.0,0.0,0.0,0.0,0.0,0.0,0.0,0.0,0.0,0.0,0.0,0.0,0.0,0.0,0.0,0.0,0.0,0.0,0.0,0.0,0.0,0.0,0.0,0.0,0.0,0.0,0.0,-11.944818290983054,-11.944818290983054,-11.944818290983054,-0.28912081662439465,-0.28912081662439465,-0.28912081662439465,-1.952003449835657,-1.952003449835657,-1.952003449835657,-7.4589320114251025,-7.4589320114251025,-7.4589320114251025,-2.703030936823232,-2.703030936823232,-2.703030936823232,0.0,0.0,0.0,0.18738621659658497,0.18738621659658497,0.18738621659658497,1.5371236232903223,1.5371236232903223,1.5371236232903223,-1.791186345328708,-1.791186345328708,-1.791186345328708,0.7205553502912723,0.7205553502912723,0.7205553502912723,3.259146917392281,3.259146917392281,3.259146917392281,-3.457776469615686,-3.457776469615686,-3.457776469615686,-7.455912380325838,-7.455912380325838,-7.455912380325838,0.0,0.0,0.0,45.11277503196584
165,2018-03-21 15:00:00,57.05730596946104,34.91567728550511,54.70119869368081,57.05730596946104,57.05730596946104,0.0,0.0,0.0,0.0,0.0,0.0,0.0,0.0,0.0,0.0,0.0,0.0,0.0,0.0,0.0,0.0,0.0,0.0,0.0,0.0,0.0,0.0,0.0,0.0,0.0,0.0,0.0,0.0,0.0,0.0,-12.340891393853157,-12.340891393853157,-12.340891393853157,-0.3666837279400441,-0.3666837279400441,-0.3666837279400441,-1.952003449835657,-1.952003449835657,-1.952003449835657,-7.766401994771871,-7.766401994771871,-7.766401994771871,-2.6707544459307493,-2.6707544459307493,-2.6707544459307493,0.0,0.0,0.0,0.28101291120832894,0.28101291120832894,0.28101291120832894,1.3245628794103037,1.3245628794103037,1.3245628794103037,-1.5491750028261728,-1.5491750028261728,-1.5491750028261728,0.6763678349045306,0.6763678349045306,0.6763678349045306,3.2499510274443155,3.2499510274443155,3.2499510274443155,-3.8764127217024553,-3.8764127217024553,-3.8764127217024553,-7.457756698585557,-7.457756698585557,-7.457756698585557,0.0,0.0,0.0,44.716414575607885
166,2018-03-21 16:00:00,57.05701861597319,36.24353685452638,56.67799392358763,57.05701861597319,57.05701861597319,0.0,0.0,0.0,0.0,0.0,0.0,0.0,0.0,0.0,0.0,0.0,0.0,0.0,0.0,0.0,0.0,0.0,0.0,0.0,0.0,0.0,0.0,0.0,0.0,0.0,0.0,0.0,0.0,0.0,0.0,-9.920654101574803,-9.920654101574803,-9.920654101574803,1.350499599422888,1.350499599422888,1.350499599422888,-1.952003449835657,-1.952003449835657,-1.952003449835657,-7.0533012207980414,-7.0533012207980414,-7.0533012207980414,-2.4640716533736247,-2.4640716533736247,-2.4640716533736247,0.0,0.0,0.0,0.37463960582007294,0.37463960582007294,0.37463960582007294,1.4550742165104507,1.4550742165104507,1.4550742165104507,-1.1305740831723974,-1.1305740831723974,-1.1305740831723974,0.6340473976327216,0.6340473976327216,0.6340473976327216,3.2417650155101323,3.2417650155101323,3.2417650155101323,-3.9704132543796073,-3.9704132543796073,-3.9704132543796073,-7.4596174957097805,-7.4596174957097805,-7.4596174957097805,0.0,0.0,0.0,47.13636451439839
167,2018-03-21 17:00:00,57.05673126248534,41.265461231700094,61.84450483376006,57.05673126248534,57.05673126248534,0.0,0.0,0.0,0.0,0.0,0.0,0.0,0.0,0.0,0.0,0.0,0.0,0.0,0.0,0.0,0.0,0.0,0.0,0.0,0.0,0.0,0.0,0.0,0.0,0.0,0.0,0.0,0.0,0.0,0.0,-5.190658334116637,-5.190658334116637,-5.190658334116637,4.1236096069935755,4.1236096069935755,4.1236096069935755,-1.952003449835657,-1.952003449835657,-1.952003449835657,-5.086532000681841,-5.086532000681841,-5.086532000681841,-2.0003094421290077,-2.0003094421290077,-2.0003094421290077,0.0,0.0,0.0,0.46826630043181683,0.46826630043181683,0.46826630043181683,1.9003481901462456,1.9003481901462456,1.9003481901462456,-0.42716713240283355,-0.42716713240283355,-0.42716713240283355,0.6173681664726557,0.6173681664726557,0.6173681664726557,3.2337588544569225,3.2337588544569225,3.2337588544569225,-3.6930346333650608,-3.6930346333650608,-3.6930346333650608,-7.461494794885293,-7.461494794885293,-7.461494794885293,0.0,0.0,0.0,51.86607292836871
168,2018-03-21 18:00:00,56.98768993243087,46.77755159498873,66.70172904088976,56.98768993243087,56.98768993243087,0.0,0.0,0.0,0.0,0.0,0.0,0.0,0.0,0.0,0.0,0.0,0.0,0.0,0.0,0.0,0.0,0.0,0.0,0.0,0.0,0.0,0.0,0.0,0.0,0.0,0.0,0.0,0.0,0.0,0.0,0.08555199443222425,0.08555199443222425,0.08555199443222425,6.345485871976853,6.345485871976853,6.345485871976853,-2.2603039927029247,-2.2603039927029247,-2.2603039927029247,-2.573261233016908,-2.573261233016908,-2.573261233016908,-1.3101114655661656,-1.3101114655661656,-1.3101114655661656,0.0,0.0,0.0,0.5717714498473209,0.5717714498473209,0.5717714498473209,2.651923912668259,2.651923912668259,2.651923912668259,0.22220900269156807,0.22220900269156807,0.22220900269156807,0.8811625782253687,0.8811625782253687,0.8811625782253687,3.468037115548237,3.468037115548237,3.468037115548237,-3.3299127181803345,-3.3299127181803345,-3.3299127181803345,-7.154709760075958,-7.154709760075958,-7.154709760075958,0.0,0.0,0.0,57.07324192686309
169,2018-03-21 19:00:00,56.98737565489933,50.04718269920745,69.27961310937195,56.98737565489933,56.98737565489933,0.0,0.0,0.0,0.0,0.0,0.0,0.0,0.0,0.0,0.0,0.0,0.0,0.0,0.0,0.0,0.0,0.0,0.0,0.0,0.0,0.0,0.0,0.0,0.0,0.0,0.0,0.0,0.0,0.0,0.0,2.3446603833849884,2.3446603833849884,2.3446603833849884,6.647125943511699,6.647125943511699,6.647125943511699,-2.2603039927029247,-2.2603039927029247,-2.2603039927029247,-0.5976266954704742,-0.5976266954704742,-0.5976266954704742,-0.5751422217903873,-0.5751422217903873,-0.5751422217903873,0.0,0.0,0.0,0.6670441835485711,0.6670441835485711,0.6670441835485711,3.297207453289924,3.297207453289924,3.297207453289924,0.36186275046037913,0.36186275046037913,0.36186275046037913,1.1754509101564152,1.1754509101564152,1.1754509101564152,3.4516227321124044,3.4516227321124044,3.4516227321124044,-3.2637457784324515,-3.2637457784324515,-3.2637457784324515,-7.156461596768639,-7.156461596768639,-7.156461596768639,0.0,0.0,0.0,59.33203603828432
170,2018-03-21 20:00:00,56.9870613773678,46.519915549602075,66.94909809297026,56.9870613773678,56.9870613773678,0.0,0.0,0.0,0.0,0.0,0.0,0.0,0.0,0.0,0.0,0.0,0.0,0.0,0.0,0.0,0.0,0.0,0.0,0.0,0.0,0.0,0.0,0.0,0.0,0.0,0.0,0.0,0.0,0.0,0.0,0.029443763614110073,0.029443763614110073,0.029443763614110073,4.781516943384476,4.781516943384476,4.781516943384476,-2.2603039927029247,-2.2603039927029247,-2.2603039927029247,-1.0273570525246982,-1.0273570525246982,-1.0273570525246982,-0.8968646077450676,-0.8968646077450676,-0.8968646077450676,0.0,0.0,0.0,0.7623169172498214,0.7623169172498214,0.7623169172498214,3.1332506059587657,3.1332506059587657,3.1332506059587657,0.37954617956097536,0.37954617956097536,0.37954617956097536,1.0669243269885946,1.0669243269885946,1.0669243269885946,3.4335153223334287,3.4335153223334287,3.4335153223334287,-3.212226481834863,-3.212226481834863,-3.212226481834863,-7.158231449579096,-7.158231449579096,-7.158231449579096,0.0,0.0,0.0,57.01650514098191
171,2018-03-21 21:00:00,56.986747099836265,42.962856111601276,62.3386662929898,56.986747099836265,56.986747099836265,0.0,0.0,0.0,0.0,0.0,0.0,0.0,0.0,0.0,0.0,0.0,0.0,0.0,0.0,0.0,0.0,0.0,0.0,0.0,0.0,0.0,0.0,0.0,0.0,0.0,0.0,0.0,0.0,0.0,0.0,-4.05804046198659,-4.05804046198659,-4.05804046198659,1.6603965288125326,1.6603965288125326,1.6603965288125326,-2.2603039927029247,-2.2603039927029247,-2.2603039927029247,-1.9714314427088644,-1.9714314427088644,-1.9714314427088644,-1.575809780863221,-1.575809780863221,-1.575809780863221,0.0,0.0,0.0,0.8575896509510716,0.8575896509510716,0.8575896509510716,2.887051738744454,2.887051738744454,2.887051738744454,0.38453381340986154,0.38453381340986154,0.38453381340986154,0.7527684283449035,0.7527684283449035,0.7527684283449035,3.41301379460012,3.41301379460012,3.41301379460012,-3.017261300593009,-3.017261300593009,-3.017261300593009,-7.160019342690381,-7.160019342690381,-7.160019342690381,0.0,0.0,0.0,52.92870663784967
172,2018-03-21 22:00:00,56.98643282230473,38.784079026486516,57.869242796228576,56.98643282230473,56.98643282230473,0.0,0.0,0.0,0.0,0.0,0.0,0.0,0.0,0.0,0.0,0.0,0.0,0.0,0.0,0.0,0.0,0.0,0.0,0.0,0.0,0.0,0.0,0.0,0.0,0.0,0.0,0.0,0.0,0.0,0.0,-8.906318021617036,-8.906318021617036,-8.906318021617036,-1.4777653223868186,-1.4777653223868186,-1.4777653223868186,-2.2603039927029247,-2.2603039927029247,-2.2603039927029247,-3.6562156338812817,-3.6562156338812817,-3.6562156338812817,-1.9269309365689324,-1.9269309365689324,-1.9269309365689324,0.0,0.0,0.0,0.9528623846523221,0.9528623846523221,0.9528623846523221,1.7193204948907057,1.7193204948907057,1.7193204948907057,0.4121925102082299,0.4121925102082299,0.4121925102082299,0.31692368358626505,0.31692368358626505,0.31692368358626505,3.389488233754098,3.389488233754098,3.389488233754098,-2.8702797779469478,-2.8702797779469478,-2.8702797779469478,-7.1618252991030324,-7.1618252991030324,-7.1618252991030324,0.0,0.0,0.0,48.080114800687696
173,2018-03-21 23:00:00,56.98611854477319,35.78210233100307,55.279109696091005,56.98611854477319,56.98611854477319,0.0,0.0,0.0,0.0,0.0,0.0,0.0,0.0,0.0,0.0,0.0,0.0,0.0,0.0,0.0,0.0,0.0,0.0,0.0,0.0,0.0,0.0,0.0,0.0,0.0,0.0,0.0,0.0,0.0,0.0,-11.767997119433705,-11.767997119433705,-11.767997119433705,-3.9496903448747416,-3.9496903448747416,-3.9496903448747416,-2.2603039927029247,-2.2603039927029247,-2.2603039927029247,-4.017046198005867,-4.017046198005867,-4.017046198005867,-2.3030133118745764,-2.3030133118745764,-2.3030133118745764,0.0,0.0,0.0,1.0481351183535723,1.0481351183535723,1.0481351183535723,1.6075556986392407,1.6075556986392407,1.6075556986392407,0.4226211991649918,0.4226211991649918,0.4226211991649918,0.004878713905792534,0.004878713905792534,0.004878713905792534,3.3623887640822785,3.3623887640822785,3.3623887640822785,-2.536919623491964,-2.536919623491964,-2.536919623491964,-7.163649340635376,-7.163649340635376,-7.163649340635376,0.0,0.0,0.0,45.21812142533949
174,2018-03-22 00:00:00,56.985804267241654,33.22566227296379,53.47029218369293,56.985804267241654,56.985804267241654,0.0,0.0,0.0,0.0,0.0,0.0,0.0,0.0,0.0,0.0,0.0,0.0,0.0,0.0,0.0,0.0,0.0,0.0,0.0,0.0,0.0,0.0,0.0,0.0,0.0,0.0,0.0,0.0,0.0,0.0,-13.441762813151707,-13.441762813151707,-13.441762813151707,-5.809551407940569,-5.809551407940569,-5.809551407940569,-0.7537016124571801,-0.7537016124571801,-0.7537016124571801,-3.7979727172945537,-3.7979727172945537,-3.7979727172945537,-2.413397371883165,-2.413397371883165,-2.413397371883165,0.0,0.0,0.0,0.00013504763981885,0.00013504763981885,0.00013504763981885,1.3871892607472016,1.3871892607472016,1.3871892607472016,0.4235280416829711,0.4235280416829711,0.4235280416829711,-0.24321752541835556,-0.24321752541835556,-0.24321752541835556,3.3312528000006827,3.3312528000006827,3.3312528000006827,-2.198508557605844,-2.198508557605844,-2.198508557605844,-7.165491487917266,-7.165491487917266,-7.165491487917266,0.0,0.0,0.0,43.54404145408995
175,2018-03-22 01:00:00,56.985489989710125,31.4837754390573,51.12967735419237,56.985489989710125,56.985489989710125,0.0,0.0,0.0,0.0,0.0,0.0,0.0,0.0,0.0,0.0,0.0,0.0,0.0,0.0,0.0,0.0,0.0,0.0,0.0,0.0,0.0,0.0,0.0,0.0,0.0,0.0,0.0,0.0,0.0,0.0,-15.797850453253279,-15.797850453253279,-15.797850453253279,-7.30351680060553,-7.30351680060553,-7.30351680060553,-0.7537016124571801,-0.7537016124571801,-0.7537016124571801,-4.622692489834023,-4.622692489834023,-4.622692489834023,-2.467757361234128,-2.467757361234128,-2.467757361234128,0.0,0.0,0.0,-1.0478650230739346,-1.0478650230739346,-1.0478650230739346,1.4367453496511529,1.4367453496511529,1.4367453496511529,0.44891963218639125,0.44891963218639125,0.44891963218639125,-0.38651235033330394,-0.38651235033330394,-0.38651235033330394,3.2957105975721217,3.2957105975721217,3.2957105975721217,-1.8525211245730202,-1.8525211245730202,-1.8525211245730202,-7.167351760385847,-7.167351760385847,-7.167351760385847,0.0,0.0,0.0,41.18763953645684
176,2018-03-22 02:00:00,56.98517571217858,30.088519807264063,49.851647022993056,56.98517571217858,56.98517571217858,0.0,0.0,0.0,0.0,0.0,0.0,0.0,0.0,0.0,0.0,0.0,0.0,0.0,0.0,0.0,0.0,0.0,0.0,0.0,0.0,0.0,0.0,0.0,0.0,0.0,0.0,0.0,0.0,0.0,0.0,-16.671427040125515,-16.671427040125515,-16.671427040125515,-8.263266747080312,-8.263266747080312,-8.263266747080312,-0.7537016124571801,-0.7537016124571801,-0.7537016124571801,-4.4944191618853715,-4.4944191618853715,-4.4944191618853715,-2.506031231287357,-2.506031231287357,-2.506031231287357,0.0,0.0,0.0,-0.9525922893726843,-0.9525922893726843,-0.9525922893726843,1.3581936768140386,1.3581936768140386,1.3581936768140386,0.5282683525095794,0.5282683525095794,0.5282683525095794,-0.43978226358158196,-0.43978226358158196,-0.43978226358158196,3.255489045122749,3.255489045122749,3.255489045122749,-1.7287737945101853,-1.7287737945101853,-1.7287737945101853,-7.169230176282583,-7.169230176282583,-7.169230176282583,0.0,0.0,0.0,40.313748672053066
177,2018-03-22 03:00:00,56.984861434647044,30.370645066994907,50.37878549413991,56.984861434647044,56.984861434647044,0.0,0.0,0.0,0.0,0.0,0.0,0.0,0.0,0.0,0.0,0.0,0.0,0.0,0.0,0.0,0.0,0.0,0.0,0.0,0.0,0.0,0.0,0.0,0.0,0.0,0.0,0.0,0.0,0.0,0.0,-16.173845173372555,-16.173845173372555,-16.173845173372555,-8.10013319168038,-8.10013319168038,-8.10013319168038,-0.7537016124571801,-0.7537016124571801,-0.7537016124571801,-4.1129988863022096,-4.1129988863022096,-4.1129988863022096,-2.43336634756311,-2.43336634756311,-2.43336634756311,0.0,0.0,0.0,-0.857319555671434,-0.857319555671434,-0.857319555671434,1.4198751917264036,1.4198751917264036,1.4198751917264036,0.5609146831568339,0.5609146831568339,0.5609146831568339,-0.45195114819307675,-0.45195114819307675,-0.45195114819307675,3.210413657258539,3.210413657258539,3.210413657258539,-1.5974500973006462,-1.5974500973006462,-1.5974500973006462,-7.1711267526485045,-7.1711267526485045,-7.1711267526485045,0.0,0.0,0.0,40.81101626127449
178,2018-03-22 04:00:00,56.984547157115514,33.71883870887186,53.49144344679587,56.984547157115514,56.984547157115514,0.0,0.0,0.0,0.0,0.0,0.0,0.0,0.0,0.0,0.0,0.0,0.0,0.0,0.0,0.0,0.0,0.0,0.0,0.0,0.0,0.0,0.0,0.0,0.0,0.0,0.0,0.0,0.0,0.0,0.0,-13.917423775813363,-13.917423775813363,-13.917423775813363,-6.3989598391986755,-6.3989598391986755,-6.3989598391986755,-0.7537016124571801,-0.7537016124571801,-0.7537016124571801,-3.5058311942820493,-3.5058311942820493,-3.5058311942820493,-2.3096696371012246,-2.3096696371012246,-2.3096696371012246,0.0,0.0,0.0,-0.7620468219701838,-0.7620468219701838,-0.7620468219701838,1.5790873071412261,1.5790873071412261,1.5790873071412261,0.6144183917176123,0.6144183917176123,0.6144183917176123,-0.35273748692180834,-0.35273748692180834,-0.35273748692180834,3.1604087629909037,3.1604087629909037,3.1604087629909037,-1.5211813346904908,-1.5211813346904908,-1.5211813346904908,-7.173041505323542,-7.173041505323542,-7.173041505323542,0.0,0.0,0.0,43.06712338130215
179,2018-03-22 05:00:00,56.98423287958398,36.26294788824095,57.40360784252325,56.98423287958398,56.98423287958398,0.0,0.0,0.0,0.0,0.0,0.0,0.0,0.0,0.0,0.0,0.0,0.0,0.0,0.0,0.0,0.0,0.0,0.0,0.0,0.0,0.0,0.0,0.0,0.0,0.0,0.0,0.0,0.0,0.0,0.0,-10.16534076840311,-10.16534076840311,-10.16534076840311,-3.4786567387889136,-3.4786567387889136,-3.4786567387889136,-0.7537016124571801,-0.7537016124571801,-0.7537016124571801,-2.617205485495904,-2.617205485495904,-2.617205485495904,-2.1121986553773175,-2.1121986553773175,-2.1121986553773175,0.0,0.0,0.0,-0.6667740882689334,-0.6667740882689334,-0.6667740882689334,1.8743150708243408,1.8743150708243408,1.8743150708243408,0.6257539231923533,0.6257539231923533,0.6257539231923533,-0.018465676981564743,-0.018465676981564743,-0.018465676981564743,3.105495904821257,3.105495904821257,3.105495904821257,-1.5661344464276024,-1.5661344464276024,-1.5661344464276024,-7.17497444893955,-7.17497444893955,-7.17497444893955,0.0,0.0,0.0,46.818892111180865
180,2018-03-22 06:00:00,56.98391860205244,42.64632033873408,61.56394096947548,56.98391860205244,56.98391860205244,0.0,0.0,0.0,0.0,0.0,0.0,0.0,0.0,0.0,0.0,0.0,0.0,0.0,0.0,0.0,0.0,0.0,0.0,0.0,0.0,0.0,0.0,0.0,0.0,0.0,0.0,0.0,0.0,0.0,0.0,-5.108443392210706,-5.108443392210706,-5.108443392210706,-0.3183465761198673,-0.3183465761198673,-0.3183465761198673,-0.7537016124571801,-0.7537016124571801,-0.7537016124571801,-0.6589617110603165,-0.6589617110603165,-0.6589617110603165,-1.301791059032855,-1.301791059032855,-1.301791059032855,0.0,0.0,0.0,-0.5715013545676831,-0.5715013545676831,-0.5715013545676831,2.389909272399495,2.389909272399495,2.389909272399495,0.5600078406388546,0.5600078406388546,0.5600078406388546,0.4509055866046614,0.4509055866046614,0.4509055866046614,3.045790491890087,3.045790491890087,3.045790491890087,-1.432790384645609,-1.432790384645609,-1.432790384645609,-7.17692559692061,-7.17692559692061,-7.17692559692061,0.0,0.0,0.0,51.87547520984174
181,2018-03-22 07:00:00,56.983604324520904,45.44449259146475,65.77713778054421,56.983604324520904,56.983604324520904,0.0,0.0,0.0,0.0,0.0,0.0,0.0,0.0,0.0,0.0,0.0,0.0,0.0,0.0,0.0,0.0,0.0,0.0,0.0,0.0,0.0,0.0,0.0,0.0,0.0,0.0,0.0,0.0,0.0,0.0,-1.4220822731907248,-1.4220822731907248,-1.4220822731907248,2.106689137357034,2.106689137357034,2.106689137357034,-0.7537016124571801,-0.7537016124571801,-0.7537016124571801,0.6686267754610007,0.6686267754610007,0.6686267754610007,-0.7343393334610654,-0.7343393334610654,-0.7343393334610654,0.0,0.0,0.0,-0.4762286208664327,-0.4762286208664327,-0.4762286208664327,3.0388831600671984,3.0388831600671984,3.0388831600671984,0.045828132944595625,0.045828132944595625,0.045828132944595625,0.8329837289472057,0.8329837289472057,0.8329837289472057,2.9814967754660002,2.9814967754660002,2.9814967754660002,-1.2847986797133206,-1.2847986797133206,-1.2847986797133206,-7.17889496147476,-7.17889496147476,-7.17889496147476,0.0,0.0,0.0,55.56152205133018
182,2018-03-22 08:00:00,56.98329004698937,46.14201483155796,66.38077509845272,56.98329004698937,56.98329004698937,0.0,0.0,0.0,0.0,0.0,0.0,0.0,0.0,0.0,0.0,0.0,0.0,0.0,0.0,0.0,0.0,0.0,0.0,0.0,0.0,0.0,0.0,0.0,0.0,0.0,0.0,0.0,0.0,0.0,0.0,-1.0926070246227766,-1.0926070246227766,-1.0926070246227766,3.44455949933749,3.44455949933749,3.44455949933749,-0.7537016124571801,-0.7537016124571801,-0.7537016124571801,-0.26918520988170647,-0.26918520988170647,-0.26918520988170647,-0.7304564770788537,-0.7304564770788537,-0.7304564770788537,0.0,0.0,0.0,-0.3809558871651824,-0.3809558871651824,-0.3809558871651824,2.757362399697943,2.757362399697943,2.757362399697943,-0.9267604675881959,-0.9267604675881959,-0.9267604675881959,0.9925451241081319,0.9925451241081319,0.9925451241081319,2.9129012395171014,2.9129012395171014,2.9129012395171014,-1.2272182893983687,-1.2272182893983687,-1.2272182893983687,-7.180882553595661,-7.180882553595661,-7.180882553595661,0.0,0.0,0.0,55.89068302236659
183,2018-03-22 09:00:00,56.98297576945784,45.9816537992297,66.16396938139584,56.98297576945784,56.98297576945784,0.0,0.0,0.0,0.0,0.0,0.0,0.0,0.0,0.0,0.0,0.0,0.0,0.0,0.0,0.0,0.0,0.0,0.0,0.0,0.0,0.0,0.0,0.0,0.0,0.0,0.0,0.0,0.0,0.0,0.0,-1.1973861357133666,-1.1973861357133666,-1.1973861357133666,3.9712766552831473,3.9712766552831473,3.9712766552831473,-0.7537016124571801,-0.7537016124571801,-0.7537016124571801,-0.8261389298352926,-0.8261389298352926,-0.8261389298352926,-1.0011470362958952,-1.0011470362958952,-1.0011470362958952,0.0,0.0,0.0,-0.28568315346393214,-0.28568315346393214,-0.28568315346393214,2.8664912337736657,2.8664912337736657,2.8664912337736657,-1.6545015882665783,-1.6545015882665783,-1.6545015882665783,1.033646152744915,1.033646152744915,1.033646152744915,2.8403645218932443,2.8403645218932443,2.8403645218932443,-1.0312429258702878,-1.0312429258702878,-1.0312429258702878,-7.1828883830544665,-7.1828883830544665,-7.1828883830544665,0.0,0.0,0.0,55.78558963374447
184,2018-03-22 10:00:00,56.9826614919263,46.0652057561975,66.03446406536926,56.9826614919263,56.9826614919263,0.0,0.0,0.0,0.0,0.0,0.0,0.0,0.0,0.0,0.0,0.0,0.0,0.0,0.0,0.0,0.0,0.0,0.0,0.0,0.0,0.0,0.0,0.0,0.0,0.0,0.0,0.0,0.0,0.0,0.0,-1.0479299078393207,-1.0479299078393207,-1.0479299078393207,4.052375627106786,4.052375627106786,4.052375627106786,-0.7537016124571801,-0.7537016124571801,-0.7537016124571801,-0.6797050797745386,-0.6797050797745386,-0.6797050797745386,-0.8486062498518656,-0.8486062498518656,-0.8486062498518656,0.0,0.0,0.0,-0.19041041976268178,-0.19041041976268178,-0.19041041976268178,2.7837220214553637,2.7837220214553637,2.7837220214553637,-1.8744108988765569,-1.8744108988765569,-1.8744108988765569,1.0026030797564083,1.0026030797564083,1.0026030797564083,2.7643120032304815,2.7643120032304815,2.7643120032304815,-0.7989010000380262,-0.7989010000380262,-0.7989010000380262,-7.1849124584020485,-7.1849124584020485,-7.1849124584020485,0.0,0.0,0.0,55.93473158408698
185,2018-03-22 11:00:00,56.98234721439476,45.543583166519255,65.45385453656682,56.98234721439476,56.98234721439476,0.0,0.0,0.0,0.0,0.0,0.0,0.0,0.0,0.0,0.0,0.0,0.0,0.0,0.0,0.0,0.0,0.0,0.0,0.0,0.0,0.0,0.0,0.0,0.0,0.0,0.0,0.0,0.0,0.0,0.0,-1.688111277191756,-1.688111277191756,-1.688111277191756,3.686209760153824,3.686209760153824,3.686209760153824,-0.7537016124571801,-0.7537016124571801,-0.7537016124571801,-0.8725894701771458,-0.8725894701771458,-0.8725894701771458,-0.7260189269277546,-0.7260189269277546,-0.7260189269277546,0.0,0.0,0.0,-0.09513768606143147,-0.09513768606143147,-0.09513768606143147,2.400453121102463,2.400453121102463,2.400453121102463,-1.9764306821492272,-1.9764306821492272,-1.9764306821492272,0.9104672391265193,0.9104672391265193,0.9104672391265193,2.685223219792726,2.685223219792726,2.685223219792726,-0.6322209228105343,-0.6322209228105343,-0.6322209228105343,-7.18695478696116,-7.18695478696116,-7.18695478696116,0.0,0.0,0.0,55.294235937203
186,2018-03-22 12:00:00,56.98203293686323,44.18743151167198,63.62015595641933,56.98203293686323,56.98203293686323,0.0,0.0,0.0,0.0,0.0,0.0,0.0,0.0,0.0,0.0,0.0,0.0,0.0,0.0,0.0,0.0,0.0,0.0,0.0,0.0,0.0,0.0,0.0,0.0,0.0,0.0,0.0,0.0,0.0,0.0,-3.0414720309976486,-3.0414720309976486,-3.0414720309976486,2.64107342397033,2.64107342397033,2.64107342397033,-0.7537016124571801,-0.7537016124571801,-0.7537016124571801,-1.0971503540741643,-1.0971503540741643,-1.0971503540741643,-0.8935364451317432,-0.8935364451317432,-0.8935364451317432,0.0,0.0,0.0,0.00013504763981885,0.00013504763981885,0.00013504763981885,2.2523120468257574,2.2523120468257574,2.2523120468257574,-1.9714430483003411,-1.9714430483003411,-1.9714430483003411,0.8624125621403104,0.8624125621403104,0.8624125621403104,2.603620273930744,2.603620273930744,2.603620273930744,-0.5933289047907863,-0.5933289047907863,-0.5933289047907863,-7.1890153748245575,-7.1890153748245575,-7.1890153748245575,0.0,0.0,0.0,53.94056090586558
187,2018-03-22 13:00:00,56.98171865933169,41.216243236061686,60.67169016996894,56.98171865933169,56.98171865933169,0.0,0.0,0.0,0.0,0.0,0.0,0.0,0.0,0.0,0.0,0.0,0.0,0.0,0.0,0.0,0.0,0.0,0.0,0.0,0.0,0.0,0.0,0.0,0.0,0.0,0.0,0.0,0.0,0.0,0.0,-5.5850861622790475,-5.5850861622790475,-5.5850861622790475,1.0326898735513834,1.0326898735513834,1.0326898735513834,-0.7537016124571801,-0.7537016124571801,-0.7537016124571801,-1.9467372394778681,-1.9467372394778681,-1.9467372394778681,-1.3045645278772922,-1.3045645278772922,-1.3045645278772922,0.0,0.0,0.0,0.09540778134106917,0.09540778134106917,0.09540778134106917,1.9734272486322437,1.9734272486322437,1.9734272486322437,-1.925647501142387,-1.925647501142387,-1.925647501142387,0.7182485311816839,0.7182485311816839,0.7182485311816839,2.5200554305011607,2.5200554305011607,2.5200554305011607,-0.7499071591560058,-0.7499071591560058,-0.7499071591560058,-7.191094226853723,-7.191094226853723,-7.191094226853723,0.0,0.0,0.0,51.39663249705264
188,2018-03-22 14:00:00,56.981404381800154,39.449469745413175,59.25137853853391,56.981404381800154,56.981404381800154,0.0,0.0,0.0,0.0,0.0,0.0,0.0,0.0,0.0,0.0,0.0,0.0,0.0,0.0,0.0,0.0,0.0,0.0,0.0,0.0,0.0,0.0,0.0,0.0,0.0,0.0,0.0,0.0,0.0,0.0,-7.572296131382384,-7.572296131382384,-7.572296131382384,-0.3384828536091394,-0.3384828536091394,-0.3384828536091394,-0.7537016124571801,-0.7537016124571801,-0.7537016124571801,-2.4757200306511096,-2.4757200306511096,-2.4757200306511096,-1.3772294116015389,-1.3772294116015389,-1.3772294116015389,0.0,0.0,0.0,0.19068051504231948,0.19068051504231948,0.19068051504231948,1.7177389175852604,1.7177389175852604,1.7177389175852604,-1.8186400840208305,-1.8186400840208305,-1.8186400840208305,0.6345564064046688,0.6345564064046688,0.6345564064046688,2.4350980995512677,2.4350980995512677,2.4350980995512677,-1.0691247616038086,-1.0691247616038086,-1.0691247616038086,-7.1931913466734025,-7.1931913466734025,-7.1931913466734025,0.0,0.0,0.0,49.40910825041777
189,2018-03-22 15:00:00,56.981090104268624,38.84686360735384,58.57862861085588,56.981090104268624,56.981090104268624,0.0,0.0,0.0,0.0,0.0,0.0,0.0,0.0,0.0,0.0,0.0,0.0,0.0,0.0,0.0,0.0,0.0,0.0,0.0,0.0,0.0,0.0,0.0,0.0,0.0,0.0,0.0,0.0,0.0,0.0,-8.165387203122906,-8.165387203122906,-8.165387203122906,-0.390201304346053,-0.390201304346053,-0.390201304346053,-0.7537016124571801,-0.7537016124571801,-0.7537016124571801,-2.9292005775169647,-2.9292005775169647,-2.9292005775169647,-1.545301623574415,-1.545301623574415,-1.545301623574415,0.0,0.0,0.0,0.2859532487435698,0.2859532487435698,0.2859532487435698,1.4952637099526278,1.4952637099526278,1.4952637099526278,-1.5660844427635972,-1.5660844427635972,-1.5660844427635972,0.55968051435639,0.55968051435639,0.55968051435639,2.34932141541206,2.34932141541206,2.34932141541206,-1.4050103717743603,-1.4050103717743603,-1.4050103717743603,-7.195306736671949,-7.195306736671949,-7.195306736671949,0.0,0.0,0.0,48.81570290114572
190,2018-03-22 16:00:00,56.98077582673708,40.47931004297661,60.85026707769761,56.98077582673708,56.98077582673708,0.0,0.0,0.0,0.0,0.0,0.0,0.0,0.0,0.0,0.0,0.0,0.0,0.0,0.0,0.0,0.0,0.0,0.0,0.0,0.0,0.0,0.0,0.0,0.0,0.0,0.0,0.0,0.0,0.0,0.0,-6.474285542600523,-6.474285542600523,-6.474285542600523,1.3413613807332614,1.3413613807332614,1.3413613807332614,-0.7537016124571801,-0.7537016124571801,-0.7537016124571801,-2.8814951536347304,-2.8814951536347304,-2.8814951536347304,-1.5064730597522984,-1.5064730597522984,-1.5064730597522984,0.0,0.0,0.0,0.38122598244482014,0.38122598244482014,0.38122598244482014,1.4942093250823307,1.4942093250823307,1.4942093250823307,-1.170247683665636,-1.170247683665636,-1.170247683665636,0.5270232015724806,0.5270232015724806,0.5270232015724806,2.263288628293678,2.263288628293678,2.263288628293678,-1.8535313068592474,-1.8535313068592474,-1.8535313068592474,-7.1974403979927315,-7.1974403979927315,-7.1974403979927315,0.0,0.0,0.0,50.50649028413656
191,2018-03-22 17:00:00,56.98046154920554,44.07975563409572,64.50193024325394,56.98046154920554,56.98046154920554,0.0,0.0,0.0,0.0,0.0,0.0,0.0,0.0,0.0,0.0,0.0,0.0,0.0,0.0,0.0,0.0,0.0,0.0,0.0,0.0,0.0,0.0,0.0,0.0,0.0,0.0,0.0,0.0,0.0,0.0,-2.919813524758507,-2.919813524758507,-2.919813524758507,4.1178104816880365,4.1178104816880365,4.1178104816880365,-0.7537016124571801,-0.7537016124571801,-0.7537016124571801,-2.015571204126384,-2.015571204126384,-2.015571204126384,-1.3461665605438453,-1.3461665605438453,-1.3461665605438453,0.0,0.0,0.0,0.4764987161460705,0.4764987161460705,0.4764987161460705,1.629170588480326,1.629170588480326,1.629170588480326,-0.4719789448215805,-0.4719789448215805,-0.4719789448215805,0.49051654773799636,0.49051654773799636,0.49051654773799636,2.1775395282175736,2.1775395282175736,2.1775395282175736,-2.03990993866817,-2.03990993866817,-2.03990993866817,-7.199592330537734,-7.199592330537734,-7.199592330537734,0.0,0.0,0.0,54.06064802444703
192,2018-03-22 18:00:00,57.072599250570065,47.99001476273137,68.12601410561497,57.072599250570065,57.072599250570065,0.0,0.0,0.0,0.0,0.0,0.0,0.0,0.0,0.0,0.0,0.0,0.0,0.0,0.0,0.0,0.0,0.0,0.0,0.0,0.0,0.0,0.0,0.0,0.0,0.0,0.0,0.0,0.0,0.0,0.0,1.3278335531835073,1.3278335531835073,1.3278335531835073,6.25735676798553,6.25735676798553,6.25735676798553,-0.6809005258924152,-0.6809005258924152,-0.6809005258924152,0.07030350533762621,0.07030350533762621,0.07030350533762621,-0.6661092313985413,-0.6661092313985413,-0.6661092313985413,0.0,0.0,0.0,0.6220861245719569,0.6220861245719569,0.6220861245719569,2.0864987490386606,2.0864987490386606,2.0864987490386606,0.21914068051049648,0.21914068051049648,0.21914068051049648,0.8631845213817648,0.8631845213817648,0.8631845213817648,2.065195600464324,2.065195600464324,2.065195600464324,-2.373596812874296,-2.373596812874296,-2.373596812874296,-7.065022320603972,-7.065022320603972,-7.065022320603972,0.0,0.0,0.0,58.400432803753574
193,2018-03-22 19:00:00,57.07230622623784,49.25515814102984,68.58366073328149,57.07230622623784,57.07230622623784,0.0,0.0,0.0,0.0,0.0,0.0,0.0,0.0,0.0,0.0,0.0,0.0,0.0,0.0,0.0,0.0,0.0,0.0,0.0,0.0,0.0,0.0,0.0,0.0,0.0,0.0,0.0,0.0,0.0,0.0,2.094504901640828,2.094504901640828,2.094504901640828,6.53799034792932,6.53799034792932,6.53799034792932,-0.6809005258924152,-0.6809005258924152,-0.6809005258924152,0.6368474476570875,0.6368474476570875,0.6368474476570875,-0.13094160268765578,-0.13094160268765578,-0.13094160268765578,0.0,0.0,0.0,0.7257426775477194,0.7257426775477194,0.7257426775477194,2.3152413808686316,2.3152413808686316,2.3152413808686316,0.36451209301477655,0.36451209301477655,0.36451209301477655,1.1921649221969877,1.1921649221969877,1.1921649221969877,1.9868590825900416,1.9868590825900416,1.9868590825900416,-3.148971497390957,-3.148971497390957,-3.148971497390957,-7.0671919765356215,-7.0671919765356215,-7.0671919765356215,0.0,0.0,0.0,59.16681112787867
194,2018-03-22 20:00:00,57.07201320190563,46.09077733004507,66.92173092781027,57.07201320190563,57.07201320190563,0.0,0.0,0.0,0.0,0.0,0.0,0.0,0.0,0.0,0.0,0.0,0.0,0.0,0.0,0.0,0.0,0.0,0.0,0.0,0.0,0.0,0.0,0.0,0.0,0.0,0.0,0.0,0.0,0.0,0.0,-0.7356647571593277,-0.7356647571593277,-0.7356647571593277,4.63920538687769,4.63920538687769,4.63920538687769,-0.6809005258924152,-0.6809005258924152,-0.6809005258924152,-0.21578334567716462,-0.21578334567716462,-0.21578334567716462,-0.470704435684618,-0.470704435684618,-0.470704435684618,0.0,0.0,0.0,0.8293992305234817,0.8293992305234817,0.8293992305234817,2.0413588505178906,2.0413588505178906,2.0413588505178906,0.3823894835492835,0.3823894835492835,0.3823894835492835,1.0923230351063653,1.0923230351063653,1.0923230351063653,1.9102964302583931,1.9102964302583931,1.9102964302583931,-3.4096489837971524,-3.4096489837971524,-3.4096489837971524,-7.069383228618245,-7.069383228618245,-7.069383228618245,0.0,0.0,0.0,56.3363484447463
195,2018-03-22 21:00:00,57.071720177573404,41.82434586834512,61.4556885644483,57.071720177573404,57.071720177573404,0.0,0.0,0.0,0.0,0.0,0.0,0.0,0.0,0.0,0.0,0.0,0.0,0.0,0.0,0.0,0.0,0.0,0.0,0.0,0.0,0.0,0.0,0.0,0.0,0.0,0.0,0.0,0.0,0.0,0.0,-5.505291490906296,-5.505291490906296,-5.505291490906296,1.4940928480524824,1.4940928480524824,1.4940928480524824,-0.6809005258924152,-0.6809005258924152,-0.6809005258924152,-1.763597636397635,-1.763597636397635,-1.763597636397635,-1.4883462650487023,-1.4883462650487023,-1.4883462650487023,0.0,0.0,0.0,0.9330557834992442,0.9330557834992442,0.9330557834992442,1.8034868010095617,1.8034868010095617,1.8034868010095617,0.38521222942315303,0.38521222942315303,0.38521222942315303,0.7596089349124072,0.7596089349124072,0.7596089349124072,1.8358093687892585,1.8358093687892585,1.8358093687892585,-3.4757145943008836,-3.4757145943008836,-3.4757145943008836,-7.071596071350402,-7.071596071350402,-7.071596071350402,0.0,0.0,0.0,51.56642868666711
196,2018-03-22 22:00:00,57.07142715324118,37.829258829977356,58.056282119646,57.07142715324118,57.07142715324118,0.0,0.0,0.0,0.0,0.0,0.0,0.0,0.0,0.0,0.0,0.0,0.0,0.0,0.0,0.0,0.0,0.0,0.0,0.0,0.0,0.0,0.0,0.0,0.0,0.0,0.0,0.0,0.0,0.0,0.0,-9.810247179585057,-9.810247179585057,-9.810247179585057,-1.6270811136125993,-1.6270811136125993,-1.6270811136125993,-0.6809005258924152,-0.6809005258924152,-0.6809005258924152,-2.872949279664357,-2.872949279664357,-2.872949279664357,-1.9406315225438504,-1.9406315225438504,-1.9406315225438504,0.0,0.0,0.0,1.0367123364750068,1.0367123364750068,1.0367123364750068,1.4778709038147917,1.4778709038147917,1.4778709038147917,0.38521222942315303,0.38521222942315303,0.38521222942315303,0.31681984562684873,0.31681984562684873,0.31681984562684873,1.763613711546663,1.763613711546663,1.763613711546663,-3.4680325465678914,-3.4680325465678914,-3.4680325465678914,-7.073830497854763,-7.073830497854763,-7.073830497854763,0.0,0.0,0.0,47.26117997365613
197,2018-03-22 23:00:00,57.07113412890896,34.02595382084602,54.14155078528627,57.07113412890896,57.07113412890896,0.0,0.0,0.0,0.0,0.0,0.0,0.0,0.0,0.0,0.0,0.0,0.0,0.0,0.0,0.0,0.0,0.0,0.0,0.0,0.0,0.0,0.0,0.0,0.0,0.0,0.0,0.0,0.0,0.0,0.0,-13.24557771467996,-13.24557771467996,-13.24557771467996,-4.026380367344983,-4.026380367344983,-4.026380367344983,-0.6809005258924152,-0.6809005258924152,-0.6809005258924152,-3.836941736535367,-3.836941736535367,-3.836941736535367,-2.386878991407389,-2.386878991407389,-2.386878991407389,0.0,0.0,0.0,1.140368889450769,1.140368889450769,1.140368889450769,1.110158247325371,1.110158247325371,1.110158247325371,0.38615314471444284,0.38615314471444284,0.38615314471444284,-0.03511589210948672,-0.03511589210948672,-0.03511589210948672,1.693830889077384,1.693830889077384,1.693830889077384,-3.3707266086166596,-3.3707266086166596,-3.3707266086166596,-7.076086499876992,-7.076086499876992,-7.076086499876992,0.0,0.0,0.0,43.825556414229
198,2018-03-23 00:00:00,57.070841104576736,31.955803605396305,52.317439298172246,57.070841104576736,57.070841104576736,0.0,0.0,0.0,0.0,0.0,0.0,0.0,0.0,0.0,0.0,0.0,0.0,0.0,0.0,0.0,0.0,0.0,0.0,0.0,0.0,0.0,0.0,0.0,0.0,0.0,0.0,0.0,0.0,0.0,0.0,-15.35383148689402,-15.35383148689402,-15.35383148689402,-5.778752415957833,-5.778752415957833,-5.778752415957833,0.6819138425279295,0.6819138425279295,0.6819138425279295,-4.123195928218491,-4.123195928218491,-4.123195928218491,-2.5142214425467992,-2.5142214425467992,-2.5142214425467992,0.0,0.0,0.0,0.0001468067173824285,0.0001468067173824285,0.0001468067173824285,0.9559725265353243,0.9559725265353243,0.9559725265353243,0.38944634823395724,0.38944634823395724,0.38944634823395724,-0.31694105262290584,-0.31694105262290584,-0.31694105262290584,1.6264809250694272,1.6264809250694272,1.6264809250694272,-3.3195129570633792,-3.3195129570633792,-3.3195129570633792,-7.0783640677871205,-7.0783640677871205,-7.0783640677871205,0.0,0.0,0.0,41.71700961768272
199,2018-03-23 01:00:00,57.070548080244514,29.141662499272783,48.6833529767053,57.070548080244514,57.070548080244514,0.0,0.0,0.0,0.0,0.0,0.0,0.0,0.0,0.0,0.0,0.0,0.0,0.0,0.0,0.0,0.0,0.0,0.0,0.0,0.0,0.0,0.0,0.0,0.0,0.0,0.0,0.0,0.0,0.0,0.0,-18.42756195370643,-18.42756195370643,-18.42756195370643,-7.176962059523555,-7.176962059523555,-7.176962059523555,0.6819138425279295,0.6819138425279295,0.6819138425279295,-5.731413695741754,-5.731413695741754,-5.731413695741754,-2.6360749949302016,-2.6360749949302016,-2.6360749949302016,0.0,0.0,0.0,-1.1400752760160042,-1.1400752760160042,-1.1400752760160042,0.5634075663659289,0.5634075663659289,0.5634075663659289,0.4322579939876449,0.4322579939876449,0.4322579939876449,-0.4772135555841683,-0.4772135555841683,-0.4772135555841683,1.5614769921304408,1.5614769921304408,1.5614769921304408,-3.155629272092883,-3.155629272092883,-3.155629272092883,-7.080663190571561,-7.080663190571561,-7.080663190571561,0.0,0.0,0.0,38.642986126538084
200,2018-03-23 02:00:00,57.0702550559123,27.09098388649206,47.90966891199219,57.0702550559123,57.0702550559123,0.0,0.0,0.0,0.0,0.0,0.0,0.0,0.0,0.0,0.0,0.0,0.0,0.0,0.0,0.0,0.0,0.0,0.0,0.0,0.0,0.0,0.0,0.0,0.0,0.0,0.0,0.0,0.0,0.0,0.0,-19.233032720806374,-19.233032720806374,-19.233032720806374,-8.093284799334782,-8.093284799334782,-8.093284799334782,0.6819138425279295,0.6819138425279295,0.6819138425279295,-5.555385724253257,-5.555385724253257,-5.555385724253257,-2.6470527924422194,-2.6470527924422194,-2.6470527924422194,0.0,0.0,0.0,-1.036418723040242,-1.036418723040242,-1.036418723040242,0.5055879210696613,0.5055879210696613,0.5055879210696613,0.4920061149845497,0.4920061149845497,0.4920061149845497,-0.541239585671368,-0.541239585671368,-0.541239585671368,1.4986216586159125,1.4986216586159125,1.4986216586159125,-3.0101825016815678,-3.0101825016815678,-3.0101825016815678,-7.0829838558342475,-7.0829838558342475,-7.0829838558342475,0.0,0.0,0.0,37.83722233510592
201,2018-03-23 03:00:00,57.069962031580076,28.520958155666936,48.771590253985025,57.069962031580076,57.069962031580076,0.0,0.0,0.0,0.0,0.0,0.0,0.0,0.0,0.0,0.0,0.0,0.0,0.0,0.0,0.0,0.0,0.0,0.0,0.0,0.0,0.0,0.0,0.0,0.0,0.0,0.0,0.0,0.0,0.0,0.0,-18.274828112317035,-18.274828112317035,-18.274828112317035,-7.9456861644741075,-7.9456861644741075,-7.9456861644741075,0.6819138425279295,0.6819138425279295,0.6819138425279295,-4.6814208131582555,-4.6814208131582555,-4.6814208131582555,-2.575148218738501,-2.575148218738501,-2.575148218738501,0.0,0.0,0.0,-0.9327621700644794,-0.9327621700644794,-0.9327621700644794,0.7667907046449051,0.7667907046449051,0.7667907046449051,0.5969181699633667,0.5969181699633667,0.5969181699633667,-0.5510578321858197,-0.5510578321858197,-0.5510578321858197,1.437604915107805,1.437604915107805,1.437604915107805,-2.6680753093056566,-2.6680753093056566,-2.6680753093056566,-7.085326049792478,-7.085326049792478,-7.085326049792478,0.0,0.0,0.0,38.79513391926304
202,2018-03-23 04:00:00,57.06966900724785,31.56068389426173,51.76929012331424,57.06966900724785,57.06966900724785,0.0,0.0,0.0,0.0,0.0,0.0,0.0,0.0,0.0,0.0,0.0,0.0,0.0,0.0,0.0,0.0,0.0,0.0,0.0,0.0,0.0,0.0,0.0,0.0,0.0,0.0,0.0,0.0,0.0,0.0,-15.793247288235237,-15.793247288235237,-15.793247288235237,-6.290738698716444,-6.290738698716444,-6.290738698716444,0.6819138425279295,0.6819138425279295,0.6819138425279295,-3.792822876607219,-3.792822876607219,-3.792822876607219,-2.5103792134175933,-2.5103792134175933,-2.5103792134175933,0.0,0.0,0.0,-0.8291056170887169,-0.8291056170887169,-0.8291056170887169,0.9940117668618162,0.9940117668618162,0.9940117668618162,0.659018579188496,0.659018579188496,0.659018579188496,-0.4541199335008802,-0.4541199335008802,-0.4541199335008802,1.3780040443663824,1.3780040443663824,1.3780040443663824,-2.3341623011782704,-2.3341623011782704,-2.3341623011782704,-7.087689757277958,-7.087689757277958,-7.087689757277958,0.0,0.0,0.0,41.27642171901262
203,2018-03-23 05:00:00,57.06937598291563,35.44577891245979,55.86131524251153,57.06937598291563,57.06937598291563,0.0,0.0,0.0,0.0,0.0,0.0,0.0,0.0,0.0,0.0,0.0,0.0,0.0,0.0,0.0,0.0,0.0,0.0,0.0,0.0,0.0,0.0,0.0,0.0,0.0,0.0,0.0,0.0,0.0,0.0,-11.496561822191758,-11.496561822191758,-11.496561822191758,-3.409632567586729,-3.409632567586729,-3.409632567586729,0.6819138425279295,0.6819138425279295,0.6819138425279295,-2.316139666003427,-2.316139666003427,-2.316139666003427,-2.345712250737321,-2.345712250737321,-2.345712250737321,0.0,0.0,0.0,-0.7254490641129545,-0.7254490641129545,-0.7254490641129545,1.6477795106064554,1.6477795106064554,1.6477795106064554,0.6637231556449453,0.6637231556449453,0.6637231556449453,-0.09167452343921607,-0.09167452343921607,-0.09167452343921607,1.3192853731291294,1.3192853731291294,1.3192853731291294,-2.1467203364932654,-2.1467203364932654,-2.1467203364932654,-7.090074961730732,-7.090074961730732,-7.090074961730732,0.0,0.0,0.0,45.57281416072387
204,2018-03-23 06:00:00,57.069082958583415,40.40641444713045,60.757533204090535,57.069082958583415,57.069082958583415,0.0,0.0,0.0,0.0,0.0,0.0,0.0,0.0,0.0,0.0,0.0,0.0,0.0,0.0,0.0,0.0,0.0,0.0,0.0,0.0,0.0,0.0,0.0,0.0,0.0,0.0,0.0,0.0,0.0,0.0,-6.475684762158584,-6.475684762158584,-6.475684762158584,-0.2630125760572842,-0.2630125760572842,-0.2630125760572842,0.6819138425279295,0.6819138425279295,0.6819138425279295,-0.3809984588779706,-0.3809984588779706,-0.3809984588779706,-1.8264624284188617,-1.8264624284188617,-1.8264624284188617,0.0,0.0,0.0,-0.621792511137192,-0.621792511137192,-0.621792511137192,2.303576013835174,2.303576013835174,2.303576013835174,0.6274979169302864,0.6274979169302864,0.6274979169302864,0.40228007585123193,0.40228007585123193,0.40228007585123193,1.2608079179771854,1.2608079179771854,1.2608079179771854,-1.9480113684665386,-1.9480113684665386,-1.9480113684665386,-7.092481645200515,-7.092481645200515,-7.092481645200515,0.0,0.0,0.0,50.59339819642483
205,2018-03-23 07:00:00,57.06878993425119,44.46031797514016,64.13122629803394,57.06878993425119,57.06878993425119,0.0,0.0,0.0,0.0,0.0,0.0,0.0,0.0,0.0,0.0,0.0,0.0,0.0,0.0,0.0,0.0,0.0,0.0,0.0,0.0,0.0,0.0,0.0,0.0,0.0,0.0,0.0,0.0,0.0,0.0,-2.5225941872314532,-2.5225941872314532,-2.5225941872314532,2.1650670001659154,2.1650670001659154,2.1650670001659154,0.6819138425279295,0.6819138425279295,0.6819138425279295,1.2054196899753387,1.2054196899753387,1.2054196899753387,-0.9608630945962292,-0.9608630945962292,-0.9608630945962292,0.0,0.0,0.0,-0.5181359581614297,-0.5181359581614297,-0.5181359581614297,2.656580164065018,2.656580164065018,2.656580164065018,0.3833303988405733,0.3833303988405733,0.3833303988405733,0.8189332694856439,0.8189332694856439,0.8189332694856439,1.201828910970851,1.201828910970851,1.201828910970851,-1.8563389321861672,-1.8563389321861672,-1.8563389321861672,-7.094909788343559,-7.094909788343559,-7.094909788343559,0.0,0.0,0.0,54.54619574701974
206,2018-03-23 08:00:00,57.06849690991897,46.55908622515141,66.05148059403903,57.06849690991897,57.06849690991897,0.0,0.0,0.0,0.0,0.0,0.0,0.0,0.0,0.0,0.0,0.0,0.0,0.0,0.0,0.0,0.0,0.0,0.0,0.0,0.0,0.0,0.0,0.0,0.0,0.0,0.0,0.0,0.0,0.0,0.0,-0.7878934751277519,-0.7878934751277519,-0.7878934751277519,3.5026671680839434,3.5026671680839434,3.5026671680839434,0.6819138425279295,0.6819138425279295,0.6819138425279295,1.665287563320175,1.665287563320175,1.665287563320175,-0.8077228193035756,-0.8077228193035756,-0.8077228193035756,0.0,0.0,0.0,-0.4144794051856673,-0.4144794051856673,-0.4144794051856673,3.058781731783791,3.058781731783791,3.058781731783791,0.07988521739960035,0.07988521739960035,0.07988521739960035,1.034381552154882,1.034381552154882,1.034381552154882,1.1415111638872149,1.1415111638872149,1.1415111638872149,-1.9674725560567852,-1.9674725560567852,-1.9674725560567852,-7.097359370419085,-7.097359370419085,-7.097359370419085,0.0,0.0,0.0,56.28060343479122
207,2018-03-23 09:00:00,57.06820388558675,45.77994258530436,65.92850303722884,57.06820388558675,57.06820388558675,0.0,0.0,0.0,0.0,0.0,0.0,0.0,0.0,0.0,0.0,0.0,0.0,0.0,0.0,0.0,0.0,0.0,0.0,0.0,0.0,0.0,0.0,0.0,0.0,0.0,0.0,0.0,0.0,0.0,0.0,-1.013837191362878,-1.013837191362878,-1.013837191362878,4.016129359968142,4.016129359968142,4.016129359968142,0.6819138425279295,0.6819138425279295,0.6819138425279295,0.9909316139156534,0.9909316139156534,0.9909316139156534,-0.8653562562416711,-0.8653562562416711,-0.8653562562416711,0.0,0.0,0.0,-0.31082285220990485,-0.31082285220990485,-0.31082285220990485,2.9193045172533214,2.9193045172533214,2.9193045172533214,-0.2804853391644079,-0.2804853391644079,-0.2804853391644079,1.116522938487056,1.116522938487056,1.116522938487056,1.0789322040448137,1.0789322040448137,1.0789322040448137,-2.27014523673667,-2.27014523673667,-2.27014523673667,-7.099830369291487,-7.099830369291487,-7.099830369291487,0.0,0.0,0.0,56.05436669422387
208,2018-03-23 10:00:00,57.067910861254525,46.11695551369757,64.80661148035877,57.067910861254525,57.067910861254525,0.0,0.0,0.0,0.0,0.0,0.0,0.0,0.0,0.0,0.0,0.0,0.0,0.0,0.0,0.0,0.0,0.0,0.0,0.0,0.0,0.0,0.0,0.0,0.0,0.0,0.0,0.0,0.0,0.0,0.0,-2.082485867077771,-2.082485867077771,-2.082485867077771,4.078256767360348,4.078256767360348,4.078256767360348,0.6819138425279295,0.6819138425279295,0.6819138425279295,-0.07151496176763758,-0.07151496176763758,-0.07151496176763758,-1.092047774864846,-1.092047774864846,-1.092047774864846,0.0,0.0,0.0,-0.20716629923414243,-0.20716629923414243,-0.20716629923414243,2.6337566198691227,2.6337566198691227,2.6337566198691227,-0.46208199038334674,-0.46208199038334674,-0.46208199038334674,1.1103001061891642,1.1103001061891642,1.1103001061891642,1.0130950887555181,1.0130950887555181,1.0130950887555181,-2.736189465871519,-2.736189465871519,-2.736189465871519,-7.1023227614260005,-7.1023227614260005,-7.1023227614260005,0.0,0.0,0.0,54.98542499417675
209,2018-03-23 11:00:00,57.06761783692231,43.491066411223464,62.9175246065922,57.06761783692231,57.06761783692231,0.0,0.0,0.0,0.0,0.0,0.0,0.0,0.0,0.0,0.0,0.0,0.0,0.0,0.0,0.0,0.0,0.0,0.0,0.0,0.0,0.0,0.0,0.0,0.0,0.0,0.0,0.0,0.0,0.0,0.0,-3.7532619287519324,-3.7532619287519324,-3.7532619287519324,3.6996396913895366,3.6996396913895366,3.6996396913895366,0.6819138425279295,0.6819138425279295,0.6819138425279295,-1.291005879381616,-1.291005879381616,-1.291005879381616,-1.7210755723034872,-1.7210755723034872,-1.7210755723034872,0.0,0.0,0.0,-0.10350974625838,-0.10350974625838,-0.10350974625838,2.395884570360794,2.395884570360794,2.395884570360794,-0.40844981877982595,-0.40844981877982595,-0.40844981877982595,1.0802922259971073,1.0802922259971073,1.0802922259971073,0.942940781126994,0.942940781126994,0.942940781126994,-3.2160613809257534,-3.2160613809257534,-3.2160613809257534,-7.104836521886848,-7.104836521886848,-7.104836521886848,0.0,0.0,0.0,53.31435590817038
210,2018-03-23 12:00:00,57.06732481259009,41.70238989778743,61.73957489407453,57.06732481259009,57.06732481259009,0.0,0.0,0.0,0.0,0.0,0.0,0.0,0.0,0.0,0.0,0.0,0.0,0.0,0.0,0.0,0.0,0.0,0.0,0.0,0.0,0.0,0.0,0.0,0.0,0.0,0.0,0.0,0.0,0.0,0.0,-5.57638083908176,-5.57638083908176,-5.57638083908176,2.6505026880243143,2.6505026880243143,2.6505026880243143,0.6819138425279295,0.6819138425279295,0.6819138425279295,-1.9868738493601383,-1.9868738493601383,-1.9868738493601383,-2.1014562560949166,-2.1014562560949166,-2.1014562560949166,0.0,0.0,0.0,0.0001468067173824285,0.0001468067173824285,0.0001468067173824285,2.2538714064752248,2.2538714064752248,2.2538714064752248,-0.25931474511038655,-0.25931474511038655,-0.25931474511038655,1.0089370823146127,1.0089370823146127,1.0089370823146127,0.8673619465900274,0.8673619465900274,0.8673619465900274,-3.5709719861899845,-3.5709719861899845,-3.5709719861899845,-7.107371624335963,-7.107371624335963,-7.107371624335963,0.0,0.0,0.0,51.49094397350833
211,2018-03-23 13:00:00,57.067031788257864,38.930542768353924,58.30289913577133,57.067031788257864,57.067031788257864,0.0,0.0,0.0,0.0,0.0,0.0,0.0,0.0,0.0,0.0,0.0,0.0,0.0,0.0,0.0,0.0,0.0,0.0,0.0,0.0,0.0,0.0,0.0,0.0,0.0,0.0,0.0,0.0,0.0,0.0,-8.037324638206476,-8.037324638206476,-8.037324638206476,1.0363518844624748,1.0363518844624748,1.0363518844624748,0.6819138425279295,0.6819138425279295,0.6819138425279295,-2.748966489826617,-2.748966489826617,-2.748966489826617,-2.1514052347745993,-2.1514052347745993,-2.1514052347745993,0.0,0.0,0.0,0.10380335969314486,0.10380335969314486,0.10380335969314486,1.806022750364661,1.806022750364661,1.806022750364661,-0.056077042191781355,-0.056077042191781355,-0.056077042191781355,0.8669182207605,0.8669182207605,0.8669182207605,0.785218008189954,0.785218008189954,0.785218008189954,-4.000142386206472,-4.000142386206472,-4.000142386206472,-7.109928041032288,-7.109928041032288,-7.109928041032288,0.0,0.0,0.0,49.02970715005139
212,2018-03-23 14:00:00,57.06673876392564,36.91498031305907,56.98398211009139,57.06673876392564,57.06673876392564,0.0,0.0,0.0,0.0,0.0,0.0,0.0,0.0,0.0,0.0,0.0,0.0,0.0,0.0,0.0,0.0,0.0,0.0,0.0,0.0,0.0,0.0,0.0,0.0,0.0,0.0,0.0,0.0,0.0,0.0,-10.291272638913156,-10.291272638913156,-10.291272638913156,-0.3522350463980072,-0.3522350463980072,-0.3522350463980072,0.6819138425279295,0.6819138425279295,0.6819138425279295,-3.5218831285815915,-3.5218831285815915,-3.5218831285815915,-2.29082326317723,-2.29082326317723,-2.29082326317723,0.0,0.0,0.0,0.20745991266890726,0.20745991266890726,0.20745991266890726,1.3140485754753672,1.3140485754753672,1.3140485754753672,0.10011489616233185,0.10011489616233185,0.10011489616233185,0.7600237903989334,0.7600237903989334,0.7600237903989334,0.6953512788968422,0.6953512788968422,0.6953512788968422,-4.294620882637831,-4.294620882637831,-4.294620882637831,-7.1125057428304,-7.1125057428304,-7.1125057428304,0.0,0.0,0.0,46.775466125012485
213,2018-03-23 15:00:00,57.066445739593426,36.02051041849041,55.92596996153337,57.066445739593426,57.066445739593426,0.0,0.0,0.0,0.0,0.0,0.0,0.0,0.0,0.0,0.0,0.0,0.0,0.0,0.0,0.0,0.0,0.0,0.0,0.0,0.0,0.0,0.0,0.0,0.0,0.0,0.0,0.0,0.0,0.0,0.0,-10.651250616146854,-10.651250616146854,-10.651250616146854,-0.4306305075729858,-0.4306305075729858,-0.4306305075729858,0.6819138425279295,0.6819138425279295,0.6819138425279295,-3.7021193811710056,-3.7021193811710056,-3.7021193811710056,-2.424203502948251,-2.424203502948251,-2.424203502948251,0.0,0.0,0.0,0.3111164656446697,0.3111164656446697,0.3111164656446697,1.1679778926216386,1.1679778926216386,1.1679778926216386,0.24548630866661195,0.24548630866661195,0.24548630866661195,0.7080285694209913,0.7080285694209913,0.7080285694209913,0.5966039717752698,0.5966039717752698,0.5966039717752698,-4.392438957104597,-4.392438957104597,-4.392438957104597,-7.115104699178131,-7.115104699178131,-7.115104699178131,0.0,0.0,0.0,46.41519512344657
214,2018-03-23 16:00:00,57.066152715261204,38.609645034621764,58.34489844287207,57.066152715261204,57.066152715261204,0.0,0.0,0.0,0.0,0.0,0.0,0.0,0.0,0.0,0.0,0.0,0.0,0.0,0.0,0.0,0.0,0.0,0.0,0.0,0.0,0.0,0.0,0.0,0.0,0.0,0.0,0.0,0.0,0.0,0.0,-8.64809890815709,-8.64809890815709,-8.64809890815709,1.2771158718567084,1.2771158718567084,1.2771158718567084,0.6819138425279295,0.6819138425279295,0.6819138425279295,-3.2953257763437778,-3.2953257763437778,-3.2953257763437778,-2.4253012826994524,-2.4253012826994524,-2.4253012826994524,0.0,0.0,0.0,0.41477301862043214,0.41477301862043214,0.41477301862043214,1.3495518664467596,1.3495518664467596,1.3495518664467596,0.4600149950806952,0.4600149950806952,0.4600149950806952,0.6950297641765059,0.6950297641765059,0.6950297641765059,0.4878358744460148,0.4878358744460148,0.4878358744460148,-4.471307980496648,-4.471307980496648,-4.471307980496648,-7.117724878116036,-7.117724878116036,-7.117724878116036,0.0,0.0,0.0,48.418053807104116
215,2018-03-23 17:00:00,57.06585969092898,41.23332062073611,61.66867464501929,57.06585969092898,57.06585969092898,0.0,0.0,0.0,0.0,0.0,0.0,0.0,0.0,0.0,0.0,0.0,0.0,0.0,0.0,0.0,0.0,0.0,0.0,0.0,0.0,0.0,0.0,0.0,0.0,0.0,0.0,0.0,0.0,0.0,0.0,-5.649565800278722,-5.649565800278722,-5.649565800278722,4.04002053433329,4.04002053433329,4.04002053433329,0.6819138425279295,0.6819138425279295,0.6819138425279295,-2.9371625496605636,-2.9371625496605636,-2.9371625496605636,-2.5877726858773213,-2.5877726858773213,-2.5877726858773213,0.0,0.0,0.0,0.5184295715961945,0.5184295715961945,0.5184295715961945,1.5940173842783467,1.5940173842783467,1.5940173842783467,0.6096205263957796,0.6096205263957796,0.6096205263957796,0.6810629627967928,0.6810629627967928,0.6810629627967928,0.3679424613241841,0.3679424613241841,0.3679424613241841,-4.4344341513782854,-4.4344341513782854,-4.4344341513782854,-7.120366246275632,-7.120366246275632,-7.120366246275632,0.0,0.0,0.0,51.41629389065026
216,2018-03-23 18:00:00,57.06661048339936,44.30934250372764,64.7070607506084,57.06661048339936,57.06661048339936,0.0,0.0,0.0,0.0,0.0,0.0,0.0,0.0,0.0,0.0,0.0,0.0,0.0,0.0,0.0,0.0,0.0,0.0,0.0,0.0,0.0,0.0,0.0,0.0,0.0,0.0,0.0,0.0,0.0,0.0,-2.1723918511906426,-2.1723918511906426,-2.1723918511906426,6.326494191929929,6.326494191929929,6.326494191929929,0.7461897516346323,0.7461897516346323,0.7461897516346323,-1.6627616362470294,-1.6627616362470294,-1.6627616362470294,-2.2852750806884643,-2.2852750806884643,-2.2852750806884643,0.0,0.0,0.0,0.5625662233559481,0.5625662233559481,0.5625662233559481,2.415595581311841,2.415595581311841,2.415595581311841,0.6402230208049347,0.6402230208049347,0.6402230208049347,0.8588288655811206,0.8588288655811206,0.8588288655811206,0.14435020000300894,0.14435020000300894,0.14435020000300894,-4.600889998247042,-4.600889998247042,-4.600889998247042,-6.980474606876551,-6.980474606876551,-6.980474606876551,0.0,0.0,0.0,54.89421863220872
217,2018-03-23 19:00:00,57.066302328930064,46.521383394849266,65.73562710335956,57.066302328930064,57.066302328930064,0.0,0.0,0.0,0.0,0.0,0.0,0.0,0.0,0.0,0.0,0.0,0.0,0.0,0.0,0.0,0.0,0.0,0.0,0.0,0.0,0.0,0.0,0.0,0.0,0.0,0.0,0.0,0.0,0.0,0.0,-1.0717754244336848,-1.0717754244336848,-1.0717754244336848,6.628198217744201,6.628198217744201,6.628198217744201,0.7461897516346323,0.7461897516346323,0.7461897516346323,-0.7101822410631151,-0.7101822410631151,-0.7101822410631151,-1.905550213032088,-1.905550213032088,-1.905550213032088,0.0,0.0,0.0,0.6563051526046163,0.6563051526046163,0.6563051526046163,2.8089783465244693,2.8089783465244693,2.8089783465244693,0.6457172307863687,0.6457172307863687,0.6457172307863687,1.0292859226840567,1.0292859226840567,1.0292859226840567,-0.006751369695500066,-0.006751369695500066,-0.006751369695500066,-4.691108432265171,-4.691108432265171,-4.691108432265171,-6.983040031419271,-6.983040031419271,-6.983040031419271,0.0,0.0,0.0,55.99452690449638
218,2018-03-23 20:00:00,57.065994174460776,43.877830680452995,63.42454365809298,57.065994174460776,57.065994174460776,0.0,0.0,0.0,0.0,0.0,0.0,0.0,0.0,0.0,0.0,0.0,0.0,0.0,0.0,0.0,0.0,0.0,0.0,0.0,0.0,0.0,0.0,0.0,0.0,0.0,0.0,0.0,0.0,0.0,0.0,-3.1224270982064306,-3.1224270982064306,-3.1224270982064306,4.772034384079814,4.772034384079814,4.772034384079814,0.7461897516346323,0.7461897516346323,0.7461897516346323,-0.7370511252245738,-0.7370511252245738,-0.7370511252245738,-2.0706952198526007,-2.0706952198526007,-2.0706952198526007,0.0,0.0,0.0,0.7500440818532845,0.7500440818532845,0.7500440818532845,2.7388488284921344,2.7388488284921344,2.7388488284921344,0.6502957391042303,0.6502957391042303,0.6502957391042303,0.9204919023672058,0.9204919023672058,0.9204919023672058,-0.17178158875952393,-0.17178158875952393,-0.17178158875952393,-4.47222620882346,-4.47222620882346,-4.47222620882346,-6.985628768302148,-6.985628768302148,-6.985628768302148,0.0,0.0,0.0,53.94356707625435
219,2018-03-23 21:00:00,57.065686019991475,39.9967644718185,59.24219792673846,57.065686019991475,57.065686019991475,0.0,0.0,0.0,0.0,0.0,0.0,0.0,0.0,0.0,0.0,0.0,0.0,0.0,0.0,0.0,0.0,0.0,0.0,0.0,0.0,0.0,0.0,0.0,0.0,0.0,0.0,0.0,0.0,0.0,0.0,-7.375895275838744,-7.375895275838744,-7.375895275838744,1.6661389419216288,1.6661389419216288,1.6661389419216288,0.7461897516346323,0.7461897516346323,0.7461897516346323,-1.7022519944077947,-1.7022519944077947,-1.7022519944077947,-2.4504200875089768,-2.4504200875089768,-2.4504200875089768,0.0,0.0,0.0,0.843783011101953,0.843783011101953,0.843783011101953,2.1213803376918112,2.1213803376918112,2.1213803376918112,0.6502957391042303,0.6502957391042303,0.6502957391042303,0.6306363536529965,0.6306363536529965,0.6306363536529965,-0.35154144023053396,-0.35154144023053396,-0.35154144023053396,-4.244117100084442,-4.244117100084442,-4.244117100084442,-6.988240783122044,-6.988240783122044,-6.988240783122044,0.0,0.0,0.0,49.68979074415273
220,2018-03-23 22:00:00,57.06537786552218,34.791437617940346,55.120088803933605,57.06537786552218,57.06537786552218,0.0,0.0,0.0,0.0,0.0,0.0,0.0,0.0,0.0,0.0,0.0,0.0,0.0,0.0,0.0,0.0,0.0,0.0,0.0,0.0,0.0,0.0,0.0,0.0,0.0,0.0,0.0,0.0,0.0,0.0,-11.953325912352572,-11.953325912352572,-11.953325912352572,-1.457310449852281,-1.457310449852281,-1.457310449852281,0.7461897516346323,0.7461897516346323,0.7461897516346323,-2.958428818870275,-2.958428818870275,-2.958428818870275,-2.711718601590117,-2.711718601590117,-2.711718601590117,0.0,0.0,0.0,0.9375219403506213,0.9375219403506213,0.9375219403506213,1.342285223301342,1.342285223301342,1.342285223301342,0.6502957391042303,0.6502957391042303,0.6502957391042303,0.2652403118908656,0.2652403118908656,0.2652403118908656,-0.5467106036406583,-0.5467106036406583,-0.5467106036406583,-4.188243183561849,-4.188243183561849,-4.188243183561849,-6.990876039989356,-6.990876039989356,-6.990876039989356,0.0,0.0,0.0,45.11205195316961
221,2018-03-23 23:00:00,57.065069711052885,32.352392189265984,52.716089416410746,57.065069711052885,57.065069711052885,0.0,0.0,0.0,0.0,0.0,0.0,0.0,0.0,0.0,0.0,0.0,0.0,0.0,0.0,0.0,0.0,0.0,0.0,0.0,0.0,0.0,0.0,0.0,0.0,0.0,0.0,0.0,0.0,0.0,0.0,-14.692579603265548,-14.692579603265548,-14.692579603265548,-3.919882222992643,-3.919882222992643,-3.919882222992643,0.7461897516346323,0.7461897516346323,0.7461897516346323,-3.0213315639912595,-3.0213315639912595,-3.0213315639912595,-2.9224957813478767,-2.9224957813478767,-2.9224957813478767,0.0,0.0,0.0,1.0312608695992898,1.0312608695992898,1.0312608695992898,1.4984329782952124,1.4984329782952124,1.4984329782952124,0.6498378882724443,0.6498378882724443,0.6498378882724443,-0.022389607045501886,-0.022389607045501886,-0.022389607045501886,-0.7578313147549257,-0.7578313147549257,-0.7578313147549257,-4.002167663399459,-4.002167663399459,-4.002167663399459,-6.993534501526717,-6.993534501526717,-6.993534501526717,0.0,0.0,0.0,42.372490107787335
222,2018-03-24 00:00:00,57.06476155658359,28.938664619824213,49.92108436136996,57.06476155658359,57.06476155658359,0.0,0.0,0.0,0.0,0.0,0.0,0.0,0.0,0.0,0.0,0.0,0.0,0.0,0.0,0.0,0.0,0.0,0.0,0.0,0.0,0.0,0.0,0.0,0.0,0.0,0.0,0.0,0.0,0.0,0.0,-17.001712398993696,-17.001712398993696,-17.001712398993696,-5.776644176015611,-5.776644176015611,-5.776644176015611,2.238094243744984,2.238094243744984,2.238094243744984,-3.2435586892084443,-3.2435586892084443,-3.2435586892084443,-2.938792985968322,-2.938792985968322,-2.938792985968322,0.0,0.0,0.0,0.0001326478639383432,0.0001326478639383432,0.0001326478639383432,1.0343728081906218,1.0343728081906218,1.0343728081906218,0.6539585457585197,0.6539585457585197,0.6539585457585197,-0.2676016408041802,-0.2676016408041802,-0.2676016408041802,-0.9852934049016885,-0.9852934049016885,-0.9852934049016885,-3.9637223079940065,-3.9637223079940065,-3.9637223079940065,-6.996216128867953,-6.996216128867953,-6.996216128867953,0.0,0.0,0.0,40.063049157589894
223,2018-03-24 01:00:00,57.064453402114296,27.03916591041851,47.37294750328446,57.064453402114296,57.064453402114296,0.0,0.0,0.0,0.0,0.0,0.0,0.0,0.0,0.0,0.0,0.0,0.0,0.0,0.0,0.0,0.0,0.0,0.0,0.0,0.0,0.0,0.0,0.0,0.0,0.0,0.0,0.0,0.0,0.0,0.0,-20.18855940815131,-20.18855940815131,-20.18855940815131,-7.271551642422887,-7.271551642422887,-7.271551642422887,2.238094243744984,2.238094243744984,2.238094243744984,-4.688766142912564,-4.688766142912564,-4.688766142912564,-2.918149860115758,-2.918149860115758,-2.918149860115758,0.0,0.0,0.0,-1.030995573871413,-1.030995573871413,-1.030995573871413,0.8311067832687764,0.8311067832687764,0.8311067832687764,0.6535006949267337,0.6535006949267337,0.6535006949267337,-0.4709194669799557,-0.4709194669799557,-0.4709194669799557,-1.229320741158791,-1.229320741158791,-1.229320741158791,-3.991402963885932,-3.991402963885932,-3.991402963885932,-6.998920881657066,-6.998920881657066,-6.998920881657066,0.0,0.0,0.0,36.87589399396299
224,2018-03-24 02:00:00,57.064145247645,25.710072312870224,44.87415322875953,57.064145247645,57.064145247645,0.0,0.0,0.0,0.0,0.0,0.0,0.0,0.0,0.0,0.0,0.0,0.0,0.0,0.0,0.0,0.0,0.0,0.0,0.0,0.0,0.0,0.0,0.0,0.0,0.0,0.0,0.0,0.0,0.0,0.0,-21.853734367072725,-21.853734367072725,-21.853734367072725,-8.233940930659898,-8.233940930659898,-8.233940930659898,2.238094243744984,2.238094243744984,2.238094243744984,-5.128185443277824,-5.128185443277824,-5.128185443277824,-2.886641931182897,-2.886641931182897,-2.886641931182897,0.0,0.0,0.0,-0.9372566446227446,-0.9372566446227446,-0.9372566446227446,0.739061790851337,0.739061790851337,0.739061790851337,0.6489221866088719,0.6489221866088719,0.6489221866088719,-0.5452816854396083,-0.5452816854396083,-0.5452816854396083,-1.4899592750883288,-1.4899592750883288,-1.4899592750883288,-4.385083403237768,-4.385083403237768,-4.385083403237768,-7.00164871804667,-7.00164871804667,-7.00164871804667,0.0,0.0,0.0,35.210410880572276
225,2018-03-24 03:00:00,57.063837093175714,24.82252135769819,45.06892361009961,57.063837093175714,57.063837093175714,0.0,0.0,0.0,0.0,0.0,0.0,0.0,0.0,0.0,0.0,0.0,0.0,0.0,0.0,0.0,0.0,0.0,0.0,0.0,0.0,0.0,0.0,0.0,0.0,0.0,0.0,0.0,0.0,0.0,0.0,-21.872510613849574,-21.872510613849574,-21.872510613849574,-8.074902801219485,-8.074902801219485,-8.074902801219485,2.238094243744984,2.238094243744984,2.238094243744984,-5.026141328064401,-5.026141328064401,-5.026141328064401,-2.772018258685765,-2.772018258685765,-2.772018258685765,0.0,0.0,0.0,-0.8435177153740763,-0.8435177153740763,-0.8435177153740763,0.6623576305034709,0.6623576305034709,0.6623576305034709,0.6470907832817272,0.6470907832817272,0.6470907832817272,-0.5925435883690706,-0.5925435883690706,-0.5925435883690706,-1.767066889866126,-1.767066889866126,-1.767066889866126,-4.365604423165672,-4.365604423165672,-4.365604423165672,-7.0043995946995645,-7.0043995946995645,-7.0043995946995645,0.0,0.0,0.0,35.191326479326136
226,2018-03-24 04:00:00,57.06352893870642,26.44379790424283,46.86965296404053,57.06352893870642,57.06352893870642,0.0,0.0,0.0,0.0,0.0,0.0,0.0,0.0,0.0,0.0,0.0,0.0,0.0,0.0,0.0,0.0,0.0,0.0,0.0,0.0,0.0,0.0,0.0,0.0,0.0,0.0,0.0,0.0,0.0,0.0,-20.758874543115354,-20.758874543115354,-20.758874543115354,-6.38077334394491,-6.38077334394491,-6.38077334394491,2.238094243744984,2.238094243744984,2.238094243744984,-5.3106225166059415,-5.3106225166059415,-5.3106225166059415,-2.942052426892411,-2.942052426892411,-2.942052426892411,0.0,0.0,0.0,-0.749778786125408,-0.749778786125408,-0.749778786125408,0.5971590942077846,0.5971590942077846,0.5971590942077846,0.6470907832817272,0.6470907832817272,0.6470907832817272,-0.6032789790621894,-0.6032789790621894,-0.6032789790621894,-2.060305215779297,-2.060305215779297,-2.060305215779297,-4.497856445760429,-4.497856445760429,-4.497856445760429,-7.0071734667852095,-7.0071734667852095,-7.0071734667852095,0.0,0.0,0.0,36.304654395591065
227,2018-03-24 05:00:00,57.06322078423712,28.6916061288064,48.8893983310129,57.06322078423712,57.06322078423712,0.0,0.0,0.0,0.0,0.0,0.0,0.0,0.0,0.0,0.0,0.0,0.0,0.0,0.0,0.0,0.0,0.0,0.0,0.0,0.0,0.0,0.0,0.0,0.0,0.0,0.0,0.0,0.0,0.0,0.0,-18.127997293009066,-18.127997293009066,-18.127997293009066,-3.471427059453341,-3.471427059453341,-3.471427059453341,2.238094243744984,2.238094243744984,2.238094243744984,-5.2774663828588295,-5.2774663828588295,-5.2774663828588295,-2.935533545044233,-2.935533545044233,-2.935533545044233,0.0,0.0,0.0,-0.6560398568767397,-0.6560398568767397,-0.6560398568767397,0.5127845178251317,0.5127845178251317,0.5127845178251317,0.6470907832817272,0.6470907832817272,0.6470907832817272,-0.5439724914526426,-0.5439724914526426,-0.5439724914526426,-2.3691335627145036,-2.3691335627145036,-2.3691335627145036,-4.539890034337057,-4.539890034337057,-4.539890034337057,-7.009970287982392,-7.009970287982392,-7.009970287982392,0.0,0.0,0.0,38.93522349122805
228,2018-03-24 06:00:00,57.06291262976783,32.90583081969577,51.800907303015876,57.06291262976783,57.06291262976783,0.0,0.0,0.0,0.0,0.0,0.0,0.0,0.0,0.0,0.0,0.0,0.0,0.0,0.0,0.0,0.0,0.0,0.0,0.0,0.0,0.0,0.0,0.0,0.0,0.0,0.0,0.0,0.0,0.0,0.0,-15.229179968965841,-15.229179968965841,-15.229179968965841,-0.324630416014109,-0.324630416014109,-0.324630416014109,2.238094243744984,2.238094243744984,2.238094243744984,-5.198954449227288,-5.198954449227288,-5.198954449227288,-2.8676285257923775,-2.8676285257923775,-2.8676285257923775,0.0,0.0,0.0,-0.5623009276280714,-0.5623009276280714,-0.5623009276280714,0.5368915396487468,0.5368915396487468,0.5368915396487468,0.6159569267202673,0.6159569267202673,0.6159569267202673,-0.4401534082862614,-0.4401534082862614,-0.4401534082862614,-2.6928050932490306,-2.6928050932490306,-2.6928050932490306,-4.719814297634576,-4.719814297634576,-4.719814297634576,-7.012790010475415,-7.012790010475415,-7.012790010475415,0.0,0.0,0.0,41.833732660801985
229,2018-03-24 07:00:00,57.06260447529853,33.76988562192761,53.97103620599799,57.06260447529853,57.06260447529853,0.0,0.0,0.0,0.0,0.0,0.0,0.0,0.0,0.0,0.0,0.0,0.0,0.0,0.0,0.0,0.0,0.0,0.0,0.0,0.0,0.0,0.0,0.0,0.0,0.0,0.0,0.0,0.0,0.0,0.0,-13.20674571997021,-13.20674571997021,-13.20674571997021,2.0876714590335883,2.0876714590335883,2.0876714590335883,2.238094243744984,2.238094243744984,2.238094243744984,-5.248419260162517,-5.248419260162517,-5.248419260162517,-2.9572631512048266,-2.9572631512048266,-2.9572631512048266,0.0,0.0,0.0,-0.46856199837940316,-0.46856199837940316,-0.46856199837940316,0.6979702763792659,0.6979702763792659,0.6979702763792659,0.21945810639344018,0.21945810639344018,0.21945810639344018,-0.14296637324504421,-0.14296637324504421,-0.14296637324504421,-3.0303653338858623,-3.0303653338858623,-3.0303653338858623,-4.835150363850933,-4.835150363850933,-4.835150363850933,-7.015632584955421,-7.015632584955421,-7.015632584955421,0.0,0.0,0.0,43.85585875532832
230,2018-03-24 08:00:00,57.06229632082923,34.14610372834124,54.2578922253825,57.06229632082923,57.06229632082923,0.0,0.0,0.0,0.0,0.0,0.0,0.0,0.0,0.0,0.0,0.0,0.0,0.0,0.0,0.0,0.0,0.0,0.0,0.0,0.0,0.0,0.0,0.0,0.0,0.0,0.0,0.0,0.0,0.0,0.0,-12.550442916123357,-12.550442916123357,-12.550442916123357,3.4169163368573585,3.4169163368573585,3.4169163368573585,2.238094243744984,2.238094243744984,2.238094243744984,-5.5682081971739095,-5.5682081971739095,-5.5682081971739095,-2.9996358832179846,-2.9996358832179846,-2.9996358832179846,0.0,0.0,0.0,-0.3748230691307348,-0.3748230691307348,-0.3748230691307348,0.7998772322700023,0.7998772322700023,0.7998772322700023,-0.3331678475724725,-0.3331678475724725,-0.3331678475724725,0.23800907696197876,0.23800907696197876,0.23800907696197876,-3.3806530951862643,-3.3806530951862643,-3.3806530951862643,-5.136561950229683,-5.136561950229683,-5.136561950229683,-7.01849796062054,-7.01849796062054,-7.01849796062054,0.0,0.0,0.0,44.511853404705874
231,2018-03-24 09:00:00,57.061988166359946,34.09306005236791,53.63267629822178,57.061988166359946,57.061988166359946,0.0,0.0,0.0,0.0,0.0,0.0,0.0,0.0,0.0,0.0,0.0,0.0,0.0,0.0,0.0,0.0,0.0,0.0,0.0,0.0,0.0,0.0,0.0,0.0,0.0,0.0,0.0,0.0,0.0,0.0,-12.623035168416594,-12.623035168416594,-12.623035168416594,3.94070256204856,3.94070256204856,3.94070256204856,2.238094243744984,2.238094243744984,2.238094243744984,-5.800047803159635,-5.800047803159635,-5.800047803159635,-3.0354897333829642,-3.0354897333829642,-3.0354897333829642,0.0,0.0,0.0,-0.2810841398820665,-0.2810841398820665,-0.2810841398820665,0.9149334727918017,0.9149334727918017,0.9149334727918017,-0.8917458623516054,-0.8917458623516054,-0.8917458623516054,0.49330190442029315,0.49330190442029315,0.49330190442029315,-3.7423038421291874,-3.7423038421291874,-3.7423038421291874,-5.238057688500078,-5.238057688500078,-5.238057688500078,-7.021386085176332,-7.021386085176332,-7.021386085176332,0.0,0.0,0.0,44.43895299794335
232,2018-03-24 10:00:00,57.061680011890644,34.432084916086566,53.80215826745055,57.061680011890644,57.061680011890644,0.0,0.0,0.0,0.0,0.0,0.0,0.0,0.0,0.0,0.0,0.0,0.0,0.0,0.0,0.0,0.0,0.0,0.0,0.0,0.0,0.0,0.0,0.0,0.0,0.0,0.0,0.0,0.0,0.0,0.0,-12.595664015503552,-12.595664015503552,-12.595664015503552,4.024241170686256,4.024241170686256,4.024241170686256,2.238094243744984,2.238094243744984,2.238094243744984,-5.48185275499117,-5.48185275499117,-5.48185275499117,-2.984425158905569,-2.984425158905569,-2.984425158905569,0.0,0.0,0.0,-0.18734521063339823,-0.18734521063339823,-0.18734521063339823,1.0239629578576972,1.0239629578576972,1.0239629578576972,-1.0345953218688917,-1.0345953218688917,-1.0345953218688917,0.5595471201607582,0.5595471201607582,0.5595471201607582,-4.113755526366537,-4.113755526366537,-4.113755526366537,-5.097091385346751,-5.097091385346751,-5.097091385346751,-7.024296904832101,-7.024296904832101,-7.024296904832101,0.0,0.0,0.0,44.46601599638709
233,2018-03-24 11:00:00,57.061371857421356,33.74561286895118,53.61183784353531,57.061371857421356,57.061371857421356,0.0,0.0,0.0,0.0,0.0,0.0,0.0,0.0,0.0,0.0,0.0,0.0,0.0,0.0,0.0,0.0,0.0,0.0,0.0,0.0,0.0,0.0,0.0,0.0,0.0,0.0,0.0,0.0,0.0,0.0,-13.334544250956611,-13.334544250956611,-13.334544250956611,3.664609762365913,3.664609762365913,3.664609762365913,2.238094243744984,2.238094243744984,2.238094243744984,-5.478666785977815,-5.478666785977815,-5.478666785977815,-3.0028953241420733,-3.0028953241420733,-3.0028953241420733,0.0,0.0,0.0,-0.09360628138472996,-0.09360628138472996,-0.09360628138472996,0.9609559690005214,0.9609559690005214,0.9609559690005214,-1.0199440952517342,-1.0199440952517342,-1.0199440952517342,0.47379491401450385,0.47379491401450385,0.47379491401450385,-4.4932568630407905,-4.4932568630407905,-4.4932568630407905,-5.035066211959287,-5.035066211959287,-5.035066211959287,-7.02723036430392,-7.02723036430392,-7.02723036430392,0.0,0.0,0.0,43.726827606464745
234,2018-03-24 12:00:00,57.06106370295206,32.904250660724735,52.37861311844397,57.06106370295206,57.06106370295206,0.0,0.0,0.0,0.0,0.0,0.0,0.0,0.0,0.0,0.0,0.0,0.0,0.0,0.0,0.0,0.0,0.0,0.0,0.0,0.0,0.0,0.0,0.0,0.0,0.0,0.0,0.0,0.0,0.0,0.0,-14.585514331371153,-14.585514331371153,-14.585514331371153,2.628536112033057,2.628536112033057,2.628536112033057,2.238094243744984,2.238094243744984,2.238094243744984,-5.304986032569556,-5.304986032569556,-5.304986032569556,-3.015389847684415,-3.015389847684415,-3.015389847684415,0.0,0.0,0.0,0.0001326478639383432,0.0001326478639383432,0.0001326478639383432,0.9061672830377598,0.9061672830377598,0.9061672830377598,-0.8972400723330394,-0.8972400723330394,-0.8972400723330394,0.5183075095713382,0.5183075095713382,0.5183075095713382,-4.878878004021319,-4.878878004021319,-4.878878004021319,-5.0550577967701225,-5.0550577967701225,-5.0550577967701225,-7.030186406813335,-7.030186406813335,-7.030186406813335,0.0,0.0,0.0,42.47554937158091
235,2018-03-24 13:00:00,57.06075554848277,30.363209249350348,50.20094883364116,57.06075554848277,57.06075554848277,0.0,0.0,0.0,0.0,0.0,0.0,0.0,0.0,0.0,0.0,0.0,0.0,0.0,0.0,0.0,0.0,0.0,0.0,0.0,0.0,0.0,0.0,0.0,0.0,0.0,0.0,0.0,0.0,0.0,0.0,-16.63800712352694,-16.63800712352694,-16.63800712352694,1.0295939017176765,1.0295939017176765,1.0295939017176765,2.238094243744984,2.238094243744984,2.238094243744984,-5.36591252195729,-5.36591252195729,-5.36591252195729,-3.070257103239914,-3.070257103239914,-3.070257103239914,0.0,0.0,0.0,0.09387157711260663,0.09387157711260663,0.09387157711260663,0.7817969659022912,0.7817969659022912,0.7817969659022912,-0.7424864911893124,-0.7424864911893124,-0.7424864911893124,0.41016808624797024,0.41016808624797024,0.41016808624797024,-5.268523529198656,-5.268523529198656,-5.268523529198656,-5.077099800535915,-5.077099800535915,-5.077099800535915,-7.033164974088671,-7.033164974088671,-7.033164974088671,0.0,0.0,0.0,40.42274842495583
236,2018-03-24 14:00:00,57.06044739401347,28.584954633281622,48.43671502769454,57.06044739401347,57.06044739401347,0.0,0.0,0.0,0.0,0.0,0.0,0.0,0.0,0.0,0.0,0.0,0.0,0.0,0.0,0.0,0.0,0.0,0.0,0.0,0.0,0.0,0.0,0.0,0.0,0.0,0.0,0.0,0.0,0.0,0.0,-18.160409460775178,-18.160409460775178,-18.160409460775178,-0.3348535660693668,-0.3348535660693668,-0.3348535660693668,2.238094243744984,2.238094243744984,2.238094243744984,-5.129442238207097,-5.129442238207097,-5.129442238207097,-3.1772754135808383,-3.1772754135808383,-3.1772754135808383,0.0,0.0,0.0,0.1876105063612749,0.1876105063612749,0.1876105063612749,0.9735573667719565,0.9735573667719565,0.9735573667719565,-0.5817808492323653,-0.5817808492323653,-0.5817808492323653,0.2069811794708913,0.2069811794708913,0.2069811794708913,-5.659947650135541,-5.659947650135541,-5.659947650135541,-4.976629271743,-4.976629271743,-4.976629271743,-7.0361660063631755,-7.0361660063631755,-7.0361660063631755,0.0,0.0,0.0,38.900037933238295
237,2018-03-24 15:00:00,57.06013923954418,28.37714310600498,48.98855394635187,57.06013923954418,57.06013923954418,0.0,0.0,0.0,0.0,0.0,0.0,0.0,0.0,0.0,0.0,0.0,0.0,0.0,0.0,0.0,0.0,0.0,0.0,0.0,0.0,0.0,0.0,0.0,0.0,0.0,0.0,0.0,0.0,0.0,0.0,-18.568745508615592,-18.568745508615592,-18.568745508615592,-0.3856944148001879,-0.3856944148001879,-0.3856944148001879,2.238094243744984,2.238094243744984,2.238094243744984,-5.093090160797816,-5.093090160797816,-5.093090160797816,-3.214758984207863,-3.214758984207863,-3.214758984207863,0.0,0.0,0.0,0.2813494356099432,0.2813494356099432,0.2813494356099432,0.8530222576538812,0.8530222576538812,0.8530222576538812,-0.42061735644363174,-0.42061735644363174,-0.42061735644363174,0.10185290231754443,0.10185290231754443,0.10185290231754443,-6.05077149063914,-6.05077149063914,-6.05077149063914,-4.932032659472674,-4.932032659472674,-4.932032659472674,-7.039189442378448,-7.039189442378448,-7.039189442378448,0.0,0.0,0.0,38.491393730928586
238,2018-03-24 16:00:00,57.05983108507488,30.562840160714,50.33495933502995,57.05983108507488,57.05983108507488,0.0,0.0,0.0,0.0,0.0,0.0,0.0,0.0,0.0,0.0,0.0,0.0,0.0,0.0,0.0,0.0,0.0,0.0,0.0,0.0,0.0,0.0,0.0,0.0,0.0,0.0,0.0,0.0,0.0,0.0,-17.068755700633822,-17.068755700633822,-17.068755700633822,1.3399306871582515,1.3399306871582515,1.3399306871582515,2.238094243744984,2.238094243744984,2.238094243744984,-4.9279488857950176,-4.9279488857950176,-4.9279488857950176,-3.258761436683065,-3.258761436683065,-3.258761436683065,0.0,0.0,0.0,0.37508836485861147,0.37508836485861147,0.37508836485861147,0.7160505427469772,0.7160505427469772,0.7160505427469772,-0.13674984073620358,-0.13674984073620358,-0.13674984073620358,0.054983757584171844,0.054983757584171844,0.054983757584171844,-6.4385022826171845,-6.4385022826171845,-6.4385022826171845,-4.916654517310493,-4.916654517310493,-4.916654517310493,-7.042235219379872,-7.042235219379872,-7.042235219379872,0.0,0.0,0.0,39.99107538444106
239,2018-03-24 17:00:00,57.05952293060559,33.41636045415992,53.94995447119274,57.05952293060559,57.05952293060559,0.0,0.0,0.0,0.0,0.0,0.0,0.0,0.0,0.0,0.0,0.0,0.0,0.0,0.0,0.0,0.0,0.0,0.0,0.0,0.0,0.0,0.0,0.0,0.0,0.0,0.0,0.0,0.0,0.0,0.0,-13.361197223647945,-13.361197223647945,-13.361197223647945,4.106543295770095,4.106543295770095,4.106543295770095,2.238094243744984,2.238094243744984,2.238094243744984,-3.601882954813611,-3.601882954813611,-3.601882954813611,-3.144681004339948,-3.144681004339948,-3.144681004339948,0.0,0.0,0.0,0.4688272941072798,0.4688272941072798,0.4688272941072798,1.0831347386974797,1.0831347386974797,1.0831347386974797,0.24876055962775537,0.24876055962775537,0.24876055962775537,0.09308130260487414,0.09308130260487414,0.09308130260487414,-6.820554291482785,-6.820554291482785,-6.820554291482785,-4.5891000892560365,-4.5891000892560365,-4.5891000892560365,-7.045303273121644,-7.045303273121644,-7.045303273121644,0.0,0.0,0.0,43.69832570695765
240,2018-03-24 18:00:00,56.91331776366792,37.46913348490676,56.78264765688286,56.91331776366792,56.91331776366792,0.0,0.0,0.0,0.0,0.0,0.0,0.0,0.0,0.0,0.0,0.0,0.0,0.0,0.0,0.0,0.0,0.0,0.0,0.0,0.0,0.0,0.0,0.0,0.0,0.0,0.0,0.0,0.0,0.0,0.0,-9.73721218942355,-9.73721218942355,-9.73721218942355,6.282680175958774,6.282680175958774,6.282680175958774,1.99875336415988,1.99875336415988,1.99875336415988,-1.8544546559058128,-1.8544546559058128,-1.8544546559058128,-2.7647350176785808,-2.7647350176785808,-2.7647350176785808,0.0,0.0,0.0,0.5519772026890549,0.5519772026890549,0.5519772026890549,1.859157164728734,1.859157164728734,1.859157164728734,0.5113076353464977,0.5113076353464977,0.5113076353464977,0.39897165394223355,0.39897165394223355,0.39897165394223355,-6.936391751305875,-6.936391751305875,-6.936391751305875,-4.409886659093632,-4.409886659093632,-4.409886659093632,-7.229045958170635,-7.229045958170635,-7.229045958170635,0.0,0.0,0.0,47.17610557424437
241,2018-03-24 19:00:00,56.912991502685344,39.07106944518489,58.6833291787154,56.912991502685344,56.912991502685344,0.0,0.0,0.0,0.0,0.0,0.0,0.0,0.0,0.0,0.0,0.0,0.0,0.0,0.0,0.0,0.0,0.0,0.0,0.0,0.0,0.0,0.0,0.0,0.0,0.0,0.0,0.0,0.0,0.0,0.0,-7.90196033737112,-7.90196033737112,-7.90196033737112,6.567674521628351,6.567674521628351,6.567674521628351,1.99875336415988,1.99875336415988,1.99875336415988,0.0468970211017713,0.0468970211017713,0.0468970211017713,-2.5746378831008343,-2.5746378831008343,-2.5746378831008343,0.0,0.0,0.0,0.6439517296893733,0.6439517296893733,0.6439517296893733,2.8755977117774685,2.8755977117774685,2.8755977117774685,0.5803565849557257,0.5803565849557257,0.5803565849557257,0.6930065687353075,0.6930065687353075,0.6930065687353075,-7.284263702299383,-7.284263702299383,-7.284263702299383,-4.17013105511515,-4.17013105511515,-4.17013105511515,-7.232268177801859,-7.232268177801859,-7.232268177801859,0.0,0.0,0.0,49.01103116531422
242,2018-03-24 20:00:00,56.91266524170277,36.89869119145779,57.37095122242203,56.91266524170277,56.91266524170277,0.0,0.0,0.0,0.0,0.0,0.0,0.0,0.0,0.0,0.0,0.0,0.0,0.0,0.0,0.0,0.0,0.0,0.0,0.0,0.0,0.0,0.0,0.0,0.0,0.0,0.0,0.0,0.0,0.0,0.0,-9.760124790711219,-9.760124790711219,-9.760124790711219,4.708624645460067,4.708624645460067,4.708624645460067,1.99875336415988,1.99875336415988,1.99875336415988,0.38478356703961736,0.38478356703961736,0.38478356703961736,-2.5082060887591484,-2.5082060887591484,-2.5082060887591484,0.0,0.0,0.0,0.7359262566896917,0.7359262566896917,0.7359262566896917,2.779902291317409,2.779902291317409,2.779902291317409,0.6058214458045191,0.6058214458045191,0.6058214458045191,0.6801795422510459,0.6801795422510459,0.6801795422510459,-7.618024381420828,-7.618024381420828,-7.618024381420828,-3.9075932444237806,-3.9075932444237806,-3.9075932444237806,-7.235508621790077,-7.235508621790077,-7.235508621790077,0.0,0.0,0.0,47.15254045099155
243,2018-03-24 21:00:00,56.91233898072019,32.33606116532504,53.54595789851939,56.91233898072019,56.91233898072019,0.0,0.0,0.0,0.0,0.0,0.0,0.0,0.0,0.0,0.0,0.0,0.0,0.0,0.0,0.0,0.0,0.0,0.0,0.0,0.0,0.0,0.0,0.0,0.0,0.0,0.0,0.0,0.0,0.0,0.0,-13.520660989048118,-13.520660989048118,-13.520660989048118,1.6184755039667391,1.6184755039667391,1.6184755039667391,1.99875336415988,1.99875336415988,1.99875336415988,0.03469581178062222,0.03469581178062222,0.03469581178062222,-2.543977054943133,-2.543977054943133,-2.543977054943133,0.0,0.0,0.0,0.82790078369001,0.82790078369001,0.82790078369001,2.3474624453465487,2.3474624453465487,2.3474624453465487,0.6342245598281733,0.6342245598281733,0.6342245598281733,0.4229812163358514,0.4229812163358514,0.4229812163358514,-7.935065087957948,-7.935065087957948,-7.935065087957948,-3.652649502636708,-3.652649502636708,-3.652649502636708,-7.238767216837531,-7.238767216837531,-7.238767216837531,0.0,0.0,0.0,43.391677991672076
244,2018-03-24 22:00:00,56.912012719737625,30.907298271389497,49.234250466704665,56.912012719737625,56.912012719737625,0.0,0.0,0.0,0.0,0.0,0.0,0.0,0.0,0.0,0.0,0.0,0.0,0.0,0.0,0.0,0.0,0.0,0.0,0.0,0.0,0.0,0.0,0.0,0.0,0.0,0.0,0.0,0.0,0.0,0.0,-17.39197731551008,-17.39197731551008,-17.39197731551008,-1.4723147406072046,-1.4723147406072046,-1.4723147406072046,1.99875336415988,1.99875336415988,1.99875336415988,-0.4448028915342953,-0.4448028915342953,-0.4448028915342953,-2.612452904495332,-2.612452904495332,-2.612452904495332,0.0,0.0,0.0,0.9198753106903284,0.9198753106903284,0.9198753106903284,1.9124362366605505,1.9124362366605505,1.9124362366605505,0.6538129143272452,0.6538129143272452,0.6538129143272452,0.06908684461622311,0.06908684461622311,0.06908684461622311,-8.232815795072561,-8.232815795072561,-8.232815795072561,-3.3863146574931906,-3.3863146574931906,-3.3863146574931906,-7.242043888296021,-7.242043888296021,-7.242043888296021,0.0,0.0,0.0,39.52003540422754
245,2018-03-24 23:00:00,56.91168645875505,26.755618883637325,46.64027102106276,56.91168645875505,56.91168645875505,0.0,0.0,0.0,0.0,0.0,0.0,0.0,0.0,0.0,0.0,0.0,0.0,0.0,0.0,0.0,0.0,0.0,0.0,0.0,0.0,0.0,0.0,0.0,0.0,0.0,0.0,0.0,0.0,0.0,0.0,-20.464242067689767,-20.464242067689767,-20.464242067689767,-3.8935291624642168,-3.8935291624642168,-3.8935291624642168,1.99875336415988,1.99875336415988,1.99875336415988,-0.816604000646461,-0.816604000646461,-0.816604000646461,-2.5434660411405043,-2.5434660411405043,-2.5434660411405043,0.0,0.0,0.0,1.0118498376906466,1.0118498376906466,1.0118498376906466,1.3967155112622867,1.3967155112622867,1.3967155112622867,0.6704630156514562,0.6704630156514562,0.6704630156514562,-0.3155595008541349,-0.3155595008541349,-0.3155595008541349,-8.508770344411003,-8.508770344411003,-8.508770344411003,-3.035360187416092,-3.035360187416092,-3.035360187416092,-7.245338560168085,-7.245338560168085,-7.245338560168085,0.0,0.0,0.0,36.44744439106528
246,2018-03-25 00:00:00,56.91136019777248,24.009446218861633,44.615982554354396,56.91136019777248,56.91136019777248,0.0,0.0,0.0,0.0,0.0,0.0,0.0,0.0,0.0,0.0,0.0,0.0,0.0,0.0,0.0,0.0,0.0,0.0,0.0,0.0,0.0,0.0,0.0,0.0,0.0,0.0,0.0,0.0,0.0,0.0,-22.556839622948175,-22.556839622948175,-22.556839622948175,-5.712193935952006,-5.712193935952006,-5.712193935952006,3.332056786042108,3.332056786042108,3.332056786042108,-0.8354830746268174,-0.8354830746268174,-0.8354830746268174,-2.525580558048512,-2.525580558048512,-2.525580558048512,0.0,0.0,0.0,0.0001300406871448076,0.0001300406871448076,0.0001300406871448076,1.1091119773390827,1.1091119773390827,1.1091119773390827,0.690051370150528,0.690051370150528,0.690051370150528,-0.6597513781818218,-0.6597513781818218,-0.6597513781818218,-8.760511457262316,-8.760511457262316,-8.760511457262316,-2.7815013126153465,-2.7815013126153465,-2.7815013126153465,-7.248651155107033,-7.248651155107033,-7.248651155107033,0.0,0.0,0.0,34.354520574824306
247,2018-03-25 01:00:00,56.911033936789906,21.70925353316658,40.570705856804416,56.911033936789906,56.911033936789906,0.0,0.0,0.0,0.0,0.0,0.0,0.0,0.0,0.0,0.0,0.0,0.0,0.0,0.0,0.0,0.0,0.0,0.0,0.0,0.0,0.0,0.0,0.0,0.0,0.0,0.0,0.0,0.0,0.0,0.0,-25.500115772320168,-25.500115772320168,-25.500115772320168,-7.183544662840703,-7.183544662840703,-7.183544662840703,3.332056786042108,3.332056786042108,3.332056786042108,-2.078854231750107,-2.078854231750107,-2.078854231750107,-2.4448403772332323,-2.4448403772332323,-2.4448403772332323,0.0,0.0,0.0,-1.0115897563163572,-1.0115897563163572,-1.0115897563163572,0.7490902873920499,0.7490902873920499,0.7490902873920499,0.6929896233253888,0.6929896233253888,0.6929896233253888,-0.8781397265292504,-0.8781397265292504,-0.8781397265292504,-8.98573528330881,-8.98573528330881,-8.98573528330881,-2.5184210684308135,-2.5184210684308135,-2.5184210684308135,-7.251981594420552,-7.251981594420552,-7.251981594420552,0.0,0.0,0.0,31.410918164469738
248,2018-03-25 02:00:00,56.91070767580733,20.975086537074404,40.679889131970825,56.91070767580733,56.91070767580733,0.0,0.0,0.0,0.0,0.0,0.0,0.0,0.0,0.0,0.0,0.0,0.0,0.0,0.0,0.0,0.0,0.0,0.0,0.0,0.0,0.0,0.0,0.0,0.0,0.0,0.0,0.0,0.0,0.0,0.0,-26.22939875032193,-26.22939875032193,-26.22939875032193,-8.143233017401919,-8.143233017401919,-8.143233017401919,3.332056786042108,3.332056786042108,3.332056786042108,-1.6485607233650856,-1.6485607233650856,-1.6485607233650856,-2.4709020811672784,-2.4709020811672784,-2.4709020811672784,0.0,0.0,0.0,-0.9196152293160388,-0.9196152293160388,-0.9196152293160388,0.9037547777572263,0.9037547777572263,0.9037547777572263,0.6944587499128192,0.6944587499128192,0.6944587499128192,-1.017592527281223,-1.017592527281223,-1.017592527281223,-9.182275211487422,-9.182275211487422,-9.182275211487422,-2.1707211993126987,-2.1707211993126987,-2.1707211993126987,-7.255329798067506,-7.255329798067506,-7.255329798067506,0.0,0.0,0.0,30.6813089254854
249,2018-03-25 03:00:00,56.91038141482476,21.091330428806547,40.89922123325658,56.91038141482476,56.91038141482476,0.0,0.0,0.0,0.0,0.0,0.0,0.0,0.0,0.0,0.0,0.0,0.0,0.0,0.0,0.0,0.0,0.0,0.0,0.0,0.0,0.0,0.0,0.0,0.0,0.0,0.0,0.0,0.0,0.0,0.0,-26.040456601274926,-26.040456601274926,-26.040456601274926,-8.001411044309263,-8.001411044309263,-8.001411044309263,3.332056786042108,3.332056786042108,3.332056786042108,-1.432225199894959,-1.432225199894959,-1.432225199894959,-2.5347788064958228,-2.5347788064958228,-2.5347788064958228,0.0,0.0,0.0,-0.8276407023157204,-0.8276407023157204,-0.8276407023157204,0.8913402367245699,0.8913402367245699,0.8913402367245699,0.6939690410503423,0.6939690410503423,0.6939690410503423,-1.0583758935388752,-1.0583758935388752,-1.0583758935388752,-9.348124672405662,-9.348124672405662,-9.348124672405662,-1.928795861361561,-1.928795861361561,-1.928795861361561,-7.258695684665044,-7.258695684665044,-7.258695684665044,0.0,0.0,0.0,30.869924813549837
250,2018-03-25 04:00:00,56.91005515384219,24.723690907094124,43.85945594058436,56.91005515384219,56.91005515384219,0.0,0.0,0.0,0.0,0.0,0.0,0.0,0.0,0.0,0.0,0.0,0.0,0.0,0.0,0.0,0.0,0.0,0.0,0.0,0.0,0.0,0.0,0.0,0.0,0.0,0.0,0.0,0.0,0.0,0.0,-23.35609134785714,-23.35609134785714,-23.35609134785714,-6.337004693315068,-6.337004693315068,-6.337004693315068,3.332056786042108,3.332056786042108,3.332056786042108,-0.27554881140600246,-0.27554881140600246,-0.27554881140600246,-2.4479064600490026,-2.4479064600490026,-2.4479064600490026,0.0,0.0,0.0,-0.735666175315402,-0.735666175315402,-0.735666175315402,1.4044745994076968,1.4044745994076968,1.4044745994076968,0.6934793321878656,0.6934793321878656,0.6934793321878656,-1.0070677876018286,-1.0070677876018286,-1.0070677876018286,-9.48145867165057,-9.48145867165057,-9.48145867165057,-1.5149191060774396,-1.5149191060774396,-1.5149191060774396,-7.262079171485503,-7.262079171485503,-7.262079171485503,0.0,0.0,0.0,33.55396380598505
251,2018-03-25 05:00:00,56.90972889285962,26.89619969843345,46.329956162351955,56.90972889285962,56.90972889285962,0.0,0.0,0.0,0.0,0.0,0.0,0.0,0.0,0.0,0.0,0.0,0.0,0.0,0.0,0.0,0.0,0.0,0.0,0.0,0.0,0.0,0.0,0.0,0.0,0.0,0.0,0.0,0.0,0.0,0.0,-19.740336973559018,-19.740336973559018,-19.740336973559018,-3.4595113155007136,-3.4595113155007136,-3.4595113155007136,3.332056786042108,3.332056786042108,3.332056786042108,0.5653083216227751,0.5653083216227751,0.5653083216227751,-2.369210334444236,-2.369210334444236,-2.369210334444236,0.0,0.0,0.0,-0.6436916483150837,-0.6436916483150837,-0.6436916483150837,1.6465581495444945,1.6465581495444945,1.6465581495444945,0.6895616612880512,0.6895616612880512,0.6895616612880512,-0.9059316172451506,-0.9059316172451506,-0.9059316172451506,-9.580653805222045,-9.580653805222045,-9.580653805222045,-1.1840346752474085,-1.1840346752474085,-1.1840346752474085,-7.265480174459034,-7.265480174459034,-7.265480174459034,0.0,0.0,0.0,37.1693919193006
252,2018-03-25 06:00:00,56.90940263187704,31.22422660357007,50.62829591227797,56.90940263187704,56.90940263187704,0.0,0.0,0.0,0.0,0.0,0.0,0.0,0.0,0.0,0.0,0.0,0.0,0.0,0.0,0.0,0.0,0.0,0.0,0.0,0.0,0.0,0.0,0.0,0.0,0.0,0.0,0.0,0.0,0.0,0.0,-16.4329501778048,-16.4329501778048,-16.4329501778048,-0.33782881597159964,-0.33782881597159964,-0.33782881597159964,3.332056786042108,3.332056786042108,3.332056786042108,0.8180837705146605,0.8180837705146605,0.8180837705146605,-2.3600120859969267,-2.3600120859969267,-2.3600120859969267,0.0,0.0,0.0,-0.5517171213147652,-0.5517171213147652,-0.5517171213147652,1.6967335862181474,1.6967335862181474,1.6967335862181474,0.6694835979265027,0.6694835979265027,0.6694835979265027,-0.8695883755397427,-0.8695883755397427,-0.8695883755397427,-9.644306524174702,-9.644306524174702,-9.644306524174702,-1.0988726168206626,-1.0988726168206626,-1.0988726168206626,-7.268898608173155,-7.268898608173155,-7.268898608173155,0.0,0.0,0.0,40.476452454072245
253,2018-03-25 07:00:00,56.909076370894475,33.34222740110473,52.79773677166883,56.909076370894475,56.909076370894475,0.0,0.0,0.0,0.0,0.0,0.0,0.0,0.0,0.0,0.0,0.0,0.0,0.0,0.0,0.0,0.0,0.0,0.0,0.0,0.0,0.0,0.0,0.0,0.0,0.0,0.0,0.0,0.0,0.0,0.0,-13.81652194132748,-13.81652194132748,-13.81652194132748,2.0602928225781683,2.0602928225781683,2.0602928225781683,3.332056786042108,3.332056786042108,3.332056786042108,1.0667690550471773,1.0667690550471773,1.0667690550471773,-2.390672914154627,-2.390672914154627,-2.390672914154627,0.0,0.0,0.0,-0.459742594314447,-0.459742594314447,-0.459742594314447,1.8208789965447103,1.8208789965447103,1.8208789965447103,0.4393204325624087,0.4393204325624087,0.4393204325624087,-0.5854204041961005,-0.5854204041961005,-0.5854204041961005,-9.671249433072981,-9.671249433072981,-9.671249433072981,-1.089651247436875,-1.089651247436875,-1.089651247436875,-7.272334385879845,-7.272334385879845,-7.272334385879845,0.0,0.0,0.0,43.092554429566995
254,2018-03-25 08:00:00,56.9087501099119,34.7506923106536,54.467634909207966,56.9087501099119,56.9087501099119,0.0,0.0,0.0,0.0,0.0,0.0,0.0,0.0,0.0,0.0,0.0,0.0,0.0,0.0,0.0,0.0,0.0,0.0,0.0,0.0,0.0,0.0,0.0,0.0,0.0,0.0,0.0,0.0,0.0,0.0,-12.259238547182415,-12.259238547182415,-12.259238547182415,3.3854499496705146,3.3854499496705146,3.3854499496705146,3.332056786042108,3.332056786042108,3.332056786042108,1.291664350850316,1.291664350850316,1.291664350850316,-2.3400825476944207,-2.3400825476944207,-2.3400825476944207,0.0,0.0,0.0,-0.3677680673141286,-0.3677680673141286,-0.3677680673141286,1.8653644352450622,1.8653644352450622,1.8653644352450622,0.06371373504270662,0.06371373504270662,0.06371373504270662,-0.22133019091205924,-0.22133019091205924,-0.22133019091205924,-9.660565428212584,-9.660565428212584,-9.660565428212584,-1.0402897995589524,-1.0402897995589524,-1.0402897995589524,-7.27578741949066,-7.27578741949066,-7.27578741949066,0.0,0.0,0.0,44.64951156272949
255,2018-03-25 09:00:00,56.908423848929324,34.563476404748144,55.30139996413067,56.908423848929324,56.908423848929324,0.0,0.0,0.0,0.0,0.0,0.0,0.0,0.0,0.0,0.0,0.0,0.0,0.0,0.0,0.0,0.0,0.0,0.0,0.0,0.0,0.0,0.0,0.0,0.0,0.0,0.0,0.0,0.0,0.0,0.0,-11.996132732288714,-11.996132732288714,-11.996132732288714,3.911572336146851,3.911572336146851,3.911572336146851,3.332056786042108,3.332056786042108,3.332056786042108,0.9831520554508638,0.9831520554508638,0.9831520554508638,-2.342637616707562,-2.342637616707562,-2.342637616707562,0.0,0.0,0.0,-0.27579354031381026,-0.27579354031381026,-0.27579354031381026,1.507411835470139,1.507411835470139,1.507411835470139,-0.2222762406437419,-0.2222762406437419,-0.2222762406437419,0.013831961299403828,0.013831961299403828,0.013831961299403828,-9.61159950430299,-9.61159950430299,-9.61159950430299,-1.0294411296956725,-1.0294411296956725,-1.0294411296956725,-7.2792576195834435,-7.2792576195834435,-7.2792576195834435,0.0,0.0,0.0,44.91229111664061
256,2018-03-25 10:00:00,56.90809758794675,34.3197513121016,54.50809972052564,56.90809758794675,56.90809758794675,0.0,0.0,0.0,0.0,0.0,0.0,0.0,0.0,0.0,0.0,0.0,0.0,0.0,0.0,0.0,0.0,0.0,0.0,0.0,0.0,0.0,0.0,0.0,0.0,0.0,0.0,0.0,0.0,0.0,0.0,-12.26867490601576,-12.26867490601576,-12.26867490601576,4.000382569408733,4.000382569408733,4.000382569408733,3.332056786042108,3.332056786042108,3.332056786042108,0.5376555038465185,0.5376555038465185,0.5376555038465185,-2.301756512497294,-2.301756512497294,-2.301756512497294,0.0,0.0,0.0,-0.1838190133134919,-0.1838190133134919,-0.1838190133134919,1.1479074180661335,1.1479074180661335,1.1479074180661335,-0.4382378489960087,-0.4382378489960087,-0.4382378489960087,0.0646467200639787,0.0646467200639787,0.0646467200639787,-9.523968083870892,-9.523968083870892,-9.523968083870892,-1.083142045518907,-1.083142045518907,-1.083142045518907,-7.282744895400118,-7.282744895400118,-7.282744895400118,0.0,0.0,0.0,44.63942268193099
257,2018-03-25 11:00:00,56.90777132696418,34.180164978079254,54.432714359158545,56.90777132696418,56.90777132696418,0.0,0.0,0.0,0.0,0.0,0.0,0.0,0.0,0.0,0.0,0.0,0.0,0.0,0.0,0.0,0.0,0.0,0.0,0.0,0.0,0.0,0.0,0.0,0.0,0.0,0.0,0.0,0.0,0.0,0.0,-12.277494589523108,-12.277494589523108,-12.277494589523108,3.6473750983975335,3.6473750983975335,3.6473750983975335,3.332056786042108,3.332056786042108,3.332056786042108,0.7589452174910881,0.7589452174910881,0.7589452174910881,-2.344170658115447,-2.344170658115447,-2.344170658115447,0.0,0.0,0.0,-0.09184448631317353,-0.09184448631317353,-0.09184448631317353,1.2410164758110558,1.2410164758110558,1.2410164758110558,-0.4725174693693844,-0.4725174693693844,-0.4725174693693844,0.08207832015797527,0.08207832015797527,0.08207832015797527,-9.397565750560421,-9.397565750560421,-9.397565750560421,-0.9876737507220457,-0.9876737507220457,-0.9876737507220457,-7.28624915485131,-7.28624915485131,-7.28624915485131,0.0,0.0,0.0,44.63027673744107
258,2018-03-25 12:00:00,56.907445065981605,33.69639864069064,53.533338844863444,56.907445065981605,56.907445065981605,0.0,0.0,0.0,0.0,0.0,0.0,0.0,0.0,0.0,0.0,0.0,0.0,0.0,0.0,0.0,0.0,0.0,0.0,0.0,0.0,0.0,0.0,0.0,0.0,0.0,0.0,0.0,0.0,0.0,0.0,-13.342208488361448,-13.342208488361448,-13.342208488361448,2.619108015999914,2.619108015999914,2.619108015999914,3.332056786042108,3.332056786042108,3.332056786042108,0.5610230961579878,0.5610230961579878,0.5610230961579878,-2.309932733339348,-2.309932733339348,-2.309932733339348,0.0,0.0,0.0,0.0001300406871448076,0.0001300406871448076,0.0001300406871448076,1.122043790914766,1.122043790914766,1.122043790914766,-0.46370270984480205,-0.46370270984480205,-0.46370270984480205,0.05741096153439524,0.05741096153439524,0.05741096153439524,-9.232569296001246,-9.232569296001246,-9.232569296001246,-1.1769830398362768,-1.1769830398362768,-1.1769830398362768,-7.289770304518102,-7.289770304518102,-7.289770304518102,0.0,0.0,0.0,43.565236577620155
259,2018-03-25 13:00:00,56.90711880499904,31.612818536914283,51.38096161006049,56.90711880499904,56.90711880499904,0.0,0.0,0.0,0.0,0.0,0.0,0.0,0.0,0.0,0.0,0.0,0.0,0.0,0.0,0.0,0.0,0.0,0.0,0.0,0.0,0.0,0.0,0.0,0.0,0.0,0.0,0.0,0.0,0.0,0.0,-15.490915857207376,-15.490915857207376,-15.490915857207376,1.0284981647150497,1.0284981647150497,1.0284981647150497,3.332056786042108,3.332056786042108,3.332056786042108,-0.19666675222124133,-0.19666675222124133,-0.19666675222124133,-2.3794306104968035,-2.3794306104968035,-2.3794306104968035,0.0,0.0,0.0,0.09210456768746315,0.09210456768746315,0.09210456768746315,0.7796093674306633,0.7796093674306633,0.7796093674306633,-0.471048342781954,-0.471048342781954,-0.471048342781954,-0.13647447724694386,-0.13647447724694386,-0.13647447724694386,-9.02943902005075,-9.02943902005075,-9.02943902005075,-1.4134840428557744,-1.4134840428557744,-1.4134840428557744,-7.293308249650436,-7.293308249650436,-7.293308249650436,0.0,0.0,0.0,41.41620294779166
260,2018-03-25 14:00:00,56.90679254401646,29.841268640922074,49.409838931111615,56.90679254401646,56.90679254401646,0.0,0.0,0.0,0.0,0.0,0.0,0.0,0.0,0.0,0.0,0.0,0.0,0.0,0.0,0.0,0.0,0.0,0.0,0.0,0.0,0.0,0.0,0.0,0.0,0.0,0.0,0.0,0.0,0.0,0.0,-17.056699197998494,-17.056699197998494,-17.056699197998494,-0.32968617138470324,-0.32968617138470324,-0.32968617138470324,3.332056786042108,3.332056786042108,3.332056786042108,-0.6412328782490277,-0.6412328782490277,-0.6412328782490277,-2.413157521470275,-2.413157521470275,-2.413157521470275,0.0,0.0,0.0,0.18407909468778152,0.18407909468778152,0.18407909468778152,0.7325375660151748,0.7325375660151748,0.7325375660151748,-0.39122579819823633,-0.39122579819823633,-0.39122579819823633,-0.31999962540637933,-0.31999962540637933,-0.31999962540637933,-8.788917254189757,-8.788917254189757,-8.788917254189757,-1.7655233799192012,-1.7655233799192012,-1.7655233799192012,-7.296862894175009,-7.296862894175009,-7.296862894175009,0.0,0.0,0.0,39.85009334601797
261,2018-03-25 15:00:00,56.906466283033886,29.562244967759785,49.89400608870148,56.906466283033886,56.906466283033886,0.0,0.0,0.0,0.0,0.0,0.0,0.0,0.0,0.0,0.0,0.0,0.0,0.0,0.0,0.0,0.0,0.0,0.0,0.0,0.0,0.0,0.0,0.0,0.0,0.0,0.0,0.0,0.0,0.0,0.0,-17.151717849613004,-17.151717849613004,-17.151717849613004,-0.38040223574273085,-0.38040223574273085,-0.38040223574273085,3.332056786042108,3.332056786042108,3.332056786042108,-0.9588573639883444,-0.9588573639883444,-0.9588573639883444,-2.471924108772535,-2.471924108772535,-2.471924108772535,0.0,0.0,0.0,0.2760536216880999,0.2760536216880999,0.2760536216880999,0.7128812093801355,0.7128812093801355,0.7128812093801355,-0.4333407603712408,-0.4333407603712408,-0.4333407603712408,-0.413242241003512,-0.413242241003512,-0.413242241003512,-8.512024109189138,-8.512024109189138,-8.512024109189138,-1.9613418709514,-1.9613418709514,-1.9613418709514,-7.300434140692788,-7.300434140692788,-7.300434140692788,0.0,0.0,0.0,39.754748433420886
262,2018-03-25 16:00:00,56.90614002205131,31.687557436836777,51.99958206256716,56.90614002205131,56.90614002205131,0.0,0.0,0.0,0.0,0.0,0.0,0.0,0.0,0.0,0.0,0.0,0.0,0.0,0.0,0.0,0.0,0.0,0.0,0.0,0.0,0.0,0.0,0.0,0.0,0.0,0.0,0.0,0.0,0.0,0.0,-14.76763490526618,-14.76763490526618,-14.76763490526618,1.3360160183786303,1.3360160183786303,1.3360160183786303,3.332056786042108,3.332056786042108,3.332056786042108,-0.5995785537461473,-0.5995785537461473,-0.5995785537461473,-2.5087171025617763,-2.5087171025617763,-2.5087171025617763,0.0,0.0,0.0,0.3680281486884182,0.3680281486884182,0.3680281486884182,0.7749539145434172,0.7749539145434172,0.7749539145434172,-0.317769468826717,-0.317769468826717,-0.317769468826717,-0.41209109760107815,-0.41209109760107815,-0.41209109760107815,-8.200050479415422,-8.200050479415422,-8.200050479415422,-1.8360397340305195,-1.8360397340305195,-1.8360397340305195,-7.304021890483242,-7.304021890483242,-7.304021890483242,0.0,0.0,0.0,42.13850511678513
263,2018-03-25 17:00:00,56.90581376106874,36.93059609669817,57.455201304552126,56.90581376106874,56.90581376106874,0.0,0.0,0.0,0.0,0.0,0.0,0.0,0.0,0.0,0.0,0.0,0.0,0.0,0.0,0.0,0.0,0.0,0.0,0.0,0.0,0.0,0.0,0.0,0.0,0.0,0.0,0.0,0.0,0.0,0.0,-9.786051438792498,-9.786051438792498,-9.786051438792498,4.084509973351412,4.084509973351412,4.084509973351412,3.332056786042108,3.332056786042108,3.332056786042108,1.2916129976730073,1.2916129976730073,1.2916129976730073,-2.425421852733355,-2.425421852733355,-2.425421852733355,0.0,0.0,0.0,0.46000267568873654,0.46000267568873654,0.46000267568873654,1.5756918111497484,1.5756918111497484,1.5756918111497484,-0.034717746315129264,-0.034717746315129264,-0.034717746315129264,-0.2686915194693329,-0.2686915194693329,-0.2686915194693329,-7.854548366312247,-7.854548366312247,-7.854548366312247,-1.3473071566897683,-1.3473071566897683,-1.3473071566897683,-7.30762604350467,-7.30762604350467,-7.30762604350467,0.0,0.0,0.0,47.119762322276245
264,2018-03-25 18:00:00,57.06753406380015,43.4898089532892,63.22201394956121,57.06753406380015,57.06753406380015,0.0,0.0,0.0,0.0,0.0,0.0,0.0,0.0,0.0,0.0,0.0,0.0,0.0,0.0,0.0,0.0,0.0,0.0,0.0,0.0,0.0,0.0,0.0,0.0,0.0,0.0,0.0,0.0,0.0,0.0,-3.7834056541327676,-3.7834056541327676,-3.7834056541327676,6.386258415986205,6.386258415986205,6.386258415986205,2.780668708308005,2.780668708308005,2.780668708308005,3.8113653889433317,3.8113653889433317,3.8113653889433317,-2.102701788625832,-2.102701788625832,-2.102701788625832,0.0,0.0,0.0,0.4284436222742288,0.4284436222742288,0.4284436222742288,2.870432870927584,2.870432870927584,2.870432870927584,0.345174921731311,0.345174921731311,0.345174921731311,0.1204808555337696,0.1204808555337696,0.1204808555337696,-6.9038333441903745,-6.9038333441903745,-6.9038333441903745,-0.6311338012057354,-0.6311338012057354,-0.6311338012057354,-7.077196114871931,-7.077196114871931,-7.077196114871931,0.0,0.0,0.0,53.28412840966739
265,2018-03-25 19:00:00,57.06724249998287,45.555235584757675,64.53953943608722,57.06724249998287,57.06724249998287,0.0,0.0,0.0,0.0,0.0,0.0,0.0,0.0,0.0,0.0,0.0,0.0,0.0,0.0,0.0,0.0,0.0,0.0,0.0,0.0,0.0,0.0,0.0,0.0,0.0,0.0,0.0,0.0,0.0,0.0,-1.5482151577852796,-1.5482151577852796,-1.5482151577852796,6.696348480284261,6.696348480284261,6.696348480284261,2.780668708308005,2.780668708308005,2.780668708308005,5.349757981131576,5.349757981131576,5.349757981131576,-2.0657950967856413,-2.0657950967856413,-2.0657950967856413,0.0,0.0,0.0,0.4998340840213881,0.4998340840213881,0.4998340840213881,3.618625813946398,3.618625813946398,3.618625813946398,0.47816138047752443,0.47816138047752443,0.47816138047752443,0.44757739145667336,0.44757739145667336,0.44757739145667336,-6.513594617004423,-6.513594617004423,-6.513594617004423,-0.409314300292772,-0.409314300292772,-0.409314300292772,-7.080727002196694,-7.080727002196694,-7.080727002196694,0.0,0.0,0.0,55.51902734219759
266,2018-03-25 20:00:00,57.06695093616559,43.22556160308446,62.81438393452739,57.06695093616559,57.06695093616559,0.0,0.0,0.0,0.0,0.0,0.0,0.0,0.0,0.0,0.0,0.0,0.0,0.0,0.0,0.0,0.0,0.0,0.0,0.0,0.0,0.0,0.0,0.0,0.0,0.0,0.0,0.0,0.0,0.0,0.0,-3.918528502994715,-3.918528502994715,-3.918528502994715,4.866211482773618,4.866211482773618,4.866211482773618,2.780668708308005,2.780668708308005,2.780668708308005,4.3980023401601755,4.3980023401601755,4.3980023401601755,-2.15558301872521,-2.15558301872521,-2.15558301872521,0.0,0.0,0.0,0.5712245457685475,0.5712245457685475,0.5712245457685475,3.0123132088437936,3.0123132088437936,3.0123132088437936,0.5160287111035649,0.5160287111035649,0.5160287111035649,0.33348332448931706,0.33348332448931706,0.33348332448931706,-6.098465121676707,-6.098465121676707,-6.098465121676707,-0.6601331396278428,-0.6601331396278428,-0.6601331396278428,-7.084277204251802,-7.084277204251802,-7.084277204251802,0.0,0.0,0.0,53.14842243317087
267,2018-03-25 21:00:00,57.066659372348305,38.82290816208937,58.61504520075282,57.066659372348305,57.066659372348305,0.0,0.0,0.0,0.0,0.0,0.0,0.0,0.0,0.0,0.0,0.0,0.0,0.0,0.0,0.0,0.0,0.0,0.0,0.0,0.0,0.0,0.0,0.0,0.0,0.0,0.0,0.0,0.0,0.0,0.0,-8.513454315442688,-8.513454315442688,-8.513454315442688,1.800216881522335,1.800216881522335,1.800216881522335,2.780668708308005,2.780668708308005,2.780668708308005,2.4350344952099765,2.4350344952099765,2.4350344952099765,-2.3929977080255425,-2.3929977080255425,-2.3929977080255425,0.0,0.0,0.0,0.6426150075157068,0.6426150075157068,0.6426150075157068,1.7385784897982697,1.7385784897982697,1.7385784897982697,0.5484864230687424,0.5484864230687424,0.5484864230687424,0.10596712263332851,0.10596712263332851,0.10596712263332851,-5.660859074413585,-5.660859074413585,-5.660859074413585,-0.9882835480885339,-0.9882835480885339,-0.9882835480885339,-7.0878466177614134,-7.0878466177614134,-7.0878466177614134,0.0,0.0,0.0,48.55320505690562
268,2018-03-25 22:00:00,57.06636780853102,34.77073251082506,55.579446465770665,57.06636780853102,57.06636780853102,0.0,0.0,0.0,0.0,0.0,0.0,0.0,0.0,0.0,0.0,0.0,0.0,0.0,0.0,0.0,0.0,0.0,0.0,0.0,0.0,0.0,0.0,0.0,0.0,0.0,0.0,0.0,0.0,0.0,0.0,-12.066481231782028,-12.066481231782028,-12.066481231782028,-1.296707634026312,-1.296707634026312,-1.296707634026312,2.780668708308005,2.780668708308005,2.780668708308005,1.5250087193046367,1.5250087193046367,1.5250087193046367,-2.422192553809574,-2.422192553809574,-2.422192553809574,0.0,0.0,0.0,0.7140054692628661,0.7140054692628661,0.7140054692628661,1.0998512756586285,1.0998512756586285,1.0998512756586285,0.5719281039324816,0.5719281039324816,0.5719281039324816,-0.21723220723297532,-0.21723220723297532,-0.21723220723297532,-5.203347179039383,-5.203347179039383,-5.203347179039383,-1.0020200768147955,-1.0020200768147955,-1.0020200768147955,-7.091435138020967,-7.091435138020967,-7.091435138020967,0.0,0.0,0.0,44.99988657674899
269,2018-03-25 23:00:00,57.06607624471374,33.1710132265413,53.09859979283639,57.06607624471374,57.06607624471374,0.0,0.0,0.0,0.0,0.0,0.0,0.0,0.0,0.0,0.0,0.0,0.0,0.0,0.0,0.0,0.0,0.0,0.0,0.0,0.0,0.0,0.0,0.0,0.0,0.0,0.0,0.0,0.0,0.0,0.0,-14.458650604778295,-14.458650604778295,-14.458650604778295,-3.776929625924537,-3.776929625924537,-3.776929625924537,2.780668708308005,2.780668708308005,2.780668708308005,1.1419556634509471,1.1419556634509471,1.1419556634509471,-2.3963027849067533,-2.3963027849067533,-2.3963027849067533,0.0,0.0,0.0,0.7853959310100255,0.7853959310100255,0.7853959310100255,0.8240614053271197,0.8240614053271197,0.8240614053271197,0.594918983241149,0.594918983241149,0.594918983241149,-0.49258997309412145,-0.49258997309412145,-0.49258997309412145,-4.72863398340258,-4.72863398340258,-4.72863398340258,-0.9541966064344778,-0.9541966064344778,-0.9541966064344778,-7.095042658902124,-7.095042658902124,-7.095042658902124,0.0,0.0,0.0,42.60742563993544
270,2018-03-26 00:00:00,57.065784680896456,29.961624554007628,50.47161574641023,57.065784680896456,57.065784680896456,0.0,0.0,0.0,0.0,0.0,0.0,0.0,0.0,0.0,0.0,0.0,0.0,0.0,0.0,0.0,0.0,0.0,0.0,0.0,0.0,0.0,0.0,0.0,0.0,0.0,0.0,0.0,0.0,0.0,0.0,-17.225735746897488,-17.225735746897488,-17.225735746897488,-5.702142127965963,-5.702142127965963,-5.702142127965963,2.5579650977526467,2.5579650977526467,2.5579650977526467,-0.18539058001856615,-0.18539058001856615,-0.18539058001856615,-2.4772771684964257,-2.4772771684964257,-2.4772771684964257,0.0,0.0,0.0,0.00010085179127275378,0.00010085179127275378,0.00010085179127275378,0.7464788984515892,0.7464788984515892,0.7464788984515892,0.6039350143425873,0.6039350143425873,0.6039350143425873,-0.6685017913040974,-0.6685017913040974,-0.6685017913040974,-4.2395339660582225,-4.2395339660582225,-4.2395339660582225,-0.9480914825561393,-0.9480914825561393,-0.9480914825561393,-7.098669072854736,-7.098669072854736,-7.098669072854736,0.0,0.0,0.0,39.84004893399897
271,2018-03-26 01:00:00,57.06549311707917,26.661099792844176,46.81938213849057,57.06549311707917,57.06549311707917,0.0,0.0,0.0,0.0,0.0,0.0,0.0,0.0,0.0,0.0,0.0,0.0,0.0,0.0,0.0,0.0,0.0,0.0,0.0,0.0,0.0,0.0,0.0,0.0,0.0,0.0,0.0,0.0,0.0,0.0,-19.797391175961508,-19.797391175961508,-19.797391175961508,-7.288760043140514,-7.288760043140514,-7.288760043140514,2.335261487197289,2.335261487197289,2.335261487197289,-1.6673702546580516,-1.6673702546580516,-1.6673702546580516,-2.573124398051548,-2.573124398051548,-2.573124398051548,0.0,0.0,0.0,-0.78519422742748,-0.78519422742748,-0.78519422742748,0.5705897903981606,0.5705897903981606,0.5705897903981606,0.6039350143425873,0.6039350143425873,0.6039350143425873,-0.7542403245492956,-0.7542403245492956,-0.7542403245492956,-3.7389466072523794,-3.7389466072523794,-3.7389466072523794,-1.0645975965677645,-1.0645975965677645,-1.0645975965677645,-7.102314270910554,-7.102314270910554,-7.102314270910554,0.0,0.0,0.0,37.26810194111766
272,2018-03-26 02:00:00,57.06520155326189,26.491469438015564,46.81016635273456,57.06520155326189,57.06520155326189,0.0,0.0,0.0,0.0,0.0,0.0,0.0,0.0,0.0,0.0,0.0,0.0,0.0,0.0,0.0,0.0,0.0,0.0,0.0,0.0,0.0,0.0,0.0,0.0,0.0,0.0,0.0,0.0,0.0,0.0,-20.624601038730145,-20.624601038730145,-20.624601038730145,-8.32282377445129,-8.32282377445129,-8.32282377445129,2.112557876641932,2.112557876641932,2.112557876641932,-1.9659684129665262,-1.9659684129665262,-1.9659684129665262,-2.648039474025667,-2.648039474025667,-2.648039474025667,0.0,0.0,0.0,-0.7138037656803207,-0.7138037656803207,-0.7138037656803207,0.5450832127952465,0.5450832127952465,0.5450832127952465,0.6039350143425873,0.6039350143425873,0.6039350143425873,-0.7624378959097299,-0.7624378959097299,-0.7624378959097299,-3.229830708629488,-3.229830708629488,-3.229830708629488,-1.1032633811305748,-1.1032633811305748,-1.1032633811305748,-7.105978142682842,-7.105978142682842,-7.105978142682842,0.0,0.0,0.0,36.44060051453175
273,2018-03-26 03:00:00,57.06490998944461,27.167174707782113,47.42136831161908,57.06490998944461,57.06490998944461,0.0,0.0,0.0,0.0,0.0,0.0,0.0,0.0,0.0,0.0,0.0,0.0,0.0,0.0,0.0,0.0,0.0,0.0,0.0,0.0,0.0,0.0,0.0,0.0,0.0,0.0,0.0,0.0,0.0,0.0,-20.122071675124864,-20.122071675124864,-20.122071675124864,-8.188173941039041,-8.188173941039041,-8.188173941039041,1.8898542660865743,1.8898542660865743,1.8898542660865743,-2.109058922736918,-2.109058922736918,-2.109058922736918,-2.6921071657751487,-2.6921071657751487,-2.6921071657751487,0.0,0.0,0.0,-0.6424133039331613,-0.6424133039331613,-0.6424133039331613,0.6917460340120027,0.6917460340120027,0.6917460340120027,0.6039350143425873,0.6039350143425873,0.6039350143425873,-0.6650077444947318,-0.6650077444947318,-0.6650077444947318,-2.7151782349728375,-2.7151782349728375,-2.7151782349728375,-1.2950660229750406,-1.2950660229750406,-1.2950660229750406,-7.109660576376065,-7.109660576376065,-7.109660576376065,0.0,0.0,0.0,36.942838314319744
274,2018-03-26 04:00:00,57.06461842562732,29.87933072933098,50.00331824034747,57.06461842562732,57.06461842562732,0.0,0.0,0.0,0.0,0.0,0.0,0.0,0.0,0.0,0.0,0.0,0.0,0.0,0.0,0.0,0.0,0.0,0.0,0.0,0.0,0.0,0.0,0.0,0.0,0.0,0.0,0.0,0.0,0.0,0.0,-17.29862203122816,-17.29862203122816,-17.29862203122816,-6.477845914613548,-6.477845914613548,-6.477845914613548,1.6671506555312166,1.6671506555312166,1.6671506555312166,-1.5094267016715885,-1.5094267016715885,-1.5094267016715885,-2.4723195531746094,-2.4723195531746094,-2.4723195531746094,0.0,0.0,0.0,-0.5710228421860021,-0.5710228421860021,-0.5710228421860021,1.008984092948247,1.008984092948247,1.008984092948247,0.6048366174527311,0.6048366174527311,0.6048366174527311,-0.29732651101689095,-0.29732651101689095,-0.29732651101689095,-2.1979879561606452,-2.1979879561606452,-2.1979879561606452,-1.449729161226281,-1.449729161226281,-1.449729161226281,-7.113361458782381,-7.113361458782381,-7.113361458782381,0.0,0.0,0.0,39.76599639439917
275,2018-03-26 05:00:00,57.064326861810045,35.81939253360059,56.17497265761652,57.064326861810045,57.064326861810045,0.0,0.0,0.0,0.0,0.0,0.0,0.0,0.0,0.0,0.0,0.0,0.0,0.0,0.0,0.0,0.0,0.0,0.0,0.0,0.0,0.0,0.0,0.0,0.0,0.0,0.0,0.0,0.0,0.0,0.0,-11.502326389146962,-11.502326389146962,-11.502326389146962,-3.5418862675004177,-3.5418862675004177,-3.5418862675004177,1.4444470449758586,1.4444470449758586,1.4444470449758586,0.8378797217166973,0.8378797217166973,0.8378797217166973,-1.9826173286084945,-1.9826173286084945,-1.9826173286084945,0.0,0.0,0.0,-0.49963238043884267,-0.49963238043884267,-0.49963238043884267,2.332669193132811,2.332669193132811,2.332669193132811,0.6021318081222996,0.6021318081222996,0.6021318081222996,0.24357881235602916,0.24357881235602916,0.24357881235602916,-1.681239168076335,-1.681239168076335,-1.681239168076335,-1.3026974278229637,-1.3026974278229637,-1.3026974278229637,-7.117080675286908,-7.117080675286908,-7.117080675286908,0.0,0.0,0.0,45.56200047266309
276,2018-03-26 06:00:00,57.06403529799276,40.74901844535713,60.64520766206233,57.06403529799276,57.06403529799276,0.0,0.0,0.0,0.0,0.0,0.0,0.0,0.0,0.0,0.0,0.0,0.0,0.0,0.0,0.0,0.0,0.0,0.0,0.0,0.0,0.0,0.0,0.0,0.0,0.0,0.0,0.0,0.0,0.0,0.0,-6.239352695025651,-6.239352695025651,-6.239352695025651,-0.38403723208507856,-0.38403723208507856,-0.38403723208507856,1.2217434344205007,1.2217434344205007,1.2217434344205007,2.4333684170958128,2.4333684170958128,2.4333684170958128,-1.5860081028631603,-1.5860081028631603,-1.5860081028631603,0.0,0.0,0.0,-0.42824191869168327,-0.42824191869168327,-0.42824191869168327,3.346555652848647,3.346555652848647,3.346555652848647,0.5372163841919446,0.5372163841919446,0.5372163841919446,0.586801718168312,0.586801718168312,0.586801718168312,-1.1678657701637034,-1.1678657701637034,-1.1678657701637034,-1.2446987509787484,-1.2446987509787484,-1.2446987509787484,-7.12081810987268,-7.12081810987268,-7.12081810987268,0.0,0.0,0.0,50.82468260296711
277,2018-03-26 07:00:00,57.063743734175475,44.45612477025609,64.04210288120358,57.063743734175475,57.063743734175475,0.0,0.0,0.0,0.0,0.0,0.0,0.0,0.0,0.0,0.0,0.0,0.0,0.0,0.0,0.0,0.0,0.0,0.0,0.0,0.0,0.0,0.0,0.0,0.0,0.0,0.0,0.0,0.0,0.0,0.0,-2.956571925544281,-2.956571925544281,-2.956571925544281,2.021343135024114,2.021343135024114,2.021343135024114,0.9990398238651438,0.9990398238651438,0.9990398238651438,2.807389558129845,2.807389558129845,2.807389558129845,-1.249991953273363,-1.249991953273363,-1.249991953273363,0.0,0.0,0.0,-0.3568514569445239,-0.3568514569445239,-0.3568514569445239,3.6361615860484013,3.6361615860484013,3.6361615860484013,0.05801433115050442,0.05801433115050442,0.05801433115050442,0.8721040787945751,0.8721040787945751,0.8721040787945751,-0.6607309735759477,-0.6607309735759477,-0.6607309735759477,-1.1510868515108923,-1.1510868515108923,-1.1510868515108923,-7.124573645122292,-7.124573645122292,-7.124573645122292,0.0,0.0,0.0,54.10717180863119
278,2018-03-26 08:00:00,57.0634521703582,43.89818824196997,64.70239993410127,57.0634521703582,57.0634521703582,0.0,0.0,0.0,0.0,0.0,0.0,0.0,0.0,0.0,0.0,0.0,0.0,0.0,0.0,0.0,0.0,0.0,0.0,0.0,0.0,0.0,0.0,0.0,0.0,0.0,0.0,0.0,0.0,0.0,0.0,-2.4162521673051933,-2.4162521673051933,-2.4162521673051933,3.3422829905905975,3.3422829905905975,3.3422829905905975,0.776336213309786,0.776336213309786,0.776336213309786,1.5324149075396918,1.5324149075396918,1.5324149075396918,-1.3744831824656483,-1.3744831824656483,-1.3744831824656483,0.0,0.0,0.0,-0.28546099519736456,-0.28546099519736456,-0.28546099519736456,3.342835943614889,3.342835943614889,3.342835943614889,-0.7764193472876006,-0.7764193472876006,-0.7764193472876006,0.9813602347951178,0.9813602347951178,0.9813602347951178,-0.1626029032136115,-0.1626029032136115,-0.1626029032136115,-1.1317539592294874,-1.1317539592294874,-1.1317539592294874,-7.128347162221871,-7.128347162221871,-7.128347162221871,0.0,0.0,0.0,54.647200003053
279,2018-03-26 09:00:00,57.06316060654091,44.00700625346085,63.53812810632845,57.06316060654091,57.06316060654091,0.0,0.0,0.0,0.0,0.0,0.0,0.0,0.0,0.0,0.0,0.0,0.0,0.0,0.0,0.0,0.0,0.0,0.0,0.0,0.0,0.0,0.0,0.0,0.0,0.0,0.0,0.0,0.0,0.0,0.0,-3.2065528773536287,-3.2065528773536287,-3.2065528773536287,3.871324814515723,3.871324814515723,3.871324814515723,0.553632602754428,0.553632602754428,0.553632602754428,-0.2696078026817265,-0.2696078026817265,-0.2696078026817265,-1.7611771775673497,-1.7611771775673497,-1.7611771775673497,0.0,0.0,0.0,-0.21407053345020527,-0.21407053345020527,-0.21407053345020527,2.8879686430295872,2.8879686430295872,2.8879686430295872,-1.5170863022707486,-1.5170863022707486,-1.5170863022707486,0.9922455344704486,0.9922455344704486,0.9922455344704486,0.32386865177707186,0.32386865177707186,0.32386865177707186,-1.211120569647887,-1.211120569647887,-1.211120569647887,-7.1321385409646965,-7.1321385409646965,-7.1321385409646965,0.0,0.0,0.0,53.85660772918728
280,2018-03-26 10:00:00,57.06286904272363,44.08418962214076,64.19123580344383,57.06286904272363,57.06286904272363,0.0,0.0,0.0,0.0,0.0,0.0,0.0,0.0,0.0,0.0,0.0,0.0,0.0,0.0,0.0,0.0,0.0,0.0,0.0,0.0,0.0,0.0,0.0,0.0,0.0,0.0,0.0,0.0,0.0,0.0,-3.3068438407819203,-3.3068438407819203,-3.3068438407819203,3.9720845104846987,3.9720845104846987,3.9720845104846987,0.3309289921990701,0.3309289921990701,0.3309289921990701,-0.9391547903360403,-0.9391547903360403,-0.9391547903360403,-1.8371939458352053,-1.8371939458352053,-1.8371939458352053,0.0,0.0,0.0,-0.14268007170304592,-0.14268007170304592,-0.14268007170304592,2.6143043208316543,2.6143043208316543,2.6143043208316543,-1.7307662393748338,-1.7307662393748338,-1.7307662393748338,0.9442695840495461,0.9442695840495461,0.9442695840495461,0.7961740988223306,0.7961740988223306,0.7961740988223306,-1.118017430503226,-1.118017430503226,-1.118017430503226,-7.135947659752911,-7.135947659752911,-7.135947659752911,0.0,0.0,0.0,53.7560252019417
281,2018-03-26 11:00:00,57.06257747890635,42.73704742737421,62.85081994912776,57.06257747890635,57.06257747890635,0.0,0.0,0.0,0.0,0.0,0.0,0.0,0.0,0.0,0.0,0.0,0.0,0.0,0.0,0.0,0.0,0.0,0.0,0.0,0.0,0.0,0.0,0.0,0.0,0.0,0.0,0.0,0.0,0.0,0.0,-4.242238445810109,-4.242238445810109,-4.242238445810109,3.6280457547332543,3.6280457547332543,3.6280457547332543,0.10822538164371272,0.10822538164371272,0.10822538164371272,-1.9824740970992762,-1.9824740970992762,-1.9824740970992762,-1.966091944202439,-1.966091944202439,-1.966091944202439,0.0,0.0,0.0,-0.07128960995588658,-0.07128960995588658,-0.07128960995588658,2.12489686307574,2.12489686307574,2.12489686307574,-1.7785512042124565,-1.7785512042124565,-1.7785512042124565,0.8297723578349553,0.8297723578349553,0.8297723578349553,1.2519642921599972,1.2519642921599972,1.2519642921599972,-1.2294359412829026,-1.2294359412829026,-1.2294359412829026,-7.139774395604084,-7.139774395604084,-7.139774395604084,0.0,0.0,0.0,52.82033903309624
282,2018-03-26 12:00:00,57.06228591508906,40.57988975320486,60.8456520582788,57.06228591508906,57.06228591508906,0.0,0.0,0.0,0.0,0.0,0.0,0.0,0.0,0.0,0.0,0.0,0.0,0.0,0.0,0.0,0.0,0.0,0.0,0.0,0.0,0.0,0.0,0.0,0.0,0.0,0.0,0.0,0.0,0.0,0.0,-5.753540795251532,-5.753540795251532,-5.753540795251532,2.5971869920544415,2.5971869920544415,2.5971869920544415,-0.11447822891164519,-0.11447822891164519,-0.11447822891164519,-2.8961781308885635,-2.8961781308885635,-2.8961781308885635,-2.2696081711269938,-2.2696081711269938,-2.2696081711269938,0.0,0.0,0.0,0.00010085179127275378,0.00010085179127275378,0.00010085179127275378,1.8815216017812677,1.8815216017812677,1.8815216017812677,-1.7433886829168475,-1.7433886829168475,-1.7433886829168475,0.6854413473250134,0.6854413473250134,0.6854413473250134,1.689068967736627,1.689068967736627,1.689068967736627,-1.3357668488306302,-1.3357668488306302,-1.3357668488306302,-7.143618624154037,-7.143618624154037,-7.143618624154037,0.0,0.0,0.0,51.30874511983753
283,2018-03-26 13:00:00,57.06199435127178,39.57569599042129,59.492537535308884,57.06199435127178,57.06199435127178,0.0,0.0,0.0,0.0,0.0,0.0,0.0,0.0,0.0,0.0,0.0,0.0,0.0,0.0,0.0,0.0,0.0,0.0,0.0,0.0,0.0,0.0,0.0,0.0,0.0,0.0,0.0,0.0,0.0,0.0,-7.66853771804841,-7.66853771804841,-7.66853771804841,0.9992308885788804,0.9992308885788804,0.9992308885788804,-0.33718183946700253,-0.33718183946700253,-0.33718183946700253,-3.625801567837015,-3.625801567837015,-3.625801567837015,-2.484438168405717,-2.484438168405717,-2.484438168405717,0.0,0.0,0.0,0.07149131353843208,0.07149131353843208,0.07149131353843208,1.8443245094436846,1.8443245094436846,1.8443245094436846,-1.6626952045589753,-1.6626952045589753,-1.6626952045589753,0.5648967324019054,0.5648967324019054,0.5648967324019054,2.1055131808688117,2.1055131808688117,2.1055131808688117,-1.622198910789342,-1.622198910789342,-1.622198910789342,-7.147480219659088,-7.147480219659088,-7.147480219659088,0.0,0.0,0.0,49.393456633223366
284,2018-03-26 14:00:00,57.0617027874545,38.400600476326595,57.91014709593352,57.0617027874545,57.0617027874545,0.0,0.0,0.0,0.0,0.0,0.0,0.0,0.0,0.0,0.0,0.0,0.0,0.0,0.0,0.0,0.0,0.0,0.0,0.0,0.0,0.0,0.0,0.0,0.0,0.0,0.0,0.0,0.0,0.0,0.0,-8.908458828606229,-8.908458828606229,-8.908458828606229,-0.35477428599791533,-0.35477428599791533,-0.35477428599791533,-0.5598854500223606,-0.5598854500223606,-0.5598854500223606,-3.9018570754615505,-3.9018570754615505,-3.9018570754615505,-2.5532939367642813,-2.5532939367642813,-2.5532939367642813,0.0,0.0,0.0,0.14288177528559143,0.14288177528559143,0.14288177528559143,1.8788646666142974,1.8788646666142974,1.8788646666142974,-1.490939812076578,-1.490939812076578,-1.490939812076578,0.4690792179758453,0.4690792179758453,0.4690792179758453,2.4995315878547704,2.4995315878547704,2.4995315878547704,-1.7885635364740644,-1.7885635364740644,-1.7885635364740644,-7.151359055001534,-7.151359055001534,-7.151359055001534,0.0,0.0,0.0,48.15324395884827
285,2018-03-26 15:00:00,57.061411223637215,37.30894311076584,57.58275686922732,57.061411223637215,57.061411223637215,0.0,0.0,0.0,0.0,0.0,0.0,0.0,0.0,0.0,0.0,0.0,0.0,0.0,0.0,0.0,0.0,0.0,0.0,0.0,0.0,0.0,0.0,0.0,0.0,0.0,0.0,0.0,0.0,0.0,0.0,-9.194227668905706,-9.194227668905706,-9.194227668905706,-0.380633803022024,-0.380633803022024,-0.380633803022024,-0.7825890605777183,-0.7825890605777183,-0.7825890605777183,-4.527919302652754,-4.527919302652754,-4.527919302652754,-2.6452852432913243,-2.6452852432913243,-2.6452852432913243,0.0,0.0,0.0,0.21427223703275075,0.21427223703275075,0.21427223703275075,1.6535565644552226,1.6535565644552226,1.6535565644552226,-1.2831202951884275,-1.2831202951884275,-1.2831202951884275,0.40296110142939146,0.40296110142939146,0.40296110142939146,2.8695804384611794,2.8695804384611794,2.8695804384611794,-2.087714606512648,-2.087714606512648,-2.087714606512648,-7.155255001692108,-7.155255001692108,-7.155255001692108,0.0,0.0,0.0,47.86718355473151
286,2018-03-26 16:00:00,57.06111965981994,39.59885359782922,59.95561632171685,57.06111965981994,57.06111965981994,0.0,0.0,0.0,0.0,0.0,0.0,0.0,0.0,0.0,0.0,0.0,0.0,0.0,0.0,0.0,0.0,0.0,0.0,0.0,0.0,0.0,0.0,0.0,0.0,0.0,0.0,0.0,0.0,0.0,0.0,-7.116373226210665,-7.116373226210665,-7.116373226210665,1.3743065773289538,1.3743065773289538,1.3743065773289538,-1.0052926711330759,-1.0052926711330759,-1.0052926711330759,-4.54585904593847,-4.54585904593847,-4.54585904593847,-2.501514398958641,-2.501514398958641,-2.501514398958641,0.0,0.0,0.0,0.2856626987799101,0.2856626987799101,0.2856626987799101,1.49945432477095,1.49945432477095,1.49945432477095,-0.9882960781713983,-0.9882960781713983,-0.9882960781713983,0.3337520973208067,0.3337520973208067,0.3337520973208067,3.2143471722754917,3.2143471722754917,3.2143471722754917,-2.1696250185470225,-2.1696250185470225,-2.1696250185470225,-7.159167929876641,-7.159167929876641,-7.159167929876641,0.0,0.0,0.0,49.944746433609275
287,2018-03-26 17:00:00,57.06082809600265,44.54348154139274,64.7564007171084,57.06082809600265,57.06082809600265,0.0,0.0,0.0,0.0,0.0,0.0,0.0,0.0,0.0,0.0,0.0,0.0,0.0,0.0,0.0,0.0,0.0,0.0,0.0,0.0,0.0,0.0,0.0,0.0,0.0,0.0,0.0,0.0,0.0,0.0,-3.0515030760602864,-3.0515030760602864,-3.0515030760602864,4.159873725766471,4.159873725766471,4.159873725766471,-1.2279962816884338,-1.2279962816884338,-1.2279962816884338,-3.581036633893312,-3.581036633893312,-3.581036633893312,-2.150625403403393,-2.150625403403393,-2.150625403403393,0.0,0.0,0.0,0.3570531605270694,0.3570531605270694,0.3570531605270694,1.6036061833161825,1.6036061833161825,1.6036061833161825,-0.45815344940683234,-0.45815344940683234,-0.45815344940683234,0.37312731713404035,0.37312731713404035,0.37312731713404035,3.5327575404037814,3.5327575404037814,3.5327575404037814,-2.078048160371946,-2.078048160371946,-2.078048160371946,-7.163097708337227,-7.163097708337227,-7.163097708337227,0.0,0.0,0.0,54.00932501994237
288,2018-03-26 18:00:00,57.28471926378162,50.248160781236635,69.47331575702817,57.28471926378162,57.28471926378162,0.0,0.0,0.0,0.0,0.0,0.0,0.0,0.0,0.0,0.0,0.0,0.0,0.0,0.0,0.0,0.0,0.0,0.0,0.0,0.0,0.0,0.0,0.0,0.0,0.0,0.0,0.0,0.0,0.0,0.0,2.972963504889476,2.972963504889476,2.972963504889476,6.221424416014384,6.221424416014384,6.221424416014384,-1.7054665035816263,-1.7054665035816263,-1.7054665035816263,-0.2525869064938963,-0.2525869064938963,-0.2525869064938963,-1.3195971730383682,-1.3195971730383682,-1.3195971730383682,0.0,0.0,0.0,0.6463787931055327,0.6463787931055327,0.6463787931055327,3.0036894017148055,3.0036894017148055,3.0036894017148055,0.17257503880262529,0.17257503880262529,0.17257503880262529,0.6073371142942852,0.6073371142942852,0.6073371142942852,4.079873515846029,4.079873515846029,4.079873515846029,-1.6575035777911502,-1.6575035777911502,-1.6575035777911502,-7.075747520477041,-7.075747520477041,-7.075747520477041,0.0,0.0,0.0,60.257682768671096
289,2018-03-26 19:00:00,57.28446354350518,51.047337600784466,71.71776331276433,57.28446354350518,57.28446354350518,0.0,0.0,0.0,0.0,0.0,0.0,0.0,0.0,0.0,0.0,0.0,0.0,0.0,0.0,0.0,0.0,0.0,0.0,0.0,0.0,0.0,0.0,0.0,0.0,0.0,0.0,0.0,0.0,0.0,0.0,4.555358416665587,4.555358416665587,4.555358416665587,6.512664717034757,6.512664717034757,6.512664717034757,-1.9670981565075167,-1.9670981565075167,-1.9670981565075167,0.7484807105920409,0.7484807105920409,0.7484807105920409,-0.8913221208985374,-0.8913221208985374,-0.8913221208985374,0.0,0.0,0.0,0.7540832547976061,0.7540832547976061,0.7540832547976061,3.232960896431965,3.232960896431965,3.232960896431965,0.328309000023693,0.328309000023693,0.328309000023693,0.8240416604511962,0.8240416604511962,0.8240416604511962,4.373763042355099,4.373763042355099,4.373763042355099,-1.532493823706365,-1.532493823706365,-1.532493823706365,-7.07955005331631,-7.07955005331631,-7.07955005331631,0.0,0.0,0.0,61.83982196017077
290,2018-03-26 20:00:00,57.28420782322874,47.13071861455709,68.7498941370129,57.28420782322874,57.28420782322874,0.0,0.0,0.0,0.0,0.0,0.0,0.0,0.0,0.0,0.0,0.0,0.0,0.0,0.0,0.0,0.0,0.0,0.0,0.0,0.0,0.0,0.0,0.0,0.0,0.0,0.0,0.0,0.0,0.0,0.0,0.8002102990869568,0.8002102990869568,0.8002102990869568,4.615515072866774,4.615515072866774,4.615515072866774,-2.228729809433407,-2.228729809433407,-2.228729809433407,-1.3699800194421192,-1.3699800194421192,-1.3699800194421192,-2.0201090800267734,-2.0201090800267734,-2.0201090800267734,0.0,0.0,0.0,0.8617877164896797,0.8617877164896797,0.8617877164896797,2.505485703478704,2.505485703478704,2.505485703478704,0.33713245391723795,0.33713245391723795,0.33713245391723795,0.5207077984471855,0.5207077984471855,0.5207077984471855,4.63804675350524,4.63804675350524,4.63804675350524,-1.3462548023147458,-1.3462548023147458,-1.3462548023147458,-7.083371507842938,-7.083371507842938,-7.083371507842938,0.0,0.0,0.0,58.0844181223157
291,2018-03-26 21:00:00,57.283952102952306,43.62703709131345,63.63900538065694,57.283952102952306,57.283952102952306,0.0,0.0,0.0,0.0,0.0,0.0,0.0,0.0,0.0,0.0,0.0,0.0,0.0,0.0,0.0,0.0,0.0,0.0,0.0,0.0,0.0,0.0,0.0,0.0,0.0,0.0,0.0,0.0,0.0,0.0,-3.5766517768462958,-3.5766517768462958,-3.5766517768462958,1.4706359751373896,1.4706359751373896,1.4706359751373896,-2.4903614623592976,-2.4903614623592976,-2.4903614623592976,-2.83256804909314,-2.83256804909314,-2.83256804909314,-2.4915436335450365,-2.4915436335450365,-2.4915436335450365,0.0,0.0,0.0,0.969492178181753,0.969492178181753,0.969492178181753,1.6764139003071759,1.6764139003071759,1.6764139003071759,0.3424265262533649,0.3424265262533649,0.3424265262533649,0.2016231517437023,0.2016231517437023,0.2016231517437023,4.8724920485395025,4.8724920485395025,4.8724920485395025,-1.0406187096748014,-1.0406187096748014,-1.0406187096748014,-7.087211751430047,-7.087211751430047,-7.087211751430047,0.0,0.0,0.0,53.70730032610601
292,2018-03-26 22:00:00,57.28369638267586,39.533048110849016,60.283663436091274,57.28369638267586,57.28369638267586,0.0,0.0,0.0,0.0,0.0,0.0,0.0,0.0,0.0,0.0,0.0,0.0,0.0,0.0,0.0,0.0,0.0,0.0,0.0,0.0,0.0,0.0,0.0,0.0,0.0,0.0,0.0,0.0,0.0,0.0,-7.3942582867061875,-7.3942582867061875,-7.3942582867061875,-1.6380462022562134,-1.6380462022562134,-1.6380462022562134,-2.7519931152851873,-2.7519931152851873,-2.7519931152851873,-3.742257799335464,-3.742257799335464,-3.742257799335464,-2.7361141413561545,-2.7361141413561545,-2.7361141413561545,0.0,0.0,0.0,1.0771966398738262,1.0771966398738262,1.0771966398738262,1.25916151181718,1.25916151181718,1.25916151181718,0.3433088716427194,0.3433088716427194,0.3433088716427194,-0.07178421933131028,-0.07178421933131028,-0.07178421933131028,5.07711636491455,5.07711636491455,5.07711636491455,-0.8620333466965365,-0.8620333466965365,-0.8620333466965365,-7.091070650029061,-7.091070650029061,-7.091070650029061,0.0,0.0,0.0,49.88943809596967
293,2018-03-26 23:00:00,57.28344066239942,36.25199055576022,57.1771196815797,57.28344066239942,57.28344066239942,0.0,0.0,0.0,0.0,0.0,0.0,0.0,0.0,0.0,0.0,0.0,0.0,0.0,0.0,0.0,0.0,0.0,0.0,0.0,0.0,0.0,0.0,0.0,0.0,0.0,0.0,0.0,0.0,0.0,0.0,-10.072639242125234,-10.072639242125234,-10.072639242125234,-4.005238650033778,-4.005238650033778,-4.005238650033778,-3.013624768211079,-3.013624768211079,-3.013624768211079,-4.224632833487304,-4.224632833487304,-4.224632833487304,-2.741094083822897,-2.741094083822897,-2.741094083822897,0.0,0.0,0.0,1.1849011015659,1.1849011015659,1.1849011015659,1.0532518044764136,1.0532518044764136,1.0532518044764136,0.34375004433739664,0.34375004433739664,0.34375004433739664,-0.33928504614402066,-0.33928504614402066,-0.33928504614402066,5.252180309568819,5.252180309568819,5.252180309568819,-0.7125318856890177,-0.7125318856890177,-0.7125318856890177,-7.09494806817297,-7.09494806817297,-7.09494806817297,0.0,0.0,0.0,47.21080142027419
294,2018-03-27 00:00:00,57.283184942122986,33.639873779863954,53.802576992397476,57.283184942122986,57.283184942122986,0.0,0.0,0.0,0.0,0.0,0.0,0.0,0.0,0.0,0.0,0.0,0.0,0.0,0.0,0.0,0.0,0.0,0.0,0.0,0.0,0.0,0.0,0.0,0.0,0.0,0.0,0.0,0.0,0.0,0.0,-13.542454877756485,-13.542454877756485,-13.542454877756485,-5.712811807984394,-5.712811807984394,-5.712811807984394,-3.2752564211369677,-3.2752564211369677,-3.2752564211369677,-6.1289776087232815,-6.1289776087232815,-6.1289776087232815,-2.8207731632907724,-2.8207731632907724,-2.8207731632907724,0.0,0.0,0.0,0.00015202295309230918,0.00015202295309230918,0.00015202295309230918,0.7892092773850883,0.7892092773850883,0.7892092773850883,0.35610287978835947,0.35610287978835947,0.35610287978835947,-0.5179251959438729,-0.5179251959438729,-0.5179251959438729,5.39817840793831,5.39817840793831,5.39817840793831,-0.6604870084782091,-0.6604870084782091,-0.6604870084782091,-7.098843868987117,-7.098843868987117,-7.098843868987117,0.0,0.0,0.0,43.7407300643665
295,2018-03-27 01:00:00,57.282929221846544,30.65294789607827,50.803674516881294,57.282929221846544,57.282929221846544,0.0,0.0,0.0,0.0,0.0,0.0,0.0,0.0,0.0,0.0,0.0,0.0,0.0,0.0,0.0,0.0,0.0,0.0,0.0,0.0,0.0,0.0,0.0,0.0,0.0,0.0,0.0,0.0,0.0,0.0,-16.592605618832057,-16.592605618832057,-16.592605618832057,-7.070717829198997,-7.070717829198997,-7.070717829198997,-3.2752564211369677,-3.2752564211369677,-3.2752564211369677,-7.934957481955836,-7.934957481955836,-7.934957481955836,-2.9458250519000773,-2.9458250519000773,-2.9458250519000773,0.0,0.0,0.0,-1.1845970556597152,-1.1845970556597152,-1.1845970556597152,0.7088012650198287,0.7088012650198287,0.7088012650198287,0.3786026872168991,0.3786026872168991,0.3786026872168991,-0.5939227321188283,-0.5939227321188283,-0.5939227321188283,5.515827606509718,5.515827606509718,5.515827606509718,-1.022760173376975,-1.022760173376975,-1.022760173376975,-7.102757914186946,-7.102757914186946,-7.102757914186946,0.0,0.0,0.0,40.69032360301449
296,2018-03-27 02:00:00,57.28267350157011,29.427403643382988,50.34532271403509,57.28267350157011,57.28267350157011,0.0,0.0,0.0,0.0,0.0,0.0,0.0,0.0,0.0,0.0,0.0,0.0,0.0,0.0,0.0,0.0,0.0,0.0,0.0,0.0,0.0,0.0,0.0,0.0,0.0,0.0,0.0,0.0,0.0,0.0,-17.541149389623534,-17.541149389623534,-17.541149389623534,-7.966226475617497,-7.966226475617497,-7.966226475617497,-3.2752564211369677,-3.2752564211369677,-3.2752564211369677,-8.0742865394985,-8.0742865394985,-8.0742865394985,-2.9911978610415058,-2.9911978610415058,-2.9911978610415058,0.0,0.0,0.0,-1.0768925939676417,-1.0768925939676417,-1.0768925939676417,0.715320833589985,0.715320833589985,0.715320833589985,0.4306610651888141,0.4306610651888141,0.4306610651888141,-0.6306745630842644,-0.6306745630842644,-0.6306745630842644,5.606053689579231,5.606053689579231,5.606053689579231,-1.2462469990469176,-1.2462469990469176,-1.2462469990469176,-7.106690064086772,-7.106690064086772,-7.106690064086772,0.0,0.0,0.0,39.741524111946575
297,2018-03-27 03:00:00,57.28241778129367,29.92273299330967,50.048638047188334,57.28241778129367,57.28241778129367,0.0,0.0,0.0,0.0,0.0,0.0,0.0,0.0,0.0,0.0,0.0,0.0,0.0,0.0,0.0,0.0,0.0,0.0,0.0,0.0,0.0,0.0,0.0,0.0,0.0,0.0,0.0,0.0,0.0,0.0,-17.179021512395266,-17.179021512395266,-17.179021512395266,-7.8204003294102,-7.8204003294102,-7.8204003294102,-3.2752564211369677,-3.2752564211369677,-3.2752564211369677,-7.917956798182441,-7.917956798182441,-7.917956798182441,-2.9607648793003034,-2.9607648793003034,-2.9607648793003034,0.0,0.0,0.0,-0.9691881322755682,-0.9691881322755682,-0.9691881322755682,0.7968154407169372,0.7968154407169372,0.7968154407169372,0.5219838129870039,0.5219838129870039,0.5219838129870039,-0.5725279162353779,-0.5725279162353779,-0.5725279162353779,5.6699757928005,5.6699757928005,5.6699757928005,-1.4590187029381645,-1.4590187029381645,-1.4590187029381645,-7.110640177603127,-7.110640177603127,-7.110640177603127,0.0,0.0,0.0,40.1033962688984
298,2018-03-27 04:00:00,57.282162061017225,33.32552475583606,54.02105178783202,57.282162061017225,57.282162061017225,0.0,0.0,0.0,0.0,0.0,0.0,0.0,0.0,0.0,0.0,0.0,0.0,0.0,0.0,0.0,0.0,0.0,0.0,0.0,0.0,0.0,0.0,0.0,0.0,0.0,0.0,0.0,0.0,0.0,0.0,-13.827568093375247,-13.827568093375247,-13.827568093375247,-6.18214880068775,-6.18214880068775,-6.18214880068775,-3.2752564211369677,-3.2752564211369677,-3.2752564211369677,-6.239700396784831,-6.239700396784831,-6.239700396784831,-2.7516072956971303,-2.7516072956971303,-2.7516072956971303,0.0,0.0,0.0,-0.861483670583495,-0.861483670583495,-0.861483670583495,1.6829334688773319,1.6829334688773319,1.6829334688773319,0.5806597813790776,0.5806597813790776,0.5806597813790776,-0.2513431649052984,-0.2513431649052984,-0.2513431649052984,5.708889216356301,5.708889216356301,5.708889216356301,-1.3636030947183486,-1.3636030947183486,-1.3636030947183486,-7.114608112258967,-7.114608112258967,-7.114608112258967,0.0,0.0,0.0,43.454593967641976
299,2018-03-27 05:00:00,57.28190634074079,39.31586081367537,58.707121156488796,57.28190634074079,57.28190634074079,0.0,0.0,0.0,0.0,0.0,0.0,0.0,0.0,0.0,0.0,0.0,0.0,0.0,0.0,0.0,0.0,0.0,0.0,0.0,0.0,0.0,0.0,0.0,0.0,0.0,0.0,0.0,0.0,0.0,0.0,-8.597042646947333,-8.597042646947333,-8.597042646947333,-3.32373163002414,-3.32373163002414,-3.32373163002414,-3.2752564211369677,-3.2752564211369677,-3.2752564211369677,-3.878964050833262,-3.878964050833262,-3.878964050833262,-2.24641979879317,-2.24641979879317,-2.24641979879317,0.0,0.0,0.0,-0.7537792088914216,-0.7537792088914216,-0.7537792088914216,2.823314671273818,2.823314671273818,2.823314671273818,0.5775715725163368,0.5775715725163368,0.5775715725163368,0.25766969396599243,0.25766969396599243,0.25766969396599243,5.724246758099396,5.724246758099396,5.724246758099396,-1.2620645597678495,-1.2620645597678495,-1.2620645597678495,-7.118593724189326,-7.118593724189326,-7.118593724189326,0.0,0.0,0.0,48.68486369379346
300,2018-03-27 06:00:00,57.281650620464355,43.16892083093972,62.58193199341578,57.281650620464355,57.281650620464355,0.0,0.0,0.0,0.0,0.0,0.0,0.0,0.0,0.0,0.0,0.0,0.0,0.0,0.0,0.0,0.0,0.0,0.0,0.0,0.0,0.0,0.0,0.0,0.0,0.0,0.0,0.0,0.0,0.0,0.0,-3.923377312022894,-3.923377312022894,-3.923377312022894,-0.20339318404208448,-0.20339318404208448,-0.20339318404208448,-3.2752564211369677,-3.2752564211369677,-3.2752564211369677,-2.315026061429109,-2.315026061429109,-2.315026061429109,-1.6322268945616296,-1.6322268945616296,-1.6322268945616296,0.0,0.0,0.0,-0.6460747471993481,-0.6460747471993481,-0.6460747471993481,3.384540865688096,3.384540865688096,3.384540865688096,0.5047780778945914,0.5047780778945914,0.5047780778945914,0.5434151797222586,0.5434151797222586,0.5434151797222586,5.717638801596394,5.717638801596394,5.717638801596394,-1.194202121836109,-1.194202121836109,-1.194202121836109,-7.122596868148095,-7.122596868148095,-7.122596868148095,0.0,0.0,0.0,53.35827330844146
301,2018-03-27 07:00:00,57.28139490018791,46.02895841007161,66.19666572962797,57.28139490018791,57.28139490018791,0.0,0.0,0.0,0.0,0.0,0.0,0.0,0.0,0.0,0.0,0.0,0.0,0.0,0.0,0.0,0.0,0.0,0.0,0.0,0.0,0.0,0.0,0.0,0.0,0.0,0.0,0.0,0.0,0.0,0.0,-0.8744264904439352,-0.8744264904439352,-0.8744264904439352,2.191962972997356,2.191962972997356,2.191962972997356,-3.2752564211369677,-3.2752564211369677,-3.2752564211369677,-1.6305444715624169,-1.6305444715624169,-1.6305444715624169,-1.3489235008980722,-1.3489235008980722,-1.3489235008980722,0.0,0.0,0.0,-0.5383702855072747,-0.5383702855072747,-0.5383702855072747,3.6991100491981324,3.6991100491981324,3.6991100491981324,0.015958732192203045,0.015958732192203045,0.015958732192203045,0.7820395679192692,0.7820395679192692,0.7820395679192692,5.6907724056303035,5.6907724056303035,5.6907724056303035,-0.9651026133297066,-0.9651026133297066,-0.9651026133297066,-7.126617397509178,-7.126617397509178,-7.126617397509178,0.0,0.0,0.0,56.406968409743975
302,2018-03-27 08:00:00,57.28113917991147,46.15999435647789,66.13577174635101,57.28113917991147,57.28113917991147,0.0,0.0,0.0,0.0,0.0,0.0,0.0,0.0,0.0,0.0,0.0,0.0,0.0,0.0,0.0,0.0,0.0,0.0,0.0,0.0,0.0,0.0,0.0,0.0,0.0,0.0,0.0,0.0,0.0,0.0,-0.9377969898976469,-0.9377969898976469,-0.9377969898976469,3.4902092454833857,3.4902092454833857,3.4902092454833857,-3.2752564211369677,-3.2752564211369677,-3.2752564211369677,-2.942800721891844,-2.942800721891844,-2.942800721891844,-1.2913774990601623,-1.2913774990601623,-1.2913774990601623,0.0,0.0,0.0,-0.43066582381520135,-0.43066582381520135,-0.43066582381520135,2.9949966436212643,2.9949966436212643,2.9949966436212643,-0.912268617408722,-0.912268617408722,-0.912268617408722,0.8491116594311902,0.8491116594311902,0.8491116594311902,5.6454496507854035,5.6454496507854035,5.6454496507854035,-0.877340663523245,-0.877340663523245,-0.877340663523245,-7.130655164274591,-7.130655164274591,-7.130655164274591,0.0,0.0,0.0,56.34334219001382
303,2018-03-27 09:00:00,57.280883459635035,45.05233928979972,65.79124846918023,57.280883459635035,57.280883459635035,0.0,0.0,0.0,0.0,0.0,0.0,0.0,0.0,0.0,0.0,0.0,0.0,0.0,0.0,0.0,0.0,0.0,0.0,0.0,0.0,0.0,0.0,0.0,0.0,0.0,0.0,0.0,0.0,0.0,0.0,-1.710190668268718,-1.710190668268718,-1.710190668268718,3.965371512852848,3.965371512852848,3.965371512852848,-3.2752564211369677,-3.2752564211369677,-3.2752564211369677,-4.124397665817679,-4.124397665817679,-4.124397665817679,-1.4789553319741189,-1.4789553319741189,-1.4789553319741189,0.0,0.0,0.0,-0.3229613621231279,-0.3229613621231279,-0.3229613621231279,2.6244678298840545,2.6244678298840545,2.6244678298840545,-1.5263810083994482,-1.5263810083994482,-1.5263810083994482,0.8407112409248048,0.8407112409248048,0.8407112409248048,5.5835455037738955,5.5835455037738955,5.5835455037738955,-0.9860226129928747,-0.9860226129928747,-0.9860226129928747,-7.134710019077783,-7.134710019077783,-7.134710019077783,0.0,0.0,0.0,55.57069279136632
304,2018-03-27 10:00:00,57.28062773935859,44.09851709309487,64.06805369973168,57.28062773935859,57.28062773935859,0.0,0.0,0.0,0.0,0.0,0.0,0.0,0.0,0.0,0.0,0.0,0.0,0.0,0.0,0.0,0.0,0.0,0.0,0.0,0.0,0.0,0.0,0.0,0.0,0.0,0.0,0.0,0.0,0.0,0.0,-3.5144490480222856,-3.5144490480222856,-3.5144490480222856,4.001973739626352,4.001973739626352,4.001973739626352,-3.2752564211369677,-3.2752564211369677,-3.2752564211369677,-5.884626439406868,-5.884626439406868,-5.884626439406868,-2.2215200864594586,-2.2215200864594586,-2.2215200864594586,0.0,0.0,0.0,-0.2152569004310545,-0.2152569004310545,-0.2152569004310545,1.9475192933495038,1.9475192933495038,1.9475192933495038,-1.7434379741806527,-1.7434379741806527,-1.7434379741806527,0.7557882600868148,0.7557882600868148,0.7557882600868148,5.506985462949596,5.506985462949596,5.506985462949596,-1.1324626106350517,-1.1324626106350517,-1.1324626106350517,-7.1387818111913655,-7.1387818111913655,-7.1387818111913655,0.0,0.0,0.0,53.76617869133631
305,2018-03-27 11:00:00,57.28037201908216,42.63279439615644,63.47862127960549,57.28037201908216,57.28037201908216,0.0,0.0,0.0,0.0,0.0,0.0,0.0,0.0,0.0,0.0,0.0,0.0,0.0,0.0,0.0,0.0,0.0,0.0,0.0,0.0,0.0,0.0,0.0,0.0,0.0,0.0,0.0,0.0,0.0,0.0,-4.571330837583918,-4.571330837583918,-4.571330837583918,3.6167756321750613,3.6167756321750613,3.6167756321750613,-3.2752564211369677,-3.2752564211369677,-3.2752564211369677,-6.462959328417704,-6.462959328417704,-6.462959328417704,-2.5656894436054207,-2.5656894436054207,-2.5656894436054207,0.0,0.0,0.0,-0.10755243873898108,-0.10755243873898108,-0.10755243873898108,1.904055502881796,1.904055502881796,1.904055502881796,-1.851084111681901,-1.851084111681901,-1.851084111681901,0.6813658023818066,0.6813658023818066,0.6813658023818066,5.417723247187054,5.417723247187054,5.417723247187054,-1.2487982185180357,-1.2487982185180357,-1.2487982185180357,-7.142870388528329,-7.142870388528329,-7.142870388528329,0.0,0.0,0.0,52.709041181498236
306,2018-03-27 12:00:00,57.280116298805716,41.9242315021225,61.07742224332038,57.280116298805716,57.280116298805716,0.0,0.0,0.0,0.0,0.0,0.0,0.0,0.0,0.0,0.0,0.0,0.0,0.0,0.0,0.0,0.0,0.0,0.0,0.0,0.0,0.0,0.0,0.0,0.0,0.0,0.0,0.0,0.0,0.0,0.0,-6.292516746085914,-6.292516746085914,-6.292516746085914,2.5749377600206995,2.5749377600206995,2.5749377600206995,-3.2752564211369677,-3.2752564211369677,-3.2752564211369677,-7.038197694965114,-7.038197694965114,-7.038197694965114,-2.780380296616085,-2.780380296616085,-2.780380296616085,0.0,0.0,0.0,0.00015202295309230918,0.00015202295309230918,0.00015202295309230918,1.7361766122002742,1.7361766122002742,1.7361766122002742,-1.90093662618043,-1.90093662618043,-1.90093662618043,0.5548344986293763,0.5548344986293763,0.5548344986293763,5.317718786513391,5.317718786513391,5.317718786513391,-1.3727874848143737,-1.3727874848143737,-1.3727874848143737,-7.14697559765489,-7.14697559765489,-7.14697559765489,0.0,0.0,0.0,50.9875995527198
307,2018-03-27 13:00:00,57.279860578529274,38.872788493686514,59.32980740595074,57.279860578529274,57.279860578529274,0.0,0.0,0.0,0.0,0.0,0.0,0.0,0.0,0.0,0.0,0.0,0.0,0.0,0.0,0.0,0.0,0.0,0.0,0.0,0.0,0.0,0.0,0.0,0.0,0.0,0.0,0.0,0.0,0.0,0.0,-7.93497653360347,-7.93497653360347,-7.93497653360347,0.9700128719893467,0.9700128719893467,0.9700128719893467,-3.2752564211369677,-3.2752564211369677,-3.2752564211369677,-6.962808887467219,-6.962808887467219,-6.962808887467219,-2.770420411682601,-2.770420411682601,-2.770420411682601,0.0,0.0,0.0,0.1078564846451657,0.1078564846451657,0.1078564846451657,1.7758373210020577,1.7758373210020577,1.7758373210020577,-1.8391724489256154,-1.8391724489256154,-1.8391724489256154,0.4391974876274146,0.4391974876274146,0.4391974876274146,5.208916765661303,5.208916765661303,5.208916765661303,-1.4008508989966724,-1.4008508989966724,-1.4008508989966724,-7.151097283786901,-7.151097283786901,-7.151097283786901,0.0,0.0,0.0,49.344884044925806
308,2018-03-27 14:00:00,57.27960485825284,37.67736436879468,58.681544669846964,57.27960485825284,57.27960485825284,0.0,0.0,0.0,0.0,0.0,0.0,0.0,0.0,0.0,0.0,0.0,0.0,0.0,0.0,0.0,0.0,0.0,0.0,0.0,0.0,0.0,0.0,0.0,0.0,0.0,0.0,0.0,0.0,0.0,0.0,-9.42988946490562,-9.42988946490562,-9.42988946490562,-0.41573229378107884,-0.41573229378107884,-0.41573229378107884,-3.2752564211369677,-3.2752564211369677,-3.2752564211369677,-6.952147841762732,-6.952147841762732,-6.952147841762732,-2.76488714227511,-2.76488714227511,-2.76488714227511,0.0,0.0,0.0,0.2155609463372391,0.2155609463372391,0.2155609463372391,1.6986890929218759,1.6986890929218759,1.6986890929218759,-1.7143205763319547,-1.7143205763319547,-1.7143205763319547,0.34810544944879784,0.34810544944879784,0.34810544944879784,5.093225961438904,5.093225961438904,5.093225961438904,-1.4600391907266117,-1.4600391907266117,-1.4600391907266117,-7.155235290800714,-7.155235290800714,-7.155235290800714,0.0,0.0,0.0,47.84971539334722
309,2018-03-27 15:00:00,57.279349137976396,37.54645708441287,57.543018116701525,57.279349137976396,57.279349137976396,0.0,0.0,0.0,0.0,0.0,0.0,0.0,0.0,0.0,0.0,0.0,0.0,0.0,0.0,0.0,0.0,0.0,0.0,0.0,0.0,0.0,0.0,0.0,0.0,0.0,0.0,0.0,0.0,0.0,0.0,-9.5318755629396,-9.5318755629396,-9.5318755629396,-0.4957643426195635,-0.4957643426195635,-0.4957643426195635,-3.2752564211369677,-3.2752564211369677,-3.2752564211369677,-6.849221360900333,-6.849221360900333,-6.849221360900333,-2.7532672765193777,-2.7532672765193777,-2.7532672765193777,0.0,0.0,0.0,0.32326540802931253,0.32326540802931253,0.32326540802931253,1.6014388617503796,1.6014388617503796,1.6014388617503796,-1.4875578112678505,-1.4875578112678505,-1.4875578112678505,0.2853648237292319,0.2853648237292319,0.2853648237292319,4.972499601819542,4.972499601819542,4.972499601819542,-1.5432089454850606,-1.5432089454850606,-1.5432089454850606,-7.159389461239245,-7.159389461239245,-7.159389461239245,0.0,0.0,0.0,47.74747357503679
310,2018-03-27 16:00:00,57.27909341769996,39.30494170728944,59.4960422177581,57.27909341769996,57.27909341769996,0.0,0.0,0.0,0.0,0.0,0.0,0.0,0.0,0.0,0.0,0.0,0.0,0.0,0.0,0.0,0.0,0.0,0.0,0.0,0.0,0.0,0.0,0.0,0.0,0.0,0.0,0.0,0.0,0.0,0.0,-7.663328431973125,-7.663328431973125,-7.663328431973125,1.2142985304709772,1.2142985304709772,1.2142985304709772,-3.2752564211369677,-3.2752564211369677,-3.2752564211369677,-6.562584285430815,-6.562584285430815,-6.562584285430815,-2.7228342947781754,-2.7228342947781754,-2.7228342947781754,0.0,0.0,0.0,0.43096986972138596,0.43096986972138596,0.43096986972138596,1.4188909417860067,1.4188909417860067,1.4188909417860067,-1.1703546437949106,-1.1703546437949106,-1.1703546437949106,0.19716042941218506,0.19716042941218506,0.19716042941218506,4.848516959301946,4.848516959301946,4.848516959301946,-1.441160166640338,-1.441160166640338,-1.441160166640338,-7.163559636315234,-7.163559636315234,-7.163559636315234,0.0,0.0,0.0,49.615764985726834
311,2018-03-27 17:00:00,57.27883769742352,44.30791955103163,64.34231793840087,57.27883769742352,57.27883769742352,0.0,0.0,0.0,0.0,0.0,0.0,0.0,0.0,0.0,0.0,0.0,0.0,0.0,0.0,0.0,0.0,0.0,0.0,0.0,0.0,0.0,0.0,0.0,0.0,0.0,0.0,0.0,0.0,0.0,0.0,-3.2447262578095746,-3.2447262578095746,-3.2447262578095746,3.988429098830347,3.988429098830347,3.988429098830347,-3.2752564211369677,-3.2752564211369677,-3.2752564211369677,-4.788376072973551,-4.788376072973551,-4.788376072973551,-2.479923767789305,-2.479923767789305,-2.479923767789305,0.0,0.0,0.0,0.5386743314134593,0.5386743314134593,0.5386743314134593,1.813868137661302,1.813868137661302,1.813868137661302,-0.5663892247817613,-0.5663892247817613,-0.5663892247817613,0.1881037282099883,0.1881037282099883,0.1881037282099883,4.722966372251584,4.722966372251584,4.722966372251584,-1.0074528565502665,-1.0074528565502665,-1.0074528565502665,-7.167745655917955,-7.167745655917955,-7.167745655917955,0.0,0.0,0.0,54.034111439613945
312,2018-03-27 18:00:00,57.3088880030775,48.05331865922703,67.39643086277479,57.3088880030775,57.3088880030775,0.0,0.0,0.0,0.0,0.0,0.0,0.0,0.0,0.0,0.0,0.0,0.0,0.0,0.0,0.0,0.0,0.0,0.0,0.0,0.0,0.0,0.0,0.0,0.0,0.0,0.0,0.0,0.0,0.0,0.0,0.9213489569843527,0.9213489569843527,0.9213489569843527,6.316111839958823,6.316111839958823,6.316111839958823,-3.1927279433375455,-3.1927279433375455,-3.1927279433375455,-2.4974412995241937,-2.4974412995241937,-2.4974412995241937,-2.2330349782016667,-2.2330349782016667,-2.2330349782016667,0.0,0.0,0.0,0.5430266336201571,0.5430266336201571,0.5430266336201571,2.51142512670373,2.51142512670373,2.51142512670373,0.11989329884698147,0.11989329884698147,0.11989329884698147,0.4287094645878152,0.4287094645878152,0.4287094645878152,4.5265976399526915,4.5265976399526915,4.5265976399526915,-0.6747329017436652,-0.6747329017436652,-0.6747329017436652,-7.423919223402968,-7.423919223402968,-7.423919223402968,0.0,0.0,0.0,58.23023696006185
313,2018-03-27 19:00:00,57.30863087487772,48.94770392975623,69.08228439855257,57.30863087487772,57.30863087487772,0.0,0.0,0.0,0.0,0.0,0.0,0.0,0.0,0.0,0.0,0.0,0.0,0.0,0.0,0.0,0.0,0.0,0.0,0.0,0.0,0.0,0.0,0.0,0.0,0.0,0.0,0.0,0.0,0.0,0.0,2.026895067353763,2.026895067353763,2.026895067353763,6.615764296604561,6.615764296604561,6.615764296604561,-3.1927279433375455,-3.1927279433375455,-3.1927279433375455,-1.5637878671618761,-1.5637878671618761,-1.5637878671618761,-1.9457289778482043,-1.9457289778482043,-1.9457289778482043,0.0,0.0,0.0,0.6335098046676875,0.6335098046676875,0.6335098046676875,2.760288738428117,2.760288738428117,2.760288738428117,0.3052734384020203,0.3052734384020203,0.3052734384020203,0.700447328956417,0.700447328956417,0.700447328956417,4.403163442465256,4.403163442465256,4.403163442465256,-0.8248502564303669,-0.8248502564303669,-0.8248502564303669,-7.428244804554177,-7.428244804554177,-7.428244804554177,0.0,0.0,0.0,59.335525942231484
314,2018-03-27 20:00:00,57.30837374667795,46.18433885212928,65.94307870488144,57.30837374667795,57.30837374667795,0.0,0.0,0.0,0.0,0.0,0.0,0.0,0.0,0.0,0.0,0.0,0.0,0.0,0.0,0.0,0.0,0.0,0.0,0.0,0.0,0.0,0.0,0.0,0.0,0.0,0.0,0.0,0.0,0.0,0.0,-1.2446641358373745,-1.2446641358373745,-1.2446641358373745,4.748669793651314,4.748669793651314,4.748669793651314,-3.1927279433375455,-3.1927279433375455,-3.1927279433375455,-2.8434063084288725,-2.8434063084288725,-2.8434063084288725,-2.1869104172164886,-2.1869104172164886,-2.1869104172164886,0.0,0.0,0.0,0.7239929757152177,0.7239929757152177,0.7239929757152177,2.0638888837707996,2.0638888837707996,2.0638888837707996,0.32312485924806106,0.32312485924806106,0.32312485924806106,0.40071059055879554,0.40071059055879554,0.40071059055879554,4.282659020011309,4.282659020011309,4.282659020011309,-0.9754852571677125,-0.9754852571677125,-0.9754852571677125,-7.432586641071125,-7.432586641071125,-7.432586641071125,0.0,0.0,0.0,56.063709610840576
315,2018-03-27 21:00:00,57.308116618478174,41.34388329973219,61.371892681716126,57.308116618478174,57.308116618478174,0.0,0.0,0.0,0.0,0.0,0.0,0.0,0.0,0.0,0.0,0.0,0.0,0.0,0.0,0.0,0.0,0.0,0.0,0.0,0.0,0.0,0.0,0.0,0.0,0.0,0.0,0.0,0.0,0.0,0.0,-5.374392085032331,-5.374392085032331,-5.374392085032331,1.6364024413216471,1.6364024413216471,1.6364024413216471,-3.1927279433375455,-3.1927279433375455,-3.1927279433375455,-3.7401087380393085,-3.7401087380393085,-3.7401087380393085,-2.529788177793058,-2.529788177793058,-2.529788177793058,0.0,0.0,0.0,0.814476146762748,0.814476146762748,0.814476146762748,1.800386236062626,1.800386236062626,1.800386236062626,0.3258712316859135,0.3258712316859135,0.3258712316859135,0.11395883721811073,0.11395883721811073,0.11395883721811073,4.166258774906632,4.166258774906632,4.166258774906632,-1.0722850686381031,-1.0722850686381031,-1.0722850686381031,-7.436944563221302,-7.436944563221302,-7.436944563221302,0.0,0.0,0.0,51.93372453344584
316,2018-03-27 22:00:00,57.3078594902784,38.856972267194436,58.311135482537274,57.3078594902784,57.3078594902784,0.0,0.0,0.0,0.0,0.0,0.0,0.0,0.0,0.0,0.0,0.0,0.0,0.0,0.0,0.0,0.0,0.0,0.0,0.0,0.0,0.0,0.0,0.0,0.0,0.0,0.0,0.0,0.0,0.0,0.0,-9.41442316048718,-9.41442316048718,-9.41442316048718,-1.4761189424654235,-1.4761189424654235,-1.4761189424654235,-3.1927279433375455,-3.1927279433375455,-3.1927279433375455,-4.551973939928877,-4.551973939928877,-4.551973939928877,-2.7120635513248486,-2.7120635513248486,-2.7120635513248486,0.0,0.0,0.0,0.9049593178102785,0.9049593178102785,0.9049593178102785,1.3481445887063355,1.3481445887063355,1.3481445887063355,0.32678668916519765,0.32678668916519765,0.32678668916519765,-0.14547034339860315,-0.14547034339860315,-0.14547034339860315,4.054988121858089,4.054988121858089,4.054988121858089,-1.0816026975496913,-1.0816026975496913,-1.0816026975496913,-7.4413183999509664,-7.4413183999509664,-7.4413183999509664,0.0,0.0,0.0,47.89343632979122
317,2018-03-27 23:00:00,57.307602362078626,34.730193702666206,55.0940890820203,57.307602362078626,57.307602362078626,0.0,0.0,0.0,0.0,0.0,0.0,0.0,0.0,0.0,0.0,0.0,0.0,0.0,0.0,0.0,0.0,0.0,0.0,0.0,0.0,0.0,0.0,0.0,0.0,0.0,0.0,0.0,0.0,0.0,0.0,-12.457142829206473,-12.457142829206473,-12.457142829206473,-3.9098790499542395,-3.9098790499542395,-3.9098790499542395,-3.1927279433375455,-3.1927279433375455,-3.1927279433375455,-5.051273840566209,-5.051273840566209,-5.051273840566209,-2.795421191659509,-2.795421191659509,-2.795421191659509,0.0,0.0,0.0,0.9954424888578087,0.9954424888578087,0.9954424888578087,1.1515632483526184,1.1515632483526184,1.1515632483526184,0.32724441790483966,0.32724441790483966,0.32724441790483966,-0.39624286731069264,-0.39624286731069264,-0.39624286731069264,3.9497180402045506,3.9497180402045506,3.9497180402045506,-1.1411319933737283,-1.1411319933737283,-1.1411319933737283,-7.445707978890578,-7.445707978890578,-7.445707978890578,0.0,0.0,0.0,44.85045953287215
318,2018-03-28 00:00:00,57.307345233878856,31.787476948394186,51.820543181159756,57.307345233878856,57.307345233878856,0.0,0.0,0.0,0.0,0.0,0.0,0.0,0.0,0.0,0.0,0.0,0.0,0.0,0.0,0.0,0.0,0.0,0.0,0.0,0.0,0.0,0.0,0.0,0.0,0.0,0.0,0.0,0.0,0.0,0.0,-14.589151515799527,-14.589151515799527,-14.589151515799527,-5.733145519920789,-5.733145519920789,-5.733145519920789,-1.9165276719494821,-1.9165276719494821,-1.9165276719494821,-5.257054616585971,-5.257054616585971,-5.257054616585971,-2.802089802886282,-2.802089802886282,-2.802089802886282,0.0,0.0,0.0,0.00012760733497512518,0.00012760733497512518,0.00012760733497512518,0.9246581906039131,0.9246581906039131,0.9246581906039131,0.3286176041237659,0.3286176041237659,0.3286176041237659,-0.5797910415009329,-0.5797910415009329,-0.5797910415009329,3.851161747072603,3.851161747072603,3.851161747072603,-1.2120495023119287,-1.2120495023119287,-1.2120495023119287,-7.45011312636537,-7.45011312636537,-7.45011312636537,0.0,0.0,0.0,42.71819371807933
319,2018-03-28 01:00:00,57.307088105679085,30.202378315541058,49.87438750069076,57.307088105679085,57.307088105679085,0.0,0.0,0.0,0.0,0.0,0.0,0.0,0.0,0.0,0.0,0.0,0.0,0.0,0.0,0.0,0.0,0.0,0.0,0.0,0.0,0.0,0.0,0.0,0.0,0.0,0.0,0.0,0.0,0.0,0.0,-17.579365927418646,-17.579365927418646,-17.579365927418646,-7.206913151384447,-7.206913151384447,-7.206913151384447,-1.9165276719494821,-1.9165276719494821,-1.9165276719494821,-6.677792592746862,-6.677792592746862,-6.677792592746862,-2.9276819809905033,-2.9276819809905033,-2.9276819809905033,0.0,0.0,0.0,-0.9951872741878585,-0.9951872741878585,-0.9951872741878585,0.8551227696809228,0.8551227696809228,0.8551227696809228,0.3437226525319543,0.3437226525319543,0.3437226525319543,-0.67041541637747,-0.67041541637747,-0.67041541637747,3.7598734841109605,3.7598734841109605,3.7598734841109605,-1.3668256714544247,-1.3668256714544247,-1.3668256714544247,-7.454533667398297,-7.454533667398297,-7.454533667398297,0.0,0.0,0.0,39.727722178260436
320,2018-03-28 02:00:00,57.30683097747931,28.145472561642617,49.320323348021184,57.30683097747931,57.30683097747931,0.0,0.0,0.0,0.0,0.0,0.0,0.0,0.0,0.0,0.0,0.0,0.0,0.0,0.0,0.0,0.0,0.0,0.0,0.0,0.0,0.0,0.0,0.0,0.0,0.0,0.0,0.0,0.0,0.0,0.0,-18.551527766178804,-18.551527766178804,-18.551527766178804,-8.168549482698825,-8.168549482698825,-8.168549482698825,-1.9165276719494821,-1.9165276719494821,-1.9165276719494821,-6.600258241318931,-6.600258241318931,-6.600258241318931,-2.9226805225704235,-2.9226805225704235,-2.9226805225704235,0.0,0.0,0.0,-0.9047041031403282,-0.9047041031403282,-0.9047041031403282,0.8441434926930822,0.8441434926930822,0.8441434926930822,0.37530593556725717,0.37530593556725717,0.37530593556725717,-0.7120755767684752,-0.7120755767684752,-0.7120755767684752,3.6762493835578325,3.6762493835578325,3.6762493835578325,-1.3637197951505617,-1.3637197951505617,-1.3637197951505617,-7.458969425718882,-7.458969425718882,-7.458969425718882,0.0,0.0,0.0,38.7553032113005
321,2018-03-28 03:00:00,57.30657384927953,29.48132603484562,49.437606768936746,57.30657384927953,57.30657384927953,0.0,0.0,0.0,0.0,0.0,0.0,0.0,0.0,0.0,0.0,0.0,0.0,0.0,0.0,0.0,0.0,0.0,0.0,0.0,0.0,0.0,0.0,0.0,0.0,0.0,0.0,0.0,0.0,0.0,0.0,-18.071776407172006,-18.071776407172006,-18.071776407172006,-8.023462713165616,-8.023462713165616,-8.023462713165616,-1.9165276719494821,-1.9165276719494821,-1.9165276719494821,-6.185423823529081,-6.185423823529081,-6.185423823529081,-2.880445984800862,-2.880445984800862,-2.880445984800862,0.0,0.0,0.0,-0.8142209320927979,-0.8142209320927979,-0.8142209320927979,0.8807410826525508,0.8807410826525508,0.8807410826525508,0.4782949019867231,0.4782949019867231,0.4782949019867231,-0.6451217475686454,-0.6451217475686454,-0.6451217475686454,3.6005303532893542,3.6005303532893542,3.6005303532893542,-1.2881434717565672,-1.2881434717565672,-1.2881434717565672,-7.463420223766667,-7.463420223766667,-7.463420223766667,0.0,0.0,0.0,39.23479744210752
322,2018-03-28 04:00:00,57.30631672107975,32.41702971743432,51.8908650329194,57.30631672107975,57.30631672107975,0.0,0.0,0.0,0.0,0.0,0.0,0.0,0.0,0.0,0.0,0.0,0.0,0.0,0.0,0.0,0.0,0.0,0.0,0.0,0.0,0.0,0.0,0.0,0.0,0.0,0.0,0.0,0.0,0.0,0.0,-15.370921569646255,-15.370921569646255,-15.370921569646255,-6.3453444814617415,-6.3453444814617415,-6.3453444814617415,-1.9165276719494821,-1.9165276719494821,-1.9165276719494821,-5.090498101106045,-5.090498101106045,-5.090498101106045,-2.8154270253398272,-2.8154270253398272,-2.8154270253398272,0.0,0.0,0.0,-0.7237377610452675,-0.7237377610452675,-0.7237377610452675,1.3957214556536446,1.3957214556536446,1.3957214556536446,0.541461468057329,0.541461468057329,0.541461468057329,-0.34078616029669223,-0.34078616029669223,-0.34078616029669223,3.5328068956244976,3.5328068956244976,3.5328068956244976,-1.2312024061857492,-1.2312024061857492,-1.2312024061857492,-7.467885882702968,-7.467885882702968,-7.467885882702968,0.0,0.0,0.0,41.9353951514335
323,2018-03-28 05:00:00,57.30605959287998,36.130055538267214,56.73689438990904,57.30605959287998,57.30605959287998,0.0,0.0,0.0,0.0,0.0,0.0,0.0,0.0,0.0,0.0,0.0,0.0,0.0,0.0,0.0,0.0,0.0,0.0,0.0,0.0,0.0,0.0,0.0,0.0,0.0,0.0,0.0,0.0,0.0,0.0,-10.81216570835481,-10.81216570835481,-10.81216570835481,-3.4456477608579448,-3.4456477608579448,-3.4456477608579448,-1.9165276719494821,-1.9165276719494821,-1.9165276719494821,-3.367177475645491,-3.367177475645491,-3.367177475645491,-2.33862132262557,-2.33862132262557,-2.33862132262557,0.0,0.0,0.0,-0.6332545899977373,-0.6332545899977373,-0.6332545899977373,2.042453152508825,2.042453152508825,2.042453152508825,0.5565665164655174,0.5565665164655174,0.5565665164655174,0.12545595940394008,0.12545595940394008,0.12545595940394008,3.4730257505617295,3.4730257505617295,3.4730257505617295,-1.2032495194509842,-1.2032495194509842,-1.2032495194509842,-7.472366222413102,-7.472366222413102,-7.472366222413102,0.0,0.0,0.0,46.49389388452517
324,2018-03-28 06:00:00,57.30580246468021,40.570191556690595,60.77875874852839,57.30580246468021,57.30580246468021,0.0,0.0,0.0,0.0,0.0,0.0,0.0,0.0,0.0,0.0,0.0,0.0,0.0,0.0,0.0,0.0,0.0,0.0,0.0,0.0,0.0,0.0,0.0,0.0,0.0,0.0,0.0,0.0,0.0,0.0,-6.439497052820228,-6.439497052820228,-6.439497052820228,-0.3033085759995403,-0.3033085759995403,-0.3033085759995403,-1.9165276719494821,-1.9165276719494821,-1.9165276719494821,-2.080325647642205,-2.080325647642205,-2.080325647642205,-2.017972266138243,-2.017972266138243,-2.017972266138243,0.0,0.0,0.0,-0.5427714189502069,-0.5427714189502069,-0.5427714189502069,2.6165124921587757,2.6165124921587757,2.6165124921587757,0.4613589386199666,0.4613589386199666,0.4613589386199666,0.3939475775083077,0.3939475775083077,0.3939475775083077,3.420998232340225,3.420998232340225,3.420998232340225,-1.0748732988913219,-1.0748732988913219,-1.0748732988913219,-7.47686106151871,-7.47686106151871,-7.47686106151871,0.0,0.0,0.0,50.86630541185998
325,2018-03-28 07:00:00,57.305545336480435,43.83861226894672,63.63555803653859,57.305545336480435,57.305545336480435,0.0,0.0,0.0,0.0,0.0,0.0,0.0,0.0,0.0,0.0,0.0,0.0,0.0,0.0,0.0,0.0,0.0,0.0,0.0,0.0,0.0,0.0,0.0,0.0,0.0,0.0,0.0,0.0,0.0,0.0,-3.295389123384052,-3.295389123384052,-3.295389123384052,2.1032029710024904,2.1032029710024904,2.1032029710024904,-1.9165276719494821,-1.9165276719494821,-1.9165276719494821,-1.293631984966784,-1.293631984966784,-1.293631984966784,-1.8684842311380856,-1.8684842311380856,-1.8684842311380856,0.0,0.0,0.0,-0.4522882479026765,-0.4522882479026765,-0.4522882479026765,3.042613003829732,3.042613003829732,3.042613003829732,-0.09523920878479197,-0.09523920878479197,-0.09523920878479197,0.6156391453032993,0.6156391453032993,0.6156391453032993,3.376410107957783,3.376410107957783,3.376410107957783,-0.6193447743247786,-0.6193447743247786,-0.6193447743247786,-7.481370217377542,-7.481370217377542,-7.481370217377542,0.0,0.0,0.0,54.01015621309638
326,2018-03-28 08:00:00,57.30528820828066,44.889661979888615,64.28283663084694,57.30528820828066,57.30528820828066,0.0,0.0,0.0,0.0,0.0,0.0,0.0,0.0,0.0,0.0,0.0,0.0,0.0,0.0,0.0,0.0,0.0,0.0,0.0,0.0,0.0,0.0,0.0,0.0,0.0,0.0,0.0,0.0,0.0,0.0,-2.883561054279111,-2.883561054279111,-2.883561054279111,3.4217031084173977,3.4217031084173977,3.4217031084173977,-1.9165276719494821,-1.9165276719494821,-1.9165276719494821,-2.1582035049852775,-2.1582035049852775,-2.1582035049852775,-1.7101047145022312,-1.7101047145022312,-1.7101047145022312,0.0,0.0,0.0,-0.3618050768551462,-0.3618050768551462,-0.3618050768551462,2.515084885699677,2.515084885699677,2.515084885699677,-1.0720323391809718,-1.0720323391809718,-1.0720323391809718,0.6410680743731337,0.6410680743731337,0.6410680743731337,3.3388328483856142,3.3388328483856142,3.3388328483856142,-0.2538866625702564,-0.2538866625702564,-0.2538866625702564,-7.485893506096846,-7.485893506096846,-7.485893506096846,0.0,0.0,0.0,54.421727154001545
327,2018-03-28 09:00:00,57.30503108008089,43.25624115785257,63.139342598470286,57.30503108008089,57.30503108008089,0.0,0.0,0.0,0.0,0.0,0.0,0.0,0.0,0.0,0.0,0.0,0.0,0.0,0.0,0.0,0.0,0.0,0.0,0.0,0.0,0.0,0.0,0.0,0.0,0.0,0.0,0.0,0.0,0.0,0.0,-3.7546091669595985,-3.7546091669595985,-3.7546091669595985,3.932682294811945,3.932682294811945,3.932682294811945,-1.9165276719494821,-1.9165276719494821,-1.9165276719494821,-3.504596786509345,-3.504596786509345,-3.504596786509345,-2.153567361082624,-2.153567361082624,-2.153567361082624,0.0,0.0,0.0,-0.2713219058076159,-0.2713219058076159,-0.2713219058076159,2.2338062657254754,2.2338062657254754,2.2338062657254754,-1.6725724455913693,-1.6725724455913693,-1.6725724455913693,0.6221316378317677,0.6221316378317677,0.6221316378317677,3.3077360672760143,3.3077360672760143,3.3077360672760143,-0.34654530563549646,-0.34654530563549646,-0.34654530563549646,-7.490430742538214,-7.490430742538214,-7.490430742538214,0.0,0.0,0.0,53.55042191312129
328,2018-03-28 10:00:00,57.30477395188112,43.3818766257688,62.022414839755925,57.30477395188112,57.30477395188112,0.0,0.0,0.0,0.0,0.0,0.0,0.0,0.0,0.0,0.0,0.0,0.0,0.0,0.0,0.0,0.0,0.0,0.0,0.0,0.0,0.0,0.0,0.0,0.0,0.0,0.0,0.0,0.0,0.0,0.0,-4.650307285239083,-4.650307285239083,-4.650307285239083,4.006752906709106,4.006752906709106,4.006752906709106,-1.9165276719494821,-1.9165276719494821,-1.9165276719494821,-4.444579401172411,-4.444579401172411,-4.444579401172411,-2.4742164175699513,-2.4742164175699513,-2.4742164175699513,0.0,0.0,0.0,-0.18083873476008552,-0.18083873476008552,-0.18083873476008552,2.0821876787505342,2.0821876787505342,2.0821876787505342,-1.8167569985786216,-1.8167569985786216,-1.8167569985786216,0.5616703011604063,0.5616703011604063,0.5616703011604063,3.282500949548377,3.282500949548377,3.282500949548377,-0.7000975582252114,-0.7000975582252114,-0.7000975582252114,-7.494981740324155,-7.494981740324155,-7.494981740324155,0.0,0.0,0.0,52.65446666664204
329,2018-03-28 11:00:00,57.30451682368134,41.04981222995584,61.04449123393403,57.30451682368134,57.30451682368134,0.0,0.0,0.0,0.0,0.0,0.0,0.0,0.0,0.0,0.0,0.0,0.0,0.0,0.0,0.0,0.0,0.0,0.0,0.0,0.0,0.0,0.0,0.0,0.0,0.0,0.0,0.0,0.0,0.0,0.0,-6.2169649735160855,-6.2169649735160855,-6.2169649735160855,3.6424990464789664,3.6424990464789664,3.6424990464789664,-1.9165276719494821,-1.9165276719494821,-1.9165276719494821,-5.622352169426809,-5.622352169426809,-5.622352169426809,-2.62426017017234,-2.62426017017234,-2.62426017017234,0.0,0.0,0.0,-0.0903555637125552,-0.0903555637125552,-0.0903555637125552,1.5384520564955724,1.5384520564955724,1.5384520564955724,-1.8817544796077958,-1.8817544796077958,-1.8817544796077958,0.505131512058328,0.505131512058328,0.505131512058328,3.2624344612782563,3.2624344612782563,3.2624344612782563,-1.1530378525385356,-1.1530378525385356,-1.1530378525385356,-7.4995463118464984,-7.4995463118464984,-7.4995463118464984,0.0,0.0,0.0,51.087551850165255
330,2018-03-28 12:00:00,57.30425969548156,39.485730202699074,59.78652625402138,57.30425969548156,57.30425969548156,0.0,0.0,0.0,0.0,0.0,0.0,0.0,0.0,0.0,0.0,0.0,0.0,0.0,0.0,0.0,0.0,0.0,0.0,0.0,0.0,0.0,0.0,0.0,0.0,0.0,0.0,0.0,0.0,0.0,0.0,-7.656122813409494,-7.656122813409494,-7.656122813409494,2.602844784029657,2.602844784029657,2.602844784029657,-1.9165276719494821,-1.9165276719494821,-1.9165276719494821,-6.001627454441139,-6.001627454441139,-6.001627454441139,-2.7765267931836526,-2.7765267931836526,-2.7765267931836526,0.0,0.0,0.0,0.00012760733497512518,0.00012760733497512518,0.00012760733497512518,1.3972899237947647,1.3972899237947647,1.3972899237947647,-1.889993596921353,-1.889993596921353,-1.889993596921353,0.37379379861785395,0.37379379861785395,0.37379379861785395,3.2467841252762457,3.2467841252762457,3.2467841252762457,-1.1897907221342452,-1.1897907221342452,-1.1897907221342452,-7.504124268274257,-7.504124268274257,-7.504124268274257,0.0,0.0,0.0,49.648136882072066
331,2018-03-28 13:00:00,57.30400256728179,37.6282020452814,57.7488942425379,57.30400256728179,57.30400256728179,0.0,0.0,0.0,0.0,0.0,0.0,0.0,0.0,0.0,0.0,0.0,0.0,0.0,0.0,0.0,0.0,0.0,0.0,0.0,0.0,0.0,0.0,0.0,0.0,0.0,0.0,0.0,0.0,0.0,0.0,-9.33939101235487,-9.33939101235487,-9.33939101235487,0.9973840854396687,0.9973840854396687,0.9973840854396687,-1.9165276719494821,-1.9165276719494821,-1.9165276719494821,-6.062812820404006,-6.062812820404006,-6.062812820404006,-2.942130638648511,-2.942130638648511,-2.942130638648511,0.0,0.0,0.0,0.09061077838250545,0.09061077838250545,0.09061077838250545,1.3695803199683096,1.3695803199683096,1.3695803199683096,-1.838727978081441,-1.838727978081441,-1.838727978081441,0.24407920830949695,0.24407920830949695,0.24407920830949695,3.234753142169439,3.234753142169439,3.234753142169439,-1.069696838384884,-1.069696838384884,-1.069696838384884,-7.508715419559973,-7.508715419559973,-7.508715419559973,0.0,0.0,0.0,47.96461155492692
332,2018-03-28 14:00:00,57.303745439082014,36.34555411430163,56.763686256613965,57.303745439082014,57.303745439082014,0.0,0.0,0.0,0.0,0.0,0.0,0.0,0.0,0.0,0.0,0.0,0.0,0.0,0.0,0.0,0.0,0.0,0.0,0.0,0.0,0.0,0.0,0.0,0.0,0.0,0.0,0.0,0.0,0.0,0.0,-10.653324981376578,-10.653324981376578,-10.653324981376578,-0.3748877454835164,-0.3748877454835164,-0.3748877454835164,-1.9165276719494821,-1.9165276719494821,-1.9165276719494821,-5.990633296306473,-5.990633296306473,-5.990633296306473,-3.0021481396894667,-3.0021481396894667,-3.0021481396894667,0.0,0.0,0.0,0.1810939494300358,0.1810939494300358,0.1810939494300358,1.3774226606739102,1.3774226606739102,1.3774226606739102,-1.7105639309816612,-1.7105639309816612,-1.7105639309816612,0.16738664031696474,0.16738664031696474,0.16738664031696474,3.2255156348596703,3.2255156348596703,3.2255156348596703,-1.087296804106773,-1.087296804106773,-1.087296804106773,-7.513319574446259,-7.513319574446259,-7.513319574446259,0.0,0.0,0.0,46.65042045770544
333,2018-03-28 15:00:00,57.303488310882244,36.34970739248667,56.70313001184772,57.303488310882244,57.303488310882244,0.0,0.0,0.0,0.0,0.0,0.0,0.0,0.0,0.0,0.0,0.0,0.0,0.0,0.0,0.0,0.0,0.0,0.0,0.0,0.0,0.0,0.0,0.0,0.0,0.0,0.0,0.0,0.0,0.0,0.0,-10.367137766087707,-10.367137766087707,-10.367137766087707,-0.4281245508364394,-0.4281245508364394,-0.4281245508364394,-1.9165276719494821,-1.9165276719494821,-1.9165276719494821,-5.6393084710174355,-5.6393084710174355,-5.6393084710174355,-2.999925269280542,-2.999925269280542,-2.999925269280542,0.0,0.0,0.0,0.2715771204775661,0.2715771204775661,0.2715771204775661,1.4725763945685286,1.4725763945685286,1.4725763945685286,-1.451947193083891,-1.451947193083891,-1.451947193083891,0.11571722061123758,0.11571722061123758,0.11571722061123758,3.2182317962446034,3.2182317962446034,3.2182317962446034,-1.1307790723608522,-1.1307790723608522,-1.1307790723608522,-7.517936540478437,-7.517936540478437,-7.517936540478437,0.0,0.0,0.0,46.936350544794536
334,2018-03-28 16:00:00,57.30323118268247,39.567862928171564,58.91876281377921,57.30323118268247,57.30323118268247,0.0,0.0,0.0,0.0,0.0,0.0,0.0,0.0,0.0,0.0,0.0,0.0,0.0,0.0,0.0,0.0,0.0,0.0,0.0,0.0,0.0,0.0,0.0,0.0,0.0,0.0,0.0,0.0,0.0,0.0,-7.821058839132306,-7.821058839132306,-7.821058839132306,1.3052723156119432,1.3052723156119432,1.3052723156119432,-1.9165276719494821,-1.9165276719494821,-1.9165276719494821,-4.815827754538482,-4.815827754538482,-4.815827754538482,-2.926570545786041,-2.926570545786041,-2.926570545786041,0.0,0.0,0.0,0.36206029152509644,0.36206029152509644,0.36206029152509644,1.7240541198614487,1.7240541198614487,1.7240541198614487,-1.022139906559986,-1.022139906559986,-1.022139906559986,0.025228105995710154,0.025228105995710154,0.025228105995710154,3.212062723799953,3.212062723799953,3.212062723799953,-1.061932147625227,-1.061932147625227,-1.061932147625227,-7.52256612400572,-7.52256612400572,-7.52256612400572,0.0,0.0,0.0,49.48217234355016
335,2018-03-28 17:00:00,57.302974054482696,43.53821446543034,62.723003755077244,57.302974054482696,57.302974054482696,0.0,0.0,0.0,0.0,0.0,0.0,0.0,0.0,0.0,0.0,0.0,0.0,0.0,0.0,0.0,0.0,0.0,0.0,0.0,0.0,0.0,0.0,0.0,0.0,0.0,0.0,0.0,0.0,0.0,0.0,-3.711653593329835,-3.711653593329835,-3.711653593329835,4.08609209050568,4.08609209050568,4.08609209050568,-1.9165276719494821,-1.9165276719494821,-1.9165276719494821,-3.4767222858128397,-3.4767222858128397,-3.4767222858128397,-2.716509292142697,-2.716509292142697,-2.716509292142697,0.0,0.0,0.0,0.4525434625726268,0.4525434625726268,0.4525434625726268,1.9331832053441265,1.9331832053441265,1.9331832053441265,-0.33554679709687935,-0.33554679709687935,-0.33554679709687935,0.03347898191730533,0.03347898191730533,0.03347898191730533,3.206184732169538,3.206184732169538,3.206184732169538,-0.9273441744578391,-0.9273441744578391,-0.9273441744578391,-7.5272081301922125,-7.5272081301922125,-7.5272081301922125,0.0,0.0,0.0,53.59132046115286
336,2018-03-28 18:00:00,57.26486633802966,47.818540405875204,68.32917847954357,57.26486633802966,57.26486633802966,0.0,0.0,0.0,0.0,0.0,0.0,0.0,0.0,0.0,0.0,0.0,0.0,0.0,0.0,0.0,0.0,0.0,0.0,0.0,0.0,0.0,0.0,0.0,0.0,0.0,0.0,0.0,0.0,0.0,0.0,0.5347443602888531,0.5347443602888531,0.5347443602888531,6.2862951359868395,6.2862951359868395,6.2862951359868395,-1.6675589382397509,-1.6675589382397509,-1.6675589382397509,-1.6470659249000734,-1.6470659249000734,-1.6470659249000734,-2.665260019440753,-2.665260019440753,-2.665260019440753,0.0,0.0,0.0,0.5347812372890921,0.5347812372890921,0.5347812372890921,2.4669093188197104,2.4669093188197104,2.4669093188197104,0.17866555171600684,0.17866555171600684,0.17866555171600684,0.221338071771799,0.221338071771799,0.221338071771799,3.0237073491342894,3.0237073491342894,3.0237073491342894,-0.7159411468161778,-0.7159411468161778,-0.7159411468161778,-7.128192199932202,-7.128192199932202,-7.128192199932202,0.0,0.0,0.0,57.79961069831852
337,2018-03-28 19:00:00,57.26461340093206,49.167000196845066,69.47063541219333,57.26461340093206,57.26461340093206,0.0,0.0,0.0,0.0,0.0,0.0,0.0,0.0,0.0,0.0,0.0,0.0,0.0,0.0,0.0,0.0,0.0,0.0,0.0,0.0,0.0,0.0,0.0,0.0,0.0,0.0,0.0,0.0,0.0,0.0,1.6627872394840304,1.6627872394840304,1.6627872394840304,6.586140409629904,6.586140409629904,6.586140409629904,-1.6675589382397509,-1.6675589382397509,-1.6675589382397509,-0.8109475891347399,-0.8109475891347399,-0.8109475891347399,-2.5872346723960247,-2.5872346723960247,-2.5872346723960247,0.0,0.0,0.0,0.6238905162534472,0.6238905162534472,0.6238905162534472,2.741987056038811,2.741987056038811,2.741987056038811,0.30364944235666413,0.30364944235666413,0.30364944235666413,0.4302946320521618,0.4302946320521618,0.4302946320521618,3.0202892558476235,3.0202892558476235,3.0202892558476235,-0.6559756252000478,-0.6559756252000478,-0.6559756252000478,-7.132694836858757,-7.132694836858757,-7.132694836858757,0.0,0.0,0.0,58.927400640416096
338,2018-03-28 20:00:00,57.264360463834464,46.334886227497684,66.38313885755352,57.264360463834464,57.264360463834464,0.0,0.0,0.0,0.0,0.0,0.0,0.0,0.0,0.0,0.0,0.0,0.0,0.0,0.0,0.0,0.0,0.0,0.0,0.0,0.0,0.0,0.0,0.0,0.0,0.0,0.0,0.0,0.0,0.0,0.0,-1.1712543236503135,-1.1712543236503135,-1.1712543236503135,4.716873621349827,4.716873621349827,4.716873621349827,-1.6675589382397509,-1.6675589382397509,-1.6675589382397509,-1.7654981273141743,-1.7654981273141743,-1.7654981273141743,-2.636484714147662,-2.636484714147662,-2.636484714147662,0.0,0.0,0.0,0.7129997952178023,0.7129997952178023,0.7129997952178023,2.22486256973125,2.22486256973125,2.22486256973125,0.31319682289171435,0.31319682289171435,0.31319682289171435,0.15689856479501618,0.15689856479501618,0.15689856479501618,3.014580701554427,3.014580701554427,3.014580701554427,-0.8694122275625445,-0.8694122275625445,-0.8694122275625445,-7.1372105192403925,-7.1372105192403925,-7.1372105192403925,0.0,0.0,0.0,56.09310614018415
339,2018-03-28 21:00:00,57.26410752673687,42.84921838894648,62.73965595477987,57.26410752673687,57.26410752673687,0.0,0.0,0.0,0.0,0.0,0.0,0.0,0.0,0.0,0.0,0.0,0.0,0.0,0.0,0.0,0.0,0.0,0.0,0.0,0.0,0.0,0.0,0.0,0.0,0.0,0.0,0.0,0.0,0.0,0.0,-4.535632323462627,-4.535632323462627,-4.535632323462627,1.6101358924212148,1.6101358924212148,1.6101358924212148,-1.6675589382397509,-1.6675589382397509,-1.6675589382397509,-2.010036258256327,-2.010036258256327,-2.010036258256327,-2.489287960148388,-2.489287960148388,-2.489287960148388,0.0,0.0,0.0,0.8021090741821573,0.8021090741821573,0.8021090741821573,2.092197125599991,2.092197125599991,2.092197125599991,0.3144987384192212,0.3144987384192212,0.3144987384192212,-0.09196195796469325,-0.09196195796469325,-0.09196195796469325,3.0060070962689958,3.0060070962689958,3.0060070962689958,-0.9700323401048643,-0.9700323401048643,-0.9700323401048643,-7.141739053896511,-7.141739053896511,-7.141739053896511,0.0,0.0,0.0,52.72847520327424
340,2018-03-28 22:00:00,57.26385458963927,39.428972164877194,58.989632680558856,57.26385458963927,57.26385458963927,0.0,0.0,0.0,0.0,0.0,0.0,0.0,0.0,0.0,0.0,0.0,0.0,0.0,0.0,0.0,0.0,0.0,0.0,0.0,0.0,0.0,0.0,0.0,0.0,0.0,0.0,0.0,0.0,0.0,0.0,-7.868830757567428,-7.868830757567428,-7.868830757567428,-1.4816956769171807,-1.4816956769171807,-1.4816956769171807,-1.6675589382397509,-1.6675589382397509,-1.6675589382397509,-2.234923949329818,-2.234923949329818,-2.234923949329818,-2.5905548999298436,-2.5905548999298436,-2.5905548999298436,0.0,0.0,0.0,0.8912183531465124,0.8912183531465124,0.8912183531465124,2.0856992262956027,2.0856992262956027,2.0856992262956027,0.31623462578923034,0.31623462578923034,0.31623462578923034,-0.3344863785739659,-0.3344863785739659,-0.3344863785739659,2.994069115139575,2.994069115139575,2.994069115139575,-0.9354759378176031,-0.9354759378176031,-0.9354759378176031,-7.146280246460004,-7.146280246460004,-7.146280246460004,0.0,0.0,0.0,49.39502383207184
341,2018-03-28 23:00:00,57.263601652541674,37.18703227209986,57.07295892017347,57.263601652541674,57.263601652541674,0.0,0.0,0.0,0.0,0.0,0.0,0.0,0.0,0.0,0.0,0.0,0.0,0.0,0.0,0.0,0.0,0.0,0.0,0.0,0.0,0.0,0.0,0.0,0.0,0.0,0.0,0.0,0.0,0.0,0.0,-10.308385514767673,-10.308385514767673,-10.308385514767673,-3.882410766804783,-3.882410766804783,-3.882410766804783,-1.6675589382397509,-1.6675589382397509,-1.6675589382397509,-2.25348995971586,-2.25348995971586,-2.25348995971586,-2.6386981991702076,-2.6386981991702076,-2.6386981991702076,0.0,0.0,0.0,0.9803276321108674,0.9803276321108674,0.9803276321108674,1.993104161208071,1.993104161208071,1.993104161208071,0.34531073923688327,0.34531073923688327,0.34531073923688327,-0.5917051637448898,-0.5917051637448898,-0.5917051637448898,2.9783491131404047,2.9783491131404047,2.9783491131404047,-0.6742701911168333,-0.6742701911168333,-0.6742701911168333,-7.150833901387435,-7.150833901387435,-7.150833901387435,0.0,0.0,0.0,46.955216137774
342,2018-03-29 00:00:00,57.26334871544408,35.641915517991244,55.22724585918778,57.26334871544408,57.26334871544408,0.0,0.0,0.0,0.0,0.0,0.0,0.0,0.0,0.0,0.0,0.0,0.0,0.0,0.0,0.0,0.0,0.0,0.0,0.0,0.0,0.0,0.0,0.0,0.0,0.0,0.0,0.0,0.0,0.0,0.0,-12.265752677658766,-12.265752677658766,-12.265752677658766,-5.672377983979617,-5.672377983979617,-5.672377983979617,-0.5560487574420658,-0.5560487574420658,-0.5560487574420658,-2.3964908397123437,-2.3964908397123437,-2.3964908397123437,-2.6597263068843895,-2.6597263068843895,-2.6597263068843895,0.0,0.0,0.0,0.0001255635029617573,0.0001255635029617573,0.0001255635029617573,1.7748830429023674,1.7748830429023674,1.7748830429023674,0.42125581167478265,0.42125581167478265,0.42125581167478265,-0.7697900773773797,-0.7697900773773797,-0.7697900773773797,2.9585159680011945,2.9585159680011945,2.9585159680011945,-0.6071901160886201,-0.6071901160886201,-0.6071901160886201,-7.155399821967999,-7.155399821967999,-7.155399821967999,0.0,0.0,0.0,44.997596037785314
343,2018-03-29 01:00:00,57.26309577834649,32.10441148440123,52.27166407260692,57.26309577834649,57.26309577834649,0.0,0.0,0.0,0.0,0.0,0.0,0.0,0.0,0.0,0.0,0.0,0.0,0.0,0.0,0.0,0.0,0.0,0.0,0.0,0.0,0.0,0.0,0.0,0.0,0.0,0.0,0.0,0.0,0.0,0.0,-14.905673094434233,-14.905673094434233,-14.905673094434233,-7.124933894238949,-7.124933894238949,-7.124933894238949,-0.5560487574420658,-0.5560487574420658,-0.5560487574420658,-3.5550896876573304,-3.5550896876573304,-3.5550896876573304,-2.492608187682206,-2.492608187682206,-2.492608187682206,0.0,0.0,0.0,-0.9800765051049437,-0.9800765051049437,-0.9800765051049437,1.4185815643784145,1.4185815643784145,1.4185815643784145,0.4650869677675132,0.4650869677675132,0.4650869677675132,-0.8516201625968506,-0.8516201625968506,-0.8516201625968506,2.9343282977912595,2.9343282977912595,2.9343282977912595,-0.5584046069771923,-0.5584046069771923,-0.5584046069771923,-7.159977810329215,-7.159977810329215,-7.159977810329215,0.0,0.0,0.0,42.357422683912255
344,2018-03-29 02:00:00,57.26284284124889,30.599173657562794,50.82383723456169,57.26284284124889,57.26284284124889,0.0,0.0,0.0,0.0,0.0,0.0,0.0,0.0,0.0,0.0,0.0,0.0,0.0,0.0,0.0,0.0,0.0,0.0,0.0,0.0,0.0,0.0,0.0,0.0,0.0,0.0,0.0,0.0,0.0,0.0,-16.416202333591983,-16.416202333591983,-16.416202333591983,-8.08112432035937,-8.08112432035937,-8.08112432035937,-0.5560487574420658,-0.5560487574420658,-0.5560487574420658,-4.0761463691929185,-4.0761463691929185,-4.0761463691929185,-2.680201043342935,-2.680201043342935,-2.680201043342935,0.0,0.0,0.0,-0.8909672261405888,-0.8909672261405888,-0.8909672261405888,1.226893534898963,1.226893534898963,1.226893534898963,0.5210693354503076,0.5210693354503076,0.5210693354503076,-0.919969179411137,-0.919969179411137,-0.919969179411137,2.905636023407159,2.905636023407159,2.905636023407159,-0.7769230332054626,-0.7769230332054626,-0.7769230332054626,-7.164567667446851,-7.164567667446851,-7.164567667446851,0.0,0.0,0.0,40.84664050765691
345,2018-03-29 03:00:00,57.26258990415129,30.23709320465961,51.526548704507626,57.26258990415129,57.26258990415129,0.0,0.0,0.0,0.0,0.0,0.0,0.0,0.0,0.0,0.0,0.0,0.0,0.0,0.0,0.0,0.0,0.0,0.0,0.0,0.0,0.0,0.0,0.0,0.0,0.0,0.0,0.0,0.0,0.0,0.0,-16.509528059743676,-16.509528059743676,-16.509528059743676,-7.940645095817691,-7.940645095817691,-7.940645095817691,-0.5560487574420658,-0.5560487574420658,-0.5560487574420658,-4.272094041224192,-4.272094041224192,-4.272094041224192,-2.7897685519589355,-2.7897685519589355,-2.7897685519589355,0.0,0.0,0.0,-0.8018579471762337,-0.8018579471762337,-0.8018579471762337,1.1765348152899544,1.1765348152899544,1.1765348152899544,0.5332205470403716,0.5332205470403716,0.5332205470403716,-0.9190255046227742,-0.9190255046227742,-0.9190255046227742,2.8723802704510617,2.8723802704510617,2.8723802704510617,-0.915148642354508,-0.915148642354508,-0.915148642354508,-7.169169193152852,-7.169169193152852,-7.169169193152852,0.0,0.0,0.0,40.75306184440761
346,2018-03-29 04:00:00,57.26233696705369,32.27707878569345,52.15433870420418,57.26233696705369,57.26233696705369,0.0,0.0,0.0,0.0,0.0,0.0,0.0,0.0,0.0,0.0,0.0,0.0,0.0,0.0,0.0,0.0,0.0,0.0,0.0,0.0,0.0,0.0,0.0,0.0,0.0,0.0,0.0,0.0,0.0,0.0,-14.533887006996137,-14.533887006996137,-14.533887006996137,-6.269616325186008,-6.269616325186008,-6.269616325186008,-0.5560487574420658,-0.5560487574420658,-0.5560487574420658,-3.9250801248967044,-3.9250801248967044,-3.9250801248967044,-2.7205971450043895,-2.7205971450043895,-2.7205971450043895,0.0,0.0,0.0,-0.7127486682118788,-0.7127486682118788,-0.7127486682118788,1.3178641251603977,1.3178641251603977,1.3178641251603977,0.5609947449605176,0.5609947449605176,0.5609947449605176,-0.7855629274114456,-0.7855629274114456,-0.7855629274114456,2.834591629229446,2.834591629229446,2.834591629229446,-1.0289814969478395,-1.0289814969478395,-1.0289814969478395,-7.17378218614287,-7.17378218614287,-7.17378218614287,0.0,0.0,0.0,42.72844996005755
347,2018-03-29 05:00:00,57.26208402995609,35.32543366193314,55.3037285801596,57.26208402995609,57.26208402995609,0.0,0.0,0.0,0.0,0.0,0.0,0.0,0.0,0.0,0.0,0.0,0.0,0.0,0.0,0.0,0.0,0.0,0.0,0.0,0.0,0.0,0.0,0.0,0.0,0.0,0.0,0.0,0.0,0.0,0.0,-11.55079922649344,-11.55079922649344,-11.55079922649344,-3.3780535664119706,-3.3780535664119706,-3.3780535664119706,-0.5560487574420658,-0.5560487574420658,-0.5560487574420658,-3.7867260313919355,-3.7867260313919355,-3.7867260313919355,-2.7460522227636623,-2.7460522227636623,-2.7460522227636623,0.0,0.0,0.0,-0.6236393892475236,-0.6236393892475236,-0.6236393892475236,1.2431382831599334,1.2431382831599334,1.2431382831599334,0.5670703507555496,0.5670703507555496,0.5670703507555496,-0.586312736382816,-0.586312736382816,-0.586312736382816,2.7923868152974527,2.7923868152974527,2.7923868152974527,-1.0848815594713506,-1.0848815594713506,-1.0848815594713506,-7.178406443986987,-7.178406443986987,-7.178406443986987,0.0,0.0,0.0,45.711284803462654
348,2018-03-29 06:00:00,57.26183109285851,38.934281504001625,59.686427035327604,57.26183109285851,57.26183109285851,0.0,0.0,0.0,0.0,0.0,0.0,0.0,0.0,0.0,0.0,0.0,0.0,0.0,0.0,0.0,0.0,0.0,0.0,0.0,0.0,0.0,0.0,0.0,0.0,0.0,0.0,0.0,0.0,0.0,0.0,-7.920864036880531,-7.920864036880531,-7.920864036880531,-0.250138880112251,-0.250138880112251,-0.250138880112251,-0.5560487574420658,-0.5560487574420658,-0.5560487574420658,-3.2336471898797208,-3.2336471898797208,-3.2336471898797208,-2.7283443425832994,-2.7283443425832994,-2.7283443425832994,0.0,0.0,0.0,-0.5345301102831685,-0.5345301102831685,-0.5345301102831685,1.498722322465869,1.498722322465869,1.498722322465869,0.5015406025377049,0.5015406025377049,0.5015406025377049,-0.48560915539608634,-0.48560915539608634,-0.48560915539608634,2.745963796247299,2.745963796247299,2.745963796247299,-0.9293777491786744,-0.9293777491786744,-0.9293777491786744,-7.183041763135859,-7.183041763135859,-7.183041763135859,0.0,0.0,0.0,49.34096705597798
349,2018-03-29 07:00:00,57.26157815576091,42.4581578286843,62.249000622888445,57.26157815576091,57.26157815576091,0.0,0.0,0.0,0.0,0.0,0.0,0.0,0.0,0.0,0.0,0.0,0.0,0.0,0.0,0.0,0.0,0.0,0.0,0.0,0.0,0.0,0.0,0.0,0.0,0.0,0.0,0.0,0.0,0.0,0.0,-5.093303421393141,-5.093303421393141,-5.093303421393141,2.1308713973131628,2.1308713973131628,2.1308713973131628,-0.5560487574420658,-0.5560487574420658,-0.5560487574420658,-2.7320823525232547,-2.7320823525232547,-2.7320823525232547,-3.0266114493713014,-3.0266114493713014,-3.0266114493713014,0.0,0.0,0.0,-0.4454208313188135,-0.4454208313188135,-0.4454208313188135,2.123062147295835,2.123062147295835,2.123062147295835,0.14221191694581511,0.14221191694581511,0.14221191694581511,-0.21369600566351102,-0.21369600566351102,-0.21369600566351102,2.6955954727478537,2.6955954727478537,2.6955954727478537,-0.755579372969213,-0.755579372969213,-0.755579372969213,-7.187687938930903,-7.187687938930903,-7.187687938930903,0.0,0.0,0.0,52.16827473436777
350,2018-03-29 08:00:00,57.26132521866331,43.54222356746643,62.93013075807771,57.26132521866331,57.26132521866331,0.0,0.0,0.0,0.0,0.0,0.0,0.0,0.0,0.0,0.0,0.0,0.0,0.0,0.0,0.0,0.0,0.0,0.0,0.0,0.0,0.0,0.0,0.0,0.0,0.0,0.0,0.0,0.0,0.0,0.0,-3.8702956910248054,-3.8702956910248054,-3.8702956910248054,3.415792386681312,3.415792386681312,3.415792386681312,-0.5560487574420658,-0.5560487574420658,-0.5560487574420658,-2.7353653345319575,-2.7353653345319575,-2.7353653345319575,-3.0465328145742108,-3.0465328145742108,-3.0465328145742108,0.0,0.0,0.0,-0.3563115523544585,-0.3563115523544585,-0.3563115523544585,2.4013888341671294,2.4013888341671294,2.4013888341671294,-0.2987034750365038,-0.2987034750365038,-0.2987034750365038,-0.03871173776421371,-0.03871173776421371,-0.03871173776421371,2.641622022436974,2.641622022436974,2.641622022436974,-0.8404458315276343,-0.8404458315276343,-0.8404458315276343,-7.192344765611133,-7.192344765611133,-7.192344765611133,0.0,0.0,0.0,53.3910295276385
351,2018-03-29 09:00:00,57.26107228156571,43.18348249248072,63.02617615496923,57.26107228156571,57.26107228156571,0.0,0.0,0.0,0.0,0.0,0.0,0.0,0.0,0.0,0.0,0.0,0.0,0.0,0.0,0.0,0.0,0.0,0.0,0.0,0.0,0.0,0.0,0.0,0.0,0.0,0.0,0.0,0.0,0.0,0.0,-3.8171617205841057,-3.8171617205841057,-3.8171617205841057,3.8957203316382647,3.8957203316382647,3.8957203316382647,-0.5560487574420658,-0.5560487574420658,-0.5560487574420658,-3.100312051112997,-3.100312051112997,-3.100312051112997,-3.1145974790174837,-3.1145974790174837,-3.1145974790174837,0.0,0.0,0.0,-0.2672022733901034,-0.2672022733901034,-0.2672022733901034,2.426838939775983,2.426838939775983,2.426838939775983,-0.6797307527535077,-0.6797307527535077,-0.6797307527535077,0.024379662372050658,0.024379662372050658,0.024379662372050658,2.58444203521461,2.58444203521461,2.58444203521461,-0.9339513906578708,-0.9339513906578708,-0.9339513906578708,-7.197012036323983,-7.197012036323983,-7.197012036323983,0.0,0.0,0.0,53.44391056098161
352,2018-03-29 10:00:00,57.26081934446812,42.36206364354391,62.15559596998007,57.26081934446812,57.26081934446812,0.0,0.0,0.0,0.0,0.0,0.0,0.0,0.0,0.0,0.0,0.0,0.0,0.0,0.0,0.0,0.0,0.0,0.0,0.0,0.0,0.0,0.0,0.0,0.0,0.0,0.0,0.0,0.0,0.0,0.0,-4.804587281117356,-4.804587281117356,-4.804587281117356,3.9516147683943643,3.9516147683943643,3.9516147683943643,-0.5560487574420658,-0.5560487574420658,-0.5560487574420658,-4.079015091828208,-4.079015091828208,-4.079015091828208,-3.198156538618575,-3.198156538618575,-3.198156538618575,0.0,0.0,0.0,-0.17809299442574836,-0.17809299442574836,-0.17809299442574836,1.8387790527288512,1.8387790527288512,1.8387790527288512,-0.8776219129345484,-0.8776219129345484,-0.8776219129345484,-0.006222362907718596,-0.006222362907718596,-0.006222362907718596,2.5245025854503016,2.5245025854503016,2.5245025854503016,-1.101651578228404,-1.101651578228404,-1.101651578228404,-7.2016895431338135,-7.2016895431338135,-7.2016895431338135,0.0,0.0,0.0,52.45623206335076
353,2018-03-29 11:00:00,57.26056640737052,41.95893166880353,61.82331683397113,57.26056640737052,57.26056640737052,0.0,0.0,0.0,0.0,0.0,0.0,0.0,0.0,0.0,0.0,0.0,0.0,0.0,0.0,0.0,0.0,0.0,0.0,0.0,0.0,0.0,0.0,0.0,0.0,0.0,0.0,0.0,0.0,0.0,0.0,-5.5914734577947645,-5.5914734577947645,-5.5914734577947645,3.584064975998456,3.584064975998456,3.584064975998456,-0.5560487574420658,-0.5560487574420658,-0.5560487574420658,-4.431449759603892,-4.431449759603892,-4.431449759603892,-3.1649542632803933,-3.1649542632803933,-3.1649542632803933,0.0,0.0,0.0,-0.08898371546139332,-0.08898371546139332,-0.08898371546139332,1.8290322037722693,1.8290322037722693,1.8290322037722693,-1.1050231584057446,-1.1050231584057446,-1.1050231584057446,-0.03749844160774708,-0.03749844160774708,-0.03749844160774708,2.4622884028397403,2.4622884028397403,2.4622884028397403,-1.3079736271788174,-1.3079736271788174,-1.3079736271788174,-7.206377077029068,-7.206377077029068,-7.206377077029068,0.0,0.0,0.0,51.669092949575756
354,2018-03-29 12:00:00,57.26031347027292,38.62615040768784,59.585015841521425,57.26031347027292,57.26031347027292,0.0,0.0,0.0,0.0,0.0,0.0,0.0,0.0,0.0,0.0,0.0,0.0,0.0,0.0,0.0,0.0,0.0,0.0,0.0,0.0,0.0,0.0,0.0,0.0,0.0,0.0,0.0,0.0,0.0,0.0,-8.001090972539696,-8.001090972539696,-8.001090972539696,2.5490315199963214,2.5490315199963214,2.5490315199963214,-0.5560487574420658,-0.5560487574420658,-0.5560487574420658,-5.737358380918341,-5.737358380918341,-5.737358380918341,-3.2225048738665754,-3.2225048738665754,-3.2225048738665754,0.0,0.0,0.0,0.0001255635029617573,0.0001255635029617573,0.0001255635029617573,1.1061409061590823,1.1061409061590823,1.1061409061590823,-1.2907631069967211,-1.2907631069967211,-1.2907631069967211,-0.1156886383578183,-0.1156886383578183,-0.1156886383578183,2.3983103163156247,2.3983103163156247,2.3983103163156247,-1.6586194739172049,-1.6586194739172049,-1.6586194739172049,-7.2110744279333,-7.2110744279333,-7.2110744279333,0.0,0.0,0.0,49.25922249773322
355,2018-03-29 13:00:00,57.26006053317533,36.96376090408842,57.27101113941214,57.26006053317533,57.26006053317533,0.0,0.0,0.0,0.0,0.0,0.0,0.0,0.0,0.0,0.0,0.0,0.0,0.0,0.0,0.0,0.0,0.0,0.0,0.0,0.0,0.0,0.0,0.0,0.0,0.0,0.0,0.0,0.0,0.0,0.0,-10.297389634800423,-10.297389634800423,-10.297389634800423,0.9473225396508669,0.9473225396508669,0.9473225396508669,-0.5560487574420658,-0.5560487574420658,-0.5560487574420658,-6.362023946569775,-6.362023946569775,-6.362023946569775,-3.2280385864229397,-3.2280385864229397,-3.2280385864229397,0.0,0.0,0.0,0.08923484246731682,0.08923484246731682,0.08923484246731682,0.8234822864181958,0.8234822864181958,0.8234822864181958,-1.341103840726986,-1.341103840726986,-1.341103840726986,-0.264789254919161,-0.264789254919161,-0.264789254919161,2.3330931568306004,2.3330931568306004,2.3330931568306004,-1.8847606359441356,-1.8847606359441356,-1.8847606359441356,-7.215781384712114,-7.215781384712114,-7.215781384712114,0.0,0.0,0.0,46.9626708983749
356,2018-03-29 14:00:00,57.25980759607773,34.30592739729404,55.54546801058568,57.25980759607773,57.25980759607773,0.0,0.0,0.0,0.0,0.0,0.0,0.0,0.0,0.0,0.0,0.0,0.0,0.0,0.0,0.0,0.0,0.0,0.0,0.0,0.0,0.0,0.0,0.0,0.0,0.0,0.0,0.0,0.0,0.0,0.0,-11.925688119693383,-11.925688119693383,-11.925688119693383,-0.42495102710159643,-0.42495102710159643,-0.42495102710159643,-0.5560487574420658,-0.5560487574420658,-0.5560487574420658,-6.547402670241774,-6.547402670241774,-6.547402670241774,-3.2900161670542127,-3.2900161670542127,-3.2900161670542127,0.0,0.0,0.0,0.17834412143167186,0.17834412143167186,0.17834412143167186,0.8034470968963322,0.8034470968963322,0.8034470968963322,-1.2942348817367397,-1.2942348817367397,-1.2942348817367397,-0.3638751076972685,-0.3638751076972685,-0.3638751076972685,2.267163312834942,2.267163312834942,2.267163312834942,-2.0250189746394907,-2.0250189746394907,-2.0250189746394907,-7.220497735184955,-7.220497735184955,-7.220497735184955,0.0,0.0,0.0,45.334119476384345
357,2018-03-29 15:00:00,57.259554658980136,35.18108829963843,55.06823205831127,57.259554658980136,57.259554658980136,0.0,0.0,0.0,0.0,0.0,0.0,0.0,0.0,0.0,0.0,0.0,0.0,0.0,0.0,0.0,0.0,0.0,0.0,0.0,0.0,0.0,0.0,0.0,0.0,0.0,0.0,0.0,0.0,0.0,0.0,-12.179967160247191,-12.179967160247191,-12.179967160247191,-0.47802092020099846,-0.47802092020099846,-0.47802092020099846,-0.5560487574420658,-0.5560487574420658,-0.5560487574420658,-6.677759111880334,-6.677759111880334,-6.677759111880334,-3.28282234073094,-3.28282234073094,-3.28282234073094,0.0,0.0,0.0,0.26745340039602694,0.26745340039602694,0.26745340039602694,0.7124765066348974,0.7124765066348974,0.7124765066348974,-1.1132686234132878,-1.1132686234132878,-1.1132686234132878,-0.4111936577994668,-0.4111936577994668,-0.4111936577994668,2.201036137966401,2.201036137966401,2.201036137966401,-2.2943556395254983,-2.2943556395254983,-2.2943556395254983,-7.22522326613226,-7.22522326613226,-7.22522326613226,0.0,0.0,0.0,45.07958749873295
358,2018-03-29 16:00:00,57.25930172188254,37.21293611098683,57.195474843129084,57.25930172188254,57.25930172188254,0.0,0.0,0.0,0.0,0.0,0.0,0.0,0.0,0.0,0.0,0.0,0.0,0.0,0.0,0.0,0.0,0.0,0.0,0.0,0.0,0.0,0.0,0.0,0.0,0.0,0.0,0.0,0.0,0.0,0.0,-10.42182217214532,-10.42182217214532,-10.42182217214532,1.260296781275696,1.260296781275696,1.260296781275696,-0.5560487574420658,-0.5560487574420658,-0.5560487574420658,-6.587364603598985,-6.587364603598985,-6.587364603598985,-3.152780095656393,-3.152780095656393,-3.152780095656393,0.0,0.0,0.0,0.356562679360382,0.356562679360382,0.356562679360382,0.5576099065469787,0.5576099065469787,0.5576099065469787,-0.8294510384167951,-0.8294510384167951,-0.8294510384167951,-0.43869503734604354,-0.43869503734604354,-0.43869503734604354,2.1352034134829236,2.1352034134829236,2.1352034134829236,-2.5245622606450486,-2.5245622606450486,-2.5245622606450486,-7.229957763304956,-7.229957763304956,-7.229957763304956,0.0,0.0,0.0,46.83747954973722
359,2018-03-29 17:00:00,57.25904878478494,41.444375208683404,61.662679789529975,57.25904878478494,57.25904878478494,0.0,0.0,0.0,0.0,0.0,0.0,0.0,0.0,0.0,0.0,0.0,0.0,0.0,0.0,0.0,0.0,0.0,0.0,0.0,0.0,0.0,0.0,0.0,0.0,0.0,0.0,0.0,0.0,0.0,0.0,-6.189511856649068,-6.189511856649068,-6.189511856649068,4.049808696689557,4.049808696689557,4.049808696689557,-0.5560487574420658,-0.5560487574420658,-0.5560487574420658,-5.07474060964086,-5.07474060964086,-5.07474060964086,-3.0813952036793015,-3.0813952036793015,-3.0813952036793015,0.0,0.0,0.0,0.44567195832473705,0.44567195832473705,0.44567195832473705,1.402878307726143,1.402878307726143,1.402878307726143,-0.31389248952408366,-0.31389248952408366,-0.31389248952408366,-0.37573844789383104,-0.37573844789383104,-0.37573844789383104,2.070121067735197,2.070121067735197,2.070121067735197,-2.596215977152458,-2.596215977152458,-2.596215977152458,-7.2347010114329615,-7.2347010114329615,-7.2347010114329615,0.0,0.0,0.0,51.06953692813587
360,2018-03-29 18:00:00,57.053925415479405,46.19228103287493,64.39505627848379,57.053925415479405,57.053925415479405,0.0,0.0,0.0,0.0,0.0,0.0,0.0,0.0,0.0,0.0,0.0,0.0,0.0,0.0,0.0,0.0,0.0,0.0,0.0,0.0,0.0,0.0,0.0,0.0,0.0,0.0,0.0,0.0,0.0,0.0,-2.1225984012309924,-2.1225984012309924,-2.1225984012309924,6.2921631679955325,6.2921631679955325,6.2921631679955325,-0.7341975273812458,-0.7341975273812458,-0.7341975273812458,-3.1137190103740906,-3.1137190103740906,-3.1137190103740906,-2.884003336416345,-2.884003336416345,-2.884003336416345,0.0,0.0,0.0,0.5588616714765868,0.5588616714765868,0.5588616714765868,2.260433721641444,2.260433721641444,2.260433721641444,0.2654171303471891,0.2654171303471891,0.2654171303471891,-0.17521331162596854,-0.17521331162596854,-0.17521331162596854,2.0856501071844216,2.0856501071844216,2.0856501071844216,-2.4050173584157513,-2.4050173584157513,-2.4050173584157513,-7.386692666036856,-7.386692666036856,-7.386692666036856,0.0,0.0,0.0,54.93132701424841
361,2018-03-29 19:00:00,57.05362841297585,46.37216670990657,66.30000228883002,57.05362841297585,57.05362841297585,0.0,0.0,0.0,0.0,0.0,0.0,0.0,0.0,0.0,0.0,0.0,0.0,0.0,0.0,0.0,0.0,0.0,0.0,0.0,0.0,0.0,0.0,0.0,0.0,0.0,0.0,0.0,0.0,0.0,0.0,-0.5519900186519664,-0.5519900186519664,-0.5519900186519664,6.601960921952657,6.601960921952657,6.601960921952657,-0.7341975273812458,-0.7341975273812458,-0.7341975273812458,-1.7673317332719345,-1.7673317332719345,-1.7673317332719345,-2.731055669916885,-2.731055669916885,-2.731055669916885,0.0,0.0,0.0,0.6519834322845426,0.6519834322845426,0.6519834322845426,2.8827674223722264,2.8827674223722264,2.8827674223722264,0.44191189937463715,0.44191189937463715,0.44191189937463715,0.08425428292827405,0.08425428292827405,0.08425428292827405,2.004959948314996,2.004959948314996,2.004959948314996,-2.362995572933484,-2.362995572933484,-2.362995572933484,-7.391579155647685,-7.391579155647685,-7.391579155647685,0.0,0.0,0.0,56.501638394323884
362,2018-03-29 20:00:00,57.053331410472275,43.567501477330225,63.02637020692978,57.053331410472275,57.053331410472275,0.0,0.0,0.0,0.0,0.0,0.0,0.0,0.0,0.0,0.0,0.0,0.0,0.0,0.0,0.0,0.0,0.0,0.0,0.0,0.0,0.0,0.0,0.0,0.0,0.0,0.0,0.0,0.0,0.0,0.0,-3.6455964131149194,-3.6455964131149194,-3.6455964131149194,4.759698045912883,4.759698045912883,4.759698045912883,-0.7341975273812458,-0.7341975273812458,-0.7341975273812458,-2.934534763171204,-2.934534763171204,-2.934534763171204,-2.7686217634430683,-2.7686217634430683,-2.7686217634430683,0.0,0.0,0.0,0.7451051930924982,0.7451051930924982,0.7451051930924982,2.1497966192893045,2.1497966192893045,2.1497966192893045,0.4893081928474813,0.4893081928474813,0.4893081928474813,-0.11623683330946104,-0.11623683330946104,-0.11623683330946104,1.9257113025766115,1.9257113025766115,1.9257113025766115,-2.699688644266713,-2.699688644266713,-2.699688644266713,-7.396470998433209,-7.396470998433209,-7.396470998433209,0.0,0.0,0.0,53.40773499735735
363,2018-03-29 21:00:00,57.05303440796872,39.11168828847937,58.71534945261649,57.05303440796872,57.05303440796872,0.0,0.0,0.0,0.0,0.0,0.0,0.0,0.0,0.0,0.0,0.0,0.0,0.0,0.0,0.0,0.0,0.0,0.0,0.0,0.0,0.0,0.0,0.0,0.0,0.0,0.0,0.0,0.0,0.0,0.0,-7.995832031906683,-7.995832031906683,-7.995832031906683,1.674458062200386,1.674458062200386,1.674458062200386,-0.7341975273812458,-0.7341975273812458,-0.7341975273812458,-4.117112504087848,-4.117112504087848,-4.117112504087848,-2.8255075622112886,-2.8255075622112886,-2.8255075622112886,0.0,0.0,0.0,0.8382269539004541,0.8382269539004541,0.8382269539004541,1.3471244417245352,1.3471244417245352,1.3471244417245352,0.5380586661338354,0.5380586661338354,0.5380586661338354,-0.28593875866137236,-0.28593875866137236,-0.28593875866137236,1.8481903816238894,1.8481903816238894,1.8481903816238894,-2.9948787175927647,-2.9948787175927647,-2.9948787175927647,-7.40136797164311,-7.40136797164311,-7.40136797164311,0.0,0.0,0.0,49.05720237606204
364,2018-03-29 22:00:00,57.05273740546515,35.73656039341462,55.893728393460854,57.05273740546515,57.05273740546515,0.0,0.0,0.0,0.0,0.0,0.0,0.0,0.0,0.0,0.0,0.0,0.0,0.0,0.0,0.0,0.0,0.0,0.0,0.0,0.0,0.0,0.0,0.0,0.0,0.0,0.0,0.0,0.0,0.0,0.0,-11.633526271699768,-11.633526271699768,-11.633526271699768,-1.4243890614165606,-1.4243890614165606,-1.4243890614165606,-0.7341975273812458,-0.7341975273812458,-0.7341975273812458,-4.575469796101526,-4.575469796101526,-4.575469796101526,-3.0863235829787885,-3.0863235829787885,-3.0863235829787885,0.0,0.0,0.0,0.9313487147084097,0.9313487147084097,0.9313487147084097,1.1252970515084961,1.1252970515084961,1.1252970515084961,0.5845521730643395,0.5845521730643395,0.5845521730643395,-0.5071005523482756,-0.5071005523482756,-0.5071005523482756,1.7726024374596905,1.7726024374596905,1.7726024374596905,-2.889046072674462,-2.889046072674462,-2.889046072674462,-7.406269851641371,-7.406269851641371,-7.406269851641371,0.0,0.0,0.0,45.41921113376539
365,2018-03-29 23:00:00,57.05244040296159,31.52581343526815,51.88394342178179,57.05244040296159,57.05244040296159,0.0,0.0,0.0,0.0,0.0,0.0,0.0,0.0,0.0,0.0,0.0,0.0,0.0,0.0,0.0,0.0,0.0,0.0,0.0,0.0,0.0,0.0,0.0,0.0,0.0,0.0,0.0,0.0,0.0,0.0,-15.015943951681262,-15.015943951681262,-15.015943951681262,-3.8634981957876326,-3.8634981957876326,-3.8634981957876326,-0.7341975273812458,-0.7341975273812458,-0.7341975273812458,-5.440332639526933,-5.440332639526933,-5.440332639526933,-3.149112625015409,-3.149112625015409,-3.149112625015409,0.0,0.0,0.0,1.0244704755163654,1.0244704755163654,1.0244704755163654,0.5992176298240746,0.5992176298240746,0.5992176298240746,0.5998995442841175,0.5998995442841175,0.5998995442841175,-0.7561605330819579,-0.7561605330819579,-0.7561605330819579,1.699063297552118,1.699063297552118,1.699063297552118,-3.024449603672879,-3.024449603672879,-3.024449603672879,-7.411176413918818,-7.411176413918818,-7.411176413918818,0.0,0.0,0.0,42.03649645128033
366,2018-03-30 00:00:00,57.05214340045802,31.79650267969735,51.75741696797219,57.05214340045802,57.05214340045802,0.0,0.0,0.0,0.0,0.0,0.0,0.0,0.0,0.0,0.0,0.0,0.0,0.0,0.0,0.0,1.3794313599999999,1.3794313599999999,1.3794313599999999,0.0,0.0,0.0,0.0,0.0,0.0,0.0,0.0,0.0,0.0,0.0,0.0,-15.505464814112107,-15.505464814112107,-15.505464814112107,-5.702028831994735,-5.702028831994735,-5.702028831994735,0.7352836949103057,0.7352836949103057,0.7352836949103057,-5.394372191801248,-5.394372191801248,-5.394372191801248,-3.364849333551489,-3.364849333551489,-3.364849333551489,1.3794313599999999,1.3794313599999999,1.3794313599999999,0.000131106628852166,0.000131106628852166,0.000131106628852166,0.4531766547192509,0.4531766547192509,0.4531766547192509,0.6120871626057062,0.6120871626057062,0.6120871626057062,-0.9598317535426419,-0.9598317535426419,-0.9598317535426419,1.6275922827882414,1.6275922827882414,1.6275922827882414,-2.8703697235712315,-2.8703697235712315,-2.8703697235712315,-7.416087433104365,-7.416087433104365,-7.416087433104365,0.0,0.0,0.0,41.54667858634591
367,2018-03-30 01:00:00,57.05184639795446,29.131595385577885,49.398358992217275,57.05184639795446,57.05184639795446,0.0,0.0,0.0,0.0,0.0,0.0,0.0,0.0,0.0,0.0,0.0,0.0,0.0,0.0,0.0,1.3794313599999999,1.3794313599999999,1.3794313599999999,0.0,0.0,0.0,0.0,0.0,0.0,0.0,0.0,0.0,0.0,0.0,0.0,-17.99410581960983,-17.99410581960983,-17.99410581960983,-7.185027776349723,-7.185027776349723,-7.185027776349723,0.7352836949103057,0.7352836949103057,0.7352836949103057,-6.325613363658274,-6.325613363658274,-6.325613363658274,-3.351969530056798,-3.351969530056798,-3.351969530056798,1.3794313599999999,1.3794313599999999,1.3794313599999999,-1.0242082622586612,-1.0242082622586612,-1.0242082622586612,0.4327087907841052,0.4327087907841052,0.4327087907841052,0.6120871626057062,0.6120871626057062,0.6120871626057062,-1.0780738105595615,-1.0780738105595615,-1.0780738105595615,1.5581066433704027,1.5581066433704027,1.5581066433704027,-2.651441409083369,-2.651441409083369,-2.651441409083369,-7.421002682972236,-7.421002682972236,-7.421002682972236,0.0,0.0,0.0,39.057740578344635
368,2018-03-30 02:00:00,57.05154939545089,28.340423416218076,47.983504807781465,57.05154939545089,57.05154939545089,0.0,0.0,0.0,0.0,0.0,0.0,0.0,0.0,0.0,0.0,0.0,0.0,0.0,0.0,0.0,1.3794313599999999,1.3794313599999999,1.3794313599999999,0.0,0.0,0.0,0.0,0.0,0.0,0.0,0.0,0.0,0.0,0.0,0.0,-18.929589543389934,-18.929589543389934,-18.929589543389934,-8.14103928415885,-8.14103928415885,-8.14103928415885,0.7352836949103057,0.7352836949103057,0.7352836949103057,-6.232477309409637,-6.232477309409637,-6.232477309409637,-3.316013411967451,-3.316013411967451,-3.316013411967451,1.3794313599999999,1.3794313599999999,1.3794313599999999,-0.9310865014507056,-0.9310865014507056,-0.9310865014507056,0.4105813703136774,0.4105813703136774,0.4105813703136774,0.6116357693345361,0.6116357693345361,0.6116357693345361,-1.1500598061517693,-1.1500598061517693,-1.1500598061517693,1.4904176266308844,1.4904176266308844,1.4904176266308844,-2.5928184243982306,-2.5928184243982306,-2.5928184243982306,-7.4259219364523315,-7.4259219364523315,-7.4259219364523315,0.0,0.0,0.0,38.121959852060954
369,2018-03-30 03:00:00,57.051252392947326,29.082302158100426,48.119830504175624,57.051252392947326,57.051252392947326,0.0,0.0,0.0,0.0,0.0,0.0,0.0,0.0,0.0,0.0,0.0,0.0,0.0,0.0,0.0,1.3794313599999999,1.3794313599999999,1.3794313599999999,0.0,0.0,0.0,0.0,0.0,0.0,0.0,0.0,0.0,0.0,0.0,0.0,-18.495015007244927,-18.495015007244927,-18.495015007244927,-7.981404108734805,-7.981404108734805,-7.981404108734805,0.7352836949103057,0.7352836949103057,0.7352836949103057,-5.886425561708579,-5.886425561708579,-5.886425561708579,-3.2553710038466126,-3.2553710038466126,-3.2553710038466126,1.3794313599999999,1.3794313599999999,1.3794313599999999,-0.8379647406427497,-0.8379647406427497,-0.8379647406427497,0.5073888348717992,0.5073888348717992,0.5073888348717992,0.6120871626057062,0.6120871626057062,0.6120871626057062,-1.176946141854883,-1.176946141854883,-1.176946141854883,1.4242282688422652,1.4242282688422652,1.4242282688422652,-2.470903367752146,-2.470903367752146,-2.470903367752146,-7.430844965643811,-7.430844965643811,-7.430844965643811,0.0,0.0,0.0,38.5562373857024
370,2018-03-30 04:00:00,57.05095539044376,30.447135421863692,49.73944814275794,57.05095539044376,57.05095539044376,0.0,0.0,0.0,0.0,0.0,0.0,0.0,0.0,0.0,0.0,0.0,0.0,0.0,0.0,0.0,1.3794313599999999,1.3794313599999999,1.3794313599999999,0.0,0.0,0.0,0.0,0.0,0.0,0.0,0.0,0.0,0.0,0.0,0.0,-16.84626466823752,-16.84626466823752,-16.84626466823752,-6.295206909775437,-6.295206909775437,-6.295206909775437,0.7352836949103057,0.7352836949103057,0.7352836949103057,-5.853850555769218,-5.853850555769218,-5.853850555769218,-3.3009869745569778,-3.3009869745569778,-3.3009869745569778,1.3794313599999999,1.3794313599999999,1.3794313599999999,-0.744842979834794,-0.744842979834794,-0.744842979834794,0.5826220644712538,0.5826220644712538,0.5826220644712538,0.6084760164363465,0.6084760164363465,0.6084760164363465,-1.0928179301386884,-1.0928179301386884,-1.0928179301386884,1.3591329791272262,1.3591329791272262,1.3591329791272262,-2.641584447056664,-2.641584447056664,-2.641584447056664,-7.43577154182009,-7.43577154182009,-7.43577154182009,0.0,0.0,0.0,40.20469072220624
371,2018-03-30 05:00:00,57.050658387940196,33.93746671857169,52.9738379383735,57.050658387940196,57.050658387940196,0.0,0.0,0.0,0.0,0.0,0.0,0.0,0.0,0.0,0.0,0.0,0.0,0.0,0.0,0.0,1.3794313599999999,1.3794313599999999,1.3794313599999999,0.0,0.0,0.0,0.0,0.0,0.0,0.0,0.0,0.0,0.0,0.0,0.0,-13.224007537094662,-13.224007537094662,-13.224007537094662,-3.4055938588639223,-3.4055938588639223,-3.4055938588639223,0.7352836949103057,0.7352836949103057,0.7352836949103057,-5.051762561402058,-5.051762561402058,-5.051762561402058,-3.073980437963043,-3.073980437963043,-3.073980437963043,1.3794313599999999,1.3794313599999999,1.3794313599999999,-0.6517212190268381,-0.6517212190268381,-0.6517212190268381,0.9150865570394319,0.9150865570394319,0.9150865570394319,0.6003509375552876,0.6003509375552876,0.6003509375552876,-0.9813697321435235,-0.9813697321435235,-0.9813697321435235,1.294618958612719,1.294618958612719,1.294618958612719,-2.595412361773679,-2.595412361773679,-2.595412361773679,-7.440701435441403,-7.440701435441403,-7.440701435441403,0.0,0.0,0.0,43.82665085084553
372,2018-03-30 06:00:00,57.05036138543663,37.37855948343487,56.887890704341366,57.05036138543663,57.05036138543663,0.0,0.0,0.0,0.0,0.0,0.0,0.0,0.0,0.0,0.0,0.0,0.0,0.0,0.0,0.0,1.3794313599999999,1.3794313599999999,1.3794313599999999,0.0,0.0,0.0,0.0,0.0,0.0,0.0,0.0,0.0,0.0,0.0,0.0,-10.038955516413823,-10.038955516413823,-10.038955516413823,-0.2901989440501076,-0.2901989440501076,-0.2901989440501076,0.7352836949103057,0.7352836949103057,0.7352836949103057,-4.912622988641742,-4.912622988641742,-4.912622988641742,-3.290253804978068,-3.290253804978068,-3.290253804978068,1.3794313599999999,1.3794313599999999,1.3794313599999999,-0.5585994582188825,-0.5585994582188825,-0.5585994582188825,1.1684455214258305,1.1684455214258305,1.1684455214258305,0.540767025760855,0.540767025760855,0.540767025760855,-0.950725091449652,-0.950725091449652,-0.950725091449652,1.2300694724439645,1.2300694724439645,1.2300694724439645,-2.55754087609213,-2.55754087609213,-2.55754087609213,-7.44563441616594,-7.44563441616594,-7.44563441616594,0.0,0.0,0.0,47.01140586902281
373,2018-03-30 07:00:00,57.050064382933066,40.04653079175186,58.71519543453887,57.050064382933066,57.050064382933066,0.0,0.0,0.0,0.0,0.0,0.0,0.0,0.0,0.0,0.0,0.0,0.0,0.0,0.0,0.0,1.3794313599999999,1.3794313599999999,1.3794313599999999,0.0,0.0,0.0,0.0,0.0,0.0,0.0,0.0,0.0,0.0,0.0,0.0,-7.402159652500008,-7.402159652500008,-7.402159652500008,2.084737950916682,2.084737950916682,2.084737950916682,0.7352836949103057,0.7352836949103057,0.7352836949103057,-4.580527676750357,-4.580527676750357,-4.580527676750357,-3.2156582764046475,-3.2156582764046475,-3.2156582764046475,1.3794313599999999,1.3794313599999999,1.3794313599999999,-0.46547769741092665,-0.46547769741092665,-0.46547769741092665,1.4101875900652543,1.4101875900652543,1.4101875900652543,0.19861092621403742,0.19861092621403742,0.19861092621403742,-0.6937148501585971,-0.6937148501585971,-0.6937148501585971,1.1647689661920229,1.1647689661920229,1.1647689661920229,-2.5497590639657837,-2.5497590639657837,-2.5497590639657837,-7.450570252858355,-7.450570252858355,-7.450570252858355,0.0,0.0,0.0,49.647904730433055
374,2018-03-30 08:00:00,57.04976738042951,40.52378462962841,60.22097697266879,57.04976738042951,57.04976738042951,0.0,0.0,0.0,0.0,0.0,0.0,0.0,0.0,0.0,0.0,0.0,0.0,0.0,0.0,0.0,1.3794313599999999,1.3794313599999999,1.3794313599999999,0.0,0.0,0.0,0.0,0.0,0.0,0.0,0.0,0.0,0.0,0.0,0.0,-6.500842905082374,-6.500842905082374,-6.500842905082374,3.379891294287367,3.379891294287367,3.379891294287367,0.7352836949103057,0.7352836949103057,0.7352836949103057,-4.902566837600633,-4.902566837600633,-4.902566837600633,-3.2017051559520655,-3.2017051559520655,-3.2017051559520655,1.3794313599999999,1.3794313599999999,1.3794313599999999,-0.37235593660297084,-0.37235593660297084,-0.37235593660297084,1.3698050477067238,1.3698050477067238,1.3698050477067238,-0.27309504215855396,-0.27309504215855396,-0.27309504215855396,-0.45925443881208927,-0.45925443881208927,-0.45925443881208927,1.0979099918317927,1.0979099918317927,1.0979099918317927,-2.701245006691982,-2.701245006691982,-2.701245006691982,-7.455508713600901,-7.455508713600901,-7.455508713600901,0.0,0.0,0.0,50.548924475347135
375,2018-03-30 09:00:00,57.049470377925935,39.87951553259834,60.114882695418466,57.049470377925935,57.049470377925935,0.0,0.0,0.0,0.0,0.0,0.0,0.0,0.0,0.0,0.0,0.0,0.0,0.0,0.0,0.0,1.3794313599999999,1.3794313599999999,1.3794313599999999,0.0,0.0,0.0,0.0,0.0,0.0,0.0,0.0,0.0,0.0,0.0,0.0,-7.06140495533677,-7.06140495533677,-7.06140495533677,3.880610673808408,3.880610673808408,3.880610673808408,0.7352836949103057,0.7352836949103057,0.7352836949103057,-5.889599306076863,-5.889599306076863,-5.889599306076863,-3.328356556983197,-3.328356556983197,-3.328356556983197,1.3794313599999999,1.3794313599999999,1.3794313599999999,-0.27923417579501514,-0.27923417579501514,-0.27923417579501514,0.9067887743630214,0.9067887743630214,0.9067887743630214,-0.6084802426378223,-0.6084802426378223,-0.6084802426378223,-0.33161661931827524,-0.33161661931827524,-0.33161661931827524,1.0286018826366357,1.0286018826366357,1.0286018826366357,-2.983984180615881,-2.983984180615881,-2.983984180615881,-7.460449565704952,-7.460449565704952,-7.460449565704952,0.0,0.0,0.0,49.988065422589166
376,2018-03-30 10:00:00,57.04917337542238,40.30519420077466,60.86750112119562,57.04917337542238,57.04917337542238,0.0,0.0,0.0,0.0,0.0,0.0,0.0,0.0,0.0,0.0,0.0,0.0,0.0,0.0,0.0,1.3794313599999999,1.3794313599999999,1.3794313599999999,0.0,0.0,0.0,0.0,0.0,0.0,0.0,0.0,0.0,0.0,0.0,0.0,-6.773175622306577,-6.773175622306577,-6.773175622306577,3.954296564192804,3.954296564192804,3.954296564192804,0.7352836949103057,0.7352836949103057,0.7352836949103057,-5.597392061924815,-5.597392061924815,-5.597392061924815,-3.3004503160780323,-3.3004503160780323,-3.3004503160780323,1.3794313599999999,1.3794313599999999,1.3794313599999999,-0.18611241498705935,-0.18611241498705935,-0.18611241498705935,0.9571286559332446,0.9571286559332446,0.9571286559332446,-0.7055297959393603,-0.7055297959393603,-0.7055297959393603,-0.3227990576091896,-0.3227990576091896,-0.3227990576091896,0.9558810911440986,0.9558810911440986,0.9558810911440986,-2.774912828154723,-2.774912828154723,-2.774912828154723,-7.465392575718665,-7.465392575718665,-7.465392575718665,0.0,0.0,0.0,50.2759977531158
377,2018-03-30 11:00:00,57.048876372918805,39.69840612184568,59.45064994678998,57.048876372918805,57.048876372918805,0.0,0.0,0.0,0.0,0.0,0.0,0.0,0.0,0.0,0.0,0.0,0.0,0.0,0.0,0.0,1.3794313599999999,1.3794313599999999,1.3794313599999999,0.0,0.0,0.0,0.0,0.0,0.0,0.0,0.0,0.0,0.0,0.0,0.0,-7.582227394292894,-7.582227394292894,-7.582227394292894,3.5946080270543055,3.5946080270543055,3.5946080270543055,0.7352836949103057,0.7352836949103057,0.7352836949103057,-5.964652351412102,-5.964652351412102,-5.964652351412102,-3.2027784729099564,-3.2027784729099564,-3.2027784729099564,1.3794313599999999,1.3794313599999999,1.3794313599999999,-0.0929906541791036,-0.0929906541791036,-0.0929906541791036,0.8326619157870881,0.8326619157870881,0.8326619157870881,-0.771433213530172,-0.771433213530172,-0.771433213530172,-0.3252564108723774,-0.3252564108723774,-0.3252564108723774,0.8787230795040016,0.8787230795040016,0.8787230795040016,-3.140139210617887,-3.140139210617887,-3.140139210617887,-7.470337509439099,-7.470337509439099,-7.470337509439099,0.0,0.0,0.0,49.46664897862591
378,2018-03-30 12:00:00,57.04857937041525,37.98687897248113,58.40657589192061,57.04857937041525,57.04857937041525,0.0,0.0,0.0,0.0,0.0,0.0,0.0,0.0,0.0,0.0,0.0,0.0,0.0,0.0,0.0,1.3794313599999999,1.3794313599999999,1.3794313599999999,0.0,0.0,0.0,0.0,0.0,0.0,0.0,0.0,0.0,0.0,0.0,0.0,-9.154053390376456,-9.154053390376456,-9.154053390376456,2.562804576050486,2.562804576050486,2.562804576050486,0.7352836949103057,0.7352836949103057,0.7352836949103057,-6.417060823291953,-6.417060823291953,-6.417060823291953,-3.3466029452673425,-3.3466029452673425,-3.3466029452673425,1.3794313599999999,1.3794313599999999,1.3794313599999999,0.000131106628852166,0.000131106628852166,0.000131106628852166,0.6086217835240064,0.6086217835240064,0.6086217835240064,-0.8116072146642971,-0.8116072146642971,-0.8116072146642971,-0.3859674914923116,-0.3859674914923116,-0.3859674914923116,0.79605562878862,0.79605562878862,0.79605562878862,-3.216919756931166,-3.216919756931166,-3.216919756931166,-7.475284131923607,-7.475284131923607,-7.475284131923607,0.0,0.0,0.0,47.89452598003879
379,2018-03-30 13:00:00,57.048282367911675,35.397666816608485,55.240659328432706,57.048282367911675,57.048282367911675,0.0,0.0,0.0,0.0,0.0,0.0,0.0,0.0,0.0,0.0,0.0,0.0,0.0,0.0,0.0,1.3794313599999999,1.3794313599999999,1.3794313599999999,0.0,0.0,0.0,0.0,0.0,0.0,0.0,0.0,0.0,0.0,0.0,0.0,-11.353015827295843,-11.353015827295843,-11.353015827295843,0.9687864847135168,0.9687864847135168,0.9687864847135168,0.7352836949103057,0.7352836949103057,0.7352836949103057,-6.92777487658971,-6.92777487658971,-6.92777487658971,-3.4550079580143285,-3.4550079580143285,-3.4550079580143285,1.3794313599999999,1.3794313599999999,1.3794313599999999,0.09325286743680793,0.09325286743680793,0.09325286743680793,0.4941123825895425,0.4941123825895425,0.4941123825895425,-0.8382394176633238,-0.8382394176633238,-0.8382394176633238,-0.5508992605097995,-0.5508992605097995,-0.5508992605097995,0.7067734120805667,0.7067734120805667,0.7067734120805667,-3.406277185338914,-3.406277185338914,-3.406277185338914,-7.480232207500218,-7.480232207500218,-7.480232207500218,0.0,0.0,0.0,45.69526654061583
380,2018-03-30 14:00:00,57.04798536540812,35.8330788339731,54.56851175316909,57.04798536540812,57.04798536540812,0.0,0.0,0.0,0.0,0.0,0.0,0.0,0.0,0.0,0.0,0.0,0.0,0.0,0.0,0.0,1.3794313599999999,1.3794313599999999,1.3794313599999999,0.0,0.0,0.0,0.0,0.0,0.0,0.0,0.0,0.0,0.0,0.0,0.0,-12.58915658542995,-12.58915658542995,-12.58915658542995,-0.3908324426204537,-0.3908324426204537,-0.3908324426204537,0.7352836949103057,0.7352836949103057,0.7352836949103057,-6.702327659392518,-6.702327659392518,-6.702327659392518,-3.5124304152614942,-3.5124304152614942,-3.5124304152614942,1.3794313599999999,1.3794313599999999,1.3794313599999999,0.1863746282447637,0.1863746282447637,0.1863746282447637,0.5190057306187738,0.5190057306187738,0.5190057306187738,-0.6161539282477113,-0.6161539282477113,-0.6161539282477113,-0.6610465067773944,-0.6610465067773944,-0.6610465067773944,0.6097536563573344,0.6097536563573344,0.6097536563573344,-3.353360862879762,-3.353360862879762,-3.353360862879762,-7.485181499774313,-7.485181499774313,-7.485181499774313,0.0,0.0,0.0,44.45882877997816
381,2018-03-30 15:00:00,57.04768836290455,34.686472336493445,53.953727498912066,57.04768836290455,57.04768836290455,0.0,0.0,0.0,0.0,0.0,0.0,0.0,0.0,0.0,0.0,0.0,0.0,0.0,0.0,0.0,1.3794313599999999,1.3794313599999999,1.3794313599999999,0.0,0.0,0.0,0.0,0.0,0.0,0.0,0.0,0.0,0.0,0.0,0.0,-12.482265156888273,-12.482265156888273,-12.482265156888273,-0.43640459530731046,-0.43640459530731046,-0.43640459530731046,0.7352836949103057,0.7352836949103057,0.7352836949103057,-6.43903285064416,-6.43903285064416,-6.43903285064416,-3.5467765579140043,-3.5467765579140043,-3.5467765579140043,1.3794313599999999,1.3794313599999999,1.3794313599999999,0.27949638905271945,0.27949638905271945,0.27949638905271945,0.6379406156473233,0.6379406156473233,0.6379406156473233,-0.39406843883209886,-0.39406843883209886,-0.39406843883209886,-0.699496857836686,-0.699496857836686,-0.699496857836686,0.5038727007103533,0.5038727007103533,0.5038727007103533,-3.45141169567172,-3.45141169567172,-3.45141169567172,-7.490131771647155,-7.490131771647155,-7.490131771647155,0.0,0.0,0.0,44.56542320601628
382,2018-03-30 16:00:00,57.04739136040099,36.36358513861355,56.765058735076046,57.04739136040099,57.04739136040099,0.0,0.0,0.0,0.0,0.0,0.0,0.0,0.0,0.0,0.0,0.0,0.0,0.0,0.0,0.0,1.3794313599999999,1.3794313599999999,1.3794313599999999,0.0,0.0,0.0,0.0,0.0,0.0,0.0,0.0,0.0,0.0,0.0,0.0,-10.888470860899556,-10.888470860899556,-10.888470860899556,1.294841825687897,1.294841825687897,1.294841825687897,0.7352836949103057,0.7352836949103057,0.7352836949103057,-6.455684504511911,-6.455684504511911,-6.455684504511911,-3.454471299535383,-3.454471299535383,-3.454471299535383,1.3794313599999999,1.3794313599999999,1.3794313599999999,0.37261814986067515,0.37261814986067515,0.37261814986067515,0.5743242817948433,0.5743242817948433,0.5743242817948433,-0.19229564661913398,-0.19229564661913398,-0.19229564661913398,-0.6796934815392314,-0.6796934815392314,-0.6796934815392314,0.38802324324376425,0.38802324324376425,0.38802324324376425,-3.8114502033839877,-3.8114502033839877,-3.8114502033839877,-7.495082785319304,-7.495082785319304,-7.495082785319304,0.0,0.0,0.0,46.158920499501434
383,2018-03-30 17:00:00,57.04709435789742,40.24432755539564,59.34039267911499,57.04709435789742,57.04709435789742,0.0,0.0,0.0,0.0,0.0,0.0,0.0,0.0,0.0,0.0,0.0,0.0,0.0,0.0,0.0,1.3794313599999999,1.3794313599999999,1.3794313599999999,0.0,0.0,0.0,0.0,0.0,0.0,0.0,0.0,0.0,0.0,0.0,0.0,-7.332945487595223,-7.332945487595223,-7.332945487595223,4.066766414240229,4.066766414240229,4.066766414240229,0.7352836949103057,0.7352836949103057,0.7352836949103057,-5.54024101573399,-5.54024101573399,-5.54024101573399,-3.3664593089883255,-3.3664593089883255,-3.3664593089883255,1.3794313599999999,1.3794313599999999,1.3794313599999999,0.465739910668631,0.465739910668631,0.465739910668631,0.7867475183109504,0.7867475183109504,0.7867475183109504,0.23291681482295315,0.23291681482295315,0.23291681482295315,-0.6022145786528391,-0.6022145786528391,-0.6022145786528391,0.2611320562027593,0.2611320562027593,0.2611320562027593,-3.7922550668056667,-3.7922550668056667,-3.7922550668056667,-7.500034302304221,-7.500034302304221,-7.500034302304221,0.0,0.0,0.0,49.714148870302196
384,2018-03-30 18:00:00,56.94503963408487,38.34722576997697,58.94361323747727,56.94503963408487,56.94503963408487,0.0,0.0,0.0,0.0,0.0,0.0,0.0,0.0,0.0,0.0,0.0,0.0,0.0,0.0,0.0,-2.4275945599999997,-2.4275945599999997,-2.4275945599999997,0.0,0.0,0.0,0.0,0.0,0.0,0.0,0.0,0.0,0.0,0.0,0.0,-8.361340800314572,-8.361340800314572,-8.361340800314572,6.2666119999403245,6.2666119999403245,6.2666119999403245,0.6625018021663033,0.6625018021663033,0.6625018021663033,-4.599444990588356,-4.599444990588356,-4.599444990588356,-3.189893627231332,-3.189893627231332,-3.189893627231332,-2.4275945599999997,-2.4275945599999997,-2.4275945599999997,0.5358270379549034,0.5358270379549034,0.5358270379549034,1.252695672583709,1.252695672583709,1.252695672583709,0.5186773425948692,0.5186773425948692,0.5186773425948692,-0.4144335502393362,-0.4144335502393362,-0.4144335502393362,0.20960297279628548,0.20960297279628548,0.20960297279628548,-3.9648196684174737,-3.9648196684174737,-3.9648196684174737,-7.810516222462825,-7.810516222462825,-7.810516222462825,0.0,0.0,0.0,48.5836988337703
385,2018-03-30 19:00:00,56.9447429176583,40.4185440564317,58.718106831077904,56.9447429176583,56.9447429176583,0.0,0.0,0.0,0.0,0.0,0.0,0.0,0.0,0.0,0.0,0.0,0.0,0.0,0.0,0.0,-2.4275945599999997,-2.4275945599999997,-2.4275945599999997,0.0,0.0,0.0,0.0,0.0,0.0,0.0,0.0,0.0,0.0,0.0,0.0,-7.097837726695398,-7.097837726695398,-7.097837726695398,6.570014166051649,6.570014166051649,6.570014166051649,0.6625018021663033,0.6625018021663033,0.6625018021663033,-3.491351337097042,-3.491351337097042,-3.491351337097042,-3.228469018374991,-3.228469018374991,-3.228469018374991,-2.4275945599999997,-2.4275945599999997,-2.4275945599999997,0.625110611492833,0.625110611492833,0.625110611492833,1.9973371297361582,1.9973371297361582,1.9973371297361582,0.5895238732030578,0.5895238732030578,0.5895238732030578,-0.029106504021752334,-0.029106504021752334,-0.029106504021752334,0.06638445745462015,0.06638445745462015,0.06638445745462015,-4.108249231298651,-4.108249231298651,-4.108249231298651,-7.815290453104626,-7.815290453104626,-7.815290453104626,0.0,0.0,0.0,49.84690519096291
386,2018-03-30 20:00:00,56.944446201231735,38.04852722027929,57.642634718255074,56.944446201231735,56.944446201231735,0.0,0.0,0.0,0.0,0.0,0.0,0.0,0.0,0.0,0.0,0.0,0.0,0.0,0.0,0.0,-2.4275945599999997,-2.4275945599999997,-2.4275945599999997,0.0,0.0,0.0,0.0,0.0,0.0,0.0,0.0,0.0,0.0,0.0,0.0,-9.27060434676626,-9.27060434676626,-9.27060434676626,4.730113325561627,4.730113325561627,4.730113325561627,0.6625018021663033,0.6625018021663033,0.6625018021663033,-3.662282426464579,-3.662282426464579,-3.662282426464579,-3.307677154856638,-3.307677154856638,-3.307677154856638,-2.4275945599999997,-2.4275945599999997,-2.4275945599999997,0.7143941850307626,0.7143941850307626,0.7143941850307626,1.840544309546973,1.840544309546973,1.840544309546973,0.6179557045655546,0.6179557045655546,0.6179557045655546,-0.18755179522705226,-0.18755179522705226,-0.18755179522705226,-0.09078322562186848,-0.09078322562186848,-0.09078322562186848,-4.002449477690482,-4.002449477690482,-4.002449477690482,-7.820057460241439,-7.820057460241439,-7.820057460241439,0.0,0.0,0.0,47.67384185446547
387,2018-03-30 21:00:00,56.944149484805166,33.750630443441594,54.419417516345106,56.944149484805166,56.944149484805166,0.0,0.0,0.0,0.0,0.0,0.0,0.0,0.0,0.0,0.0,0.0,0.0,0.0,0.0,0.0,-2.4275945599999997,-2.4275945599999997,-2.4275945599999997,0.0,0.0,0.0,0.0,0.0,0.0,0.0,0.0,0.0,0.0,0.0,0.0,-12.5697013964728,-12.5697013964728,-12.5697013964728,1.6641300873468172,1.6641300873468172,1.6641300873468172,0.6625018021663033,0.6625018021663033,0.6625018021663033,-3.71877130447369,-3.71877130447369,-3.71877130447369,-3.1734347936767033,-3.1734347936767033,-3.1734347936767033,-2.4275945599999997,-2.4275945599999997,-2.4275945599999997,0.8036777585686922,0.8036777585686922,0.8036777585686922,1.3796231936892402,1.3796231936892402,1.3796231936892402,0.6361334328137082,0.6361334328137082,0.6361334328137082,-0.412573863722842,-0.412573863722842,-0.412573863722842,-0.2626486136670745,-0.2626486136670745,-0.2626486136670745,-3.614698834312088,-3.614698834312088,-3.614698834312088,-7.824817005678856,-7.824817005678856,-7.824817005678856,0.0,0.0,0.0,44.374448088332365
388,2018-03-30 22:00:00,56.94385276837859,30.02256444356904,49.48549267496385,56.94385276837859,56.94385276837859,0.0,0.0,0.0,0.0,0.0,0.0,0.0,0.0,0.0,0.0,0.0,0.0,0.0,0.0,0.0,-2.4275945599999997,-2.4275945599999997,-2.4275945599999997,0.0,0.0,0.0,0.0,0.0,0.0,0.0,0.0,0.0,0.0,0.0,0.0,-17.169809232562645,-17.169809232562645,-17.169809232562645,-1.3992136643046216,-1.3992136643046216,-1.3992136643046216,0.6625018021663033,0.6625018021663033,0.6625018021663033,-5.063596693011406,-5.063596693011406,-5.063596693011406,-3.40488714053866,-3.40488714053866,-3.40488714053866,-2.4275945599999997,-2.4275945599999997,-2.4275945599999997,0.8929613321066217,0.8929613321066217,0.8929613321066217,0.7748508872452388,0.7748508872452388,0.7748508872452388,0.6361334328137082,0.6361334328137082,0.6361334328137082,-0.7192361702927241,-0.7192361702927241,-0.7192361702927241,-0.44983546439542915,-0.44983546439542915,-0.44983546439542915,-3.9059208365118945,-3.9059208365118945,-3.9059208365118945,-7.829568850851187,-7.829568850851187,-7.829568850851187,0.0,0.0,0.0,39.77404353581595
389,2018-03-30 23:00:00,56.94355605195203,27.074592499810905,46.81172981138762,56.94355605195203,56.94355605195203,0.0,0.0,0.0,0.0,0.0,0.0,0.0,0.0,0.0,0.0,0.0,0.0,0.0,0.0,0.0,-2.4275945599999997,-2.4275945599999997,-2.4275945599999997,0.0,0.0,0.0,0.0,0.0,0.0,0.0,0.0,0.0,0.0,0.0,0.0,-20.393503309257376,-20.393503309257376,-20.393503309257376,-3.7962346819935666,-3.7962346819935666,-3.7962346819935666,0.6625018021663033,0.6625018021663033,0.6625018021663033,-5.682533708635667,-5.682533708635667,-5.682533708635667,-3.4460342244252296,-3.4460342244252296,-3.4460342244252296,-2.4275945599999997,-2.4275945599999997,-2.4275945599999997,0.9822449056445512,0.9822449056445512,0.9822449056445512,0.45031463720286113,0.45031463720286113,0.45031463720286113,0.6361334328137082,0.6361334328137082,0.6361334328137082,-1.0448672793308464,-1.0448672793308464,-1.0448672793308464,-0.652827601798757,-0.652827601798757,-0.652827601798757,-3.922826982707014,-3.922826982707014,-3.922826982707014,-7.834312756829386,-7.834312756829386,-7.834312756829386,0.0,0.0,0.0,36.55005274269465
390,2018-03-31 00:00:00,56.943259335525454,27.58049417251033,46.73709084292962,56.943259335525454,56.943259335525454,0.0,0.0,0.0,0.0,0.0,0.0,0.0,0.0,0.0,0.0,0.0,0.0,0.0,0.0,0.0,0.0,0.0,0.0,0.0,0.0,0.0,0.0,0.0,0.0,0.0,0.0,0.0,0.0,0.0,0.0,-19.58991723927469,-19.58991723927469,-19.58991723927469,-5.599249504011278,-5.599249504011278,-5.599249504011278,1.9870861605265076,1.9870861605265076,1.9870861605265076,-5.279664243660567,-5.279664243660567,-5.279664243660567,-3.4532349641053792,-3.4532349641053792,-3.4532349641053792,0.0,0.0,0.0,0.00012559672732603578,0.00012559672732603578,0.00012559672732603578,0.34180405053225027,0.34180405053225027,0.34180405053225027,0.6365995284098147,0.6365995284098147,0.6365995284098147,-1.2935073665861117,-1.2935073665861117,-1.2935073665861117,-0.8719550072667119,-0.8719550072667119,-0.8719550072667119,-3.498537249164974,-3.498537249164974,-3.498537249164974,-7.839048484336135,-7.839048484336135,-7.839048484336135,0.0,0.0,0.0,37.35334209625076
391,2018-03-31 01:00:00,56.94296261909889,26.12596962909066,45.87066388245588,56.94296261909889,56.94296261909889,0.0,0.0,0.0,0.0,0.0,0.0,0.0,0.0,0.0,0.0,0.0,0.0,0.0,0.0,0.0,0.0,0.0,0.0,0.0,0.0,0.0,0.0,0.0,0.0,0.0,0.0,0.0,0.0,0.0,0.0,-21.492807624229098,-21.492807624229098,-21.492807624229098,-7.062970989787914,-7.062970989787914,-7.062970989787914,1.9870861605265076,1.9870861605265076,1.9870861605265076,-5.478679477304963,-5.478679477304963,-5.478679477304963,-3.3333940822857446,-3.3333940822857446,-3.3333940822857446,0.0,0.0,0.0,-0.9819937121898992,-0.9819937121898992,-0.9819937121898992,0.4448393323708579,0.4448393323708579,0.4448393323708579,0.6365995284098147,0.6365995284098147,0.6365995284098147,-1.4487911907133715,-1.4487911907133715,-1.4487911907133715,-1.1073813633832976,-1.1073813633832976,-1.1073813633832976,-2.783025513423128,-2.783025513423128,-2.783025513423128,-7.843775793752927,-7.843775793752927,-7.843775793752927,0.0,0.0,0.0,35.45015499486979
392,2018-03-31 02:00:00,56.942665902672324,23.650818583816,43.83029530224135,56.942665902672324,56.942665902672324,0.0,0.0,0.0,0.0,0.0,0.0,0.0,0.0,0.0,0.0,0.0,0.0,0.0,0.0,0.0,0.0,0.0,0.0,0.0,0.0,0.0,0.0,0.0,0.0,0.0,0.0,0.0,0.0,0.0,0.0,-23.022226974288213,-23.022226974288213,-23.022226974288213,-8.018547205277395,-8.018547205277395,-8.018547205277395,1.9870861605265076,1.9870861605265076,1.9870861605265076,-5.796092081088913,-5.796092081088913,-5.796092081088913,-3.418774281350377,-3.418774281350377,-3.418774281350377,0.0,0.0,0.0,-0.8927101386519696,-0.8927101386519696,-0.8927101386519696,0.3283646659446057,0.3283646659446057,0.3283646659446057,0.6365995284098147,0.6365995284098147,0.6365995284098147,-1.528199804967671,-1.528199804967671,-1.528199804967671,-1.3590932427875089,-1.3590932427875089,-1.3590932427875089,-2.908458210999824,-2.908458210999824,-2.908458210999824,-7.848494445134392,-7.848494445134392,-7.848494445134392,0.0,0.0,0.0,33.920438928384115
393,2018-03-31 03:00:00,56.942369186245756,24.36909413699709,44.568576968125555,56.942369186245756,56.942369186245756,0.0,0.0,0.0,0.0,0.0,0.0,0.0,0.0,0.0,0.0,0.0,0.0,0.0,0.0,0.0,0.0,0.0,0.0,0.0,0.0,0.0,0.0,0.0,0.0,0.0,0.0,0.0,0.0,0.0,0.0,-22.57208851527193,-22.57208851527193,-22.57208851527193,-7.874228075385924,-7.874228075385924,-7.874228075385924,1.9870861605265076,1.9870861605265076,1.9870861605265076,-5.217765125468531,-5.217765125468531,-5.217765125468531,-3.270130440810143,-3.270130440810143,-3.270130440810143,0.0,0.0,0.0,-0.80342656511404,-0.80342656511404,-0.80342656511404,0.4323954577526685,0.4323954577526685,0.4323954577526685,0.6365995284098147,0.6365995284098147,0.6365995284098147,-1.5099748771060284,-1.5099748771060284,-1.5099748771060284,-1.626891116198943,-1.626891116198943,-1.626891116198943,-2.69031438912731,-2.69031438912731,-2.69031438912731,-7.853204198218532,-7.853204198218532,-7.853204198218532,0.0,0.0,0.0,34.37028067097383
394,2018-03-31 04:00:00,56.94207246981919,25.464057489557206,46.2533956540436,56.94207246981919,56.94207246981919,0.0,0.0,0.0,0.0,0.0,0.0,0.0,0.0,0.0,0.0,0.0,0.0,0.0,0.0,0.0,0.0,0.0,0.0,0.0,0.0,0.0,0.0,0.0,0.0,0.0,0.0,0.0,0.0,0.0,0.0,-20.997073199904765,-20.997073199904765,-20.997073199904765,-6.2141133894094756,-6.2141133894094756,-6.2141133894094756,1.9870861605265076,1.9870861605265076,1.9870861605265076,-5.014672664270565,-5.014672664270565,-5.014672664270565,-3.1909223043284958,-3.1909223043284958,-3.1909223043284958,0.0,0.0,0.0,-0.7141429915761104,-0.7141429915761104,-0.7141429915761104,0.5971523576974953,0.5971523576974953,0.5971523576974953,0.6365995284098147,0.6365995284098147,0.6365995284098147,-1.33200287747754,-1.33200287747754,-1.33200287747754,-1.910382333788341,-1.910382333788341,-1.910382333788341,-2.9984425375222354,-2.9984425375222354,-2.9984425375222354,-7.857904812436385,-7.857904812436385,-7.857904812436385,0.0,0.0,0.0,35.94499926991442
395,2018-03-31 05:00:00,56.94177575339262,28.50194178266153,48.625098019739276,56.94177575339262,56.94177575339262,0.0,0.0,0.0,0.0,0.0,0.0,0.0,0.0,0.0,0.0,0.0,0.0,0.0,0.0,0.0,0.0,0.0,0.0,0.0,0.0,0.0,0.0,0.0,0.0,0.0,0.0,0.0,0.0,0.0,0.0,-18.29841090229671,-18.29841090229671,-18.29841090229671,-3.3570474700950785,-3.3570474700950785,-3.3570474700950785,1.9870861605265076,1.9870861605265076,1.9870861605265076,-4.869791173762506,-4.869791173762506,-4.869791173762506,-3.3112775246967128,-3.3112775246967128,-3.3112775246967128,0.0,0.0,0.0,-0.6248594180381809,-0.6248594180381809,-0.6248594180381809,0.6962055996582823,0.6962055996582823,0.6962055996582823,0.6328707636409626,0.6328707636409626,0.6328707636409626,-1.1417569468401907,-1.1417569468401907,-1.1417569468401907,-2.2089762115137748,-2.2089762115137748,-2.2089762115137748,-3.108059808013174,-3.108059808013174,-3.108059808013174,-7.862596046925345,-7.862596046925345,-7.862596046925345,0.0,0.0,0.0,38.64336485109591
396,2018-03-31 06:00:00,56.94147903696605,31.435355794048167,51.370840177260156,56.94147903696605,56.94147903696605,0.0,0.0,0.0,0.0,0.0,0.0,0.0,0.0,0.0,0.0,0.0,0.0,0.0,0.0,0.0,0.0,0.0,0.0,0.0,0.0,0.0,0.0,0.0,0.0,0.0,0.0,0.0,0.0,0.0,0.0,-15.437169257903044,-15.437169257903044,-15.437169257903044,-0.2770005440079265,-0.2770005440079265,-0.2770005440079265,1.9870861605265076,1.9870861605265076,1.9870861605265076,-4.771009723323716,-4.771009723323716,-4.771009723323716,-3.323107311314102,-3.323107311314102,-3.323107311314102,0.0,0.0,0.0,-0.5355758445002513,-0.5355758445002513,-0.5355758445002513,0.7310484485892123,0.7310484485892123,0.7310484485892123,0.5648208066094131,0.5648208066094131,0.5648208066094131,-0.9639709158633516,-0.9639709158633516,-0.9639709158633516,-2.5218813300300376,-2.5218813300300376,-2.5218813300300376,-3.2313110673711445,-3.2313110673711445,-3.2313110673711445,-7.867277660541363,-7.867277660541363,-7.867277660541363,0.0,0.0,0.0,41.50430977906301
397,2018-03-31 07:00:00,56.94118232053948,34.147297081873866,54.45898899398673,56.94118232053948,56.94118232053948,0.0,0.0,0.0,0.0,0.0,0.0,0.0,0.0,0.0,0.0,0.0,0.0,0.0,0.0,0.0,0.0,0.0,0.0,0.0,0.0,0.0,0.0,0.0,0.0,0.0,0.0,0.0,0.0,0.0,0.0,-13.006999555245267,-13.006999555245267,-13.006999555245267,2.0639010715716952,2.0639010715716952,2.0639010715716952,1.9870861605265076,1.9870861605265076,1.9870861605265076,-4.350846087770953,-4.350846087770953,-4.350846087770953,-3.314363555988206,-3.314363555988206,-3.314363555988206,0.0,0.0,0.0,-0.4462922709623217,-0.4462922709623217,-0.4462922709623217,1.0839567327610617,1.0839567327610617,1.0839567327610617,0.12762313746151255,0.12762313746151255,0.12762313746151255,-0.5215514935893981,-0.5215514935893981,-0.5215514935893981,-2.848105127179199,-2.848105127179199,-2.848105127179199,-3.2673047979801093,-3.2673047979801093,-3.2673047979801093,-7.87194941186681,-7.87194941186681,-7.87194941186681,0.0,0.0,0.0,43.93418276529422
398,2018-03-31 08:00:00,56.94088560411292,34.51736158415031,53.79137789178027,56.94088560411292,56.94088560411292,0.0,0.0,0.0,0.0,0.0,0.0,0.0,0.0,0.0,0.0,0.0,0.0,0.0,0.0,0.0,0.0,0.0,0.0,0.0,0.0,0.0,0.0,0.0,0.0,0.0,0.0,0.0,0.0,0.0,0.0,-12.82216491329971,-12.82216491329971,-12.82216491329971,3.3307606360242326,3.3307606360242326,3.3307606360242326,1.9870861605265076,1.9870861605265076,1.9870861605265076,-5.089858651089103,-5.089858651089103,-5.089858651089103,-3.3303080509942515,-3.3303080509942515,-3.3303080509942515,0.0,0.0,0.0,-0.3570086974243922,-0.3570086974243922,-0.3570086974243922,0.9361235022969726,0.9361235022969726,0.9361235022969726,-0.5286394618564447,-0.5286394618564447,-0.5286394618564447,-0.1611442466928356,-0.1611442466928356,-0.1611442466928356,-3.18645583901078,-3.18645583901078,-3.18645583901078,-3.6359678569446583,-3.6359678569446583,-3.6359678569446583,-7.87661105922406,-7.87661105922406,-7.87661105922406,0.0,0.0,0.0,44.11872069081321
399,2018-03-31 09:00:00,56.940588887686346,33.64969945988422,53.44918230124154,56.940588887686346,56.940588887686346,0.0,0.0,0.0,0.0,0.0,0.0,0.0,0.0,0.0,0.0,0.0,0.0,0.0,0.0,0.0,0.0,0.0,0.0,0.0,0.0,0.0,0.0,0.0,0.0,0.0,0.0,0.0,0.0,0.0,0.0,-13.650525642262574,-13.650525642262574,-13.650525642262574,3.812000536760953,3.812000536760953,3.812000536760953,1.9870861605265076,1.9870861605265076,1.9870861605265076,-6.045717002873348,-6.045717002873348,-6.045717002873348,-3.445519885876647,-3.445519885876647,-3.445519885876647,0.0,0.0,0.0,-0.26772512388646263,-0.26772512388646263,-0.26772512388646263,0.7947610866343418,0.7947610866343418,0.7947610866343418,-1.1760462448483782,-1.1760462448483782,-1.1760462448483782,-0.06834588951977849,-0.06834588951977849,-0.06834588951977849,-3.53554681546179,-3.53554681546179,-3.53554681546179,-3.8699271059029297,-3.8699271059029297,-3.8699271059029297,-7.881262360688386,-7.881262360688386,-7.881262360688386,0.0,0.0,0.0,43.290063245423774
400,2018-03-31 10:00:00,56.940292171259784,32.33022743408891,52.933932179448064,56.940292171259784,56.940292171259784,0.0,0.0,0.0,0.0,0.0,0.0,0.0,0.0,0.0,0.0,0.0,0.0,0.0,0.0,0.0,0.0,0.0,0.0,0.0,0.0,0.0,0.0,0.0,0.0,0.0,0.0,0.0,0.0,0.0,0.0,-13.627553734557294,-13.627553734557294,-13.627553734557294,3.875373221291418,3.875373221291418,3.875373221291418,1.9870861605265076,1.9870861605265076,1.9870861605265076,-5.723220674061211,-5.723220674061211,-5.723220674061211,-3.4043728019900774,-3.4043728019900774,-3.4043728019900774,0.0,0.0,0.0,-0.17844155034853307,-0.17844155034853307,-0.17844155034853307,1.0177553197922944,1.0177553197922944,1.0177553197922944,-1.4007043221717133,-1.4007043221717133,-1.4007043221717133,-0.10312202737821873,-0.10312202737821873,-0.10312202737821873,-3.8938032076912976,-3.8938032076912976,-3.8938032076912976,-3.6414214524914708,-3.6414214524914708,-3.6414214524914708,-7.8859030740962,-7.8859030740962,-7.8859030740962,0.0,0.0,0.0,43.31273843670249
401,2018-03-31 11:00:00,56.93999545483321,32.01492844203565,52.4166350233187,56.93999545483321,56.93999545483321,0.0,0.0,0.0,0.0,0.0,0.0,0.0,0.0,0.0,0.0,0.0,0.0,0.0,0.0,0.0,0.0,0.0,0.0,0.0,0.0,0.0,0.0,0.0,0.0,0.0,0.0,0.0,0.0,0.0,0.0,-14.662156242213948,-14.662156242213948,-14.662156242213948,3.5128326605255857,3.5128326605255857,3.5128326605255857,1.9870861605265076,1.9870861605265076,1.9870861605265076,-6.024984949081696,-6.024984949081696,-6.024984949081696,-3.387913968435449,-3.387913968435449,-3.387913968435449,0.0,0.0,0.0,-0.08915797681060353,-0.08915797681060353,-0.08915797681060353,0.7728598673063285,0.7728598673063285,0.7728598673063285,-1.5349398538503862,-1.5349398538503862,-1.5349398538503862,-0.12004517467831531,-0.12004517467831531,-0.12004517467831531,-4.259470996598725,-4.259470996598725,-4.259470996598725,-3.652874003139778,-3.652874003139778,-3.652874003139778,-7.890532957059117,-7.890532957059117,-7.890532957059117,0.0,0.0,0.0,42.27783921261926
402,2018-03-31 12:00:00,56.93969873840665,30.709465964594518,50.851428796695764,56.93969873840665,56.93969873840665,0.0,0.0,0.0,0.0,0.0,0.0,0.0,0.0,0.0,0.0,0.0,0.0,0.0,0.0,0.0,0.0,0.0,0.0,0.0,0.0,0.0,0.0,0.0,0.0,0.0,0.0,0.0,0.0,0.0,0.0,-16.147061105674627,-16.147061105674627,-16.147061105674627,2.484020640017407,2.484020640017407,2.484020640017407,1.9870861605265076,1.9870861605265076,1.9870861605265076,-6.105301676895276,-6.105301676895276,-6.105301676895276,-3.2963617067878315,-3.2963617067878315,-3.2963617067878315,0.0,0.0,0.0,0.00012559672732603578,0.00012559672732603578,0.00012559672732603578,0.6105917422851397,0.6105917422851397,0.6105917422851397,-1.5759562663077589,-1.5759562663077589,-1.5759562663077589,-0.20354509926890177,-0.20354509926890177,-0.20354509926890177,-4.630628301822378,-4.630628301822378,-4.630628301822378,-3.6272421040697576,-3.6272421040697576,-3.6272421040697576,-7.8951517669743785,-7.8951517669743785,-7.8951517669743785,0.0,0.0,0.0,40.792637632732024
403,2018-03-31 13:00:00,56.93940202198008,28.520457069966188,49.1070183449787,56.93940202198008,56.93940202198008,0.0,0.0,0.0,0.0,0.0,0.0,0.0,0.0,0.0,0.0,0.0,0.0,0.0,0.0,0.0,0.0,0.0,0.0,0.0,0.0,0.0,0.0,0.0,0.0,0.0,0.0,0.0,0.0,0.0,0.0,-18.51135501791604,-18.51135501791604,-18.51135501791604,0.8985412927937334,0.8985412927937334,0.8985412927937334,1.9870861605265076,1.9870861605265076,1.9870861605265076,-6.504938167340064,-6.504938167340064,-6.504938167340064,-3.3889426455326137,-3.3889426455326137,-3.3889426455326137,0.0,0.0,0.0,0.08940917026525559,0.08940917026525559,0.08940917026525559,0.48465973114906374,0.48465973114906374,0.48465973114906374,-1.5806172222688233,-1.5806172222688233,-1.5806172222688233,-0.412573863722842,-0.412573863722842,-0.412573863722842,-5.005198882333695,-5.005198882333695,-5.005198882333695,-3.6839594977566112,-3.6839594977566112,-3.6839594977566112,-7.899759261036011,-7.899759261036011,-7.899759261036011,0.0,0.0,0.0,38.42804700406404
404,2018-03-31 14:00:00,56.93910530555351,26.374400870241534,47.47377802779281,56.93910530555351,56.93910530555351,0.0,0.0,0.0,0.0,0.0,0.0,0.0,0.0,0.0,0.0,0.0,0.0,0.0,0.0,0.0,0.0,0.0,0.0,0.0,0.0,0.0,0.0,0.0,0.0,0.0,0.0,0.0,0.0,0.0,0.0,-20.012434469720763,-20.012434469720763,-20.012434469720763,-0.4472238076228265,-0.4472238076228265,-0.4472238076228265,1.9870861605265076,1.9870861605265076,1.9870861605265076,-6.27988775268893,-6.27988775268893,-6.27988775268893,-3.3837992600467923,-3.3837992600467923,-3.3837992600467923,0.0,0.0,0.0,0.17869274380318514,0.17869274380318514,0.17869274380318514,0.5200003350647214,0.5200003350647214,0.5200003350647214,-1.52375355954383,-1.52375355954383,-1.52375355954383,-0.5633944402105161,-0.5633944402105161,-0.5633944402105161,-5.380967713161693,-5.380967713161693,-5.380967713161693,-3.4947197322822054,-3.4947197322822054,-3.4947197322822054,-7.904355196247316,-7.904355196247316,-7.904355196247316,0.0,0.0,0.0,36.92667083583275
405,2018-03-31 15:00:00,56.93880858912694,27.802774792908078,47.34164116613597,56.93880858912694,56.93880858912694,0.0,0.0,0.0,0.0,0.0,0.0,0.0,0.0,0.0,0.0,0.0,0.0,0.0,0.0,0.0,0.0,0.0,0.0,0.0,0.0,0.0,0.0,0.0,0.0,0.0,0.0,0.0,0.0,0.0,0.0,-19.898649922924793,-19.898649922924793,-19.898649922924793,-0.47628514062754246,-0.47628514062754246,-0.47628514062754246,1.9870861605265076,1.9870861605265076,1.9870861605265076,-5.757826957447188,-5.757826957447188,-5.757826957447188,-3.3837992600467923,-3.3837992600467923,-3.3837992600467923,0.0,0.0,0.0,0.2679763173411147,0.2679763173411147,0.2679763173411147,0.4896372809963394,0.4896372809963394,0.4896372809963394,-1.374602968789749,-1.374602968789749,-1.374602968789749,-0.6584244212033662,-0.6584244212033662,-0.6584244212033662,-5.755598495417012,-5.755598495417012,-5.755598495417012,-3.0857000662712415,-3.0857000662712415,-3.0857000662712415,-7.908939329433051,-7.908939329433051,-7.908939329433051,0.0,0.0,0.0,37.040158666202146
406,2018-03-31 16:00:00,56.938511872700374,28.8808312967733,48.97687444205917,56.938511872700374,56.938511872700374,0.0,0.0,0.0,0.0,0.0,0.0,0.0,0.0,0.0,0.0,0.0,0.0,0.0,0.0,0.0,0.0,0.0,0.0,0.0,0.0,0.0,0.0,0.0,0.0,0.0,0.0,0.0,0.0,0.0,0.0,-17.5546076350896,-17.5546076350896,-17.5546076350896,1.2684682919859327,1.2684682919859327,1.2684682919859327,1.9870861605265076,1.9870861605265076,1.9870861605265076,-4.782911578009294,-4.782911578009294,-4.782911578009294,-3.271159117907307,-3.271159117907307,-3.271159117907307,0.0,0.0,0.0,0.35725989087904425,0.35725989087904425,0.35725989087904425,0.48465973114906374,0.48465973114906374,0.48465973114906374,-1.0460055735346638,-1.0460055735346638,-1.0460055735346638,-0.6747896625485145,-0.6747896625485145,-0.6747896625485145,-6.126652931816316,-6.126652931816316,-6.126652931816316,-2.619963006573424,-2.619963006573424,-2.619963006573424,-7.913511417249921,-7.913511417249921,-7.913511417249921,0.0,0.0,0.0,39.38390423761078
407,2018-03-31 17:00:00,56.938215156273806,34.859716692104726,55.58713055183478,56.938215156273806,56.938215156273806,0.0,0.0,0.0,0.0,0.0,0.0,0.0,0.0,0.0,0.0,0.0,0.0,0.0,0.0,0.0,0.0,0.0,0.0,0.0,0.0,0.0,0.0,0.0,0.0,0.0,0.0,0.0,0.0,0.0,0.0,-12.307193756151081,-12.307193756151081,-12.307193756151081,4.045346542776169,4.045346542776169,4.045346542776169,1.9870861605265076,1.9870861605265076,1.9870861605265076,-1.9428575046485677,-1.9428575046485677,-1.9428575046485677,-3.112742844944013,-3.112742844944013,-3.112742844944013,0.0,0.0,0.0,0.44654346441697385,0.44654346441697385,0.44654346441697385,1.3114307607815625,1.3114307607815625,1.3114307607815625,-0.41164946723371226,-0.41164946723371226,-0.41164946723371226,-0.6195569730086388,-0.6195569730086388,-0.6195569730086388,-6.4916115780817485,-6.4916115780817485,-6.4916115780817485,-1.5439686051872477,-1.5439686051872477,-1.5439686051872477,-7.918071216196937,-7.918071216196937,-7.918071216196937,0.0,0.0,0.0,44.63102140012273
408,2018-03-31 18:00:00,56.721781031424044,38.3163622771133,59.439580838425854,56.721781031424044,56.721781031424044,0.0,0.0,0.0,0.0,0.0,0.0,0.0,0.0,0.0,0.0,0.0,0.0,0.0,0.0,0.0,0.0,0.0,0.0,0.0,0.0,0.0,0.0,0.0,0.0,0.0,0.0,0.0,0.0,0.0,0.0,-8.095516594524161,-8.095516594524161,-8.095516594524161,6.166736319969153,6.166736319969153,6.166736319969153,1.734759080748708,1.734759080748708,1.734759080748708,0.5375443573275882,0.5375443573275882,0.5375443573275882,-2.729888993088,-2.729888993088,-2.729888993088,0.0,0.0,0.0,0.5519147978489053,0.5519147978489053,0.5519147978489053,2.10957607130321,2.10957607130321,2.10957607130321,0.22923515702478164,0.22923515702478164,0.22923515702478164,-0.3839221160821305,-0.3839221160821305,-0.3839221160821305,-6.580264309830309,-6.580264309830309,-6.580264309830309,-0.9741296404278866,-0.9741296404278866,-0.9741296404278866,-8.219532961990597,-8.219532961990597,-8.219532961990597,0.0,0.0,0.0,48.62626443689988
409,2018-03-31 19:00:00,56.721459501685125,40.69113846605646,60.264467749161255,56.721459501685125,56.721459501685125,0.0,0.0,0.0,0.0,0.0,0.0,0.0,0.0,0.0,0.0,0.0,0.0,0.0,0.0,0.0,0.0,0.0,0.0,0.0,0.0,0.0,0.0,0.0,0.0,0.0,0.0,0.0,0.0,0.0,0.0,-6.401588751876826,-6.401588751876826,-6.401588751876826,6.440081953880103,6.440081953880103,6.440081953880103,1.734759080748708,1.734759080748708,1.734759080748708,2.2885574632098415,2.2885574632098415,2.2885574632098415,-2.4132298003881543,-2.4132298003881543,-2.4132298003881543,0.0,0.0,0.0,0.6438790543917697,0.6438790543917697,0.6438790543917697,2.435219105952576,2.435219105952576,2.435219105952576,0.3928634740040719,0.3928634740040719,0.3928634740040719,0.14956642219224336,0.14956642219224336,0.14956642219224336,-6.906014116116624,-6.906014116116624,-6.906014116116624,-0.6544998736913735,-0.6544998736913735,-0.6544998736913735,-8.224214052850146,-8.224214052850146,-8.224214052850146,0.0,0.0,0.0,50.3198707498083
410,2018-03-31 20:00:00,56.7211379719462,38.121768663294574,58.07645144162854,56.7211379719462,56.7211379719462,0.0,0.0,0.0,0.0,0.0,0.0,0.0,0.0,0.0,0.0,0.0,0.0,0.0,0.0,0.0,0.0,0.0,0.0,0.0,0.0,0.0,0.0,0.0,0.0,0.0,0.0,0.0,0.0,0.0,0.0,-8.732436775339306,-8.732436775339306,-8.732436775339306,4.588310392046933,4.588310392046933,4.588310392046933,1.734759080748708,1.734759080748708,1.734759080748708,2.1256499333946994,2.1256499333946994,2.1256499333946994,-2.4721431385648693,-2.4721431385648693,-2.4721431385648693,0.0,0.0,0.0,0.7358433109346343,0.7358433109346343,0.7358433109346343,2.2207712538664084,2.2207712538664084,2.2207712538664084,0.4051848834151631,0.4051848834151631,0.4051848834151631,-0.11629091670674842,-0.11629091670674842,-0.11629091670674842,-7.2175217660777955,-7.2175217660777955,-7.2175217660777955,-0.3824745402985963,-0.3824745402985963,-0.3824745402985963,-8.228875334703144,-8.228875334703144,-8.228875334703144,0.0,0.0,0.0,47.9887011966069
411,2018-03-31 21:00:00,56.72081644220727,34.47695805456194,54.524868074724466,56.72081644220727,56.72081644220727,0.0,0.0,0.0,0.0,0.0,0.0,0.0,0.0,0.0,0.0,0.0,0.0,0.0,0.0,0.0,0.0,0.0,0.0,0.0,0.0,0.0,0.0,0.0,0.0,0.0,0.0,0.0,0.0,0.0,0.0,-12.128408620949518,-12.128408620949518,-12.128408620949518,1.5403028560495298,1.5403028560495298,1.5403028560495298,1.734759080748708,1.734759080748708,1.734759080748708,2.0771311736246356,2.0771311736246356,2.0771311736246356,-2.586042259039853,-2.586042259039853,-2.586042259039853,0.0,0.0,0.0,0.8278075674774986,0.8278075674774986,0.8278075674774986,2.2871145980847873,2.2871145980847873,2.2871145980847873,0.4490491009186475,0.4490491009186475,0.4490491009186475,-0.39589567429776484,-0.39589567429776484,-0.39589567429776484,-7.512326090743527,-7.512326090743527,-7.512326090743527,-0.23966124026738833,-0.23966124026738833,-0.23966124026738833,-8.233516559880155,-8.233516559880155,-8.233516559880155,0.0,0.0,0.0,44.59240782125775
412,2018-03-31 22:00:00,56.720494912468354,24.5925265566299,45.33000725238187,56.720494912468354,56.720494912468354,0.0,0.0,0.0,0.0,0.0,0.0,0.0,0.0,0.0,0.0,0.0,0.0,0.0,0.0,0.0,0.0,0.0,0.0,0.0,0.0,0.0,0.0,0.0,0.0,0.0,0.0,0.0,0.0,0.0,0.0,-21.362487977165486,-21.362487977165486,-21.362487977165486,-1.4704445795170376,-1.4704445795170376,-1.4704445795170376,1.734759080748708,1.734759080748708,1.734759080748708,-3.8658927288292064,-3.8658927288292064,-3.8658927288292064,-2.6351367075204495,-2.6351367075204495,-2.6351367075204495,0.0,0.0,0.0,0.9197718240203633,0.9197718240203633,0.9197718240203633,-0.33111146529404356,-0.33111146529404356,-0.33111146529404356,0.6979415710226885,0.6979415710226885,0.6979415710226885,-0.3712833601878498,-0.3712833601878498,-0.3712833601878498,-7.78801318796797,-7.78801318796797,-7.78801318796797,-3.880833671618624,-3.880833671618624,-3.880833671618624,-8.23813748085128,-8.23813748085128,-8.23813748085128,0.0,0.0,0.0,35.35800693530287
413,2018-03-31 23:00:00,56.720173382729435,22.34728096791931,42.244126244365724,56.720173382729435,56.720173382729435,0.0,0.0,0.0,0.0,0.0,0.0,0.0,0.0,0.0,0.0,0.0,0.0,0.0,0.0,0.0,0.0,0.0,0.0,0.0,0.0,0.0,0.0,0.0,0.0,0.0,0.0,0.0,0.0,0.0,0.0,-24.52363580589983,-24.52363580589983,-24.52363580589983,-3.7878554809283953,-3.7878554809283953,-3.7878554809283953,1.734759080748708,1.734759080748708,1.734759080748708,-4.450802215980238,-4.450802215980238,-4.450802215980238,-2.845751891502207,-2.845751891502207,-2.845751891502207,0.0,0.0,0.0,1.0117360805632278,1.0117360805632278,1.0117360805632278,-0.5591083102135419,-0.5591083102135419,-0.5591083102135419,0.6974487146462448,0.6974487146462448,0.6974487146462448,-0.8289393630965397,-0.8289393630965397,-0.8289393630965397,-8.042240258746757,-8.042240258746757,-8.042240258746757,-3.6609465271261294,-3.6609465271261294,-3.6609465271261294,-8.242737850244442,-8.242737850244442,-8.242737850244442,0.0,0.0,0.0,32.196537576829606
414,2018-04-01 00:00:00,56.71985185299051,20.056246266455517,41.08090981181529,56.71985185299051,56.71985185299051,0.0,0.0,0.0,0.0,0.0,0.0,0.0,0.0,0.0,0.0,0.0,0.0,0.0,0.0,0.0,0.0,0.0,0.0,0.0,0.0,0.0,0.0,0.0,0.0,0.0,0.0,0.0,0.0,0.0,0.0,-26.592294374071123,-26.592294374071123,-26.592294374071123,-5.504794511950685,-5.504794511950685,-5.504794511950685,2.891956387056925,2.891956387056925,2.891956387056925,-4.567423297532658,-4.567423297532658,-4.567423297532658,-2.9287215094344146,-2.9287215094344146,-2.9287215094344146,0.0,0.0,0.0,0.00012925859171837717,0.00012925859171837717,0.00012925859171837717,-0.6207795879376685,-0.6207795879376685,-0.6207795879376685,0.6974487146462448,0.6974487146462448,0.6974487146462448,-1.1216263417009342,-1.1216263417009342,-1.1216263417009342,-8.272759143731662,-8.272759143731662,-8.272759143731662,-3.485830218754529,-3.485830218754529,-3.485830218754529,-8.247317420856122,-8.247317420856122,-8.247317420856122,0.0,0.0,0.0,30.127557478919385
415,2018-04-01 01:00:00,56.71953032325158,17.26324731654847,37.795935770993374,56.71953032325158,56.71953032325158,0.0,0.0,0.0,0.0,0.0,0.0,0.0,0.0,0.0,0.0,0.0,0.0,0.0,0.0,0.0,0.0,0.0,0.0,0.0,0.0,0.0,0.0,0.0,0.0,0.0,0.0,0.0,0.0,0.0,0.0,-29.089476970952592,-29.089476970952592,-29.089476970952592,-6.902263549773733,-6.902263549773733,-6.902263549773733,2.891956387056925,2.891956387056925,2.891956387056925,-5.457898179411402,-5.457898179411402,-5.457898179411402,-2.861462115015998,-2.861462115015998,-2.861462115015998,0.0,0.0,0.0,-1.0114775633797908,-1.0114775633797908,-1.0114775633797908,-0.607697801753763,-0.607697801753763,-0.607697801753763,0.6979415710226885,0.6979415710226885,0.6979415710226885,-1.2156409469496188,-1.2156409469496188,-1.2156409469496188,-8.477439296106825,-8.477439296106825,-8.477439296106825,-3.351517710391845,-3.351517710391845,-3.351517710391845,-8.251875945660634,-8.251875945660634,-8.251875945660634,0.0,0.0,0.0,27.63005335229899
416,2018-04-01 02:00:00,56.719208793512664,15.761907835073975,36.08238836787922,56.719208793512664,56.719208793512664,0.0,0.0,0.0,0.0,0.0,0.0,0.0,0.0,0.0,0.0,0.0,0.0,0.0,0.0,0.0,0.0,0.0,0.0,0.0,0.0,0.0,0.0,0.0,0.0,0.0,0.0,0.0,0.0,0.0,0.0,-30.39387303036281,-30.39387303036281,-30.39387303036281,-7.8311924043811185,-7.8311924043811185,-7.8311924043811185,2.891956387056925,2.891956387056925,2.891956387056925,-5.651977515925176,-5.651977515925176,-5.651977515925176,-2.921848286647131,-2.921848286647131,-2.921848286647131,0.0,0.0,0.0,-0.9195133068369266,-0.9195133068369266,-0.9195133068369266,-0.6394678539146766,-0.6394678539146766,-0.6394678539146766,0.6979415710226885,0.6979415710226885,0.6979415710226885,-1.2531137495133633,-1.2531137495133633,-1.2531137495133633,-8.65428993222999,-8.65428993222999,-8.65428993222999,-3.507932277092692,-3.507932277092692,-3.507932277092692,-8.256413177826525,-8.256413177826525,-8.256413177826525,0.0,0.0,0.0,26.325335763149855
417,2018-04-01 03:00:00,56.71888726377374,16.145651797757676,36.30185289322702,56.71888726377374,56.71888726377374,0.0,0.0,0.0,0.0,0.0,0.0,0.0,0.0,0.0,0.0,0.0,0.0,0.0,0.0,0.0,0.0,0.0,0.0,0.0,0.0,0.0,0.0,0.0,0.0,0.0,0.0,0.0,0.0,0.0,0.0,-30.60876719083337,-30.60876719083337,-30.60876719083337,-7.703246005808512,-7.703246005808512,-7.703246005808512,2.891956387056925,2.891956387056925,2.891956387056925,-5.8431112067364985,-5.8431112067364985,-5.8431112067364985,-2.942467955008982,-2.942467955008982,-2.942467955008982,0.0,0.0,0.0,-0.827549050294062,-0.827549050294062,-0.827549050294062,-0.6511480201503067,-0.6511480201503067,-0.6511480201503067,0.6984344273991322,0.6984344273991322,0.6984344273991322,-1.1513385046804714,-1.1513385046804714,-1.1513385046804714,-8.801481107562978,-8.801481107562978,-8.801481107562978,-3.860998491058734,-3.860998491058734,-3.860998491058734,-8.260928870725383,-8.260928870725383,-8.260928870725383,0.0,0.0,0.0,26.11012007294037
418,2018-04-01 04:00:00,56.71856573403482,18.100015821835115,38.16390592126425,56.71856573403482,56.71856573403482,0.0,0.0,0.0,0.0,0.0,0.0,0.0,0.0,0.0,0.0,0.0,0.0,0.0,0.0,0.0,0.0,0.0,0.0,0.0,0.0,0.0,0.0,0.0,0.0,0.0,0.0,0.0,0.0,0.0,0.0,-28.285022572649805,-28.285022572649805,-28.285022572649805,-6.088879703883616,-6.088879703883616,-6.088879703883616,2.891956387056925,2.891956387056925,2.891956387056925,-5.01335661501494,-5.01335661501494,-5.01335661501494,-2.848206613926237,-2.848206613926237,-2.848206613926237,0.0,0.0,0.0,-0.7355847937511975,-0.7355847937511975,-0.7355847937511975,-0.4535196074434464,-0.4535196074434464,-0.4535196074434464,0.6979415710226885,0.6979415710226885,0.6979415710226885,-0.6766090946865252,-0.6766090946865252,-0.6766090946865252,-8.917363475805514,-8.917363475805514,-8.917363475805514,-3.8893344632871485,-3.8893344632871485,-3.8893344632871485,-8.265422777945737,-8.265422777945737,-8.265422777945737,0.0,0.0,0.0,28.433543161385014
419,2018-04-01 05:00:00,56.71824420429589,22.790633631865287,42.72621498526207,56.71824420429589,56.71824420429589,0.0,0.0,0.0,0.0,0.0,0.0,0.0,0.0,0.0,0.0,0.0,0.0,0.0,0.0,0.0,0.0,0.0,0.0,0.0,0.0,0.0,0.0,0.0,0.0,0.0,0.0,0.0,0.0,0.0,0.0,-24.343348822096356,-24.343348822096356,-24.343348822096356,-3.2852526874984807,-3.2852526874984807,-3.2852526874984807,2.891956387056925,2.891956387056925,2.891956387056925,-3.787714978368038,-3.787714978368038,-3.787714978368038,-2.576223369343734,-2.576223369343734,-2.576223369343734,0.0,0.0,0.0,-0.643620537208333,-0.643620537208333,-0.643620537208333,-0.3927827430181702,-0.3927827430181702,-0.3927827430181702,0.6969558582698011,0.6969558582698011,0.6969558582698011,0.04202613081108323,0.04202613081108323,0.04202613081108323,-9.000486502927235,-9.000486502927235,-9.000486502927235,-3.8060267049356105,-3.8060267049356105,-3.8060267049356105,-8.269894653302604,-8.269894653302604,-8.269894653302604,0.0,0.0,0.0,32.37489538219954
420,2018-04-01 06:00:00,56.71792267455697,25.640233141778314,45.40128385439872,56.71792267455697,56.71792267455697,0.0,0.0,0.0,0.0,0.0,0.0,0.0,0.0,0.0,0.0,0.0,0.0,0.0,0.0,0.0,0.0,0.0,0.0,0.0,0.0,0.0,0.0,0.0,0.0,0.0,0.0,0.0,0.0,0.0,0.0,-20.797770244817638,-20.797770244817638,-20.797770244817638,-0.2489054721172997,-0.2489054721172997,-0.2489054721172997,2.891956387056925,2.891956387056925,2.891956387056925,-3.2249055992499076,-3.2249055992499076,-3.2249055992499076,-2.622372150915494,-2.622372150915494,-2.622372150915494,0.0,0.0,0.0,-0.5516562806654685,-0.5516562806654685,-0.5516562806654685,-0.2759810806618697,-0.2759810806618697,-0.2759810806618697,0.6880844434938156,0.6880844434938156,0.6880844434938156,0.5185294012814197,0.5185294012814197,0.5185294012814197,-9.049614922595838,-9.049614922595838,-9.049614922595838,-3.873466318839236,-3.873466318839236,-3.873466318839236,-8.274344250854597,-8.274344250854597,-8.274344250854597,0.0,0.0,0.0,35.92015242973933
421,2018-04-01 07:00:00,56.71760114481805,29.463339533525016,50.04498601494772,56.71760114481805,56.71760114481805,0.0,0.0,0.0,0.0,0.0,0.0,0.0,0.0,0.0,0.0,0.0,0.0,0.0,0.0,0.0,0.0,0.0,0.0,0.0,0.0,0.0,0.0,0.0,0.0,0.0,0.0,0.0,0.0,0.0,0.0,-17.426986447893224,-17.426986447893224,-17.426986447893224,2.064031978568653,2.064031978568653,2.064031978568653,2.891956387056925,2.891956387056925,2.891956387056925,-2.1485038626826185,-2.1485038626826185,-2.1485038626826185,-2.422557745599468,-2.422557745599468,-2.422557745599468,0.0,0.0,0.0,-0.45969202412260407,-0.45969202412260407,-0.45969202412260407,0.2673802526196399,0.2673802526196399,0.2673802526196399,0.5259346956438562,0.5259346956438562,0.5259346956438562,0.8726362988808275,0.8726362988808275,0.8726362988808275,-9.063743238868936,-9.063743238868936,-9.063743238868936,-3.8241617271617954,-3.8241617271617954,-3.8241617271617954,-8.278771324910325,-8.278771324910325,-8.278771324910325,0.0,0.0,0.0,39.29061469692482
422,2018-04-01 08:00:00,56.71727961507913,31.064092088672115,51.2614071831958,56.71727961507913,56.71727961507913,0.0,0.0,0.0,0.0,0.0,0.0,0.0,0.0,0.0,0.0,0.0,0.0,0.0,0.0,0.0,0.0,0.0,0.0,0.0,0.0,0.0,0.0,0.0,0.0,0.0,0.0,0.0,0.0,0.0,0.0,-15.798145691250753,-15.798145691250753,-15.798145691250753,3.3149609192672953,3.3149609192672953,3.3149609192672953,2.891956387056925,2.891956387056925,2.891956387056925,-1.7878228782078285,-1.7878228782078285,-1.7878228782078285,-2.296875957489141,-2.296875957489141,-2.296875957489141,0.0,0.0,0.0,-0.3677277675797396,-0.3677277675797396,-0.3677277675797396,0.4449187794012166,0.4449187794012166,0.4449187794012166,0.22479944963678883,0.22479944963678883,0.22479944963678883,1.0531266023535375,1.0531266023535375,1.0531266023535375,-9.042108102265084,-9.042108102265084,-9.042108102265084,-3.7380203715874165,-3.7380203715874165,-3.7380203715874165,-8.283175630045138,-8.283175630045138,-8.283175630045138,0.0,0.0,0.0,40.919133923828376
423,2018-04-01 09:00:00,56.7169580853402,31.01162144087355,50.837205093154395,56.7169580853402,56.7169580853402,0.0,0.0,0.0,0.0,0.0,0.0,0.0,0.0,0.0,0.0,0.0,0.0,0.0,0.0,0.0,0.0,0.0,0.0,0.0,0.0,0.0,0.0,0.0,0.0,0.0,0.0,0.0,0.0,0.0,0.0,-15.892288853220684,-15.892288853220684,-15.892288853220684,3.7862490160507094,3.7862490160507094,3.7862490160507094,2.891956387056925,2.891956387056925,2.891956387056925,-2.4067825395690825,-2.4067825395690825,-2.4067825395690825,-2.2472905645237384,-2.2472905645237384,-2.2472905645237384,0.0,0.0,0.0,-0.2757635110368751,-0.2757635110368751,-0.2757635110368751,0.13936563067713464,0.13936563067713464,0.13936563067713464,0.01287120776602126,0.01287120776602126,0.01287120776602126,1.0843908932499162,1.0843908932499162,1.0843908932499162,-8.984198408592594,-8.984198408592594,-8.984198408592594,-4.012312582758466,-4.012312582758466,-4.012312582758466,-8.28755692110972,-8.28755692110972,-8.28755692110972,0.0,0.0,0.0,40.82466923211952
424,2018-04-01 10:00:00,56.716636555601276,29.675423923605393,50.709016127543876,56.716636555601276,56.716636555601276,0.0,0.0,0.0,0.0,0.0,0.0,0.0,0.0,0.0,0.0,0.0,0.0,0.0,0.0,0.0,0.0,0.0,0.0,0.0,0.0,0.0,0.0,0.0,0.0,0.0,0.0,0.0,0.0,0.0,0.0,-16.700424051627497,-16.700424051627497,-16.700424051627497,3.8432853324194665,3.8432853324194665,3.8432853324194665,2.891956387056925,2.891956387056925,2.891956387056925,-3.3620314362204002,-3.3620314362204002,-3.3620314362204002,-2.3454794614849312,-2.3454794614849312,-2.3454794614849312,0.0,0.0,0.0,-0.18379925449401058,-0.18379925449401058,-0.18379925449401058,-0.23019482901819996,-0.23019482901819996,-0.23019482901819996,-0.08422149839337689,-0.08422149839337689,-0.08422149839337689,1.0378270557446714,1.0378270557446714,1.0378270557446714,-8.889762994582542,-8.889762994582542,-8.889762994582542,-4.448119835631479,-4.448119835631479,-4.448119835631479,-8.29191495324402,-8.29191495324402,-8.29191495324402,0.0,0.0,0.0,40.016212503973776
425,2018-04-01 11:00:00,56.71631502586236,29.254826744660292,49.60805757281127,56.71631502586236,56.71631502586236,0.0,0.0,0.0,0.0,0.0,0.0,0.0,0.0,0.0,0.0,0.0,0.0,0.0,0.0,0.0,0.0,0.0,0.0,0.0,0.0,0.0,0.0,0.0,0.0,0.0,0.0,0.0,0.0,0.0,0.0,-17.32606381096862,-17.32606381096862,-17.32606381096862,3.4796395966059444,3.4796395966059444,3.4796395966059444,2.891956387056925,2.891956387056925,2.891956387056925,-3.7506380948855833,-3.7506380948855833,-3.7506380948855833,-2.458396692990303,-2.458396692990303,-2.458396692990303,0.0,0.0,0.0,-0.09183499795114611,-0.09183499795114611,-0.09183499795114611,-0.2918661067423266,-0.2918661067423266,-0.2918661067423266,-0.11773573199154481,-0.11773573199154481,-0.11773573199154481,1.032283741755952,1.032283741755952,1.032283741755952,-8.758815830797785,-8.758815830797785,-8.758815830797785,-4.715044694023141,-4.715044694023141,-4.715044694023141,-8.296249481891197,-8.296249481891197,-8.296249481891197,0.0,0.0,0.0,39.39025121489374
426,2018-04-01 12:00:00,56.71599349612343,28.109814114957484,48.269555655585016,56.71599349612343,56.71599349612343,0.0,0.0,0.0,0.0,0.0,0.0,0.0,0.0,0.0,0.0,0.0,0.0,0.0,0.0,0.0,0.0,0.0,0.0,0.0,0.0,0.0,0.0,0.0,0.0,0.0,0.0,0.0,0.0,0.0,0.0,-18.352788921941144,-18.352788921941144,-18.352788921941144,2.45630983998417,2.45630983998417,2.45630983998417,2.891956387056925,2.891956387056925,2.891956387056925,-3.9168998591206314,-3.9168998591206314,-3.9168998591206314,-2.5457848112857637,-2.5457848112857637,-2.5457848112857637,0.0,0.0,0.0,0.00012925859171837717,0.00012925859171837717,0.00012925859171837717,-0.248883094995208,-0.248883094995208,-0.248883094995208,-0.08274292926404597,-0.08274292926404597,-0.08274292926404597,0.8254072636969366,0.8254072636969366,0.8254072636969366,-8.591638639998132,-8.591638639998132,-8.591638639998132,-4.756981932921193,-4.756981932921193,-4.756981932921193,-8.300560262806549,-8.300560262806549,-8.300560262806549,0.0,0.0,0.0,38.36320457418229
427,2018-04-01 13:00:00,56.715671966384505,27.043885976310445,46.974454080691274,56.715671966384505,56.715671966384505,0.0,0.0,0.0,0.0,0.0,0.0,0.0,0.0,0.0,0.0,0.0,0.0,0.0,0.0,0.0,0.0,0.0,0.0,0.0,0.0,0.0,0.0,0.0,0.0,0.0,0.0,0.0,0.0,0.0,0.0,-19.549712281062867,-19.549712281062867,-19.549712281062867,0.8800955034996047,0.8800955034996047,0.8800955034996047,2.891956387056925,2.891956387056925,2.891956387056925,-3.7361798348374156,-3.7361798348374156,-3.7361798348374156,-2.5055273635316753,-2.5055273635316753,-2.5055273635316753,0.0,0.0,0.0,0.09209351513458286,0.09209351513458286,0.09209351513458286,-0.21103935639176669,-0.21103935639176669,-0.21103935639176669,0.053778287010843834,0.053778287010843834,0.053778287010843834,0.6706379371318854,0.6706379371318854,0.6706379371318854,-8.388780897654494,-8.388780897654494,-8.388780897654494,-4.728079241248211,-4.728079241248211,-4.728079241248211,-8.304847052070567,-8.304847052070567,-8.304847052070567,0.0,0.0,0.0,37.16595968532164
428,2018-04-01 14:00:00,56.71535043664558,26.036855360996473,46.75225278748236,56.71535043664558,56.71535043664558,0.0,0.0,0.0,0.0,0.0,0.0,0.0,0.0,0.0,0.0,0.0,0.0,0.0,0.0,0.0,0.0,0.0,0.0,0.0,0.0,0.0,0.0,0.0,0.0,0.0,0.0,0.0,0.0,0.0,0.0,-20.15223423827295,-20.15223423827295,-20.15223423827295,-0.45947919647879065,-0.45947919647879065,-0.45947919647879065,2.891956387056925,2.891956387056925,2.891956387056925,-3.2325882351791484,-3.2325882351791484,-3.2325882351791484,-2.5305655322567793,-2.5305655322567793,-2.5305655322567793,0.0,0.0,0.0,0.18405777167744736,0.18405777167744736,0.18405777167744736,-0.22552276252394793,-0.22552276252394793,-0.22552276252394793,0.3159778792788632,0.3159778792788632,0.3159778792788632,0.5892620877774818,0.5892620877774818,0.5892620877774818,-8.151057200512634,-8.151057200512634,-8.151057200512634,-4.457754066189139,-4.457754066189139,-4.457754066189139,-8.309109606102377,-8.309109606102377,-8.309109606102377,0.0,0.0,0.0,36.563116198372626
429,2018-04-01 15:00:00,56.71502890690666,27.953926648467334,47.84831920257199,56.71502890690666,56.71502890690666,0.0,0.0,0.0,0.0,0.0,0.0,0.0,0.0,0.0,0.0,0.0,0.0,0.0,0.0,0.0,0.0,0.0,0.0,0.0,0.0,0.0,0.0,0.0,0.0,0.0,0.0,0.0,0.0,0.0,0.0,-18.479315184203983,-18.479315184203983,-18.479315184203983,-0.49265204223647613,-0.49265204223647613,-0.49265204223647613,2.891956387056925,2.891956387056925,2.891956387056925,-1.7937734418729192,-1.7937734418729192,-1.7937734418729192,-2.3808274643909604,-2.3808274643909604,-2.3808274643909604,0.0,0.0,0.0,0.2760220282203118,0.2760220282203118,0.2760220282203118,0.41501755383800365,0.41501755383800365,0.41501755383800365,0.5880345990757555,0.5880345990757555,0.5880345990757555,0.6085528204582259,0.6085528204582259,0.6085528204582259,-7.879542018422432,-7.879542018422432,-7.879542018422432,-4.192529366131181,-4.192529366131181,-4.192529366131181,-8.313347681672159,-8.313347681672159,-8.313347681672159,0.0,0.0,0.0,38.23571372270268
430,2018-04-01 16:00:00,56.714707377167734,31.197169381815176,51.72863290129057,56.714707377167734,56.714707377167734,0.0,0.0,0.0,0.0,0.0,0.0,0.0,0.0,0.0,0.0,0.0,0.0,0.0,0.0,0.0,0.0,0.0,0.0,0.0,0.0,0.0,0.0,0.0,0.0,0.0,0.0,0.0,0.0,0.0,0.0,-15.61137862035521,-15.61137862035521,-15.61137862035521,1.234093064775073,1.234093064775073,1.234093064775073,2.891956387056925,2.891956387056925,2.891956387056925,-0.9523487747860376,-0.9523487747860376,-0.9523487747860376,-2.4770525834129296,-2.4770525834129296,-2.4770525834129296,0.0,0.0,0.0,0.3679862847631763,0.3679862847631763,0.3679862847631763,0.802331866211496,0.802331866211496,0.802331866211496,0.6890701562467029,0.6890701562467029,0.6890701562467029,0.9551208110329752,0.9551208110329752,0.9551208110329752,-7.575561874433961,-7.575561874433961,-7.575561874433961,-4.181761696684384,-4.181761696684384,-4.181761696684384,-8.317561035910282,-8.317561035910282,-8.317561035910282,0.0,0.0,0.0,41.10332875681252
431,2018-04-01 17:00:00,56.71438584742881,33.52521507937396,54.46037010973652,56.71438584742881,56.71438584742881,0.0,0.0,0.0,0.0,0.0,0.0,0.0,0.0,0.0,0.0,0.0,0.0,0.0,0.0,0.0,0.0,0.0,0.0,0.0,0.0,0.0,0.0,0.0,0.0,0.0,0.0,0.0,0.0,0.0,0.0,-12.84139079208051,-12.84139079208051,-12.84139079208051,3.980868861511901,3.980868861511901,3.980868861511901,2.891956387056925,2.891956387056925,2.891956387056925,-1.2598252010123367,-1.2598252010123367,-1.2598252010123367,-2.4210849121450497,-2.4210849121450497,-2.4210849121450497,0.0,0.0,0.0,0.4599505413060408,0.4599505413060408,0.4599505413060408,0.5126637435678708,0.5126637435678708,0.5126637435678708,0.6959701455169139,0.6959701455169139,0.6959701455169139,1.0573395209849645,1.0573395209849645,1.0573395209849645,-7.2406850262558855,-7.2406850262558855,-7.2406850262558855,-4.456620627300002,-4.456620627300002,-4.456620627300002,-8.32174942632419,-8.32174942632419,-8.32174942632419,0.0,0.0,0.0,43.8729950553483
432,2018-04-01 18:00:00,56.74875606095391,36.2471510221958,56.564779347611214,56.74875606095391,56.74875606095391,0.0,0.0,0.0,0.0,0.0,0.0,0.0,0.0,0.0,0.0,0.0,0.0,0.0,0.0,0.0,0.0,0.0,0.0,0.0,0.0,0.0,0.0,0.0,0.0,0.0,0.0,0.0,0.0,0.0,0.0,-10.263181878391523,-10.263181878391523,-10.263181878391523,6.241789663996533,6.241789663996533,6.241789663996533,3.54950217930523,3.54950217930523,3.54950217930523,-0.6209826867771261,-0.6209826867771261,-0.6209826867771261,-2.4098339218222975,-2.4098339218222975,-2.4098339218222975,0.0,0.0,0.0,0.5381790406573475,0.5381790406573475,0.5381790406573475,0.5115561226755351,0.5115561226755351,0.5115561226755351,0.7267818413183671,0.7267818413183671,0.7267818413183671,1.061653981349898,1.061653981349898,1.061653981349898,-7.5832636213202855,-7.5832636213202855,-7.5832636213202855,-4.598821930261207,-4.598821930261207,-4.598821930261207,-8.300725234290642,-8.300725234290642,-8.300725234290642,0.0,0.0,0.0,46.48557418256239
433,2018-04-01 19:00:00,56.74843556142488,37.34681601972878,57.867239362942385,56.74843556142488,56.74843556142488,0.0,0.0,0.0,0.0,0.0,0.0,0.0,0.0,0.0,0.0,0.0,0.0,0.0,0.0,0.0,0.0,0.0,0.0,0.0,0.0,0.0,0.0,0.0,0.0,0.0,0.0,0.0,0.0,0.0,0.0,-9.450963679336718,-9.450963679336718,-9.450963679336718,6.525054859676226,6.525054859676226,6.525054859676226,3.54950217930523,3.54950217930523,3.54950217930523,-0.49811558046920323,-0.49811558046920323,-0.49811558046920323,-2.475517083382506,-2.475517083382506,-2.475517083382506,0.0,0.0,0.0,0.6278545581844228,0.6278545581844228,0.6278545581844228,0.479257735360155,0.479257735360155,0.479257735360155,0.7267818413183671,0.7267818413183671,0.7267818413183671,0.9719285629866922,0.9719285629866922,0.9719285629866922,-7.173106355053385,-7.173106355053385,-7.173106355053385,-4.377923374241564,-4.377923374241564,-4.377923374241564,-8.304796603490356,-8.304796603490356,-8.304796603490356,0.0,0.0,0.0,47.29747188208816
434,2018-04-01 20:00:00,56.74811506189583,35.423050987128555,55.61154488944425,56.74811506189583,56.74811506189583,0.0,0.0,0.0,0.0,0.0,0.0,0.0,0.0,0.0,0.0,0.0,0.0,0.0,0.0,0.0,0.0,0.0,0.0,0.0,0.0,0.0,0.0,0.0,0.0,0.0,0.0,0.0,0.0,0.0,0.0,-11.354838072106444,-11.354838072106444,-11.354838072106444,4.691082454540562,4.691082454540562,4.691082454540562,3.54950217930523,3.54950217930523,3.54950217930523,-1.0021948530465838,-1.0021948530465838,-1.0021948530465838,-2.4669497144833485,-2.4669497144833485,-2.4669497144833485,0.0,0.0,0.0,0.7175300757114984,0.7175300757114984,0.7175300757114984,-0.08338953352516211,-0.08338953352516211,-0.08338953352516211,0.7267818413183671,0.7267818413183671,0.7267818413183671,0.5390311124145825,0.5390311124145825,0.5390311124145825,-6.734882592837368,-6.734882592837368,-6.734882592837368,-3.9847008137877515,-3.9847008137877515,-3.9847008137877515,-8.308843080763054,-8.308843080763054,-8.308843080763054,0.0,0.0,0.0,45.393276989789385
435,2018-04-01 21:00:00,56.7477945623668,32.09173069412699,52.63221748526415,56.7477945623668,56.7477945623668,0.0,0.0,0.0,0.0,0.0,0.0,0.0,0.0,0.0,0.0,0.0,0.0,0.0,0.0,0.0,0.0,0.0,0.0,0.0,0.0,0.0,0.0,0.0,0.0,0.0,0.0,0.0,0.0,0.0,0.0,-14.334080433983514,-14.334080433983514,-14.334080433983514,1.647183396191006,1.647183396191006,1.647183396191006,3.54950217930523,3.54950217930523,3.54950217930523,-1.3973865189502914,-1.3973865189502914,-1.3973865189502914,-2.4274446245594548,-2.4274446245594548,-2.4274446245594548,0.0,0.0,0.0,0.8072055932385738,0.8072055932385738,0.8072055932385738,-0.29637165277875555,-0.29637165277875555,-0.29637165277875555,0.7262668908825824,0.7262668908825824,0.7262668908825824,-0.009512432936770399,-0.009512432936770399,-0.009512432936770399,-6.271012883176139,-6.271012883176139,-6.271012883176139,-3.7470324721016977,-3.7470324721016977,-3.7470324721016977,-8.312864428048089,-8.312864428048089,-8.312864428048089,0.0,0.0,0.0,42.41371412838328
436,2018-04-01 22:00:00,56.74747406283776,32.896486106806655,53.87430678912709,56.74747406283776,56.74747406283776,0.0,0.0,0.0,0.0,0.0,0.0,0.0,0.0,0.0,0.0,0.0,0.0,0.0,0.0,0.0,0.0,0.0,0.0,0.0,0.0,0.0,0.0,0.0,0.0,0.0,0.0,0.0,0.0,0.0,0.0,-13.410977993774056,-13.410977993774056,-13.410977993774056,-1.3963340592072468,-1.3963340592072468,-1.3963340592072468,3.54950217930523,3.54950217930523,3.54950217930523,2.0863171501834015,2.0863171501834015,2.0863171501834015,-1.366042810941593,-1.366042810941593,-1.366042810941593,0.0,0.0,0.0,0.8968811107656491,0.8968811107656491,0.8968811107656491,-0.605312748838913,-0.605312748838913,-0.605312748838913,0.72935659349729,0.72935659349729,0.72935659349729,-0.21842865396517333,-0.21842865396517333,-0.21842865396517333,-5.784100677066364,-5.784100677066364,-5.784100677066364,-0.8996385196390889,-0.8996385196390889,-0.8996385196390889,-8.316860407683844,-8.316860407683844,-8.316860407683844,0.0,0.0,0.0,43.336496069063706
437,2018-04-01 23:00:00,56.74715356330872,31.408552411818196,50.73190151235794,56.74715356330872,56.74715356330872,0.0,0.0,0.0,0.0,0.0,0.0,0.0,0.0,0.0,0.0,0.0,0.0,0.0,0.0,0.0,0.0,0.0,0.0,0.0,0.0,0.0,0.0,0.0,0.0,0.0,0.0,0.0,0.0,0.0,0.0,-15.678556913617946,-15.678556913617946,-15.678556913617946,-3.7866757273817444,-3.7866757273817444,-3.7866757273817444,3.54950217930523,3.54950217930523,3.54950217930523,1.705859483737524,1.705859483737524,1.705859483737524,-1.6130686142006383,-1.6130686142006383,-1.6130686142006383,0.0,0.0,0.0,0.9865566282927247,0.9865566282927247,0.9865566282927247,-0.7242082615650949,-0.7242082615650949,-0.7242082615650949,0.72935659349729,0.72935659349729,0.72935659349729,-0.6985150282690431,-0.6985150282690431,-0.6985150282690431,-5.276909887557356,-5.276909887557356,-5.276909887557356,-0.5237640133229445,-0.5237640133229445,-0.5237640133229445,-8.32083078241637,-8.32083078241637,-8.32083078241637,0.0,0.0,0.0,41.068596649690775
438,2018-04-02 00:00:00,56.74683306377968,27.876894471543068,48.23540377211139,56.74683306377968,56.74683306377968,0.0,0.0,0.0,0.0,0.0,0.0,0.0,0.0,0.0,0.0,0.0,0.0,0.0,0.0,0.0,0.0,0.0,0.0,0.0,0.0,0.0,0.0,0.0,0.0,0.0,0.0,0.0,0.0,0.0,0.0,-18.623416892611917,-18.623416892611917,-18.623416892611917,-5.592650303964236,-5.592650303964236,-5.592650303964236,3.2652246217381653,3.2652246217381653,3.2652246217381653,0.04634962559489568,0.04634962559489568,0.04634962559489568,-1.7520503763425286,-1.7520503763425286,-1.7520503763425286,0.0,0.0,0.0,0.0001259354948946595,0.0001259354948946595,0.0001259354948946595,-0.8131458498248372,-0.8131458498248372,-0.8131458498248372,0.72935659349729,0.72935659349729,0.72935659349729,-1.0762479623659964,-1.0762479623659964,-1.0762479623659964,-4.752340898822913,-4.752340898822913,-4.752340898822913,-0.30691333660209197,-0.30691333660209197,-0.30691333660209197,-8.324775315419663,-8.324775315419663,-8.324775315419663,0.0,0.0,0.0,38.12341617116776
439,2018-04-02 01:00:00,56.746512564250644,25.699988783262224,45.41416757134092,56.746512564250644,56.746512564250644,0.0,0.0,0.0,0.0,0.0,0.0,0.0,0.0,0.0,0.0,0.0,0.0,0.0,0.0,0.0,0.0,0.0,0.0,0.0,0.0,0.0,0.0,0.0,0.0,0.0,0.0,0.0,0.0,0.0,0.0,-20.933586557823233,-20.933586557823233,-20.933586557823233,-7.058740625663558,-7.058740625663558,-7.058740625663558,2.9809470641711004,2.9809470641711004,2.9809470641711004,-1.3327468839937473,-1.3327468839937473,-1.3327468839937473,-1.8558107330101044,-1.8558107330101044,-1.8558107330101044,0.0,0.0,0.0,-0.9863047573029354,-0.9863047573029354,-0.9863047573029354,-0.8426356817214886,-0.8426356817214886,-0.8426356817214886,0.72935659349729,0.72935659349729,0.72935659349729,-1.2572496087925131,-1.2572496087925131,-1.2572496087925131,-4.213405277866579,-4.213405277866579,-4.213405277866579,-0.1010497608350959,-0.1010497608350959,-0.1010497608350959,-8.328693770299346,-8.328693770299346,-8.328693770299346,0.0,0.0,0.0,35.81292600642741
440,2018-04-02 02:00:00,56.746192064721605,26.14198733225261,44.68198864988047,56.746192064721605,56.746192064721605,0.0,0.0,0.0,0.0,0.0,0.0,0.0,0.0,0.0,0.0,0.0,0.0,0.0,0.0,0.0,0.0,0.0,0.0,0.0,0.0,0.0,0.0,0.0,0.0,0.0,0.0,0.0,0.0,0.0,0.0,-21.583509420624285,-21.583509420624285,-21.583509420624285,-8.012228817494186,-8.012228817494186,-8.012228817494186,2.6966695066040365,2.6966695066040365,2.6966695066040365,-1.5754952369201745,-1.5754952369201745,-1.5754952369201745,-1.928633368652944,-1.928633368652944,-1.928633368652944,0.0,0.0,0.0,-0.89662923977586,-0.89662923977586,-0.89662923977586,-0.8379547560236075,-0.8379547560236075,-0.8379547560236075,0.72935659349729,0.72935659349729,0.72935659349729,-1.3540644429276265,-1.3540644429276265,-1.3540644429276265,-3.6631994551012257,-3.6631994551012257,-3.6631994551012257,0.015760470358536685,0.015760470358536685,0.015760470358536685,-8.332585911108694,-8.332585911108694,-8.332585911108694,0.0,0.0,0.0,35.162682644097316
441,2018-04-02 03:00:00,56.74587156519257,25.90526873883503,46.19945778224503,56.74587156519257,56.74587156519257,0.0,0.0,0.0,0.0,0.0,0.0,0.0,0.0,0.0,0.0,0.0,0.0,0.0,0.0,0.0,0.0,0.0,0.0,0.0,0.0,0.0,0.0,0.0,0.0,0.0,0.0,0.0,0.0,0.0,0.0,-20.27070281296251,-20.27070281296251,-20.27070281296251,-7.8683935286384035,-7.8683935286384035,-7.8683935286384035,2.4123919490369716,2.4123919490369716,2.4123919490369716,-0.9609801297425311,-0.9609801297425311,-0.9609801297425311,-1.5897463321973757,-1.5897463321973757,-1.5897463321973757,0.0,0.0,0.0,-0.8069537222487845,-0.8069537222487845,-0.8069537222487845,-0.7419957792170433,-0.7419957792170433,-0.7419957792170433,0.72935659349729,0.72935659349729,0.72935659349729,-1.3649201108283602,-1.3649201108283602,-1.3649201108283602,-3.104877652218309,-3.104877652218309,-3.104877652218309,0.4008872722147709,0.4008872722147709,0.4008872722147709,-8.336451502363275,-8.336451502363275,-8.336451502363275,0.0,0.0,0.0,36.47516875223006
442,2018-04-02 04:00:00,56.74555106566353,28.220871150848204,48.02496265885922,56.74555106566353,56.74555106566353,0.0,0.0,0.0,0.0,0.0,0.0,0.0,0.0,0.0,0.0,0.0,0.0,0.0,0.0,0.0,0.0,0.0,0.0,0.0,0.0,0.0,0.0,0.0,0.0,0.0,0.0,0.0,0.0,0.0,0.0,-18.221997186320195,-18.221997186320195,-18.221997186320195,-6.220676566362426,-6.220676566362426,-6.220676566362426,2.1281143914699068,2.1281143914699068,2.1281143914699068,-1.1194059662664855,-1.1194059662664855,-1.1194059662664855,-1.6030733504849541,-1.6030733504849541,-1.6030733504849541,0.0,0.0,0.0,-0.717278204721709,-0.717278204721709,-0.717278204721709,-0.8014435355801343,-0.8014435355801343,-0.8014435355801343,0.72935659349729,0.72935659349729,0.72935659349729,-1.2889304355232254,-1.2889304355232254,-1.2889304355232254,-2.5416243446457996,-2.5416243446457996,-2.5416243446457996,0.43384857507634045,0.43384857507634045,0.43384857507634045,-8.340290309045484,-8.340290309045484,-8.340290309045484,0.0,0.0,0.0,38.52355387934333
443,2018-04-02 05:00:00,56.74523056613449,32.189674385843055,51.92717343991845,56.74523056613449,56.74523056613449,0.0,0.0,0.0,0.0,0.0,0.0,0.0,0.0,0.0,0.0,0.0,0.0,0.0,0.0,0.0,0.0,0.0,0.0,0.0,0.0,0.0,0.0,0.0,0.0,0.0,0.0,0.0,0.0,0.0,0.0,-14.895737959245123,-14.895737959245123,-14.895737959245123,-3.3871918859824763,-3.3871918859824763,-3.3871918859824763,1.843836833902842,1.843836833902842,1.843836833902842,-1.1878174287092853,-1.1878174287092853,-1.1878174287092853,-1.5183515913710621,-1.5183515913710621,-1.5183515913710621,0.0,0.0,0.0,-0.6276026871946335,-0.6276026871946335,-0.6276026871946335,-0.8229757937903875,-0.8229757937903875,-0.8229757937903875,0.72935659349729,0.72935659349729,0.72935659349729,-1.0992885636246963,-1.0992885636246963,-1.0992885636246963,-1.976626547927613,-1.976626547927613,-1.976626547927613,0.3072077798713626,0.3072077798713626,0.3072077798713626,-8.34410209662575,-8.34410209662575,-8.34410209662575,0.0,0.0,0.0,41.84949260688936
444,2018-04-02 06:00:00,56.744910066605456,35.686230117454606,55.464209500645644,56.744910066605456,56.744910066605456,0.0,0.0,0.0,0.0,0.0,0.0,0.0,0.0,0.0,0.0,0.0,0.0,0.0,0.0,0.0,0.0,0.0,0.0,0.0,0.0,0.0,0.0,0.0,0.0,0.0,0.0,0.0,0.0,0.0,0.0,-11.103329012905075,-11.103329012905075,-11.103329012905075,-0.3283925440767253,-0.3283925440767253,-0.3283925440767253,1.5595592763357768,1.5595592763357768,1.5595592763357768,-1.0140036164502333,-1.0140036164502333,-1.0140036164502333,-1.5407219434966404,-1.5407219434966404,-1.5407219434966404,0.0,0.0,0.0,-0.537927169667558,-0.537927169667558,-0.537927169667558,-0.6905055965403504,-0.6905055965403504,-0.6905055965403504,0.724722039575229,0.724722039575229,0.724722039575229,-0.9329088372277392,-0.9329088372277392,-0.9329088372277392,-1.4130462213097477,-1.4130462213097477,-1.4130462213097477,0.4037786145710489,0.4037786145710489,0.4037786145710489,-8.347886631068368,-8.347886631068368,-8.347886631068368,0.0,0.0,0.0,45.64158105370038
445,2018-04-02 07:00:00,56.74458956707641,39.816151496466794,58.83510376826529,56.74458956707641,56.74458956707641,0.0,0.0,0.0,0.0,0.0,0.0,0.0,0.0,0.0,0.0,0.0,0.0,0.0,0.0,0.0,0.0,0.0,0.0,0.0,0.0,0.0,0.0,0.0,0.0,0.0,0.0,0.0,0.0,0.0,0.0,-7.36899652547961,-7.36899652547961,-7.36899652547961,2.0092293837555553,2.0092293837555553,2.0092293837555553,1.2752817187687133,1.2752817187687133,1.2752817187687133,-0.17258915135510486,-0.17258915135510486,-0.17258915135510486,-1.3431964938771728,-1.3431964938771728,-1.3431964938771728,0.0,0.0,0.0,-0.4482516521404826,-0.4482516521404826,-0.4482516521404826,-0.40965005466748,-0.40965005466748,-0.40965005466748,0.6248216550330257,0.6248216550330257,0.6248216550330257,-0.39854412342020157,-0.39854412342020157,-0.39854412342020157,-0.8539930790338577,-0.8539930790338577,-0.8539930790338577,0.5269497989484931,0.5269497989484931,0.5269497989484931,-8.351643678846202,-8.351643678846202,-8.351643678846202,0.0,0.0,0.0,49.3755930415968
446,2018-04-02 08:00:00,56.74426906754737,41.764474756033,61.61388430568577,56.74426906754737,56.74426906754737,0.0,0.0,0.0,0.0,0.0,0.0,0.0,0.0,0.0,0.0,0.0,0.0,0.0,0.0,0.0,0.0,0.0,0.0,0.0,0.0,0.0,0.0,0.0,0.0,0.0,0.0,0.0,0.0,0.0,0.0,-4.986665590751457,-4.986665590751457,-4.986665590751457,3.294541432252027,3.294541432252027,3.294541432252027,0.9910041612016484,0.9910041612016484,0.9910041612016484,0.37666407725823675,0.37666407725823675,0.37666407725823675,-0.7996445337195056,-0.7996445337195056,-0.7996445337195056,0.0,0.0,0.0,-0.35857613461340715,-0.35857613461340715,-0.35857613461340715,-0.3300743178035,-0.3300743178035,-0.3300743178035,0.4353198946643101,0.4353198946643101,0.4353198946643101,0.16727987287517612,0.16727987287517612,0.16727987287517612,-0.3024980933103913,-0.3024980933103913,-0.3024980933103913,0.2713551346535149,0.2713551346535149,0.2713551346535149,-8.355373006951327,-8.355373006951327,-8.355373006951327,0.0,0.0,0.0,51.757603476795914
447,2018-04-02 09:00:00,56.74394856801834,43.023019406594216,62.85082619645422,56.74394856801834,56.74394856801834,0.0,0.0,0.0,0.0,0.0,0.0,0.0,0.0,0.0,0.0,0.0,0.0,0.0,0.0,0.0,0.0,0.0,0.0,0.0,0.0,0.0,0.0,0.0,0.0,0.0,0.0,0.0,0.0,0.0,0.0,-3.80307610885908,-3.80307610885908,-3.80307610885908,3.804386523835938,3.804386523835938,3.804386523835938,0.7067266036345835,0.7067266036345835,0.7067266036345835,0.5130997157816408,0.5130997157816408,0.5130997157816408,-0.5269166237629878,-0.5269166237629878,-0.5269166237629878,0.0,0.0,0.0,-0.2689006170863317,-0.2689006170863317,-0.2689006170863317,-0.24020054440418145,-0.24020054440418145,-0.24020054440418145,0.24890783691030183,0.24890783691030183,0.24890783691030183,0.46149062740934266,0.46149062740934266,0.46149062740934266,0.2385120344321421,0.2385120344321421,0.2385120344321421,0.13199243308091366,0.13199243308091366,0.13199243308091366,-8.359074382908801,-8.359074382908801,-8.359074382908801,0.0,0.0,0.0,52.94087245915926
448,2018-04-02 10:00:00,56.7436280684893,43.366282417946714,62.88916283303339,56.7436280684893,56.7436280684893,0.0,0.0,0.0,0.0,0.0,0.0,0.0,0.0,0.0,0.0,0.0,0.0,0.0,0.0,0.0,0.0,0.0,0.0,0.0,0.0,0.0,0.0,0.0,0.0,0.0,0.0,0.0,0.0,0.0,0.0,-3.341979533414625,-3.341979533414625,-3.341979533414625,3.890247025512875,3.890247025512875,3.890247025512875,0.4224490460675186,0.4224490460675186,0.4224490460675186,0.364281846705357,0.364281846705357,0.364281846705357,-0.42601205672846454,-0.42601205672846454,-0.42601205672846454,0.0,0.0,0.0,-0.17922509955925625,-0.17922509955925625,-0.17922509955925625,-0.13300734592270255,-0.13300734592270255,-0.13300734592270255,0.08772835050973676,0.08772835050973676,0.08772835050973676,0.5922017307038897,0.5922017307038897,0.5922017307038897,0.7662391691562219,0.7662391691562219,0.7662391691562219,0.00014722163463529866,0.00014722163463529866,0.00014722163463529866,-8.36274757478908,-8.36274757478908,-8.36274757478908,0.0,0.0,0.0,53.40164853507468
449,2018-04-02 11:00:00,56.74330756896026,42.923324402066754,63.25956609291441,56.74330756896026,56.74330756896026,0.0,0.0,0.0,0.0,0.0,0.0,0.0,0.0,0.0,0.0,0.0,0.0,0.0,0.0,0.0,0.0,0.0,0.0,0.0,0.0,0.0,0.0,0.0,0.0,0.0,0.0,0.0,0.0,0.0,0.0,-3.131873569522918,-3.131873569522918,-3.131873569522918,3.5374826840941176,3.5374826840941176,3.5374826840941176,0.1381714885004543,0.1381714885004543,0.1381714885004543,0.41899954131190015,0.41899954131190015,0.41899954131190015,-0.3422422274922567,-0.3422422274922567,-0.3422422274922567,0.0,0.0,0.0,-0.0895495820321808,-0.0895495820321808,-0.0895495820321808,-0.05811253475660378,-0.05811253475660378,-0.05811253475660378,0.0001867764263627564,0.0001867764263627564,0.0001867764263627564,0.7738680098590227,0.7738680098590227,0.7738680098590227,1.2780365562881801,1.2780365562881801,1.2780365562881801,-0.003322389192898343,-0.003322389192898343,-0.003322389192898343,-8.366392351217115,-8.366392351217115,-8.366392351217115,0.0,0.0,0.0,53.611433999437345
450,2018-04-02 12:00:00,56.742987069431216,43.39290820427134,63.61835956375818,56.742987069431216,56.742987069431216,0.0,0.0,0.0,0.0,0.0,0.0,0.0,0.0,0.0,0.0,0.0,0.0,0.0,0.0,0.0,0.0,0.0,0.0,0.0,0.0,0.0,0.0,0.0,0.0,0.0,0.0,0.0,0.0,0.0,0.0,-3.7255257852888524,-3.7255257852888524,-3.7255257852888524,2.5127744640383844,2.5127744640383844,2.5127744640383844,-0.1461060690666106,-0.1461060690666106,-0.1461060690666106,0.36027831010115324,0.36027831010115324,0.36027831010115324,-0.41078117868551767,-0.41078117868551767,-0.41078117868551767,0.0,0.0,0.0,0.0001259354948946595,0.0001259354948946595,0.0001259354948946595,0.057974422550849336,0.057974422550849336,0.057974422550849336,0.00430637991263918,0.00430637991263918,0.00430637991263918,0.7262359976415182,0.7262359976415182,0.7262359976415182,1.7714299219598515,1.7714299219598515,1.7714299219598515,0.12852282225338002,0.12852282225338002,0.12852282225338002,-8.370008481388242,-8.370008481388242,-8.370008481388242,0.0,0.0,0.0,53.017461284142364
451,2018-04-02 13:00:00,56.742666569902184,40.67717023264496,61.09126252605313,56.742666569902184,56.742666569902184,0.0,0.0,0.0,0.0,0.0,0.0,0.0,0.0,0.0,0.0,0.0,0.0,0.0,0.0,0.0,0.0,0.0,0.0,0.0,0.0,0.0,0.0,0.0,0.0,0.0,0.0,0.0,0.0,0.0,0.0,-5.533248062915017,-5.533248062915017,-5.533248062915017,0.9362914625494686,0.9362914625494686,0.9362914625494686,-0.4303836266336749,-0.4303836266336749,-0.4303836266336749,-0.3400804380727851,-0.3400804380727851,-0.3400804380727851,-0.4526660933036216,-0.4526660933036216,-0.4526660933036216,0.0,0.0,0.0,0.08980145302197012,0.08980145302197012,0.08980145302197012,-0.23973245183439335,-0.23973245183439335,-0.23973245183439335,0.12840943493671644,0.12840943493671644,0.12840943493671644,0.37929771330378864,0.37929771330378864,0.37929771330378864,2.2441366476853344,2.2441366476853344,2.2441366476853344,0.1851931324364295,0.1851931324364295,0.1851931324364295,-8.373595735077034,-8.373595735077034,-8.373595735077034,0.0,0.0,0.0,51.20941850698717
452,2018-04-02 14:00:00,56.74234607037315,39.709709816588266,59.803539540622474,56.74234607037315,56.74234607037315,0.0,0.0,0.0,0.0,0.0,0.0,0.0,0.0,0.0,0.0,0.0,0.0,0.0,0.0,0.0,0.0,0.0,0.0,0.0,0.0,0.0,0.0,0.0,0.0,0.0,0.0,0.0,0.0,0.0,0.0,-6.830024830719806,-6.830024830719806,-6.830024830719806,-0.3950812688389731,-0.3950812688389731,-0.3950812688389731,-0.7146611842007399,-0.7146611842007399,-0.7146611842007399,-0.7518725109012818,-0.7518725109012818,-0.7518725109012818,-0.40697345917478095,-0.40697345917478095,-0.40697345917478095,0.0,0.0,0.0,0.17947697054904557,0.17947697054904557,0.17947697054904557,-0.4279056648892165,-0.4279056648892165,-0.4279056648892165,0.20668190117596852,0.20668190117596852,0.20668190117596852,0.21070254447811035,0.21070254447811035,0.21070254447811035,2.694082831673222,2.694082831673222,2.694082831673222,0.20080638116033087,0.20080638116033087,0.20080638116033087,-8.377153882652774,-8.377153882652774,-8.377153882652774,0.0,0.0,0.0,49.912321239653345
453,2018-04-02 15:00:00,56.742025570844106,40.94361180684935,60.2610952881428,56.742025570844106,56.742025570844106,0.0,0.0,0.0,0.0,0.0,0.0,0.0,0.0,0.0,0.0,0.0,0.0,0.0,0.0,0.0,0.0,0.0,0.0,0.0,0.0,0.0,0.0,0.0,0.0,0.0,0.0,0.0,0.0,0.0,0.0,-6.1830034225912875,-6.1830034225912875,-6.1830034225912875,-0.4166976714149189,-0.4166976714149189,-0.4166976714149189,-0.9989387417678047,-0.9989387417678047,-0.9989387417678047,-0.5050411285520964,-0.5050411285520964,-0.5050411285520964,-0.3360546832873095,-0.3360546832873095,-0.3360546832873095,0.0,0.0,0.0,0.269152488076121,0.269152488076121,0.269152488076121,-0.36564935310739693,-0.36564935310739693,-0.36564935310739693,0.4348049442285255,0.4348049442285255,0.4348049442285255,0.14800552374530224,0.14800552374530224,0.14800552374530224,3.1194180724636458,3.1194180724636458,3.1194180724636458,0.3436386935604658,0.3436386935604658,0.3436386935604658,-8.380682695087918,-8.380682695087918,-8.380682695087918,0.0,0.0,0.0,50.55902214825282
454,2018-04-02 16:00:00,56.74170507131507,44.664158408853126,64.40385988310848,56.74170507131507,56.74170507131507,0.0,0.0,0.0,0.0,0.0,0.0,0.0,0.0,0.0,0.0,0.0,0.0,0.0,0.0,0.0,0.0,0.0,0.0,0.0,0.0,0.0,0.0,0.0,0.0,0.0,0.0,0.0,0.0,0.0,0.0,-2.374702590124506,-2.374702590124506,-2.374702590124506,1.3149285196613285,1.3149285196613285,1.3149285196613285,-1.283216299334869,-1.283216299334869,-1.283216299334869,1.1760229967222926,1.1760229967222926,1.1760229967222926,-0.06618256296384419,-0.06618256296384419,-0.06618256296384419,0.0,0.0,0.0,0.35882800560319644,0.35882800560319644,0.35882800560319644,0.33368094615605054,0.33368094615605054,0.33368094615605054,0.6948549142997248,0.6948549142997248,0.6948549142997248,0.47810644562475124,0.47810644562475124,0.47810644562475124,3.51852783746545,3.51852783746545,3.51852783746545,0.6599515473372828,0.6599515473372828,0.6599515473372828,-8.384181943973577,-8.384181943973577,-8.384181943973577,0.0,0.0,0.0,54.36700248119056
455,2018-04-02 17:00:00,56.74138457178603,49.44771259169593,69.08980570761175,56.74138457178603,56.74138457178603,0.0,0.0,0.0,0.0,0.0,0.0,0.0,0.0,0.0,0.0,0.0,0.0,0.0,0.0,0.0,0.0,0.0,0.0,0.0,0.0,0.0,0.0,0.0,0.0,0.0,0.0,0.0,0.0,0.0,0.0,2.5547800970120718,2.5547800970120718,2.5547800970120718,4.058071128822288,4.058071128822288,4.058071128822288,-1.5674938569019339,-1.5674938569019339,-1.5674938569019339,2.9943170619912323,2.9943170619912323,2.9943170619912323,0.3426713195015115,0.3426713195015115,0.3426713195015115,0.0,0.0,0.0,0.4485035231302719,0.4485035231302719,0.4485035231302719,1.2324186801492358,1.2324186801492358,1.2324186801492358,0.7298715439330744,0.7298715439330744,0.7298715439330744,0.9934183545452869,0.9934183545452869,0.9934183545452869,3.890043307727857,3.890043307727857,3.890043307727857,0.8149274976337854,0.8149274976337854,0.8149274976337854,-8.387651401529304,-8.387651401529304,-8.387651401529304,0.0,0.0,0.0,59.2961646687981
456,2018-04-02 18:00:00,56.52235917389772,50.81191521834163,71.70910936820886,56.52235917389772,56.52235917389772,0.0,0.0,0.0,0.0,0.0,0.0,0.0,0.0,0.0,0.0,0.0,0.0,0.0,0.0,0.0,0.0,0.0,0.0,0.0,0.0,0.0,0.0,0.0,0.0,0.0,0.0,0.0,0.0,0.0,0.0,5.361138614256127,5.361138614256127,5.361138614256127,6.241593440005343,6.241593440005343,6.241593440005343,-1.6587193965693057,-1.6587193965693057,-1.6587193965693057,3.7473939578926063,3.7473939578926063,3.7473939578926063,0.4083874975461203,0.4083874975461203,0.4083874975461203,0.0,0.0,0.0,0.524514537203755,0.524514537203755,0.524514537203755,1.7289211074615376,1.7289211074615376,1.7289211074615376,0.6265047172866567,0.6265047172866567,0.6265047172866567,1.3105894607674975,1.3105894607674975,1.3105894607674975,4.011074795584558,4.011074795584558,4.011074795584558,0.8071960341963452,0.8071960341963452,0.8071960341963452,-8.638923579226383,-8.638923579226383,-8.638923579226383,0.0,0.0,0.0,61.883497788153846
457,2018-04-02 19:00:00,56.5220059732273,51.42716512996191,72.05695617288008,56.5220059732273,56.5220059732273,0.0,0.0,0.0,0.0,0.0,0.0,0.0,0.0,0.0,0.0,0.0,0.0,0.0,0.0,0.0,0.0,0.0,0.0,0.0,0.0,0.0,0.0,0.0,0.0,0.0,0.0,0.0,0.0,0.0,0.0,5.46930860066756,5.46930860066756,5.46930860066756,6.553702183681091,6.553702183681091,6.553702183681091,-1.9131839585587431,-1.9131839585587431,-1.9131839585587431,3.2576412445092755,3.2576412445092755,3.2576412445092755,0.2781517948500573,0.2781517948500573,0.2781517948500573,0.0,0.0,0.0,0.6119131876290915,0.6119131876290915,0.6119131876290915,1.7195916391098496,1.7195916391098496,1.7195916391098496,0.6265047172866567,0.6265047172866567,0.6265047172866567,1.3042443286320435,1.3042443286320435,1.3042443286320435,4.300568914306786,4.300568914306786,4.300568914306786,0.6304195355603202,0.6304195355603202,0.6304195355603202,-8.642603741829594,-8.642603741829594,-8.642603741829594,0.0,0.0,0.0,61.99131457389486
458,2018-04-02 20:00:00,56.52165277255689,49.45930641940169,69.78117255503489,56.52165277255689,56.52165277255689,0.0,0.0,0.0,0.0,0.0,0.0,0.0,0.0,0.0,0.0,0.0,0.0,0.0,0.0,0.0,0.0,0.0,0.0,0.0,0.0,0.0,0.0,0.0,0.0,0.0,0.0,0.0,0.0,0.0,0.0,3.056509375500882,3.056509375500882,3.056509375500882,4.734930666130643,4.734930666130643,4.734930666130643,-2.167648520548181,-2.167648520548181,-2.167648520548181,2.4065779464578276,2.4065779464578276,2.4065779464578276,0.27080767627697105,0.27080767627697105,0.27080767627697105,0.0,0.0,0.0,0.6993118380544282,0.6993118380544282,0.6993118380544282,1.2904360949322016,1.2904360949322016,1.2904360949322016,0.6269473288807539,0.6269473288807539,0.6269473288807539,0.9960521963385724,0.9960521963385724,0.9960521963385724,4.56125002340907,4.56125002340907,4.56125002340907,0.6906713325230812,0.6906713325230812,0.6906713325230812,-8.646249260496658,-8.646249260496658,-8.646249260496658,0.0,0.0,0.0,59.57816214805777
459,2018-04-02 21:00:00,56.52129957188647,44.96223198644835,65.50810070281948,56.52129957188647,56.52129957188647,0.0,0.0,0.0,0.0,0.0,0.0,0.0,0.0,0.0,0.0,0.0,0.0,0.0,0.0,0.0,0.0,0.0,0.0,0.0,0.0,0.0,0.0,0.0,0.0,0.0,0.0,0.0,0.0,0.0,0.0,-1.4456708816890107,-1.4456708816890107,-1.4456708816890107,1.7081818344330717,1.7081818344330717,1.7081818344330717,-2.422113082537618,-2.422113082537618,-2.422113082537618,0.7031359548379696,0.7031359548379696,0.7031359548379696,0.26982846046722625,0.26982846046722625,0.26982846046722625,0.0,0.0,0.0,0.7867104884797648,0.7867104884797648,0.7867104884797648,0.39340771291740007,0.39340771291740007,0.39340771291740007,0.6265047172866567,0.6265047172866567,0.6265047172866567,0.328000427220078,0.328000427220078,0.328000427220078,4.792871232317048,4.792871232317048,4.792871232317048,0.7207972310044616,0.7207972310044616,0.7207972310044616,-8.6498599032771,-8.6498599032771,-8.6498599032771,0.0,0.0,0.0,55.07562869019746
460,2018-04-02 22:00:00,56.52094637121605,35.45934846442382,55.18005918483425,56.52094637121605,56.52094637121605,0.0,0.0,0.0,0.0,0.0,0.0,0.0,0.0,0.0,0.0,0.0,0.0,0.0,0.0,0.0,0.0,0.0,0.0,0.0,0.0,0.0,0.0,0.0,0.0,0.0,0.0,0.0,0.0,0.0,0.0,-10.847728059248057,-10.847728059248057,-10.847728059248057,-1.305269861555352,-1.305269861555352,-1.305269861555352,-2.6765776445270553,-2.6765776445270553,-2.6765776445270553,-5.884451187224922,-5.884451187224922,-5.884451187224922,-2.2203173437138877,-2.2203173437138877,-2.2203173437138877,0.0,0.0,0.0,0.8741091389051014,0.8741091389051014,0.8741091389051014,0.45544867745612533,0.45544867745612533,0.45544867745612533,0.623406436127977,0.623406436127977,0.623406436127977,-0.5367504380974847,-0.5367504380974847,-0.5367504380974847,4.995428428601217,4.995428428601217,4.995428428601217,-2.403770013375698,-2.403770013375698,-2.403770013375698,-8.653435439069,-8.653435439069,-8.653435439069,0.0,0.0,0.0,45.67321831196799
461,2018-04-02 23:00:00,56.52059317054563,32.86256222110301,53.01607837430307,56.52059317054563,56.52059317054563,0.0,0.0,0.0,0.0,0.0,0.0,0.0,0.0,0.0,0.0,0.0,0.0,0.0,0.0,0.0,0.0,0.0,0.0,0.0,0.0,0.0,0.0,0.0,0.0,0.0,0.0,0.0,0.0,0.0,0.0,-14.145086940858375,-14.145086940858375,-14.145086940858375,-3.6561262759945263,-3.6561262759945263,-3.6561262759945263,-2.9310422065164934,-2.9310422065164934,-2.9310422065164934,-7.001138835282028,-7.001138835282028,-7.001138835282028,-2.3647516756512514,-2.3647516756512514,-2.3647516756512514,0.0,0.0,0.0,0.9615077893304381,0.9615077893304381,0.9615077893304381,0.2166142876529124,0.2166142876529124,0.2166142876529124,0.623406436127977,0.623406436127977,0.623406436127977,-0.9854419248188615,-0.9854419248188615,-0.9854419248188615,5.169153808052263,5.169153808052263,5.169153808052263,-2.52143154140675,-2.52143154140675,-2.52143154140675,-8.656975637634083,-8.656975637634083,-8.656975637634083,0.0,0.0,0.0,42.375506229687254
462,2018-04-03 00:00:00,56.52023996987521,28.696250253136572,48.328940603068844,56.52023996987521,56.52023996987521,0.0,0.0,0.0,0.0,0.0,0.0,0.0,0.0,0.0,0.0,0.0,0.0,0.0,0.0,0.0,0.0,0.0,0.0,0.0,0.0,0.0,0.0,0.0,0.0,0.0,0.0,0.0,0.0,0.0,0.0,-17.619309435565047,-17.619309435565047,-17.619309435565047,-5.427328079980543,-5.427328079980543,-5.427328079980543,-3.1855067685059293,-3.1855067685059293,-3.1855067685059293,-8.846008177969637,-8.846008177969637,-8.846008177969637,-2.5287703237835104,-2.5287703237835104,-2.5287703237835104,0.0,0.0,0.0,0.00012263465173514815,0.00012263465173514815,0.00012263465173514815,0.03562260163016517,0.03562260163016517,0.03562260163016517,0.623406436127977,0.623406436127977,0.623406436127977,-1.3183347500682063,-1.3183347500682063,-1.3183347500682063,5.3145070919953294,5.3145070919953294,5.3145070919953294,-2.4725480080218682,-2.4725480080218682,-2.4725480080218682,-8.660480269610193,-8.660480269610193,-8.660480269610193,0.0,0.0,0.0,38.90093053431016
463,2018-04-03 01:00:00,56.519886769204795,26.514237891239347,46.0996451728634,56.519886769204795,56.519886769204795,0.0,0.0,0.0,0.0,0.0,0.0,0.0,0.0,0.0,0.0,0.0,0.0,0.0,0.0,0.0,0.0,0.0,0.0,0.0,0.0,0.0,0.0,0.0,0.0,0.0,0.0,0.0,0.0,0.0,0.0,-20.393250788863178,-20.393250788863178,-20.393250788863178,-6.874966037416693,-6.874966037416693,-6.874966037416693,-3.1855067685059293,-3.1855067685059293,-3.1855067685059293,-10.286500206633738,-10.286500206633738,-10.286500206633738,-2.602211509514374,-2.602211509514374,-2.602211509514374,0.0,0.0,0.0,-0.9612625200269678,-0.9612625200269678,-0.9612625200269678,-0.04227845910642965,-0.04227845910642965,-0.04227845910642965,0.623406436127977,0.623406436127977,0.623406436127977,-1.5182064123350016,-1.5182064123350016,-1.5182064123350016,5.432164561709053,5.432164561709053,5.432164561709053,-2.6004409732730123,-2.6004409732730123,-2.6004409732730123,-8.663949106521796,-8.663949106521796,-8.663949106521796,0.0,0.0,0.0,36.12663598034162
464,2018-04-03 02:00:00,56.519533568534385,25.99519583566235,44.97478964610027,56.519533568534385,56.519533568534385,0.0,0.0,0.0,0.0,0.0,0.0,0.0,0.0,0.0,0.0,0.0,0.0,0.0,0.0,0.0,0.0,0.0,0.0,0.0,0.0,0.0,0.0,0.0,0.0,0.0,0.0,0.0,0.0,0.0,0.0,-21.138809775405587,-21.138809775405587,-21.138809775405587,-7.826187800904766,-7.826187800904766,-7.826187800904766,-3.1855067685059293,-3.1855067685059293,-3.1855067685059293,-10.168246116962207,-10.168246116962207,-10.168246116962207,-2.6090660201825875,-2.6090660201825875,-2.6090660201825875,0.0,0.0,0.0,-0.8738638696016312,-0.8738638696016312,-0.8738638696016312,-0.031083097084404043,-0.031083097084404043,-0.031083097084404043,0.623406436127977,0.623406436127977,0.623406436127977,-1.5945746098224278,-1.5945746098224278,-1.5945746098224278,5.523006063253311,5.523006063253311,5.523006063253311,-2.4975581878932034,-2.4975581878932034,-2.4975581878932034,-8.667381920791927,-8.667381920791927,-8.667381920791927,0.0,0.0,0.0,35.380723793128794
465,2018-04-03 03:00:00,56.51918036786397,26.013668430224676,45.56772859377532,56.51918036786397,56.51918036786397,0.0,0.0,0.0,0.0,0.0,0.0,0.0,0.0,0.0,0.0,0.0,0.0,0.0,0.0,0.0,0.0,0.0,0.0,0.0,0.0,0.0,0.0,0.0,0.0,0.0,0.0,0.0,0.0,0.0,0.0,-20.63582784313498,-20.63582784313498,-20.63582784313498,-7.688020485963736,-7.688020485963736,-7.688020485963736,-3.1855067685059293,-3.1855067685059293,-3.1855067685059293,-9.865129029634382,-9.865129029634382,-9.865129029634382,-2.610045235992332,-2.610045235992332,-2.610045235992332,0.0,0.0,0.0,-0.7864652191762945,-0.7864652191762945,-0.7864652191762945,-0.006360005952430838,-0.006360005952430838,-0.006360005952430838,0.623406436127977,0.623406436127977,0.623406436127977,-1.5839238523093446,-1.5839238523093446,-1.5839238523093446,5.5881001582199215,5.5881001582199215,5.5881001582199215,-2.3162343838260266,-2.3162343838260266,-2.3162343838260266,-8.670778485756786,-8.670778485756786,-8.670778485756786,0.0,0.0,0.0,35.88335252472899
466,2018-04-03 04:00:00,56.51882716719354,28.428813497938243,48.490507274871874,56.51882716719354,56.51882716719354,0.0,0.0,0.0,0.0,0.0,0.0,0.0,0.0,0.0,0.0,0.0,0.0,0.0,0.0,0.0,0.0,0.0,0.0,0.0,0.0,0.0,0.0,0.0,0.0,0.0,0.0,0.0,0.0,0.0,0.0,-18.075227833931052,-18.075227833931052,-18.075227833931052,-6.049658329978593,-6.049658329978593,-6.049658329978593,-3.1855067685059293,-3.1855067685059293,-3.1855067685059293,-8.980118542925299,-8.980118542925299,-8.980118542925299,-2.430848742809027,-2.430848742809027,-2.430848742809027,0.0,0.0,0.0,-0.6990665687509579,-0.6990665687509579,-0.6990665687509579,0.04215322947634677,0.04215322947634677,0.04215322947634677,0.623406436127977,0.623406436127977,0.623406436127977,-1.4846678567618887,-1.4846678567618887,-1.4846678567618887,5.628687614650141,5.628687614650141,5.628687614650141,-1.8455882717018184,-1.8455882717018184,-1.8455882717018184,-8.6741385756773,-8.6741385756773,-8.6741385756773,0.0,0.0,0.0,38.44359933326249
467,2018-04-03 05:00:00,56.518473966523125,32.64063456907204,52.9994111976885,56.518473966523125,56.518473966523125,0.0,0.0,0.0,0.0,0.0,0.0,0.0,0.0,0.0,0.0,0.0,0.0,0.0,0.0,0.0,0.0,0.0,0.0,0.0,0.0,0.0,0.0,0.0,0.0,0.0,0.0,0.0,0.0,0.0,0.0,-14.148097212517822,-14.148097212517822,-14.148097212517822,-3.2364523414103137,-3.2364523414103137,-3.2364523414103137,-3.1855067685059293,-3.1855067685059293,-3.1855067685059293,-7.8803463558206435,-7.8803463558206435,-7.8803463558206435,-2.4014722685166823,-2.4014722685166823,-2.4014722685166823,0.0,0.0,0.0,-0.6116679183256212,-0.6116679183256212,-0.6116679183256212,0.21987960157600323,0.21987960157600323,0.21987960157600323,0.6211933781574914,0.6211933781574914,0.6211933781574914,-1.3808796239748224,-1.3808796239748224,-1.3808796239748224,5.646163450461397,5.646163450461397,5.646163450461397,-1.1418927562310819,-1.1418927562310819,-1.1418927562310819,-8.677461965748263,-8.677461965748263,-8.677461965748263,0.0,0.0,0.0,42.37037675400531
468,2018-04-03 06:00:00,56.51812076585271,35.85364143114541,56.17007668214626,56.51812076585271,56.51812076585271,0.0,0.0,0.0,0.0,0.0,0.0,0.0,0.0,0.0,0.0,0.0,0.0,0.0,0.0,0.0,0.0,0.0,0.0,0.0,0.0,0.0,0.0,0.0,0.0,0.0,0.0,0.0,0.0,0.0,0.0,-10.381528680645262,-10.381528680645262,-10.381528680645262,-0.22184524801566463,-0.22184524801566463,-0.22184524801566463,-3.1855067685059293,-3.1855067685059293,-3.1855067685059293,-7.120992755721978,-7.120992755721978,-7.120992755721978,-2.4269318795700476,-2.4269318795700476,-2.4269318795700476,0.0,0.0,0.0,-0.5242692679002847,-0.5242692679002847,-0.5242692679002847,0.36448636102716725,0.36448636102716725,0.36448636102716725,0.5685225984599355,0.5685225984599355,0.5685225984599355,-1.2113739512134136,-1.2113739512134136,-1.2113739512134136,5.642057755207977,5.642057755207977,5.642057755207977,-0.705919848019406,-0.705919848019406,-0.705919848019406,-8.680748432115596,-8.680748432115596,-8.680748432115596,0.0,0.0,0.0,46.13659208520745
469,2018-04-03 07:00:00,56.5177675651823,39.3882791637494,59.23438577363005,56.5177675651823,56.5177675651823,0.0,0.0,0.0,0.0,0.0,0.0,0.0,0.0,0.0,0.0,0.0,0.0,0.0,0.0,0.0,0.0,0.0,0.0,0.0,0.0,0.0,0.0,0.0,0.0,0.0,0.0,0.0,0.0,0.0,0.0,-6.786709784684485,-6.786709784684485,-6.786709784684485,2.0430138992737064,2.0430138992737064,2.0430138992737064,-3.1855067685059293,-3.1855067685059293,-3.1855067685059293,-5.763741459912253,-5.763741459912253,-5.763741459912253,-2.1424696868391733,-2.1424696868391733,-2.1424696868391733,0.0,0.0,0.0,-0.43687061747494804,-0.43687061747494804,-0.43687061747494804,0.7488604571167129,0.7488604571167129,0.7488604571167129,0.3538559753228375,0.3538559753228375,0.3538559753228375,-0.7014972617573034,-0.7014972617573034,-0.7014972617573034,5.618015527837289,5.618015527837289,5.618015527837289,-0.40011355777444957,-0.40011355777444957,-0.40011355777444957,-8.683997751883227,-8.683997751883227,-8.683997751883227,0.0,0.0,0.0,49.731057780497814
470,2018-04-03 08:00:00,56.51741436451188,41.44049734604767,61.01343119699587,56.51741436451188,56.51741436451188,0.0,0.0,0.0,0.0,0.0,0.0,0.0,0.0,0.0,0.0,0.0,0.0,0.0,0.0,0.0,0.0,0.0,0.0,0.0,0.0,0.0,0.0,0.0,0.0,0.0,0.0,0.0,0.0,0.0,0.0,-5.03619136450468,-5.03619136450468,-5.03619136450468,3.239372119975169,3.239372119975169,3.239372119975169,-3.1855067685059293,-3.1855067685059293,-3.1855067685059293,-5.164129558524199,-5.164129558524199,-5.164129558524199,-2.0293702608136455,-2.0293702608136455,-2.0293702608136455,0.0,0.0,0.0,-0.34947196704961137,-0.34947196704961137,-0.34947196704961137,0.8099684748202693,0.8099684748202693,0.8099684748202693,0.07279761307117319,0.07279761307117319,0.07279761307117319,-0.2756935730959564,-0.2756935730959564,-0.2756935730959564,5.575775777173418,5.575775777173418,5.575775777173418,-0.20685307695049934,-0.20685307695049934,-0.20685307695049934,-8.687209703129069,-8.687209703129069,-8.687209703129069,0.0,0.0,0.0,51.4812230000072
471,2018-04-03 09:00:00,56.51706116384146,42.630428681057474,62.83340400974804,56.51706116384146,56.51706116384146,0.0,0.0,0.0,0.0,0.0,0.0,0.0,0.0,0.0,0.0,0.0,0.0,0.0,0.0,0.0,0.0,0.0,0.0,0.0,0.0,0.0,0.0,0.0,0.0,0.0,0.0,0.0,0.0,0.0,0.0,-4.131848327897344,-4.131848327897344,-4.131848327897344,3.6677320535464473,3.6677320535464473,3.6677320535464473,-3.1855067685059293,-3.1855067685059293,-3.1855067685059293,-4.626346452772249,-4.626346452772249,-4.626346452772249,-2.033776731957497,-2.033776731957497,-2.033776731957497,0.0,0.0,0.0,-0.26207331662427474,-0.26207331662427474,-0.26207331662427474,0.951776393765927,0.951776393765927,0.951776393765927,-0.17904838397008194,-0.17904838397008194,-0.17904838397008194,-0.05248088904517039,-0.05248088904517039,-0.05248088904517039,5.517150136244892,5.517150136244892,5.517150136244892,0.13476324356477734,0.13476324356477734,0.13476324356477734,-8.690384064916433,-8.690384064916433,-8.690384064916433,0.0,0.0,0.0,52.38521283594412
472,2018-04-03 10:00:00,56.51670796317104,41.536040980274336,61.96005326748631,56.51670796317104,56.51670796317104,0.0,0.0,0.0,0.0,0.0,0.0,0.0,0.0,0.0,0.0,0.0,0.0,0.0,0.0,0.0,0.0,0.0,0.0,0.0,0.0,0.0,0.0,0.0,0.0,0.0,0.0,0.0,0.0,0.0,0.0,-5.233040867895016,-5.233040867895016,-5.233040867895016,3.6989535129222957,3.6989535129222957,3.6989535129222957,-3.1855067685059293,-3.1855067685059293,-3.1855067685059293,-5.682475009113579,-5.682475009113579,-5.682475009113579,-2.345167359456354,-2.345167359456354,-2.345167359456354,0.0,0.0,0.0,-0.17467466619893812,-0.17467466619893812,-0.17467466619893812,0.6653617153691053,0.6653617153691053,0.6653617153691053,-0.3512242940738574,-0.3512242940738574,-0.3512242940738574,-0.09123151744383476,-0.09123151744383476,-0.09123151744383476,5.4440012455998446,5.4440012455998446,5.4440012455998446,-0.20003211880377167,-0.20003211880377167,-0.20003211880377167,-8.693520617303577,-8.693520617303577,-8.693520617303577,0.0,0.0,0.0,51.28366709527602
473,2018-04-03 11:00:00,56.51635476250062,39.985928568041174,59.22752125621474,56.51635476250062,56.51635476250062,0.0,0.0,0.0,0.0,0.0,0.0,0.0,0.0,0.0,0.0,0.0,0.0,0.0,0.0,0.0,0.0,0.0,0.0,0.0,0.0,0.0,0.0,0.0,0.0,0.0,0.0,0.0,0.0,0.0,0.0,-6.315193264477328,-6.315193264477328,-6.315193264477328,3.322092145203104,3.322092145203104,3.322092145203104,-3.1855067685059293,-3.1855067685059293,-3.1855067685059293,-6.298887426973006,-6.298887426973006,-6.298887426973006,-2.4930289467278244,-2.4930289467278244,-2.4930289467278244,0.0,0.0,0.0,-0.08727601577360149,-0.08727601577360149,-0.08727601577360149,0.5613381432477841,0.5613381432477841,0.5613381432477841,-0.4809094911443105,-0.4809094911443105,-0.4809094911443105,-0.03775111801643832,-0.03775111801643832,-0.03775111801643832,5.358221158650871,5.358221158650871,5.358221158650871,-0.5757532300526867,-0.5757532300526867,-0.5757532300526867,-8.696619141358296,-8.696619141358296,-8.696619141358296,0.0,0.0,0.0,50.20116149802329
474,2018-04-03 12:00:00,56.5160015618302,38.76994428581375,58.77632438524713,56.5160015618302,56.5160015618302,0.0,0.0,0.0,0.0,0.0,0.0,0.0,0.0,0.0,0.0,0.0,0.0,0.0,0.0,0.0,0.0,0.0,0.0,0.0,0.0,0.0,0.0,0.0,0.0,0.0,0.0,0.0,0.0,0.0,0.0,-7.692665295435742,-7.692665295435742,-7.692665295435742,2.294347952005475,2.294347952005475,2.294347952005475,-3.1855067685059293,-3.1855067685059293,-3.1855067685059293,-6.549043847563085,-6.549043847563085,-6.549043847563085,-2.4548395301477757,-2.4548395301477757,-2.4548395301477757,0.0,0.0,0.0,0.00012263465173514815,0.00012263465173514815,0.00012263465173514815,0.4559151508737097,0.4559151508737097,0.4559151508737097,-0.4981713433140977,-0.4981713433140977,-0.4981713433140977,-0.10550806474860584,-0.10550806474860584,-0.10550806474860584,5.26171001929151,5.26171001929151,5.26171001929151,-0.7610559263721212,-0.7610559263721212,-0.7610559263721212,-8.699679419169643,-8.699679419169643,-8.699679419169643,0.0,0.0,0.0,48.823336266394456
475,2018-04-03 13:00:00,56.51564836115978,36.58771574483787,56.311729267372264,56.51564836115978,56.51564836115978,0.0,0.0,0.0,0.0,0.0,0.0,0.0,0.0,0.0,0.0,0.0,0.0,0.0,0.0,0.0,0.0,0.0,0.0,0.0,0.0,0.0,0.0,0.0,0.0,0.0,0.0,0.0,0.0,0.0,0.0,-10.49346442799486,-10.49346442799486,-10.49346442799486,0.725888961184197,0.725888961184197,0.725888961184197,-3.1855067685059293,-3.1855067685059293,-3.1855067685059293,-7.673007410466426,-7.673007410466426,-7.673007410466426,-2.7030707379180914,-2.7030707379180914,-2.7030707379180914,0.0,0.0,0.0,0.08752128507707178,0.08752128507707178,0.08752128507707178,0.17416520665273202,0.17416520665273202,0.17416520665273202,-0.4729424824505625,-0.4729424824505625,-0.4729424824505625,-0.3914922345679885,-0.3914922345679885,-0.3914922345679885,5.156355255147354,5.156355255147354,5.156355255147354,-1.18168167875366,-1.18168167875366,-1.18168167875366,-8.702701233859983,-8.702701233859983,-8.702701233859983,0.0,0.0,0.0,46.022183933164925
476,2018-04-03 14:00:00,56.515295160489366,34.396436271104534,54.52796626080465,56.515295160489366,56.515295160489366,0.0,0.0,0.0,0.0,0.0,0.0,0.0,0.0,0.0,0.0,0.0,0.0,0.0,0.0,0.0,0.0,0.0,0.0,0.0,0.0,0.0,0.0,0.0,0.0,0.0,0.0,0.0,0.0,0.0,0.0,-12.207521561652833,-12.207521561652833,-12.207521561652833,-0.5872440423523555,-0.5872440423523555,-0.5872440423523555,-3.1855067685059293,-3.1855067685059293,-3.1855067685059293,-7.958604669488103,-7.958604669488103,-7.958604669488103,-2.7221654462081153,-2.7221654462081153,-2.7221654462081153,0.0,0.0,0.0,0.17491993550240842,0.17491993550240842,0.17491993550240842,0.22221196866392523,0.22221196866392523,0.22221196866392523,-0.33351983030997306,-0.33351983030997306,-0.33351983030997306,-0.5582785649856317,-0.5582785649856317,-0.5582785649856317,5.044011519782139,5.044011519782139,5.044011519782139,-1.5562659636447869,-1.5562659636447869,-1.5562659636447869,-8.705684369594513,-8.705684369594513,-8.705684369594513,0.0,0.0,0.0,44.30777359883653
477,2018-04-03 15:00:00,56.51494195981895,34.045414043839884,54.46467909511096,56.51494195981895,56.51494195981895,0.0,0.0,0.0,0.0,0.0,0.0,0.0,0.0,0.0,0.0,0.0,0.0,0.0,0.0,0.0,0.0,0.0,0.0,0.0,0.0,0.0,0.0,0.0,0.0,0.0,0.0,0.0,0.0,0.0,0.0,-12.2609996150093,-12.2609996150093,-12.2609996150093,-0.5746614660618106,-0.5746614660618106,-0.5746614660618106,-3.1855067685059293,-3.1855067685059293,-3.1855067685059293,-7.904191142784398,-7.904191142784398,-7.904191142784398,-2.6477450446675084,-2.6477450446675084,-2.6477450446675084,0.0,0.0,0.0,0.26231858592774504,0.26231858592774504,0.26231858592774504,0.3089760243346236,0.3089760243346236,0.3089760243346236,0.034290404384724686,0.034290404384724686,0.034290404384724686,-0.61266541186095,-0.61266541186095,-0.61266541186095,4.926481605433402,4.926481605433402,4.926481605433402,-2.0638589323971033,-2.0638589323971033,-2.0638589323971033,-8.708628611596495,-8.708628611596495,-8.708628611596495,0.0,0.0,0.0,44.253942344809644
478,2018-04-03 16:00:00,56.51458875914852,36.53140926336118,56.59770812333879,56.51458875914852,56.51458875914852,0.0,0.0,0.0,0.0,0.0,0.0,0.0,0.0,0.0,0.0,0.0,0.0,0.0,0.0,0.0,0.0,0.0,0.0,0.0,0.0,0.0,0.0,0.0,0.0,0.0,0.0,0.0,0.0,0.0,0.0,-9.70132211673745,-9.70132211673745,-9.70132211673745,1.2083356720177298,1.2083356720177298,1.2083356720177298,-3.1855067685059293,-3.1855067685059293,-3.1855067685059293,-7.003622575005553,-7.003622575005553,-7.003622575005553,-2.483236788630376,-2.483236788630376,-2.483236788630376,0.0,0.0,0.0,0.34971723635308166,0.34971723635308166,0.34971723635308166,0.5193555356651881,0.5193555356651881,0.5193555356651881,0.43573912023080275,0.43573912023080275,0.43573912023080275,-0.40758167676860346,-0.40758167676860346,-0.40758167676860346,4.805498532408425,4.805498532408425,4.805498532408425,-2.2321092333497186,-2.2321092333497186,-2.2321092333497186,-8.711533746158052,-8.711533746158052,-8.711533746158052,0.0,0.0,0.0,46.81326664241107
479,2018-04-03 17:00:00,56.514235558478106,41.323744901296934,60.56353079755377,56.514235558478106,56.514235558478106,0.0,0.0,0.0,0.0,0.0,0.0,0.0,0.0,0.0,0.0,0.0,0.0,0.0,0.0,0.0,0.0,0.0,0.0,0.0,0.0,0.0,0.0,0.0,0.0,0.0,0.0,0.0,0.0,0.0,0.0,-5.562709332832759,-5.562709332832759,-5.562709332832759,4.009615529252108,4.009615529252108,4.009615529252108,-3.1855067685059293,-3.1855067685059293,-3.1855067685059293,-5.5406343054602605,-5.5406343054602605,-5.5406343054602605,-2.0372039872916035,-2.0372039872916035,-2.0372039872916035,0.0,0.0,0.0,0.43711588677841834,0.43711588677841834,0.43711588677841834,0.9783653785682378,0.9783653785682378,0.9783653785682378,0.5658669288953528,0.5658669288953528,0.5658669288953528,0.26024348048791046,0.26024348048791046,0.26024348048791046,4.682709004025847,4.682709004025847,4.682709004025847,-2.559515224392646,-2.559515224392646,-2.559515224392646,-8.714399560650454,-8.714399560650454,-8.714399560650454,0.0,0.0,0.0,50.951526225645345
480,2018-04-03 18:00:00,56.55034898713047,43.55251415094759,64.08700204372691,56.55034898713047,56.55034898713047,0.0,0.0,0.0,0.0,0.0,0.0,0.0,0.0,0.0,0.0,0.0,0.0,0.0,0.0,0.0,0.0,0.0,0.0,0.0,0.0,0.0,0.0,0.0,0.0,0.0,0.0,0.0,0.0,0.0,0.0,-2.8848640019557092,-2.8848640019557092,-2.8848640019557092,6.17004759995006,6.17004759995006,6.17004759995006,-3.2257871158415297,-3.2257871158415297,-3.2257871158415297,-4.771114278352341,-4.771114278352341,-4.771114278352341,-1.729993464108343,-1.729993464108343,-1.729993464108343,0.0,0.0,0.0,0.6014982706452343,0.6014982706452343,0.6014982706452343,1.108801491458184,1.108801491458184,1.108801491458184,0.6253261113585045,0.6253261113585045,0.6253261113585045,0.6045463507749859,0.6045463507749859,0.6045463507749859,4.5892212623548465,4.5892212623548465,4.5892212623548465,-2.7555059226393768,-2.7555059226393768,-2.7555059226393768,-8.873018585908275,-8.873018585908275,-8.873018585908275,0.0,0.0,0.0,53.66548498517476
481,2018-04-03 19:00:00,56.55000645550023,43.636514073963276,63.75846314304321,56.55000645550023,56.55000645550023,0.0,0.0,0.0,0.0,0.0,0.0,0.0,0.0,0.0,0.0,0.0,0.0,0.0,0.0,0.0,0.0,0.0,0.0,0.0,0.0,0.0,0.0,0.0,0.0,0.0,0.0,0.0,0.0,0.0,0.0,-3.6068668979517264,-3.6068668979517264,-3.6068668979517264,6.461930929830703,6.461930929830703,6.461930929830703,-3.2257871158415297,-3.2257871158415297,-3.2257871158415297,-5.661649737922216,-5.661649737922216,-5.661649737922216,-2.1096075154962333,-2.1096075154962333,-2.1096075154962333,0.0,0.0,0.0,0.7017245631462516,0.7017245631462516,0.7017245631462516,0.8933552006563802,0.8933552006563802,0.8933552006563802,0.6411937527443139,0.6411937527443139,0.6411937527443139,0.651638649790865,0.651638649790865,0.651638649790865,4.468607413451792,4.468607413451792,4.468607413451792,-3.214167272922264,-3.214167272922264,-3.214167272922264,-8.875755503312005,-8.875755503312005,-8.875755503312005,0.0,0.0,0.0,52.943139557548506
482,2018-04-03 20:00:00,56.549663923869986,40.26129331819441,60.986907498990405,56.549663923869986,56.549663923869986,0.0,0.0,0.0,0.0,0.0,0.0,0.0,0.0,0.0,0.0,0.0,0.0,0.0,0.0,0.0,0.0,0.0,0.0,0.0,0.0,0.0,0.0,0.0,0.0,0.0,0.0,0.0,0.0,0.0,0.0,-5.767462828227412,-5.767462828227412,-5.767462828227412,4.6054639737376935,4.6054639737376935,4.6054639737376935,-3.2257871158415297,-3.2257871158415297,-3.2257871158415297,-5.844912152351081,-5.844912152351081,-5.844912152351081,-2.065179343032111,-2.065179343032111,-2.065179343032111,0.0,0.0,0.0,0.801950855647269,0.801950855647269,0.801950855647269,0.8928868391546373,0.8928868391546373,0.8928868391546373,0.6449273154233278,0.6449273154233278,0.6449273154233278,0.4413660588362414,0.4413660588362414,0.4413660588362414,4.350435749554412,4.350435749554412,4.350435749554412,-3.3350767625389164,-3.3350767625389164,-3.3350767625389164,-8.878450399168436,-8.878450399168436,-8.878450399168436,0.0,0.0,0.0,50.78220109564258
483,2018-04-03 21:00:00,56.54932139223974,37.204304166591335,56.26364903545555,56.54932139223974,56.54932139223974,0.0,0.0,0.0,0.0,0.0,0.0,0.0,0.0,0.0,0.0,0.0,0.0,0.0,0.0,0.0,0.0,0.0,0.0,0.0,0.0,0.0,0.0,0.0,0.0,0.0,0.0,0.0,0.0,0.0,0.0,-9.906700270987304,-9.906700270987304,-9.906700270987304,1.535314438231354,1.535314438231354,1.535314438231354,-3.2257871158415297,-3.2257871158415297,-3.2257871158415297,-6.796780493906357,-6.796780493906357,-6.796780493906357,-2.186122701406666,-2.186122701406666,-2.186122701406666,0.0,0.0,0.0,0.9021771481482862,0.9021771481482862,0.9021771481482862,0.5673755954432164,0.5673755954432164,0.5673755954432164,0.6444606200884511,0.6444606200884511,0.6444606200884511,-0.11782761273371105,-0.11782761273371105,-0.11782761273371105,4.235868850589086,4.235868850589086,4.235868850589086,-3.3810564276044035,-3.3810564276044035,-3.3810564276044035,-8.881103065901389,-8.881103065901389,-8.881103065901389,0.0,0.0,0.0,46.64262112125243
484,2018-04-03 22:00:00,56.5489788606095,32.63619836749079,52.772015247357366,56.5489788606095,56.5489788606095,0.0,0.0,0.0,0.0,0.0,0.0,0.0,0.0,0.0,0.0,0.0,0.0,0.0,0.0,0.0,0.0,0.0,0.0,0.0,0.0,0.0,0.0,0.0,0.0,0.0,0.0,0.0,0.0,0.0,0.0,-13.918987637903314,-13.918987637903314,-13.918987637903314,-1.4957209397212663,-1.4957209397212663,-1.4957209397212663,-3.2257871158415297,-3.2257871158415297,-3.2257871158415297,-7.665479069800453,-7.665479069800453,-7.665479069800453,-2.6481756950335393,-2.6481756950335393,-2.6481756950335393,0.0,0.0,0.0,1.0024034406493036,1.0024034406493036,1.0024034406493036,0.6797823558615488,0.6797823558615488,0.6797823558615488,0.5931241332520087,0.5931241332520087,0.5931241332520087,-0.43827427999060115,-0.43827427999060115,-0.43827427999060115,4.125925668751811,4.125925668751811,4.125925668751811,-3.628551908697645,-3.628551908697645,-3.628551908697645,-8.883713297133404,-8.883713297133404,-8.883713297133404,0.0,0.0,0.0,42.62999122270619
485,2018-04-03 23:00:00,56.548636328979256,29.34124475917828,50.148114370033156,56.548636328979256,56.548636328979256,0.0,0.0,0.0,0.0,0.0,0.0,0.0,0.0,0.0,0.0,0.0,0.0,0.0,0.0,0.0,0.0,0.0,0.0,0.0,0.0,0.0,0.0,0.0,0.0,0.0,0.0,0.0,0.0,0.0,0.0,-16.855406404099057,-16.855406404099057,-16.855406404099057,-3.813076407485792,-3.813076407485792,-3.813076407485792,-3.2257871158415297,-3.2257871158415297,-3.2257871158415297,-8.177525118813609,-8.177525118813609,-8.177525118813609,-2.712843368286873,-2.712843368286873,-2.712843368286873,0.0,0.0,0.0,1.1026297331503208,1.1026297331503208,1.1026297331503208,0.5758061024745913,0.5758061024745913,0.5758061024745913,0.5968576959310228,0.5968576959310228,0.5968576959310228,-0.7931092772265287,-0.7931092772265287,-0.7931092772265287,4.021476009895398,4.021476009895398,4.021476009895398,-3.7210788890146134,-3.7210788890146134,-3.7210788890146134,-8.886280887695055,-8.886280887695055,-8.886280887695055,0.0,0.0,0.0,39.6932299248802
486,2018-04-04 00:00:00,56.54829379734901,28.004796821453212,48.40289771527,56.54829379734901,56.54829379734901,0.0,0.0,0.0,0.0,0.0,0.0,0.0,0.0,0.0,0.0,0.0,0.0,0.0,0.0,0.0,0.0,0.0,0.0,0.0,0.0,0.0,0.0,0.0,0.0,0.0,0.0,0.0,0.0,0.0,0.0,-18.774419638807117,-18.774419638807117,-18.774419638807117,-5.505712559920843,-5.505712559920843,-5.505712559920843,-1.9363671037637642,-1.9363671037637642,-1.9363671037637642,-8.303138519161287,-8.303138519161287,-8.303138519161287,-2.7562842480295706,-2.7562842480295706,-2.7562842480295706,0.0,0.0,0.0,0.00014051563913078068,0.00014051563913078068,0.00014051563913078068,0.546299327864779,0.546299327864779,0.546299327864779,0.6215925486794904,0.6215925486794904,0.6215925486794904,-1.0307611117950357,-1.0307611117950357,-1.0307611117950357,3.9232370739134503,3.9232370739134503,3.9232370739134503,-3.7477584477563166,-3.7477584477563166,-3.7477584477563166,-8.88880563363844,-8.88880563363844,-8.88880563363844,0.0,0.0,0.0,37.773874158541894
487,2018-04-04 01:00:00,56.547951265718766,25.347284499039574,45.64027785737262,56.547951265718766,56.547951265718766,0.0,0.0,0.0,0.0,0.0,0.0,0.0,0.0,0.0,0.0,0.0,0.0,0.0,0.0,0.0,0.0,0.0,0.0,0.0,0.0,0.0,0.0,0.0,0.0,0.0,0.0,0.0,0.0,0.0,0.0,-21.729023721482978,-21.729023721482978,-21.729023721482978,-6.86702155142426,-6.86702155142426,-6.86702155142426,-1.9363671037637642,-1.9363671037637642,-1.9363671037637642,-9.802486887209234,-9.802486887209234,-9.802486887209234,-2.8752530209612757,-2.8752530209612757,-2.8752530209612757,0.0,0.0,0.0,-1.1023487018720592,-1.1023487018720592,-1.1023487018720592,0.41047449235929406,0.41047449235929406,0.41047449235929406,0.6346600180560394,0.6346600180560394,0.6346600180560394,-1.1223173024398614,-1.1223173024398614,-1.1223173024398614,3.8317720493999943,3.8317720493999943,3.8317720493999943,-3.811335268587607,-3.811335268587607,-3.811335268587607,-8.891287332249478,-8.891287332249478,-8.891287332249478,0.0,0.0,0.0,34.81892754423579
488,2018-04-04 02:00:00,56.54760873408853,24.242531992643887,44.09937880840673,56.54760873408853,56.54760873408853,0.0,0.0,0.0,0.0,0.0,0.0,0.0,0.0,0.0,0.0,0.0,0.0,0.0,0.0,0.0,0.0,0.0,0.0,0.0,0.0,0.0,0.0,0.0,0.0,0.0,0.0,0.0,0.0,0.0,0.0,-22.464011365845355,-22.464011365845355,-22.464011365845355,-7.765676203522569,-7.765676203522569,-7.765676203522569,-1.9363671037637642,-1.9363671037637642,-1.9363671037637642,-9.552100111887658,-9.552100111887658,-9.552100111887658,-2.8165091040364914,-2.8165091040364914,-2.8165091040364914,0.0,0.0,0.0,-1.002122409371042,-1.002122409371042,-1.002122409371042,0.5355270133246888,0.5355270133246888,0.5355270133246888,0.6346600180560394,0.6346600180560394,0.6346600180560394,-1.1400590523016578,-1.1400590523016578,-1.1400590523016578,3.7474907316207333,3.7474907316207333,3.7474907316207333,-3.827229473795431,-3.827229473795431,-3.827229473795431,-8.893725782055862,-8.893725782055862,-8.893725782055862,0.0,0.0,0.0,34.083597368243176
489,2018-04-04 03:00:00,56.54726620245828,24.241781815406114,44.493231999042244,56.54726620245828,56.54726620245828,0.0,0.0,0.0,0.0,0.0,0.0,0.0,0.0,0.0,0.0,0.0,0.0,0.0,0.0,0.0,0.0,0.0,0.0,0.0,0.0,0.0,0.0,0.0,0.0,0.0,0.0,0.0,0.0,0.0,0.0,-22.445014848962867,-22.445014848962867,-22.445014848962867,-7.623251307239627,-7.623251307239627,-7.623251307239627,-1.9363671037637642,-1.9363671037637642,-1.9363671037637642,-9.596294866251302,-9.596294866251302,-9.596294866251302,-2.801206066854405,-2.801206066854405,-2.801206066854405,0.0,0.0,0.0,-0.9018961168700247,-0.9018961168700247,-0.9018961168700247,0.4633993420562589,0.4633993420562589,0.4633993420562589,0.6346600180560394,0.6346600180560394,0.6346600180560394,-1.0329514512841462,-1.0329514512841462,-1.0329514512841462,3.670652107371836,3.670652107371836,3.670652107371836,-4.02193348759126,-4.02193348759126,-4.02193348759126,-8.896120782843777,-8.896120782843777,-8.896120782843777,0.0,0.0,0.0,34.10225135349542
490,2018-04-04 04:00:00,56.546923670828036,27.027145034534957,47.124165080565575,56.546923670828036,56.546923670828036,0.0,0.0,0.0,0.0,0.0,0.0,0.0,0.0,0.0,0.0,0.0,0.0,0.0,0.0,0.0,0.0,0.0,0.0,0.0,0.0,0.0,0.0,0.0,0.0,0.0,0.0,0.0,0.0,0.0,0.0,-20.044767902700023,-20.044767902700023,-20.044767902700023,-6.00815021357112,-6.00815021357112,-6.00815021357112,-1.9363671037637642,-1.9363671037637642,-1.9363671037637642,-8.739514379594665,-8.739514379594665,-8.739514379594665,-2.6526185122799517,-2.6526185122799517,-2.6526185122799517,0.0,0.0,0.0,-0.8016698243690075,-0.8016698243690075,-0.8016698243690075,0.5294383138020292,0.5294383138020292,0.5294383138020292,0.6346600180560394,0.6346600180560394,0.6346600180560394,-0.5199739429344288,-0.5199739429344288,-0.5199739429344288,3.6013688261303036,3.6013688261303036,3.6013688261303036,-3.9929833281055824,-3.9929833281055824,-3.9929833281055824,-8.898472135664543,-8.898472135664543,-8.898472135664543,0.0,0.0,0.0,36.50215576812801
491,2018-04-04 05:00:00,56.5465811391978,30.726308405996893,51.396907948261905,56.5465811391978,56.5465811391978,0.0,0.0,0.0,0.0,0.0,0.0,0.0,0.0,0.0,0.0,0.0,0.0,0.0,0.0,0.0,0.0,0.0,0.0,0.0,0.0,0.0,0.0,0.0,0.0,0.0,0.0,0.0,0.0,0.0,0.0,-15.885462671966916,-15.885462671966916,-15.885462671966916,-3.2102955447533854,-3.2102955447533854,-3.2102955447533854,-1.9363671037637642,-1.9363671037637642,-1.9363671037637642,-7.314000937666138,-7.314000937666138,-7.314000937666138,-2.4314649426807646,-2.4314649426807646,-2.4314649426807646,0.0,0.0,0.0,-0.70144353186799,-0.70144353186799,-0.70144353186799,0.8601015340326237,0.8601015340326237,0.8601015340326237,0.6281262833677649,0.6281262833677649,0.6281262833677649,0.2810332082333408,0.2810332082333408,0.2810332082333408,3.5396134533024797,3.5396134533024797,3.5396134533024797,-4.013986384987348,-4.013986384987348,-4.013986384987348,-8.900779642849876,-8.900779642849876,-8.900779642849876,0.0,0.0,0.0,40.66111846723088
492,2018-04-04 06:00:00,56.54623860756755,34.28590646712193,54.75696422256221,56.54623860756755,56.54623860756755,0.0,0.0,0.0,0.0,0.0,0.0,0.0,0.0,0.0,0.0,0.0,0.0,0.0,0.0,0.0,0.0,0.0,0.0,0.0,0.0,0.0,0.0,0.0,0.0,0.0,0.0,0.0,0.0,0.0,0.0,-11.84716060342101,-11.84716060342101,-11.84716060342101,-0.18311319997491088,-0.18311319997491088,-0.18311319997491088,-1.9363671037637642,-1.9363671037637642,-1.9363671037637642,-6.24623067550353,-6.24623067550353,-6.24623067550353,-2.344089536834657,-2.344089536834657,-2.344089536834657,0.0,0.0,0.0,-0.6012172393669729,-0.6012172393669729,-0.6012172393669729,1.2235500593852318,1.2235500593852318,1.2235500593852318,0.5366539977319222,0.5366539977319222,0.5366539977319222,0.7609365902974873,0.7609365902974873,0.7609365902974873,3.4852263800763534,3.4852263800763534,3.4852263800763534,-3.885697442952778,-3.885697442952778,-3.885697442952778,-8.90304310801892,-8.90304310801892,-8.90304310801892,0.0,0.0,0.0,44.69907800414654
493,2018-04-04 07:00:00,56.545896075937314,36.63549941105206,56.66726890345846,56.545896075937314,56.545896075937314,0.0,0.0,0.0,0.0,0.0,0.0,0.0,0.0,0.0,0.0,0.0,0.0,0.0,0.0,0.0,0.0,0.0,0.0,0.0,0.0,0.0,0.0,0.0,0.0,0.0,0.0,0.0,0.0,0.0,0.0,-9.305487909947454,-9.305487909947454,-9.305487909947454,2.1140146279344347,2.1140146279344347,2.1140146279344347,-1.9363671037637642,-1.9363671037637642,-1.9363671037637642,-5.952165446351588,-5.952165446351588,-5.952165446351588,-2.278928217220611,-2.278928217220611,-2.278928217220611,0.0,0.0,0.0,-0.5009909468659557,-0.5009909468659557,-0.5009909468659557,1.5097189369502364,1.5097189369502364,1.5097189369502364,0.15863077648175616,0.15863077648175616,0.15863077648175616,1.0382335696188973,1.0382335696188973,1.0382335696188973,3.4379252445655895,3.4379252445655895,3.4379252445655895,-3.9424624615521457,-3.9424624615521457,-3.9424624615521457,-8.905262336095891,-8.905262336095891,-8.905262336095891,0.0,0.0,0.0,47.24040816598986
494,2018-04-04 08:00:00,56.54555354430706,36.68289145403068,57.940386861954174,56.54555354430706,56.54555354430706,0.0,0.0,0.0,0.0,0.0,0.0,0.0,0.0,0.0,0.0,0.0,0.0,0.0,0.0,0.0,0.0,0.0,0.0,0.0,0.0,0.0,0.0,0.0,0.0,0.0,0.0,0.0,0.0,0.0,0.0,-9.302714372585175,-9.302714372585175,-9.302714372585175,3.3389988680786455,3.3389988680786455,3.3389988680786455,-1.9363671037637642,-1.9363671037637642,-1.9363671037637642,-7.131591808527241,-7.131591808527241,-7.131591808527241,-2.4141873200558277,-2.4141873200558277,-2.4141873200558277,0.0,0.0,0.0,-0.40076465436493824,-0.40076465436493824,-0.40076465436493824,1.224955143890461,1.224955143890461,1.224955143890461,-0.3001307377020873,-0.3001307377020873,-0.3001307377020873,1.1403033898114543,1.1403033898114543,1.1403033898114543,3.397315701178736,3.397315701178736,3.397315701178736,-4.445400526342539,-4.445400526342539,-4.445400526342539,-8.907437133315314,-8.907437133315314,-8.907437133315314,0.0,0.0,0.0,47.24283917172188
495,2018-04-04 09:00:00,56.54521101267682,36.72173953186152,56.958710023197234,56.54521101267682,56.54521101267682,0.0,0.0,0.0,0.0,0.0,0.0,0.0,0.0,0.0,0.0,0.0,0.0,0.0,0.0,0.0,0.0,0.0,0.0,0.0,0.0,0.0,0.0,0.0,0.0,0.0,0.0,0.0,0.0,0.0,0.0,-9.730638045058559,-9.730638045058559,-9.730638045058559,3.7774036418887094,3.7774036418887094,3.7774036418887094,-1.9363671037637642,-1.9363671037637642,-1.9363671037637642,-7.961377739726963,-7.961377739726963,-7.961377739726963,-2.470956651537762,-2.470956651537762,-2.470956651537762,0.0,0.0,0.0,-0.3005383618639211,-0.3005383618639211,-0.3005383618639211,1.027306590154893,1.027306590154893,1.027306590154893,-0.6538858015386625,-0.6538858015386625,-0.6538858015386625,1.145998272483142,1.145998272483142,1.145998272483142,3.3629033600168987,3.3629033600168987,3.3629033600168987,-4.772934683660888,-4.772934683660888,-4.772934683660888,-8.909567307237202,-8.909567307237202,-8.909567307237202,0.0,0.0,0.0,46.81457296761826
496,2018-04-04 10:00:00,56.54486848104657,35.92415410532346,55.53927476300848,56.54486848104657,56.54486848104657,0.0,0.0,0.0,0.0,0.0,0.0,0.0,0.0,0.0,0.0,0.0,0.0,0.0,0.0,0.0,0.0,0.0,0.0,0.0,0.0,0.0,0.0,0.0,0.0,0.0,0.0,0.0,0.0,0.0,0.0,-10.135511644868716,-10.135511644868716,-10.135511644868716,3.8041822835380845,3.8041822835380845,3.8041822835380845,-1.9363671037637642,-1.9363671037637642,-1.9363671037637642,-8.362147966579574,-8.362147966579574,-8.362147966579574,-2.4847787496377114,-2.4847787496377114,-2.4847787496377114,0.0,0.0,0.0,-0.2003120693629038,-0.2003120693629038,-0.2003120693629038,0.935039374311512,0.935039374311512,0.935039374311512,-0.9488372531807673,-0.9488372531807673,-0.9488372531807673,1.1442460008918534,1.1442460008918534,1.1442460008918534,3.334106704928552,3.334106704928552,3.334106704928552,-4.871138165837794,-4.871138165837794,-4.871138165837794,-8.911652666755778,-8.911652666755778,-8.911652666755778,0.0,0.0,0.0,46.40935683617786
497,2018-04-04 11:00:00,56.54452594941633,36.125713991696344,56.450849254405625,56.54452594941633,56.54452594941633,0.0,0.0,0.0,0.0,0.0,0.0,0.0,0.0,0.0,0.0,0.0,0.0,0.0,0.0,0.0,0.0,0.0,0.0,0.0,0.0,0.0,0.0,0.0,0.0,0.0,0.0,0.0,0.0,0.0,0.0,-10.677957040290229,-10.677957040290229,-10.677957040290229,3.4213068497536074,3.4213068497536074,3.4213068497536074,-1.9363671037637642,-1.9363671037637642,-1.9363671037637642,-8.495841656831251,-8.495841656831251,-8.495841656831251,-2.4660201879306376,-2.4660201879306376,-2.4660201879306376,0.0,0.0,0.0,-0.10008577686188651,-0.10008577686188651,-0.10008577686188651,1.0029517920642543,1.0029517920642543,1.0029517920642543,-1.0454431875002543,-1.0454431875002543,-1.0454431875002543,1.0417381128014742,1.0417381128014742,1.0417381128014742,3.3102707888995813,3.3102707888995813,3.3102707888995813,-4.992615305640439,-4.992615305640439,-4.992615305640439,-8.913693022112165,-8.913693022112165,-8.913693022112165,0.0,0.0,0.0,45.8665689091261
498,2018-04-04 12:00:00,56.54418341778609,34.81345625646547,53.925786894955095,56.54418341778609,56.54418341778609,0.0,0.0,0.0,0.0,0.0,0.0,0.0,0.0,0.0,0.0,0.0,0.0,0.0,0.0,0.0,0.0,0.0,0.0,0.0,0.0,0.0,0.0,0.0,0.0,0.0,0.0,0.0,0.0,0.0,0.0,-12.215542351691555,-12.215542351691555,-12.215542351691555,2.390236080014157,2.390236080014157,2.390236080014157,-1.9363671037637642,-1.9363671037637642,-1.9363671037637642,-8.980771744633032,-8.980771744633032,-8.980771744633032,-2.5612939355481443,-2.5612939355481443,-2.5612939355481443,0.0,0.0,0.0,0.00014051563913078068,0.00014051563913078068,0.00014051563913078068,0.8156071913670337,0.8156071913670337,0.8156071913670337,-1.1173142690712736,-1.1173142690712736,-1.1173142690712736,0.790068105502659,0.790068105502659,0.790068105502659,3.2906814978350494,3.2906814978350494,3.2906814978350494,-4.971612248758674,-4.971612248758674,-4.971612248758674,-8.91568818490773,-8.91568818490773,-8.91568818490773,0.0,0.0,0.0,44.328641066094534
499,2018-04-04 13:00:00,56.54384088615585,32.852354108730125,52.87378865812098,56.54384088615585,56.54384088615585,0.0,0.0,0.0,0.0,0.0,0.0,0.0,0.0,0.0,0.0,0.0,0.0,0.0,0.0,0.0,0.0,0.0,0.0,0.0,0.0,0.0,0.0,0.0,0.0,0.0,0.0,0.0,0.0,0.0,0.0,-13.939990698647868,-13.939990698647868,-13.939990698647868,0.8116010113925685,0.8116010113925685,0.8116010113925685,-1.9363671037637642,-1.9363671037637642,-1.9363671037637642,-9.1085339110754,-9.1085339110754,-9.1085339110754,-2.601772937126567,-2.601772937126567,-2.601772937126567,0.0,0.0,0.0,0.10036680814014806,0.10036680814014806,0.10036680814014806,0.6830608863737501,0.6830608863737501,0.6830608863737501,-1.144382598494125,-1.144382598494125,-1.144382598494125,0.6435343936811556,0.6435343936811556,0.6435343936811556,3.274580169143373,3.274580169143373,3.274580169143373,-4.852973359885996,-4.852973359885996,-4.852973359885996,-8.917637968108412,-8.917637968108412,-8.917637968108412,0.0,0.0,0.0,42.60385018750798
500,2018-04-04 14:00:00,56.5434983545256,31.56942617960639,51.32438437803851,56.5434983545256,56.5434983545256,0.0,0.0,0.0,0.0,0.0,0.0,0.0,0.0,0.0,0.0,0.0,0.0,0.0,0.0,0.0,0.0,0.0,0.0,0.0,0.0,0.0,0.0,0.0,0.0,0.0,0.0,0.0,0.0,0.0,0.0,-15.064703815104268,-15.064703815104268,-15.064703815104268,-0.529719540252261,-0.529719540252261,-0.529719540252261,-1.9363671037637642,-1.9363671037637642,-1.9363671037637642,-8.876620438640279,-8.876620438640279,-8.876620438640279,-2.611645864340816,-2.611645864340816,-2.611645864340816,0.0,0.0,0.0,0.20059310064116534,0.20059310064116534,0.20059310064116534,0.637161459202931,0.637161459202931,0.637161459202931,-1.1593168492101809,-1.1593168492101809,-1.1593168492101809,0.5638060362775275,0.5638060362775275,0.5638060362775275,3.2611783498526834,3.2611783498526834,3.2611783498526834,-4.570851217447141,-4.570851217447141,-4.570851217447141,-8.919542186064414,-8.919542186064414,-8.919542186064414,0.0,0.0,0.0,41.47879453942134
501,2018-04-04 15:00:00,56.54315582289536,31.82120283033529,52.06843015677492,56.54315582289536,56.54315582289536,0.0,0.0,0.0,0.0,0.0,0.0,0.0,0.0,0.0,0.0,0.0,0.0,0.0,0.0,0.0,0.0,0.0,0.0,0.0,0.0,0.0,0.0,0.0,0.0,0.0,0.0,0.0,0.0,0.0,0.0,-14.539203398035598,-14.539203398035598,-14.539203398035598,-0.5609246927997615,-0.5609246927997615,-0.5609246927997615,-1.9363671037637642,-1.9363671037637642,-1.9363671037637642,-8.306550530710851,-8.306550530710851,-8.306550530710851,-2.5958491807980173,-2.5958491807980173,-2.5958491807980173,0.0,0.0,0.0,0.3008193931421826,0.3008193931421826,0.3008193931421826,0.7125676609835624,0.7125676609835624,0.7125676609835624,-0.9829060126267701,-0.9829060126267701,-0.9829060126267701,0.5009432929400515,0.5009432929400515,0.5009432929400515,3.249672479989306,3.249672479989306,3.249672479989306,-4.305758580588096,-4.305758580588096,-4.305758580588096,-8.921400654514292,-8.921400654514292,-8.921400654514292,0.0,0.0,0.0,42.00395242485976
502,2018-04-04 16:00:00,56.54281329126512,34.30234221496337,54.641538937934826,56.54281329126512,56.54281329126512,0.0,0.0,0.0,0.0,0.0,0.0,0.0,0.0,0.0,0.0,0.0,0.0,0.0,0.0,0.0,0.0,0.0,0.0,0.0,0.0,0.0,0.0,0.0,0.0,0.0,0.0,0.0,0.0,0.0,0.0,-12.082257962349901,-12.082257962349901,-12.082257962349901,1.179163851987357,1.179163851987357,1.179163851987357,-1.9363671037637642,-1.9363671037637642,-1.9363671037637642,-7.577466914805591,-7.577466914805591,-7.577466914805591,-2.451210797109263,-2.451210797109263,-2.451210797109263,0.0,0.0,0.0,0.4010456856431999,0.4010456856431999,0.4010456856431999,0.7987461773042839,0.7987461773042839,0.7987461773042839,-0.6870211703149116,-0.6870211703149116,-0.6870211703149116,0.35900929404568044,0.35900929404568044,0.35900929404568044,3.239258291068401,3.239258291068401,3.239258291068401,-4.0616690006108165,-4.0616690006108165,-4.0616690006108165,-8.92321319060007,-8.92321319060007,-8.92321319060007,0.0,0.0,0.0,44.46055532891522
503,2018-04-04 17:00:00,56.542470759634874,38.461374370160286,58.90284798309045,56.542470759634874,56.542470759634874,0.0,0.0,0.0,0.0,0.0,0.0,0.0,0.0,0.0,0.0,0.0,0.0,0.0,0.0,0.0,0.0,0.0,0.0,0.0,0.0,0.0,0.0,0.0,0.0,0.0,0.0,0.0,0.0,0.0,0.0,-8.220388682016331,-8.220388682016331,-8.220388682016331,3.952998004503829,3.952998004503829,3.952998004503829,-1.9363671037637642,-1.9363671037637642,-1.9363671037637642,-6.477551789759524,-6.477551789759524,-6.477551789759524,-2.3830875993309424,-2.3830875993309424,-2.3830875993309424,0.0,0.0,0.0,0.5012719781442171,0.5012719781442171,0.5012719781442171,0.9355077358132549,0.9355077358132549,0.9355077358132549,-0.31413159774838983,-0.31413159774838983,-0.31413159774838983,0.39208342033125143,0.39208342033125143,0.39208342033125143,3.2291447161152282,3.2291447161152282,3.2291447161152282,-3.672828623205151,-3.672828623205151,-3.672828623205151,-8.924979612875866,-8.924979612875866,-8.924979612875866,0.0,0.0,0.0,48.322082077618546
504,2018-04-04 18:00:00,56.5906819645025,44.16821349928621,64.04389547439895,56.5906819645025,56.5906819645025,0.0,0.0,0.0,0.0,0.0,0.0,0.0,0.0,0.0,0.0,0.0,0.0,0.0,0.0,0.0,0.0,0.0,0.0,0.0,0.0,0.0,0.0,0.0,0.0,0.0,0.0,0.0,0.0,0.0,0.0,-2.8130782173125763,-2.8130782173125763,-2.8130782173125763,6.284481231977948,6.284481231977948,6.284481231977948,-1.664622187053455,-1.664622187053455,-1.664622187053455,-3.1226427403699457,-3.1226427403699457,-3.1226427403699457,-1.9124088956174126,-1.9124088956174126,-1.9124088956174126,0.0,0.0,0.0,0.46267376810225713,0.46267376810225713,0.46267376810225713,1.8149793301745154,1.8149793301745154,1.8149793301745154,0.2517269786090657,0.2517269786090657,0.2517269786090657,0.7428937664815324,0.7428937664815324,0.7428937664815324,3.0035001205295546,3.0035001205295546,3.0035001205295546,-2.8178855010664488,-2.8178855010664488,-2.8178855010664488,-8.978416829450133,-8.978416829450133,-8.978416829450133,0.0,0.0,0.0,53.77760374718992
505,2018-04-04 19:00:00,56.59036716131178,45.884441986718016,66.20976034468475,56.59036716131178,56.59036716131178,0.0,0.0,0.0,0.0,0.0,0.0,0.0,0.0,0.0,0.0,0.0,0.0,0.0,0.0,0.0,0.0,0.0,0.0,0.0,0.0,0.0,0.0,0.0,0.0,0.0,0.0,0.0,0.0,0.0,0.0,-0.6473629420122873,-0.6473629420122873,-0.6473629420122873,6.58784221631172,6.58784221631172,6.58784221631172,-1.664622187053455,-1.664622187053455,-1.664622187053455,-1.253714910323822,-1.253714910323822,-1.253714910323822,-1.6776139050067538,-1.6776139050067538,-1.6776139050067538,0.0,0.0,0.0,0.5397680637675424,0.5397680637675424,0.5397680637675424,2.070767750608329,2.070767750608329,2.070767750608329,0.4661791857880694,0.4661791857880694,0.4661791857880694,1.1144287721413528,1.1144287721413528,1.1144287721413528,2.9986369561612545,2.9986369561612545,2.9986369561612545,-2.102622590568907,-2.102622590568907,-2.102622590568907,-8.98012720416144,-8.98012720416144,-8.98012720416144,0.0,0.0,0.0,55.943004219299496
506,2018-04-04 20:00:00,56.590052358121056,42.98627038189387,63.348038078036666,56.590052358121056,56.590052358121056,0.0,0.0,0.0,0.0,0.0,0.0,0.0,0.0,0.0,0.0,0.0,0.0,0.0,0.0,0.0,0.0,0.0,0.0,0.0,0.0,0.0,0.0,0.0,0.0,0.0,0.0,0.0,0.0,0.0,0.0,-3.592018478584007,-3.592018478584007,-3.592018478584007,4.763665663320135,4.763665663320135,4.763665663320135,-1.664622187053455,-1.664622187053455,-1.664622187053455,-2.365460144875664,-2.365460144875664,-2.365460144875664,-2.1212817216595905,-2.1212817216595905,-2.1212817216595905,0.0,0.0,0.0,0.6168623594328279,0.6168623594328279,0.6168623594328279,1.7367124459733998,1.7367124459733998,1.7367124459733998,0.5148324398396936,0.5148324398396936,0.5148324398396936,0.5435226409954103,0.5435226409954103,0.5435226409954103,2.9915650049743667,2.9915650049743667,2.9915650049743667,-1.9914861224039506,-1.9914861224039506,-1.9914861224039506,-8.981789002002845,-8.981789002002845,-8.981789002002845,0.0,0.0,0.0,52.99803387953705
507,2018-04-04 21:00:00,56.58973755493034,40.14708928662847,60.15517470448443,56.58973755493034,56.58973755493034,0.0,0.0,0.0,0.0,0.0,0.0,0.0,0.0,0.0,0.0,0.0,0.0,0.0,0.0,0.0,0.0,0.0,0.0,0.0,0.0,0.0,0.0,0.0,0.0,0.0,0.0,0.0,0.0,0.0,0.0,-6.607534460219664,-6.607534460219664,-6.607534460219664,1.7309208368578302,1.7309208368578302,1.7309208368578302,-1.664622187053455,-1.664622187053455,-1.664622187053455,-2.336769456583994,-2.336769456583994,-2.336769456583994,-2.2778117154000297,-2.2778117154000297,-2.2778117154000297,0.0,0.0,0.0,0.6939566550981131,0.6939566550981131,0.6939566550981131,1.771254813861043,1.771254813861043,1.771254813861043,0.5219178651870175,0.5219178651870175,0.5219178651870175,-0.0015143060829817612,-0.0015143060829817612,-0.0015143060829817612,2.9817162074393138,2.9817162074393138,2.9817162074393138,-1.3799505821937017,-1.3799505821937017,-1.3799505821937017,-8.983402047932815,-8.983402047932815,-8.983402047932815,0.0,0.0,0.0,49.98220309471067
508,2018-04-04 22:00:00,56.58942275173962,32.823834635589584,52.356524400673955,56.58942275173962,56.58942275173962,0.0,0.0,0.0,0.0,0.0,0.0,0.0,0.0,0.0,0.0,0.0,0.0,0.0,0.0,0.0,0.0,0.0,0.0,0.0,0.0,0.0,0.0,0.0,0.0,0.0,0.0,0.0,0.0,0.0,0.0,-13.515997564805819,-13.515997564805819,-13.515997564805819,-1.2990310289013167,-1.2990310289013167,-1.2990310289013167,-1.664622187053455,-1.664622187053455,-1.664622187053455,-6.200595513158662,-6.200595513158662,-6.200595513158662,-2.7783088928376114,-2.7783088928376114,-2.7783088928376114,0.0,0.0,0.0,0.7710509507633986,0.7710509507633986,0.7710509507633986,0.45514687282552413,0.45514687282552413,0.45514687282552413,0.5290032905343415,0.5290032905343415,0.5290032905343415,-0.5815638557355586,-0.5815638557355586,-0.5815638557355586,2.9685951457020425,2.9685951457020425,2.9685951457020425,-2.9313016916553023,-2.9313016916553023,-2.9313016916553023,-8.984966168447881,-8.984966168447881,-8.984966168447881,0.0,0.0,0.0,43.073425186933804
509,2018-04-04 23:00:00,56.5891079485489,29.940442064648586,49.70012525493006,56.5891079485489,56.5891079485489,0.0,0.0,0.0,0.0,0.0,0.0,0.0,0.0,0.0,0.0,0.0,0.0,0.0,0.0,0.0,0.0,0.0,0.0,0.0,0.0,0.0,0.0,0.0,0.0,0.0,0.0,0.0,0.0,0.0,0.0,-16.58135595208384,-16.58135595208384,-16.58135595208384,-3.684761362765696,-3.684761362765696,-3.684761362765696,-1.664622187053455,-1.664622187053455,-1.664622187053455,-6.861898846649897,-6.861898846649897,-6.861898846649897,-2.9692356049477646,-2.9692356049477646,-2.9692356049477646,0.0,0.0,0.0,0.8481452464286839,0.8481452464286839,0.8481452464286839,0.24264572354204839,0.24264572354204839,0.24264572354204839,0.5488424815068484,0.5488424815068484,0.5488424815068484,-0.9466315653784914,-0.9466315653784914,-0.9466315653784914,2.9517854489311213,2.9517854489311213,2.9517854489311213,-2.9210429407477676,-2.9210429407477676,-2.9210429407477676,-8.986481191599369,-8.986481191599369,-8.986481191599369,0.0,0.0,0.0,40.00775199646506
510,2018-04-05 00:00:00,56.588793145358174,28.434617214996187,48.31374166223161,56.588793145358174,56.588793145358174,0.0,0.0,0.0,0.0,0.0,0.0,0.0,0.0,0.0,0.0,0.0,0.0,0.0,0.0,0.0,0.0,0.0,0.0,0.0,0.0,0.0,0.0,0.0,0.0,0.0,0.0,0.0,0.0,0.0,0.0,-18.493357649030376,-18.493357649030376,-18.493357649030376,-5.506137711973851,-5.506137711973851,-5.506137711973851,-0.5550683459864287,-0.5550683459864287,-0.5550683459864287,-6.930227662060077,-6.930227662060077,-6.930227662060077,-3.1063239752618435,-3.1063239752618435,-3.1063239752618435,0.0,0.0,0.0,0.0001079941105450015,0.0001079941105450015,0.0001079941105450015,0.12721300047448122,0.12721300047448122,0.12721300047448122,0.5885208634518623,0.5885208634518623,0.5885208634518623,-1.1850294771734182,-1.1850294771734182,-1.1850294771734182,2.9309546720005186,2.9309546720005186,2.9309546720005186,-2.799647721675276,-2.799647721675276,-2.799647721675276,-8.987946946996967,-8.987946946996967,-8.987946946996967,0.0,0.0,0.0,38.095435496327795
511,2018-04-05 01:00:00,56.588478342167456,25.694649179692338,45.287838488966756,56.588478342167456,56.588478342167456,0.0,0.0,0.0,0.0,0.0,0.0,0.0,0.0,0.0,0.0,0.0,0.0,0.0,0.0,0.0,0.0,0.0,0.0,0.0,0.0,0.0,0.0,0.0,0.0,0.0,0.0,0.0,0.0,0.0,0.0,-20.948580579293605,-20.948580579293605,-20.948580579293605,-7.003990948472986,-7.003990948472986,-7.003990948472986,-0.5550683459864287,-0.5550683459864287,-0.5550683459864287,-7.861083958187635,-7.861083958187635,-7.861083958187635,-3.2095141303709864,-3.2095141303709864,-3.2095141303709864,0.0,0.0,0.0,-0.8479292582075938,-0.8479292582075938,-0.8479292582075938,0.12065432302746039,0.12065432302746039,0.12065432302746039,0.6163902031513364,0.6163902031513364,0.6163902031513364,-1.2606299375087597,-1.2606299375087597,-1.2606299375087597,2.9058575931917217,2.9058575931917217,2.9058575931917217,-2.724986812292664,-2.724986812292664,-2.724986812292664,-8.989363265824702,-8.989363265824702,-8.989363265824702,0.0,0.0,0.0,35.63989776287385
512,2018-04-05 02:00:00,56.58816353897674,25.088980339001203,44.75061943932766,56.58816353897674,56.58816353897674,0.0,0.0,0.0,0.0,0.0,0.0,0.0,0.0,0.0,0.0,0.0,0.0,0.0,0.0,0.0,0.0,0.0,0.0,0.0,0.0,0.0,0.0,0.0,0.0,0.0,0.0,0.0,0.0,0.0,0.0,-21.65351390746391,-21.65351390746391,-21.65351390746391,-7.986611229781564,-7.986611229781564,-7.986611229781564,-0.5550683459864287,-0.5550683459864287,-0.5550683459864287,-7.5525105966885615,-7.5525105966885615,-7.5525105966885615,-3.153681775915798,-3.153681775915798,-3.153681775915798,0.0,0.0,0.0,-0.7708349625423085,-0.7708349625423085,-0.7708349625423085,0.11409564558043953,0.11409564558043953,0.11409564558043953,0.6163902031513364,0.6163902031513364,0.6163902031513364,-1.2989876931951279,-1.2989876931951279,-1.2989876931951279,2.8763378998553835,2.8763378998553835,2.8763378998553835,-2.504423667780674,-2.504423667780674,-2.504423667780674,-8.990729980849173,-8.990729980849173,-8.990729980849173,0.0,0.0,0.0,34.934649631512826
513,2018-04-05 03:00:00,56.58784873578602,25.086189676337025,45.18232479800544,56.58784873578602,56.58784873578602,0.0,0.0,0.0,0.0,0.0,0.0,0.0,0.0,0.0,0.0,0.0,0.0,0.0,0.0,0.0,0.0,0.0,0.0,0.0,0.0,0.0,0.0,0.0,0.0,0.0,0.0,0.0,0.0,0.0,0.0,-21.306844888014105,-21.306844888014105,-21.306844888014105,-7.850367778740353,-7.850367778740353,-7.850367778740353,-0.5550683459864287,-0.5550683459864287,-0.5550683459864287,-7.306758437412814,-7.306758437412814,-7.306758437412814,-3.146204228444121,-3.146204228444121,-3.146204228444121,0.0,0.0,0.0,-0.6937406668770232,-0.6937406668770232,-0.6937406668770232,0.1888645684764773,0.1888645684764773,0.1888645684764773,0.6263097986375898,0.6263097986375898,0.6263097986375898,-1.196849018169799,-1.196849018169799,-1.196849018169799,2.842328254568289,2.842328254568289,2.842328254568289,-2.53007054504951,-2.53007054504951,-2.53007054504951,-8.992046926429225,-8.992046926429225,-8.992046926429225,0.0,0.0,0.0,35.28100384777191
514,2018-04-05 04:00:00,56.58753393259529,27.628533492143088,48.300561647245715,56.58753393259529,56.58753393259529,0.0,0.0,0.0,0.0,0.0,0.0,0.0,0.0,0.0,0.0,0.0,0.0,0.0,0.0,0.0,0.0,0.0,0.0,0.0,0.0,0.0,0.0,0.0,0.0,0.0,0.0,0.0,0.0,0.0,0.0,-18.872172209689165,-18.872172209689165,-18.872172209689165,-6.18744948718131,-6.18744948718131,-6.18744948718131,-0.5550683459864287,-0.5550683459864287,-0.5550683459864287,-6.495257541955199,-6.495257541955199,-6.495257541955199,-3.0724257600569076,-3.0724257600569076,-3.0724257600569076,0.0,0.0,0.0,-0.6166463712117378,-0.6166463712117378,-0.6166463712117378,0.3921835693341239,0.3921835693341239,0.3921835693341239,0.6385912025729513,0.6385912025729513,0.6385912025729513,-0.695968092172226,-0.695968092172226,-0.695968092172226,2.803848757977475,2.803848757977475,2.803848757977475,-2.585923744434975,-2.585923744434975,-2.585923744434975,-8.993313938530127,-8.993313938530127,-8.993313938530127,0.0,0.0,0.0,37.715361722906124
515,2018-04-05 05:00:00,56.58721912940457,31.958361115479512,51.49198423600836,56.58721912940457,56.58721912940457,0.0,0.0,0.0,0.0,0.0,0.0,0.0,0.0,0.0,0.0,0.0,0.0,0.0,0.0,0.0,0.0,0.0,0.0,0.0,0.0,0.0,0.0,0.0,0.0,0.0,0.0,0.0,0.0,0.0,0.0,-14.887236833957239,-14.887236833957239,-14.887236833957239,-3.335150133779591,-3.335150133779591,-3.335150133779591,-0.5550683459864287,-0.5550683459864287,-0.5550683459864287,-5.318559693141204,-5.318559693141204,-5.318559693141204,-2.8605619150260586,-2.8605619150260586,-2.8605619150260586,0.0,0.0,0.0,-0.5395520755464525,-0.5395520755464525,-0.5395520755464525,0.7494128676151933,0.7494128676151933,0.7494128676151933,0.6149731180818716,0.6149731180818716,0.6149731180818716,-0.057489868160181604,-0.057489868160181604,-0.057489868160181604,2.7610038476905556,2.7610038476905556,2.7610038476905556,-2.6702734741191474,-2.6702734741191474,-2.6702734741191474,-8.994530854727,-8.994530854727,-8.994530854727,0.0,0.0,0.0,41.699982295447334
516,2018-04-05 06:00:00,56.586904326213855,36.289542344549,55.40199056274096,56.586904326213855,56.586904326213855,0.0,0.0,0.0,0.0,0.0,0.0,0.0,0.0,0.0,0.0,0.0,0.0,0.0,0.0,0.0,0.0,0.0,0.0,0.0,0.0,0.0,0.0,0.0,0.0,0.0,0.0,0.0,0.0,0.0,0.0,-10.502855664256234,-10.502855664256234,-10.502855664256234,-0.2780669280845155,-0.2780669280845155,-0.2780669280845155,-0.5550683459864287,-0.5550683459864287,-0.5550683459864287,-3.943068917276457,-3.943068917276457,-3.943068917276457,-2.536534857920054,-2.536534857920054,-2.536534857920054,0.0,0.0,0.0,-0.4624577798811671,-0.4624577798811671,-0.4624577798811671,1.386916315465621,1.386916315465621,1.386916315465621,0.29801842421158187,0.29801842421158187,0.29801842421158187,0.43959988431025043,0.43959988431025043,0.43959988431025043,2.7139776953267143,2.7139776953267143,2.7139776953267143,-2.51354255747626,-2.51354255747626,-2.51354255747626,-8.995697514221977,-8.995697514221977,-8.995697514221977,0.0,0.0,0.0,46.084048661957624
517,2018-04-05 07:00:00,56.58658952302313,37.14603108443668,57.91001678516778,56.58658952302313,56.58658952302313,0.0,0.0,0.0,0.0,0.0,0.0,0.0,0.0,0.0,0.0,0.0,0.0,0.0,0.0,0.0,0.0,0.0,0.0,0.0,0.0,0.0,0.0,0.0,0.0,0.0,0.0,0.0,0.0,0.0,0.0,-8.794801423461097,-8.794801423461097,-8.794801423461097,2.028187600573997,2.028187600573997,2.028187600573997,-0.5550683459864287,-0.5550683459864287,-0.5550683459864287,-4.48920345183675,-4.48920345183675,-4.48920345183675,-2.58688367756268,-2.58688367756268,-2.58688367756268,0.0,0.0,0.0,-0.38536348421588174,-0.38536348421588174,-0.38536348421588174,1.1975891598282855,1.1975891598282855,1.1975891598282855,-0.39918742996509116,-0.39918742996509116,-0.39918742996509116,0.6973996841558402,0.6973996841558402,0.6973996841558402,2.663028185653141,2.663028185653141,2.663028185653141,-2.4576893580907946,-2.4576893580907946,-2.4576893580907946,-8.996813757851486,-8.996813757851486,-8.996813757851486,0.0,0.0,0.0,47.791788099562034
518,2018-04-05 08:00:00,56.58627471983241,37.470627298857856,58.197601298435515,56.58627471983241,56.58627471983241,0.0,0.0,0.0,0.0,0.0,0.0,0.0,0.0,0.0,0.0,0.0,0.0,0.0,0.0,0.0,0.0,0.0,0.0,0.0,0.0,0.0,0.0,0.0,0.0,0.0,0.0,0.0,0.0,0.0,0.0,-8.648629804472035,-8.648629804472035,-8.648629804472035,3.264953799140717,3.264953799140717,3.264953799140717,-0.5550683459864287,-0.5550683459864287,-0.5550683459864287,-5.5241837575935735,-5.5241837575935735,-5.5241837575935735,-2.7055274307799553,-2.7055274307799553,-2.7055274307799553,0.0,0.0,0.0,-0.3082691885505964,-0.3082691885505964,-0.3082691885505964,1.0506747850150182,1.0506747850150182,1.0506747850150182,-1.2508555567134256,-1.2508555567134256,-1.2508555567134256,0.7886108590147036,0.7886108590147036,0.7886108590147036,2.6084795820755073,2.6084795820755073,2.6084795820755073,-2.543748879592889,-2.543748879592889,-2.543748879592889,-8.997879428094688,-8.997879428094688,-8.997879428094688,0.0,0.0,0.0,47.93764491536037
519,2018-04-05 09:00:00,56.58595991664169,37.45079887414941,57.654274282571684,56.58595991664169,56.58595991664169,0.0,0.0,0.0,0.0,0.0,0.0,0.0,0.0,0.0,0.0,0.0,0.0,0.0,0.0,0.0,0.0,0.0,0.0,0.0,0.0,0.0,0.0,0.0,0.0,0.0,0.0,0.0,0.0,0.0,0.0,-8.68596175282088,-8.68596175282088,-8.68596175282088,3.731140059188885,3.731140059188885,3.731140059188885,-0.5550683459864287,-0.5550683459864287,-0.5550683459864287,-5.9689214449421915,-5.9689214449421915,-5.9689214449421915,-2.8869825827593174,-2.8869825827593174,-2.8869825827593174,0.0,0.0,0.0,-0.23117489288531104,-0.23117489288531104,-0.23117489288531104,0.9195012360746009,0.9195012360746009,0.9195012360746009,-1.5947348669035464,-1.5947348669035464,-1.5947348669035464,0.8269686147010716,0.8269686147010716,0.8269686147010716,2.550714002019998,2.550714002019998,2.550714002019998,-2.44743060718326,-2.44743060718326,-2.44743060718326,-8.998894369087573,-8.998894369087573,-8.998894369087573,0.0,0.0,0.0,47.89999816382081
520,2018-04-05 10:00:00,56.585645113450965,37.70698191377937,58.30517772117633,56.585645113450965,56.585645113450965,0.0,0.0,0.0,0.0,0.0,0.0,0.0,0.0,0.0,0.0,0.0,0.0,0.0,0.0,0.0,0.0,0.0,0.0,0.0,0.0,0.0,0.0,0.0,0.0,0.0,0.0,0.0,0.0,0.0,0.0,-8.45204996255169,-8.45204996255169,-8.45204996255169,3.7914600778243854,3.7914600778243854,3.7914600778243854,-0.5550683459864287,-0.5550683459864287,-0.5550683459864287,-5.733813456689121,-5.733813456689121,-5.733813456689121,-2.838627775775806,-2.838627775775806,-2.838627775775806,0.0,0.0,0.0,-0.1540805972200257,-0.1540805972200257,-0.1540805972200257,0.9365537974368552,0.9365537974368552,0.9365537974368552,-1.7137700127385878,-1.7137700127385878,-1.7137700127385878,0.8642113193500452,0.8642113193500452,0.8642113193500452,2.490161842940488,2.490161842940488,2.490161842940488,-2.2730318417551736,-2.2730318417551736,-2.2730318417551736,-8.999858426627442,-8.999858426627442,-8.999858426627442,0.0,0.0,0.0,48.133595150899275
521,2018-04-05 11:00:00,56.58533031026025,36.491436040851674,58.39462549988342,56.58533031026025,56.58533031026025,0.0,0.0,0.0,0.0,0.0,0.0,0.0,0.0,0.0,0.0,0.0,0.0,0.0,0.0,0.0,0.0,0.0,0.0,0.0,0.0,0.0,0.0,0.0,0.0,0.0,0.0,0.0,0.0,0.0,0.0,-8.87438921135389,-8.87438921135389,-8.87438921135389,3.4280818499953125,3.4280818499953125,3.4280818499953125,-0.5550683459864287,-0.5550683459864287,-0.5550683459864287,-5.728990928227539,-5.728990928227539,-5.728990928227539,-2.7593657725760297,-2.7593657725760297,-2.7593657725760297,0.0,0.0,0.0,-0.07698630155474036,-0.07698630155474036,-0.07698630155474036,0.8250562808375006,0.8250562808375006,0.8250562808375006,-1.76478507523932,-1.76478507523932,-1.76478507523932,0.8113579001775498,0.8113579001775498,0.8113579001775498,2.4272913150677082,2.4272913150677082,2.4272913150677082,-2.209199613886071,-2.209199613886071,-2.209199613886071,-9.00077144818937,-9.00077144818937,-9.00077144818937,0.0,0.0,0.0,47.71094109890636
522,2018-04-05 12:00:00,56.58501550706953,35.85038361767579,56.48801934110409,56.58501550706953,56.58501550706953,0.0,0.0,0.0,0.0,0.0,0.0,0.0,0.0,0.0,0.0,0.0,0.0,0.0,0.0,0.0,0.0,0.0,0.0,0.0,0.0,0.0,0.0,0.0,0.0,0.0,0.0,0.0,0.0,0.0,0.0,-10.213443504674283,-10.213443504674283,-10.213443504674283,2.397012816067785,2.397012816067785,2.397012816067785,-0.5550683459864287,-0.5550683459864287,-0.5550683459864287,-5.971420287976935,-5.971420287976935,-5.971420287976935,-2.8700334751568497,-2.8700334751568497,-2.8700334751568497,0.0,0.0,0.0,0.0001079941105450015,0.0001079941105450015,0.0001079941105450015,0.7625302225092352,0.7625302225092352,0.7625302225092352,-1.7081016724607285,-1.7081016724607285,-1.7081016724607285,0.5963760601679058,0.5963760601679058,0.5963760601679058,2.362597250166369,2.362597250166369,2.362597250166369,-2.197231071160614,-2.197231071160614,-2.197231071160614,-9.001633282931502,-9.001633282931502,-9.001633282931502,0.0,0.0,0.0,46.37157200239525
523,2018-04-05 13:00:00,56.5847007038788,34.39522460059104,55.54913277942479,56.5847007038788,56.5847007038788,0.0,0.0,0.0,0.0,0.0,0.0,0.0,0.0,0.0,0.0,0.0,0.0,0.0,0.0,0.0,0.0,0.0,0.0,0.0,0.0,0.0,0.0,0.0,0.0,0.0,0.0,0.0,0.0,0.0,0.0,-11.673171140688485,-11.673171140688485,-11.673171140688485,0.8150266489715595,0.8150266489715595,0.8150266489715595,-0.5550683459864287,-0.5550683459864287,-0.5550683459864287,-5.782343374400453,-5.782343374400453,-5.782343374400453,-2.885487073264982,-2.885487073264982,-2.885487073264982,0.0,0.0,0.0,0.07720228977583035,0.07720228977583035,0.07720228977583035,0.8023195323544949,0.8023195323544949,0.8023195323544949,-1.588121803246044,-1.588121803246044,-1.588121803246044,0.4358087107831094,0.4358087107831094,0.4358087107831094,2.2965893664459416,2.2965893664459416,2.2965893664459416,-2.068996684816433,-2.068996684816433,-2.068996684816433,-9.002443781705534,-9.002443781705534,-9.002443781705534,0.0,0.0,0.0,44.911529563190314
524,2018-04-05 14:00:00,56.58438590068809,33.67257676607191,53.79399660265206,56.58438590068809,56.58438590068809,0.0,0.0,0.0,0.0,0.0,0.0,0.0,0.0,0.0,0.0,0.0,0.0,0.0,0.0,0.0,0.0,0.0,0.0,0.0,0.0,0.0,0.0,0.0,0.0,0.0,0.0,0.0,0.0,0.0,0.0,-12.990879241210378,-12.990879241210378,-12.990879241210378,-0.5122321231412678,-0.5122321231412678,-0.5122321231412678,-0.5550683459864287,-0.5550683459864287,-0.5550683459864287,-5.705224499027377,-5.705224499027377,-5.705224499027377,-2.936334396072386,-2.936334396072386,-2.936334396072386,0.0,0.0,0.0,0.1542965854411157,0.1542965854411157,0.1542965854411157,0.7371700030474211,0.7371700030474211,0.7371700030474211,-1.4596394236145702,-1.4596394236145702,-1.4596394236145702,0.31962039268661097,0.31962039268661097,0.31962039268661097,2.229780178026792,2.229780178026792,2.229780178026792,-1.96526931452914,-1.96526931452914,-1.96526931452914,-9.003202797068525,-9.003202797068525,-9.003202797068525,0.0,0.0,0.0,43.59350665947771
525,2018-04-05 15:00:00,56.584071097497365,33.656774101897206,54.395277783980475,56.584071097497365,56.584071097497365,0.0,0.0,0.0,0.0,0.0,0.0,0.0,0.0,0.0,0.0,0.0,0.0,0.0,0.0,0.0,0.0,0.0,0.0,0.0,0.0,0.0,0.0,0.0,0.0,0.0,0.0,0.0,0.0,0.0,0.0,-12.573638761159735,-12.573638761159735,-12.573638761159735,-0.5089825252867484,-0.5089825252867484,-0.5089825252867484,-0.5550683459864287,-0.5550683459864287,-0.5550683459864287,-5.223418795673811,-5.223418795673811,-5.223418795673811,-2.85358287071916,-2.85358287071916,-2.85358287071916,0.0,0.0,0.0,0.23139088110640108,0.23139088110640108,0.23139088110640108,0.7559715450622142,0.7559715450622142,0.7559715450622142,-1.179528941550365,-1.179528941550365,-1.179528941550365,0.21614365641640884,0.21614365641640884,0.21614365641640884,2.16267274309111,2.16267274309111,2.16267274309111,-1.838744720002882,-1.838744720002882,-1.838744720002882,-9.003910183290285,-9.003910183290285,-9.003910183290285,0.0,0.0,0.0,44.01043233633763
526,2018-04-05 16:00:00,56.583756294306646,36.034202944845305,55.907548971183296,56.583756294306646,56.583756294306646,0.0,0.0,0.0,0.0,0.0,0.0,0.0,0.0,0.0,0.0,0.0,0.0,0.0,0.0,0.0,0.0,0.0,0.0,0.0,0.0,0.0,0.0,0.0,0.0,0.0,0.0,0.0,0.0,0.0,0.0,-10.137664008222481,-10.137664008222481,-10.137664008222481,1.2679549207957141,1.2679549207957141,1.2679549207957141,-0.5550683459864287,-0.5550683459864287,-0.5550683459864287,-4.496801580486625,-4.496801580486625,-4.496801580486625,-2.7050289276151767,-2.7050289276151767,-2.7050289276151767,0.0,0.0,0.0,0.3084851767716864,0.3084851767716864,0.3084851767716864,0.914691539280119,0.914691539280119,0.914691539280119,-0.7293682511503855,-0.7293682511503855,-0.7293682511503855,0.09170396064319168,0.09170396064319168,0.09170396064319168,2.0957484478322876,2.0957484478322876,2.0957484478322876,-1.8222167324296317,-1.8222167324296317,-1.8222167324296317,-9.004565796363858,-9.004565796363858,-9.004565796363858,0.0,0.0,0.0,46.446092286084166
527,2018-04-05 17:00:00,56.58344149111592,39.687551587188516,60.32230813032265,56.58344149111592,56.58344149111592,0.0,0.0,0.0,0.0,0.0,0.0,0.0,0.0,0.0,0.0,0.0,0.0,0.0,0.0,0.0,0.0,0.0,0.0,0.0,0.0,0.0,0.0,0.0,0.0,0.0,0.0,0.0,0.0,0.0,0.0,-6.783222995993227,-6.783222995993227,-6.783222995993227,4.062053536985182,4.062053536985182,4.062053536985182,-0.5550683459864287,-0.5550683459864287,-0.5550683459864287,-3.869562062765527,-3.869562062765527,-3.869562062765527,-2.621778899097172,-2.621778899097172,-2.621778899097172,0.0,0.0,0.0,0.38557947243697177,0.38557947243697177,0.38557947243697177,1.0327477333264945,1.0327477333264945,1.0327477333264945,-0.3014085601720212,-0.3014085601720212,-0.3014085601720212,0.07185605217757102,0.07185605217757102,0.07185605217757102,2.0294550238026887,2.0294550238026887,2.0294550238026887,-1.881489515450942,-1.881489515450942,-1.881489515450942,-9.005169494015568,-9.005169494015568,-9.005169494015568,0.0,0.0,0.0,49.80021849512269
528,2018-04-05 18:00:00,56.72332888256357,43.01056122210982,62.20236763484595,56.72332888256357,56.72332888256357,0.0,0.0,0.0,0.0,0.0,0.0,0.0,0.0,0.0,0.0,0.0,0.0,0.0,0.0,0.0,0.0,0.0,0.0,0.0,0.0,0.0,0.0,0.0,0.0,0.0,0.0,0.0,0.0,0.0,0.0,-3.4120890540943436,-3.4120890540943436,-3.4120890540943436,6.218326880005842,6.218326880005842,6.218326880005842,-0.6475237621911589,-0.6475237621911589,-0.6475237621911589,-2.816152819237623,-2.816152819237623,-2.816152819237623,-2.495023388493208,-2.495023388493208,-2.495023388493208,0.0,0.0,0.0,0.5621943063312327,0.5621943063312327,0.5621943063312327,1.2963653718305563,1.2963653718305563,1.2963653718305563,0.2009163860617689,0.2009163860617689,0.2009163860617689,0.18085038034544504,0.18085038034544504,0.18085038034544504,2.0493966543530475,2.0493966543530475,2.0493966543530475,-1.9139321131222584,-1.9139321131222584,-1.9139321131222584,-8.86365976921561,-8.86365976921561,-8.86365976921561,0.0,0.0,0.0,53.311239828469226
529,2018-04-05 19:00:00,56.723032982891276,44.25077408781595,64.40235078542032,56.723032982891276,56.723032982891276,0.0,0.0,0.0,0.0,0.0,0.0,0.0,0.0,0.0,0.0,0.0,0.0,0.0,0.0,0.0,0.0,0.0,0.0,0.0,0.0,0.0,0.0,0.0,0.0,0.0,0.0,0.0,0.0,0.0,0.0,-2.2333980371057964,-2.2333980371057964,-2.2333980371057964,6.520604992410007,6.520604992410007,6.520604992410007,-0.6475237621911589,-0.6475237621911589,-0.6475237621911589,-1.862335360918022,-1.862335360918022,-1.862335360918022,-2.318669644896273,-2.318669644896273,-2.318669644896273,0.0,0.0,0.0,0.6558715051642159,0.6558715051642159,0.6558715051642159,1.4964516499391147,1.4964516499391147,1.4964516499391147,0.43234490161474604,0.43234490161474604,0.43234490161474604,0.4766356263438511,0.4766356263438511,0.4766356263438511,1.9723883790228585,1.9723883790228585,1.9723883790228585,-1.9574456368925177,-1.9574456368925177,-1.9574456368925177,-8.864056047620641,-8.864056047620641,-8.864056047620641,0.0,0.0,0.0,54.48963494578548
530,2018-04-05 20:00:00,56.72273708321899,41.58010008020594,62.036774120691696,56.72273708321899,56.72273708321899,0.0,0.0,0.0,0.0,0.0,0.0,0.0,0.0,0.0,0.0,0.0,0.0,0.0,0.0,0.0,0.0,0.0,0.0,0.0,0.0,0.0,0.0,0.0,0.0,0.0,0.0,0.0,0.0,0.0,0.0,-4.395534389367791,-4.395534389367791,-4.395534389367791,4.6771766885550115,4.6771766885550115,4.6771766885550115,-0.6475237621911589,-0.6475237621911589,-0.6475237621911589,-2.105015890623831,-2.105015890623831,-2.105015890623831,-2.386537557884015,-2.386537557884015,-2.386537557884015,0.0,0.0,0.0,0.7495487039971992,0.7495487039971992,0.7495487039971992,1.417506043610568,1.417506043610568,1.417506043610568,0.47313131326665686,0.47313131326665686,0.47313131326665686,0.23737915443963972,0.23737915443963972,0.23737915443963972,1.896708042409393,1.896708042409393,1.896708042409393,-1.948519785862721,-1.948519785862721,-1.948519785862721,-8.864403229708364,-8.864403229708364,-8.864403229708364,0.0,0.0,0.0,52.3272026938512
531,2018-04-05 21:00:00,56.72244118354669,39.25743200750706,59.217557011565155,56.72244118354669,56.72244118354669,0.0,0.0,0.0,0.0,0.0,0.0,0.0,0.0,0.0,0.0,0.0,0.0,0.0,0.0,0.0,0.0,0.0,0.0,0.0,0.0,0.0,0.0,0.0,0.0,0.0,0.0,0.0,0.0,0.0,0.0,-8.264055729983799,-8.264055729983799,-8.264055729983799,1.6153512532702075,1.6153512532702075,1.6153512532702075,-0.6475237621911589,-0.6475237621911589,-0.6475237621911589,-2.837344670709855,-2.837344670709855,-2.837344670709855,-2.4451507554643372,-2.4451507554643372,-2.4451507554643372,0.0,0.0,0.0,0.8432259028301826,0.8432259028301826,0.8432259028301826,0.967879055842809,0.967879055842809,0.967879055842809,0.48275507331935497,0.48275507331935497,0.48275507331935497,-0.2211088361841237,-0.2211088361841237,-0.2211088361841237,1.8226388694783628,1.8226388694783628,1.8226388694783628,-1.8174213488625817,-1.8174213488625817,-1.8174213488625817,-8.864701182022515,-8.864701182022515,-8.864701182022515,0.0,0.0,0.0,48.4583854535629
532,2018-04-05 22:00:00,56.7221452838744,38.75608372160582,57.79605874336522,56.7221452838744,56.7221452838744,0.0,0.0,0.0,0.0,0.0,0.0,0.0,0.0,0.0,0.0,0.0,0.0,0.0,0.0,0.0,0.0,0.0,0.0,0.0,0.0,0.0,0.0,0.0,0.0,0.0,0.0,0.0,0.0,0.0,0.0,-8.777301583858394,-8.777301583858394,-8.777301583858394,-1.4256300312409724,-1.4256300312409724,-1.4256300312409724,-0.6475237621911589,-0.6475237621911589,-0.6475237621911589,-0.23710600632388515,-0.23710600632388515,-0.23710600632388515,-1.1818821023515957,-1.1818821023515957,-1.1818821023515957,0.0,0.0,0.0,0.9369031016631658,0.9369031016631658,0.9369031016631658,0.19793253894887705,0.19793253894887705,0.19793253894887705,0.4474679531261287,0.4474679531261287,0.4474679531261287,-1.171668332668423,-1.171668332668423,-1.171668332668423,1.750384226483165,1.750384226483165,1.750384226483165,1.181664597149121,1.181664597149121,1.181664597149121,-8.864949772776699,-8.864949772776699,-8.864949772776699,0.0,0.0,0.0,47.944843700016
533,2018-04-05 23:00:00,56.721849384202095,34.54725766175891,54.90700553334965,56.721849384202095,56.721849384202095,0.0,0.0,0.0,0.0,0.0,0.0,0.0,0.0,0.0,0.0,0.0,0.0,0.0,0.0,0.0,0.0,0.0,0.0,0.0,0.0,0.0,0.0,0.0,0.0,0.0,0.0,0.0,0.0,0.0,0.0,-11.858308939334965,-11.858308939334965,-11.858308939334965,-3.7795142768115464,-3.7795142768115464,-3.7795142768115464,-0.6475237621911589,-0.6475237621911589,-0.6475237621911589,-0.8937054161213709,-0.8937054161213709,-0.8937054161213709,-1.4728914868293377,-1.4728914868293377,-1.4728914868293377,0.0,0.0,0.0,1.0305803004961493,1.0305803004961493,1.0305803004961493,0.0690787906884901,0.0690787906884901,0.0690787906884901,0.4529672445848133,0.4529672445848133,0.4529672445848133,-1.456815322287479,-1.456815322287479,-1.456815322287479,1.6800596254601656,1.6800596254601656,1.6800596254601656,1.130898819417152,1.130898819417152,1.130898819417152,-8.865148871862212,-8.865148871862212,-8.865148871862212,0.0,0.0,0.0,44.86354044486713
534,2018-04-06 00:00:00,56.72155348452981,32.98872115435434,53.70986226818043,56.72155348452981,56.72155348452981,0.0,0.0,0.0,0.0,0.0,0.0,0.0,0.0,0.0,0.0,0.0,0.0,0.0,0.0,0.0,0.0,0.0,0.0,0.0,0.0,0.0,0.0,0.0,0.0,0.0,0.0,0.0,0.0,0.0,0.0,-13.76636325205078,-13.76636325205078,-13.76636325205078,-5.528085599991174,-5.528085599991174,-5.528085599991174,0.6484760697061117,0.6484760697061117,0.6484760697061117,-0.9846653960767022,-0.9846653960767022,-0.9846653960767022,-1.491915068500144,-1.491915068500144,-1.491915068500144,0.0,0.0,0.0,0.0001311133333328635,0.0001311133333328635,0.0001311133333328635,-0.0026074495408801267,-0.0026074495408801267,-0.0026074495408801267,0.4822967990311312,0.4822967990311312,0.4822967990311312,-1.6180579140764548,-1.6180579140764548,-1.6180579140764548,1.611686094874011,1.611686094874011,1.611686094874011,0.997011053970201,0.997011053970201,0.997011053970201,-8.865298350856914,-8.865298350856914,-8.865298350856914,0.0,0.0,0.0,42.955190232479026
535,2018-04-06 01:00:00,56.72125758485751,30.684175250573826,50.639292776411196,56.72125758485751,56.72125758485751,0.0,0.0,0.0,0.0,0.0,0.0,0.0,0.0,0.0,0.0,0.0,0.0,0.0,0.0,0.0,0.0,0.0,0.0,0.0,0.0,0.0,0.0,0.0,0.0,0.0,0.0,0.0,0.0,0.0,0.0,-16.042238711425593,-16.042238711425593,-16.042238711425593,-6.943317933483231,-6.943317933483231,-6.943317933483231,0.6484760697061117,0.6484760697061117,0.6484760697061117,-1.7787077368956108,-1.7787077368956108,-1.7787077368956108,-1.442042435471273,-1.442042435471273,-1.442042435471273,0.0,0.0,0.0,-1.0303180738294835,-1.0303180738294835,-1.0303180738294835,0.07089363221328426,0.07089363221328426,0.07089363221328426,0.5056687877305408,0.5056687877305408,0.5056687877305408,-1.6606109395938558,-1.6606109395938558,-1.6606109395938558,1.545185041990308,1.545185041990308,1.545185041990308,1.129225222349065,1.129225222349065,1.129225222349065,-8.865398083037059,-8.865398083037059,-8.865398083037059,0.0,0.0,0.0,40.679018873431914
536,2018-04-06 02:00:00,56.720961685185216,29.973287692050324,50.29452817323915,56.720961685185216,56.720961685185216,0.0,0.0,0.0,0.0,0.0,0.0,0.0,0.0,0.0,0.0,0.0,0.0,0.0,0.0,0.0,0.0,0.0,0.0,0.0,0.0,0.0,0.0,0.0,0.0,0.0,0.0,0.0,0.0,0.0,0.0,-16.870691130162676,-16.870691130162676,-16.870691130162676,-7.871534844193892,-7.871534844193892,-7.871534844193892,0.6484760697061117,0.6484760697061117,0.6484760697061117,-1.6140830550330862,-1.6140830550330862,-1.6140830550330862,-1.4168490435288537,-1.4168490435288537,-1.4168490435288537,0.0,0.0,0.0,-0.9366408749965001,-0.9366408749965001,-0.9366408749965001,0.04548585086616572,0.04548585086616572,0.04548585086616572,0.5207918392419235,0.5207918392419235,0.5207918392419235,-1.6754210612200102,-1.6754210612200102,-1.6754210612200102,1.4803747124478288,1.4803747124478288,1.4803747124478288,1.2000741648980768,1.2000741648980768,1.2000741648980768,-8.86544794338353,-8.86544794338353,-8.86544794338353,0.0,0.0,0.0,39.85027055502254
537,2018-04-06 03:00:00,56.72066578551292,30.360577866839225,50.32554377226462,56.72066578551292,56.72066578551292,0.0,0.0,0.0,0.0,0.0,0.0,0.0,0.0,0.0,0.0,0.0,0.0,0.0,0.0,0.0,0.0,0.0,0.0,0.0,0.0,0.0,0.0,0.0,0.0,0.0,0.0,0.0,0.0,0.0,0.0,-16.375570884428605,-16.375570884428605,-16.375570884428605,-7.725959034453384,-7.725959034453384,-7.725959034453384,0.6484760697061117,0.6484760697061117,0.6484760697061117,-1.2011323719338542,-1.2011323719338542,-1.2011323719338542,-1.1998773823104667,-1.1998773823104667,-1.1998773823104667,0.0,0.0,0.0,-0.8429636761635169,-0.8429636761635169,-0.8429636761635169,-0.004422291065674309,-0.004422291065674309,-0.004422291065674309,0.5285825021417266,0.5285825021417266,0.5285825021417266,-1.5561057151614148,-1.5561057151614148,-1.5561057151614148,1.4169683305508016,1.4169683305508016,1.4169683305508016,1.22517812091938,1.22517812091938,1.22517812091938,-8.865447808592165,-8.865447808592165,-8.865447808592165,0.0,0.0,0.0,40.345094901084316
538,2018-04-06 04:00:00,56.720369885840626,32.25778457483141,53.19660893781756,56.720369885840626,56.720369885840626,0.0,0.0,0.0,0.0,0.0,0.0,0.0,0.0,0.0,0.0,0.0,0.0,0.0,0.0,0.0,0.0,0.0,0.0,0.0,0.0,0.0,0.0,0.0,0.0,0.0,0.0,0.0,0.0,0.0,0.0,-13.647078158338772,-13.647078158338772,-13.647078158338772,-6.084904016399831,-6.084904016399831,-6.084904016399831,0.6484760697061117,0.6484760697061117,0.6484760697061117,-0.05135056552039161,-0.05135056552039161,-0.05135056552039161,-0.8929293212977248,-0.8929293212977248,-0.8929293212977248,0.0,0.0,0.0,-0.7492864773305336,-0.7492864773305336,-0.7492864773305336,0.13395937519988213,0.13395937519988213,0.13395937519988213,0.553787587994031,0.553787587994031,0.553787587994031,-1.1072130146053007,-1.1072130146053007,-1.1072130146053007,1.354573980662241,1.354573980662241,1.354573980662241,1.3618552148131426,1.3618552148131426,1.3618552148131426,-8.865397557080794,-8.865397557080794,-8.865397557080794,0.0,0.0,0.0,43.073291727501854
539,2018-04-06 05:00:00,56.72007398616833,36.91837640569319,57.56435777109276,56.72007398616833,56.72007398616833,0.0,0.0,0.0,0.0,0.0,0.0,0.0,0.0,0.0,0.0,0.0,0.0,0.0,0.0,0.0,0.0,0.0,0.0,0.0,0.0,0.0,0.0,0.0,0.0,0.0,0.0,0.0,0.0,0.0,0.0,-9.364183254513723,-9.364183254513723,-9.364183254513723,-3.257049870936686,-3.257049870936686,-3.257049870936686,0.6484760697061117,0.6484760697061117,0.6484760697061117,1.4654674196456137,1.4654674196456137,1.4654674196456137,-0.3222218711735313,-0.3222218711735313,-0.3222218711735313,0.0,0.0,0.0,-0.6556092784975502,-0.6556092784975502,-0.6556092784975502,0.3653516696111404,0.3653516696111404,0.3653516696111404,0.5363731650415299,0.5363731650415299,0.5363731650415299,-0.5239862531020967,-0.5239862531020967,-0.5239862531020967,1.2926962657772867,1.2926962657772867,1.2926962657772867,1.4170839180600099,1.4170839180600099,1.4170839180600099,-8.865297068999938,-8.865297068999938,-8.865297068999938,0.0,0.0,0.0,47.35589073165461
540,2018-04-06 06:00:00,56.719778086496035,41.54850290030062,61.245313245676485,56.719778086496035,56.719778086496035,0.0,0.0,0.0,0.0,0.0,0.0,0.0,0.0,0.0,0.0,0.0,0.0,0.0,0.0,0.0,0.0,0.0,0.0,0.0,0.0,0.0,0.0,0.0,0.0,0.0,0.0,0.0,0.0,0.0,0.0,-5.048952455636693,-5.048952455636693,-5.048952455636693,-0.20909769604324513,-0.20909769604324513,-0.20909769604324513,0.6484760697061117,0.6484760697061117,0.6484760697061117,2.7945517120748553,2.7945517120748553,2.7945517120748553,-0.026585128992079734,-0.026585128992079734,-0.026585128992079734,0.0,0.0,0.0,-0.5619320796645669,-0.5619320796645669,-0.5619320796645669,0.7428387067683305,0.7428387067683305,0.7428387067683305,0.27469854646578734,0.27469854646578734,0.27469854646578734,0.007092192816057004,0.007092192816057004,0.007092192816057004,1.2307397545732903,1.2307397545732903,1.2307397545732903,1.7099634049752153,1.7099634049752153,1.7099634049752153,-8.865146226241592,-8.865146226241592,-8.865146226241592,0.0,0.0,0.0,51.67082563085934
541,2018-04-06 07:00:00,56.71948218682375,43.503812948829314,65.0634843805627,56.71948218682375,56.71948218682375,0.0,0.0,0.0,0.0,0.0,0.0,0.0,0.0,0.0,0.0,0.0,0.0,0.0,0.0,0.0,0.0,0.0,0.0,0.0,0.0,0.0,0.0,0.0,0.0,0.0,0.0,0.0,0.0,0.0,0.0,-2.703734843825406,-2.703734843825406,-2.703734843825406,2.098819243039863,2.098819243039863,2.098819243039863,0.6484760697061117,0.6484760697061117,0.6484760697061117,2.894376622390098,2.894376622390098,2.894376622390098,-0.0384105986793378,-0.0384105986793378,-0.0384105986793378,0.0,0.0,0.0,-0.4682548808315836,-0.4682548808315836,-0.4682548808315836,0.9007299194254244,0.9007299194254244,0.9007299194254244,-0.28806227947293733,-0.28806227947293733,-0.28806227947293733,0.27763765407129865,0.27763765407129865,0.27763765407129865,1.1680142031910548,1.1680142031910548,1.1680142031910548,1.8622607381711223,1.8622607381711223,1.8622607381711223,-8.864944912446422,-8.864944912446422,-8.864944912446422,0.0,0.0,0.0,54.01574734299834
542,2018-04-06 08:00:00,56.71918628715145,45.21100505250705,65.91778598398989,56.71918628715145,56.71918628715145,0.0,0.0,0.0,0.0,0.0,0.0,0.0,0.0,0.0,0.0,0.0,0.0,0.0,0.0,0.0,0.0,0.0,0.0,0.0,0.0,0.0,0.0,0.0,0.0,0.0,0.0,0.0,0.0,0.0,0.0,-1.3586042245410688,-1.3586042245410688,-1.3586042245410688,3.331616804227178,3.331616804227178,3.331616804227178,0.6484760697061117,0.6484760697061117,0.6484760697061117,3.0707304717716157,3.0707304717716157,3.0707304717716157,0.03819787885985574,0.03819787885985574,0.03819787885985574,0.0,0.0,0.0,-0.37457768199860036,-0.37457768199860036,-0.37457768199860036,1.1670579131889707,1.1670579131889707,1.1670579131889707,-0.6358924642347386,-0.6358924642347386,-0.6358924642347386,0.4505614685513259,0.4505614685513259,0.4505614685513259,1.1037415124726628,1.1037415124726628,1.1037415124726628,1.7769072876986907,1.7769072876986907,1.7769072876986907,-8.864693013012525,-8.864693013012525,-8.864693013012525,0.0,0.0,0.0,55.36058206261038
543,2018-04-06 09:00:00,56.718890387479156,45.11076106813691,65.51837531962836,56.718890387479156,56.718890387479156,0.0,0.0,0.0,0.0,0.0,0.0,0.0,0.0,0.0,0.0,0.0,0.0,0.0,0.0,0.0,0.0,0.0,0.0,0.0,0.0,0.0,0.0,0.0,0.0,0.0,0.0,0.0,0.0,0.0,0.0,-1.1744940795968193,-1.1744940795968193,-1.1744940795968193,3.7795613227281177,3.7795613227281177,3.7795613227281177,0.6484760697061117,0.6484760697061117,0.6484760697061117,2.873270655938623,2.873270655938623,2.873270655938623,-0.01218890502498296,-0.01218890502498296,-0.01218890502498296,0.0,0.0,0.0,-0.28090048316561705,-0.28090048316561705,-0.28090048316561705,1.150724339465823,1.150724339465823,1.150724339465823,-0.7215897561325738,-0.7215897561325738,-0.7215897561325738,0.5533979468850453,0.5533979468850453,0.5533979468850453,1.0370643568413205,1.0370643568413205,1.0370643568413205,1.5353514442048166,1.5353514442048166,1.5353514442048166,-8.864390415104879,-8.864390415104879,-8.864390415104879,0.0,0.0,0.0,55.54439630788234
544,2018-04-06 10:00:00,56.718594487806854,44.97408878833282,65.65065325710539,56.718594487806854,56.718594487806854,0.0,0.0,0.0,0.0,0.0,0.0,0.0,0.0,0.0,0.0,0.0,0.0,0.0,0.0,0.0,0.0,0.0,0.0,0.0,0.0,0.0,0.0,0.0,0.0,0.0,0.0,0.0,0.0,0.0,0.0,-1.3970977520108592,-1.3970977520108592,-1.3970977520108592,3.8150568282148534,3.8150568282148534,3.8150568282148534,0.6484760697061117,0.6484760697061117,0.6484760697061117,2.6848260308537912,2.6848260308537912,2.6848260308537912,-0.03532569354353134,-0.03532569354353134,-0.03532569354353134,0.0,0.0,0.0,-0.18722328433263374,-0.18722328433263374,-0.18722328433263374,1.1375667384110653,1.1375667384110653,1.1375667384110653,-0.8274511167122525,-0.8274511167122525,-0.8274511167122525,0.653314119546002,0.653314119546002,0.653314119546002,0.9670563965844795,0.9670563965844795,0.9670563965844795,1.2954691977790294,1.2954691977790294,1.2954691977790294,-8.864037007663981,-8.864037007663981,-8.864037007663981,0.0,0.0,0.0,55.321496735795996
545,2018-04-06 11:00:00,56.718298588134566,43.900475843342385,64.06097180080052,56.718298588134566,56.718298588134566,0.0,0.0,0.0,0.0,0.0,0.0,0.0,0.0,0.0,0.0,0.0,0.0,0.0,0.0,0.0,0.0,0.0,0.0,0.0,0.0,0.0,0.0,0.0,0.0,0.0,0.0,0.0,0.0,0.0,0.0,-2.552625053588435,-2.552625053588435,-2.552625053588435,3.434468345486395,3.434468345486395,3.434468345486395,0.6484760697061117,0.6484760697061117,0.6484760697061117,1.98380532013928,1.98380532013928,1.98380532013928,-0.01218890502498296,-0.01218890502498296,-0.01218890502498296,0.0,0.0,0.0,-0.09354608549965043,-0.09354608549965043,-0.09354608549965043,0.7088104281784395,0.7088104281784395,0.7088104281784395,-0.9919715861845668,-0.9919715861845668,-0.9919715861845668,0.6591547308915275,0.6591547308915275,0.6591547308915275,0.8927339621979824,0.8927339621979824,0.8927339621979824,1.0650706680724014,1.0650706680724014,1.0650706680724014,-8.863632681412092,-8.863632681412092,-8.863632681412092,0.0,0.0,0.0,54.16567353454613
546,2018-04-06 12:00:00,56.71800268846226,41.3536408245274,62.10811432011504,56.71800268846226,56.71800268846226,0.0,0.0,0.0,0.0,0.0,0.0,0.0,0.0,0.0,0.0,0.0,0.0,0.0,0.0,0.0,0.0,0.0,0.0,0.0,0.0,0.0,0.0,0.0,0.0,0.0,0.0,0.0,0.0,0.0,0.0,-4.541665122793839,-4.541665122793839,-4.541665122793839,2.3983221440349687,2.3983221440349687,2.3983221440349687,0.6484760697061117,0.6484760697061117,0.6484760697061117,1.1101209848079474,1.1101209848079474,1.1101209848079474,-0.14741058014449906,-0.14741058014449906,-0.14741058014449906,0.0,0.0,0.0,0.0001311133333328635,0.0001311133333328635,0.0001311133333328635,0.37624071875990556,0.37624071875990556,0.37624071875990556,-1.0561299865358873,-1.0561299865358873,-1.0561299865358873,0.46641455648918123,0.46641455648918123,0.46641455648918123,0.8130690772288354,0.8130690772288354,0.8130690772288354,0.8223990931998024,0.8223990931998024,0.8223990931998024,-8.86317732886559,-8.86317732886559,-8.86317732886559,0.0,0.0,0.0,52.176337565668426
547,2018-04-06 13:00:00,56.71770678878997,39.69119716196486,60.296667532939146,56.71770678878997,56.71770678878997,0.0,0.0,0.0,0.0,0.0,0.0,0.0,0.0,0.0,0.0,0.0,0.0,0.0,0.0,0.0,0.0,0.0,0.0,0.0,0.0,0.0,0.0,0.0,0.0,0.0,0.0,0.0,0.0,0.0,0.0,-6.941652849836241,-6.941652849836241,-6.941652849836241,0.8134969376385756,0.8134969376385756,0.8134969376385756,0.6484760697061117,0.6484760697061117,0.6484760697061117,0.38051739071256446,0.38051739071256446,0.38051739071256446,-0.41014166754401515,-0.41014166754401515,-0.41014166754401515,0.0,0.0,0.0,0.09380831216631616,0.09380831216631616,0.09380831216631616,0.1589134461658021,0.1589134461658021,0.1589134461658021,-1.0052615405430545,-1.0052615405430545,-1.0052615405430545,0.33228908880443153,0.33228908880443153,0.33228908880443153,0.7270036661509207,0.7270036661509207,0.7270036661509207,0.5624336819569726,0.5624336819569726,0.5624336819569726,-8.862670844338304,-8.862670844338304,-8.862670844338304,0.0,0.0,0.0,49.77605393895373
548,2018-04-06 14:00:00,56.71741088911767,37.72174510882196,57.79817646422428,56.71741088911767,56.71741088911767,0.0,0.0,0.0,0.0,0.0,0.0,0.0,0.0,0.0,0.0,0.0,0.0,0.0,0.0,0.0,0.0,0.0,0.0,0.0,0.0,0.0,0.0,0.0,0.0,0.0,0.0,0.0,0.0,0.0,0.0,-8.494381928742659,-8.494381928742659,-8.494381928742659,-0.527121136798814,-0.527121136798814,-0.527121136798814,0.6484760697061117,0.6484760697061117,0.6484760697061117,0.2613875572799231,0.2613875572799231,0.2613875572799231,-0.5268539118486926,-0.5268539118486926,-0.5268539118486926,0.0,0.0,0.0,0.18748551099929944,0.18748551099929944,0.18748551099929944,0.19611769742408286,0.19611769742408286,0.19611769742408286,-0.8430324425118587,-0.8430324425118587,-0.8430324425118587,0.28389545194150473,0.28389545194150473,0.28389545194150473,0.6334647747293138,0.6334647747293138,0.6334647747293138,0.31529918156947556,0.31529918156947556,0.31529918156947556,-8.862113123953083,-8.862113123953083,-8.862113123953083,0.0,0.0,0.0,48.22302896037502
549,2018-04-06 15:00:00,56.717114989445385,38.064840666317394,58.8670559010031,56.717114989445385,56.717114989445385,0.0,0.0,0.0,0.0,0.0,0.0,0.0,0.0,0.0,0.0,0.0,0.0,0.0,0.0,0.0,0.0,0.0,0.0,0.0,0.0,0.0,0.0,0.0,0.0,0.0,0.0,0.0,0.0,0.0,0.0,-8.19359700318589,-8.19359700318589,-8.19359700318589,-0.5484192695824994,-0.5484192695824994,-0.5484192695824994,0.6484760697061117,0.6484760697061117,0.6484760697061117,0.6849457177593696,0.6849457177593696,0.6849457177593696,-0.4451039257498216,-0.4451039257498216,-0.4451039257498216,0.0,0.0,0.0,0.28116270983228275,0.28116270983228275,0.28116270983228275,0.2210717683900029,0.2210717683900029,0.2210717683900029,-0.5199490693141382,-0.5199490693141382,-0.5199490693141382,0.2765946877595976,0.2765946877595976,0.2765946877595976,0.5313806142865386,0.5313806142865386,0.5313806142865386,0.22269347713533444,0.22269347713533444,0.22269347713533444,-8.861504065649296,-8.861504065649296,-8.861504065649296,0.0,0.0,0.0,48.52351798625949
550,2018-04-06 16:00:00,56.71681908977309,40.505613983027956,60.80802035837601,56.71681908977309,56.71681908977309,0.0,0.0,0.0,0.0,0.0,0.0,0.0,0.0,0.0,0.0,0.0,0.0,0.0,0.0,0.0,0.0,0.0,0.0,0.0,0.0,0.0,0.0,0.0,0.0,0.0,0.0,0.0,0.0,0.0,0.0,-5.727700320316541,-5.727700320316541,-5.727700320316541,1.205873979743437,1.205873979743437,1.205873979743437,0.6484760697061117,0.6484760697061117,0.6484760697061117,1.5075720418215295,1.5075720418215295,1.5075720418215295,-0.1772313297906281,-0.1772313297906281,-0.1772313297906281,0.0,0.0,0.0,0.37483990866526606,0.37483990866526606,0.37483990866526606,0.48059410643557104,0.48059410643557104,0.48059410643557104,-0.2294031705803015,-0.2294031705803015,-0.2294031705803015,0.16082542716078566,0.16082542716078566,0.16082542716078566,0.4196972273078164,0.4196972273078164,0.4196972273078164,0.24947103022472467,0.24947103022472467,0.24947103022472467,-8.860843569189324,-8.860843569189324,-8.860843569189324,0.0,0.0,0.0,50.989118769456546
551,2018-04-06 17:00:00,56.716523190100794,44.68204815985172,63.89110499268867,56.716523190100794,56.716523190100794,0.0,0.0,0.0,0.0,0.0,0.0,0.0,0.0,0.0,0.0,0.0,0.0,0.0,0.0,0.0,0.0,0.0,0.0,0.0,0.0,0.0,0.0,0.0,0.0,0.0,0.0,0.0,0.0,0.0,0.0,-1.929261390860437,-1.929261390860437,-1.929261390860437,3.9919582903716893,3.9919582903716893,3.9919582903716893,0.6484760697061117,0.6484760697061117,0.6484760697061117,2.6415162952084597,2.6415162952084597,2.6415162952084597,-0.055891727782241024,-0.055891727782241024,-0.055891727782241024,0.0,0.0,0.0,0.4685171074982493,0.4685171074982493,0.4685171074982493,0.7605334116350736,0.7605334116350736,0.7605334116350736,0.11659391702860492,0.11659391702860492,0.11659391702860492,0.14643249205931178,0.14643249205931178,0.14643249205931178,0.2973955597288542,0.2973955597288542,0.2973955597288542,0.5568550250633496,0.5568550250633496,0.5568550250633496,-8.860131536169439,-8.860131536169439,-8.860131536169439,0.0,0.0,0.0,54.787261799240355
552,2018-04-06 18:00:00,56.53141456673796,48.05947920256434,67.96299705630649,56.53141456673796,56.53141456673796,0.0,0.0,0.0,0.0,0.0,0.0,0.0,0.0,0.0,0.0,0.0,0.0,0.0,0.0,0.0,0.0,0.0,0.0,0.0,0.0,0.0,0.0,0.0,0.0,0.0,0.0,0.0,0.0,0.0,0.0,1.2067210892641287,1.2067210892641287,1.2067210892641287,6.357442687950265,6.357442687950265,6.357442687950265,0.7093271556503387,0.7093271556503387,0.7093271556503387,3.75428462723626,3.75428462723626,3.75428462723626,0.21143734212988322,0.21143734212988322,0.21143734212988322,0.0,0.0,0.0,0.4275669891573977,0.4275669891573977,0.4275669891573977,0.9059808960288855,0.9059808960288855,0.9059808960288855,0.38343216275241787,0.38343216275241787,0.38343216275241787,0.21948055879087486,0.21948055879087486,0.21948055879087486,0.04761667361110394,0.04761667361110394,0.04761667361110394,0.8970595227264627,0.8970595227264627,0.8970595227264627,-8.9526228995335,-8.9526228995335,-8.9526228995335,0.0,0.0,0.0,57.738135656002086
553,2018-04-06 19:00:00,56.53107813344486,47.9725757457271,67.94568667336291,56.53107813344486,56.53107813344486,0.0,0.0,0.0,0.0,0.0,0.0,0.0,0.0,0.0,0.0,0.0,0.0,0.0,0.0,0.0,0.0,0.0,0.0,0.0,0.0,0.0,0.0,0.0,0.0,0.0,0.0,0.0,0.0,0.0,0.0,1.629293889187973,1.629293889187973,1.629293889187973,6.684351251527696,6.684351251527696,6.684351251527696,0.7093271556503387,0.7093271556503387,0.7093271556503387,3.9986729856591077,3.9986729856591077,3.9986729856591077,0.19703409533099447,0.19703409533099447,0.19703409533099447,0.0,0.0,0.0,0.49881154863536575,0.49881154863536575,0.49881154863536575,0.7662159190050366,0.7662159190050366,0.7662159190050366,0.5136105080010981,0.5136105080010981,0.5136105080010981,0.3547798391640278,0.3547798391640278,0.3547798391640278,-0.10182275616751832,-0.10182275616751832,-0.10182275616751832,0.9588939198722463,0.9588939198722463,0.9588939198722463,-8.951907591831311,-8.951907591831311,-8.951907591831311,0.0,0.0,0.0,58.16037202263283
554,2018-04-06 20:00:00,56.53074170015175,45.47597087374671,65.92991305037444,56.53074170015175,56.53074170015175,0.0,0.0,0.0,0.0,0.0,0.0,0.0,0.0,0.0,0.0,0.0,0.0,0.0,0.0,0.0,0.0,0.0,0.0,0.0,0.0,0.0,0.0,0.0,0.0,0.0,0.0,0.0,0.0,0.0,0.0,-0.9169829410277093,-0.9169829410277093,-0.9169829410277093,4.9078750926941295,4.9078750926941295,4.9078750926941295,0.7093271556503387,0.7093271556503387,0.7093271556503387,3.3906256826523475,3.3906256826523475,3.3906256826523475,0.12849450711559277,0.12849450711559277,0.12849450711559277,0.0,0.0,0.0,0.570056108113334,0.570056108113334,0.570056108113334,0.5516603188246132,0.5516603188246132,0.5516603188246132,0.550738838864278,0.550738838864278,0.550738838864278,0.10071785712999615,0.10071785712999615,0.10071785712999615,-0.2643438243985755,-0.2643438243985755,-0.2643438243985755,0.7796308969541951,0.7796308969541951,0.7796308969541951,-8.95113989197561,-8.95113989197561,-8.95113989197561,0.0,0.0,0.0,55.61375875912404
555,2018-04-06 21:00:00,56.53040526685865,41.66474839655695,62.111290348255004,56.53040526685865,56.53040526685865,0.0,0.0,0.0,0.0,0.0,0.0,0.0,0.0,0.0,0.0,0.0,0.0,0.0,0.0,0.0,0.0,0.0,0.0,0.0,0.0,0.0,0.0,0.0,0.0,0.0,0.0,0.0,0.0,0.0,0.0,-4.907464245963585,-4.907464245963585,-4.907464245963585,1.9157339176226766,1.9157339176226766,1.9157339176226766,0.7093271556503387,0.7093271556503387,0.7093271556503387,2.567818541626567,2.567818541626567,2.567818541626567,-0.12877728053352377,-0.12877728053352377,-0.12877728053352377,0.0,0.0,0.0,0.641300667591302,0.641300667591302,0.641300667591302,0.43293020456355097,0.43293020456355097,0.43293020456355097,0.5713656893438224,0.5713656893438224,0.5713656893438224,-0.4288821831877739,-0.4288821831877739,-0.4288821831877739,-0.4406969986040232,-0.4406969986040232,-0.4406969986040232,0.7705542881988507,0.7705542881988507,0.7705542881988507,-8.950319706608806,-8.950319706608806,-8.950319706608806,0.0,0.0,0.0,51.62294102089507
556,2018-04-06 22:00:00,56.53006883356555,40.38118382726345,60.66856967754453,56.53006883356555,56.53006883356555,0.0,0.0,0.0,0.0,0.0,0.0,0.0,0.0,0.0,0.0,0.0,0.0,0.0,0.0,0.0,0.0,0.0,0.0,0.0,0.0,0.0,0.0,0.0,0.0,0.0,0.0,0.0,0.0,0.0,0.0,-6.237874569208376,-6.237874569208376,-6.237874569208376,-1.1240959671696147,-1.1240959671696147,-1.1240959671696147,0.7093271556503387,0.7093271556503387,0.7093271556503387,4.467186090667744,4.467186090667744,4.467186090667744,0.23180055312141562,0.23180055312141562,0.23180055312141562,0.0,0.0,0.0,0.71254522706927,0.71254522706927,0.71254522706927,0.6577695154280035,0.6577695154280035,0.6577695154280035,0.36922255464428727,0.36922255464428727,0.36922255464428727,-0.07946642260504402,-0.07946642260504402,-0.07946642260504402,-0.6315177484539719,-0.6315177484539719,-0.6315177484539719,1.8659875073594736,1.8659875073594736,1.8659875073594736,-8.949446944252534,-8.949446944252534,-8.949446944252534,0.0,0.0,0.0,50.29219426435718
557,2018-04-06 23:00:00,56.529732400272444,36.883326384417764,57.00009496390968,56.529732400272444,56.529732400272444,0.0,0.0,0.0,0.0,0.0,0.0,0.0,0.0,0.0,0.0,0.0,0.0,0.0,0.0,0.0,0.0,0.0,0.0,0.0,0.0,0.0,0.0,0.0,0.0,0.0,0.0,0.0,0.0,0.0,0.0,-9.916658166521287,-9.916658166521287,-9.916658166521287,-3.588082241840718,-3.588082241840718,-3.588082241840718,0.7093271556503387,0.7093271556503387,0.7093271556503387,3.457256734048073,3.457256734048073,3.457256734048073,0.16971759278137782,0.16971759278137782,0.16971759278137782,0.0,0.0,0.0,0.7837897865472382,0.7837897865472382,0.7837897865472382,0.02438642557076205,0.02438642557076205,0.02438642557076205,0.3751814225606001,0.3751814225606001,0.3751814225606001,-0.4501434986749837,-0.4501434986749837,-0.4501434986749837,-0.8373111434070021,-0.8373111434070021,-0.8373111434070021,1.8449978496127397,1.8449978496127397,1.8449978496127397,-8.948521515321643,-8.948521515321643,-8.948521515321643,0.0,0.0,0.0,46.613074233751156
558,2018-04-07 00:00:00,56.529395966979344,35.063275988808634,55.020577324520865,56.529395966979344,56.529395966979344,0.0,0.0,0.0,0.0,0.0,0.0,0.0,0.0,0.0,0.0,0.0,0.0,0.0,0.0,0.0,0.0,0.0,0.0,0.0,0.0,0.0,0.0,0.0,0.0,0.0,0.0,0.0,0.0,0.0,0.0,-12.246174206411924,-12.246174206411924,-12.246174206411924,-5.5277877600094705,-5.5277877600094705,-5.5277877600094705,2.1275352245072265,2.1275352245072265,2.1275352245072265,3.2875944594720865,3.2875944594720865,3.2875944594720865,-0.00014138670896551305,-0.00014138670896551305,-0.00014138670896551305,0.0,0.0,0.0,9.963228958915288e-05,9.963228958915288e-05,9.963228958915288e-05,-0.28786442610793705,-0.28786442610793705,-0.28786442610793705,0.3953498985850435,0.3953498985850435,0.3953498985850435,-0.7078564136714655,-0.7078564136714655,-0.7078564136714655,-1.058437573749029,-1.058437573749029,-1.058437573749029,1.7604719305785954,1.7604719305785954,1.7604719305785954,-8.947543332125514,-8.947543332125514,-8.947543332125514,0.0,0.0,0.0,44.28322176056742
559,2018-04-07 01:00:00,56.52905953368624,31.54953854664455,51.2382549046527,56.52905953368624,56.52905953368624,0.0,0.0,0.0,0.0,0.0,0.0,0.0,0.0,0.0,0.0,0.0,0.0,0.0,0.0,0.0,0.0,0.0,0.0,0.0,0.0,0.0,0.0,0.0,0.0,0.0,0.0,0.0,0.0,0.0,0.0,-15.202130202170625,-15.202130202170625,-15.202130202170625,-7.126504220553225,-7.126504220553225,-7.126504220553225,2.1275352245072265,2.1275352245072265,2.1275352245072265,2.1659861338301054,2.1659861338301054,2.1659861338301054,-0.1789403124882743,-0.1789403124882743,-0.1789403124882743,0.0,0.0,0.0,-0.7835905219680599,-0.7835905219680599,-0.7835905219680599,-0.30469231631816635,-0.30469231631816635,-0.30469231631816635,0.3967250219503465,0.3967250219503465,0.3967250219503465,-0.8055725606076315,-0.8055725606076315,-0.8055725606076315,-1.2950998065663106,-1.2950998065663106,-1.2950998065663106,1.7145215987546645,1.7145215987546645,1.7145215987546645,-8.946512308881196,-8.946512308881196,-8.946512308881196,0.0,0.0,0.0,41.326929331515615
560,2018-04-07 02:00:00,56.52872310039314,29.900661951329496,48.94223646093052,56.52872310039314,56.52872310039314,0.0,0.0,0.0,0.0,0.0,0.0,0.0,0.0,0.0,0.0,0.0,0.0,0.0,0.0,0.0,0.0,0.0,0.0,0.0,0.0,0.0,0.0,0.0,0.0,0.0,0.0,0.0,0.0,0.0,0.0,-16.74198580339862,-16.74198580339862,-16.74198580339862,-8.147706650246889,-8.147706650246889,-8.147706650246889,2.1275352245072265,2.1275352245072265,2.1275352245072265,1.898480784415466,1.898480784415466,1.898480784415466,-0.27330641220513174,-0.27330641220513174,-0.27330641220513174,0.0,0.0,0.0,-0.7123459624900917,-0.7123459624900917,-0.7123459624900917,-0.4477293831051153,-0.4477293831051153,-0.4477293831051153,0.3967250219503465,0.3967250219503465,0.3967250219503465,-0.8972754061938795,-0.8972754061938795,-0.8972754061938795,-1.5473315758487267,-1.5473315758487267,-1.5473315758487267,1.704877701952111,1.704877701952111,1.704877701952111,-8.945428361718466,-8.945428361718466,-8.945428361718466,0.0,0.0,0.0,39.78673729699452
561,2018-04-07 03:00:00,56.52838666710004,29.34663849208423,49.83647577842021,56.52838666710004,56.52838666710004,0.0,0.0,0.0,0.0,0.0,0.0,0.0,0.0,0.0,0.0,0.0,0.0,0.0,0.0,0.0,0.0,0.0,0.0,0.0,0.0,0.0,0.0,0.0,0.0,0.0,0.0,0.0,0.0,0.0,0.0,-16.646700901347888,-16.646700901347888,-16.646700901347888,-7.987129676280263,-7.987129676280263,-7.987129676280263,2.1275352245072265,2.1275352245072265,2.1275352245072265,2.099708072008773,2.099708072008773,2.099708072008773,-0.37412913979735307,-0.37412913979735307,-0.37412913979735307,0.0,0.0,0.0,-0.6411014030121237,-0.6411014030121237,-0.6411014030121237,-0.28926675029212284,-0.28926675029212284,-0.28926675029212284,0.4013087665013564,0.4013087665013564,0.4013087665013564,-0.8255453115198588,-0.8255453115198588,-0.8255453115198588,-1.814987888391872,-1.814987888391872,-1.814987888391872,1.700906685621648,1.700906685621648,1.700906685621648,-8.944291408684524,-8.944291408684524,-8.944291408684524,0.0,0.0,0.0,39.88168576575215
562,2018-04-07 04:00:00,56.52805023380694,31.69062841682266,51.314054823303934,56.52805023380694,56.52805023380694,0.0,0.0,0.0,0.0,0.0,0.0,0.0,0.0,0.0,0.0,0.0,0.0,0.0,0.0,0.0,0.0,0.0,0.0,0.0,0.0,0.0,0.0,0.0,0.0,0.0,0.0,0.0,0.0,0.0,0.0,-14.223758791507478,-14.223758791507478,-14.223758791507478,-6.275397524687152,-6.275397524687152,-6.275397524687152,2.1275352245072265,2.1275352245072265,2.1275352245072265,3.092477311714506,3.092477311714506,3.092477311714506,-0.055271055490919055,-0.055271055490919055,-0.055271055490919055,0.0,0.0,0.0,-0.5698568435341556,-0.5698568435341556,-0.5698568435341556,-0.10556228216378637,-0.10556228216378637,-0.10556228216378637,0.4663979391256965,0.4663979391256965,0.4663979391256965,-0.4847199814370116,-0.4847199814370116,-0.4847199814370116,-2.09773720877753,-2.09773720877753,-2.09773720877753,1.7139543107074555,1.7139543107074555,1.7139543107074555,-8.943101369757303,-8.943101369757303,-8.943101369757303,0.0,0.0,0.0,42.30429144229946
563,2018-04-07 05:00:00,56.52771380051383,36.29696696464452,55.99869889205966,56.52771380051383,56.52771380051383,0.0,0.0,0.0,0.0,0.0,0.0,0.0,0.0,0.0,0.0,0.0,0.0,0.0,0.0,0.0,0.0,0.0,0.0,0.0,0.0,0.0,0.0,0.0,0.0,0.0,0.0,0.0,0.0,0.0,0.0,-9.914844237800741,-9.914844237800741,-9.914844237800741,-3.3923647539960515,-3.3923647539960515,-3.3923647539960515,2.1275352245072265,2.1275352245072265,2.1275352245072265,4.8144343487011545,4.8144343487011545,4.8144343487011545,0.48460236762604936,0.48460236762604936,0.48460236762604936,0.0,0.0,0.0,-0.4986122840561875,-0.4986122840561875,-0.4986122840561875,0.44788832919486593,0.44788832919486593,0.44788832919486593,0.4663979391256965,0.4663979391256965,0.4663979391256965,-0.031145251043203693,-0.031145251043203693,-0.031145251043203693,-2.3950556656609936,-2.3950556656609936,-2.3950556656609936,1.8177680233467068,1.8177680233467068,1.8177680233467068,-8.941858166844849,-8.941858166844849,-8.941858166844849,0.0,0.0,0.0,46.61286956271309
564,2018-04-07 06:00:00,56.52737736722073,40.74612485254684,61.39252247725444,56.52737736722073,56.52737736722073,0.0,0.0,0.0,0.0,0.0,0.0,0.0,0.0,0.0,0.0,0.0,0.0,0.0,0.0,0.0,0.0,0.0,0.0,0.0,0.0,0.0,0.0,0.0,0.0,0.0,0.0,0.0,0.0,0.0,0.0,-5.295108890142248,-5.295108890142248,-5.295108890142248,-0.33666899200217976,-0.33666899200217976,-0.33666899200217976,2.1275352245072265,2.1275352245072265,2.1275352245072265,6.688345223277939,6.688345223277939,6.688345223277939,0.9415329557287275,0.9415329557287275,0.9415329557287275,0.0,0.0,0.0,-0.4273677245782194,-0.4273677245782194,-0.4273677245782194,1.3159269992058602,1.3159269992058602,1.3159269992058602,0.1340764591774812,0.1340764591774812,0.1340764591774812,0.48728722962471877,0.48728722962471877,0.48728722962471877,-2.7062233976169345,-2.7062233976169345,-2.7062233976169345,2.109354079612144,2.109354079612144,2.109354079612144,-8.940561723801073,-8.940561723801073,-8.940561723801073,0.0,0.0,0.0,51.232268477078485
565,2018-04-07 07:00:00,56.52704093392762,43.9109798178763,63.28425129484807,56.52704093392762,56.52704093392762,0.0,0.0,0.0,0.0,0.0,0.0,0.0,0.0,0.0,0.0,0.0,0.0,0.0,0.0,0.0,0.0,0.0,0.0,0.0,0.0,0.0,0.0,0.0,0.0,0.0,0.0,0.0,0.0,0.0,0.0,-2.9119089694147497,-2.9119089694147497,-2.9119089694147497,1.9538145776932856,1.9538145776932856,1.9538145776932856,2.1275352245072265,2.1275352245072265,2.1275352245072265,7.103811552225104,7.103811552225104,7.103811552225104,1.0994720068337835,1.0994720068337835,1.0994720068337835,0.0,0.0,0.0,-0.3561231651002513,-0.3561231651002513,-0.3561231651002513,1.6828684940678045,1.6828684940678045,1.6828684940678045,-0.6524941057758119,-0.6524941057758119,-0.6524941057758119,0.9354929409561001,0.9354929409561001,0.9354929409561001,-3.030323132908191,-3.030323132908191,-3.030323132908191,2.2670601567362527,2.2670601567362527,2.2670601567362527,-8.93921196642495,-8.93921196642495,-8.93921196642495,0.0,0.0,0.0,53.61513196451287
566,2018-04-07 08:00:00,56.52670450063452,43.82262511909779,64.89340419604912,56.52670450063452,56.52670450063452,0.0,0.0,0.0,0.0,0.0,0.0,0.0,0.0,0.0,0.0,0.0,0.0,0.0,0.0,0.0,0.0,0.0,0.0,0.0,0.0,0.0,0.0,0.0,0.0,0.0,0.0,0.0,0.0,0.0,0.0,-2.3503150084156985,-2.3503150084156985,-2.3503150084156985,3.1857974016086064,3.1857974016086064,3.1857974016086064,2.1275352245072265,2.1275352245072265,2.1275352245072265,6.767937482811466,6.767937482811466,6.767937482811466,1.2723109684204488,1.2723109684204488,1.2723109684204488,0.0,0.0,0.0,-0.28487860562228323,-0.28487860562228323,-0.28487860562228323,1.5963918360430152,1.5963918360430152,1.5963918360430152,-1.2254621746520449,-1.2254621746520449,-1.2254621746520449,1.1828973393527227,1.1828973393527227,1.1828973393527227,-3.3662410703620242,-3.3662410703620242,-3.3662410703620242,2.099142894762382,2.099142894762382,2.099142894762382,-8.93780882247375,-8.93780882247375,-8.93780882247375,0.0,0.0,0.0,54.176389492218824
567,2018-04-07 09:00:00,56.52636806734142,43.61854118469215,63.64570800531703,56.52636806734142,56.52636806734142,0.0,0.0,0.0,0.0,0.0,0.0,0.0,0.0,0.0,0.0,0.0,0.0,0.0,0.0,0.0,0.0,0.0,0.0,0.0,0.0,0.0,0.0,0.0,0.0,0.0,0.0,0.0,0.0,0.0,0.0,-2.7580377532484373,-2.7580377532484373,-2.7580377532484373,3.666030626473031,3.666030626473031,3.666030626473031,2.1275352245072265,2.1275352245072265,2.1275352245072265,6.224953943469394,6.224953943469394,6.224953943469394,1.2887008699502187,1.2887008699502187,1.2887008699502187,0.0,0.0,0.0,-0.2136340461443151,-0.2136340461443151,-0.2136340461443151,1.4187641060461502,1.4187641060461502,1.4187641060461502,-1.5124045835452626,-1.5124045835452626,-1.5124045835452626,1.3583568823128274,1.3583568823128274,1.3583568823128274,-3.7126701015264345,-3.7126701015264345,-3.7126701015264345,1.7576354903425502,1.7576354903425502,1.7576354903425502,-8.93635222166443,-8.93635222166443,-8.93635222166443,0.0,0.0,0.0,53.768330314092985
568,2018-04-07 10:00:00,56.52603163404832,42.37412037903443,62.116732413080996,56.52603163404832,56.52603163404832,0.0,0.0,0.0,0.0,0.0,0.0,0.0,0.0,0.0,0.0,0.0,0.0,0.0,0.0,0.0,0.0,0.0,0.0,0.0,0.0,0.0,0.0,0.0,0.0,0.0,0.0,0.0,0.0,0.0,0.0,-4.111871849808525,-4.111871849808525,-4.111871849808525,3.746897562249983,3.746897562249983,3.746897562249983,2.1275352245072265,2.1275352245072265,2.1275352245072265,5.144188068999227,5.144188068999227,5.144188068999227,1.0796054595249716,1.0796054595249716,1.0796054595249716,0.0,0.0,0.0,-0.14238948666634704,-0.14238948666634704,-0.14238948666634704,1.1046434887885368,1.1046434887885368,1.1046434887885368,-1.6494585456204576,-1.6494585456204576,-1.6494585456204576,1.4889314259110447,1.4889314259110447,1.4889314259110447,-4.068115385373782,-4.068115385373782,-4.068115385373782,1.1353205025542523,1.1353205025542523,1.1353205025542523,-8.934842095683953,-8.934842095683953,-8.934842095683953,0.0,0.0,0.0,52.4141597842398
569,2018-04-07 11:00:00,56.525695200755216,40.11902778634263,59.88932170325393,56.525695200755216,56.525695200755216,0.0,0.0,0.0,0.0,0.0,0.0,0.0,0.0,0.0,0.0,0.0,0.0,0.0,0.0,0.0,0.0,0.0,0.0,0.0,0.0,0.0,0.0,0.0,0.0,0.0,0.0,0.0,0.0,0.0,0.0,-6.737642950879076,-6.737642950879076,-6.737642950879076,3.396439228768598,3.396439228768598,3.396439228768598,2.1275352245072265,2.1275352245072265,2.1275352245072265,3.2300984577159917,3.2300984577159917,3.2300984577159917,0.17120758382953874,0.17120758382953874,0.17120758382953874,0.0,0.0,0.0,-0.07114492718837893,-0.07114492718837893,-0.07114492718837893,0.836799569609054,0.836799569609054,0.836799569609054,-1.7195898372509084,-1.7195898372509084,-1.7195898372509084,1.5492792001727207,1.5492792001727207,1.5492792001727207,-4.430902259167085,-4.430902259167085,-4.430902259167085,0.3360116440367394,0.3360116440367394,0.3360116440367394,-8.93327837819658,-8.93327837819658,-8.93327837819658,0.0,0.0,0.0,49.78805224987614
570,2018-04-07 12:00:00,56.52535876746211,36.76465026004567,56.53442381794003,56.52535876746211,56.52535876746211,0.0,0.0,0.0,0.0,0.0,0.0,0.0,0.0,0.0,0.0,0.0,0.0,0.0,0.0,0.0,0.0,0.0,0.0,0.0,0.0,0.0,0.0,0.0,0.0,0.0,0.0,0.0,0.0,0.0,0.0,-9.531283559075598,-9.531283559075598,-9.531283559075598,2.371772336002655,2.371772336002655,2.371772336002655,2.1275352245072265,2.1275352245072265,2.1275352245072265,1.8277915492333239,1.8277915492333239,1.8277915492333239,-0.20278016925884879,-0.20278016925884879,-0.20278016925884879,0.0,0.0,0.0,9.963228958915288e-05,9.963228958915288e-05,9.963228958915288e-05,0.5568021741666277,0.5568021741666277,0.5568021741666277,-1.6893371232142433,-1.6893371232142433,-1.6893371232142433,1.389282432112405,1.389282432112405,1.389282432112405,-4.799186439465185,-4.799186439465185,-4.799186439465185,-0.3538106213694322,-0.3538106213694322,-0.3538106213694322,-8.931661004846394,-8.931661004846394,-8.931661004846394,0.0,0.0,0.0,46.99407520838651
571,2018-04-07 13:00:00,56.52502233416901,34.102182596307564,53.85168203907737,56.52502233416901,56.52502233416901,0.0,0.0,0.0,0.0,0.0,0.0,0.0,0.0,0.0,0.0,0.0,0.0,0.0,0.0,0.0,0.0,0.0,0.0,0.0,0.0,0.0,0.0,0.0,0.0,0.0,0.0,0.0,0.0,0.0,0.0,-12.36824768122249,-12.36824768122249,-12.36824768122249,0.8031938665749823,0.8031938665749823,0.8031938665749823,2.1275352245072265,2.1275352245072265,2.1275352245072265,0.9295148041836294,0.9295148041836294,0.9295148041836294,-0.22463337129854208,-0.22463337129854208,-0.22463337129854208,0.0,0.0,0.0,0.07134419176755724,0.07134419176755724,0.07134419176755724,0.13984445006872415,0.13984445006872415,0.13984445006872415,-1.669627021644901,-1.669627021644901,-1.669627021644901,1.2456074820018666,1.2456074820018666,1.2456074820018666,-5.170966438711464,-5.170966438711464,-5.170966438711464,-0.7605561512183014,-0.7605561512183014,-0.7605561512183014,-8.929989913269639,-8.929989913269639,-8.929989913269639,0.0,0.0,0.0,44.15677465294652
572,2018-04-07 14:00:00,56.52468590087591,32.51308347134472,52.25273425986355,56.52468590087591,56.52468590087591,0.0,0.0,0.0,0.0,0.0,0.0,0.0,0.0,0.0,0.0,0.0,0.0,0.0,0.0,0.0,0.0,0.0,0.0,0.0,0.0,0.0,0.0,0.0,0.0,0.0,0.0,0.0,0.0,0.0,0.0,-14.32051548431209,-14.32051548431209,-14.32051548431209,-0.49586864076457593,-0.49586864076457593,-0.49586864076457593,2.1275352245072265,2.1275352245072265,2.1275352245072265,0.6477162954797342,0.6477162954797342,0.6477162954797342,-0.09947412325302596,-0.09947412325302596,-0.09947412325302596,0.0,0.0,0.0,0.14258875124552534,0.14258875124552534,0.14258875124552534,-0.005062382297139213,-0.005062382297139213,-0.005062382297139213,-1.500945222167738,-1.500945222167738,-1.500945222167738,1.2082391093273765,1.2082391093273765,1.2082391093273765,-5.544098095932416,-5.544098095932416,-5.544098095932416,-1.2251650618824912,-1.2251650618824912,-1.2251650618824912,-8.928265043094832,-8.928265043094832,-8.928265043094832,0.0,0.0,0.0,42.20417041656382
573,2018-04-07 15:00:00,56.5243494675828,32.124636262558724,52.26807116901361,56.5243494675828,56.5243494675828,0.0,0.0,0.0,0.0,0.0,0.0,0.0,0.0,0.0,0.0,0.0,0.0,0.0,0.0,0.0,0.0,0.0,0.0,0.0,0.0,0.0,0.0,0.0,0.0,0.0,0.0,0.0,0.0,0.0,0.0,-14.423480816256639,-14.423480816256639,-14.423480816256639,-0.45939313972719736,-0.45939313972719736,-0.45939313972719736,2.1275352245072265,2.1275352245072265,2.1275352245072265,0.8787097518824555,0.8787097518824555,0.8787097518824555,0.12601118870199124,0.12601118870199124,0.12601118870199124,0.0,0.0,0.0,0.21383331072349343,0.21383331072349343,0.21383331072349343,0.21089554206747002,0.21089554206747002,0.21089554206747002,-1.3189705634926463,-1.3189705634926463,-1.3189705634926463,1.1876220761276581,1.1876220761276581,1.1876220761276581,-5.916311092457929,-5.916311092457929,-5.916311092457929,-1.6682170267527379,-1.6682170267527379,-1.6682170267527379,-8.92648633595397,-8.92648633595397,-8.92648633595397,0.0,0.0,0.0,42.10086865132617
574,2018-04-07 16:00:00,56.5240130342897,33.48437992985334,53.82977431192664,56.5240130342897,56.5240130342897,0.0,0.0,0.0,0.0,0.0,0.0,0.0,0.0,0.0,0.0,0.0,0.0,0.0,0.0,0.0,0.0,0.0,0.0,0.0,0.0,0.0,0.0,0.0,0.0,0.0,0.0,0.0,0.0,0.0,0.0,-12.949620233634905,-12.949620233634905,-12.949620233634905,1.3377404543964255,1.3377404543964255,1.3377404543964255,2.1275352245072265,2.1275352245072265,2.1275352245072265,0.9225203450120846,0.9225203450120846,0.9225203450120846,0.2268339162942126,0.2268339162942126,0.2268339162942126,0.0,0.0,0.0,0.2850778702014615,0.2850778702014615,0.2850778702014615,0.20201415556762678,0.20201415556762678,0.20201415556762678,-0.9912328280954408,-0.9912328280954408,-0.9912328280954408,1.0729398289542236,1.0729398289542236,1.0729398289542236,-6.285227297555004,-6.285227297555004,-6.285227297555004,-2.0006478224172253,-2.0006478224172253,-2.0006478224172253,-8.924653735488413,-8.924653735488413,-8.924653735488413,0.0,0.0,0.0,43.5743928006548
575,2018-04-07 17:00:00,56.5236766009966,37.15372235854596,56.33984411947414,56.5236766009966,56.5236766009966,0.0,0.0,0.0,0.0,0.0,0.0,0.0,0.0,0.0,0.0,0.0,0.0,0.0,0.0,0.0,0.0,0.0,0.0,0.0,0.0,0.0,0.0,0.0,0.0,0.0,0.0,0.0,0.0,0.0,0.0,-9.995355474133673,-9.995355474133673,-9.995355474133673,4.133910563674642,4.133910563674642,4.133910563674642,2.1275352245072265,2.1275352245072265,2.1275352245072265,1.4418819162958476,1.4418819162958476,1.4418819162958476,0.24123716309310136,0.24123716309310136,0.24123716309310136,0.0,0.0,0.0,0.3563224296794296,0.3563224296794296,0.3563224296794296,0.3777721199855772,0.3777721199855772,0.3777721199855772,-0.6300337574758635,-0.6300337574758635,-0.6300337574758635,0.960619950168257,0.960619950168257,0.960619950168257,-6.64838076675191,-6.64838076675191,-6.64838076675191,-1.9915712136618806,-1.9915712136618806,-1.9915712136618806,-8.922767187352255,-8.922767187352255,-8.922767187352255,0.0,0.0,0.0,46.52832112686293
576,2018-04-07 18:00:00,56.379740666070376,38.86870540223379,58.166495072001794,56.379740666070376,56.379740666070376,0.0,0.0,0.0,0.0,0.0,0.0,0.0,0.0,0.0,0.0,0.0,0.0,0.0,0.0,0.0,0.0,0.0,0.0,0.0,0.0,0.0,0.0,0.0,0.0,0.0,0.0,0.0,0.0,0.0,0.0,-7.81922661519793,-7.81922661519793,-7.81922661519793,6.2277327839784915,6.2277327839784915,6.2277327839784915,2.2247244453908896,2.2247244453908896,2.2247244453908896,1.98249670548903,1.98249670548903,1.98249670548903,0.19320894043182732,0.19320894043182732,0.19320894043182732,0.0,0.0,0.0,0.5865001790965265,0.5865001790965265,0.5865001790965265,0.17508787331789136,0.17508787331789136,0.17508787331789136,-0.2180830695028253,-0.2180830695028253,-0.2180830695028253,0.7539691413631328,0.7539691413631328,0.7539691413631328,-7.120807214434771,-7.120807214434771,-7.120807214434771,-1.732910804608412,-1.732910804608412,-1.732910804608412,-8.90864889023068,-8.90864889023068,-8.90864889023068,0.0,0.0,0.0,48.56051405087244
577,2018-04-07 19:00:00,56.379373555669815,38.982370936554425,59.11653049389175,56.379373555669815,56.379373555669815,0.0,0.0,0.0,0.0,0.0,0.0,0.0,0.0,0.0,0.0,0.0,0.0,0.0,0.0,0.0,0.0,0.0,0.0,0.0,0.0,0.0,0.0,0.0,0.0,0.0,0.0,0.0,0.0,0.0,0.0,-6.899800403901599,-6.899800403901599,-6.899800403901599,6.539212551376426,6.539212551376426,6.539212551376426,2.2247244453908896,2.2247244453908896,2.2247244453908896,2.9371521959109628,2.9371521959109628,2.9371521959109628,0.1360026991084911,0.1360026991084911,0.1360026991084911,0.0,0.0,0.0,0.6842274501818238,0.6842274501818238,0.6842274501818238,0.21697622203980435,0.21697622203980435,0.21697622203980435,0.2147271865608436,0.2147271865608436,0.2147271865608436,0.6880673530756822,0.6880673530756822,0.6880673530756822,-7.46946476593152,-7.46946476593152,-7.46946476593152,-1.2275731604465718,-1.2275731604465718,-1.2275731604465718,-8.906700385257468,-8.906700385257468,-8.906700385257468,0.0,0.0,0.0,49.479573151768214
578,2018-04-07 20:00:00,56.37900644526925,39.17184270250485,58.42894238964626,56.37900644526925,56.37900644526925,0.0,0.0,0.0,0.0,0.0,0.0,0.0,0.0,0.0,0.0,0.0,0.0,0.0,0.0,0.0,0.0,0.0,0.0,0.0,0.0,0.0,0.0,0.0,0.0,0.0,0.0,0.0,0.0,0.0,0.0,-7.668685107299576,-7.668685107299576,-7.668685107299576,4.708105193453383,4.708105193453383,4.708105193453383,2.2247244453908896,2.2247244453908896,2.2247244453908896,4.332680257755585,4.332680257755585,4.332680257755585,0.44297547620960787,0.44297547620960787,0.44297547620960787,0.0,0.0,0.0,0.7819547212671212,0.7819547212671212,0.7819547212671212,0.8186900313275192,0.8186900313275192,0.8186900313275192,0.35340312574859056,0.35340312574859056,0.35340312574859056,0.5792897025289264,0.5792897025289264,0.5792897025289264,-7.80477287350426,-7.80477287350426,-7.80477287350426,-0.868357244717071,-0.868357244717071,-0.868357244717071,-8.90469768500428,-8.90469768500428,-8.90469768500428,0.0,0.0,0.0,48.710321337969674
579,2018-04-07 21:00:00,56.37863933486869,33.92135799477359,53.99841921099464,56.37863933486869,56.37863933486869,0.0,0.0,0.0,0.0,0.0,0.0,0.0,0.0,0.0,0.0,0.0,0.0,0.0,0.0,0.0,0.0,0.0,0.0,0.0,0.0,0.0,0.0,0.0,0.0,0.0,0.0,0.0,0.0,0.0,0.0,-12.68703150819752,-12.68703150819752,-12.68703150819752,1.6515800935836795,1.6515800935836795,1.6515800935836795,2.2247244453908896,2.2247244453908896,2.2247244453908896,2.6881363148618087,2.6881363148618087,2.6881363148618087,0.09054416805691143,0.09054416805691143,0.09054416805691143,0.0,0.0,0.0,0.8796819923524186,0.8796819923524186,0.8796819923524186,-0.23246111954119145,-0.23246111954119145,-0.23246111954119145,0.3812266422098264,0.3812266422098264,0.3812266422098264,0.13584212712481641,0.13584212712481641,0.13584212712481641,-8.124107173860892,-8.124107173860892,-8.124107173860892,-0.7914219407318621,-0.7914219407318621,-0.7914219407318621,-8.90264074278212,-8.90264074278212,-8.90264074278212,0.0,0.0,0.0,43.69160782667117
580,2018-04-07 22:00:00,56.37827222446813,32.332505811680534,51.72725157889158,56.37827222446813,56.37827222446813,0.0,0.0,0.0,0.0,0.0,0.0,0.0,0.0,0.0,0.0,0.0,0.0,0.0,0.0,0.0,0.0,0.0,0.0,0.0,0.0,0.0,0.0,0.0,0.0,0.0,0.0,0.0,0.0,0.0,0.0,-14.079266177716708,-14.079266177716708,-14.079266177716708,-1.3988818109243302,-1.3988818109243302,-1.3988818109243302,2.2247244453908896,2.2247244453908896,2.2247244453908896,4.645013931354576,4.645013931354576,4.645013931354576,0.34848302402373993,0.34848302402373993,0.34848302402373993,0.0,0.0,0.0,0.977409263437716,0.977409263437716,0.977409263437716,0.1864223676779384,0.1864223676779384,0.1864223676779384,0.533151874950543,0.533151874950543,0.533151874950543,0.4024267707092926,0.4024267707092926,0.4024267707092926,-8.42486878419498,-8.42486878419498,-8.42486878419498,-0.027603814835542778,-0.027603814835542778,-0.027603814835542778,-8.900529513951973,-8.900529513951973,-8.900529513951973,0.0,0.0,0.0,42.299006046751416
581,2018-04-07 23:00:00,56.377905114067566,29.397528368656324,49.429905223394876,56.377905114067566,56.377905114067566,0.0,0.0,0.0,0.0,0.0,0.0,0.0,0.0,0.0,0.0,0.0,0.0,0.0,0.0,0.0,0.0,0.0,0.0,0.0,0.0,0.0,0.0,0.0,0.0,0.0,0.0,0.0,0.0,0.0,0.0,-17.531790499643275,-17.531790499643275,-17.531790499643275,-3.774515135058482,-3.774515135058482,-3.774515135058482,2.2247244453908896,2.2247244453908896,2.2247244453908896,3.8455983030472707,3.8455983030472707,3.8455983030472707,-0.19701934859521622,-0.19701934859521622,-0.19701934859521622,0.0,0.0,0.0,1.0751365345230133,1.0751365345230133,1.0751365345230133,0.11792259741504538,0.11792259741504538,0.11792259741504538,0.5335935180689751,0.5335935180689751,0.5335935180689751,0.012574023129313997,0.012574023129313997,0.012574023129313997,-8.704509711700492,-8.704509711700492,-8.704509711700492,0.07866653311524947,0.07866653311524947,0.07866653311524947,-8.898363955931567,-8.898363955931567,-8.898363955931567,0.0,0.0,0.0,38.846114614424295
582,2018-04-08 00:00:00,56.377538003667,26.939991694395246,46.29713638419609,56.377538003667,56.377538003667,0.0,0.0,0.0,0.0,0.0,0.0,0.0,0.0,0.0,0.0,0.0,0.0,0.0,0.0,0.0,0.0,0.0,0.0,0.0,0.0,0.0,0.0,0.0,0.0,0.0,0.0,0.0,0.0,0.0,0.0,-19.72903067854051,-19.72903067854051,-19.72903067854051,-5.544645503944916,-5.544645503944916,-5.544645503944916,3.7087553599476877,3.7087553599476877,3.7087553599476877,3.6723170998891774,3.6723170998891774,3.6723170998891774,-0.2726133103439105,-0.2726133103439105,-0.2726133103439105,0.0,0.0,0.0,0.00013655258474207092,0.00013655258474207092,0.00013655258474207092,-0.315252208779796,-0.315252208779796,-0.315252208779796,0.5349184474242721,0.5349184474242721,0.5349184474242721,-0.3085979450908517,-0.3085979450908517,-0.3085979450908517,-8.960558246285732,-8.960558246285732,-8.960558246285732,0.32497020414703354,0.32497020414703354,0.32497020414703354,-8.896144028199037,-8.896144028199037,-8.896144028199037,0.0,0.0,0.0,36.64850732512649
583,2018-04-08 01:00:00,56.37717089326644,23.72466719694244,44.82309151448612,56.37717089326644,56.37717089326644,0.0,0.0,0.0,0.0,0.0,0.0,0.0,0.0,0.0,0.0,0.0,0.0,0.0,0.0,0.0,0.0,0.0,0.0,0.0,0.0,0.0,0.0,0.0,0.0,0.0,0.0,0.0,0.0,0.0,0.0,-22.61634497797627,-22.61634497797627,-22.61634497797627,-6.967895873577166,-6.967895873577166,-6.967895873577166,3.7087553599476877,3.7087553599476877,3.7087553599476877,2.436064641777868,2.436064641777868,2.436064641777868,-0.269037920261202,-0.269037920261202,-0.269037920261202,0.0,0.0,0.0,-1.0748634293535293,-1.0748634293535293,-1.0748634293535293,-0.5867872693183144,-0.5867872693183144,-0.5867872693183144,0.560092105174914,0.560092105174914,0.560092105174914,-0.48665187308435515,-0.48665187308435515,-0.48665187308435515,-9.190644053875383,-9.190644053875383,-9.190644053875383,0.5845576686726668,0.5845576686726668,0.5845576686726668,-8.893869692301587,-8.893869692301587,-8.893869692301587,0.0,0.0,0.0,33.76082591529017
584,2018-04-08 02:00:00,56.37680378286588,23.16623801653701,42.46607789697349,56.37680378286588,56.37680378286588,0.0,0.0,0.0,0.0,0.0,0.0,0.0,0.0,0.0,0.0,0.0,0.0,0.0,0.0,0.0,0.0,0.0,0.0,0.0,0.0,0.0,0.0,0.0,0.0,0.0,0.0,0.0,0.0,0.0,0.0,-23.603713792126822,-23.603713792126822,-23.603713792126822,-7.88668569833487,-7.88668569833487,-7.88668569833487,3.7087553599476877,3.7087553599476877,3.7087553599476877,2.5670355068937,2.5670355068937,2.5670355068937,-0.25422558991855243,-0.25422558991855243,-0.25422558991855243,0.0,0.0,0.0,-0.9771361582682319,-0.9771361582682319,-0.9771361582682319,-0.7380781288198117,-0.7380781288198117,-0.7380781288198117,0.5940986252942023,0.5940986252942023,0.5940986252942023,-0.6315564075718217,-0.6315564075718217,-0.6315564075718217,-9.39252268882889,-9.39252268882889,-9.39252268882889,0.8651778062302276,0.8651778062302276,0.8651778062302276,-8.891540911856762,-8.891540911856762,-8.891540911856762,0.0,0.0,0.0,32.77308999073905
585,2018-04-08 03:00:00,56.37643667246531,22.932600930474873,42.8907382492687,56.37643667246531,56.37643667246531,0.0,0.0,0.0,0.0,0.0,0.0,0.0,0.0,0.0,0.0,0.0,0.0,0.0,0.0,0.0,0.0,0.0,0.0,0.0,0.0,0.0,0.0,0.0,0.0,0.0,0.0,0.0,0.0,0.0,0.0,-23.222037576102956,-23.222037576102956,-23.222037576102956,-7.722604732679602,-7.722604732679602,-7.722604732679602,3.7087553599476877,3.7087553599476877,3.7087553599476877,2.953824056585897,2.953824056585897,2.953824056585897,-0.10916690656294988,-0.10916690656294988,-0.10916690656294988,0.0,0.0,0.0,-0.8794088871829345,-0.8794088871829345,-0.8794088871829345,-0.7809520857469462,-0.7809520857469462,-0.7809520857469462,0.5963068408863639,0.5963068408863639,0.5963068408863639,-0.7363640708723455,-0.7363640708723455,-0.7363640708723455,-9.564099247448528,-9.564099247448528,-9.564099247448528,1.154653806117021,1.154653806117021,1.154653806117021,-8.889157652560723,-8.889157652560723,-8.889157652560723,0.0,0.0,0.0,33.154399096362354
586,2018-04-08 04:00:00,56.37606956206475,24.997029692317998,45.89909103767692,56.37606956206475,56.37606956206475,0.0,0.0,0.0,0.0,0.0,0.0,0.0,0.0,0.0,0.0,0.0,0.0,0.0,0.0,0.0,0.0,0.0,0.0,0.0,0.0,0.0,0.0,0.0,0.0,0.0,0.0,0.0,0.0,0.0,0.0,-21.06768494100165,-21.06768494100165,-21.06768494100165,-6.067695737271027,-6.067695737271027,-6.067695737271027,3.7087553599476877,3.7087553599476877,3.7087553599476877,3.5901815700931894,3.5901815700931894,3.5901815700931894,0.17533199001828476,0.17533199001828476,0.17533199001828476,0.0,0.0,0.0,-0.7816816160976371,-0.7816816160976371,-0.7816816160976371,-0.7045674498422814,-0.7045674498422814,-0.7045674498422814,0.5967484840047962,0.5967484840047962,0.5967484840047962,-0.7101621550472146,-0.7101621550472146,-0.7101621550472146,-9.703450891629885,-9.703450891629885,-9.703450891629885,1.3057569571095538,1.3057569571095538,1.3057569571095538,-8.886719882193928,-8.886719882193928,-8.886719882193928,0.0,0.0,0.0,35.3083846210631
587,2018-04-08 05:00:00,56.37570245166419,27.848990524482566,48.184752238154616,56.37570245166419,56.37570245166419,0.0,0.0,0.0,0.0,0.0,0.0,0.0,0.0,0.0,0.0,0.0,0.0,0.0,0.0,0.0,0.0,0.0,0.0,0.0,0.0,0.0,0.0,0.0,0.0,0.0,0.0,0.0,0.0,0.0,0.0,-18.391535789090337,-18.391535789090337,-18.391535789090337,-3.239300240422869,-3.239300240422869,-3.239300240422869,3.7087553599476877,3.7087553599476877,3.7087553599476877,3.5408400052786133,3.5408400052786133,3.5408400052786133,0.24837210170790158,0.24837210170790158,0.24837210170790158,0.0,0.0,0.0,-0.6839543450123396,-0.6839543450123396,-0.6839543450123396,-0.9795521390990749,-0.9795521390990749,-0.9795521390990749,0.5777578299122067,0.5777578299122067,0.5777578299122067,-0.7065891665256058,-0.7065891665256058,-0.7065891665256058,-9.80884798332234,-9.80884798332234,-9.80884798332234,1.376050364347838,1.376050364347838,1.376050364347838,-8.884227570623743,-8.884227570623743,-8.884227570623743,0.0,0.0,0.0,37.984166662573855
588,2018-04-08 06:00:00,56.37533534126362,32.14923476961715,51.80398160775457,56.37533534126362,56.37533534126362,0.0,0.0,0.0,0.0,0.0,0.0,0.0,0.0,0.0,0.0,0.0,0.0,0.0,0.0,0.0,0.0,0.0,0.0,0.0,0.0,0.0,0.0,0.0,0.0,0.0,0.0,0.0,0.0,0.0,0.0,-14.433449794463145,-14.433449794463145,-14.433449794463145,-0.20253236811128256,-0.20253236811128256,-0.20253236811128256,3.7087553599476877,3.7087553599476877,3.7087553599476877,4.529536846442803,4.529536846442803,4.529536846442803,0.3740215246145151,0.3740215246145151,0.3740215246145151,0.0,0.0,0.0,-0.5862270739270423,-0.5862270739270423,-0.5862270739270423,-0.5118810457214816,-0.5118810457214816,-0.5118810457214816,0.37106885048588323,0.37106885048588323,0.37106885048588323,-0.4330570452602237,-0.4330570452602237,-0.4330570452602237,-9.878773582980369,-9.878773582980369,-9.878773582980369,1.606856276303465,1.606856276303465,1.606856276303465,-8.8816806898143,-8.8816806898143,-8.8816806898143,0.0,0.0,0.0,41.94188554680048
589,2018-04-08 07:00:00,56.37496823086306,35.03284122389596,55.7647717996927,56.37496823086306,56.37496823086306,0.0,0.0,0.0,0.0,0.0,0.0,0.0,0.0,0.0,0.0,0.0,0.0,0.0,0.0,0.0,0.0,0.0,0.0,0.0,0.0,0.0,0.0,0.0,0.0,0.0,0.0,0.0,0.0,0.0,0.0,-10.961748057495544,-10.961748057495544,-10.961748057495544,2.090811851904736,2.090811851904736,2.090811851904736,3.7087553599476877,3.7087553599476877,3.7087553599476877,5.738460386910967,5.738460386910967,5.738460386910967,0.7182805125781635,0.7182805125781635,0.7182805125781635,0.0,0.0,0.0,-0.488499802841745,-0.488499802841745,-0.488499802841745,-0.004292820032418387,-0.004292820032418387,-0.004292820032418387,-0.032151316642820595,-0.032151316642820595,-0.032151316642820595,0.014757516114741576,0.014757516114741576,0.014757516114741576,-9.91194108248745,-9.91194108248745,-9.91194108248745,1.8216109377873577,1.8216109377873577,1.8216109377873577,-8.879079213823797,-8.879079213823797,-8.879079213823797,0.0,0.0,0.0,45.41322017336752
590,2018-04-08 08:00:00,56.3746011204625,37.449360103897796,57.81643175107202,56.3746011204625,56.3746011204625,0.0,0.0,0.0,0.0,0.0,0.0,0.0,0.0,0.0,0.0,0.0,0.0,0.0,0.0,0.0,0.0,0.0,0.0,0.0,0.0,0.0,0.0,0.0,0.0,0.0,0.0,0.0,0.0,0.0,0.0,-8.912332102518652,-8.912332102518652,-8.912332102518652,3.3129787639227466,3.3129787639227466,3.3129787639227466,3.7087553599476877,3.7087553599476877,3.7087553599476877,6.558422014891186,6.558422014891186,6.558422014891186,1.1069764915697606,1.1069764915697606,1.1069764915697606,0.0,0.0,0.0,-0.39077253175644755,-0.39077253175644755,-0.39077253175644755,0.31110180563845585,0.31110180563845585,0.31110180563845585,-0.4764442937857296,-0.4764442937857296,-0.4764442937857296,0.41354273499874206,0.41354273499874206,0.41354273499874206,-9.907309762513316,-9.907309762513316,-9.907309762513316,1.8852624482787177,1.8852624482787177,1.8852624482787177,-8.87642311881927,-8.87642311881927,-8.87642311881927,0.0,0.0,0.0,47.46226901794385
591,2018-04-08 09:00:00,56.37423401006193,37.78394090430621,57.51698524624057,56.37423401006193,56.37423401006193,0.0,0.0,0.0,0.0,0.0,0.0,0.0,0.0,0.0,0.0,0.0,0.0,0.0,0.0,0.0,0.0,0.0,0.0,0.0,0.0,0.0,0.0,0.0,0.0,0.0,0.0,0.0,0.0,0.0,0.0,-8.347067242803544,-8.347067242803544,-8.347067242803544,3.755930530483662,3.755930530483662,3.755930530483662,3.7087553599476877,3.7087553599476877,3.7087553599476877,6.634812695860748,6.634812695860748,6.634812695860748,1.521721741163948,1.521721741163948,1.521721741163948,0.0,0.0,0.0,-0.2930452606711501,-0.2930452606711501,-0.2930452606711501,0.025275426124226077,0.025275426124226077,0.025275426124226077,-0.8818726765065951,-0.8818726765065951,-0.8818726765065951,0.6072781126148619,0.6072781126148619,0.6072781126148619,-9.864098086076302,-9.864098086076302,-9.864098086076302,1.9466999931877693,1.9466999931877693,1.9466999931877693,-8.87371238307165,-8.87371238307165,-8.87371238307165,0.0,0.0,0.0,48.02716676725839
592,2018-04-08 10:00:00,56.37386689966137,37.9993227387819,58.710169928150286,56.37386689966137,56.37386689966137,0.0,0.0,0.0,0.0,0.0,0.0,0.0,0.0,0.0,0.0,0.0,0.0,0.0,0.0,0.0,0.0,0.0,0.0,0.0,0.0,0.0,0.0,0.0,0.0,0.0,0.0,0.0,0.0,0.0,0.0,-7.9865871720830635,-7.9865871720830635,-7.9865871720830635,3.7898474423593385,3.7898474423593385,3.7898474423593385,3.7087553599476877,3.7087553599476877,3.7087553599476877,6.876306937137473,6.876306937137473,6.876306937137473,1.601912633018982,1.601912633018982,1.601912633018982,0.0,0.0,0.0,-0.1953179895858527,-0.1953179895858527,-0.1953179895858527,0.18592956357532764,0.18592956357532764,0.18592956357532764,-1.1848398557511635,-1.1848398557511635,-1.1848398557511635,0.7954555080862569,0.7954555080862569,0.7954555080862569,-9.781794564611317,-9.781794564611317,-9.781794564611317,1.964411717846235,1.964411717846235,1.964411717846235,-8.870946986968557,-8.870946986968557,-8.870946986968557,0.0,0.0,0.0,48.38727972757831
593,2018-04-08 11:00:00,56.37349978926081,38.70891371240141,58.790683558754644,56.37349978926081,56.37349978926081,0.0,0.0,0.0,0.0,0.0,0.0,0.0,0.0,0.0,0.0,0.0,0.0,0.0,0.0,0.0,0.0,0.0,0.0,0.0,0.0,0.0,0.0,0.0,0.0,0.0,0.0,0.0,0.0,0.0,0.0,-8.079018286862475,-8.079018286862475,-8.079018286862475,3.409634827902346,3.409634827902346,3.409634827902346,3.7087553599476877,3.7087553599476877,3.7087553599476877,7.03963985749761,7.03963985749761,7.03963985749761,1.4686016599351357,1.4686016599351357,1.4686016599351357,0.0,0.0,0.0,-0.09759071850055533,-0.09759071850055533,-0.09759071850055533,0.4234611410337048,0.4234611410337048,0.4234611410337048,-1.3323486573075567,-1.3323486573075567,-1.3323486573075567,0.960805476891818,0.960805476891818,0.960805476891818,-9.660166059246954,-9.660166059246954,-9.660166059246954,1.9079555954973766,1.9079555954973766,1.9079555954973766,-8.868126913015477,-8.868126913015477,-8.868126913015477,0.0,0.0,0.0,48.29448150239834
594,2018-04-08 12:00:00,56.373132678860244,36.996854177129535,57.52370732894122,56.373132678860244,56.373132678860244,0.0,0.0,0.0,0.0,0.0,0.0,0.0,0.0,0.0,0.0,0.0,0.0,0.0,0.0,0.0,0.0,0.0,0.0,0.0,0.0,0.0,0.0,0.0,0.0,0.0,0.0,0.0,0.0,0.0,0.0,-9.183149842691492,-9.183149842691492,-9.183149842691492,2.3770785600101982,2.3770785600101982,2.3770785600101982,3.7087553599476877,3.7087553599476877,3.7087553599476877,6.804287151131539,6.804287151131539,6.804287151131539,1.4435739293561765,1.4435739293561765,1.4435739293561765,0.0,0.0,0.0,0.00013655258474207092,0.00013655258474207092,0.00013655258474207092,0.3485549174368721,0.3485549174368721,0.3485549174368721,-1.4780908863902207,-1.4780908863902207,-1.4780908863902207,1.029486256251631,1.029486256251631,1.029486256251631,-9.499263407994485,-9.499263407994485,-9.499263407994485,1.7518710219446503,1.7518710219446503,1.7518710219446503,-8.865252145838742,-8.865252145838742,-8.865252145838742,0.0,0.0,0.0,47.18998283616875
595,2018-04-08 13:00:00,56.372765568459684,35.143634579089905,55.65630127164382,56.372765568459684,56.372765568459684,0.0,0.0,0.0,0.0,0.0,0.0,0.0,0.0,0.0,0.0,0.0,0.0,0.0,0.0,0.0,0.0,0.0,0.0,0.0,0.0,0.0,0.0,0.0,0.0,0.0,0.0,0.0,0.0,0.0,0.0,-10.989568814445333,-10.989568814445333,-10.989568814445333,0.8004228520486123,0.8004228520486123,0.8004228520486123,3.7087553599476877,3.7087553599476877,3.7087553599476877,6.37175530501812,6.37175530501812,6.37175530501812,1.5395986915774909,1.5395986915774909,1.5395986915774909,0.0,0.0,0.0,0.09786382367003946,0.09786382367003946,0.09786382367003946,-0.014641706187243949,-0.014641706187243949,-0.014641706187243949,-1.4586585891791988,-1.4586585891791988,-1.4586585891791988,0.9528655023993542,0.9528655023993542,0.9528655023993542,-9.299424299318519,-9.299424299318519,-9.299424299318519,1.5459722227899904,1.5459722227899904,1.5459722227899904,-8.86232267219355,-8.86232267219355,-8.86232267219355,0.0,0.0,0.0,45.38319675401435
596,2018-04-08 14:00:00,56.37239845805912,34.03614419075656,53.08698404533651,56.37239845805912,56.37239845805912,0.0,0.0,0.0,0.0,0.0,0.0,0.0,0.0,0.0,0.0,0.0,0.0,0.0,0.0,0.0,0.0,0.0,0.0,0.0,0.0,0.0,0.0,0.0,0.0,0.0,0.0,0.0,0.0,0.0,0.0,-12.898324441581419,-12.898324441581419,-12.898324441581419,-0.5294803490763924,-0.5294803490763924,-0.5294803490763924,3.7087553599476877,3.7087553599476877,3.7087553599476877,5.551767731148813,5.551767731148813,5.551767731148813,0.7560774934525107,0.7560774934525107,0.7560774934525107,0.0,0.0,0.0,0.19559109475533687,0.19559109475533687,0.19559109475533687,0.10954492767066279,0.10954492767066279,0.10954492767066279,-1.3442730215052292,-1.3442730215052292,-1.3442730215052292,0.8601663001998378,0.8601663001998378,0.8601663001998378,-9.061273342688002,-9.061273342688002,-9.061273342688002,1.2659055766280067,1.2659055766280067,1.2659055766280067,-8.859338480965839,-8.859338480965839,-8.859338480965839,0.0,0.0,0.0,43.4740740164777
597,2018-04-08 15:00:00,56.37203134765856,33.527773622479906,52.95717614783297,56.37203134765856,56.37203134765856,0.0,0.0,0.0,0.0,0.0,0.0,0.0,0.0,0.0,0.0,0.0,0.0,0.0,0.0,0.0,0.0,0.0,0.0,0.0,0.0,0.0,0.0,0.0,0.0,0.0,0.0,0.0,0.0,0.0,0.0,-13.19096659825208,-13.19096659825208,-13.19096659825208,-0.5425393633438667,-0.5425393633438667,-0.5425393633438667,3.7087553599476877,3.7087553599476877,3.7087553599476877,4.9935916468427095,4.9935916468427095,4.9935916468427095,0.5063109576747301,0.5063109576747301,0.5063109576747301,0.0,0.0,0.0,0.29331836584063425,0.29331836584063425,0.29331836584063425,-0.0003503872115324583,-0.0003503872115324583,-0.0003503872115324583,-1.1512749787503072,-1.1512749787503072,-1.1512749787503072,0.7666731005510752,0.7666731005510752,0.7666731005510752,-8.785719318572482,-8.785719318572482,-8.785719318572482,0.8701592287904208,0.8701592287904208,0.8701592287904208,-8.856299563178446,-8.856299563178446,-8.856299563178446,0.0,0.0,0.0,43.18106474940648
598,2018-04-08 16:00:00,56.371664237257995,34.809491965815276,54.80389412008182,56.371664237257995,56.371664237257995,0.0,0.0,0.0,0.0,0.0,0.0,0.0,0.0,0.0,0.0,0.0,0.0,0.0,0.0,0.0,0.0,0.0,0.0,0.0,0.0,0.0,0.0,0.0,0.0,0.0,0.0,0.0,0.0,0.0,0.0,-11.352055517618606,-11.352055517618606,-11.352055517618606,1.214178724154976,1.214178724154976,1.214178724154976,3.7087553599476877,3.7087553599476877,3.7087553599476877,4.760921291505743,4.760921291505743,4.760921291505743,0.5384894684191067,0.5384894684191067,0.5384894684191067,0.0,0.0,0.0,0.3910456369259317,0.3910456369259317,0.3910456369259317,-0.18860155440883553,-0.18860155440883553,-0.18860155440883553,-0.8407998664923897,-0.8407998664923897,-0.8407998664923897,0.6759588919746747,0.6759588919746747,0.6759588919746747,-8.4739496212845,-8.4739496212845,-8.4739496212845,0.47607335513956633,0.47607335513956633,0.47607335513956633,-8.853205911994822,-8.853205911994822,-8.853205911994822,0.0,0.0,0.0,45.01960871963939
599,2018-04-08 17:00:00,56.371297126857435,38.60374445245355,58.75554431055266,56.371297126857435,56.371297126857435,0.0,0.0,0.0,0.0,0.0,0.0,0.0,0.0,0.0,0.0,0.0,0.0,0.0,0.0,0.0,0.0,0.0,0.0,0.0,0.0,0.0,0.0,0.0,0.0,0.0,0.0,0.0,0.0,0.0,0.0,-7.9706907320748,-7.9706907320748,-7.9706907320748,3.999262637801904,3.999262637801904,3.999262637801904,3.7087553599476877,3.7087553599476877,3.7087553599476877,5.007526092775046,5.007526092775046,5.007526092775046,0.7065328023064068,0.7065328023064068,0.7065328023064068,0.0,0.0,0.0,0.488772908011229,0.488772908011229,0.488772908011229,-0.22950429492552704,-0.22950429492552704,-0.22950429492552704,-0.3638252985854893,-0.3638252985854893,-0.3638252985854893,0.6590864461781889,0.6590864461781889,0.6590864461781889,-8.127421939929057,-8.127421939929057,-8.127421939929057,0.037708169842548295,0.037708169842548295,0.037708169842548295,-8.850057522722695,-8.850057522722695,-8.850057522722695,0.0,0.0,0.0,48.400606394782635
600,2018-04-08 18:00:00,56.570441149834345,41.96660875272631,61.726144678706504,56.570441149834345,56.570441149834345,0.0,0.0,0.0,0.0,0.0,0.0,0.0,0.0,0.0,0.0,0.0,0.0,0.0,0.0,0.0,0.0,0.0,0.0,0.0,0.0,0.0,0.0,0.0,0.0,0.0,0.0,0.0,0.0,0.0,0.0,-4.751943519435118,-4.751943519435118,-4.751943519435118,6.212531264006659,6.212531264006659,6.212531264006659,3.2985149161269116,3.2985149161269116,3.2985149161269116,5.142220556634941,5.142220556634941,5.142220556634941,0.8253713907295936,0.8253713907295936,0.8253713907295936,0.0,0.0,0.0,0.5845353513068073,0.5845353513068073,0.5845353513068073,-0.12683447419891727,-0.12683447419891727,-0.12683447419891727,0.18599426873154148,0.18599426873154148,0.18599426873154148,0.6320518462625481,0.6320518462625481,0.6320518462625481,-7.338727611590393,-7.338727611590393,-7.338727611590393,-0.25741274232354366,-0.25741274232354366,-0.25741274232354366,-8.767967728486328,-8.767967728486328,-8.767967728486328,0.0,0.0,0.0,51.81849763039923
601,2018-04-08 19:00:00,56.57011302056561,42.899290362537904,63.288781732902024,56.57011302056561,56.57011302056561,0.0,0.0,0.0,0.0,0.0,0.0,0.0,0.0,0.0,0.0,0.0,0.0,0.0,0.0,0.0,0.0,0.0,0.0,0.0,0.0,0.0,0.0,0.0,0.0,0.0,0.0,0.0,0.0,0.0,0.0,-3.1697200058673234,-3.1697200058673234,-3.1697200058673234,6.516363630615944,6.516363630615944,6.516363630615944,3.2985149161269116,3.2985149161269116,3.2985149161269116,6.018323141592088,6.018323141592088,6.018323141592088,0.8535079894834712,0.8535079894834712,0.8535079894834712,0.0,0.0,0.0,0.681935246333684,0.681935246333684,0.681935246333684,0.3710108635882677,0.3710108635882677,0.3710108635882677,0.44646657733581485,0.44646657733581485,0.44646657733581485,0.7474788303149595,0.7474788303149595,0.7474788303149595,-6.939842244859131,-6.939842244859131,-6.939842244859131,-0.38059128159102135,-0.38059128159102135,-0.38059128159102135,-8.764564533216225,-8.764564533216225,-8.764564533216225,0.0,0.0,0.0,53.40039301469828
602,2018-04-08 20:00:00,56.56978489129688,41.64771777354931,61.97502573992165,56.56978489129688,56.56978489129688,0.0,0.0,0.0,0.0,0.0,0.0,0.0,0.0,0.0,0.0,0.0,0.0,0.0,0.0,0.0,0.0,0.0,0.0,0.0,0.0,0.0,0.0,0.0,0.0,0.0,0.0,0.0,0.0,0.0,0.0,-4.611828742027294,-4.611828742027294,-4.611828742027294,4.663160186770057,4.663160186770057,4.663160186770057,3.2985149161269116,3.2985149161269116,3.2985149161269116,5.999954382296222,5.999954382296222,5.999954382296222,0.8770404175321689,0.8770404175321689,0.8770404175321689,0.0,0.0,0.0,0.7793351413605607,0.7793351413605607,0.7793351413605607,0.2811351929669517,0.2811351929669517,0.2811351929669517,0.5134189665193077,0.5134189665193077,0.5134189665193077,0.6670050879122219,0.6670050879122219,0.6670050879122219,-6.51383648469812,-6.51383648469812,-6.51383648469812,-0.4164953401219004,-0.4164953401219004,-0.4164953401219004,-8.76110682639545,-8.76110682639545,-8.76110682639545,0.0,0.0,0.0,51.957956149269585
603,2018-04-08 21:00:00,56.56945676202814,37.586862489951564,58.831637163901625,56.56945676202814,56.56945676202814,0.0,0.0,0.0,0.0,0.0,0.0,0.0,0.0,0.0,0.0,0.0,0.0,0.0,0.0,0.0,0.0,0.0,0.0,0.0,0.0,0.0,0.0,0.0,0.0,0.0,0.0,0.0,0.0,0.0,0.0,-7.940805278437188,-7.940805278437188,-7.940805278437188,1.5836337085613548,1.5836337085613548,1.5836337085613548,3.2985149161269116,3.2985149161269116,3.2985149161269116,5.296251961972219,5.296251961972219,5.296251961972219,0.8202556455016159,0.8202556455016159,0.8202556455016159,0.0,0.0,0.0,0.8767350363874373,0.8767350363874373,0.8767350363874373,-0.284469812723215,-0.284469812723215,-0.284469812723215,0.5684483274920415,0.5684483274920415,0.5684483274920415,0.29958961754820784,0.29958961754820784,0.29958961754820784,-6.063096333872213,-6.063096333872213,-6.063096333872213,-0.28282176836078116,-0.28282176836078116,-0.28282176836078116,-8.75759461509855,-8.75759461509855,-8.75759461509855,0.0,0.0,0.0,48.62865148359095
604,2018-04-08 22:00:00,56.569128632759416,34.18761508739874,53.30900257995372,56.569128632759416,56.569128632759416,0.0,0.0,0.0,0.0,0.0,0.0,0.0,0.0,0.0,0.0,0.0,0.0,0.0,0.0,0.0,0.0,0.0,0.0,0.0,0.0,0.0,0.0,0.0,0.0,0.0,0.0,0.0,0.0,0.0,0.0,-12.573794456344674,-12.573794456344674,-12.573794456344674,-1.4710386181878237,-1.4710386181878237,-1.4710386181878237,3.2985149161269116,3.2985149161269116,3.2985149161269116,3.2414570145786854,3.2414570145786854,3.2414570145786854,0.06568322437489726,0.06568322437489726,0.06568322437489726,0.0,0.0,0.0,0.974134931414314,0.974134931414314,0.974134931414314,-0.8966595900966816,-0.8966595900966816,-0.8966595900966816,0.6354007166755344,0.6354007166755344,0.6354007166755344,-0.1578507717158384,-0.1578507717158384,-0.1578507717158384,-5.590184944181751,-5.590184944181751,-5.590184944181751,-0.6777664122004516,-0.6777664122004516,-0.6777664122004516,-8.754027908553782,-8.754027908553782,-8.754027908553782,0.0,0.0,0.0,43.995334176414744
605,2018-04-08 23:00:00,56.56880050349068,32.75386429654583,52.28850782760376,56.56880050349068,56.56880050349068,0.0,0.0,0.0,0.0,0.0,0.0,0.0,0.0,0.0,0.0,0.0,0.0,0.0,0.0,0.0,0.0,0.0,0.0,0.0,0.0,0.0,0.0,0.0,0.0,0.0,0.0,0.0,0.0,0.0,0.0,-14.497887259623196,-14.497887259623196,-14.497887259623196,-3.8231070907755393,-3.8231070907755393,-3.8231070907755393,3.2985149161269116,3.2985149161269116,3.2985149161269116,3.173446906719701,3.173446906719701,3.173446906719701,-0.0530020649141866,-0.0530020649141866,-0.0530020649141866,0.0,0.0,0.0,1.0715348264411908,1.0715348264411908,1.0715348264411908,-1.0077101569376794,-1.0077101569376794,-1.0077101569376794,0.6308149365944732,0.6308149365944732,0.6308149365944732,-0.4728363796053416,-0.4728363796053416,-0.4728363796053416,-5.0978203574178105,-5.0978203574178105,-5.0978203574178105,-0.2938691709856671,-0.2938691709856671,-0.2938691709856671,-8.75040671814955,-8.75040671814955,-8.75040671814955,0.0,0.0,0.0,42.07091324386748
606,2018-04-09 00:00:00,56.56847237422195,29.26470585885953,49.28575526829796,56.56847237422195,56.56847237422195,0.0,0.0,0.0,0.0,0.0,0.0,0.0,0.0,0.0,0.0,0.0,0.0,0.0,0.0,0.0,0.0,0.0,0.0,0.0,0.0,0.0,0.0,0.0,0.0,0.0,0.0,0.0,0.0,0.0,0.0,-17.285164548693253,-17.285164548693253,-17.285164548693253,-5.552739744002886,-5.552739744002886,-5.552739744002886,3.0343405133149473,3.0343405133149473,3.0343405133149473,1.6031579945176568,1.6031579945176568,1.6031579945176568,-0.30674302822188315,-0.30674302822188315,-0.30674302822188315,0.0,0.0,0.0,0.00013598114554721433,0.00013598114554721433,0.00013598114554721433,-1.0241795206640985,-1.0241795206640985,-1.0241795206640985,0.6289806245620487,0.6289806245620487,0.6289806245620487,-0.6575601973934437,-0.6575601973934437,-0.6575601973934437,-4.588851741772508,-4.588851741772508,-4.588851741772508,-0.07181637822546069,-0.07181637822546069,-0.07181637822546069,-8.746731057435515,-8.746731057435515,-8.746731057435515,0.0,0.0,0.0,39.283307825528695
607,2018-04-09 01:00:00,56.56814424495322,26.904472284201674,47.946185081748325,56.56814424495322,56.56814424495322,0.0,0.0,0.0,0.0,0.0,0.0,0.0,0.0,0.0,0.0,0.0,0.0,0.0,0.0,0.0,0.0,0.0,0.0,0.0,0.0,0.0,0.0,0.0,0.0,0.0,0.0,0.0,0.0,0.0,0.0,-19.200236784324055,-19.200236784324055,-19.200236784324055,-6.941784051869652,-6.941784051869652,-6.941784051869652,2.770166110502982,2.770166110502982,2.770166110502982,0.5507825853156476,0.5507825853156476,0.5507825853156476,-0.3210671148602208,-0.3210671148602208,-0.3210671148602208,0.0,0.0,0.0,-1.0712628641500963,-1.0712628641500963,-1.0712628641500963,-0.9874763672166502,-0.9874763672166502,-0.9874763672166502,0.6289806245620487,0.6289806245620487,0.6289806245620487,-0.7486011988995712,-0.7486011988995712,-0.7486011988995712,-4.066234375642691,-4.066234375642691,-4.066234375642691,0.28004339537715484,0.28004339537715484,0.28004339537715484,-8.743000942127361,-8.743000942127361,-8.743000942127361,0.0,0.0,0.0,37.36790746062916
608,2018-04-09 02:00:00,56.56781611568448,26.548712965522576,46.5372020817043,56.56781611568448,56.56781611568448,0.0,0.0,0.0,0.0,0.0,0.0,0.0,0.0,0.0,0.0,0.0,0.0,0.0,0.0,0.0,0.0,0.0,0.0,0.0,0.0,0.0,0.0,0.0,0.0,0.0,0.0,0.0,0.0,0.0,0.0,-19.548659042466163,-19.548659042466163,-19.548659042466163,-7.850235299577031,-7.850235299577031,-7.850235299577031,2.505991707691019,2.505991707691019,2.505991707691019,0.573796290199608,0.573796290199608,0.573796290199608,-0.2504698307141279,-0.2504698307141279,-0.2504698307141279,0.0,0.0,0.0,-0.9738629691232197,-0.9738629691232197,-0.9738629691232197,-1.0208856479188146,-1.0208856479188146,-1.0208856479188146,0.6285220465539426,0.6285220465539426,0.6285220465539426,-0.8264331265264614,-0.8264331265264614,-0.8264331265264614,-3.533003642978749,-3.533003642978749,-3.533003642978749,0.51093411023727,0.51093411023727,0.51093411023727,-8.73921639010999,-8.73921639010999,-8.73921639010999,0.0,0.0,0.0,37.01915707321832
609,2018-04-09 03:00:00,56.56748798641575,28.189182200184735,47.715408354866625,56.56748798641575,56.56748798641575,0.0,0.0,0.0,0.0,0.0,0.0,0.0,0.0,0.0,0.0,0.0,0.0,0.0,0.0,0.0,0.0,0.0,0.0,0.0,0.0,0.0,0.0,0.0,0.0,0.0,0.0,0.0,0.0,0.0,0.0,-18.497346823194125,-18.497346823194125,-18.497346823194125,-7.6985375982334645,-7.6985375982334645,-7.6985375982334645,2.241817304879054,2.241817304879054,2.241817304879054,0.9288165129279038,0.9288165129279038,0.9288165129279038,-0.007471932385184601,-0.007471932385184601,-0.007471932385184601,0.0,0.0,0.0,-0.8764630740963429,-0.8764630740963429,-0.8764630740963429,-1.0077101569376794,-1.0077101569376794,-1.0077101569376794,0.6285220465539426,0.6285220465539426,0.6285220465539426,-0.7370178571900862,-0.7370178571900862,-0.7370178571900862,-2.9922483164505387,-2.9922483164505387,-2.9922483164505387,0.6871401821041998,0.6871401821041998,0.6871401821041998,-8.735377421438024,-8.735377421438024,-8.735377421438024,0.0,0.0,0.0,38.07014116322162
610,2018-04-09 04:00:00,56.56715985714702,32.12546432779849,52.40558455185212,56.56715985714702,56.56715985714702,0.0,0.0,0.0,0.0,0.0,0.0,0.0,0.0,0.0,0.0,0.0,0.0,0.0,0.0,0.0,0.0,0.0,0.0,0.0,0.0,0.0,0.0,0.0,0.0,0.0,0.0,0.0,0.0,0.0,0.0,-14.469918510813887,-14.469918510813887,-14.469918510813887,-6.06168250661237,-6.06168250661237,-6.06168250661237,1.9776429020670898,1.9776429020670898,1.9776429020670898,2.770331466875784,2.770331466875784,2.770331466875784,0.9328020405171265,0.9328020405171265,0.9328020405171265,0.0,0.0,0.0,-0.7790631790694663,-0.7790631790694663,-0.7790631790694663,-0.5333924816168075,-0.5333924816168075,-0.5333924816168075,0.6289806245620487,0.6289806245620487,0.6289806245620487,-0.3431842390675977,-0.3431842390675977,-0.3431842390675977,-2.447083412733926,-2.447083412733926,-2.447083412733926,0.8865457994833903,0.8865457994833903,0.8865457994833903,-8.731484058343375,-8.731484058343375,-8.731484058343375,0.0,0.0,0.0,42.097241346333135
611,2018-04-09 05:00:00,56.56683172787828,37.39907651013064,57.379189022281075,56.56683172787828,56.56683172787828,0.0,0.0,0.0,0.0,0.0,0.0,0.0,0.0,0.0,0.0,0.0,0.0,0.0,0.0,0.0,0.0,0.0,0.0,0.0,0.0,0.0,0.0,0.0,0.0,0.0,0.0,0.0,0.0,0.0,0.0,-8.865660821003937,-8.865660821003937,-8.865660821003937,-3.239329773384293,-3.239329773384293,-3.239329773384293,1.7134684992551252,1.7134684992551252,1.7134684992551252,5.001828184240187,5.001828184240187,5.001828184240187,1.9119556771520683,1.9119556771520683,1.9119556771520683,0.0,0.0,0.0,-0.6816632840425896,-0.6816632840425896,-0.6816632840425896,0.20208224708013972,0.20208224708013972,0.20208224708013972,0.6285220465539426,0.6285220465539426,0.6285220465539426,0.1652634970224262,0.1652634970224262,0.1652634970224262,-1.9006229066254272,-1.9006229066254272,-1.9006229066254272,1.062199501219076,1.062199501219076,1.062199501219076,-8.727536325234407,-8.727536325234407,-8.727536325234407,0.0,0.0,0.0,47.701170906874346
612,2018-04-09 06:00:00,56.56650359860955,42.01582404402734,61.74844648251972,56.56650359860955,56.56650359860955,0.0,0.0,0.0,0.0,0.0,0.0,0.0,0.0,0.0,0.0,0.0,0.0,0.0,0.0,0.0,0.0,0.0,0.0,0.0,0.0,0.0,0.0,0.0,0.0,0.0,0.0,0.0,0.0,0.0,0.0,-4.880086918517203,-4.880086918517203,-4.880086918517203,-0.19198416007077576,-0.19198416007077576,-0.19198416007077576,1.4492940964431604,1.4492940964431604,1.4492940964431604,5.391384083635156,5.391384083635156,5.391384083635156,2.3304236368006483,2.3304236368006483,2.3304236368006483,0.0,0.0,0.0,-0.5842633890157128,-0.5842633890157128,-0.5842633890157128,-0.07507361677302848,-0.07507361677302848,-0.07507361677302848,0.5065402963977159,0.5065402963977159,0.5065402963977159,0.507276902234061,0.507276902234061,0.507276902234061,-1.3559525933809018,-1.3559525933809018,-1.3559525933809018,1.2571861575483119,1.2571861575483119,1.2571861575483119,-8.72353424870068,-8.72353424870068,-8.72353424870068,0.0,0.0,0.0,51.68641668009235
613,2018-04-09 07:00:00,56.56617546934082,44.68171564141876,65.36536077038281,56.56617546934082,56.56617546934082,0.0,0.0,0.0,0.0,0.0,0.0,0.0,0.0,0.0,0.0,0.0,0.0,0.0,0.0,0.0,0.0,0.0,0.0,0.0,0.0,0.0,0.0,0.0,0.0,0.0,0.0,0.0,0.0,0.0,0.0,-1.4389387096406883,-1.4389387096406883,-1.4389387096406883,2.1192803491132777,2.1192803491132777,2.1192803491132777,1.185119693631197,1.185119693631197,1.185119693631197,5.97736218509133,5.97736218509133,5.97736218509133,2.440923733724968,2.440923733724968,2.440923733724968,0.0,0.0,0.0,-0.4868634939888362,-0.4868634939888362,-0.4868634939888362,0.28489961896156185,0.28489961896156185,0.28489961896156185,0.0979472911751674,0.0979472911751674,0.0979472911751674,0.915335676841882,0.915335676841882,0.915335676841882,-0.8161033863308693,-0.8161033863308693,-0.8161033863308693,1.5399996647453906,1.5399996647453906,1.5399996647453906,-8.719477857514427,-8.719477857514427,-8.719477857514427,0.0,0.0,0.0,55.12723675970013
614,2018-04-09 08:00:00,56.56584734007208,47.17138580116715,67.13271137504668,56.56584734007208,56.56584734007208,0.0,0.0,0.0,0.0,0.0,0.0,0.0,0.0,0.0,0.0,0.0,0.0,0.0,0.0,0.0,0.0,0.0,0.0,0.0,0.0,0.0,0.0,0.0,0.0,0.0,0.0,0.0,0.0,0.0,0.0,0.01259735850612324,0.01259735850612324,0.01259735850612324,3.3542514732598034,3.3542514732598034,3.3542514732598034,0.9209452908192323,0.9209452908192323,0.9209452908192323,5.657738397272251,5.657738397272251,5.657738397272251,2.4695719070016433,2.4695719070016433,2.4695719070016433,0.0,0.0,0.0,-0.38946359896195953,-0.38946359896195953,-0.38946359896195953,0.29007570470415067,0.29007570470415067,0.29007570470415067,-0.49866269737088836,-0.49866269737088836,-0.49866269737088836,1.1474089440740192,1.1474089440740192,1.1474089440740192,-0.2840253293908588,-0.2840253293908588,-0.2840253293908588,1.7178628470060535,1.7178628470060535,1.7178628470060535,-8.715367182635074,-8.715367182635074,-8.715367182635074,0.0,0.0,0.0,56.5784446985782
615,2018-04-09 09:00:00,56.56551921080336,47.29710172862781,68.13381709095955,56.56551921080336,56.56551921080336,0.0,0.0,0.0,0.0,0.0,0.0,0.0,0.0,0.0,0.0,0.0,0.0,0.0,0.0,0.0,0.0,0.0,0.0,0.0,0.0,0.0,0.0,0.0,0.0,0.0,0.0,0.0,0.0,0.0,0.0,1.0338006770742083,1.0338006770742083,1.0338006770742083,3.800007667456362,3.800007667456362,3.800007667456362,0.6567708880072676,0.6567708880072676,0.6567708880072676,5.707557863963507,5.707557863963507,5.707557863963507,2.632252605251336,2.632252605251336,2.632252605251336,0.0,0.0,0.0,-0.29206370393508285,-0.29206370393508285,-0.29206370393508285,0.4717092589440878,0.4717092589440878,0.4717092589440878,-0.9315603370230611,-0.9315603370230611,-0.9315603370230611,1.3266459157892074,1.3266459157892074,1.3266459157892074,0.2374374028636292,0.2374374028636292,0.2374374028636292,1.8438032369297523,1.8438032369297523,1.8438032369297523,-8.71120225720929,-8.71120225720929,-8.71120225720929,0.0,0.0,0.0,57.59931988787757
616,2018-04-09 10:00:00,56.56519108153462,48.55162277093343,68.72454706993099,56.56519108153462,56.56519108153462,0.0,0.0,0.0,0.0,0.0,0.0,0.0,0.0,0.0,0.0,0.0,0.0,0.0,0.0,0.0,0.0,0.0,0.0,0.0,0.0,0.0,0.0,0.0,0.0,0.0,0.0,0.0,0.0,0.0,0.0,1.704228443328799,1.704228443328799,1.704228443328799,3.8305037316012838,3.8305037316012838,3.8305037316012838,0.39259648519530305,0.39259648519530305,0.39259648519530305,5.835137570800802,5.835137570800802,5.835137570800802,2.7601462359507796,2.7601462359507796,2.7601462359507796,0.0,0.0,0.0,-0.19466380890820617,-0.19466380890820617,-0.19466380890820617,0.5747604205465391,0.5747604205465391,0.5747604205465391,-1.1741481033111958,-1.1741481033111958,-1.1741481033111958,1.4812936884368926,1.4812936884368926,1.4812936884368926,0.7455702575019423,0.7455702575019423,0.7455702575019423,1.995152652890689,1.995152652890689,1.995152652890689,-8.706983116575229,-8.706983116575229,-8.706983116575229,0.0,0.0,0.0,58.26941952486342
617,2018-04-09 11:00:00,56.56486295226589,47.87572945583933,67.22378675189557,56.56486295226589,56.56486295226589,0.0,0.0,0.0,0.0,0.0,0.0,0.0,0.0,0.0,0.0,0.0,0.0,0.0,0.0,0.0,0.0,0.0,0.0,0.0,0.0,0.0,0.0,0.0,0.0,0.0,0.0,0.0,0.0,0.0,0.0,1.5093166630569144,1.5093166630569144,1.5093166630569144,3.4455945351817756,3.4455945351817756,3.4455945351817756,0.128422082383339,0.128422082383339,0.128422082383339,5.528621362189814,5.528621362189814,5.528621362189814,2.6839216320539117,2.6839216320539117,2.6839216320539117,0.0,0.0,0.0,-0.09726391388132948,-0.09726391388132948,-0.09726391388132948,0.5517033113295522,0.5517033113295522,0.5517033113295522,-1.3410704982618218,-1.3410704982618218,-1.3410704982618218,1.543681160451136,1.543681160451136,1.543681160451136,1.2378105639511976,1.2378105639511976,1.2378105639511976,2.0592275881150277,2.0592275881150277,2.0592275881150277,-8.702709798265873,-8.702709798265873,-8.702709798265873,0.0,0.0,0.0,58.074179615322805
618,2018-04-09 12:00:00,56.56453482299716,45.99846362410646,66.36545782787502,56.56453482299716,56.56453482299716,0.0,0.0,0.0,0.0,0.0,0.0,0.0,0.0,0.0,0.0,0.0,0.0,0.0,0.0,0.0,0.0,0.0,0.0,0.0,0.0,0.0,0.0,0.0,0.0,0.0,0.0,0.0,0.0,0.0,0.0,-0.22913144186546808,-0.22913144186546808,-0.22913144186546808,2.406682688065091,2.406682688065091,2.406682688065091,-0.13575232042862564,-0.13575232042862564,-0.13575232042862564,4.350800136318458,4.350800136318458,4.350800136318458,2.619463242181392,2.619463242181392,2.619463242181392,0.0,0.0,0.0,0.00013598114554721433,0.00013598114554721433,0.00013598114554721433,0.03644750331729557,0.03644750331729557,0.03644750331729557,-1.4405819260208486,-1.4405819260208486,-1.4405819260208486,1.4355699711626098,1.4355699711626098,1.4355699711626098,1.711768075757056,1.711768075757056,1.711768075757056,1.8355176849610884,1.8355176849610884,1.8355176849610884,-8.698382342006074,-8.698382342006074,-8.698382342006074,0.0,0.0,0.0,56.33540338113169
619,2018-04-09 13:00:00,56.56420669372843,44.466532548157716,64.96061688344774,56.56420669372843,56.56420669372843,0.0,0.0,0.0,0.0,0.0,0.0,0.0,0.0,0.0,0.0,0.0,0.0,0.0,0.0,0.0,0.0,0.0,0.0,0.0,0.0,0.0,0.0,0.0,0.0,0.0,0.0,0.0,0.0,0.0,0.0,-1.9761656909087488,-1.9761656909087488,-1.9761656909087488,0.8180295625719635,0.8180295625719635,0.8180295625719635,-0.39992672324058975,-0.39992672324058975,-0.39992672324058975,3.7345619500466207,3.7345619500466207,3.7345619500466207,2.588768770813525,2.588768770813525,2.588768770813525,0.0,0.0,0.0,0.0975358761724239,0.0975358761724239,0.0975358761724239,-0.10518902472990922,-0.10518902472990922,-0.10518902472990922,-1.4190287596398614,-1.4190287596398614,-1.4190287596398614,1.352860847026463,1.352860847026463,1.352860847026463,2.1652435861943875,2.1652435861943875,2.1652435861943875,1.619540963644569,1.619540963644569,1.619540963644569,-8.69400078972172,-8.69400078972172,-8.69400078972172,0.0,0.0,0.0,54.58804100281968
620,2018-04-09 14:00:00,56.56387856445969,42.91006641526216,62.87653383899868,56.56387856445969,56.56387856445969,0.0,0.0,0.0,0.0,0.0,0.0,0.0,0.0,0.0,0.0,0.0,0.0,0.0,0.0,0.0,0.0,0.0,0.0,0.0,0.0,0.0,0.0,0.0,0.0,0.0,0.0,0.0,0.0,0.0,0.0,-3.615194381977525,-3.615194381977525,-3.615194381977525,-0.5297769178289203,-0.5297769178289203,-0.5297769178289203,-0.6641011260525543,-0.6641011260525543,-0.6641011260525543,3.007902286350208,3.007902286350208,3.007902286350208,2.386185259785606,2.386185259785606,2.386185259785606,0.0,0.0,0.0,0.19493577119930056,0.19493577119930056,0.19493577119930056,-0.13483387943746372,-0.13483387943746372,-0.13483387943746372,-1.3424462322861401,-1.3424462322861401,-1.3424462322861401,1.3264426992679883,1.3264426992679883,1.3264426992679883,2.5962454350404767,2.5962454350404767,2.5962454350404767,1.2417197938734716,1.2417197938734716,1.2417197938734716,-8.689565185539289,-8.689565185539289,-8.689565185539289,0.0,0.0,0.0,52.94868418248217
621,2018-04-09 15:00:00,56.56355043519096,42.689647947028696,62.32615436554041,56.56355043519096,56.56355043519096,0.0,0.0,0.0,0.0,0.0,0.0,0.0,0.0,0.0,0.0,0.0,0.0,0.0,0.0,0.0,0.0,0.0,0.0,0.0,0.0,0.0,0.0,0.0,0.0,0.0,0.0,0.0,0.0,0.0,0.0,-3.8264575863193717,-3.8264575863193717,-3.8264575863193717,-0.5595938258132634,-0.5595938258132634,-0.5595938258132634,-0.9282755288645191,-0.9282755288645191,-0.9282755288645191,2.4152080684281123,2.4152080684281123,2.4152080684281123,2.293590271159209,2.293590271159209,2.293590271159209,0.0,0.0,0.0,0.29233566622617724,0.29233566622617724,0.29233566622617724,-0.24070836053587263,-0.24070836053587263,-0.24070836053587263,-1.1315003485573274,-1.1315003485573274,-1.1315003485573274,1.2774675176542012,1.2774675176542012,1.2774675176542012,3.003003746848876,3.003003746848876,3.003003746848876,0.8522988513462441,0.8522988513462441,0.8522988513462441,-8.685075575783095,-8.685075575783095,-8.685075575783095,0.0,0.0,0.0,52.73709284887159
622,2018-04-09 16:00:00,56.563222305922224,44.49221315618245,64.47967432207251,56.563222305922224,56.563222305922224,0.0,0.0,0.0,0.0,0.0,0.0,0.0,0.0,0.0,0.0,0.0,0.0,0.0,0.0,0.0,0.0,0.0,0.0,0.0,0.0,0.0,0.0,0.0,0.0,0.0,0.0,0.0,0.0,0.0,0.0,-2.016789704062542,-2.016789704062542,-2.016789704062542,1.1903279026902012,1.1903279026902012,1.1903279026902012,-1.1924499316764832,-1.1924499316764832,-1.1924499316764832,2.0894321343957736,2.0894321343957736,2.0894321343957736,2.3708380241016727,2.3708380241016727,2.3708380241016727,0.0,0.0,0.0,0.3897355612530539,0.3897355612530539,0.3897355612530539,-0.21435737857360196,-0.21435737857360196,-0.21435737857360196,-0.7985727146722876,-0.7985727146722876,-0.7985727146722876,1.1238358276126112,1.1238358276126112,1.1238358276126112,3.3839822678362146,3.3839822678362146,3.3839822678362146,0.4104027463508084,0.4104027463508084,0.4104027463508084,-8.68053200898473,-8.68053200898473,-8.68053200898473,0.0,0.0,0.0,54.546432601859685
623,2018-04-09 17:00:00,56.5628941766535,48.42104909718923,68.2091709510287,56.5628941766535,56.5628941766535,0.0,0.0,0.0,0.0,0.0,0.0,0.0,0.0,0.0,0.0,0.0,0.0,0.0,0.0,0.0,0.0,0.0,0.0,0.0,0.0,0.0,0.0,0.0,0.0,0.0,0.0,0.0,0.0,0.0,0.0,1.7362437949490794,1.7362437949490794,1.7362437949490794,3.9794428864200424,3.9794428864200424,3.9794428864200424,-1.4566243344884477,-1.4566243344884477,-1.4566243344884477,2.694847746733084,2.694847746733084,2.694847746733084,2.6286715835917516,2.6286715835917516,2.6286715835917516,0.0,0.0,0.0,0.4871354562799306,0.4871354562799306,0.4871354562799306,0.07597397626070157,0.07597397626070157,0.07597397626070157,-0.23222887466123546,-0.23222887466123546,-0.23222887466123546,0.9765038497288111,0.9765038497288111,0.9765038497288111,3.737887697675048,3.737887697675048,3.737887697675048,0.21541609002157242,0.21541609002157242,0.21541609002157242,-8.675934535879096,-8.675934535879096,-8.675934535879096,0.0,0.0,0.0,58.29913797160258
624,2018-04-09 18:00:00,56.74684461804343,51.159737860198106,71.50001197381827,56.74684461804343,56.74684461804343,0.0,0.0,0.0,0.0,0.0,0.0,0.0,0.0,0.0,0.0,0.0,0.0,0.0,0.0,0.0,0.0,0.0,0.0,0.0,0.0,0.0,0.0,0.0,0.0,0.0,0.0,0.0,0.0,0.0,0.0,4.766616814777574,4.766616814777574,4.766616814777574,6.222187119950714,6.222187119950714,6.222187119950714,-1.6833381041851594,-1.6833381041851594,-1.6833381041851594,3.359831790361866,3.359831790361866,3.359831790361866,2.821159489683393,2.821159489683393,2.821159489683393,0.0,0.0,0.0,0.5827248936764908,0.5827248936764908,0.5827248936764908,0.18404154719675647,0.18404154719675647,0.18404154719675647,0.3048102501485393,0.3048102501485393,0.3048102501485393,0.9965327483368163,0.9965327483368163,0.9965327483368163,4.039305297475124,4.039305297475124,4.039305297475124,0.1539009655050296,0.1539009655050296,0.1539009655050296,-8.854707393010129,-8.854707393010129,-8.854707393010129,0.0,0.0,0.0,61.513461432821
625,2018-04-09 19:00:00,56.74654317563116,51.76186761033333,72.36753215653901,56.74654317563116,56.74654317563116,0.0,0.0,0.0,0.0,0.0,0.0,0.0,0.0,0.0,0.0,0.0,0.0,0.0,0.0,0.0,0.0,0.0,0.0,0.0,0.0,0.0,0.0,0.0,0.0,0.0,0.0,0.0,0.0,0.0,0.0,5.4312424481949355,5.4312424481949355,5.4312424481949355,6.530826561361905,6.530826561361905,6.530826561361905,-1.9415837152015067,-1.9415837152015067,-1.9415837152015067,3.4212125567103797,3.4212125567103797,3.4212125567103797,2.8408099937843616,2.8408099937843616,2.8408099937843616,0.0,0.0,0.0,0.679823134865249,0.679823134865249,0.679823134865249,0.13789449105141457,0.13789449105141457,0.13789449105141457,0.45428671743828375,0.45428671743828375,0.45428671743828375,1.1670178425100115,1.1670178425100115,1.1670178425100115,4.329154948821611,4.329154948821611,4.329154948821611,0.082964092262566,0.082964092262566,0.082964092262566,-8.849951618698958,-8.849951618698958,-8.849951618698958,0.0,0.0,0.0,62.1777856238261
626,2018-04-09 20:00:00,56.74624173321889,49.04723507650806,68.1264781844535,56.74624173321889,56.74624173321889,0.0,0.0,0.0,0.0,0.0,0.0,0.0,0.0,0.0,0.0,0.0,0.0,0.0,0.0,0.0,0.0,0.0,0.0,0.0,0.0,0.0,0.0,0.0,0.0,0.0,0.0,0.0,0.0,0.0,0.0,1.6873831511584225,1.6873831511584225,1.6873831511584225,4.674406526650209,4.674406526650209,4.674406526650209,-2.199829326217854,-2.199829326217854,-2.199829326217854,1.268341507084762,1.268341507084762,1.268341507084762,1.9421977521941396,1.9421977521941396,1.9421977521941396,0.0,0.0,0.0,0.776921376054007,0.776921376054007,0.776921376054007,-0.3593174178086906,-0.3593174178086906,-0.3593174178086906,0.4739426443295956,0.4739426443295956,0.4739426443295956,0.6504440698651335,0.6504440698651335,0.6504440698651335,4.589778284026589,4.589778284026589,4.589778284026589,-0.016017591331569263,-0.016017591331569263,-0.016017591331569263,-8.845143166603137,-8.845143166603137,-8.845143166603137,0.0,0.0,0.0,58.43362488437731
627,2018-04-09 21:00:00,56.745940290806615,44.186400016223715,63.518495542756945,56.745940290806615,56.745940290806615,0.0,0.0,0.0,0.0,0.0,0.0,0.0,0.0,0.0,0.0,0.0,0.0,0.0,0.0,0.0,0.0,0.0,0.0,0.0,0.0,0.0,0.0,0.0,0.0,0.0,0.0,0.0,0.0,0.0,0.0,-2.8788302095355456,-2.8788302095355456,-2.8788302095355456,1.5862633822179428,1.5862633822179428,1.5862633822179428,-2.4580749372342012,-2.4580749372342012,-2.4580749372342012,-0.4457467084834563,-0.4457467084834563,-0.4457467084834563,1.275673896877515,1.275673896877515,1.275673896877515,0.0,0.0,0.0,0.874019617242765,0.874019617242765,0.874019617242765,-0.7352801987575053,-0.7352801987575053,-0.7352801987575053,0.4775995609605374,0.4775995609605374,0.4775995609605374,0.16162826289972484,0.16162826289972484,0.16162826289972484,4.820935212911625,4.820935212911625,4.820935212911625,-0.04131291047229272,-0.04131291047229272,-0.04131291047229272,-8.840282096181657,-8.840282096181657,-8.840282096181657,0.0,0.0,0.0,53.86711008127107
628,2018-04-09 22:00:00,56.74563884839434,39.918309352676154,60.136891530710365,56.74563884839434,56.74563884839434,0.0,0.0,0.0,0.0,0.0,0.0,0.0,0.0,0.0,0.0,0.0,0.0,0.0,0.0,0.0,0.0,0.0,0.0,0.0,0.0,0.0,0.0,0.0,0.0,0.0,0.0,0.0,0.0,0.0,0.0,-7.0362971063129915,-7.0362971063129915,-7.0362971063129915,-1.4769713627537933,-1.4769713627537933,-1.4769713627537933,-2.7163205482505477,-2.7163205482505477,-2.7163205482505477,-1.746590972659876,-1.746590972659876,-1.746590972659876,0.01857272912098103,0.01857272912098103,0.01857272912098103,0.0,0.0,0.0,0.9711178584315233,0.9711178584315233,0.9711178584315233,-0.9004142722187777,-0.9004142722187777,-0.9004142722187777,0.45428671743828375,0.45428671743828375,0.45428671743828375,-0.5949239506194315,-0.5949239506194315,-0.5949239506194315,5.0226336981685895,5.0226336981685895,5.0226336981685895,1.0210904934380927,1.0210904934380927,1.0210904934380927,-8.83536846906791,-8.83536846906791,-8.83536846906791,0.0,0.0,0.0,49.70934174208135
629,2018-04-09 23:00:00,56.74533740598208,37.41871547648202,56.715535724747156,56.74533740598208,56.74533740598208,0.0,0.0,0.0,0.0,0.0,0.0,0.0,0.0,0.0,0.0,0.0,0.0,0.0,0.0,0.0,0.0,0.0,0.0,0.0,0.0,0.0,0.0,0.0,0.0,0.0,0.0,0.0,0.0,0.0,0.0,-9.506607163228184,-9.506607163228184,-9.506607163228184,-3.833863245184191,-3.833863245184191,-3.833863245184191,-2.974566159266895,-2.974566159266895,-2.974566159266895,-2.0374647344868957,-2.0374647344868957,-2.0374647344868957,-0.1758079330669748,-0.1758079330669748,-0.1758079330669748,0.0,0.0,0.0,1.0682160996202814,1.0682160996202814,1.0682160996202814,-0.894985206789914,-0.894985206789914,-0.894985206789914,0.5223967896895739,0.5223967896895739,0.5223967896895739,-0.8435644517057427,-0.8435644517057427,-0.8435644517057427,5.195123165509559,5.195123165509559,5.195123165509559,1.2608461270327758,1.2608461270327758,1.2608461270327758,-8.830402349066654,-8.830402349066654,-8.830402349066654,0.0,0.0,0.0,47.238730242753896
630,2018-04-10 00:00:00,56.745035963569805,34.06547186719604,54.93304033994051,56.745035963569805,56.745035963569805,0.0,0.0,0.0,0.0,0.0,0.0,0.0,0.0,0.0,0.0,0.0,0.0,0.0,0.0,0.0,0.0,0.0,0.0,0.0,0.0,0.0,0.0,0.0,0.0,0.0,0.0,0.0,0.0,0.0,0.0,-12.68012234195062,-12.68012234195062,-12.68012234195062,-5.5650329440174735,-5.5650329440174735,-5.5650329440174735,-3.232811770283241,-3.232811770283241,-3.232811770283241,-3.6285911307876777,-3.6285911307876777,-3.6285911307876777,-0.3133614617737523,-0.3133614617737523,-0.3133614617737523,0.0,0.0,0.0,0.0001354465439424073,0.0001354465439424073,0.0001354465439424073,-1.0483563051553149,-1.0483563051553149,-1.0483563051553149,0.6001062680970863,0.6001062680970863,0.6001062680970863,-1.0122777608355675,-1.0122777608355675,-1.0122777608355675,5.338885535009667,5.338885535009667,5.338885535009667,1.3779744526191693,1.3779744526191693,1.3779744526191693,-8.825383802155136,-8.825383802155136,-8.825383802155136,0.0,0.0,0.0,44.06491362161918
631,2018-04-10 01:00:00,56.74473452115753,31.436763127019955,51.91978728593412,56.74473452115753,56.74473452115753,0.0,0.0,0.0,0.0,0.0,0.0,0.0,0.0,0.0,0.0,0.0,0.0,0.0,0.0,0.0,0.0,0.0,0.0,0.0,0.0,0.0,0.0,0.0,0.0,0.0,0.0,0.0,0.0,0.0,0.0,-14.951080516001126,-14.951080516001126,-14.951080516001126,-6.955151566784418,-6.955151566784418,-6.955151566784418,-3.232811770283241,-3.232811770283241,-3.232811770283241,-4.63024005865166,-4.63024005865166,-4.63024005865166,-0.40099208816996185,-0.40099208816996185,-0.40099208816996185,0.0,0.0,0.0,-1.0679452065323967,-1.0679452065323967,-1.0679452065323967,-1.0664531899181942,-1.0664531899181942,-1.0664531899181942,0.6394181218797103,0.6394181218797103,0.6394181218797103,-1.0581473069583789,-1.0581473069583789,-1.0581473069583789,5.454624005921917,5.454624005921917,5.454624005921917,1.556691381330802,1.556691381330802,1.556691381330802,-8.82031289648696,-8.82031289648696,-8.82031289648696,0.0,0.0,0.0,41.793654005156405
632,2018-04-10 02:00:00,56.74443307874526,30.781539789673698,51.07267261890593,56.74443307874526,56.74443307874526,0.0,0.0,0.0,0.0,0.0,0.0,0.0,0.0,0.0,0.0,0.0,0.0,0.0,0.0,0.0,0.0,0.0,0.0,0.0,0.0,0.0,0.0,0.0,0.0,0.0,0.0,0.0,0.0,0.0,0.0,-15.591962136537749,-15.591962136537749,-15.591962136537749,-7.865628718766546,-7.865628718766546,-7.865628718766546,-3.232811770283241,-3.232811770283241,-3.232811770283241,-4.454393466356528,-4.454393466356528,-4.454393466356528,-0.36965750054949903,-0.36965750054949903,-0.36965750054949903,0.0,0.0,0.0,-0.9708469653436385,-0.9708469653436385,-0.9708469653436385,-1.0736919438233457,-1.0736919438233457,-1.0736919438233457,0.646274840562726,0.646274840562726,0.646274840562726,-1.0933861428209675,-1.0933861428209675,-1.0933861428209675,5.543249750974726,5.543249750974726,5.543249750974726,1.639726015901438,1.639726015901438,1.639726015901438,-8.815189702389402,-8.815189702389402,-8.815189702389402,0.0,0.0,0.0,41.152470942207515
633,2018-04-10 03:00:00,56.744131636332995,31.949410893896435,52.40298925754776,56.744131636332995,56.744131636332995,0.0,0.0,0.0,0.0,0.0,0.0,0.0,0.0,0.0,0.0,0.0,0.0,0.0,0.0,0.0,0.0,0.0,0.0,0.0,0.0,0.0,0.0,0.0,0.0,0.0,0.0,0.0,0.0,0.0,0.0,-14.59270816959857,-14.59270816959857,-14.59270816959857,-7.7150414174893935,-7.7150414174893935,-7.7150414174893935,-3.232811770283241,-3.232811770283241,-3.232811770283241,-3.6735191589525646,-3.6735191589525646,-3.6735191589525646,0.03875432792738081,0.03875432792738081,0.03875432792738081,0.0,0.0,0.0,-0.8737487241548804,-0.8737487241548804,-0.8737487241548804,-0.9583243034599911,-0.9583243034599911,-0.9583243034599911,0.646274840562726,0.646274840562726,0.646274840562726,-1.0378702114620288,-1.0378702114620288,-1.0378702114620288,5.60586669921095,5.60586669921095,5.60586669921095,1.7442066819174697,1.7442066819174697,1.7442066819174697,-8.810014292367564,-8.810014292367564,-8.810014292367564,0.0,0.0,0.0,42.15142346673443
634,2018-04-10 04:00:00,56.74383019392072,36.125950010525294,57.02523701180925,56.74383019392072,56.74383019392072,0.0,0.0,0.0,0.0,0.0,0.0,0.0,0.0,0.0,0.0,0.0,0.0,0.0,0.0,0.0,0.0,0.0,0.0,0.0,0.0,0.0,0.0,0.0,0.0,0.0,0.0,0.0,0.0,0.0,0.0,-10.55700955201045,-10.55700955201045,-10.55700955201045,-6.075098990518978,-6.075098990518978,-6.075098990518978,-3.232811770283241,-3.232811770283241,-3.232811770283241,-1.3208784267050802,-1.3208784267050802,-1.3208784267050802,1.238497267497305,1.238497267497305,1.238497267497305,0.0,0.0,0.0,-0.7766504829661223,-0.7766504829661223,-0.7766504829661223,-0.42129924812155173,-0.42129924812155173,-0.42129924812155173,0.6467319551415938,0.6467319551415938,0.6467319551415938,-0.6130355310627733,-0.6130355310627733,-0.6130355310627733,5.64375460631453,5.64375460631453,5.64375460631453,1.8376893830897088,1.8376893830897088,1.8376893830897088,-8.804786741100921,-8.804786741100921,-8.804786741100921,0.0,0.0,0.0,46.18682064191027
635,2018-04-10 05:00:00,56.74352875150845,42.01186353641558,62.74298400220614,56.74352875150845,56.74352875150845,0.0,0.0,0.0,0.0,0.0,0.0,0.0,0.0,0.0,0.0,0.0,0.0,0.0,0.0,0.0,0.0,0.0,0.0,0.0,0.0,0.0,0.0,0.0,0.0,0.0,0.0,0.0,0.0,0.0,0.0,-4.743608753862652,-4.743608753862652,-4.743608753862652,-3.2443870798830963,-3.2443870798830963,-3.2443870798830963,-3.232811770283241,-3.232811770283241,-3.232811770283241,1.641934821952025,1.641934821952025,1.641934821952025,2.77282987148912,2.77282987148912,2.77282987148912,0.0,0.0,0.0,-0.6795522417773641,-0.6795522417773641,-0.6795522417773641,0.11844033993131949,0.11844033993131949,0.11844033993131949,0.6444463822472551,0.6444463822472551,0.6444463822472551,0.08741015608298744,0.08741015608298744,0.08741015608298744,5.658350629518501,5.658350629518501,5.658350629518501,1.9311720842619473,1.9311720842619473,1.9311720842619473,-8.79950712545008,-8.79950712545008,-8.79950712545008,0.0,0.0,0.0,51.9999199976458
636,2018-04-10 06:00:00,56.743227309096184,46.316093486069015,65.69538091674195,56.743227309096184,56.743227309096184,0.0,0.0,0.0,0.0,0.0,0.0,0.0,0.0,0.0,0.0,0.0,0.0,0.0,0.0,0.0,0.0,0.0,0.0,0.0,0.0,0.0,0.0,0.0,0.0,0.0,0.0,0.0,0.0,0.0,0.0,-0.47974064618242734,-0.47974064618242734,-0.47974064618242734,-0.18621774401015992,-0.18621774401015992,-0.18621774401015992,-3.232811770283241,-3.232811770283241,-3.232811770283241,2.849422983552535,2.849422983552535,2.849422983552535,3.1435339758803584,3.1435339758803584,3.1435339758803584,0.0,0.0,0.0,-0.582454000588606,-0.582454000588606,-0.582454000588606,0.4383027781152088,0.4383027781152088,0.4383027781152088,0.5735936225227587,0.5735936225227587,0.5735936225227587,0.3531779125885459,0.3531779125885459,0.3531779125885459,5.65122963872389,5.65122963872389,5.65122963872389,2.1560804653175105,2.1560804653175105,2.1560804653175105,-8.794175524448692,-8.794175524448692,-8.794175524448692,0.0,0.0,0.0,56.263486662913756
637,2018-04-10 07:00:00,56.74292586668391,48.78078315989862,68.43664853465572,56.74292586668391,56.74292586668391,0.0,0.0,0.0,0.0,0.0,0.0,0.0,0.0,0.0,0.0,0.0,0.0,0.0,0.0,0.0,0.0,0.0,0.0,0.0,0.0,0.0,0.0,0.0,0.0,0.0,0.0,0.0,0.0,0.0,0.0,2.1468718960737503,2.1468718960737503,2.1468718960737503,2.133621583707724,2.133621583707724,2.133621583707724,-3.232811770283241,-3.232811770283241,-3.232811770283241,3.177958823798629,3.177958823798629,3.177958823798629,3.2959581563392195,3.2959581563392195,3.2959581563392195,0.0,0.0,0.0,-0.48535575939984793,-0.48535575939984793,-0.48535575939984793,0.5826254340991701,0.5826254340991701,0.5826254340991701,0.05842549213883828,0.05842549213883828,0.05842549213883828,0.5506335124219348,0.5506335124219348,0.5506335124219348,5.624083507879067,5.624083507879067,5.624083507879067,2.4084837584825554,2.4084837584825554,2.4084837584825554,-8.78879201931167,-8.78879201931167,-8.78879201931167,0.0,0.0,0.0,58.88979776275766
638,2018-04-10 08:00:00,56.74262442427164,48.766679495201956,69.4285879362035,56.74262442427164,56.74262442427164,0.0,0.0,0.0,0.0,0.0,0.0,0.0,0.0,0.0,0.0,0.0,0.0,0.0,0.0,0.0,0.0,0.0,0.0,0.0,0.0,0.0,0.0,0.0,0.0,0.0,0.0,0.0,0.0,0.0,0.0,2.769954434159668,2.769954434159668,2.769954434159668,3.3719754810099123,3.3719754810099123,3.3719754810099123,-3.232811770283241,-3.232811770283241,-3.232811770283241,2.6026360070428827,2.6026360070428827,2.6026360070428827,3.2794942204708413,3.2794942204708413,3.2794942204708413,0.0,0.0,0.0,-0.38825751821108995,-0.38825751821108995,-0.38825751821108995,0.5333114231203244,0.5333114231203244,0.5333114231203244,-0.8279196762856705,-0.8279196762856705,-0.8279196762856705,0.648869149826582,0.648869149826582,0.648869149826582,5.578699639539779,5.578699639539779,5.578699639539779,2.5899501784051364,2.5899501784051364,2.5899501784051364,-8.783356693432907,-8.783356693432907,-8.783356693432907,0.0,0.0,0.0,59.512578858431304
639,2018-04-10 09:00:00,56.74232298185937,47.98626731822075,67.62247534189129,56.74232298185937,56.74232298185937,0.0,0.0,0.0,0.0,0.0,0.0,0.0,0.0,0.0,0.0,0.0,0.0,0.0,0.0,0.0,0.0,0.0,0.0,0.0,0.0,0.0,0.0,0.0,0.0,0.0,0.0,0.0,0.0,0.0,0.0,1.7736499986658523,1.7736499986658523,1.7736499986658523,3.816575241749641,3.816575241749641,3.816575241749641,-3.232811770283241,-3.232811770283241,-3.232811770283241,1.2180054077149018,1.2180054077149018,1.2180054077149018,3.1058262517947166,3.1058262517947166,3.1058262517947166,0.0,0.0,0.0,-0.29115927702233185,-0.29115927702233185,-0.29115927702233185,-0.1625137960123796,-0.1625137960123796,-0.1625137960123796,-1.483421982381981,-1.483421982381981,-1.483421982381981,0.7394270520432908,0.7394270520432908,0.7394270520432908,5.516938981583136,5.516938981583136,5.516938981583136,2.5426589295768274,2.5426589295768274,2.5426589295768274,-8.777869632381828,-8.777869632381828,-8.777869632381828,0.0,0.0,0.0,58.51597298052522
640,2018-04-10 10:00:00,56.742021539447094,48.04536200892548,68.58034069748936,56.742021539447094,56.742021539447094,0.0,0.0,0.0,0.0,0.0,0.0,0.0,0.0,0.0,0.0,0.0,0.0,0.0,0.0,0.0,0.0,0.0,0.0,0.0,0.0,0.0,0.0,0.0,0.0,0.0,0.0,0.0,0.0,0.0,0.0,0.9840762659334333,0.9840762659334333,0.9840762659334333,3.8440376947902846,3.8440376947902846,3.8440376947902846,-3.232811770283241,-3.232811770283241,-3.232811770283241,0.4716556973441131,0.4716556973441131,0.4716556973441131,2.9034791690252875,2.9034791690252875,2.9034791690252875,0.0,0.0,0.0,-0.19406103583357376,-0.19406103583357376,-0.19406103583357376,-0.6108641160127111,-0.6108641160127111,-0.6108641160127111,-1.6566684077728469,-1.6566684077728469,-1.6566684077728469,0.8447498296214194,0.8447498296214194,0.8447498296214194,5.440713797708872,5.440713797708872,5.440713797708872,2.417832028599779,2.417832028599779,2.417832028599779,-8.772330923909836,-8.772330923909836,-8.772330923909836,0.0,0.0,0.0,57.726097805380526
641,2018-04-10 11:00:00,56.74172009703483,46.09815368608136,66.9219728090416,56.74172009703483,56.74172009703483,0.0,0.0,0.0,0.0,0.0,0.0,0.0,0.0,0.0,0.0,0.0,0.0,0.0,0.0,0.0,0.0,0.0,0.0,0.0,0.0,0.0,0.0,0.0,0.0,0.0,0.0,0.0,0.0,0.0,0.0,0.20149706481687676,0.20149706481687676,0.20149706481687676,3.455816796273107,3.455816796273107,3.455816796273107,-3.232811770283241,-3.232811770283241,-3.232811770283241,0.16045547342489785,0.16045547342489785,0.16045547342489785,2.7271557268220046,2.7271557268220046,2.7271557268220046,0.0,0.0,0.0,-0.09696279464481568,-0.09696279464481568,-0.09696279464481568,-0.6846089214214437,-0.6846089214214437,-0.6846089214214437,-1.7064938968694283,-1.7064938968694283,-1.7064938968694283,0.846324749659971,0.846324749659971,0.846324749659971,5.351965453064237,5.351965453064237,5.351965453064237,2.307852380161851,2.307852380161851,2.307852380161851,-8.766740657945364,-8.766740657945364,-8.766740657945364,0.0,0.0,0.0,56.943217161851706
642,2018-04-10 12:00:00,56.74141865462256,45.16700155555806,65.25666732587445,56.74141865462256,56.74141865462256,0.0,0.0,0.0,0.0,0.0,0.0,0.0,0.0,0.0,0.0,0.0,0.0,0.0,0.0,0.0,0.0,0.0,0.0,0.0,0.0,0.0,0.0,0.0,0.0,0.0,0.0,0.0,0.0,0.0,0.0,-1.5778052607955528,-1.5778052607955528,-1.5778052607955528,2.412626640031783,2.412626640031783,2.412626640031783,-3.232811770283241,-3.232811770283241,-3.232811770283241,-0.4819754467536044,-0.4819754467536044,-0.4819754467536044,2.5513633793241537,2.5513633793241537,2.5513633793241537,0.0,0.0,0.0,0.0001354465439424073,0.0001354465439424073,0.0001354465439424073,-1.0080907365579088,-1.0080907365579088,-1.0080907365579088,-1.7064938968694283,-1.7064938968694283,-1.7064938968694283,0.6874546907710928,0.6874546907710928,0.6874546907710928,5.2526424725210195,5.2526424725210195,5.2526424725210195,2.2264674403177844,2.2264674403177844,2.2264674403177844,-8.761098926594752,-8.761098926594752,-8.761098926594752,0.0,0.0,0.0,55.163613393827006
643,2018-04-10 13:00:00,56.741117212210284,42.190845586037945,63.22398236443603,56.741117212210284,56.741117212210284,0.0,0.0,0.0,0.0,0.0,0.0,0.0,0.0,0.0,0.0,0.0,0.0,0.0,0.0,0.0,0.0,0.0,0.0,0.0,0.0,0.0,0.0,0.0,0.0,0.0,0.0,0.0,0.0,0.0,0.0,-3.479383016694365,-3.479383016694365,-3.479383016694365,0.8176127933142046,0.8176127933142046,0.8176127933142046,-3.232811770283241,-3.232811770283241,-3.232811770283241,-0.6862691086392674,-0.6862691086392674,-0.6862691086392674,2.3861929259349353,2.3861929259349353,2.3861929259349353,0.0,0.0,0.0,0.09723368773270048,0.09723368773270048,0.09723368773270048,-1.0528805263460348,-1.0528805263460348,-1.0528805263460348,-1.6456976578800213,-1.6456976578800213,-1.6456976578800213,0.5957155985254702,0.5957155985254702,0.5957155985254702,5.14467912277502,5.14467912277502,5.14467912277502,2.165978633676924,2.165978633676924,2.165978633676924,-8.755405824144322,-8.755405824144322,-8.755405824144322,0.0,0.0,0.0,53.26173419551592
644,2018-04-10 14:00:00,56.74081576979801,42.219717104311684,62.20235586155858,56.74081576979801,56.74081576979801,0.0,0.0,0.0,0.0,0.0,0.0,0.0,0.0,0.0,0.0,0.0,0.0,0.0,0.0,0.0,0.0,0.0,0.0,0.0,0.0,0.0,0.0,0.0,0.0,0.0,0.0,0.0,0.0,0.0,0.0,-4.3389119966570115,-4.3389119966570115,-4.3389119966570115,-0.5374069891738916,-0.5374069891738916,-0.5374069891738916,-3.232811770283241,-3.232811770283241,-3.232811770283241,-0.08181831971740855,-0.08181831971740855,-0.08181831971740855,2.838154520257204,2.838154520257204,2.838154520257204,0.0,0.0,0.0,0.1943319289214586,0.1943319289214586,0.1943319289214586,-1.0257351992017159,-1.0257351992017159,-1.0257351992017159,-1.5172484612181922,-1.5172484612181922,-1.5172484612181922,0.5939438134820999,0.5939438134820999,0.5939438134820999,5.029974759292127,5.029974759292127,5.029974759292127,2.0675468483249784,2.0675468483249784,2.0675468483249784,-8.749661447057838,-8.749661447057838,-8.749661447057838,0.0,0.0,0.0,52.401903773141
645,2018-04-10 15:00:00,56.74051432738574,43.639470743123,63.60296411469867,56.74051432738574,56.74051432738574,0.0,0.0,0.0,0.0,0.0,0.0,0.0,0.0,0.0,0.0,0.0,0.0,0.0,0.0,0.0,0.0,0.0,0.0,0.0,0.0,0.0,0.0,0.0,0.0,0.0,0.0,0.0,0.0,0.0,0.0,-3.1969304230924167,-3.1969304230924167,-3.1969304230924167,-0.5713602785285772,-0.5713602785285772,-0.5713602785285772,-3.232811770283241,-3.232811770283241,-3.232811770283241,1.2079215825160696,1.2079215825160696,1.2079215825160696,3.6958724695291942,3.6958724695291942,3.6958724695291942,0.0,0.0,0.0,0.29143017011021666,0.29143017011021666,0.29143017011021666,-0.762877948020896,-0.762877948020896,-0.762877948020896,-1.2626356407888721,-1.2626356407888721,-1.2626356407888721,0.602212143684495,0.602212143684495,0.602212143684495,4.910374166894979,4.910374166894979,4.910374166894979,1.876732158285173,1.876732158285173,1.876732158285173,-8.74386589397489,-8.74386589397489,-8.74386589397489,0.0,0.0,0.0,53.54358390429332
646,2018-04-10 16:00:00,56.740212884973474,44.99682849162624,65.34871438027804,56.740212884973474,56.740212884973474,0.0,0.0,0.0,0.0,0.0,0.0,0.0,0.0,0.0,0.0,0.0,0.0,0.0,0.0,0.0,0.0,0.0,0.0,0.0,0.0,0.0,0.0,0.0,0.0,0.0,0.0,0.0,0.0,0.0,0.0,-1.0309866169749387,-1.0309866169749387,-1.0309866169749387,1.1811232870149637,1.1811232870149637,1.1811232870149637,-3.232811770283241,-3.232811770283241,-3.232811770283241,1.7382602541491292,1.7382602541491292,1.7382602541491292,3.755886171242962,3.755886171242962,3.755886171242962,0.0,0.0,0.0,0.38852841129897475,0.38852841129897475,0.38852841129897475,-0.6443433528240375,-0.6443433528240375,-0.6443433528240375,-0.7543242290879676,-0.7543242290879676,-0.7543242290879676,0.5047639662991237,0.5047639662991237,0.5047639662991237,4.787649107574264,4.787649107574264,4.787649107574264,1.720561057503315,1.720561057503315,1.720561057503315,-8.738019265713296,-8.738019265713296,-8.738019265713296,0.0,0.0,0.0,55.70922626799854
647,2018-04-10 17:00:00,56.7399114425612,48.34042394312585,69.58089374621355,56.7399114425612,56.7399114425612,0.0,0.0,0.0,0.0,0.0,0.0,0.0,0.0,0.0,0.0,0.0,0.0,0.0,0.0,0.0,0.0,0.0,0.0,0.0,0.0,0.0,0.0,0.0,0.0,0.0,0.0,0.0,0.0,0.0,0.0,2.7764518278110115,2.7764518278110115,2.7764518278110115,3.9790872289736026,3.9790872289736026,3.9790872289736026,-3.232811770283241,-3.232811770283241,-3.232811770283241,2.8660049931184766,2.8660049931184766,2.8660049931184766,3.756948360653826,3.756948360653826,3.756948360653826,0.0,0.0,0.0,0.48562665248773285,0.48562665248773285,0.48562665248773285,-0.24983126499327155,-0.24983126499327155,-0.24983126499327155,0.05568280466563196,0.05568280466563196,0.05568280466563196,0.4931489310148066,0.4931489310148066,0.4931489310148066,4.663481270987374,4.663481270987374,4.663481270987374,1.557241279572992,1.557241279572992,1.557241279572992,-8.732121665268442,-8.732121665268442,-8.732121665268442,0.0,0.0,0.0,59.51636327037221
648,2018-04-10 18:00:00,56.50631477191283,52.84099143009289,73.03919544910643,56.50631477191283,56.50631477191283,0.0,0.0,0.0,0.0,0.0,0.0,0.0,0.0,0.0,0.0,0.0,0.0,0.0,0.0,0.0,0.0,0.0,0.0,0.0,0.0,0.0,0.0,0.0,0.0,0.0,0.0,0.0,0.0,0.0,0.0,6.586664481668061,6.586664481668061,6.586664481668061,6.26296900795946,6.26296900795946,6.26296900795946,-3.382751063809527,-3.382751063809527,-3.382751063809527,4.153034250226916,4.153034250226916,4.153034250226916,3.684574785875527,3.684574785875527,3.684574785875527,0.0,0.0,0.0,0.5162435258990569,0.5162435258990569,0.5162435258990569,0.6193210378947895,0.6193210378947895,0.6193210378947895,0.3346575961999746,0.3346575961999746,0.3346575961999746,0.9327457749429954,0.9327457749429954,0.9327457749429954,4.69352626041955,4.69352626041955,4.69352626041955,1.4482425932241,1.4482425932241,1.4482425932241,-8.522865036937866,-8.522865036937866,-8.522865036937866,0.0,0.0,0.0,63.092979253580886
649,2018-04-10 19:00:00,56.50598243522391,52.10143252666368,71.8675037923324,56.50598243522391,56.50598243522391,0.0,0.0,0.0,0.0,0.0,0.0,0.0,0.0,0.0,0.0,0.0,0.0,0.0,0.0,0.0,0.0,0.0,0.0,0.0,0.0,0.0,0.0,0.0,0.0,0.0,0.0,0.0,0.0,0.0,0.0,5.364817966732499,5.364817966732499,5.364817966732499,6.585407159255714,6.585407159255714,6.585407159255714,-3.382751063809527,-3.382751063809527,-3.382751063809527,2.7285747688056947,2.7285747688056947,2.7285747688056947,3.4073749521709376,3.4073749521709376,3.4073749521709376,0.0,0.0,0.0,0.6022641312950706,0.6022641312950706,0.6022641312950706,-0.3289733346798319,-0.3289733346798319,-0.3289733346798319,0.3572869113034628,0.3572869113034628,0.3572869113034628,0.7230740478523191,0.7230740478523191,0.7230740478523191,4.567775389355237,4.567775389355237,4.567775389355237,1.3502991246732639,1.3502991246732639,1.3502991246732639,-8.516939350684146,-8.516939350684146,-8.516939350684146,0.0,0.0,0.0,61.870800401956416
650,2018-04-10 20:00:00,56.505650098535,47.46224361020424,68.04490512368552,56.505650098535,56.505650098535,0.0,0.0,0.0,0.0,0.0,0.0,0.0,0.0,0.0,0.0,0.0,0.0,0.0,0.0,0.0,0.0,0.0,0.0,0.0,0.0,0.0,0.0,0.0,0.0,0.0,0.0,0.0,0.0,0.0,0.0,1.0292553192843745,1.0292553192843745,1.0292553192843745,4.775111858060276,4.775111858060276,4.775111858060276,-3.382751063809527,-3.382751063809527,-3.382751063809527,0.32049047839287975,0.32049047839287975,0.32049047839287975,1.6014693688880743,1.6014693688880743,1.6014693688880743,0.0,0.0,0.0,0.6882847366910845,0.6882847366910845,0.6882847366910845,-0.3764812059974211,-0.3764812059974211,-0.3764812059974211,0.3577306233643155,0.3577306233643155,0.3577306233643155,0.0919558402303338,0.0919558402303338,0.0919558402303338,4.444616284309552,4.444616284309552,4.444616284309552,1.3402821790260198,1.3402821790260198,1.3402821790260198,-8.510963301478334,-8.510963301478334,-8.510963301478334,0.0,0.0,0.0,57.534905417819374
651,2018-04-10 21:00:00,56.505317761846094,42.541785169516615,62.990571815973425,56.505317761846094,56.505317761846094,0.0,0.0,0.0,0.0,0.0,0.0,0.0,0.0,0.0,0.0,0.0,0.0,0.0,0.0,0.0,0.0,0.0,0.0,0.0,0.0,0.0,0.0,0.0,0.0,0.0,0.0,0.0,0.0,0.0,0.0,-3.537534072487077,-3.537534072487077,-3.537534072487077,1.7440065691121986,1.7440065691121986,1.7440065691121986,-3.382751063809527,-3.382751063809527,-3.382751063809527,-1.101883241558339,-1.101883241558339,-1.101883241558339,0.7411232183530888,0.7411232183530888,0.7411232183530888,0.0,0.0,0.0,0.7743053420870982,0.7743053420870982,0.7743053420870982,-0.5818828849293504,-0.5818828849293504,-0.5818828849293504,0.40964493448408257,0.40964493448408257,0.40964493448408257,-0.3753366147300299,-0.3753366147300299,-0.3753366147300299,4.325279601530172,4.325279601530172,4.325279601530172,1.313013826986298,1.313013826986298,1.313013826986298,-8.504937001571111,-8.504937001571111,-8.504937001571111,0.0,0.0,0.0,52.96778368935902
652,2018-04-10 22:00:00,56.50498542515717,40.33064887616681,60.62947891689067,56.50498542515717,56.50498542515717,0.0,0.0,0.0,0.0,0.0,0.0,0.0,0.0,0.0,0.0,0.0,0.0,0.0,0.0,0.0,0.0,0.0,0.0,0.0,0.0,0.0,0.0,0.0,0.0,0.0,0.0,0.0,0.0,0.0,0.0,-6.112174917685775,-6.112174917685775,-6.112174917685775,-1.293846809188669,-1.293846809188669,-1.293846809188669,-3.382751063809527,-3.382751063809527,-3.382751063809527,-0.5303148519319281,-0.5303148519319281,-0.5303148519319281,0.6959499121197483,0.6959499121197483,0.6959499121197483,0.0,0.0,0.0,0.8603259474831119,0.8603259474831119,0.8603259474831119,-0.6438294230199322,-0.6438294230199322,-0.6438294230199322,0.6341632372755537,0.6341632372755537,0.6341632372755537,-0.9421022160433423,-0.9421022160433423,-0.9421022160433423,4.210847308819699,4.210847308819699,4.210847308819699,2.2479287540624595,2.2479287540624595,2.2479287540624595,-8.498860565384875,-8.498860565384875,-8.498860565384875,0.0,0.0,0.0,50.392810507471395
653,2018-04-10 23:00:00,56.50465308846826,36.81971180335586,57.14306107320162,56.50465308846826,56.50465308846826,0.0,0.0,0.0,0.0,0.0,0.0,0.0,0.0,0.0,0.0,0.0,0.0,0.0,0.0,0.0,0.0,0.0,0.0,0.0,0.0,0.0,0.0,0.0,0.0,0.0,0.0,0.0,0.0,0.0,0.0,-9.570691980131917,-9.570691980131917,-9.570691980131917,-3.685632517741236,-3.685632517741236,-3.685632517741236,-3.382751063809527,-3.382751063809527,-3.382751063809527,-1.4945717824187605,-1.4945717824187605,-1.4945717824187605,0.20161020867989687,0.20161020867989687,0.20161020867989687,0.0,0.0,0.0,0.9463465528791257,0.9463465528791257,0.9463465528791257,-0.7518865420952329,-0.7518865420952329,-0.7518865420952329,0.6341632372755537,0.6341632372755537,0.6341632372755537,-1.2731185635265163,-1.2731185635265163,-1.2731185635265163,4.102246429538763,4.102246429538763,4.102246429538763,2.1310643881779394,2.1310643881779394,2.1310643881779394,-8.492734109510682,-8.492734109510682,-8.492734109510682,0.0,0.0,0.0,46.93396110833634
654,2018-04-11 00:00:00,56.504320751779346,33.44591966394002,54.28221087142428,56.504320751779346,56.504320751779346,0.0,0.0,0.0,0.0,0.0,0.0,0.0,0.0,0.0,0.0,0.0,0.0,0.0,0.0,0.0,0.0,0.0,0.0,0.0,0.0,0.0,0.0,0.0,0.0,0.0,0.0,0.0,0.0,0.0,0.0,-12.05350822586034,-12.05350822586034,-12.05350822586034,-5.499809487953534,-5.499809487953534,-5.499809487953534,-2.0305835250506705,-2.0305835250506705,-2.0305835250506705,-2.067385908617326,-2.067385908617326,-2.067385908617326,-0.3091561515720783,-0.3091561515720783,-0.3091561515720783,0.0,0.0,0.0,0.0001198935229743415,0.0001198935229743415,0.0001198935229743415,-0.8939443926037101,-0.8939443926037101,-0.8939443926037101,0.6341632372755537,0.6341632372755537,0.6341632372755537,-1.52169627809139,-1.52169627809139,-1.52169627809139,4.000244923414036,4.000244923414036,4.000244923414036,2.053711307901995,2.053711307901995,2.053711307901995,-8.486557752703515,-8.486557752703515,-8.486557752703515,0.0,0.0,0.0,44.450812525919005
655,2018-04-11 01:00:00,56.503988415090426,31.36536454387768,52.01261127541283,56.503988415090426,56.503988415090426,0.0,0.0,0.0,0.0,0.0,0.0,0.0,0.0,0.0,0.0,0.0,0.0,0.0,0.0,0.0,0.0,0.0,0.0,0.0,0.0,0.0,0.0,0.0,0.0,0.0,0.0,0.0,0.0,0.0,0.0,-15.035749394682773,-15.035749394682773,-15.035749394682773,-6.974907280322504,-6.974907280322504,-6.974907280322504,-2.0305835250506705,-2.0305835250506705,-2.0305835250506705,-3.485960205764219,-3.485960205764219,-3.485960205764219,-0.3620294531861019,-0.3620294531861019,-0.3620294531861019,0.0,0.0,0.0,-0.946106765833177,-0.946106765833177,-0.946106765833177,-0.9917547159046289,-0.9917547159046289,-0.9917547159046289,0.6341632372755537,0.6341632372755537,0.6341632372755537,-1.6586032934735668,-1.6586032934735668,-1.6586032934735668,3.9054497072921013,3.9054497072921013,3.9054497072921013,1.8689543104083726,1.8689543104083726,1.8689543104083726,-8.480331615888149,-8.480331615888149,-8.480331615888149,0.0,0.0,0.0,41.46823902040765
656,2018-04-11 02:00:00,56.50365607840151,29.98358773807888,50.58544455257897,56.50365607840151,56.50365607840151,0.0,0.0,0.0,0.0,0.0,0.0,0.0,0.0,0.0,0.0,0.0,0.0,0.0,0.0,0.0,0.0,0.0,0.0,0.0,0.0,0.0,0.0,0.0,0.0,0.0,0.0,0.0,0.0,0.0,0.0,-16.357174388357212,-16.357174388357212,-16.357174388357212,-7.9280785854563876,-7.9280785854563876,-7.9280785854563876,-2.0305835250506705,-2.0305835250506705,-2.0305835250506705,-3.7733467723053145,-3.7733467723053145,-3.7733467723053145,-0.5437493441702217,-0.5437493441702217,-0.5437493441702217,0.0,0.0,0.0,-0.8600861604371632,-0.8600861604371632,-0.8600861604371632,-0.9689323071344146,-0.9689323071344146,-0.9689323071344146,0.6341632372755537,0.6341632372755537,0.6341632372755537,-1.7284237682921273,-1.7284237682921273,-1.7284237682921273,3.818306791556163,3.818306791556163,3.818306791556163,1.7242650955037286,1.7242650955037286,1.7242650955037286,-8.47405582215167,-8.47405582215167,-8.47405582215167,0.0,0.0,0.0,40.1464816900443
657,2018-04-11 03:00:00,56.5033237417126,30.69519610403678,51.15468970145427,56.5033237417126,56.5033237417126,0.0,0.0,0.0,0.0,0.0,0.0,0.0,0.0,0.0,0.0,0.0,0.0,0.0,0.0,0.0,0.0,0.0,0.0,0.0,0.0,0.0,0.0,0.0,0.0,0.0,0.0,0.0,0.0,0.0,0.0,-16.37032091713919,-16.37032091713919,-16.37032091713919,-7.769388329635835,-7.769388329635835,-7.769388329635835,-2.0305835250506705,-2.0305835250506705,-2.0305835250506705,-3.872305572357664,-3.872305572357664,-3.872305572357664,-0.5904626494796988,-0.5904626494796988,-0.5904626494796988,0.0,0.0,0.0,-0.7740655550411495,-0.7740655550411495,-0.7740655550411495,-0.9717268878001549,-0.9717268878001549,-0.9717268878001549,0.6341632372755537,0.6341632372755537,0.6341632372755537,-1.7147540970174089,-1.7147540970174089,-1.7147540970174089,3.73910348159986,3.73910348159986,3.73910348159986,1.5751239047558647,1.5751239047558647,1.5751239047558647,-8.467730496745547,-8.467730496745547,-8.467730496745547,0.0,0.0,0.0,40.13300282457341
658,2018-04-11 04:00:00,56.50299140502369,32.0574379253161,51.55104644721444,56.50299140502369,56.50299140502369,0.0,0.0,0.0,0.0,0.0,0.0,0.0,0.0,0.0,0.0,0.0,0.0,0.0,0.0,0.0,0.0,0.0,0.0,0.0,0.0,0.0,0.0,0.0,0.0,0.0,0.0,0.0,0.0,0.0,0.0,-14.764453017310563,-14.764453017310563,-14.764453017310563,-6.100527889918588,-6.100527889918588,-6.100527889918588,-2.0305835250506705,-2.0305835250506705,-2.0305835250506705,-3.8705419281589037,-3.8705419281589037,-3.8705419281589037,-0.5329693506372655,-0.5329693506372655,-0.5329693506372655,0.0,0.0,0.0,-0.6880449496451357,-0.6880449496451357,-0.6880449496451357,-0.99874116756898,-0.99874116756898,-0.99874116756898,0.6341632372755537,0.6341632372755537,0.6341632372755537,-1.6369421220690135,-1.6369421220690135,-1.6369421220690135,3.667972567845651,3.667972567845651,3.667972567845651,1.3825759495366077,1.3825759495366077,1.3825759495366077,-8.461355767078725,-8.461355767078725,-8.461355767078725,0.0,0.0,0.0,41.73853838771313
659,2018-04-11 05:00:00,56.50265906833478,33.88201505277672,54.389206942264515,56.50265906833478,56.50265906833478,0.0,0.0,0.0,0.0,0.0,0.0,0.0,0.0,0.0,0.0,0.0,0.0,0.0,0.0,0.0,0.0,0.0,0.0,0.0,0.0,0.0,0.0,0.0,0.0,0.0,0.0,0.0,0.0,0.0,0.0,-12.165284547495581,-12.165284547495581,-12.165284547495581,-3.259577872313808,-3.259577872313808,-3.259577872313808,-2.0305835250506705,-2.0305835250506705,-2.0305835250506705,-4.055673315907716,-4.055673315907716,-4.055673315907716,-0.5627426661092398,-0.5627426661092398,-0.5627426661092398,0.0,0.0,0.0,-0.6020243442491219,-0.6020243442491219,-0.6020243442491219,-1.0234266301163548,-1.0234266301163548,-1.0234266301163548,0.6323883890321429,0.6323883890321429,0.6323883890321429,-1.5608125682005836,-1.5608125682005836,-1.5608125682005836,3.60489840344924,3.60489840344924,3.60489840344924,1.0915280287861124,1.0915280287861124,1.0915280287861124,-8.454931762723298,-8.454931762723298,-8.454931762723298,0.0,0.0,0.0,44.3373745208392
660,2018-04-11 06:00:00,56.50232673164586,36.84797687080194,56.39996158725057,56.50232673164586,56.50232673164586,0.0,0.0,0.0,0.0,0.0,0.0,0.0,0.0,0.0,0.0,0.0,0.0,0.0,0.0,0.0,0.0,0.0,0.0,0.0,0.0,0.0,0.0,0.0,0.0,0.0,0.0,0.0,0.0,0.0,0.0,-9.265278300511456,-9.265278300511456,-9.265278300511456,-0.2255443039693322,-0.2255443039693322,-0.2255443039693322,-2.0305835250506705,-2.0305835250506705,-2.0305835250506705,-4.141000126909015,-4.141000126909015,-4.141000126909015,-0.5278360203834768,-0.5278360203834768,-0.5278360203834768,0.0,0.0,0.0,-0.5160037388531082,-0.5160037388531082,-0.5160037388531082,-0.9642746726915136,-0.9642746726915136,-0.9642746726915136,0.4043203897538501,0.4043203897538501,0.4043203897538501,-1.4228540396434284,-1.4228540396434284,-1.4228540396434284,3.549724745771907,3.549724745771907,3.549724745771907,0.9162314799593321,0.9162314799593321,0.9162314799593321,-8.448458615405018,-8.448458615405018,-8.448458615405018,0.0,0.0,0.0,47.237048431134404
661,2018-04-11 07:00:00,56.501994394956945,39.63449918703411,59.749165572953046,56.501994394956945,56.501994394956945,0.0,0.0,0.0,0.0,0.0,0.0,0.0,0.0,0.0,0.0,0.0,0.0,0.0,0.0,0.0,0.0,0.0,0.0,0.0,0.0,0.0,0.0,0.0,0.0,0.0,0.0,0.0,0.0,0.0,0.0,-6.8232208944369015,-6.8232208944369015,-6.8232208944369015,2.0525111489327656,2.0525111489327656,2.0525111489327656,-2.0305835250506705,-2.0305835250506705,-2.0305835250506705,-3.935959801073653,-3.935959801073653,-3.935959801073653,-0.696209252707746,-0.696209252707746,-0.696209252707746,0.0,0.0,0.0,-0.42998313345709444,-0.42998313345709444,-0.42998313345709444,-0.73698211187795,-0.73698211187795,-0.73698211187795,-0.03806053491630168,-0.03806053491630168,-0.03806053491630168,-0.9749094271026657,-0.9749094271026657,-0.9749094271026657,3.5021642167103484,3.5021642167103484,3.5021642167103484,0.9707681840387749,0.9707681840387749,0.9707681840387749,-8.441936459006362,-8.441936459006362,-8.441936459006362,0.0,0.0,0.0,49.678773500520045
662,2018-04-11 08:00:00,56.50166205826803,41.25403906548898,61.00485644521805,56.50166205826803,56.50166205826803,0.0,0.0,0.0,0.0,0.0,0.0,0.0,0.0,0.0,0.0,0.0,0.0,0.0,0.0,0.0,0.0,0.0,0.0,0.0,0.0,0.0,0.0,0.0,0.0,0.0,0.0,0.0,0.0,0.0,0.0,-5.352861897789701,-5.352861897789701,-5.352861897789701,3.2603638326668936,3.2603638326668936,3.2603638326668936,-2.0305835250506705,-2.0305835250506705,-2.0305835250506705,-3.639669518850255,-3.639669518850255,-3.639669518850255,-0.6063759732664438,-0.6063759732664438,-0.6063759732664438,0.0,0.0,0.0,-0.3439625280610807,-0.3439625280610807,-0.3439625280610807,-0.7276668429921482,-0.7276668429921482,-0.7276668429921482,-0.32913564683567936,-0.32913564683567936,-0.32913564683567936,-0.6506227639393531,-0.6506227639393531,-0.6506227639393531,3.4618092179576316,3.4618092179576316,3.4618092179576316,1.0486777612951215,1.0486777612951215,1.0486777612951215,-8.435365429563973,-8.435365429563973,-8.435365429563973,0.0,0.0,0.0,51.14880016047833
663,2018-04-11 09:00:00,56.50132972157911,40.82051613320203,61.38786836669789,56.50132972157911,56.50132972157911,0.0,0.0,0.0,0.0,0.0,0.0,0.0,0.0,0.0,0.0,0.0,0.0,0.0,0.0,0.0,0.0,0.0,0.0,0.0,0.0,0.0,0.0,0.0,0.0,0.0,0.0,0.0,0.0,0.0,0.0,-4.857673614695848,-4.857673614695848,-4.857673614695848,3.7001722469530747,3.7001722469530747,3.7001722469530747,-2.0305835250506705,-2.0305835250506705,-2.0305835250506705,-3.5572443169507046,-3.5572443169507046,-3.5572443169507046,-0.5612026670331033,-0.5612026670331033,-0.5612026670331033,0.0,0.0,0.0,-0.25794192266506694,-0.25794192266506694,-0.25794192266506694,-0.6582680897929251,-0.6582680897929251,-0.6582680897929251,-0.4533750238744381,-0.4533750238744381,-0.4533750238744381,-0.5032006168073933,-0.5032006168073933,-0.5032006168073933,3.428144120563457,3.428144120563457,3.428144120563457,0.9073275282728925,0.9073275282728925,0.9073275282728925,-8.428745665261674,-8.428745665261674,-8.428745665261674,0.0,0.0,0.0,51.64365610688326
664,2018-04-11 10:00:00,56.5009973848902,41.7065514195265,62.05093919062482,56.5009973848902,56.5009973848902,0.0,0.0,0.0,0.0,0.0,0.0,0.0,0.0,0.0,0.0,0.0,0.0,0.0,0.0,0.0,0.0,0.0,0.0,0.0,0.0,0.0,0.0,0.0,0.0,0.0,0.0,0.0,0.0,0.0,0.0,-5.169486085697948,-5.169486085697948,-5.169486085697948,3.740623385463092,3.740623385463092,3.740623385463092,-2.0305835250506705,-2.0305835250506705,-2.0305835250506705,-3.8885906987458942,-3.8885906987458942,-3.8885906987458942,-0.6007293099872762,-0.6007293099872762,-0.6007293099872762,0.0,0.0,0.0,-0.17192131726905316,-0.17192131726905316,-0.17192131726905316,-0.7411739828765609,-0.7411739828765609,-0.7411739828765609,-0.5265875139151353,-0.5265875139151353,-0.5265875139151353,-0.5067757616023194,-0.5067757616023194,-0.5067757616023194,3.4005585340199875,3.4005585340199875,3.4005585340199875,0.6891807119551214,0.6891807119551214,0.6891807119551214,-8.422077306435135,-8.422077306435135,-8.422077306435135,0.0,0.0,0.0,51.33151129919225
665,2018-04-11 11:00:00,56.500665048201284,40.91597822091621,61.102078388173354,56.500665048201284,56.500665048201284,0.0,0.0,0.0,0.0,0.0,0.0,0.0,0.0,0.0,0.0,0.0,0.0,0.0,0.0,0.0,0.0,0.0,0.0,0.0,0.0,0.0,0.0,0.0,0.0,0.0,0.0,0.0,0.0,0.0,0.0,-5.57445602917678,-5.57445602917678,-5.57445602917678,3.3678080336916167,3.3678080336916167,3.3678080336916167,-2.0305835250506705,-2.0305835250506705,-2.0305835250506705,-3.905265015684088,-3.905265015684088,-3.905265015684088,-0.5083293654190798,-0.5083293654190798,-0.5083293654190798,0.0,0.0,0.0,-0.08590071187303941,-0.08590071187303941,-0.08590071187303941,-0.7938052520813409,-0.7938052520813409,-0.7938052520813409,-0.5012959264465309,-0.5012959264465309,-0.5012959264465309,-0.43968922103870284,-0.43968922103870284,-0.43968922103870284,3.378361448378444,3.378361448378444,3.378361448378444,0.4543389862252762,0.4543389862252762,0.4543389862252762,-8.415360495562753,-8.415360495562753,-8.415360495562753,0.0,0.0,0.0,50.926209019024505
666,2018-04-11 12:00:00,56.50033271151238,39.54583340880815,59.58695914559626,56.50033271151238,56.50033271151238,0.0,0.0,0.0,0.0,0.0,0.0,0.0,0.0,0.0,0.0,0.0,0.0,0.0,0.0,0.0,0.0,0.0,0.0,0.0,0.0,0.0,0.0,0.0,0.0,0.0,0.0,0.0,0.0,0.0,0.0,-6.939302524822604,-6.939302524822604,-6.939302524822604,2.338299791998254,2.338299791998254,2.338299791998254,-2.0305835250506705,-2.0305835250506705,-2.0305835250506705,-4.2298029743253736,-4.2298029743253736,-4.2298029743253736,-0.6027826420887916,-0.6027826420887916,-0.6027826420887916,0.0,0.0,0.0,0.0001198935229743415,0.0001198935229743415,0.0001198935229743415,-0.8944101560480002,-0.8944101560480002,-0.8944101560480002,-0.4480504791442056,-0.4480504791442056,-0.4480504791442056,-0.4613503924432561,-0.4613503924432561,-0.4613503924432561,3.360796034773395,3.360796034773395,3.360796034773395,0.2072543269265764,0.2072543269265764,0.2072543269265764,-8.40859537726888,-8.40859537726888,-8.40859537726888,0.0,0.0,0.0,49.56103018668978
667,2018-04-11 13:00:00,56.50000037482346,36.891421639190305,58.776878450875245,56.50000037482346,56.50000037482346,0.0,0.0,0.0,0.0,0.0,0.0,0.0,0.0,0.0,0.0,0.0,0.0,0.0,0.0,0.0,0.0,0.0,0.0,0.0,0.0,0.0,0.0,0.0,0.0,0.0,0.0,0.0,0.0,0.0,0.0,-8.984779801944581,-8.984779801944581,-8.984779801944581,0.764178390317484,0.764178390317484,0.764178390317484,-2.0305835250506705,-2.0305835250506705,-2.0305835250506705,-4.694230977252693,-4.694230977252693,-4.694230977252693,-0.9420957718642246,-0.9420957718642246,-0.9420957718642246,0.0,0.0,0.0,0.08614049891898809,0.08614049891898809,0.08614049891898809,-0.8380527792888994,-0.8380527792888994,-0.8380527792888994,-0.2754464874725015,-0.2754464874725015,-0.2754464874725015,-0.7027778174182775,-0.7027778174182775,-0.7027778174182775,3.3470548833080023,3.3470548833080023,3.3470548833080023,0.008584904922892106,0.008584904922892106,0.008584904922892106,-8.401782098317375,-8.401782098317375,-8.401782098317375,0.0,0.0,0.0,47.515220572878874
668,2018-04-11 14:00:00,56.499668038134544,36.26443933585499,56.59832710632346,56.499668038134544,56.499668038134544,0.0,0.0,0.0,0.0,0.0,0.0,0.0,0.0,0.0,0.0,0.0,0.0,0.0,0.0,0.0,0.0,0.0,0.0,0.0,0.0,0.0,0.0,0.0,0.0,0.0,0.0,0.0,0.0,0.0,0.0,-9.82621226260652,-9.82621226260652,-9.82621226260652,-0.5561226947899752,-0.5561226947899752,-0.5561226947899752,-2.0305835250506705,-2.0305835250506705,-2.0305835250506705,-4.211464215175714,-4.211464215175714,-4.211464215175714,-0.7644825450831356,-0.7644825450831356,-0.7644825450831356,0.0,0.0,0.0,0.17216110431500187,0.17216110431500187,0.17216110431500187,-0.8287375104030976,-0.8287375104030976,-0.8287375104030976,0.05023816519338757,0.05023816519338757,0.05023816519338757,-0.8264357667957275,-0.8264357667957275,-0.8264357667957275,3.3362954549701596,3.3362954549701596,3.3362954549701596,0.016375862648526786,0.016375862648526786,0.016375862648526786,-8.39492080761099,-8.39492080761099,-8.39492080761099,0.0,0.0,0.0,46.673455775528026
669,2018-04-11 15:00:00,56.49933570144563,37.740221991502246,58.221473095109964,56.49933570144563,56.49933570144563,0.0,0.0,0.0,0.0,0.0,0.0,0.0,0.0,0.0,0.0,0.0,0.0,0.0,0.0,0.0,0.0,0.0,0.0,0.0,0.0,0.0,0.0,0.0,0.0,0.0,0.0,0.0,0.0,0.0,0.0,-8.257293501447064,-8.257293501447064,-8.257293501447064,-0.5507054943994489,-0.5507054943994489,-0.5507054943994489,-2.0305835250506705,-2.0305835250506705,-2.0305835250506705,-2.6462318750856864,-2.6462318750856864,-2.6462318750856864,-0.2270228675114592,-0.2270228675114592,-0.2270228675114592,0.0,0.0,0.0,0.2581817097110156,0.2581817097110156,0.2581817097110156,-0.4309755289793614,-0.4309755289793614,-0.4309755289793614,0.4739831833077255,0.4739831833077255,0.4739831833077255,-0.7757528317617727,-0.7757528317617727,-0.7757528317617727,3.3276555242224464,3.3276555242224464,3.3276555242224464,0.08593798519883641,0.08593798519883641,0.08593798519883641,-8.388011656184377,-8.388011656184377,-8.388011656184377,0.0,0.0,0.0,48.242042199998565
670,2018-04-11 16:00:00,56.49900336475672,41.193026268553325,61.734750337933896,56.49900336475672,56.49900336475672,0.0,0.0,0.0,0.0,0.0,0.0,0.0,0.0,0.0,0.0,0.0,0.0,0.0,0.0,0.0,0.0,0.0,0.0,0.0,0.0,0.0,0.0,0.0,0.0,0.0,0.0,0.0,0.0,0.0,0.0,-5.124699406964995,-5.124699406964995,-5.124699406964995,1.22656189539114,1.22656189539114,1.22656189539114,-2.0305835250506705,-2.0305835250506705,-2.0305835250506705,-1.2904748971932214,-1.2904748971932214,-1.2904748971932214,-0.04376297745120277,-0.04376297745120277,-0.04376297745120277,0.0,0.0,0.0,0.34420231510702937,0.34420231510702937,0.34420231510702937,0.10139208784421046,0.10139208784421046,0.10139208784421046,0.61552733071974,0.61552733071974,0.61552733071974,-0.28806102120682964,-0.28806102120682964,-0.28806102120682964,3.3202683920441185,3.3202683920441185,3.3202683920441185,0.010810892844502014,0.010810892844502014,0.010810892844502014,-8.381054797207032,-8.381054797207032,-8.381054797207032,0.0,0.0,0.0,51.374303957791724
671,2018-04-11 17:00:00,56.4986710280678,44.755693070227444,64.58474644236199,56.4986710280678,56.4986710280678,0.0,0.0,0.0,0.0,0.0,0.0,0.0,0.0,0.0,0.0,0.0,0.0,0.0,0.0,0.0,0.0,0.0,0.0,0.0,0.0,0.0,0.0,0.0,0.0,0.0,0.0,0.0,0.0,0.0,0.0,-1.9750328542454496,-1.9750328542454496,-1.9750328542454496,4.026127946048217,4.026127946048217,4.026127946048217,-2.0305835250506705,-2.0305835250506705,-2.0305835250506705,-0.9403880698872161,-0.9403880698872161,-0.9403880698872161,0.03785697358403749,0.03785697358403749,0.03785697358403749,0.0,0.0,0.0,0.4302229205030431,0.4302229205030431,0.4302229205030431,0.2644092933457417,0.2644092933457417,0.2644092933457417,0.633719525214701,0.633719525214701,0.633719525214701,0.04484804999130524,0.04484804999130524,0.04484804999130524,3.3132776555713637,3.3132776555713637,3.3132776555713637,-0.3208613074753742,-0.3208613074753742,-0.3208613074753742,-8.374050385977814,-8.374050385977814,-8.374050385977814,0.0,0.0,0.0,54.52363817382235
672,2018-04-11 18:00:00,56.43745941779096,44.79465867018917,65.68317653813878,56.43745941779096,56.43745941779096,0.0,0.0,0.0,0.0,0.0,0.0,0.0,0.0,0.0,0.0,0.0,0.0,0.0,0.0,0.0,0.0,0.0,0.0,0.0,0.0,0.0,0.0,0.0,0.0,0.0,0.0,0.0,0.0,0.0,0.0,-0.7355638034286338,-0.7355638034286338,-0.7355638034286338,6.214096383987848,6.214096383987848,6.214096383987848,-2.0257959438617235,-2.0257959438617235,-2.0257959438617235,-1.880024985712235,-1.880024985712235,-1.880024985712235,-0.11521083398699603,-0.11521083398699603,-0.11521083398699603,0.0,0.0,0.0,0.563658445095778,0.563658445095778,0.563658445095778,-0.4492128627260648,-0.4492128627260648,-0.4492128627260648,0.6414425659674676,0.6414425659674676,0.6414425659674676,0.2164957864083854,0.2164957864083854,0.2164957864083854,3.3085772074610578,3.3085772074610578,3.3085772074610578,-0.711402142609082,-0.711402142609082,-0.711402142609082,-8.378212409165304,-8.378212409165304,-8.378212409165304,0.0,0.0,0.0,55.70189561436233
673,2018-04-11 19:00:00,56.43710717680546,46.14930882642098,65.69095904247675,56.43710717680546,56.43710717680546,0.0,0.0,0.0,0.0,0.0,0.0,0.0,0.0,0.0,0.0,0.0,0.0,0.0,0.0,0.0,0.0,0.0,0.0,0.0,0.0,0.0,0.0,0.0,0.0,0.0,0.0,0.0,0.0,0.0,0.0,-0.5479085176499104,-0.5479085176499104,-0.5479085176499104,6.530324115900864,6.530324115900864,6.530324115900864,-2.0257959438617235,-2.0257959438617235,-2.0257959438617235,-2.0065790132085217,-2.0065790132085217,-2.0065790132085217,-0.07788883515075395,-0.07788883515075395,-0.07788883515075395,0.0,0.0,0.0,0.6575797199596587,0.6575797199596587,0.6575797199596587,-0.6154481799432299,-0.6154481799432299,-0.6154481799432299,0.6414425659674676,0.6414425659674676,0.6414425659674676,0.16395728046853558,0.16395728046853558,0.16395728046853558,3.2995646053517382,3.2995646053517382,3.2995646053517382,-0.750425620648476,-0.750425620648476,-0.750425620648476,-8.371218225693992,-8.371218225693992,-8.371218225693992,0.0,0.0,0.0,55.889198659155554
674,2018-04-11 20:00:00,56.436754935819984,43.7010561733367,63.906453543284044,56.436754935819984,56.436754935819984,0.0,0.0,0.0,0.0,0.0,0.0,0.0,0.0,0.0,0.0,0.0,0.0,0.0,0.0,0.0,0.0,0.0,0.0,0.0,0.0,0.0,0.0,0.0,0.0,0.0,0.0,0.0,0.0,0.0,0.0,-2.6784610586049,-2.6784610586049,-2.6784610586049,4.702792264047622,4.702792264047622,4.702792264047622,-2.0257959438617235,-2.0257959438617235,-2.0257959438617235,-2.305660002494947,-2.305660002494947,-2.305660002494947,-0.24967228184907375,-0.24967228184907375,-0.24967228184907375,0.0,0.0,0.0,0.7515009948235394,0.7515009948235394,0.7515009948235394,-0.6455844070410786,-0.6455844070410786,-0.6455844070410786,0.6409932949909877,0.6409932949909877,0.6409932949909877,-0.11029777756496635,-0.11029777756496635,-0.11029777756496635,3.288584352850367,3.288584352850367,3.288584352850367,-0.6668038819926315,-0.6668038819926315,-0.6668038819926315,-8.364177673007942,-8.364177673007942,-8.364177673007942,0.0,0.0,0.0,53.75829387721508
675,2018-04-11 21:00:00,56.43640269483449,39.77911043761427,59.017189339462234,56.43640269483449,56.43640269483449,0.0,0.0,0.0,0.0,0.0,0.0,0.0,0.0,0.0,0.0,0.0,0.0,0.0,0.0,0.0,0.0,0.0,0.0,0.0,0.0,0.0,0.0,0.0,0.0,0.0,0.0,0.0,0.0,0.0,0.0,-7.305246738209853,-7.305246738209853,-7.305246738209853,1.6500854467290362,1.6500854467290362,1.6500854467290362,-2.0257959438617235,-2.0257959438617235,-2.0257959438617235,-3.8731984350390043,-3.8731984350390043,-3.8731984350390043,-0.736392047494313,-0.736392047494313,-0.736392047494313,0.0,0.0,0.0,0.8454222696874203,0.8454222696874203,0.8454222696874203,-0.905144814625775,-0.905144814625775,-0.905144814625775,0.6414425659674676,0.6414425659674676,0.6414425659674676,-0.5715818026893623,-0.5715818026893623,-0.5715818026893623,3.2749571610363852,3.2749571610363852,3.2749571610363852,-1.121148662022719,-1.121148662022719,-1.121148662022719,-8.35709091093627,-8.35709091093627,-8.35709091093627,0.0,0.0,0.0,49.13115595662464
676,2018-04-11 22:00:00,56.436050453849,41.48834931478223,61.051302571602086,56.436050453849,56.436050453849,0.0,0.0,0.0,0.0,0.0,0.0,0.0,0.0,0.0,0.0,0.0,0.0,0.0,0.0,0.0,0.0,0.0,0.0,0.0,0.0,0.0,0.0,0.0,0.0,0.0,0.0,0.0,0.0,0.0,0.0,-5.128975898798253,-5.128975898798253,-5.128975898798253,-1.3946501727789915,-1.3946501727789915,-1.3946501727789915,-2.0257959438617235,-2.0257959438617235,-2.0257959438617235,1.3575579476186834,1.3575579476186834,1.3575579476186834,0.37508775346445833,0.37508775346445833,0.37508775346445833,0.0,0.0,0.0,0.9393435445513009,0.9393435445513009,0.9393435445513009,0.03588317991349909,0.03588317991349909,0.03588317991349909,0.6306600625319464,0.6306600625319464,0.6306600625319464,-0.352502318461417,-0.352502318461417,-0.352502318461417,3.2580744277580274,3.2580744277580274,3.2580744277580274,1.754881669480619,1.754881669480619,1.754881669480619,-8.349958101395973,-8.349958101395973,-8.349958101395973,0.0,0.0,0.0,51.30707455505075
677,2018-04-11 23:00:00,56.435698212863514,37.553346052841064,58.10207540703463,56.435698212863514,56.435698212863514,0.0,0.0,0.0,0.0,0.0,0.0,0.0,0.0,0.0,0.0,0.0,0.0,0.0,0.0,0.0,0.0,0.0,0.0,0.0,0.0,0.0,0.0,0.0,0.0,0.0,0.0,0.0,0.0,0.0,0.0,-8.144658382748727,-8.144658382748727,-8.144658382748727,-3.7633817112046004,-3.7633817112046004,-3.7633817112046004,-2.0257959438617235,-2.0257959438617235,-2.0257959438617235,0.7240962590928164,0.7240962590928164,0.7240962590928164,0.19256784134749355,0.19256784134749355,0.19256784134749355,0.0,0.0,0.0,1.0332648194151817,1.0332648194151817,1.0332648194151817,-0.26936763649696793,-0.26936763649696793,-0.26936763649696793,0.6306600625319464,0.6306600625319464,0.6306600625319464,-0.7387313351003132,-0.7387313351003132,-0.7387313351003132,3.237406477747099,3.237406477747099,3.237406477747099,1.9014984512571995,1.9014984512571995,1.9014984512571995,-8.34277940838404,-8.34277940838404,-8.34277940838404,0.0,0.0,0.0,48.291039830114784
678,2018-04-12 00:00:00,56.43534597187802,36.28818967482197,57.0024466673265,56.43534597187802,56.43534597187802,0.0,0.0,0.0,0.0,0.0,0.0,0.0,0.0,0.0,0.0,0.0,0.0,0.0,0.0,0.0,0.0,0.0,0.0,0.0,0.0,0.0,0.0,0.0,0.0,0.0,0.0,0.0,0.0,0.0,0.0,-9.824956684086114,-9.824956684086114,-9.824956684086114,-5.528564479971203,-5.528564479971203,-5.528564479971203,-0.6755003693806066,-0.6755003693806066,-0.6755003693806066,0.8266535458573725,0.8266535458573725,0.8266535458573725,0.21966463502312136,0.21966463502312136,0.21966463502312136,0.0,0.0,0.0,0.00013079591249359561,0.00013079591249359561,0.00013079591249359561,-0.4628227717379964,-0.4628227717379964,-0.4628227717379964,0.6306600625319464,0.6306600625319464,0.6306600625319464,-0.9703876045339369,-0.9703876045339369,-0.9703876045339369,3.212509248000277,3.212509248000277,3.212509248000277,2.0849087980423513,2.0849087980423513,2.0849087980423513,-8.33555499797256,-8.33555499797256,-8.33555499797256,0.0,0.0,0.0,46.610389287791904
679,2018-04-12 01:00:00,56.434993730892536,34.391730337313746,54.13198099099481,56.434993730892536,56.434993730892536,0.0,0.0,0.0,0.0,0.0,0.0,0.0,0.0,0.0,0.0,0.0,0.0,0.0,0.0,0.0,0.0,0.0,0.0,0.0,0.0,0.0,0.0,0.0,0.0,0.0,0.0,0.0,0.0,0.0,0.0,-12.422251477517372,-12.422251477517372,-12.422251477517372,-6.951521939598929,-6.951521939598929,-6.951521939598929,-0.6755003693806066,-0.6755003693806066,-0.6755003693806066,-0.32547383952591824,-0.32547383952591824,-0.32547383952591824,0.1603584450915586,0.1603584450915586,0.1603584450915586,0.0,0.0,0.0,-1.0330032275901944,-1.0330032275901944,-1.0330032275901944,-0.49247293065684744,-0.49247293065684744,-0.49247293065684744,0.6320078754613865,0.6320078754613865,0.6320078754613865,-1.0697847779336527,-1.0697847779336527,-1.0697847779336527,3.1830293399175154,3.1830293399175154,3.1830293399175154,2.152921145482438,2.152921145482438,2.152921145482438,-8.328285038310035,-8.328285038310035,-8.328285038310035,0.0,0.0,0.0,44.012742253375166
680,2018-04-12 02:00:00,56.434641489907044,32.95439926122096,53.72559626221298,56.434641489907044,56.434641489907044,0.0,0.0,0.0,0.0,0.0,0.0,0.0,0.0,0.0,0.0,0.0,0.0,0.0,0.0,0.0,0.0,0.0,0.0,0.0,0.0,0.0,0.0,0.0,0.0,0.0,0.0,0.0,0.0,0.0,0.0,-13.27158488380327,-13.27158488380327,-13.27158488380327,-7.874131099225073,-7.874131099225073,-7.874131099225073,-0.6755003693806066,-0.6755003693806066,-0.6755003693806066,-0.22519146889042857,-0.22519146889042857,-0.22519146889042857,0.16495978741383502,0.16495978741383502,0.16495978741383502,0.0,0.0,0.0,-0.9390819527263138,-0.9390819527263138,-0.9390819527263138,-0.5114295896377523,-0.5114295896377523,-0.5114295896377523,0.6427903788969078,0.6427903788969078,0.6427903788969078,-1.068770521062227,-1.068770521062227,-1.068770521062227,3.148707383927531,3.148707383927531,3.148707383927531,2.161840797605728,2.161840797605728,2.161840797605728,-8.320969699615302,-8.320969699615302,-8.320969699615302,0.0,0.0,0.0,43.16305660610377
681,2018-04-12 03:00:00,56.43428924892155,34.22162217565739,54.31951235879996,56.43428924892155,56.43428924892155,0.0,0.0,0.0,0.0,0.0,0.0,0.0,0.0,0.0,0.0,0.0,0.0,0.0,0.0,0.0,0.0,0.0,0.0,0.0,0.0,0.0,0.0,0.0,0.0,0.0,0.0,0.0,0.0,0.0,0.0,-12.525327040980873,-12.525327040980873,-12.525327040980873,-7.714375107635354,-7.714375107635354,-7.714375107635354,-0.6755003693806066,-0.6755003693806066,-0.6755003693806066,0.39327753380811414,0.39327753380811414,0.39327753380811414,0.5075041602944131,0.5075041602944131,0.5075041602944131,0.0,0.0,0.0,-0.845160677862433,-0.845160677862433,-0.845160677862433,-0.4385193627881184,-0.4385193627881184,-0.4385193627881184,0.6427903788969078,0.6427903788969078,0.6427903788969078,-0.9446254799997248,-0.9446254799997248,-0.9446254799997248,3.1093796870175363,3.1093796870175363,3.1093796870175363,2.146788884647676,2.146788884647676,2.146788884647676,-8.31360915417117,-8.31360915417117,-8.31360915417117,0.0,0.0,0.0,43.908962207940675
682,2018-04-12 04:00:00,56.433937007936066,37.13837686927581,56.91321006814432,56.433937007936066,56.433937007936066,0.0,0.0,0.0,0.0,0.0,0.0,0.0,0.0,0.0,0.0,0.0,0.0,0.0,0.0,0.0,0.0,0.0,0.0,0.0,0.0,0.0,0.0,0.0,0.0,0.0,0.0,0.0,0.0,0.0,0.0,-9.395441159674807,-9.395441159674807,-9.395441159674807,-6.060834039889065,-6.060834039889065,-6.060834039889065,-0.6755003693806066,-0.6755003693806066,-0.6755003693806066,1.9066182978001947,1.9066182978001947,1.9066182978001947,1.1496470443809894,1.1496470443809894,1.1496470443809894,0.0,0.0,0.0,-0.7512394029985522,-0.7512394029985522,-0.7512394029985522,-0.21298372773325108,-0.21298372773325108,-0.21298372773325108,0.6432396498733879,0.6432396498733879,0.6432396498733879,-0.4050408244012669,-0.4050408244012669,-0.4050408244012669,3.064978158737855,3.064978158737855,3.064978158737855,2.158495928059494,2.158495928059494,2.158495928059494,-8.30620357632379,-8.30620357632379,-8.30620357632379,0.0,0.0,0.0,47.03849584826126
683,2018-04-12 05:00:00,56.433584766950574,43.5187720104107,64.05599301155993,56.433584766950574,56.433584766950574,0.0,0.0,0.0,0.0,0.0,0.0,0.0,0.0,0.0,0.0,0.0,0.0,0.0,0.0,0.0,0.0,0.0,0.0,0.0,0.0,0.0,0.0,0.0,0.0,0.0,0.0,0.0,0.0,0.0,0.0,-2.625405834574287,-2.625405834574287,-2.625405834574287,-3.23071329104972,-3.23071329104972,-3.23071329104972,-0.6755003693806066,-0.6755003693806066,-0.6755003693806066,5.888532062906585,5.888532062906585,5.888532062906585,2.6691125312482704,2.6691125312482704,2.6691125312482704,0.0,0.0,0.0,-0.6573181281346715,-0.6573181281346715,-0.6573181281346715,1.1951557868226774,1.1951557868226774,1.1951557868226774,0.6432396498733879,0.6432396498733879,0.6432396498733879,0.5363924036560426,0.5363924036560426,0.5363924036560426,3.015528536047599,3.015528536047599,3.015528536047599,2.177450188821486,2.177450188821486,2.177450188821486,-8.298753142478748,-8.298753142478748,-8.298753142478748,0.0,0.0,0.0,53.808178932376286
684,2018-04-12 06:00:00,56.43323252596509,48.493250217885176,68.00861876721122,56.43323252596509,56.43323252596509,0.0,0.0,0.0,0.0,0.0,0.0,0.0,0.0,0.0,0.0,0.0,0.0,0.0,0.0,0.0,0.0,0.0,0.0,0.0,0.0,0.0,0.0,0.0,0.0,0.0,0.0,0.0,0.0,0.0,0.0,2.006494780956799,2.006494780956799,2.006494780956799,-0.19232521607825714,-0.19232521607825714,-0.19232521607825714,-0.6755003693806066,-0.6755003693806066,-0.6755003693806066,7.52893107587335,7.52893107587335,7.52893107587335,3.3843656322332385,3.3843656322332385,3.3843656322332385,0.0,0.0,0.0,-0.5633968532707908,-0.5633968532707908,-0.5633968532707908,1.5747750346197706,1.5747750346197706,1.5747750346197706,0.5974140102724222,0.5974140102724222,0.5974140102724222,1.016541606588956,1.016541606588956,1.016541606588956,2.961146952254055,2.961146952254055,2.961146952254055,2.19473201481036,2.19473201481036,2.19473201481036,-8.291258031092347,-8.291258031092347,-8.291258031092347,0.0,0.0,0.0,58.43972730692189
685,2018-04-12 07:00:00,56.432880284979596,50.648660732735905,70.66228557496986,56.432880284979596,56.432880284979596,0.0,0.0,0.0,0.0,0.0,0.0,0.0,0.0,0.0,0.0,0.0,0.0,0.0,0.0,0.0,0.0,0.0,0.0,0.0,0.0,0.0,0.0,0.0,0.0,0.0,0.0,0.0,0.0,0.0,0.0,4.149578212041959,4.149578212041959,4.149578212041959,2.0992428399379923,2.0992428399379923,2.0992428399379923,-0.6755003693806066,-0.6755003693806066,-0.6755003693806066,7.432018875769147,7.432018875769147,7.432018875769147,3.3526674962353344,3.3526674962353344,3.3526674962353344,0.0,0.0,0.0,-0.46947557840691007,-0.46947557840691007,-0.46947557840691007,1.5927595572426805,1.5927595572426805,1.5927595572426805,0.2550695261946189,0.2550695261946189,0.2550695261946189,1.1851110986199027,1.1851110986199027,1.1851110986199027,2.9020349190078716,2.9020349190078716,2.9020349190078716,2.1913871452641263,2.1913871452641263,2.1913871452641263,-8.283718422673052,-8.283718422673052,-8.283718422673052,0.0,0.0,0.0,60.582458497021555
686,2018-04-12 08:00:00,56.432528043994104,50.882257083879495,71.35051061779474,56.432528043994104,56.432528043994104,0.0,0.0,0.0,0.0,0.0,0.0,0.0,0.0,0.0,0.0,0.0,0.0,0.0,0.0,0.0,0.0,0.0,0.0,0.0,0.0,0.0,0.0,0.0,0.0,0.0,0.0,0.0,0.0,0.0,0.0,4.58042320103028,4.58042320103028,4.58042320103028,3.3161923794615205,3.3161923794615205,3.3161923794615205,-0.6755003693806066,-0.6755003693806066,-0.6755003693806066,6.701892508047187,6.701892508047187,6.701892508047187,3.142028269926681,3.142028269926681,3.142028269926681,0.0,0.0,0.0,-0.3755543035430293,-0.3755543035430293,-0.3755543035430293,1.392499467495686,1.392499467495686,1.392499467495686,-0.23508510914512298,-0.23508510914512298,-0.23508510914512298,1.221421494616942,1.221421494616942,1.221421494616942,2.83847281329667,2.83847281329667,2.83847281329667,2.2320830580766375,2.2320830580766375,2.2320830580766375,-8.276134499775099,-8.276134499775099,-8.276134499775099,0.0,0.0,0.0,61.01295124502438
687,2018-04-12 09:00:00,56.432175803008626,50.13990242214062,70.66879152921739,56.432175803008626,56.432175803008626,0.0,0.0,0.0,0.0,0.0,0.0,0.0,0.0,0.0,0.0,0.0,0.0,0.0,0.0,0.0,0.0,0.0,0.0,0.0,0.0,0.0,0.0,0.0,0.0,0.0,0.0,0.0,0.0,0.0,0.0,3.9903482700455006,3.9903482700455006,3.9903482700455006,3.7538230653077775,3.7538230653077775,3.7538230653077775,-0.6755003693806066,-0.6755003693806066,-0.6755003693806066,5.734219668782083,5.734219668782083,5.734219668782083,2.9538844949713776,2.9538844949713776,2.9538844949713776,0.0,0.0,0.0,-0.28163302867914863,-0.28163302867914863,-0.28163302867914863,1.0313508105004998,1.0313508105004998,1.0313508105004998,-0.6731243112131782,-0.6731243112131782,-0.6731243112131782,1.1181701451058084,1.1181701451058084,1.1181701451058084,2.7708119829445432,2.7708119829445432,2.7708119829445432,2.26107192747733,2.26107192747733,2.26107192747733,-8.268506446988903,-8.268506446988903,-8.268506446988903,0.0,0.0,0.0,60.42252407305413
688,2018-04-12 10:00:00,56.431823562023126,48.088635240612454,69.55013117307833,56.431823562023126,56.431823562023126,0.0,0.0,0.0,0.0,0.0,0.0,0.0,0.0,0.0,0.0,0.0,0.0,0.0,0.0,0.0,0.0,0.0,0.0,0.0,0.0,0.0,0.0,0.0,0.0,0.0,0.0,0.0,0.0,0.0,0.0,2.6482971257614727,2.6482971257614727,2.6482971257614727,3.7857888752534237,3.7857888752534237,3.7857888752534237,-0.6755003693806066,-0.6755003693806066,-0.6755003693806066,4.423877097456677,4.423877097456677,4.423877097456677,2.6200315464773216,2.6200315464773216,2.6200315464773216,0.0,0.0,0.0,-0.1877117538152679,-0.1877117538152679,-0.1877117538152679,0.26287701950535913,0.26287701950535913,0.26287701950535913,-0.8685571859820029,-0.8685571859820029,-0.8685571859820029,1.0005163480204304,1.0005163480204304,1.0005163480204304,2.6994656039978033,2.6994656039978033,2.6994656039978033,2.272221492631443,2.272221492631443,2.272221492631443,-8.26083445094643,-8.26083445094643,-8.26083445094643,0.0,0.0,0.0,59.0801206877846
689,2018-04-12 11:00:00,56.43147132103764,48.93962313988883,68.95181122711399,56.43147132103764,56.43147132103764,0.0,0.0,0.0,0.0,0.0,0.0,0.0,0.0,0.0,0.0,0.0,0.0,0.0,0.0,0.0,0.0,0.0,0.0,0.0,0.0,0.0,0.0,0.0,0.0,0.0,0.0,0.0,0.0,0.0,0.0,2.1334877727726638,2.1334877727726638,2.1334877727726638,3.4071395235136723,3.4071395235136723,3.4071395235136723,-0.6755003693806066,-0.6755003693806066,-0.6755003693806066,4.354568507823361,4.354568507823361,4.354568507823361,2.49681782429192,2.49681782429192,2.49681782429192,0.0,0.0,0.0,-0.09379047895138712,-0.09379047895138712,-0.09379047895138712,0.2541277922834031,0.2541277922834031,0.2541277922834031,-0.9022525092180071,-0.9022525092180071,-0.9022525092180071,0.9940251040433061,0.9940251040433061,0.9940251040433061,2.6248984417440027,2.6248984417440027,2.6248984417440027,2.2811411447547325,2.2811411447547325,2.2811411447547325,-8.253118700308372,-8.253118700308372,-8.253118700308372,0.0,0.0,0.0,58.5649590938103
690,2018-04-12 12:00:00,56.43111908005215,47.26354687358774,68.06749705495498,56.43111908005215,56.43111908005215,0.0,0.0,0.0,0.0,0.0,0.0,0.0,0.0,0.0,0.0,0.0,0.0,0.0,0.0,0.0,0.0,0.0,0.0,0.0,0.0,0.0,0.0,0.0,0.0,0.0,0.0,0.0,0.0,0.0,0.0,1.317498941359221,1.317498941359221,1.317498941359221,2.3762095680522664,2.3762095680522664,2.3762095680522664,-0.6755003693806066,-0.6755003693806066,-0.6755003693806066,4.639033076803095,4.639033076803095,4.639033076803095,2.6757589146026697,2.6757589146026697,2.6757589146026697,0.0,0.0,0.0,0.00013079591249359561,0.00013079591249359561,0.00013079591249359561,0.389740814223722,0.389740814223722,0.389740814223722,-0.8865280250412052,-0.8865280250412052,-0.8865280250412052,0.8213985845266566,0.8213985845266566,0.8213985845266566,2.5476156822662466,2.5476156822662466,2.5476156822662466,2.314032361959365,2.314032361959365,2.314032361959365,-8.245359385762388,-8.245359385762388,-8.245359385762388,0.0,0.0,0.0,57.74861802141137
691,2018-04-12 13:00:00,56.43076683906666,46.98149035110098,67.55467899195766,56.43076683906666,56.43076683906666,0.0,0.0,0.0,0.0,0.0,0.0,0.0,0.0,0.0,0.0,0.0,0.0,0.0,0.0,0.0,0.0,0.0,0.0,0.0,0.0,0.0,0.0,0.0,0.0,0.0,0.0,0.0,0.0,0.0,0.0,0.05043082380260772,0.05043082380260772,0.05043082380260772,0.7974460126287397,0.7974460126287397,0.7974460126287397,-0.6755003693806066,-0.6755003693806066,-0.6755003693806066,5.02239049487633,5.02239049487633,5.02239049487633,2.793348773949734,2.793348773949734,2.793348773949734,0.0,0.0,0.0,0.09405207077637433,0.09405207077637433,0.09405207077637433,0.5807656085697627,0.5807656085697627,0.5807656085697627,-0.7858913263096725,-0.7858913263096725,-0.7858913263096725,0.7311297229697717,0.7311297229697717,0.7311297229697717,2.468151016315937,2.468151016315937,2.468151016315937,2.2844860143009664,2.2844860143009664,2.2844860143009664,-8.2375567000184,-8.2375567000184,-8.2375567000184,0.0,0.0,0.0,56.48119766286927
692,2018-04-12 14:00:00,56.43041459808118,45.35472856563482,65.80894973973408,56.43041459808118,56.43041459808118,0.0,0.0,0.0,0.0,0.0,0.0,0.0,0.0,0.0,0.0,0.0,0.0,0.0,0.0,0.0,0.0,0.0,0.0,0.0,0.0,0.0,0.0,0.0,0.0,0.0,0.0,0.0,0.0,0.0,0.0,-0.4136422294188942,-0.4136422294188942,-0.4136422294188942,-0.5387787712674504,-0.5387787712674504,-0.5387787712674504,-0.6755003693806066,-0.6755003693806066,-0.6755003693806066,5.967793212663819,5.967793212663819,5.967793212663819,3.005010520774449,3.005010520774449,3.005010520774449,0.0,0.0,0.0,0.18797334564025506,0.18797334564025506,0.18797334564025506,0.8801836068322589,0.8801836068322589,0.8801836068322589,-0.41793839657250603,-0.41793839657250603,-0.41793839657250603,0.681836839018484,0.681836839018484,0.681836839018484,2.387054166988252,2.387054166988252,2.387054166988252,2.306227666351486,2.306227666351486,2.306227666351486,-8.229710837803516,-8.229710837803516,-8.229710837803516,0.0,0.0,0.0,56.01677236866228
693,2018-04-12 15:00:00,56.430062357095686,47.73579626744661,68.0881223054909,56.430062357095686,56.430062357095686,0.0,0.0,0.0,0.0,0.0,0.0,0.0,0.0,0.0,0.0,0.0,0.0,0.0,0.0,0.0,0.0,0.0,0.0,0.0,0.0,0.0,0.0,0.0,0.0,0.0,0.0,0.0,0.0,0.0,0.0,1.0646786272758089,1.0646786272758089,1.0646786272758089,-0.558949660423104,-0.558949660423104,-0.558949660423104,-0.6755003693806066,-0.6755003693806066,-0.6755003693806066,7.540572221476857,7.540572221476857,7.540572221476857,3.3516449757192732,3.3516449757192732,3.3516449757192732,0.0,0.0,0.0,0.2818946205041358,0.2818946205041358,0.2818946205041358,1.3852084448107227,1.3852084448107227,1.3852084448107227,0.21418586733493375,0.21418586733493375,0.21418586733493375,0.8224128413980822,0.8224128413980822,0.8224128413980822,2.30487806207698,2.30487806207698,2.30487806207698,2.1607258410903167,2.1607258410903167,2.1607258410903167,-8.221821995854924,-8.221821995854924,-8.221821995854924,0.0,0.0,0.0,57.4947409843715
694,2018-04-12 16:00:00,56.42971011611019,49.98476580150164,70.59825343292758,56.42971011611019,56.42971011611019,0.0,0.0,0.0,0.0,0.0,0.0,0.0,0.0,0.0,0.0,0.0,0.0,0.0,0.0,0.0,0.0,0.0,0.0,0.0,0.0,0.0,0.0,0.0,0.0,0.0,0.0,0.0,0.0,0.0,0.0,3.9623407211736734,3.9623407211736734,3.9623407211736734,1.1942043084688276,1.1942043084688276,1.1942043084688276,-0.6755003693806066,-0.6755003693806066,-0.6755003693806066,8.759860928333834,8.759860928333834,8.759860928333834,3.6803853216330222,3.6803853216330222,3.6803853216330222,0.0,0.0,0.0,0.37581589536801646,0.37581589536801646,0.37581589536801646,1.7769793970827554,1.7769793970827554,1.7769793970827554,0.5484434738360959,0.5484434738360959,0.5484434738360959,1.2141188451426772,1.2141188451426772,1.2141188451426772,2.222165857288714,2.222165857288714,2.222165857288714,1.839618364651875,1.839618364651875,1.839618364651875,-8.213890372917705,-8.213890372917705,-8.213890372917705,0.0,0.0,0.0,60.39205083728387
695,2018-04-12 17:00:00,56.42935787512471,52.987048566598276,73.36709213255351,56.42935787512471,56.42935787512471,0.0,0.0,0.0,0.0,0.0,0.0,0.0,0.0,0.0,0.0,0.0,0.0,0.0,0.0,0.0,0.0,0.0,0.0,0.0,0.0,0.0,0.0,0.0,0.0,0.0,0.0,0.0,0.0,0.0,0.0,6.642215718228978,6.642215718228978,6.642215718228978,3.980880705738124,3.980880705738124,3.980880705738124,-0.6755003693806066,-0.6755003693806066,-0.6755003693806066,8.727813163174366,8.727813163174366,8.727813163174366,3.7340676487262465,3.7340676487262465,3.7340676487262465,0.0,0.0,0.0,0.4697371702318972,0.4697371702318972,0.4697371702318972,1.6885149885051995,1.6885149885051995,1.6885149885051995,0.596515468319462,0.596515468319462,0.596515468319462,1.3062133690681283,1.3062133690681283,1.3062133690681283,2.139438019055912,2.139438019055912,2.139438019055912,1.6082648877040386,1.6082648877040386,1.6082648877040386,-8.205916169739425,-8.205916169739425,-8.205916169739425,0.0,0.0,0.0,63.07157359335368
696,2018-04-12 18:00:00,56.63945798383566,53.455623929030466,73.94542040932507,56.63945798383566,56.63945798383566,0.0,0.0,0.0,0.0,0.0,0.0,0.0,0.0,0.0,0.0,0.0,0.0,0.0,0.0,0.0,0.0,0.0,0.0,0.0,0.0,0.0,0.0,0.0,0.0,0.0,0.0,0.0,0.0,0.0,0.0,7.7354317734456375,7.7354317734456375,7.7354317734456375,6.159598672016276,6.159598672016276,6.159598672016276,-0.7274721273131798,-0.7274721273131798,-0.7274721273131798,7.709574125632815,7.709574125632815,7.709574125632815,3.3015074656358134,3.3015074656358134,3.3015074656358134,0.0,0.0,0.0,0.6439766036396133,0.6439766036396133,0.6439766036396133,1.1478595723607792,1.1478595723607792,1.1478595723607792,0.6010818065116943,0.6010818065116943,0.6010818065116943,1.3133189227557427,1.3133189227557427,1.3133189227557427,2.0859651515744435,2.0859651515744435,2.0859651515744435,1.429301882042352,1.429301882042352,1.429301882042352,-8.219706175777898,-8.219706175777898,-8.219706175777898,0.0,0.0,0.0,64.3748897572813
697,2018-04-12 19:00:00,56.639153068159054,53.91695828186891,74.58258077338195,56.639153068159054,56.639153068159054,0.0,0.0,0.0,0.0,0.0,0.0,0.0,0.0,0.0,0.0,0.0,0.0,0.0,0.0,0.0,0.0,0.0,0.0,0.0,0.0,0.0,0.0,0.0,0.0,0.0,0.0,0.0,0.0,0.0,0.0,7.3816229029799825,7.3816229029799825,7.3816229029799825,6.471535851265774,6.471535851265774,6.471535851265774,-0.7274721273131798,-0.7274721273131798,-0.7274721273131798,7.122568727175951,7.122568727175951,7.122568727175951,2.891280977589261,2.891280977589261,2.891280977589261,0.0,0.0,0.0,0.7512811527685821,0.7512811527685821,0.7512811527685821,0.9791097814933174,0.9791097814933174,0.9791097814933174,0.6060147872349604,0.6060147872349604,0.6060147872349604,1.2256564201696674,1.2256564201696674,1.2256564201696674,1.9989986100023291,1.9989986100023291,1.9989986100023291,1.3966977352333414,1.3966977352333414,1.3966977352333414,-8.21148028546407,-8.21148028546407,-8.21148028546407,0.0,0.0,0.0,64.02077597113903
698,2018-04-12 20:00:00,56.63884815248247,50.130066857582534,70.64426273376289,56.63884815248247,56.63884815248247,0.0,0.0,0.0,0.0,0.0,0.0,0.0,0.0,0.0,0.0,0.0,0.0,0.0,0.0,0.0,0.0,0.0,0.0,0.0,0.0,0.0,0.0,0.0,0.0,0.0,0.0,0.0,0.0,0.0,0.0,3.6970589970687175,3.6970589970687175,3.6970589970687175,4.6200990685013625,4.6200990685013625,4.6200990685013625,-0.7274721273131798,-0.7274721273131798,-0.7274721273131798,5.367026237383679,5.367026237383679,5.367026237383679,2.1405873281436665,2.1405873281436665,2.1405873281436665,0.0,0.0,0.0,0.8585857018975508,0.8585857018975508,0.8585857018975508,0.5002880608501067,0.5002880608501067,0.5002880608501067,0.6104993151652023,0.6104993151652023,0.6104993151652023,0.65912725626059,0.65912725626059,0.65912725626059,1.9131455414447336,1.9131455414447336,1.9131455414447336,1.3254107023797423,1.3254107023797423,1.3254107023797423,-8.203211850261058,-8.203211850261058,-8.203211850261058,0.0,0.0,0.0,60.33590714955118
699,2018-04-12 21:00:00,56.638543236805866,45.52996894168391,65.64951625752924,56.638543236805866,56.638543236805866,0.0,0.0,0.0,0.0,0.0,0.0,0.0,0.0,0.0,0.0,0.0,0.0,0.0,0.0,0.0,0.0,0.0,0.0,0.0,0.0,0.0,0.0,0.0,0.0,0.0,0.0,0.0,0.0,0.0,0.0,-1.2668491939687034,-1.2668491939687034,-1.2668491939687034,1.5356496435624407,1.5356496435624407,1.5356496435624407,-0.7274721273131798,-0.7274721273131798,-0.7274721273131798,3.563657536057548,3.563657536057548,3.563657536057548,1.4112379502842498,1.4112379502842498,1.4112379502842498,0.0,0.0,0.0,0.9658902510265196,0.9658902510265196,0.9658902510265196,0.0656295086157357,0.0656295086157357,0.0656295086157357,0.61453539030242,0.61453539030242,0.61453539030242,0.0233692935802662,0.0233692935802662,0.0233692935802662,1.8287447109625137,1.8287447109625137,1.8287447109625137,1.2104672695615366,1.2104672695615366,1.2104672695615366,-8.194901084551207,-8.194901084551207,-8.194901084551207,0.0,0.0,0.0,55.37169404283716
700,2018-04-12 22:00:00,56.638238321129265,40.13992315161349,60.68814705426484,56.638238321129265,56.638238321129265,0.0,0.0,0.0,0.0,0.0,0.0,0.0,0.0,0.0,0.0,0.0,0.0,0.0,0.0,0.0,0.0,0.0,0.0,0.0,0.0,0.0,0.0,0.0,0.0,0.0,0.0,0.0,0.0,0.0,0.0,-5.395883617761957,-5.395883617761957,-5.395883617761957,-1.5193755447059971,-1.5193755447059971,-1.5193755447059971,-0.7274721273131798,-0.7274721273131798,-0.7274721273131798,2.5639820143960885,2.5639820143960885,2.5639820143960885,-1.19380436720934,-1.19380436720934,-1.19380436720934,0.0,0.0,0.0,1.0731948001554885,1.0731948001554885,1.0731948001554885,1.83587524862481,1.83587524862481,1.83587524862481,0.6369580299536296,0.6369580299536296,0.6369580299536296,-0.2353170166211671,-0.2353170166211671,-0.2353170166211671,1.7460581172557532,1.7460581172557532,1.7460581172557532,1.1745474468058472,1.1745474468058472,1.1745474468058472,-8.186548204707801,-8.186548204707801,-8.186548204707801,0.0,0.0,0.0,51.24235470336731
701,2018-04-12 23:00:00,56.63793340545267,39.04549388407893,58.87447797199292,56.63793340545267,56.63793340545267,0.0,0.0,0.0,0.0,0.0,0.0,0.0,0.0,0.0,0.0,0.0,0.0,0.0,0.0,0.0,0.0,0.0,0.0,0.0,0.0,0.0,0.0,0.0,0.0,0.0,0.0,0.0,0.0,0.0,0.0,-7.941436969329574,-7.941436969329574,-7.941436969329574,-3.853534062990099,-3.853534062990099,-3.853534062990099,-0.7274721273131798,-0.7274721273131798,-0.7274721273131798,2.42498845285737,2.42498845285737,2.42498845285737,-1.2489871181394596,-1.2489871181394596,-1.2489871181394596,0.0,0.0,0.0,1.1804993492844575,1.1804993492844575,1.1804993492844575,1.8484268859620594,1.8484268859620594,1.8484268859620594,0.6369580299536296,0.6369580299536296,0.6369580299536296,-0.6025573603988155,-0.6025573603988155,-0.6025573603988155,1.6652620698935021,1.6652620698935021,1.6652620698935021,1.338120793508679,1.338120793508679,1.338120793508679,-8.178153429090347,-8.178153429090347,-8.178153429090347,0.0,0.0,0.0,48.6964964361231
702,2018-04-13 00:00:00,56.63762848977608,35.20375299008596,56.52707330166961,56.63762848977608,56.63762848977608,0.0,0.0,0.0,0.0,0.0,0.0,0.0,0.0,0.0,0.0,0.0,0.0,0.0,0.0,0.0,0.0,0.0,0.0,0.0,0.0,0.0,0.0,0.0,0.0,0.0,0.0,0.0,0.0,0.0,0.0,-10.263583380253925,-10.263583380253925,-10.263583380253925,-5.5440031039864515,-5.5440031039864515,-5.5440031039864515,0.7285357571031658,0.7285357571031658,0.7285357571031658,1.8636971025739943,1.8636971025739943,1.8636971025739943,-1.3244729566759446,-1.3244729566759446,-1.3244729566759446,0.0,0.0,0.0,0.00014930886580025217,0.00014930886580025217,0.00014930886580025217,1.4263199710649375,1.4263199710649375,1.4263199710649375,0.6369580299536296,0.6369580299536296,0.6369580299536296,-0.8739424443393532,-0.8739424443393532,-0.8739424443393532,1.586439599192216,1.586439599192216,1.586439599192216,1.270149436601759,1.270149436601759,1.270149436601759,-8.169716978033685,-8.169716978033685,-8.169716978033685,0.0,0.0,0.0,46.37404510952215
703,2018-04-13 01:00:00,56.637323574099476,34.09344491322338,53.542947873358045,56.637323574099476,56.637323574099476,0.0,0.0,0.0,0.0,0.0,0.0,0.0,0.0,0.0,0.0,0.0,0.0,0.0,0.0,0.0,0.0,0.0,0.0,0.0,0.0,0.0,0.0,0.0,0.0,0.0,0.0,0.0,0.0,0.0,0.0,-13.129649103323592,-13.129649103323592,-13.129649103323592,-6.885198485985817,-6.885198485985817,-6.885198485985817,0.7285357571031658,0.7285357571031658,0.7285357571031658,0.40721411795246176,0.40721411795246176,0.40721411795246176,-1.517091992941458,-1.517091992941458,-1.517091992941458,0.0,0.0,0.0,-1.1802007315528569,-1.1802007315528569,-1.1802007315528569,1.4226009674094562,1.4226009674094562,1.4226009674094562,0.6369580299536296,0.6369580299536296,0.6369580299536296,-0.9786049182213266,-0.9786049182213266,-0.9786049182213266,1.5095743385589584,1.5095743385589584,1.5095743385589584,1.2950170062018516,1.2950170062018516,1.2950170062018516,-8.161239073849195,-8.161239073849195,-8.161239073849195,0.0,0.0,0.0,43.50767447077588
704,2018-04-13 02:00:00,56.637018658422875,32.65407854895022,52.73189900398823,56.637018658422875,56.637018658422875,0.0,0.0,0.0,0.0,0.0,0.0,0.0,0.0,0.0,0.0,0.0,0.0,0.0,0.0,0.0,0.0,0.0,0.0,0.0,0.0,0.0,0.0,0.0,0.0,0.0,0.0,0.0,0.0,0.0,0.0,-14.00496919488957,-14.00496919488957,-14.00496919488957,-7.756935971690325,-7.756935971690325,-7.756935971690325,0.7285357571031658,0.7285357571031658,0.7285357571031658,0.4701407187028697,0.4701407187028697,0.4701407187028697,-1.6435958464888085,-1.6435958464888085,-1.6435958464888085,0.0,0.0,0.0,-1.072896182423888,-1.072896182423888,-1.072896182423888,1.416092711012364,1.416092711012364,1.416092711012364,0.6369580299536296,0.6369580299536296,0.6369580299536296,-0.9910988730291551,-0.9910988730291551,-0.9910988730291551,1.4345459989122735,1.4345459989122735,1.4345459989122735,1.396145122575562,1.396145122575562,1.396145122575562,-8.152719940814391,-8.152719940814391,-8.152719940814391,0.0,0.0,0.0,42.632049463533306
705,2018-04-13 03:00:00,56.63671374274628,33.45705590222364,53.8986438721681,56.63671374274628,56.63671374274628,0.0,0.0,0.0,0.0,0.0,0.0,0.0,0.0,0.0,0.0,0.0,0.0,0.0,0.0,0.0,0.0,0.0,0.0,0.0,0.0,0.0,0.0,0.0,0.0,0.0,0.0,0.0,0.0,0.0,0.0,-13.228685053359092,-13.228685053359092,-13.228685053359092,-7.592457742446924,-7.592457742446924,-7.592457742446924,0.7285357571031658,0.7285357571031658,0.7285357571031658,1.1468049611986084,1.1468049611986084,1.1468049611986084,-1.2901138853420964,-1.2901138853420964,-1.2901138853420964,0.0,0.0,0.0,-0.9655916332949193,-0.9655916332949193,-0.9655916332949193,1.3849460553977087,1.3849460553977087,1.3849460553977087,0.6369580299536296,0.6369580299536296,0.6369580299536296,-0.8684123331949045,-0.8684123331949045,-0.8684123331949045,1.3611275330534498,1.3611275330534498,1.3611275330534498,1.5204829705760248,1.5204829705760248,1.5204829705760248,-8.144159805164225,-8.144159805164225,-8.144159805164225,0.0,0.0,0.0,43.40802868938719
706,2018-04-13 04:00:00,56.63640882706969,36.57191208393085,56.94147671346372,56.63640882706969,56.63640882706969,0.0,0.0,0.0,0.0,0.0,0.0,0.0,0.0,0.0,0.0,0.0,0.0,0.0,0.0,0.0,0.0,0.0,0.0,0.0,0.0,0.0,0.0,0.0,0.0,0.0,0.0,0.0,0.0,0.0,0.0,-9.850416950016871,-9.850416950016871,-9.850416950016871,-5.964763740325977,-5.964763740325977,-5.964763740325977,0.7285357571031658,0.7285357571031658,0.7285357571031658,2.9609216206897675,2.9609216206897675,2.9609216206897675,-0.8309517502443055,-0.8309517502443055,-0.8309517502443055,0.0,0.0,0.0,-0.8582870841659502,-0.8582870841659502,-0.8582870841659502,1.9395424755213497,1.9395424755213497,1.9395424755213497,0.6369580299536296,0.6369580299536296,0.6369580299536296,-0.33506383615251945,-0.33506383615251945,-0.33506383615251945,1.2889840647082462,1.2889840647082462,1.2889840647082462,1.6801880286743978,1.6801880286743978,1.6801880286743978,-8.135558895088908,-8.135558895088908,-8.135558895088908,0.0,0.0,0.0,46.785991877052815
707,2018-04-13 05:00:00,56.636103911393086,41.91809785354325,62.36502777135467,56.636103911393086,56.636103911393086,0.0,0.0,0.0,0.0,0.0,0.0,0.0,0.0,0.0,0.0,0.0,0.0,0.0,0.0,0.0,0.0,0.0,0.0,0.0,0.0,0.0,0.0,0.0,0.0,0.0,0.0,0.0,0.0,0.0,0.0,-4.6187507626152255,-4.6187507626152255,-4.6187507626152255,-3.161516126255553,-3.161516126255553,-3.161516126255553,0.7285357571031658,0.7285357571031658,0.7285357571031658,5.452009172299967,5.452009172299967,5.452009172299967,-0.13856440366827136,-0.13856440366827136,-0.13856440366827136,0.0,0.0,0.0,-0.7509825350369814,-0.7509825350369814,-0.7509825350369814,2.7911943126265557,2.7911943126265557,2.7911943126265557,0.6347157659885087,0.6347157659885087,0.6347157659885087,0.44447701628347036,0.44447701628347036,0.44447701628347036,1.2176736320652546,1.2176736320652546,1.2176736320652546,1.7426332590035192,1.7426332590035192,1.7426332590035192,-8.126917440724895,-8.126917440724895,-8.126917440724895,0.0,0.0,0.0,52.01735314877786
708,2018-04-13 06:00:00,56.63579899571649,46.825034741218104,67.31688334422292,56.63579899571649,56.63579899571649,0.0,0.0,0.0,0.0,0.0,0.0,0.0,0.0,0.0,0.0,0.0,0.0,0.0,0.0,0.0,0.0,0.0,0.0,0.0,0.0,0.0,0.0,0.0,0.0,0.0,0.0,0.0,0.0,0.0,0.0,0.40303987850317646,0.40303987850317646,0.40303987850317646,-0.13288219203752222,-0.13288219203752222,-0.13288219203752222,0.7285357571031658,0.7285357571031658,0.7285357571031658,7.5075079739895,7.5075079739895,7.5075079739895,0.7245771155971906,0.7245771155971906,0.7245771155971906,0.0,0.0,0.0,-0.6436779859080126,-0.6436779859080126,-0.6436779859080126,3.4462038314481904,3.4462038314481904,3.4462038314481904,0.5445767545906461,0.5445767545906461,0.5445767545906461,0.9696327560748204,0.9696327560748204,0.9696327560748204,1.1466497706973797,1.1466497706973797,1.1466497706973797,1.7376597450835005,1.7376597450835005,1.7376597450835005,-8.118235674146183,-8.118235674146183,-8.118235674146183,0.0,0.0,0.0,57.03883887421967
709,2018-04-13 07:00:00,56.6354940800399,49.73059474864002,70.36699693249,56.6354940800399,56.6354940800399,0.0,0.0,0.0,0.0,0.0,0.0,0.0,0.0,0.0,0.0,0.0,0.0,0.0,0.0,0.0,0.0,0.0,0.0,0.0,0.0,0.0,0.0,0.0,0.0,0.0,0.0,0.0,0.0,0.0,0.0,3.2479980598545106,3.2479980598545106,3.2479980598545106,2.161532226505826,2.161532226505826,2.161532226505826,0.7285357571031658,0.7285357571031658,0.7285357571031658,8.120713727949745,8.120713727949745,8.120713727949745,1.0109027100459265,1.0109027100459265,1.0109027100459265,0.0,0.0,0.0,-0.5363734367790439,-0.5363734367790439,-0.5363734367790439,3.6037966113492086,3.6037966113492086,3.6037966113492086,0.2521855335388734,0.2521855335388734,0.2521855335388734,1.2621141899367734,1.2621141899367734,1.2621141899367734,1.075265934761023,1.075265934761023,1.075265934761023,1.7995523627548422,1.7995523627548422,1.7995523627548422,-8.109513829362085,-8.109513829362085,-8.109513829362085,0.0,0.0,0.0,59.88349213989441
710,2018-04-13 08:00:00,56.6351891643633,49.84848908931787,70.07845438550552,56.6351891643633,56.6351891643633,0.0,0.0,0.0,0.0,0.0,0.0,0.0,0.0,0.0,0.0,0.0,0.0,0.0,0.0,0.0,0.0,0.0,0.0,0.0,0.0,0.0,0.0,0.0,0.0,0.0,0.0,0.0,0.0,0.0,0.0,3.287439831620876,3.287439831620876,3.287439831620876,3.377231635981088,3.377231635981088,3.377231635981088,0.7285357571031658,0.7285357571031658,0.7285357571031658,7.008178608770076,7.008178608770076,7.008178608770076,0.5897437902113313,0.5897437902113313,0.5897437902113313,0.0,0.0,0.0,-0.42906888765007506,-0.42906888765007506,-0.42906888765007506,3.108239374256332,3.108239374256332,3.108239374256332,-0.0666644023013267,-0.0666644023013267,-0.0666644023013267,1.3579694497738841,1.3579694497738841,1.3579694497738841,1.0027817291772512,1.0027817291772512,1.0027817291772512,1.7194235273767657,1.7194235273767657,1.7194235273767657,-8.10075214230754,-8.10075214230754,-8.10075214230754,0.0,0.0,0.0,59.92262899598417
711,2018-04-13 09:00:00,56.634884248686696,50.20443252960383,69.62384716250679,56.634884248686696,56.634884248686696,0.0,0.0,0.0,0.0,0.0,0.0,0.0,0.0,0.0,0.0,0.0,0.0,0.0,0.0,0.0,0.0,0.0,0.0,0.0,0.0,0.0,0.0,0.0,0.0,0.0,0.0,0.0,0.0,0.0,0.0,3.5529758805216813,3.5529758805216813,3.5529758805216813,3.7998911564248745,3.7998911564248745,3.7998911564248745,0.7285357571031658,0.7285357571031658,0.7285357571031658,6.916664675122338,6.916664675122338,6.916664675122338,0.9697759428432897,0.9697759428432897,0.9697759428432897,0.0,0.0,0.0,-0.32176433852110625,-0.32176433852110625,-0.32176433852110625,2.6861324593592104,2.6861324593592104,2.6861324593592104,-0.28820008205527725,-0.28820008205527725,-0.28820008205527725,1.405077803967336,1.405077803967336,1.405077803967336,0.9283708998063076,0.9283708998063076,0.9283708998063076,1.7371071324257208,1.7371071324257208,1.7371071324257208,-8.09195085083184,-8.09195085083184,-8.09195085083184,0.0,0.0,0.0,60.187860129208374
712,2018-04-13 10:00:00,56.6345793330101,49.44183652360192,70.07376655248821,56.6345793330101,56.6345793330101,0.0,0.0,0.0,0.0,0.0,0.0,0.0,0.0,0.0,0.0,0.0,0.0,0.0,0.0,0.0,0.0,0.0,0.0,0.0,0.0,0.0,0.0,0.0,0.0,0.0,0.0,0.0,0.0,0.0,0.0,3.1067363860578365,3.1067363860578365,3.1067363860578365,3.8091637156968314,3.8091637156968314,3.8091637156968314,0.7285357571031658,0.7285357571031658,0.7285357571031658,6.529551861838917,6.529551861838917,6.529551861838917,0.7136446838091479,0.7136446838091479,0.7136446838091479,0.0,0.0,0.0,-0.2144597893921374,-0.2144597893921374,-0.2144597893921374,2.5136636648362676,2.5136636648362676,2.5136636648362676,-0.4074885249997121,-0.4074885249997121,-0.4074885249997121,1.3634995609183327,1.3634995609183327,1.3634995609183327,0.8511310032226764,0.8511310032226764,0.8511310032226764,1.8321565095638523,1.8321565095638523,1.8321565095638523,-8.083110194700588,-8.083110194700588,-8.083110194700588,0.0,0.0,0.0,59.74131571906794
713,2018-04-13 11:00:00,56.63427441733351,49.008666984761234,68.88640097835241,56.63427441733351,56.63427441733351,0.0,0.0,0.0,0.0,0.0,0.0,0.0,0.0,0.0,0.0,0.0,0.0,0.0,0.0,0.0,0.0,0.0,0.0,0.0,0.0,0.0,0.0,0.0,0.0,0.0,0.0,0.0,0.0,0.0,0.0,2.360387836593862,2.360387836593862,2.360387836593862,3.4128880653863534,3.4128880653863534,3.4128880653863534,0.7285357571031658,0.7285357571031658,0.7285357571031658,6.251635533764656,6.251635533764656,6.251635533764656,0.5918261581709584,0.5918261581709584,0.5918261581709584,0.0,0.0,0.0,-0.10715524026316858,-0.10715524026316858,-0.10715524026316858,2.347703126710417,2.347703126710417,2.347703126710417,-0.49986980036269557,-0.49986980036269557,-0.49986980036269557,1.2711262229129119,1.2711262229129119,1.2711262229129119,0.7700946530245082,0.7700946530245082,0.7700946530245082,1.9194693094930666,1.9194693094930666,1.9194693094930666,-8.074230415581654,-8.074230415581654,-8.074230415581654,0.0,0.0,0.0,58.99466225392737
714,2018-04-13 12:00:00,56.63396950165691,47.08579580164145,66.80922201843931,56.63396950165691,56.63396950165691,0.0,0.0,0.0,0.0,0.0,0.0,0.0,0.0,0.0,0.0,0.0,0.0,0.0,0.0,0.0,0.0,0.0,0.0,0.0,0.0,0.0,0.0,0.0,0.0,0.0,0.0,0.0,0.0,0.0,0.0,0.31972197315749773,0.31972197315749773,0.31972197315749773,2.3741679040189947,2.3741679040189947,2.3741679040189947,0.7285357571031658,0.7285357571031658,0.7285357571031658,5.326623609813472,5.326623609813472,5.326623609813472,0.016572009323952783,0.016572009323952783,0.016572009323952783,0.0,0.0,0.0,0.00014930886580025217,0.00014930886580025217,0.00014930886580025217,2.156174438453133,2.156174438453133,2.156174438453133,-0.5483027020093083,-0.5483027020093083,-0.5483027020093083,1.0357892708769287,1.0357892708769287,1.0357892708769287,0.6842422163630995,0.6842422163630995,0.6842422163630995,1.9377055271998012,1.9377055271998012,1.9377055271998012,-8.065311757038069,-8.065311757038069,-8.065311757038069,0.0,0.0,0.0,56.953691474814406
715,2018-04-13 13:00:00,56.63366458598031,44.85390885877442,64.5355164703502,56.63366458598031,56.63366458598031,0.0,0.0,0.0,0.0,0.0,0.0,0.0,0.0,0.0,0.0,0.0,0.0,0.0,0.0,0.0,0.0,0.0,0.0,0.0,0.0,0.0,0.0,0.0,0.0,0.0,0.0,0.0,0.0,0.0,0.0,-1.882199853332036,-1.882199853332036,-1.882199853332036,0.7898377415426464,0.7898377415426464,0.7898377415426464,0.7285357571031658,0.7285357571031658,0.7285357571031658,4.7918010570485565,4.7918010570485565,4.7918010570485565,-0.13439966774901702,-0.13439966774901702,-0.13439966774901702,0.0,0.0,0.0,0.10745385799476907,0.10745385799476907,0.10745385799476907,1.9083958199066944,1.9083958199066944,1.9083958199066944,-0.5653439081442275,-0.5653439081442275,-0.5653439081442275,0.851452232728639,0.851452232728639,0.851452232728639,0.5925158126006528,0.5925158126006528,0.5925158126006528,1.8957069652085337,1.8957069652085337,1.8957069652085337,-8.056354464523892,-8.056354464523892,-8.056354464523892,0.0,0.0,0.0,54.75146473264827
716,2018-04-13 14:00:00,56.63335967030371,42.96889308304212,63.00191140232913,56.63335967030371,56.63335967030371,0.0,0.0,0.0,0.0,0.0,0.0,0.0,0.0,0.0,0.0,0.0,0.0,0.0,0.0,0.0,0.0,0.0,0.0,0.0,0.0,0.0,0.0,0.0,0.0,0.0,0.0,0.0,0.0,0.0,0.0,-3.6037012987142796,-3.6037012987142796,-3.6037012987142796,-0.5595686793363447,-0.5595686793363447,-0.5595686793363447,0.7285357571031658,0.7285357571031658,0.7285357571031658,4.5093917204107115,4.5093917204107115,4.5093917204107115,-0.34940415958052234,-0.34940415958052234,-0.34940415958052234,0.0,0.0,0.0,0.21475840712373792,0.21475840712373792,0.21475840712373792,1.797290585699192,1.797290585699192,1.797290585699192,-0.49090074450221166,-0.49090074450221166,-0.49090074450221166,0.742693380221148,0.742693380221148,0.742693380221148,0.4938344455855525,0.4938344455855525,0.4938344455855525,1.8664184943462023,1.8664184943462023,1.8664184943462023,-8.047358785374199,-8.047358785374199,-8.047358785374199,0.0,0.0,0.0,53.029658371589434
717,2018-04-13 15:00:00,56.63305475462712,42.7961047891645,62.76768287709143,56.63305475462712,56.63305475462712,0.0,0.0,0.0,0.0,0.0,0.0,0.0,0.0,0.0,0.0,0.0,0.0,0.0,0.0,0.0,0.0,0.0,0.0,0.0,0.0,0.0,0.0,0.0,0.0,0.0,0.0,0.0,0.0,0.0,0.0,-3.4767994376730478,-3.4767994376730478,-3.4767994376730478,-0.599964337581791,-0.599964337581791,-0.599964337581791,0.7285357571031658,0.7285357571031658,0.7285357571031658,4.774379785425679,4.774379785425679,4.774379785425679,-0.274959505023851,-0.274959505023851,-0.274959505023851,0.0,0.0,0.0,0.3220629562527067,0.3220629562527067,0.3220629562527067,1.8219289849167555,1.8219289849167555,1.8219289849167555,-0.37968445183221233,-0.37968445183221233,-0.37968445183221233,0.6646573674050387,0.6646573674050387,0.6646573674050387,0.3871100832795938,0.3871100832795938,0.3871100832795938,1.8918386766040751,1.8918386766040751,1.8918386766040751,-8.03832496879653,-8.03832496879653,-8.03832496879653,0.0,0.0,0.0,53.15625531695407
718,2018-04-13 16:00:00,56.63274983895052,44.837705921572905,65.04664042472183,56.63274983895052,56.63274983895052,0.0,0.0,0.0,0.0,0.0,0.0,0.0,0.0,0.0,0.0,0.0,0.0,0.0,0.0,0.0,0.0,0.0,0.0,0.0,0.0,0.0,0.0,0.0,0.0,0.0,0.0,0.0,0.0,0.0,0.0,-1.8296364900584958,-1.8296364900584958,-1.8296364900584958,1.1372682359813504,1.1372682359813504,1.1372682359813504,0.7285357571031658,0.7285357571031658,0.7285357571031658,4.791084057121626,4.791084057121626,4.791084057121626,-0.13439966774901702,-0.13439966774901702,-0.13439966774901702,0.0,0.0,0.0,0.42936750538167556,0.42936750538167556,0.42936750538167556,1.6224974138915733,1.6224974138915733,1.6224974138915733,-0.26084446168080155,-0.26084446168080155,-0.26084446168080155,0.5339828892510289,0.5339828892510289,0.5339828892510289,0.2712644827042179,0.2712644827042179,0.2712644827042179,1.8719446209240007,1.8719446209240007,1.8719446209240007,-8.02925326586569,-8.02925326586569,-8.02925326586569,0.0,0.0,0.0,54.80311334889202
719,2018-04-13 17:00:00,56.63244492327392,48.04896522064232,68.22720896799179,56.63244492327392,56.63244492327392,0.0,0.0,0.0,0.0,0.0,0.0,0.0,0.0,0.0,0.0,0.0,0.0,0.0,0.0,0.0,0.0,0.0,0.0,0.0,0.0,0.0,0.0,0.0,0.0,0.0,0.0,0.0,0.0,0.0,0.0,1.579337612547287,1.579337612547287,1.579337612547287,3.9213360703034588,3.9213360703034588,3.9213360703034588,0.7285357571031658,0.7285357571031658,0.7285357571031658,5.53289892704285,5.53289892704285,5.53289892704285,0.057178184536682594,0.057178184536682594,0.057178184536682594,0.0,0.0,0.0,0.5366720545106444,0.5366720545106444,0.5366720545106444,1.742900157237779,1.742900157237779,1.742900157237779,0.042758079196576,0.042758079196576,0.042758079196576,0.49875403307157795,0.49875403307157795,0.49875403307157795,0.14524654471699402,0.14524654471699402,0.14524654471699402,1.9261006613864247,1.9261006613864247,1.9261006613864247,-8.020143929516017,-8.020143929516017,-8.020143929516017,0.0,0.0,0.0,58.21178253582121
